time	gene_0	gene_1	gene_2	gene_3	gene_4	gene_5	gene_6	gene_7	gene_8	gene_9	gene_10	gene_11	gene_12	gene_13	gene_14	gene_15	gene_16	gene_17	gene_18	gene_19	gene_20	gene_21	gene_22	gene_23	gene_24	gene_25	gene_26	gene_27	gene_28	gene_29	gene_30	gene_31	gene_32	gene_33	gene_34	gene_35	gene_36	gene_37	gene_38	gene_39	gene_40	gene_41	gene_42	gene_43	gene_44	gene_45	gene_46	gene_47	gene_48	gene_49
0	0.4497057375841782	0.8618528864808378	0.36349284989964636	0.4571115684938735	0.6983158992670969	0.7283427325109535	0.2836904491160878	0.3420301795532903	0.6626490670688175	0.6559680518433716	0.5248324543023964	0.4195912303076272	0.7366104438619255	0.65785033521723	0.1803741144717575	0.5015114417881892	0.64585719834528	0.7894427611639349	0.2930224436937559	0.5822800078765574	0.18988770178317685	0.7762739976153884	0.9150677174772939	0.2583184594284357	0.8285724863265139	0.8347913698924193	0.5079159779527316	0.5234867411378284	0.536612645696776	0.33238064951279656	0.4132628102300602	0.26853591258852694	0.7759289461776512	0.26129744473038197	0.5638601965089487	0.18550909436856858	0.13528309522679346	0.5964437469996846	0.5421413840889547	0.34937135275797626	0.3794677488775351	0.7835014431544539	0.576289165911981	0.4651276081543613	0.2374001649661487	0.3189326690345485	0.685496440109265	0.9014548010685227	0.2844356132817267	0.6009063403499115
1	0.44773860442276986	0.8637610485120651	0.36246154634489464	0.47115995958494433	0.7045674744555382	0.7168363761465858	0.29768308709232916	0.34285571875641574	0.6556157636182014	0.6633951035426037	0.5188194365252136	0.3769369228142802	0.7357550804932321	0.6732533173824579	0.17940841933005605	0.5047943568099993	0.6357425242044829	0.7923809515052466	0.29329810685249624	0.5880532416959481	0.1892227078334421	0.7892186885886091	0.9170525035861988	0.25734488787210474	0.8224578451260262	0.841403703485339	0.469791699784274	0.5415854179214797	0.5006930003926695	0.337382899623636	0.40067951596401585	0.2779448429083909	0.7954447892416613	0.2635068203527622	0.5513894974295891	0.18817547252604447	0.13140725101224046	0.6134500005423723	0.4858201215074073	0.3584410154749738	0.37149877700048134	0.8008239737881566	0.586393335430292	0.47435049733861945	0.24167668355103109	0.33617132488592205	0.7110991270740888	0.8934053148459473	0.27911656772561855	0.5876232669796227
2	0.44769507604954994	0.8637046810073479	0.362428197040468	0.47113533752067865	0.7045633213744066	0.7168329146808948	0.2976624596622801	0.34280734369854066	0.6555606672988248	0.6634062688987965	0.5188419391538818	0.3769703712506414	0.7357400667899356	0.6732406161058132	0.17946732511519448	0.5047891628340666	0.6356786528771188	0.7923941803084247	0.29333881741412354	0.5880543708158266	0.18920828561146283	0.789220567401555	0.9170809189547477	0.2573982980392823	0.8224561750477829	0.8414086913490735	0.4698052262419929	0.541571618901786	0.5006486426243322	0.33731249108885586	0.40074696331802173	0.2779104249976571	0.7954355109378088	0.263496137915774	0.5513839249226722	0.18811865703542152	0.131418001691148	0.6134200145706848	0.48584968388678806	0.3583971517438015	0.3715034608326752	0.8009000783349406	0.5863918901035798	0.4743677071635529	0.24160936324735086	0.33625401908127434	0.7110916258262827	0.8934076100779768	0.27913544911956933	0.5876793823500064
3	0.4482101698733389	0.8629245903074552	0.36278277670893516	0.46525118958660894	0.7022018591592395	0.7205286329704746	0.2919629387303852	0.34238158786876066	0.657727625235694	0.6606168042741055	0.5219430778990418	0.3926535617701748	0.7359766791251962	0.6675262932954737	0.17989527187427082	0.5035412748601406	0.6394536928687911	0.7920669682577097	0.2932778343223039	0.5861901421445089	0.18938316352377646	0.7849969268546739	0.9163655484985623	0.25788891193715424	0.8244298488318087	0.8394776671857505	0.4831429105095031	0.5355378320675729	0.5124365145397222	0.3353404811165889	0.4055669499463157	0.27428984785501276	0.788617746003216	0.26264727669632865	0.5552720380058305	0.18704611701506027	0.13288523433377725	0.607715559079318	0.5060760021049843	0.3552415692384642	0.37415262326031373	0.7955210868143391	0.5829648214787579	0.47089329975684746	0.239913739608161	0.32976205681263154	0.7023327836041217	0.8962592654470551	0.2809517156815229	0.5922737936645637
4	0.4484978229951787	0.8625327906912525	0.36290389295635683	0.46300589052765767	0.7011760563965014	0.722512737902766	0.2897010506950448	0.3421880472319935	0.6588679277480719	0.6594210064819823	0.5228326344159636	0.39970426655169217	0.7361061273533371	0.6649830016120755	0.18013648289315548	0.5029981061270021	0.6410159513385972	0.7914892938203615	0.2932903960559128	0.5852009218606803	0.18948067661380755	0.7828004778038101	0.9160827153193675	0.2581134271450354	0.8254833577992593	0.8383262741691566	0.4895537982718274	0.5324385329067195	0.5185160405129873	0.33442481761093323	0.40771617446497427	0.272704960175843	0.7853652892216222	0.2622715519038078	0.5574295451127599	0.18653111582279333	0.1335327022946516	0.6047867309190107	0.5155008663855278	0.35364673970901045	0.37551522576375274	0.7926726621251766	0.581254149941747	0.46941210077342616	0.23912114696204678	0.32705975443139335	0.6980334903578881	0.8976227342125745	0.281878443933942	0.5946006855328464
5	0.44846262185739433	0.862166514220663	0.3627643431627814	0.4627508915492582	0.7009350010128985	0.7233674843491642	0.2893342313570599	0.3419470166850625	0.6591296160542638	0.659219964876455	0.5226131770154187	0.4015960501235029	0.7361059448205545	0.6643154117146826	0.18048164160720384	0.5028558217411319	0.6410358763068654	0.7909303731002417	0.2934950951566156	0.5847877342752443	0.18946985083814322	0.7819374378537696	0.9161644108912395	0.258384491876833	0.8259328909163639	0.8377492142193413	0.4917058965963459	0.5311698259276505	0.5207582986042709	0.3338809422030768	0.4085143131250554	0.27219714344295876	0.784333677521751	0.26213817673704576	0.5584073216350891	0.18614106716799542	0.1337260573840426	0.603527802880448	0.5184195228155035	0.3528708549486419	0.37606854487614205	0.7918111008346667	0.5806250778145711	0.46917972332083663	0.23862007943720936	0.3268859349279526	0.6965467071830992	0.8980930459772171	0.28230882872688356	0.5957063203948503
6	0.4484420822210644	0.861943916444292	0.3626718178470248	0.46268366755217666	0.7008110983283906	0.7238929420079779	0.2891848112589506	0.3418024194846793	0.6592883172272123	0.6591265559039918	0.5224022239317374	0.40261552387099997	0.7361060745815452	0.6639586199803925	0.18069502877992927	0.5027808773520056	0.6410031501519329	0.7905468378785304	0.2936253408121813	0.5845350989558626	0.18946355094557937	0.7814155568671337	0.9162247168155891	0.25854725307481274	0.8262086869401158	0.8373833520341595	0.4929532983683743	0.5304044647061829	0.5221113193537618	0.333560863064649	0.4089609821080333	0.2719195091652179	0.7837451597153047	0.2620640527833576	0.5590148967745281	0.18590753938140597	0.13383058916635424	0.6027681349275507	0.5200713857517084	0.3524038492313184	0.37640243298581577	0.7912888023276808	0.5802515444611294	0.4690746153126718	0.23832384222130318	0.3268535592806959	0.6956772766735282	0.8983673781827012	0.28256836013173975	0.5963719685450005
7	0.44847236262418533	0.8618174362806497	0.36262416326949587	0.462715698404217	0.7007269547863179	0.7243451026606212	0.2891325595682188	0.34173370633258876	0.6594814234576362	0.6590559101903611	0.5221445158605413	0.40334730124927004	0.7361225591805054	0.6637058052466933	0.18081392192621684	0.5027313280436202	0.6410122046470496	0.79017704253309	0.2936955670367098	0.5843192576415162	0.18947401956638332	0.7809743684391576	0.9162522842437993	0.2586255291403106	0.8264454679483374	0.8370578716325588	0.4939499907563563	0.5297765591132576	0.5232959385934789	0.33337331141516047	0.40923785632608545	0.27174342762589193	0.7832858461361722	0.26201781533949425	0.5595439439001374	0.18577337403039504	0.1338978962882017	0.6021626950291725	0.521349250579045	0.35205927851667984	0.37667785089754274	0.7907631404837034	0.5799436359407818	0.46899285137167007	0.23815126359721783	0.3267901469475971	0.6949753691533321	0.8985888921577123	0.2827657042367609	0.5968700163014704
8	0.44850070767962186	0.8617484723670575	0.3626103092786073	0.46263699104483913	0.7006466723698191	0.7246284565571559	0.2890158415824485	0.34169825251073155	0.6596184233082792	0.6589734661502348	0.5220663389649569	0.40396815296263294	0.7361362817249368	0.6634871021008288	0.180872968868778	0.5026868449057779	0.6410860311424311	0.7899877254888495	0.2937245733901299	0.5841818614665061	0.18948369842398402	0.7806851343509126	0.916250735477716	0.2586662108680024	0.8265944216750069	0.8368642165611104	0.4946607581644403	0.5293686157899637	0.5240791443828149	0.3332563123963927	0.40944681345662126	0.2716011993766604	0.782943977569205	0.2619822219258092	0.5598693231226923	0.18569601655593404	0.13395440203416564	0.6017725535002408	0.5223095838119548	0.3518425701380315	0.3768570749842855	0.7904033549176419	0.5797351676846791	0.468893175319804	0.23804592001208477	0.3266433141070746	0.6944817060775399	0.8987432754822258	0.2828910644304162	0.5971846688106089
9	0.448501248364111	0.861714419493771	0.3626191408206224	0.46238961572581844	0.7005625000174185	0.7247086621910335	0.28879159041718483	0.34167361417087955	0.6596573304283538	0.6588759123063999	0.5222343530159784	0.4045125050606984	0.7361379612892215	0.6632882072981656	0.1808946600141656	0.5026422717584114	0.641211578878511	0.7900317343352175	0.29372690521541905	0.5841383782888172	0.18948398347328693	0.7805763885925562	0.9162285342147809	0.258694057039841	0.8266379009021751	0.8368338393872804	0.4950571424975524	0.5292114629445307	0.5243642913440623	0.33317939920103895	0.4096250827489462	0.2714711242211919	0.782725277769814	0.26195120146859074	0.5599469582043927	0.18565230705163394	0.13400794445136188	0.601618255512245	0.5229437700043618	0.3517506811064373	0.37692580204244447	0.7902859360110756	0.57964121996302	0.468772670378812	0.23797926967569002	0.3264256452635933	0.6942210840725648	0.8988226403091376	0.2829428099954074	0.5973163527834912
10	0.44848807662674073	0.8616998535854374	0.3626387428110367	0.46207379339908405	0.7004815126976793	0.724683447659194	0.2885278462195037	0.3416559297661957	0.6596454154131202	0.6587767641219217	0.5225140458387981	0.4049859002159888	0.7361336058222093	0.6631112082996234	0.18089640258068343	0.5026003706190179	0.6413552371725847	0.79018857680781	0.29371579763809985	0.5841440509102974	0.18947962889694683	0.7805637252245137	0.9161973822775402	0.2587137421102072	0.8266265368245929	0.836886215837576	0.4952737198443095	0.5291881061895831	0.5243855772566357	0.33312715300028983	0.4097771920593837	0.2713550465132628	0.7825809493799386	0.26192435183924645	0.5598972028437117	0.18562802861794636	0.1340567520533285	0.6015902414465231	0.5233778848263659	0.3517262638641197	0.37693560791029873	0.7902956713438448	0.5796097081010723	0.4686491301229977	0.23793596385259463	0.32618599877409354	0.6940918450182889	0.8988600859552642	0.2829549027442997	0.5973493290353379
11	0.44847809818275824	0.8616948092698284	0.362661217474897	0.4617792678007487	0.7004088685278432	0.724645158990182	0.2882845878406967	0.34164537627289093	0.6596320818675555	0.6586855007036329	0.5227824329411549	0.4054018767634489	0.7361301379758678	0.6629550053437343	0.18088953734106772	0.5025632228042494	0.6414941445835748	0.7903464208524238	0.29369995287953027	0.5841564235616653	0.18947631814208832	0.7805663838225236	0.9161651192675463	0.2587254428184314	0.826608197132158	0.8369455989607012	0.49544220377640535	0.5291881377298518	0.5243696386690636	0.33308987776135396	0.40990507189518194	0.27125494214654905	0.782461921909098	0.2619015908309015	0.5598335660175753	0.18561408397883317	0.1340993399947692	0.6015864470496135	0.5237392743279604	0.3517181793447123	0.3769352862592935	0.7903161666688353	0.5795905543618551	0.4685349797998176	0.23790629512606845	0.32595779372648936	0.6939948581334334	0.8988876139399435	0.2829582067688217	0.5973593970886273
12	0.4484756117020673	0.8616941616612421	0.3626831258662684	0.4615326096808839	0.7003454553877743	0.7246244701344919	0.2880789433564566	0.34164045959098666	0.6596322234409038	0.6586047436942984	0.5230013973734409	0.40577018597779424	0.7361294091590401	0.6628172786849555	0.18087959935901773	0.5025310015543327	0.6416200888305872	0.7904695892186202	0.2936833691918192	0.5841613292890997	0.18947550274013372	0.7805571917481567	0.91613492911614	0.25873094255803025	0.8265988002154123	0.8369871976059661	0.49560913744055113	0.5291738884875866	0.5243914563586686	0.333061829760924	0.4100126916407994	0.2711694486639011	0.7823501372750961	0.2618823426325914	0.5597935431208169	0.185605578474966	0.13413595967640454	0.6015714835980022	0.5240754186134349	0.35170778982280676	0.3769414397461758	0.7903107210270394	0.5795666245119521	0.4684337788513196	0.23788469322804823	0.32575242916111424	0.6938954455433259	0.8989163537830693	0.282963741129663	0.5973739006062185
13	0.4484768217387544	0.8616957564467246	0.36270357086568566	0.4613226832116054	0.7002900888498166	0.7246129881090657	0.2879029038579284	0.3416385705408528	0.6596386403057711	0.6585336067026795	0.523184631601758	0.40609441853274325	0.7361300172015537	0.6626963314483725	0.18086865393086807	0.5025029882468389	0.6417327399654039	0.7905695558232462	0.29366730744263614	0.584162566968675	0.18947591749694637	0.7805432141161935	0.9161074016718771	0.2587331041389151	0.8265940129623578	0.8370182241904114	0.49576512322882405	0.5291541296333901	0.5244291232342455	0.333039924249713	0.4101043473725683	0.2710958957381534	0.7822484663313766	0.26186589437614916	0.5597666254668049	0.1856002615119606	0.1341676131068563	0.6015525199032447	0.5243795333653348	0.35169716574882803	0.3769501162835311	0.7902936130575183	0.5795420100442692	0.46834452760173384	0.23786830411012072	0.3255696037536859	0.6938010339934436	0.8989438717799949	0.28296986825374565	0.5973892996790547
14	0.44847716851328107	0.8616986236840122	0.362722454905912	0.4611328331555142	0.7002413653297183	0.7245960829259931	0.28774488922376945	0.3416375216874601	0.6596412479654065	0.6584705796803664	0.5233536760959103	0.4063763811720206	0.7361302214852926	0.6625908638131907	0.18085748491896236	0.5024784172067024	0.6418336930128227	0.7906650701445029	0.29365210084989085	0.5841668121953831	0.18947603848568317	0.7805370212752409	0.9160823841962732	0.258734297038202	0.8265862663625814	0.8370509335548888	0.4958914101852313	0.5291453032819486	0.5244456406486988	0.3330223977869458	0.4101834413753374	0.2710319096196891	0.7821633948869908	0.2618516620947523	0.5597346744290784	0.1855970117868098	0.1341952523259283	0.6015439744012796	0.5246353875411718	0.3516922626687073	0.3769539861587228	0.7902863680932954	0.579524266224488	0.4682653817714208	0.2378555563220952	0.325406338378594	0.6937260431144257	0.8989654965991108	0.2829726696380024	0.5973963744160022
15	0.4484745734797337	0.8617021053527206	0.3627397095522711	0.4609547524064372	0.7001983389627081	0.7245676270552404	0.28759891809778587	0.3416361718674023	0.6596356677250766	0.658414646347865	0.5235186763738479	0.4066190035054393	0.7361292370848594	0.6624995225485056	0.18084662506088411	0.5024567721880004	0.6419240179770178	0.7907645515381757	0.29363797711005474	0.5841768331603481	0.18947517163808975	0.7805437231664099	0.9160597764994425	0.25873576415079613	0.8265723981054178	0.8370905982562431	0.4959813020498524	0.5291540065292752	0.5244257676412105	0.3330080568444409	0.41025227128740244	0.2709758884818316	0.7820969258465029	0.2618392515306916	0.5596900081327683	0.18559506945128756	0.13421951959669065	0.6015515369243498	0.5248383348869414	0.35169526778197485	0.37695010074286084	0.7902981346853444	0.5795163501888833	0.4681951002154506	0.23784538598750243	0.32526063098618463	0.693675802285012	0.8989794864381988	0.28297065573950664	0.5973916776141454
16	0.44846902127945276	0.8617056855671007	0.3627552345801309	0.4607871492106363	0.7001604004490073	0.7245288837894104	0.28746366472021323	0.3416341787782837	0.6596223727531146	0.65836517882849	0.5236800767039399	0.40682658339269795	0.7361270779446022	0.6624207626736526	0.18083651410935792	0.5024377156075163	0.6420042894317541	0.7908675585908272	0.29362515030549674	0.5841919969448564	0.1894733132320659	0.7805619180434463	0.9160395639898244	0.25873789192258057	0.8265530777476707	0.8371364519936487	0.49603878737557194	0.5291782066375604	0.5243731561131179	0.3329960226523447	0.41031241556576786	0.27092675444768166	0.7820470296617442	0.26182839353822995	0.5596340186700732	0.1855938552266958	0.13424084236099604	0.6015732027311564	0.524994179221417	0.3517049746927893	0.3769393483845359	0.7903274375999393	0.579517185105808	0.4681329215986006	0.23783700263056481	0.3251313422837621	0.6936476046576942	0.8989866803751212	0.2829645033807261	0.5973769347567596
17	0.4484611696196253	0.8617090388021189	0.36276901671915057	0.4606306188877799	0.7001270232461803	0.7244831177494722	0.2873390532792796	0.34163154330716977	0.659603293842678	0.658321599609704	0.523835705400626	0.407003812938389	0.7361240137297502	0.662352979041587	0.1808274056884423	0.5024209622725083	0.6420751546855392	0.7909712607790723	0.293613717248781	0.5842107496441773	0.18947068441120546	0.7805884353661684	0.9160216693508376	0.25874069409378864	0.8265300125059933	0.8371860966089176	0.49607075776600756	0.529213570386771	0.5242966898347075	0.33298567953593056	0.41036510996927655	0.27088363618553585	0.7820105746062779	0.26181887535007103	0.5595705541447448	0.1855929859188669	0.1342595721342111	0.6016049629753544	0.5251115705694018	0.3517193723982697	0.3769236440916201	0.7903697159276724	0.5795246000847776	0.46807813792757746	0.23782986068284254	0.32501728879253755	0.6936365581796726	0.8989886166448077	0.2829554260169023	0.5973551255887896
18	0.4484515685445346	0.8617120266761764	0.3627811608154744	0.4604850113506387	0.7000976694853988	0.7244326629108657	0.28722454051932744	0.3416283387428996	0.6595799357686795	0.6582832623476941	0.5239844962677886	0.40715499101434055	0.736120265665942	0.6622946734034896	0.18081935494705254	0.5024062314403668	0.642137517792701	0.7910738859110962	0.2936036345324529	0.5842319686308739	0.18946746981753568	0.7806209359812986	0.916005908821961	0.25874410018725863	0.8265044262733235	0.8372378807561012	0.49608263919306184	0.5292569261351372	0.5242029801067647	0.3329766305811854	0.4104114095661877	0.2708457407780811	0.7819850081914209	0.2618105116338608	0.5595023286485759	0.18559225959828604	0.13427603912837083	0.6016439096499274	0.5251976184758442	0.35173704478809176	0.3769043916693189	0.7904214894305152	0.5795369537537647	0.4680299452922676	0.2378236248193215	0.32491694199178284	0.6936388548875824	0.898986485442725	0.28294428903380314	0.5973283615449186
19	0.44844055113667747	0.8617146286866763	0.362791839363302	0.460349344323558	0.7000718133600032	0.7243787128268232	0.28711907929579006	0.3416246347833968	0.6595531712820228	0.6582495018354816	0.5241266688716341	0.4072837998118574	0.7361159662121678	0.6622445282589249	0.1808122952561598	0.5023932549385722	0.6421924058889997	0.7911749204526899	0.2935947756090908	0.5842550612236763	0.1894637811603728	0.7806581120499111	0.9159920407300598	0.2587480389264081	0.8264769502110642	0.8372910580279556	0.4960779920977806	0.529306511073812	0.5240957446636046	0.3329686249498833	0.4104522231757964	0.2708123506166831	0.7819685335785542	0.26180314015092615	0.5594306721262906	0.18559159090750338	0.13429054909115454	0.6016884368324996	0.5252574164708433	0.35175722710197144	0.3768823722318624	0.7904807661647456	0.5795532660036213	0.4679875101716238	0.23781809847614083	0.32482861924625056	0.6936520599634592	0.8989810385776715	0.2829315643449507	0.5972977883441285
20	0.44842836123739943	0.8617168725812681	0.3628012356155271	0.46022247663047167	0.700048982110945	0.7243220027206847	0.2870215694688776	0.341620502323231	0.6595236091417475	0.6582197065528039	0.5242628112957909	0.4073933868585316	0.736111211158866	0.6622014054024705	0.18080611821853096	0.5023817941896477	0.6422408000113908	0.7912742805196081	0.2935869928651784	0.5842796513304925	0.18945970013821006	0.7806990915467461	0.9159798227754424	0.2587524356834526	0.8264479762400666	0.8373452267290405	0.4960594749173662	0.5293611585534118	0.5239774809604832	0.33296149232143574	0.41048831857334644	0.2707828437330853	0.781959752500249	0.2617966226624355	0.5593563694728673	0.18559094818963495	0.13430337007103194	0.6017374905960672	0.5252949651452528	0.3517794322728668	0.3768581034705713	0.7905461789408393	0.5795728497536428	0.4679500640257689	0.23781315774005524	0.32475073229102247	0.6936743847002128	0.8989728238312205	0.2829175565062084	0.5972641404803931
21	0.44841524501572344	0.8617187966990725	0.36280951496846303	0.4601035146849919	0.7000287720739163	0.724263261471531	0.2869311227882594	0.34161602327186313	0.659491848330274	0.6581933500960104	0.524393305929997	0.4074864839137223	0.7361060966031808	0.6621643209827455	0.18080071590928926	0.5023716463039811	0.6422835559260167	0.7913717806963617	0.29358014954082423	0.5843053710976068	0.1894553091837051	0.7807430389522553	0.915969040103742	0.2587572034331566	0.8264178915119265	0.837399963454988	0.49602951645189364	0.5294197552612788	0.5238505938892077	0.33295510479356766	0.4105203356462175	0.27075669652306944	0.7819574072466762	0.26179084356514404	0.5592802138652149	0.18559031871970744	0.13431472877887388	0.6017900704187287	0.5253138468873224	0.3518032064035356	0.37683207981222117	0.7906163959906686	0.5795950609342855	0.46791694463004563	0.23780871357199584	0.3246819014404799	0.6937041837054657	0.8989623464010684	0.28290255166484096	0.5972281052942509
22	0.44840146276911863	0.8617204382172275	0.3628168196167634	0.45999185154750244	0.7000108435011866	0.7242032878391306	0.28684708233527295	0.341611287360777	0.6594585175963105	0.6581699879852735	0.5245182575772224	0.40756547477021376	0.7361007239795277	0.6621324235104729	0.18079599234788138	0.5023626408025367	0.6423213998652042	0.7914670575518559	0.29357412694550283	0.584331825219292	0.1894506954435986	0.780789084686574	0.9159595091849847	0.2587622466227885	0.8263871181256209	0.8374547646849767	0.49599045458371555	0.5294811434817215	0.5237175914487529	0.3329493606007985	0.41054880769151986	0.2707334708591304	0.78196032149435	0.26178570638382265	0.5592030981125141	0.18558969658534377	0.1343248153123674	0.6018451376370735	0.5253173869145389	0.35182808091347334	0.37680481551120865	0.7906900247430972	0.5796192518239766	0.4678875926427571	0.23780469665850337	0.32462095784469197	0.6937398546126109	0.8989501008311966	0.2828868459321267	0.5971903932951729
23	0.4483872666793048	0.8617218318989891	0.36282327197151687	0.45988705932358837	0.6999949086827303	0.7241428682541725	0.28676894558513083	0.3416063832115302	0.659424223633776	0.6581492428656694	0.5246376263216825	0.40763242825080903	0.7360951914658738	0.6621049780433751	0.1807918628180498	0.5023546335101798	0.6423549507962062	0.7915596808475094	0.29356882217345454	0.5843586281573975	0.18944594333686782	0.7808363939562526	0.9159510727921464	0.25876747076588213	0.8263560706789577	0.8375091170871958	0.4959444431020509	0.5295442121504904	0.5235808846589137	0.3329441774994453	0.4105741827980176	0.2707127974493394	0.7819674293187876	0.2617811299717424	0.5591259118342787	0.18558907998679613	0.1343337901760962	0.60190169645387	0.5253085847848921	0.35185360795712	0.376776804149624	0.7907657249475337	0.5796448113243317	0.4678615330823973	0.23780105206476457	0.32456690663991616	0.6937799117106613	0.8989365470626485	0.28287072268338825	0.5971516840679421
24	0.4483728816701943	0.8617230103493208	0.36282897845125717	0.4597887934338717	0.6999807216187766	0.7240827022305417	0.2866962962658041	0.3416013914227	0.6593895052973006	0.658130791250362	0.5247513464420274	0.40768912526328716	0.7360895865416438	0.6620813529181941	0.18078825186576467	0.5023475013209672	0.6423847414508603	0.7916492533614712	0.2935641451332182	0.5843854379094406	0.18944112814810257	0.7808842292592456	0.9159435949065398	0.25877278982532664	0.8263251177433971	0.8375625609389566	0.4958933657068231	0.5296079800256734	0.5234426066122381	0.33293948862384654	0.41059684099840815	0.27069436204932407	0.7819778024094529	0.26177704542989827	0.5590494483516375	0.18558847020193128	0.13434179018578324	0.6019588683637087	0.5252900494326925	0.3518793937446597	0.3767484816844718	0.79084230938866	0.5796712017364735	0.4678383586697715	0.2377977361235545	0.3245188927307259	0.693823053569827	0.8989220884099911	0.2828544314356315	0.5971125756524553
25	0.44835849866300787	0.8617240035928291	0.36283403178262874	0.4596967461510428	0.6999680707513583	0.7240233767027545	0.28662876941366	0.34159638162247336	0.6593548182293701	0.6581143543656077	0.5248593787139109	0.4077370903074433	0.7360839833948455	0.6620610069303733	0.18078509252238922	0.5023411384813717	0.6424112323719748	0.7917354508895773	0.29356001689838024	0.5844119673178632	0.18943631377272097	0.7809319701467711	0.9159369574577589	0.2587781293936528	0.8262945686874388	0.8376147132741346	0.49583881829335397	0.5296716218000033	0.5233045544466772	0.332935238850852	0.41061710698404025	0.27067789545905335	0.7819906520673632	0.2617733938397122	0.5589743718329317	0.1855878702701312	0.13434893271361698	0.6020159152222868	0.5252639987974135	0.35190510841780676	0.3767202148268366	0.7909187768536218	0.5796979692683963	0.4678177183553039	0.23779471355764767	0.3244761777016107	0.6938681789301561	0.8989070661489673	0.2828381814625452	0.5970735693783632
26	0.4483442757334425	0.8617248384579319	0.3628385124788057	0.4596106312319361	0.6999567736958162	0.7239653709112305	0.28656603743270825	0.34159141219113426	0.6593205386614159	0.658099691605016	0.5249617208518549	0.4077776251818314	0.7360784434119633	0.6620434770095014	0.1807823260670518	0.5023354538794229	0.6424348217065784	0.7918180248291985	0.2935563687393481	0.5844379813745724	0.1894315531078504	0.7809791063716528	0.915931058128416	0.2587834270335863	0.8262646763253833	0.8376652658985992	0.49578213352949063	0.5297344587314343	0.523168208077403	0.3329313817944157	0.410635259652219	0.27066316611809466	0.782005315656272	0.26177012456860316	0.5589012220656396	0.18558728373576241	0.13435531881178295	0.6020722304586319	0.5252322991728173	0.35193048149947637	0.3766923051785298	0.7909943026228032	0.5797247382085193	0.46779930913240775	0.23779195503980535	0.32443812359287	0.69391437050649	0.8988917644149053	0.2828221445090551	0.5970350765571366
27	0.44833034171281266	0.8617255383132975	0.3628424901867042	0.45953017869910745	0.6999466729555175	0.7239090696620345	0.28650780329551007	0.34158653107164944	0.6592869727493214	0.658086595136392	0.5250584051085724	0.4078118406378374	0.7360730166058684	0.6620283670201393	0.18077990158419355	0.5023303688528805	0.6424558534664775	0.7918967938395927	0.29355314116198494	0.5844632907243225	0.18942688926031878	0.7810252239425961	0.9159258084398726	0.25878863144383396	0.826235643895031	0.8377139763631812	0.4957244155962968	0.5297959399358073	0.5230347697150537	0.3329278776449081	0.4106515396180166	0.270649974202737	0.7820212396671155	0.26176719393106246	0.5588304296403986	0.18558671385790582	0.13436103571793054	0.6021273220447931	0.5251965127921828	0.351955293841429	0.3766649975265509	0.7910682170513673	0.5797512008803265	0.4677828692807301	0.23778943547966483	0.32440417931872384	0.6939608708790003	0.8988764176629146	0.28280645977933255	0.5969974305597383
28	0.44831679971760713	0.8617261232084585	0.36284602508050234	0.4594551307396852	0.6999376322054793	0.72385477530957	0.28645379492494805	0.34158177682569485	0.6592543653282735	0.6580748851171914	0.5251494955881824	0.4078406839951398	0.7360677429999257	0.6620153380116067	0.18077777519228683	0.5023258153087389	0.6424746251514338	0.7919716360538837	0.2935502828034372	0.5844877458074179	0.1894223567295005	0.7810699925872183	0.9159211318918186	0.25879370134587004	0.8262076313596791	0.8377606597468465	0.4956665710456044	0.5298556256822904	0.5229051996522287	0.33292469173671096	0.41066615533406586	0.27063814669277436	0.7820379647333126	0.26176456408852883	0.5587623297107094	0.18558616328550936	0.13436615897322735	0.6021807974088177	0.5251579398271097	0.3519793706891605	0.3766384872593056	0.7911399857954066	0.5797771086609388	0.4677681723537905	0.23778713296035253	0.3243738682875803	0.6940070610281304	0.8988612173063947	0.28279123828653563	0.5969608972833389
29	0.44830373018363984	0.8617266102342731	0.36284916921506655	0.4593852375836291	0.6999295330709414	0.7238027173776561	0.2864037599813702	0.3415771796800188	0.6592229072282776	0.6580644054777792	0.5252350867875053	0.40786496269012906	0.7360626538095943	0.6620040998797786	0.18077590912486025	0.5023217341063779	0.6424913946533439	0.7920424831799602	0.2935477493002936	0.584511232137906	0.18941798242358088	0.7811131555694666	0.9159169622199996	0.2587986043704482	0.8261807604727829	0.8378051821433039	0.4956093343037662	0.5299131738970226	0.5227802454635344	0.3329217935919017	0.41067928814009713	0.2706275332158052	0.78205511313555	0.2617622021352654	0.5586971729907267	0.18558563400879788	0.13437075422295536	0.6022323513138225	0.5251176534493959	0.3520025762279352	0.37661292636443106	0.7912091934462357	0.5798022646379364	0.46775502186891277	0.23778502808965804	0.3243467772841494	0.694052442638012	0.8988463171754002	0.2827765663067444	0.5969256834217482
30	0.4482911936167924	0.8617270139346224	0.3628519677388883	0.45932025430295786	0.6999222723939184	0.7237530610863007	0.28635746162846154	0.3415727625356678	0.6591927418153838	0.6580550203126434	0.5253153019232741	0.40788536440907075	0.7360577725101183	0.6619944042520944	0.18077427083968423	0.5023180736915555	0.6425063862453315	0.7921093150885969	0.2935455022507286	0.5845336661296212	0.18941378658061153	0.7811545207223413	0.9159132418601651	0.25880331597959333	0.8261551192639176	0.8378474548469482	0.49555328987593755	0.5299683283054184	0.5226604677970876	0.3329191562354532	0.41069109643422513	0.2706180025749291	0.78207237796999	0.2617600793402827	0.5586351355289286	0.1855851274214357	0.1343748787287112	0.6022817552417021	0.5250765301651158	0.35202480885977006	0.37658842870091547	0.7912755289815928	0.5798265171736253	0.4677432467581092	0.23778310357063517	0.32432254686585266	0.6940966226573557	0.8988318382799088	0.2827625083852389	0.5968919436460941
31	0.44827923321795304	0.8617273466872697	0.36285445992995174	0.45925993901625745	0.699915759949418	0.7237059155978879	0.2863146755437261	0.341568541943016	0.6591639712176549	0.6580466108545324	0.5253902902209752	0.4079024744208534	0.7360531158547985	0.6619860384015855	0.18077283223584348	0.5023147889572432	0.6425197956305378	0.7921721540417688	0.293543508320429	0.584554991090449	0.1894097836473241	0.7811939519497852	0.9159099206444136	0.2588078184242622	0.8261307663696408	0.8378874286070336	0.49549889267360087	0.5300209071919249	0.5225462648565562	0.3329167556672966	0.4107017191184239	0.2706094398668541	0.7820895133847424	0.26175817052014466	0.5585763282371218	0.1855846444085206	0.13437858262644362	0.6023288473381966	0.5250352770321456	0.35204599673918924	0.3765650749967957	0.7913387719585026	0.5798497538890424	0.4677326975524319	0.23778134388511607	0.324300863281594	0.6941392990836627	0.898817873208451	0.2827491101801572	0.5968597873958644
32	0.44826787738998103	0.8617276190327777	0.3628566800647664	0.45920405231529354	0.6999099165456939	0.723661342057548	0.28627518800414126	0.3415645290290557	0.6591366622794137	0.6580390729538845	0.5254602232816845	0.4079167905368237	0.7360486948478536	0.6619788200339265	0.18077156898981578	0.5023118402967733	0.6425317941561453	0.7922310585804	0.29354173849006004	0.5845751733451529	0.1894059831183875	0.7812313611017876	0.9159069547099579	0.25881209975314695	0.8261077352495227	0.8379250879159447	0.49544648679396613	0.5300707926412193	0.5224378958322309	0.332914570437724	0.41071127845153227	0.2706017440912542	0.7821063257080104	0.26175645351930943	0.5585208062503169	0.1855841854316316	0.13438190997121455	0.6023735227886174	0.5249944562772532	0.3520660934941675	0.3765429176321422	0.7913987793314443	0.5798718959874183	0.46772324320326736	0.23777973504436004	0.32428145173197404	0.6941802477542616	0.8988044902291641	0.28273640118587634	0.5968292853868831
33	0.4482571420734138	0.8617278399544273	0.3628586581465079	0.4591523574911209	0.699904672439927	0.7236193612045889	0.2862387947273586	0.34156073035668116	0.6591108521176858	0.6580323149751283	0.5255252909971878	0.4079287360023312	0.7360445156512084	0.6619725928245913	0.1807704599959375	0.5023091928145728	0.6425425323340309	0.7922861174259599	0.29354016742361727	0.5845941985845281	0.18940239031828998	0.7812667003914872	0.9159043055858417	0.2588161528943458	0.8260860381728897	0.8379604455339795	0.4953963226142067	0.5301179204858794	0.5223355027884903	0.33291258130007684	0.41071988242243246	0.2705948261603285	0.7821226654751882	0.2617549087777377	0.558468577830889	0.18558375060526397	0.13438489960771122	0.6024157248248405	0.524954507340872	0.35208507422134744	0.37652198510734813	0.7914554731692609	0.579892893005309	0.4677147684293513	0.23777826438758426	0.3242640707412077	0.6942193102718835	0.8987917370494123	0.2827243972794918	0.5968004757005605
34	0.4482470328657269	0.8617280171163746	0.3628604205171951	0.4591046211911639	0.6998999660110581	0.7235799603518657	0.28620530019136414	0.3415571487015393	0.6590865531695409	0.6580262560333637	0.5255856974276001	0.40793867057206173	0.7360405804075064	0.6619672226036534	0.18076948689386907	0.5023068156652603	0.6425521427940284	0.7923374437103812	0.29353877293664954	0.5846120685299683	0.18939900711072236	0.7812999555087574	0.9159019394257564	0.25881997482520974	0.8260656698719808	0.837993537432249	0.49534857206279453	0.5301622711686012	0.5222391305582497	0.3329107709242542	0.4107276267340208	0.2705886072336197	0.7821384203692836	0.26175351896933063	0.5584196125575429	0.185583339764462	0.1343875858989643	0.6024554365504693	0.5249157663502175	0.3521029318413063	0.3765022861044366	0.7915088295138196	0.579912718073844	0.4677071714930728	0.23777692041743834	0.3242485074379596	0.6942563831883042	0.8987796441913635	0.28271310303670644	0.5967733693247257
35	0.44823754690589196	0.8617281570659778	0.3628619903737075	0.4590606142669146	0.6998957426437851	0.7235430996370026	0.28617451724542353	0.34155378374106793	0.6590637576844602	0.6580208245109987	0.5256416568927778	0.4079468999977766	0.736036887972156	0.661962594099131	0.18076863366910614	0.5023046814980532	0.6425607427694519	0.7923851697094103	0.2935375355476122	0.5846287979538309	0.18939583252936196	0.7813311394937127	0.9158998263616891	0.25882356583605687	0.8260466108125503	0.8380244182451285	0.4953033420618302	0.5302038616057329	0.5221487444572326	0.33290912365831554	0.41073459646923244	0.27058301731908907	0.7821535090446808	0.261752268698271	0.5583738486727179	0.18558295252372142	0.1343899993388476	0.6024926736621157	0.5248784831296364	0.3521196738502857	0.37648381310296697	0.7915588684781565	0.5799313637182535	0.4677003623298943	0.23777569266405243	0.3242345735847857	0.694291408467189	0.8987682279739221	0.28270251379457745	0.5967479550911201
36	0.448228674526626	0.8617282654049352	0.3628633882032234	0.4590201126719955	0.6998919537874959	0.7235087175324925	0.28614626689544537	0.3415506326571265	0.6590424416662792	0.6580159568067533	0.5256933904018956	0.40795368413757327	0.7360334345552922	0.6619586081606146	0.1807678863155838	0.5023027659883276	0.6425684361933295	0.7924294421464638	0.2935364380991872	0.5846444120582661	0.1893928633308682	0.7813602873632779	0.9158979399585139	0.25882692888624276	0.8260288300759138	0.8380531572539295	0.49526068623558883	0.5302427380449678	0.5220642458337612	0.3329076253281168	0.41074086749529704	0.27057799409395733	0.7821678757703913	0.2617511442430769	0.5583311995653419	0.18558258832718164	0.1343921670685173	0.6025274780603286	0.5248428359397294	0.35213531946637305	0.3764665455538255	0.7916056455701792	0.5799488381818937	0.4676942609709013	0.23777457157102302	0.324222102230001	0.6943243651684833	0.8987574931169283	0.28269261746274427	0.5967242040127962
37	0.4482204006873565	0.8617283469333499	0.3628646321508852	0.45898289832899514	0.6998885561608882	0.7234767356445576	0.2861203781891166	0.3415476906573134	0.65902256829493	0.6580115962784943	0.5257411224742222	0.4079592438740934	0.7360302142786688	0.6619551793948169	0.18076723255113572	0.5023010474416925	0.6425753154691374	0.7924704180755978	0.29353546543866843	0.5846589441959086	0.18939009447445812	0.781387451448749	0.9158962567532593	0.2588300690471425	0.8260122878685552	0.8380798348869234	0.49522061502645676	0.5302789698629521	0.5219854855719761	0.3329062630673031	0.410746507651171	0.27057348190797625	0.7821814858153779	0.2617501333402051	0.558291559419479	0.18558224649049446	0.13439411331300918	0.6025599123015197	0.5248089441678176	0.35214989714906975	0.37645045263508814	0.7916492441717519	0.579965162240519	0.4676887962098968	0.23777354839841244	0.3242109448795181	0.6943552622600339	0.8987474349955761	0.28268339609678217	0.5967020730535559
38	0.4482127062051934	0.8617284057706248	0.3628657383305561	0.45894875991594636	0.6998855110781663	0.7234470628485188	0.2860966881505882	0.3415449514216746	0.6590040908683567	0.6580076923479982	0.5257850783676777	0.407963767006772	0.7360272196541642	0.6619522341537741	0.1807666615776697	0.5022995064585409	0.6425814629692218	0.7925082613246743	0.29353460414806076	0.5846724339080347	0.18938751953385727	0.7814126973887777	0.9158947558653681	0.25883299302487045	0.8259969376845813	0.838104539704987	0.4951831043713667	0.5303126442304575	0.5219122757060739	0.3329050251719351	0.410751577754663	0.2705694309386163	0.7821943214973557	0.2617492250005586	0.5582548080821954	0.1855819262351757	0.1343958597512892	0.6025900548261118	0.5247768791919901	0.35216344246398174	0.3764354956221829	0.7916897690812607	0.5799803664653499	0.46768390447479724	0.2377726151392763	0.32420096910342894	0.6943841324514027	0.8987380415767121	0.28267482725188386	0.5966815083725261
39	0.4482055688025904	0.8617284454567948	0.36286672108792506	0.45891749354339495	0.6998827838767621	0.7234195988154494	0.28607504173029813	0.34154240748204995	0.6589869553082918	0.6580041997409921	0.5258254817113046	0.4079674132623446	0.7360244419911209	0.6619497088244756	0.18076616387890282	0.5022981256490884	0.6425869523056023	0.7925431394661195	0.29353384231584545	0.5846849252529053	0.1893851310478853	0.7814361007179949	0.9158934186663668	0.2588357087549846	0.8259827281498813	0.8381273658353072	0.4951481030899993	0.5303438615669605	0.5218443993160187	0.3329039009754278	0.4107561324592225	0.27056579647298257	0.782206378820071	0.261748409353433	0.5582208152133274	0.18558162671647194	0.13439742583076242	0.6026179958929959	0.5247466736288258	0.35217599626205576	0.3764216299071537	0.791727341021074	0.5799944888918533	0.4676795288697006	0.23777176444724288	0.3241920565058599	0.6944110269447523	0.8987292950689845	0.28266688513652427	0.5966624480904905
40	0.44819896399061576	0.8617284690375029	0.36286759322379547	0.4588889033072503	0.6998803434298755	0.7233942369877719	0.2860552917471133	0.3415400505413374	0.6589711022742601	0.6580010778402198	0.5258625525243694	0.40797031854925797	0.7360218717398326	0.661947548375734	0.18076573104948684	0.502296889390586	0.6425918494106222	0.7925752212747086	0.29353316934356205	0.5846964653960189	0.18938292081601274	0.78145774399068	0.9158922284991822	0.258838225061382	0.8259696045782774	0.8381484108123367	0.4951155391298132	0.5303727317051765	0.5217816188780134	0.33290288074044216	0.410760220985147	0.27056253829557925	0.7822176646289375	0.2617476775133829	0.5581894437839788	0.18558134704579657	0.13439882903537764	0.6026438341492529	0.5247183291599213	0.35218760314218617	0.37640880670238624	0.7917620920103268	0.580007573051498	0.4676756183595416	0.23777098957330883	0.32418410099827144	0.694436011001115	0.8987211733179635	0.28265954158610324	0.5966448246254902
41	0.44819286580639356	0.8617284791353748	0.3628683661841269	0.458862801713164	0.6998781617299341	0.7233708670621412	0.28603729880881545	0.34153787173973904	0.6589564689295087	0.6579982901329877	0.5258965055956247	0.4079725985653002	0.7360194987783681	0.6619457051241971	0.1807653556503044	0.5022957836197998	0.6425962134587225	0.7926046746271317	0.29353257578144826	0.5847071034339594	0.18938088014510593	0.7814777143798028	0.9158911704389394	0.2588405513718307	0.825957510270253	0.8381677737838668	0.49508532480503936	0.5303993706870657	0.5217236832408393	0.3329019555650335	0.4107638877457169	0.27055962016459917	0.7822281942200838	0.26174702146626144	0.5581605529919352	0.18558108630869383	0.13440008511492083	0.6026676737649425	0.524691823116964	0.35219831016626735	0.3763969744637185	0.7917941615053199	0.5800196663250138	0.4676721270739258	0.2377702843104207	0.32417700732629057	0.6944591602252823	0.8987136509760166	0.2826527668763563	0.5966285666447921
42	0.4481872474224985	0.8617284780100987	0.36286905022230687	0.4588390099756978	0.6998762135314115	0.7233493770368912	0.28602093120353517	0.34153586187466295	0.6589429904008873	0.6579958037377658	0.5259275491905324	0.40797435185337516	0.7360173126496226	0.661944137686705	0.18076503108556788	0.5022947956550102	0.6426000976553701	0.792631664796053	0.2935320531883288	0.5847168894242571	0.18937900005331473	0.7814961016940072	0.915890231088431	0.2588426974829987	0.825946387584243	0.8381855540403044	0.4950573611575229	0.5304238981155993	0.5216703333930004	0.3329011173008445	0.41076717288528675	0.27055700936234117	0.7822379893432665	0.26174643397132213	0.5581340006613146	0.18558084357915094	0.1344012082818077	0.6026896220652302	0.5246671139894644	0.3522081657967368	0.3763860800666088	0.791823693213874	0.5800308185777034	0.4676690137106705	0.23776964294467978	0.3241706898085488	0.6944805574786219	0.8987067004749842	0.2826465303956584	0.5966136006788192
43	0.44818208164497314	0.8617284676091402	0.36286965453820946	0.458817358200494	0.6998744760433924	0.723329654878767	0.28600606475939205	0.34153401158047214	0.6589306009722027	0.6579935889970104	0.5259558840514293	0.4079756623876033	0.736015302755062	0.6619428100908169	0.18076475149809057	0.5022939140427557	0.6426035499147869	0.7926563530915295	0.2935315940117577	0.5847258735950716	0.18937727143668376	0.7815129967584958	0.9158893984025966	0.25884467336836553	0.8259361788091094	0.838201849826753	0.49503154155696516	0.5304464349908833	0.5216213071761572	0.33290035848150457	0.4107701127434899	0.2705546763077939	0.7822470765446486	0.26174590847679685	0.5581096451910205	0.18558061793094338	0.13440221138062308	0.6027097875959592	0.5246441460034675	0.3522172190282582	0.3763760697671133	0.7918508324957533	0.580041081039965	0.4676662410228619	0.23776906021220576	0.32416507125300287	0.6945002903361396	0.8987002928276443	0.28264080119429	0.5965998524401704
44	0.44817734131530257	0.8617284496106793	0.3628701873978227	0.4587976854605989	0.6998729286638935	0.7233115898600274	0.28599258267274347	0.3415323114737166	0.6589192350475085	0.6579916191255488	0.5259817026550403	0.4079766017606446	0.7360134585111111	0.6619416910193654	0.18076451167971797	0.5022931284253485	0.642606613444462	0.7926788958044965	0.29353119148509416	0.5847341057103436	0.1893756852036219	0.7815284901099337	0.9158886615373054	0.2588464890229921	0.8259268268644987	0.8382167573999492	0.495007754647118	0.5304671019646121	0.5215763430885342	0.3328996722596987	0.41077274025733584	0.2705525942214326	0.7822554858010226	0.26174543904679815	0.5580873471124437	0.18558040844657356	0.13440310603477185	0.6027282785635746	0.5246228529039104	0.35222551868724966	0.37636688997702744	0.7918757242682767	0.580050505399237	0.46766377537597187	0.23776853126084857	0.3241600820220542	0.6945184490117162	0.8986943982816684	0.2826355484273966	0.5965872478877086
45	0.4481729996302325	0.8617284254600865	0.36287065623658377	0.4587798397795467	0.6998715527492917	0.7232950736127264	0.2859803753074413	0.34153075226891627	0.658908827917429	0.6579898699056564	0.526005188692737	0.4079772310331719	0.7360117694735817	0.6619407531684158	0.18076430699442608	0.5022924294258605	0.6426093272513894	0.7926994434099329	0.2935308395387609	0.5847416345681925	0.18937423238187875	0.7815426709600845	0.9158880107185383	0.25884815433973674	0.8259182758535344	0.8382303702951522	0.49498588673334676	0.5304860179528216	0.5215351833089202	0.33289905235161676	0.41077508531100587	0.270550738833953	0.7822632494024997	0.26174502029775554	0.5580669703118974	0.18558021422426096	0.1344039027738722	0.602745201595667	0.5246031610581402	0.3522331128752951	0.37635848787987214	0.7918985113438369	0.5800591430728199	0.46766158636384664	0.23776805161606335	0.3241556592226368	0.6945351246832551	0.8986889868474041	0.28263074170686914	0.5965757140721409
46	0.4481690303918467	0.8617283964010197	0.36287106774902883	0.45876367803424717	0.6998703314133378	0.7232800009423991	0.28596933996867463	0.3415293248693941	0.6588993163581578	0.6579883194214626	0.5260265167409403	0.40797760229766206	0.7360102254349626	0.661939972701063	0.1807641333120226	0.5022918085478322	0.6426117265824338	0.7927181399908751	0.29353053272340407	0.5847485076125626	0.1893729042021837	0.7815556263876154	0.9158874371287207	0.25884967901211386	0.8259104714898913	0.8382427787714058	0.4949658236961024	0.5305032990530896	0.5214975760583764	0.3328984929876993	0.4107771750415071	0.27054908813205647	0.7822704010458522	0.2617446473428955	0.5580483829679169	0.18558003438335421	0.1344046111449114	0.6027606607739306	0.5245849919838268	0.35224004853489865	0.3763508119116582	0.7919193331338206	0.580067044634308	0.4676596464742754	0.2377676171503689	0.3241517460014826	0.6945504081571525	0.8986840287184683	0.2826263513758198	0.5965651797958176
47	0.4481654081988785	0.8617283635020321	0.36287142796691146	0.4587490657904579	0.6998692493511618	0.7232662704387818	0.28595938065557713	0.3415280204371147	0.6588906390893878	0.6579869478265634	0.5260458520916543	0.40797776000101266	0.7360088164988401	0.6619393287821441	0.1807639869507489	0.502291258087423	0.6426138433091255	0.7927351228482731	0.2935302661430675	0.5847547706403409	0.18937169216222172	0.7815674407221511	0.9158869328075208	0.25885107245956895	0.8259033614188959	0.8382540694069774	0.49494745250453487	0.5305190577184397	0.5214632774034847	0.33289798886876915	0.4107790341069774	0.2705476221355612	0.7822769751055071	0.2617443157435263	0.558031458248139	0.18557986806846383	0.13440523980967511	0.6027747568967919	0.5245682643912644	0.3522463711184553	0.3763438121276433	0.7919383246610093	0.5800742593695473	0.46765793079641826	0.23776722405589523	0.32414829092913877	0.6945643888188323	0.8986794946018831	0.2826223487177821	0.5965555761158069
48	0.44816210858887445	0.8617283276794232	0.36287174232758207	0.4587358770829305	0.6998682926844585	0.7232537849167304	0.285950407796974	0.3415268304449795	0.6588827371142018	0.6579857371397615	0.5260633507160045	0.4079777420638273	0.736007533135187	0.6619388031812332	0.1807638646273729	0.5022907710561058	0.6426157062654242	0.7927505222655572	0.29353003539681644	0.5847604675883145	0.18937058807416537	0.7815781950890621	0.9158864905648767	0.2588523437714896	0.8258968954499591	0.8382643248201005	0.49493066239491024	0.5305334021460238	0.5214320525922874	0.3328975351267823	0.4107806849232911	0.2705463227010789	0.7822830060535821	0.2617440214660963	0.5580160748052034	0.1855797144525569	0.13440579663053814	0.602787586934183	0.5245528958180028	0.3522521243436151	0.3763374404737084	0.7919556158297326	0.580080834941036	0.4676564167636846	0.23776686881960368	0.3241452474591031	0.6945771538228961	0.8986753559723665	0.2826187061112952	0.5965468367157944
49	0.4481591081395613	0.8617282897169346	0.3628720157341074	0.4587239941513483	0.6998674488246824	0.7232424517163022	0.28594233797456986	0.34152574671456276	0.6588755539609555	0.6579846710647129	0.5260791593366165	0.40797758082845037	0.7360063662197727	0.6619383799332373	0.18076376341361158	0.5022903411123306	0.6426173415455436	0.792764461400546	0.2935298365275203	0.5847656403863317	0.1893695840985567	0.7815879670875945	0.9158861039044055	0.2588535016667629	0.8258910257154559	0.8382736234932707	0.4949153457697548	0.5305464358440927	0.5214036770022505	0.33289712728955284	0.4107821478736669	0.2705451733483006	0.7822885280043235	0.2617437608441676	0.5580021171061391	0.1855795727392072	0.13440628874635094	0.6027992436417843	0.5245388039228911	0.3522573500203846	0.37633165097856325	0.7919713309097168	0.5800868171424636	0.4676550839267405	0.2377665482008231	0.3241425734507663	0.6945887874827011	0.8986715852634565	0.2826153971391545	0.5965388981690625
50	0.4481563845366213	0.8617282502827854	0.36287225260835804	0.45871330714207137	0.6998667063516194	0.723232182887082	0.28593509363762926	0.3415247614418556	0.6588690358444468	0.6579837348299762	0.5260934155876084	0.40797730386286485	0.7360053070604945	0.6619380450475979	0.18076368069792248	0.5022899625008473	0.6426187727677174	0.7927770562808792	0.2935296659767199	0.5847703288648837	0.18936867276695238	0.7815968305786971	0.9158857669556575	0.25885455446614336	0.8258857067691346	0.838282039682273	0.4949013988657773	0.53055825734574	0.5213779367687612	0.332896761248913	0.4107834414951885	0.27054415910560115	0.7822935743618424	0.26174353054459265	0.5579894756250895	0.18557944216415703	0.1344067226398654	0.6028098153065338	0.5245259074969566	0.352262087937293	0.3763263998807811	0.7919855881956605	0.580092249727609	0.4676539137522263	0.23776625921080274	0.32414023074677034	0.694599370824809	0.8986681560063784	0.2826123966603458	0.5965317001117899
51	0.44815391661404275	0.8617282099444544	0.3628724569380845	0.45870371378454505	0.6998660549051494	0.7232228952783026	0.2859286028128445	0.3415238672132092	0.6588631317611832	0.657982915046552	0.5261062482437395	0.4079769346433136	0.7360043474130327	0.6619377862585245	0.18076361415186845	0.5022896299985996	0.6426200213087959	0.7927884158824443	0.2935295205446948	0.5847745707069913	0.18936784699539366	0.7816048555622971	0.9158854744139431	0.2588555100750894	0.8258808956352995	0.8382896433937549	0.4948887222316035	0.5305689600424025	0.5213546291528955	0.3328964332318513	0.41078458264549433	0.27054326637222603	0.782298177553179	0.2617433275372997	0.5579780469250308	0.18557932199631683	0.1344071041978985	0.6028193855992081	0.5245141272400099	0.3522663757957497	0.37632164570265975	0.7919984998100342	0.5800971743000932	0.46765288944351036	0.23776599909402762	0.32413818479698386	0.6946089812787903	0.8986650429259929	0.28260968085154065	0.5965251853431794
52	0.4481516843722946	0.8617281691815463	0.36287263231882627	0.4586951190500819	0.6998654850883727	0.7232145105531451	0.285922798812673	0.3415230570133384	0.6588577935313729	0.6579821995804882	0.5261177775028574	0.40797649313487255	0.7360034794878717	0.6619375928099062	0.18076356170039798	0.5022893388662809	0.6426211065137349	0.7927986422732444	0.2935293973549903	0.5847784014357764	0.1893671000904595	0.7816121081267846	0.9158852214866713	0.25885637597508293	0.8258765518183551	0.8382965004175534	0.49487722105017523	0.5305786321141017	0.5213335626984815	0.33289613977425	0.4107855866523482	0.27054248279477955	0.7823023688314578	0.2617431490681924	0.5579677336503727	0.18557921153830553	0.13440743876523426	0.602828033513484	0.5245033863444075	0.35227024918332583	0.37631734928113275	0.792010171621478	0.5801016302524945	0.46765199578042455	0.23776576531108143	0.3241364043226056	0.6946176924773124	0.898662222001768	0.28260722722401205	0.596519299866479
53	0.4481496689787623	0.8617281283970217	0.3628727819913588	0.4586874347996285	0.6998649883805855	0.723206955142798	0.28591761994499265	0.3415223242269584	0.6588529757983085	0.6579815774385311	0.5261281153081332	0.4079759962861215	0.7360026959504161	0.6619374552695667	0.1807635214954926	0.5022890848048007	0.6426220458833648	0.7928078308078301	0.293529293822794	0.5847818544304203	0.1893664257493861	0.7816186504561374	0.9158850038453177	0.2588571592217551	0.8258726372808388	0.8383026724020995	0.49486680533524574	0.530587356536959	0.5213145572207911	0.33289587769689866	0.4107864674483568	0.2705417971561141	0.7823061781362879	0.2617429926347522	0.5579584444489823	0.18557911012661446	0.13440773119309693	0.6028358333740483	0.5244936109209216	0.35227374157811525	0.3763134737643746	0.7920207032554405	0.5801056547451116	0.46765121897543316	0.23776555552287626	0.32413486101499034	0.6946255741453371	0.8986596705004865	0.2826050146209263	0.596513992882806
54	0.4481478527541785	0.8617280879270207	0.3628729088752677	0.45868057942611157	0.6998645570588322	0.7232001601533885	0.28591300922649693	0.34152166263537376	0.6588486359941277	0.6579810386651337	0.5261373656987027	0.40797545845144545	0.7360019899156545	0.6619373653683956	0.18076349189272625	0.5022888639160242	0.6426228552432685	0.7928160703597765	0.29352920762664847	0.5847849609643732	0.18936581805550262	0.7816245408824329	0.9158848175822865	0.25885786644840686	0.8258691163967827	0.8383082169630807	0.4948573900267134	0.5305952111516045	0.5212974436624687	0.3328956440835186	0.4107872376927249	0.2705411992750298	0.7823096340006174	0.261742855963995	0.5579500938392415	0.18557901713146457	0.13440798588289204	0.6028428548991028	0.5244847302960729	0.3522768843775723	0.376309984581373	0.7920301881774529	0.5801092827162049	0.46765054654410687	0.23776536757609662	0.32413352926468053	0.6946326920606362	0.8986573669863416	0.28260302319918235	0.596509216747793
55	0.4481462191481643	0.8617280480494754	0.36287301559914165	0.4586744774960263	0.6998641841269696	0.723194061236754	0.2859089141018409	0.3415210664091242	0.6588447342794549	0.6579805742494061	0.5261456251792036	0.40797489175229673	0.7360013549385844	0.661937315860617	0.1807634714303537	0.5022886726672595	0.6426235488961367	0.7928234435817646	0.29352913668307135	0.5847877502606811	0.18936527147002616	0.7816298339735135	0.9158846591720472	0.2588585038737483	0.825865955886122	0.8383131878171659	0.4948488950054834	0.5306022687787907	0.5212820638464684	0.3328954362605675	0.41078790888164	0.270540679915452	0.7823127634950129	0.26174273699249784	0.5579426020351773	0.18557893195641323	0.13440820682580026	0.602849163305011	0.524476677205485	0.35227970694630795	0.3763068493905482	0.7920387138326537	0.5801125469168854	0.46764996718811763	0.23776519948972902	0.3241323859168597	0.6946391080707514	0.8986552913131448	0.28260123439928275	0.5965049268994344
56	0.44814475270647647	0.8617280089916737	0.36287310452779836	0.45866905939409847	0.6998638632513494	0.7231885984341697	0.28590528617017485	0.34152053009760525	0.6588412334631697	0.6579801760408172	0.526152983100348	0.4079743063869002	0.7360007850014115	0.6619373004020584	0.18076345881060882	0.5022885078590451	0.642624139759597	0.7928300271846161	0.29352907912372495	0.5847902495601698	0.18936478082108327	0.7816345806473084	0.9158845254360278	0.2588590773128766	0.8258631247349112	0.8383176349339955	0.494841245045075	0.5306085973708318	0.5212682701507473	0.33289525177863677	0.41078849144861984	0.27054023070396427	0.782315592201857	0.2617426338482467	0.557935894740507	0.18557885403775787	0.1344083976387147	0.6028548194429094	0.524469387903725	0.35228223667825403	0.3763040380124689	0.7920463618279737	0.580115477964974	0.46764947068925405	0.2377650494425681	0.3241314100500441	0.6946448801540268	0.8986534246025806	0.28259963090613455	0.5965010817640958
57	0.44814343903210163	0.8617279709369104	0.3628731777868934	0.458664260974118	0.6998635887023598	0.7231837160005576	0.28590208092035735	0.3415200486164196	0.6588380989074568	0.657979836672642	0.5261595220440953	0.4079737108963277	0.7360002744983534	0.6619373134438006	0.18076345288294088	0.5022883665958598	0.6426246394911973	0.7928358922281905	0.2935290332748288	0.584792484198966	0.18936434129067453	0.7816388283057902	0.9158844135108267	0.25885959219068194	0.8258605941052686	0.8383216047008425	0.49483436971424277	0.5306142601894724	0.5212559251251586	0.3328950883952776	0.410788994855955	0.2705398440547491	0.7823181442132217	0.2617425448341034	0.5579299029205312	0.18557878284377655	0.13440856159693862	0.6028598799588745	0.524462802207625	0.3522844990694079	0.37630152235083975	0.792053208145757	0.5801181044131338	0.46764904781318906	0.23776491576160613	0.3241305827753246	0.6946500625144775	0.8986517492117695	0.2825981966031703	0.596497642646442
58	0.4481422647419563	0.8617279340303426	0.36287323728520876	0.45866002321839927	0.6998633553011853	0.7231793622153475	0.2858992574758393	0.34151961723308655	0.658835298422376	0.6579795494923008	0.5261653182082296	0.40797311239357387	0.7359998182187357	0.6619373501390028	0.1807634526289604	0.5022882462594384	0.6426250586019768	0.7928411044183612	0.2935289976385598	0.5847944776924736	0.18936394840017146	0.781642620982815	0.9158843208193693	0.25886005355701663	0.8258583372382716	0.8383251400953717	0.49482820324237026	0.5306193160024715	0.5212449010673302	0.3328949440591182	0.41078942767820553	0.2705395131011309	0.7823204421472679	0.26174246841271487	0.5579245625591976	0.18557871787383892	0.1344087016639951	0.6028643974707495	0.5244568634871349	0.3522865177980459	0.37629927630518184	0.7920593233796166	0.5801204528274159	0.46764869022192274	0.23776479691122884	0.3241298870538749	0.6946547057020613	0.8986502486928204	0.2825969165217535	0.5964945736079981
59	0.4481412174206313	0.8617278983841477	0.36287328473487496	0.45865629190777185	0.6998631583712344	0.7231754891850105	0.28589677834994154	0.3415192315516183	0.6588328021534072	0.657979308497859	0.526170441786184	0.4079725167611805	0.7359994113289408	0.6619374062610616	0.18076345714889813	0.5022881444844148	0.642625406559842	0.7928457244054323	0.2935289708762168	0.5847962518234554	0.189363597994825	0.7816459995011512	0.9158842450446918	0.25886046610308083	0.8258563293524241	0.8383282808627951	0.4948226843572826	0.5306238192926129	0.5212350795712155	0.3328948168951551	0.41078979767857227	0.27053923163303367	0.7823225071789339	0.2617424031927155	0.557919814407282	0.18557865865741555	0.13440882051885117	0.602868420756006	0.5244515186152965	0.3522883148098719	0.37629727567800053	0.7920647729850293	0.5801225478730647	0.46764839039398115	0.23776469148314802	0.3241293075307778	0.6946588567514511	0.8986489077465778	0.2825957767874655	0.5964918413381988
60	0.4481402855723404	0.8617278640820679	0.362873321669743	0.45865301730353136	0.699862993693764	0.7231720526413201	0.28589460921202375	0.3415188874963767	0.6588305824647717	0.6579791082800628	0.5261749573388573	0.40797192882205746	0.7359990493536586	0.6619374781315451	0.18076346564940984	0.5022880591360646	0.6426256918837986	0.7928498080802879	0.2935289517929646	0.5847978267323243	0.18936328622767604	0.781649001634907	0.9158841841060805	0.2588608341785824	0.8258545475398108	0.8383310636944495	0.49481775610335177	0.5306278204740557	0.5212263510594005	0.3328947051911162	0.41079011187884684	0.27053899403976245	0.7823243590814307	0.2617423479160949	0.5579156037264812	0.18557860475301016	0.1344089205808148	0.6028719949460946	0.5244467178868472	0.35228991040604984	0.3762954980786972	0.7920696175386087	0.580124412405022	0.46764814155158224	0.23776459818701395	0.32412883038349444	0.6946625593336809	0.89864771217235	0.28259476456457105	0.596489415021033
61	0.44813945857201304	0.8617278311834174	0.3628733494620962	0.45865015384238284	0.6998628574672929	0.7231690117385813	0.2858927186648426	0.3415185812955474	0.6588286138207788	0.657978943969368	0.5261789241559118	0.40797135248739547	0.7359987281568084	0.6619375625565952	0.1807634774325812	0.5022879882899366	0.6426259222299451	0.7928534068653763	0.29352893932398955	0.584799221008129	0.18936300954317983	0.7816516622743146	0.9158841361373294	0.2588611618093142	0.8258529706616314	0.8383335224054372	0.4948133656462809	0.5306313661119392	0.5212186143080612	0.3328946073848074	0.410790376623551	0.270538795257597	0.7823260162757124	0.2617423014466197	0.55791188003324	0.18557855574703525	0.13440900403232944	0.602875161723633	0.524442414913238	0.3522913233324754	0.3762939228260389	0.7920739130011912	0.5801260675610673	0.46764793759408335	0.2377645158416564	0.32412844318353073	0.6946658539161173	0.8986466488150765	0.2825938679996961	0.596487266199784
62	0.4481387266162717	0.8617277997266105	0.3628733693378631	0.4586476598450718	0.6998627462704488	0.7231663288523887	0.2858910780332381	0.34151830946449674	0.6588268726669897	0.6579788111874901	0.5261823966046661	0.4079707908849459	0.7359984439224186	0.6619376567706903	0.1807634918860079	0.5022879302132032	0.6426261044700154	0.7928565679982869	0.29352893252192935	0.5848004517790312	0.1893627646607938	0.7816540135904516	0.9158840994669101	0.25886145271486133	0.8258515792444565	0.8383356881094798	0.49480946406971793	0.5306344991419986	0.5212117759716471	0.33289452205236575	0.4107905976387964	0.2705386307217525	0.7823274958856119	0.26174226275921153	0.5579085968453262	0.18557851125264851	0.13440907283986064	0.6028779595195353	0.524438566500406	0.3522925708689823	0.3762925308506256	0.7920777109808752	0.5801275328559453	0.4676477730371191	0.23776444336690983	0.3241281347700409	0.6946687779270944	0.898645705511095	0.2825930761655445	0.5964853686418468
63	0.4481380806748863	0.8617277697322699	0.36287338239047573	0.45864549723912185	0.6998626570279369	0.7231639693819194	0.2858896611641467	0.34151806878922425	0.658825337312606	0.6579787060030624	0.526185424465225	0.4079702464704237	0.7359981931356929	0.6619377583868308	0.18076350847384068	0.5022878833475696	0.6426262447631627	0.792859334806235	0.2935289305454498	0.5848015348013355	0.18936254855872572	0.7816560851980043	0.9158840725998766	0.25886171032621275	0.8258503553782474	0.8383375893895606	0.49480600616782205	0.5306372590876408	0.5212057501128545	0.3328944478973509	0.41079078008633	0.2705384963223174	0.7823288137967784	0.2617422309301987	0.557905711433498	0.18557847090856525	0.13440912877304642	0.6028804237078055	0.5244351325144432	0.352293668917457	0.3762913045984872	0.7920810589929809	0.5801288262751763	0.4676476429569061	0.23776437977598272	0.3241278951342655	0.6946713659222966	0.8986448710334418	0.2825923790052991	0.596483698205179
64	0.4481375124431565	0.8617277412059605	0.3628733895934992	0.4586436312958691	0.6998625869793591	0.7231619015572875	0.2858884442378327	0.34151785631007764	0.658823987815181	0.657978624891038	0.5261880532509076	0.40796972112435986	0.7359979725644447	0.6619378653523439	0.1807635267286987	0.5022878462936083	0.6426263486215911	0.7928617469702199	0.2935289326488618	0.5848024845463509	0.18936235845799354	0.7816579043146071	0.9158840542013453	0.25886193780309924	0.8258492826169472	0.8383392524632772	0.4948029502370554	0.5306396822725087	0.5212004577421948	0.332894383740614	0.41079092861317945	0.2705383883638232	0.7823299847179197	0.26174220512836394	0.5579031845800478	0.18557843437785929	0.13440917342226222	0.6028825867962335	0.5244320757393154	0.3522946320880709	0.3762902279366859	0.7920840007145827	0.5801299643675298	0.4676475429392574	0.23776432416833615	0.32412771531383283	0.6946736497505839	0.8986441350374172	0.28259176727820684	0.5964822327075908
65	0.4481370142955752	0.8617277141405931	0.3628733918121435	0.458642030381796	0.6998625336506321	0.7231600962531184	0.285887405590136	0.3415176693058568	0.6588228058684852	0.6579785646955116	0.5261903245133953	0.40796921623637533	0.7359977792410287	0.6619379759096304	0.180763546244367	0.5022878177963961	0.6426264209705783	0.7928638407779951	0.29352893817267994	0.5848033142845402	0.1893621918069148	0.7816594959156389	0.9158840430814084	0.25886213805091973	0.8258483458822439	0.8383407013421198	0.49480025786977133	0.5306418020270302	0.5211958263704438	0.33289432851088946	0.41079104739726124	0.27053830352814007	0.7823310222431474	0.26174218460672344	0.5579009803455579	0.18557840134676384	0.13440920821473476	0.6028844786116571	0.5244293617299639	0.3522954737830269	0.3762892860615897	0.7920865762318309	0.5801309623353773	0.4676474690328969	0.2377642757230394	0.3241275872960587	0.6946756587174595	0.8986434880069901	0.28259123250672813	0.5964809517997864
66	0.4481365792410308	0.8617276885185322	0.362873389813757	0.4586406657240202	0.6998624948277952	0.7231585268091751	0.2858865255454656	0.3415175052784048	0.6588217746941485	0.6579785225956712	0.5261922761322989	0.4079687327785469	0.7359976104448773	0.661938088561263	0.1807635666692015	0.5022877967323445	0.6426264662033687	0.7928656493652947	0.29352894653503847	0.5848040361665593	0.1893620462661114	0.7816608828836556	0.915884038181358	0.25886231373715357	0.8258475313709455	0.8383419579841157	0.49479789375159444	0.5306436488878429	0.5211917895764041	0.3328942812360605	0.41079114018928375	0.27053823884042344	0.7823319389144815	0.2617421686949767	0.5578990658448187	0.18557837152348045	0.13440923442932523	0.6028861264787987	0.5244269586634464	0.3522962062773786	0.3762884654103118	0.7920888222787404	0.580131834122328	0.4676474177067101	0.2377642336925729	0.32412750392947665	0.6946774197447992	0.8986429212024805	0.2825907669255308	0.5964798368428322
67	0.44813620087973666	0.8617276643134433	0.36287338427739113	0.45863951118967494	0.6998624685330054	0.7231571688586207	0.2858857862602133	0.34151736193775617	0.6588208789375266	0.6579784960746216	0.5261939425890779	0.407968271369294	0.7359974636857107	0.6619382020389325	0.18076358770017484	0.5022877820971269	0.6426264882313704	0.7928672029450047	0.29352895722388767	0.584804661300907	0.18936191969409358	0.7816620861518658	0.9158840385611076	0.25886246730718177	0.8258468264662754	0.8383430424394819	0.49479582546411466	0.5306452507892975	0.5211882865917281	0.3328942410350529	0.41079121035123745	0.27053819163786574	0.7823327462837645	0.26174215679257296	0.5578974110325677	0.18557834463700482	0.1344092532100895	0.6028875553919701	0.5244248371902224	0.35229684079660245	0.376287753575667	0.7920907724665049	0.5801325924977175	0.4676473858106044	0.2377641973970523	0.3241274588429058	0.6946789575257933	0.8986424266098525	0.28259036343252797	0.5964788707905367
68	0.4481358733620182	0.8617276414919078	0.3628733758025159	0.4586385430788246	0.6998624530025451	0.7231560001642898	0.28588517157621846	0.34151723718789345	0.6588201045680996	0.6579784828908417	0.526195355225427	0.4079678323290046	0.7359973366874728	0.6619383152758057	0.18076360907750305	0.5022877729946132	0.6426264905300471	0.7928685290241618	0.29352896978990045	0.5848051998280072	0.18936181013346576	0.7816631248412534	0.9158840433877099	0.2588626009994632	0.8258462196532841	0.8383439729890719	0.49479402329403377	0.5306466332465004	0.5211852619039876	0.33289420711031525	0.4107912608917426	0.27053815954102894	0.7823334549734116	0.2617421483623471	0.5578959884994524	0.18557832043597525	0.13440926557871352	0.6028887881791659	0.5244229702872285	0.3522973875907122	0.3762871392248862	0.7920924575026904	0.5801332491376354	0.46764737053968247	0.23776416621884738	0.3241274463714325	0.6946802946743376	0.8986419968918573	0.28259001554209573	0.5964780380770633
69	0.448135591349038	0.8617276200148314	0.36287336491695854	0.4586377399304892	0.6998624466666802	0.7231550004631762	0.28588466688388803	0.3415171291131452	0.6588194387845902	0.657978481052067	0.5261965424863864	0.4079674157284489	0.7359972273730233	0.6619384273819113	0.18076363057979838	0.5022877686267323	0.6426264761808588	0.7928696526088249	0.2935289838400281	0.5848056609906132	0.189361715797781	0.7816640163911024	0.9158840519248772	0.25886271686002915	0.8258457004384897	0.8383447662755321	0.4947924600495843	0.530647819529565	0.5211826648787262	0.3328941787408487	0.41079129449849666	0.2705381404275558	0.7823340747355518	0.2617421429246788	0.557894773278426	0.18557829868754896	0.13440927244591253	0.6028898456582542	0.5244213331140197	0.35229785600478464	0.37628661202223446	0.7920939053999211	0.5801338147022921	0.46764736940146034	0.23776413959757414	0.3241274614887401	0.6946814518683281	0.8986416253411997	0.2825897173405521	0.5964773245099769
70	0.4481353499755038	0.8617275998386682	0.3628733520841315	0.4586370823413008	0.6998624481312231	0.7231541513192103	0.2858842589945524	0.3415170359652442	0.6588188699249073	0.6579784887913984	0.5261975301485463	0.4079670214308829	0.7359971338496055	0.6619385376222257	0.18076365201970013	0.5022877682841883	0.6426264479095722	0.792870596396982	0.2935289990316491	0.584806053200498	0.18936163505906015	0.7816647766828042	0.9158840635234258	0.2588628167562767	0.8258452592737885	0.8383454374271787	0.4947911108847928	0.5306488308289077	0.5211804494008653	0.33289415527574867	0.4107913135680459	0.27053813240807306	0.7823346145092338	0.2617421400521353	0.5578937426616276	0.18557827917631048	0.1344092746218761	0.6028907467851213	0.5244199028729437	0.35229825454583436	0.37628616255560676	0.7920951416738587	0.580134298909602	0.46764738018588686	0.2377641170254362	0.32412749974527205	0.6946824479865032	0.8986413058358396	0.2825894634439369	0.5964767171688192
71	0.4481351448143708	0.8617275809164836	0.36287333770960895	0.4586365527962767	0.6998624561606641	0.7231534359842968	0.2858839360216282	0.3415169561510561	0.6588183873809363	0.6579785045454631	0.5261983415337993	0.4079666491286232	0.73599705439509	0.6619386453971629	0.1807636732399388	0.502287771337965	0.642626408121236	0.7928713809597528	0.2935290150672578	0.5848063841014346	0.18936156643597812	0.7816654201569262	0.9158840776125633	0.25886290239004894	0.8258448874846217	0.8383460001746821	0.4947899531319479	0.5306496864115536	0.5211785735355475	0.33289413612822677	0.4107913202330841	0.2705381338041175	0.782335082475457	0.26174213936456137	0.5578928760276713	0.18557826170321637	0.13440927282583212	0.6028915087937426	0.5244186586740728	0.35229859094602833	0.3762857822671154	0.7920961895304395	0.5801347106049298	0.46764740093793916	0.2377640980428964	0.3241275572117571	0.6946833002386131	0.8986410327964904	0.28258924895809906	0.5964762043092279
72	0.4481349718435293	0.8617275631988698	0.36287332214710677	0.4586361355111697	0.6998624696627505	0.7231528392674912	0.2858836872701507	0.34151688822097626	0.658817981518149	0.6579785269344636	0.5261989977091562	0.407966298374771	0.7359969874449953	0.6619387502252148	0.18076369410979473	0.502287777231554	0.6426263589320895	0.7928720249112221	0.2935290316896497	0.5848066606285118	0.18936150858271547	0.7816659599235969	0.9158840936919531	0.2588629753100052	0.8258445772023413	0.8383464669607085	0.49478896614247275	0.5306504037685269	0.5211769992082715	0.33289412077008124	0.4107913163874699	0.2705381431279281	0.7823354861098605	0.2617421405245804	0.5578921546791731	0.185578246084577	0.13440926769479936	0.6028921473282488	0.524417581405408	0.3522988722222733	0.37628546338763647	0.7920970700424524	0.5801350578269975	0.4676474299325905	0.23776408223465734	0.3241276304276663	0.6946840242888249	0.898640801146348	0.2825890694410711	0.5964757752725518
73	0.4481348274144462	0.8617275466347353	0.3628733057039161	0.45863581628584493	0.6998624876743965	0.7231523474121426	0.28588350313423977	0.3415168308579897	0.6588176435999533	0.6579785547439627	0.5261995176731855	0.40796596861067735	0.7359969315802695	0.6619388517275124	0.1807637145219131	0.5022877854738543	0.6426263021986544	0.7928725450672895	0.2935290486775565	0.5848068890638648	0.18936146027846307	0.781666407866325	0.9158841113244907	0.2588630369232847	0.8258443213006841	0.8383468490427126	0.4947881311362674	0.5306509987534759	0.5211756919039953	0.3328941087265857	0.41079130370913314	0.27053815906395995	0.7823358322329659	0.2617421432334771	0.5578915616902677	0.18557823215107927	0.13440925979159113	0.6028926765671262	0.5244166536087148	0.35229910473224024	0.37628519887524836	0.7920978023156449	0.5801353478699939	0.4676474656519622	0.2377640692259342	0.3241277163542045	0.6946846343723577	0.8986406062730435	0.28258892086769	0.5964754204008647
74	0.4481347082227159	0.8617275311719803	0.36287328864583585	0.45863558236812146	0.6998625093488219	0.7231519479807708	0.28588337500206684	0.3415167828673791	0.6588173657166747	0.657978586908272	0.5261999185296672	0.4079656591896633	0.7359968855158167	0.661938949614109	0.18076373438944504	0.5022877956326851	0.6426262395442317	0.7928729565939624	0.29352906584169663	0.5848070750889172	0.1893614204175669	0.7816667747394174	0.9158841301297327	0.2588630885064813	0.8258441133362383	0.8383471565891035	0.49478743105948425	0.5306514857127539	0.5211746203847475	0.3328940995717711	0.4107912836810349	0.2705381804519864	0.7823361270579163	0.26174214722743083	0.5578910817638125	0.18557821974685018	0.1344092496121281	0.6028931093397503	0.5244158593612092	0.3522992942269168	0.37628498235746555	0.7920984036446109	0.580135587341959	0.46764750676448363	0.237764058679	0.3241278123314734	0.694685143405416	0.8986404439927941	0.282588799596407	0.5964751309572399
75	0.4481346112804648	0.8617275167580704	0.36287327120164614	0.458635422327524	0.6998625339438209	0.7231516297474128	0.2858832951678964	0.341516743167067	0.6588171407190274	0.6579786224953103	0.5262002156490676	0.4079653693974506	0.7359968480897472	0.6619390436718025	0.18076375364348232	0.5022878073288692	0.6426261723830218	0.7928732731455447	0.2935290830212013	0.5848072238332505	0.1893613880002929	0.7816670702591896	0.9158841497779278	0.25886313121594284	0.8258439474927664	0.8383473987690452	0.4947868504506164	0.5306518776072143	0.5211737564251804	0.3328940929240717	0.4107912576103275	0.27053820627166714	0.7823363762356886	0.2617421522740737	0.557890701097932	0.18557820872856282	0.13440923759211462	0.6028934572354865	0.5244151841632119	0.3522994458997979	0.37628480807714987	0.79209888965878	0.5801357822195422	0.4676475521059031	0.23776405028998823	0.3241279160394688	0.6946855630885505	0.8986403105167131	0.2825887023382191	0.5964748990511214
76	0.4481345338905454	0.8617275033405228	0.36287325356716227	0.4586353259383904	0.699862560811072	0.7231513825971494	0.28588325675078663	0.3415167107785692	0.6588169621559201	0.6579786606928166	0.5262004228184487	0.4079650984696985	0.7359968182533246	0.661939133753339	0.18076377223075962	0.5022878202308387	0.6426261019420524	0.7928735069931903	0.2935291000803868	0.584807339920232	0.18936136212419086	0.7816673031892	0.9158841699845952	0.25886316609741955	0.825843818529235	0.8383475838361512	0.49478637531471586	0.5306521861260225	0.5211730745654249	0.33289408844231366	0.4107912266458554	0.27053823562846646	0.7823365848977928	0.261742158169348	0.5578904072615268	0.1855781989645845	0.13440922411312828	0.6028937307056305	0.524414614831801	0.3522995644328358	0.37628467084196815	0.792099274458856	0.5801359378992478	0.46764760066199895	0.23776404378593585	0.3241280254626022	0.6946859040036147	0.8986402024192164	0.2825886261276434	0.596474717568607
77	0.4481344736224506	0.8617274908673146	0.36287323590890386	0.4586352840717964	0.6998625893864068	0.7231511974325033	0.2858832536195456	0.34151668481853936	0.658816824216423	0.6579787007958114	0.5262005523804298	0.4079648456069981	0.735996795061585	0.6619392197678547	0.18076379011159968	0.5022878340497215	0.6426260292810995	0.7928736691442989	0.2935291169058412	0.5848074275095362	0.18936134197603396	0.7816674814197443	0.9158841905056102	0.25886319409508296	0.8258437217313956	0.83834771920636	0.4947859930055097	0.5306524217928056	0.5211725518805516	0.33289408582202085	0.4107911917941241	0.2705382677408175	0.7823367576964907	0.26174216473463935	0.5578901890783531	0.18557819033416756	0.13440920950816826	0.602893939158478	0.5244141394004251	0.35229965403928376	0.3762845659772518	0.7920995707440981	0.5801360592453029	0.4676476515528553	0.23776403892205145	0.3241281388574608	0.6946861757045214	0.8986401166084589	0.28258856829565177	0.5964745801074404
78	0.4481344282898721	0.8617274792872196	0.36287321836741193	0.458635288595769	0.6998626191809592	0.7231510660863875	0.28588328032355287	0.34151666449087925	0.6588167216757159	0.6579787421951999	0.5262006153618085	0.40796460998763295	0.735996777664595	0.6619393016724259	0.1807638072580774	0.5022878485348723	0.6426259553107638	0.7928737694532334	0.2935291334037978	0.5848074903367025	0.18936132682430892	0.7816676120418684	0.9158842111327508	0.25886321605994217	0.8258436528667478	0.8383478115302734	0.4947856921151471	0.5306525940644795	0.5211721677659061	0.3328940847920175	0.4107911539338567	0.2705383019284321	0.7823368988425873	0.26174217181416437	0.5578900365192657	0.18557818272668242	0.13440919406670687	0.6028940910478296	0.5244137470243859	0.3522997185035713	0.3762844892821078	0.7920997899308425	0.5801361506342833	0.4676477040185752	0.2377640354791948	0.32412825472353934	0.6946863868020277	0.8986400502987263	0.282588526444478	0.596474480916503
79	0.44813439592982846	0.8617274685500882	0.36287320106024445	0.45863533228327735	0.699862649773125	0.7231509812412809	0.2858833320290704	0.34151664907939056	0.6588166498448302	0.6579787843674293	0.526200621592438	0.40796439077838	0.7359967652993243	0.6619393794646119	0.18076382365238355	0.50228786346981	0.6426258808088547	0.7928738167238337	0.29352914949777154	0.5848075317498759	0.1893613160122312	0.7816677014161589	0.9158842316896676	0.2588632327576831	0.8258436081427212	0.8383478667602451	0.4947854623712828	0.5306527114231033	0.5211719037375674	0.3328940851113065	0.4107911138292499	0.27053833760166696	0.7823370121408634	0.2617421792725926	0.5578899406022116	0.1855781760408917	0.1344091780392824	0.6028941939552436	0.524413427892057	0.352299761218355	0.37628443698862657	0.7920999422626838	0.5801362159966443	0.46764775740631337	0.23776403326155293	0.3241283717767013	0.6946865450427917	0.8986400009846994	0.28258849842420775	0.5964744148395907
80	0.44813437478328405	0.8617274586070717	0.3628731840846785	0.4586354087275086	0.6998626808012661	0.7231509363543043	0.28588340446068355	0.34151663794094195	0.658816604523993	0.6579788268651098	0.5262005798149466	0.40796418714359084	0.7359967572820971	0.6619394531758898	0.18076383928536838	0.5022878786685311	0.6426258064352245	0.792873818804198	0.29352916512643296	0.5848075547438749	0.18936130895125936	0.7816677552365774	0.9158842520282423	0.25886324487595874	0.8258435841679073	0.838347890212507	0.49478529454118486	0.5306527814611119	0.521171743247163	0.3328940865662043	0.410791072142032	0.2705383742518601	0.782337101023226	0.26174218699288404	0.5578898932995621	0.1855781701842651	0.13440916164167122	0.6028942546663542	0.5244131731416758	0.35229978521888805	0.3762844057240296	0.7921000369127346	0.5801362588553081	0.4676478111585213	0.23776403209450045	0.3241284889251405	0.6946866573829589	0.8986399664175064	0.2825884823110598	0.5964743772632539
81	0.4481343632771807	0.8617274494108015	0.3628731675201435	0.45863551226395516	0.6998627119570976	0.7231509255878708	0.28588349384752765	0.3415166304991261	0.6588165819593876	0.6579788693085213	0.5262004977858625	0.4079639982527705	0.7359967530015963	0.6619395228658828	0.18076385415524743	0.5022878939721649	0.6426257327451819	0.7928737826741864	0.29352918024170105	0.5848075619917352	0.1893613051150821	0.7816677785896022	0.9158842720253005	0.25886325303115737	0.8258435779161706	0.838347886624612	0.49478518034254454	0.5306528109602824	0.5211716715102835	0.3328940889677135	0.4107910294424187	0.2705384114425601	0.7823371685796642	0.2617421948743253	0.557889887452376	0.18557816507233432	0.13440914505867319	0.6028942792415746	0.5244129747835165	0.3522997932148527	0.3762843924755999	0.7921000820783873	0.5801362823614545	0.46764786480230264	0.23776403182263164	0.3241286052476356	0.6946867300565376	0.8986399445824781	0.28258847638726914	0.5964743640684873
82	0.4481343600078049	0.8617274409155283	0.36287315143041016	0.45863563789885964	0.6998627429797005	0.7231509437455951	0.28588359687397297	0.3415166262383794	0.6588165788031367	0.6579789113779325	0.5262003823686906	0.4079638232868405	0.7359967519123856	0.6619395886173033	0.18076386826645513	0.5022879092459461	0.6426256602016057	0.7928737145260927	0.2935291948070324	0.5848075558738689	0.1893613040340523	0.7816677760089392	0.9158842915796476	0.25886325777467717	0.8258435866934819	0.8383478602084729	0.4947851123606578	0.5306528059647813	0.5211716753477356	0.3328940921491175	0.41079098621905674	0.2705384488015737	0.7823372175871011	0.2617422028307475	0.5578899166911918	0.1855781606280856	0.13440912844754194	0.6028942730814939	0.5244128256272393	0.3522997876197983	0.37628439455824125	0.7921000850689913	0.5801362893276697	0.4676479179397869	0.23776403230795218	0.3241287199739018	0.6946867686388324	0.8986399336785164	0.2825884791224814	0.5964743715860489
83	0.44813436372541443	0.8617274330772258	0.3628731358655563	0.4586357812435846	0.699862773650109	0.7231509862131461	0.2858837106344561	0.34151662469854116	0.6588165920763279	0.6579789528066602	0.5262002396194647	0.4079636614432568	0.735996753528925	0.6619396505315308	0.18076388162863058	0.5022879243764753	0.6426255891858712	0.7928736198389176	0.2935292087958909	0.5848075385049821	0.18936130529004264	0.7816677515260583	0.9158843106094009	0.2588632595987333	0.8258436081073041	0.8383478146992605	0.49478508397164844	0.5306527718486374	0.5211717430388956	0.332894095963779	0.41079094288803647	0.27053848601376584	0.7823372505362378	0.2617422107889114	0.557889975362958	0.18557815678139009	0.1344091119410892	0.6028942409872806	0.5244127192141984	0.3522997705783248	0.3762844095845125	0.7921000523868558	0.5801362822585973	0.4676479702394346	0.23776403342821936	0.3241288324668633	0.6946867781051954	0.8986399320989917	0.2825884891565701	0.5964743965552017
84	0.44813437332004913	0.8617274258536638	0.3628731208637295	0.4586359384544965	0.6998628037864233	0.7231510489037427	0.2858838325921633	0.34151662546982303	0.6588166191348969	0.6579789933748101	0.5262000748652808	0.4079635119401308	0.7359967574200469	0.661939708724758	0.1807638942557226	0.5022879392692449	0.6426255200076889	0.7928735034466521	0.29352922219038113	0.5848075117588882	0.18936130851169758	0.7816677087168062	0.9158843290495923	0.25886325894172557	0.8258436400383808	0.8383477534004257	0.49478508927140374	0.5306527133779726	0.521171864186437	0.33289410028312866	0.4107908998010512	0.2705385228145484	0.7823372696564864	0.2617422186870465	0.5578900584637232	0.1855781534684698	0.13440909565049147	0.6028941872163889	0.5244126497544769	0.35229974399114655	0.3762844354369893	0.7920999898019794	0.5801362633792416	0.4676480214281954	0.23776403507542088	0.3241289422066786	0.6946867628853611	0.898639938414081	0.28258850528379265	0.5964744360856673
85	0.4481343878084547	0.8617274192044574	0.3628731064527256	0.45863610617797246	0.6998628332394025	0.723151128207997	0.28588396054128656	0.34151662818816975	0.658816657638194	0.6579790329036379	0.5261998927762843	0.4079633740194864	0.735996763203864	0.6619397633246449	0.18076390616520285	0.5022879538464066	0.6426254529139543	0.7928733696009707	0.2935292349800285	0.5848074772913456	0.18936131337005727	0.7816676507443403	0.9158843468500156	0.258863256193192	0.8258436806147735	0.8383476792250906	0.4947851230098981	0.5306526347683186	0.5211720295917293	0.33289410499482924	0.4107908572527751	0.27053855898399964	0.7823372769390895	0.26174222647353046	0.5578901615767163	0.18557815063139746	0.1344090796678231	0.6028941155338621	0.5244126120684243	0.35229970953816997	0.3762844702428096	0.7920999024208898	0.5801362346610615	0.46764807128444436	0.23776403715438166	0.324129048776368	0.6946867269136185	0.8986399513544633	0.2825885264382002	0.5964744876225946
86	0.4481344063220477	0.8617274130910916	0.3628730926513982	0.4586362815001605	0.699862861888497	0.7231512209478257	0.2858840925725883	0.34151663253098125	0.6588167055200653	0.6579790712504772	0.5261996974315755	0.4079632469497685	0.7359967705430861	0.6619398144674205	0.18076391737737532	0.5022879680447616	0.6426253880966932	0.7928732220287141	0.29352924716069473	0.5848074365610512	0.18936131957453076	0.7816675803986132	0.9158843639732984	0.2588632516983739	0.8258437281880013	0.8383475947340523	0.49478518053058723	0.5306525397373292	0.5211722311402303	0.33289411000110203	0.41079081548752344	0.27053859434156147	0.7823372741585245	0.2617422341056971	0.5578902808154689	0.18557814821762983	0.13440906406833952	0.6028940292595133	0.5244126015324598	0.35229966869971135	0.3762845123502612	0.7920997947499727	0.580136197845994	0.4676481196316295	0.23776403958148987	0.3241291518489016	0.6946866736750728	0.8986399697962901	0.2825885516802219	0.5964745489143493
87	0.4481344280958559	0.8617274074769291	0.3628730794709175	0.4586364619011438	0.6998628896382806	0.7231513243341562	0.2858842270420281	0.3415166382131777	0.6588167609622824	0.6579791083041832	0.5261994923794574	0.4079631300277095	0.7359967791407139	0.6619398622953889	0.18076392791477244	0.5022879818139514	0.642625325700185	0.7928730639845226	0.29352925873361435	0.5848073908489085	0.18936132686919513	0.7816675001326396	0.9158843803931764	0.25886324576241726	0.8258437813111452	0.8383475021706258	0.4947852577145644	0.5306524315531919	0.5211724616962181	0.3328941152172025	0.4107907747052587	0.2705386287412631	0.7823372628922892	0.26174224154876213	0.5578904127716376	0.18557814617957197	0.13440904891253272	0.6028939313112514	0.5244126140289116	0.3522996227759773	0.3762845603072822	0.7920996707536446	0.5801361544685412	0.46764816633256767	0.23776404228353265	0.32412925117561775	0.6946866062482383	0.8986399927473526	0.28258858018434674	0.5964746179829393
88	0.4481344524583684	0.8617274023272006	0.36287306691588955	0.4586366452131807	0.6998629164152492	0.7231514359281721	0.28588436254221733	0.3415166449835829	0.6588168223701653	0.6579791439810495	0.5261992806924439	0.40796302257964306	0.7359967887360896	0.6619399069547892	0.1807639378016294	0.5022879951148338	0.642625265827337	0.7928728982989605	0.29352926970454135	0.5848073412756908	0.18936133502939886	0.781667412095758	0.9158843960929546	0.2588632386542334	0.8258438387187826	0.8383474034925466	0.49478535092917864	0.5306523130790268	0.5211727150062391	0.3328941205700344	0.4107907350669968	0.2705386620674277	0.7823372445391615	0.26174224877485647	0.5578905544672093	0.18557814447417129	0.13440903424797832	0.6028938242448151	0.5244126458996644	0.35229957290492525	0.37628461284174086	0.7920995339077179	0.5801361058760454	0.4676482112843305	0.23776404519663394	0.3241293465758528	0.694686527344197	0.8986400193343658	0.2825886112278279	0.5964746930968983
89	0.4481344788222339	0.8617273976089831	0.3628730549853515	0.4586368295827097	0.6998629421649515	0.7231515536058482	0.28588449787648285	0.34151665262160597	0.6588168883502507	0.6579791782211519	0.5261990650174071	0.4079629239623469	0.7359967991012766	0.6619399485939705	0.18076394706342747	0.5022880079180273	0.6426252085453783	0.792872727422459	0.29352928008299384	0.5848072888182058	0.18936134385864953	0.7816673181640914	0.9158844110641335	0.2588632306100428	0.8258438993086233	0.8383473004011386	0.4947854569808281	0.5306521868135471	0.5211729856106718	0.33289412599689044	0.4107906966996678	0.27053869423081683	0.7823372203360291	0.2617422557621579	0.5578907033107767	0.18557814306254014	0.13440902011099276	0.6028937102901575	0.5244126939033926	0.3522995200786147	0.37628466884337713	0.7920993872482849	0.5801360532472775	0.4676482544136682	0.23776404826528666	0.3241294379276725	0.694686439342549	0.8986400487912994	0.28258864418034124	0.5964747727464584
90	0.4481345066757484	0.8617273932911664	0.3628730436736529	0.45863701343582963	0.6998629668494217	0.7231516755255448	0.2858846320353355	0.3415166609341998	0.6588169576898593	0.6579792109850814	0.5261988476212366	0.407962833563486	0.7359968100377453	0.6619399873618468	0.18076395572649995	0.5022880202026072	0.6426251538909374	0.7928725534653868	0.2935292898815898	0.5848072343240729	0.18936135318576533	0.7816672199684096	0.9158844253051901	0.25886322183662197	0.8258439621247293	0.8383471943679474	0.49478557307165	0.5306520549282451	0.5211732687628425	0.33289413144431007	0.4107906597004772	0.27053872516517574	0.782337191373373	0.26174226249411164	0.5578908570576004	0.1855781419096049	0.13440900652811794	0.6028935913847207	0.5244127551761589	0.3522994651581568	0.37628472734728713	0.7920992334164357	0.5801359976094522	0.4676482956729213	0.2377640514414713	0.32412952515960247	0.6946863443243687	0.8986400804486823	0.28258867849452873	0.5964748556208509
91	0.44813453557507554	0.8617273893444112	0.3628730329712358	0.458637195446982	0.6998629904448891	0.723151800098437	0.2858847641751505	0.34151666975307826	0.6588170293384299	0.6579792422510322	0.5261986304323466	0.4079627508017193	0.7359968213733484	0.661940023406596	0.18076396381769352	0.5022880319549419	0.6426251018745587	0.7928723782345324	0.29352929911546183	0.58480717852521	0.18936136286227193	0.781667118919572	0.9158844388204934	0.2588632125142756	0.8258440263422013	0.83834708665902	0.4947856967598445	0.5306519193013507	0.5211735603551488	0.33289413686704517	0.41079062414081385	0.27053875482414247	0.7823371586094968	0.26174226895873254	0.5578910137731741	0.18557814098378075	0.13440899351744814	0.6028934692038189	0.52441282719517	0.3522994088873621	0.37628478751883954	0.7920990746991058	0.580135939853784	0.46764833503637576	0.23776405468385486	0.3241296082432659	0.6946862441023759	0.898640113723814	0.2825887136973645	0.5964749405875813
92	0.44813456513714806	0.861727385741099	0.36287302286532197	0.4586373745105806	0.6998630129397351	0.7231519259615711	0.2858848935988828	0.3415166789321732	0.6588171023904905	0.6579792720122092	0.5261984150783581	0.4079626751265242	0.7359968329595569	0.6619400568745786	0.18076397136407826	0.5022880431676542	0.6426250524847131	0.7928722032662775	0.2935293078017449	0.5848071220501256	0.18936137276002735	0.7816670162317323	0.9158844516193475	0.2588632027995521	0.8258440912532239	0.8383469783570138	0.4947858259233782	0.5306517815487992	0.5211738568516838	0.3328941422271229	0.4107905900697452	0.2705387831784874	0.7823371228835811	0.26174227514798176	0.5578911718000391	0.18557814025667002	0.13440898108981508	0.6028933451883453	0.5244129077454847	0.35229935190518236	0.37628484863992195	0.7920989130663362	0.580135880749685	0.46764837249702	0.23776405795706357	0.32412968718684293	0.6946861402485136	0.8986401481118208	0.2825887493822833	0.5964750266735366
93	0.4481345950331984	0.8617273824552776	0.3628730133405176	0.45863754971535076	0.6998630343326774	0.7231520519533491	0.28588501973864755	0.3415166883453137	0.6588171760701458	0.6579793002745267	0.5261982029202548	0.4079626060177884	0.7359968446689431	0.6619400879094423	0.18076397839270272	0.5022880538386983	0.6426250056913504	0.7928720298567126	0.29352931595912923	0.5848070654351062	0.18936138276905687	0.7816669129434688	0.915884463715144	0.25886319282772297	0.8258441562543685	0.8383468703812917	0.49478595872682907	0.5306516430524308	0.5211741552268749	0.33289414749300084	0.4107905575171361	0.27053881021365367	0.7823370849276424	0.2617422810572101	0.5578913297276	0.1855781397027832	0.1344089692498424	0.6028932205699976	0.5244129948894786	0.3522992947570357	0.3762849100964156	0.7920987502052119	0.5801358209577083	0.46764840806366587	0.23776406123102342	0.3241297620292724	0.6946860341191222	0.8986401831774908	0.28258878520201397	0.5964751130477843
94	0.4481346249828726	0.8617273794626016	0.3628730043793426	0.45863772032115463	0.69986305463116	0.7231521770912571	0.285885142140013	0.3415166978841109	0.6588172497169659	0.6579793270545686	0.5261979950832975	0.40796254298520995	0.7359968563928921	0.6619401166513971	0.1807639849303864	0.5022880639705393	0.6426249614490366	0.7928718590889382	0.2935293236074707	0.5848070091343823	0.1893613927955839	0.781666809936999	0.9158844751246173	0.2588631827150411	0.8258442208350569	0.8383467635061679	0.4947860935911434	0.5306515049856304	0.5211744529096852	0.33289415263880306	0.41079052649642894	0.270538835927569	0.7823370453774743	0.2617422866846623	0.5578914863647101	0.18557813929928102	0.13440895799688357	0.6028930963942162	0.5244130869388798	0.3522992379051008	0.3762849713668073	0.7920985875507287	0.5801357610413274	0.46764844175839837	0.23776406448036236	0.32412983283512586	0.6946859268778854	0.8986402185478379	0.2825888208620646	0.5964751990059386
95	0.4481346547488815	0.861727376740269	0.36287299596269473	0.458637885738097	0.6998630738499261	0.7231523005516611	0.2858852604478589	0.3415167074560342	0.6588173227731708	0.6579793523777876	0.526197792484959	0.407962485567544	0.7359968680395196	0.6619401432366332	0.18076399100354745	0.5022880735694265	0.6426249196997201	0.792871691857776	0.29352933076745413	0.584806953529354	0.18936140276024002	0.7816667079556259	0.9158844858671903	0.25886317256079644	0.8258442845670962	0.8383466583774408	0.49478622916609116	0.530651368336606	0.5211747477329473	0.3328941576436331	0.4107904970071131	0.2705388603287042	0.7823370047826418	0.2617422920310376	0.5578916407148115	0.18557813902573636	0.1344089473258531	0.6028929735410045	0.5244131824291945	0.3522991817376601	0.3762850320118493	0.7920984263138257	0.5801357014776416	0.46764847361432366	0.23776406768387082	0.32412989969008654	0.6946858195167122	0.8986402539053329	0.28258885611480977	0.5964752839559692
96	0.4481346841321496	0.8617273742669573	0.36287298807025076	0.45863804550771825	0.6998630920097597	0.723152421651509	0.285885374393669	0.3415167169826629	0.6588173947720063	0.6579793762769162	0.5261975958601259	0.4079624333317262	0.7359968795317854	0.661940167796867	0.18076399663806056	0.502288082644752	0.6426248803751594	0.7928715288920997	0.2935293374603024	0.5848068989369481	0.1893614125964418	0.7816666076195518	0.9158844959644021	0.25886316244918406	0.8258443470951979	0.8383465555273591	0.49478636430521616	0.5306512339294903	0.5211750378874289	0.33289416249095566	0.41079046903691735	0.2705388834343553	0.7823369636155966	0.2617422970990989	0.5578917919534268	0.18557813886391492	0.13440893722796188	0.6028928527438027	0.5244132800963556	0.3522991265775651	0.3762850916651873	0.7920982675068041	0.5801356426670916	0.4676485036735832	0.23776407082401368	0.32412996269697447	0.6946857128747143	0.8986402889817554	0.2825888907541311	0.596475367405342
97	0.4481347129674193	0.8617273720227561	0.36287298068081686	0.4586381992860955	0.6998631091363775	0.7231525398317814	0.28588548378412976	0.3415167263980996	0.6588174653272199	0.6579793987905722	0.526197405783797	0.40796238587190264	0.7359968908057841	0.6619401904589964	0.1807640018591411	0.5022880912084852	0.642624843399051	0.7928713707749807	0.2935293437075276	0.5848068456171783	0.18936142224892005	0.7816665094401942	0.9158845054394097	0.25886315245099867	0.8258444081284056	0.8383464553881412	0.49478649804308894	0.5306511024434398	0.5211753218802538	0.33289416716804116	0.41079044256374736	0.27053890526912516	0.7823369222799791	0.26174230189332814	0.5578919394078117	0.18557813879757296	0.13440892769136603	0.6028927346065688	0.5244133788554299	0.35229907268989624	0.37628515002487645	0.7920981119663404	0.5801355849422605	0.4676485319856113	0.23776407388649037	0.32413002197226215	0.6946856076554256	0.8986403235526171	0.2825889246105681	0.5964754489493839
98	0.448134741119277	0.861727369989101	0.362872973772629	0.4586383468286872	0.699863125259456	0.7231526546425542	0.2858855884909228	0.34151673564753393	0.658817534123546	0.6579794199620367	0.526197222691491	0.40796234280838867	0.735996901809199	0.6619402113448496	0.1807640066912527	0.5022880992746755	0.6426248086888849	0.7928712179618354	0.29352934953071846	0.5848067937799726	0.18936143167238995	0.7816664138331221	0.9158845143165534	0.25886314262516996	0.8258444674323541	0.8383463583041689	0.49478662957468383	0.5306509744298915	0.5211755984973249	0.3328941716654685	0.41079041755739754	0.270538925863588	0.7823368811181681	0.26174230641962215	0.5578920825385915	0.1855781388122714	0.13440891870173755	0.6028926196192105	0.5244134777812351	0.352299020288881	0.37628520684571637	0.7920979603742873	0.580135528575836	0.4676485586056079	0.23776407685983905	0.32413007764303114	0.6946855044424013	0.8986403574321107	0.28258895754693836	0.5964755282607725
99	0.448134768478564	0.8617273681487069	0.3628729673236109	0.4586384879767662	0.6998631404117814	0.7231527657295326	0.2858856884416041	0.3415167446859425	0.6588176009081198	0.657979439838187	0.5261970468975606	0.4079623037865777	0.7359969124999065	0.6619402305710177	0.1807640111580354	0.5022881068590185	0.6426247761575564	0.7928710707967377	0.2935293549513612	0.5848067435913277	0.18936144083035042	0.7816663211297246	0.9158845226209837	0.25886313302015124	0.8258445248222923	0.8383462645429707	0.4947867582367114	0.5306508503281315	0.5211758667694205	0.33289417597667936	0.41079039398105566	0.27053894525311645	0.7823368404181361	0.26174231068502496	0.5578922209232167	0.18557813889520516	0.13440891024276447	0.6028925081715063	0.5244135760907187	0.3522989695441322	0.3762852619323358	0.7920978132764458	0.5801354737878003	0.4676485835932074	0.23776407973508082	0.3241301298443237	0.6946854037133272	0.8986403904685415	0.2825889894543856	0.5964756050800578
100	0.44813479495914194	0.8617273664855006	0.36287296131159485	0.45863862264529975	0.6998631546285075	0.7231528728219376	0.28588578361146977	0.34151675347691607	0.6588176654827386	0.6579794584685704	0.5261968786115968	0.40796226847581823	0.7359969228447187	0.6619402482487549	0.1807640152822513	0.5022881139784748	0.6426247457147622	0.7928709295270617	0.2935293599906887	0.5848066951788494	0.1893614496940017	0.7816662315877221	0.9158845303783392	0.25886312367517356	0.8258445801568066	0.8383461743050907	0.494786883490748	0.5306507304793139	0.5211761259416606	0.33289418009758087	0.4107903717926236	0.2705389634768552	0.7823368004196624	0.26174231469749376	0.5578923542410836	0.18557813903504627	0.13440890229658864	0.6028924005656399	0.5244136731269663	0.3522989205862641	0.37628531513296515	0.7920976710994752	0.5801354207519132	0.46764860701132105	0.2377640825054001	0.32413017871684857	0.6946853058527602	0.8986404225402065	0.28258902024882426	0.5964756792071297
101	0.4481348204949822	0.8617273649845569	0.3628729557145072	0.45863875081214656	0.6998631679465124	0.7231529757216274	0.28588587401631976	0.34151676199160147	0.6588177276969044	0.6579794759046013	0.5261967179530932	0.4079622365682719	0.7359969328182517	0.6619402644839388	0.18076401908574566	0.5022881206509417	0.6426247172682019	0.7928707943165944	0.29352936466955565	0.5848066486367285	0.1893614582412716	0.7816661454006156	0.9158845376144708	0.2588631146213762	0.8258446333321816	0.8383460877329447	0.49478700490801564	0.5306506151390635	0.5211763754460523	0.33289418402619075	0.41079035094587246	0.2705389805768269	0.7823367613199577	0.2617423184656939	0.5578924822601771	0.1855781392218006	0.13440889484418594	0.6028922970274669	0.5244137683447103	0.3522988735119374	0.3762853663338385	0.7920975341661003	0.5801353696015458	0.4676486289251362	0.2377640851658589	0.32413022440500233	0.6946852111636134	0.898640453551678	0.2825890498677424	0.5964757504935517
102	0.44813484503755224	0.8617273636320334	0.3628729505105248	0.45863887250844715	0.6998631804038428	0.7231530742933454	0.2858859597060354	0.34151677020774984	0.658817787441576	0.6579794921988704	0.5261965649645264	0.40796220777776815	0.7359969424019094	0.6619402793770808	0.18076402258942117	0.5022881268949673	0.6426246907246048	0.792870665257258	0.29352936900833637	0.5848066040302031	0.18936146645594076	0.781666062706164	0.9158845443552083	0.2588631058828241	0.825844684277347	0.8383460049187496	0.49478712215567433	0.5306505044887834	0.5211766148768535	0.3328941877623224	0.41079033139144655	0.2705389965971555	0.7823367232787464	0.261742321998821	0.5578926048251023	0.185578139446676	0.1344088878656966	0.6028921977166232	0.5244138612972207	0.35229882838838456	0.3762854154541707	0.7920974027087604	0.5801353204349214	0.46764864940125445	0.2377640877131404	0.32413026705517256	0.6946851198774903	0.8986404834304617	0.28258907826733515	0.5964758188356835
103	0.44813486855347157	0.8617273624151084	0.36287294567820544	0.45863898781009904	0.6998631920392363	0.7231531684559976	0.2858860407588922	0.34151677810886183	0.6588178446435718	0.6579795074045532	0.5261964196229985	0.4079621818386633	0.735996951582972	0.6619402930233773	0.18076402581322376	0.5022881327295043	0.6426246659906056	0.7928705423795666	0.2935293730268419	0.5848065613995513	0.18936147432685874	0.7816659835939772	0.9158845506261644	0.25886309747742203	0.8258447329493549	0.838345925911609	0.49478723498449917	0.5306503986457799	0.5211768439685075	0.3328941913073048	0.4107903130777368	0.2705390115833956	0.7823366864228503	0.26174232530644653	0.5578927218463837	0.18557813970196238	0.1344088813407099	0.6028921027355748	0.5244139516244635	0.35229878525745995	0.37628546244165967	0.7920972768818383	0.5801352733198154	0.46764866850695413	0.23776409014532154	0.32413030681429217	0.6946850321639669	0.8986405121239956	0.28258910541993787	0.5964758841685258
104	0.4481348910224159	0.8617273613219206	0.36287294119659336	0.45863909683021187	0.6998632028917129	0.7231532581748661	0.28588611727654	0.3415167856834207	0.6588178992605644	0.6579795215749067	0.5261962818505732	0.40796215850471446	0.7359969603537823	0.6619403055127963	0.18076402877613784	0.502288138173701	0.6426246429734821	0.7928704256619307	0.29352937674425505	0.5848065207636576	0.18936148184724244	0.7816659081123024	0.915884556452569	0.2588630894177341	0.8258447793293444	0.8383458507238314	0.494787343217823	0.5306502976723118	0.5211770625759211	0.332894194663735	0.4107902959516327	0.270539025581955	0.7823366508503157	0.2617423283983848	0.5578928332909162	0.18557813998092193	0.13440887524850856	0.6028920121377057	0.5244140390424264	0.35229874413925677	0.3762855072684658	0.7920971567725911	0.5801352282977593	0.4676486863095633	0.23776409246166877	0.3241303438286158	0.6946849481389141	0.8986405395969622	0.28258913131173385	0.5964759464602227
105	0.44813491243524534	0.8617273603415102	0.36287293704530604	0.45863919971244965	0.6998632130002286	0.7231533434546731	0.2858861893795838	0.341516792924207	0.6588179512766144	0.6579795347628435	0.5261961515234306	0.4079621375479747	0.7359969687110175	0.6619403169301923	0.18076403149618997	0.5022881432467213	0.6426246215817722	0.7928703150389195	0.2935293801790799	0.584806482123189	0.18936148901405006	0.7816658362740756	0.9158845618591348	0.25886308171171746	0.8258448234189458	0.8383457793365507	0.49478744674163433	0.5306502015836582	0.5211772706568737	0.3328941978352595	0.4107902799591687	0.2705390386396022	0.7823366166341246	0.26174233128457886	0.5578929391734652	0.18557814027768887	0.13440886956827708	0.6028919259345275	0.5244141233335107	0.35229870503533117	0.37628554992762914	0.7920970424109052	0.5801351853877966	0.4676487028759304	0.23776409466245801	0.3241303782426937	0.6946848678719416	0.8986405658288815	0.28258915594071055	0.5964760057071606
106	0.44813493279233685	0.861727359463763	0.36287293320460173	0.4586392966251732	0.699863222403384	0.7231534243334194	0.2858862572037058	0.34151679982768546	0.6588180006981935	0.657979547020577	0.5261960284799524	0.4079621187577158	0.7359969766550416	0.6619403273554433	0.1807640339904593	0.5022881479675946	0.6426246017257845	0.7928702104085763	0.29352938334910555	0.5848064454634204	0.18936149582742312	0.7816657680623057	0.9158845668699467	0.2588630743633768	0.8258448652370843	0.8383457117047144	0.49478754549572834	0.5306501103552977	0.5211774682563659	0.33289420082638127	0.41079026504607635	0.27053905080304774	0.7823365838255221	0.26174233397500385	0.5578930395491165	0.18557814058717845	0.13440886427927842	0.6028918441020933	0.5244142043378995	0.3522986679315685	0.3762855904298789	0.7920969337779755	0.5801351445898276	0.4676487182719826	0.23776409674881432	0.32413041019851957	0.6946847913930442	0.8986405908119668	0.2825891793148417	0.596476061929611
107	0.44813495210210275	0.8617273586793555	0.36287292965543244	0.4586393877563034	0.6998632311391818	0.7231535008769218	0.2858863208962756	0.34151680639345955	0.6588180475506539	0.6579795583993264	0.5261959125278403	0.40796210193938254	0.7359969841893298	0.661940336863607	0.1807640362750938	0.5022881523550893	0.6426245833180158	0.7928701116388789	0.2935293862713795	0.584806410756738	0.1893615022901907	0.7816657034348544	0.9158845715083734	0.25886306737334897	0.8258449048171489	0.8383456477614982	0.49478763946581517	0.5306500239292783	0.5211776554927245	0.33289420364229144	0.4107902511582511	0.27053906211859186	0.7823365524569962	0.26174233647958406	0.5578931345065894	0.1855781409050041	0.13440885936100191	0.6028917665866897	0.52441428194582	0.3522986328007253	0.3762856288008044	0.7920968308140152	0.5801351058875834	0.46764873256235895	0.23776409872256998	0.3241304398348323	0.694684718698523	0.8986406145492114	0.28258920145047567	0.5964761151678653
108	0.44813497037967737	0.8617273579797043	0.3628729263794818	0.4586394733088332	0.6998632392448249	0.723153573173985	0.2858863806133975	0.3415168126237864	0.658818091875099	0.6579795689490759	0.5261958034503658	0.40796208691358216	0.7359969913199583	0.6619403455250896	0.18076403836533098	0.5022881564276085	0.6426245662734844	0.7928700185734278	0.2935293889621925	0.5848063779648548	0.18936150840743027	0.7816656423286659	0.9158845757969996	0.25886306073942117	0.8258449422044879	0.8383455874222036	0.4947877286765002	0.5306499422198563	0.5211778325453017	0.33289420628872063	0.41079023824214567	0.2705390726318303	0.7823365225449405	0.26174233880812464	0.5578932241623275	0.18557814122740163	0.13440885479328687	0.6028916933098731	0.5244143560906176	0.35229859960467785	0.37628566507834954	0.792096733425082	0.5801350692512627	0.46764874581011245	0.23776410058613992	0.3241304672865516	0.6946846497562464	0.8986406370526941	0.2825892223709087	0.5964761654788149
109	0.44813498764575566	0.8617273573569154	0.36287292335919324	0.45863955349692204	0.6998632467565553	0.7231536413321475	0.28588643651735085	0.3415168185231467	0.6588181337256199	0.6579795787183822	0.5261957010118342	0.40796207351511315	0.7359969980551531	0.6619403534058258	0.18076404027552284	0.5022881602031048	0.6426245505099938	0.792869931036438	0.2935293914370709	0.5848063470407626	0.1893615141860788	0.7816655846635019	0.9158845797575728	0.2588630544569916	0.8258449774542017	0.8383455305876858	0.4947878131850533	0.5306498651184736	0.5211779996436133	0.3328942087718109	0.41079022624509676	0.2705390823874121	0.7823364940920267	0.2617423409702541	0.5578933086552963	0.1855781415511613	0.13440885055642351	0.602891624172915	0.5244144267425743	0.35229856829640516	0.37628569931060124	0.7920966414891085	0.5801350346398629	0.4676487580764705	0.23776410234241133	0.3241304926843329	0.6946845845103135	0.8986406583420726	0.2825892421051265	0.5964762129329364
110	0.4481350039255698	0.8617273568037382	0.36287292057778603	0.4586396285425117	0.6998632537095234	0.723153705473943	0.28588648877438094	0.34151682409786444	0.658818173166861	0.6579795877542213	0.5261956049623471	0.40796206159203285	0.735997004404893	0.6619403605674652	0.18076404201916318	0.5022881636990124	0.6426245359483315	0.7928698488371039	0.2935293937107762	0.5848063179304493	0.1893615196345907	0.7816655303452286	0.915884583410967	0.2588630485194763	0.8258450106292045	0.838345477147362	0.49478789307589377	0.5306497924981372	0.5211781570577795	0.33289421109800305	0.4107902151155943	0.27053909142884236	0.7823364670893163	0.2617423429753778	0.5578933881424145	0.1855781418735657	0.1344088466312349	0.6028915590607128	0.5244144939033998	0.3522985388217332	0.37628573155384437	0.792096554861211	0.5801350020032362	0.4676487694206474	0.23776410399464804	0.3241305161542243	0.6946845228851762	0.8986406784432558	0.28258926068669743	0.5964762576116385
111	0.4481350192479896	0.8617273563135208	0.3628729180192639	0.4586396986724098	0.6998632601376878	0.7231537657336278	0.28588653755280335	0.3415168293557708	0.6588182102718814	0.6579795961018737	0.5261955150419306	0.4079620510047666	0.73599701038056	0.6619403670675639	0.18076404360891804	0.5022881669321926	0.6426245225124148	0.7928697717734006	0.29352939579731063	0.5848062905744027	0.18936152476263665	0.7816654792687007	0.9158845867771587	0.2588630429186685	0.8258450417985249	0.8383454269818391	0.4947879684557234	0.5306497242172602	0.5211783050901369	0.3328942132739407	0.41079020480349887	0.270539099798325	0.7823364415181322	0.26174234483263975	0.5578934627945564	0.1855781421923335	0.1344088429991416	0.6028914978452191	0.5244145576013349	0.35229851112086186	0.3762857618708543	0.7920964733783508	0.5801349712838958	0.46764877989970144	0.2377641055464056	0.3241305378174132	0.694684464789274	0.8986406973872333	0.28258927815280266	0.5964762996049373
112	0.44813503364473495	0.8617273558801666	0.3628729156684158	0.4586397641157887	0.6998632660737387	0.7231538222543267	0.2858865830213882	0.34151683430591034	0.6588182451202869	0.6579796038048394	0.5261954309841014	0.4079620416252599	0.7359970159946334	0.6619403729597779	0.18076404505665708	0.5022881699188939	0.6426245101293886	0.7928696996353818	0.29352939770992786	0.5848062649089223	0.1893615295808403	0.7816654313202795	0.9158845898752109	0.2588630376450544	0.8258450710358263	0.8383453799652011	0.49478803944924266	0.5306496601230191	0.5211784440679073	0.3328942153063867	0.410790195260215	0.27053910753664023	0.7823364173517166	0.2617423465508933	0.5578935327930701	0.1855781425055691	0.13440883964221217	0.6028914403884384	0.5244146178868132	0.35229848512969975	0.37628579032940596	0.7920963968634085	0.580134942418599	0.46764878956843126	0.2377641070014586	0.3241305577900504	0.6946844101182258	0.898640715209048	0.2825892945433885	0.5964763390094279
113	0.4481350471496885	0.8617273554980962	0.36287291351081036	0.45863982510205714	0.6998632715490439	0.7231538751855543	0.28588662534799175	0.34151683895828155	0.6588182777965982	0.6579796109047806	0.5261953525189269	0.40796203333617126	0.735997021260424	0.6619403782940569	0.18076404637348664	0.502288172674722	0.6426244987296836	0.7928696322080243	0.29352939946114776	0.5848062408672604	0.1893615341005481	0.7816653863800279	0.915884592723271	0.2588630326880894	0.825845098418119	0.8383453359669906	0.4947881061953947	0.5306496000542742	0.5211785743368135	0.3328942172021523	0.4107901864388247	0.27053911468305225	0.7823363945566921	0.2617423481386778	0.5578935983267548	0.1855781428117166	0.13440883654319988	0.602891386545033	0.5244146748286221	0.3522984607810226	0.37628581700097585	0.7920963251287362	0.5801349153397275	0.46764879847930646	0.2377641083637371	0.32413057618314123	0.6946843587576249	0.8986407319468954	0.28258930990043013	0.5964763759265183
114	0.44813505979829904	0.8617273551622079	0.362872911532786	0.45863988185906	0.699863276593614	0.7231539246810726	0.28588666469840895	0.34151684332361204	0.6588183083888383	0.6579796174414873	0.5261952793756353	0.4079620260301084	0.7359970261918416	0.6619403831168367	0.1807640475697833	0.50228817521462	0.6426244882470392	0.7928695692736705	0.2935294010627745	0.5848062183806088	0.18936153833362998	0.7816653443236111	0.915884595338573	0.25886302803643996	0.8258451240246489	0.8383452948539175	0.49478816884408305	0.5306495438441013	0.5211786962555459	0.33289421896803717	0.4107901782941882	0.27053912127524277	0.7823363730943479	0.26174234960420206	0.5578936595892519	0.18557814310951884	0.13440883368556913	0.6028913361645822	0.5244147285105214	0.35229843800547767	0.37628584195961695	0.7920962579792361	0.5801348899764878	0.46764880668242625	0.23776410963727151	0.32413059310249276	0.6946843105854774	0.8986407476413409	0.2825893242672934	0.5964764104609033
115	0.4481350716270653	0.8617273548678435	0.36287290972143493	0.4586399346115718	0.6998632812360823	0.723153970897049	0.28588670123542054	0.3415168474131625	0.6588183369873104	0.6579796234528628	0.5261952112848264	0.4079620196089055	0.7359970308031956	0.6619403874712292	0.18076404865522833	0.5022881775528565	0.6426244786184976	0.7928695106141088	0.29352940252591725	0.584806197378948	0.18936154229230648	0.7816653050239358	0.9158845977374469	0.25886302367819375	0.8258451479359403	0.8383452564913241	0.49478822755331475	0.5306494913219741	0.5211788101909897	0.33289422061077817	0.41079017078301333	0.27053912734926827	0.7823363529217663	0.2617423509553323	0.5578937167768037	0.1855781433979802	0.13440883105351176	0.6028912890935277	0.5244147790282697	0.3522984167324467	0.3762858652809892	0.7920961952150181	0.5801348662559488	0.4676488142255038	0.23776411082614632	0.3241306086487102	0.6946842654743196	0.8986407623346393	0.28258933768818534	0.5964764427192486
116	0.4481350826730919	0.8617273546107541	0.36287290806458583	0.45863998358004743	0.6998632855036993	0.7231540139904824	0.28588673511801155	0.3415168512385567	0.6588183636835494	0.6579796289749263	0.526195147980328	0.40796201398294135	0.7359970351090218	0.6619403913972086	0.18076404963884132	0.5022881797030209	0.642624469784373	0.7928694560123378	0.29352940386101356	0.5848061777917734	0.1893615459890002	0.7816652683525556	0.9158845999353349	0.25886301960104124	0.825845170232979	0.8383452207444312	0.4947882824867259	0.5306494423156338	0.5211789165141306	0.33289422213700753	0.41079016386390166	0.27053913293953524	0.7823363339928076	0.2617423521995856	0.5578937700863418	0.18557814367633335	0.13440882863195522	0.6028912451768418	0.5244148264870226	0.3522983968907856	0.37628588704152827	0.7920961366336822	0.5801348441039347	0.46764882115387096	0.23776411193445957	0.32413062291723427	0.6946842232930484	0.8986407760701473	0.2825893502076842	0.5964764728090649
117	0.44813509297370985	0.8617273543870692	0.36287290655078197	0.4586400289796017	0.699863289422339	0.7231540541178674	0.285886766500741	0.34151685481163574	0.6588183885694269	0.6579796340418302	0.5261950892007371	0.4079620090704976	0.7359970391239367	0.6619403949317928	0.18076405052901423	0.5022881816780252	0.6426244616882008	0.7928694052540429	0.2935294050778536	0.5848061595487122	0.189361549436209	0.7816652341808685	0.9158846019468101	0.25886301579243226	0.8258451909965179	0.8383451874793937	0.4947883338114482	0.5306493966526826	0.5211790155965673	0.33289422355321796	0.41079015749737147	0.270539138078793	0.7823363162589662	0.2617423533441259	0.5578938197138663	0.1855781439440095	0.13440882640656407	0.6028912042594465	0.5244148709990615	0.35229837840945255	0.37628590731773776	0.7920960820322638	0.5801348234457885	0.46764882751050096	0.23776411296628946	0.32413063599841224	0.6946841839084943	0.8986407888918185	0.2825893618703389	0.596476500837751
118	0.4481351025661547	0.8617273541932671	0.3628729051692581	0.4586400710191884	0.6998632930165146	0.7231540914340712	0.2858867955332443	0.34151685814433314	0.6588184117363931	0.657979638685888	0.526195034690686	0.40796200479715505	0.7359970428625121	0.6619403981092192	0.1807640513335452	0.50228818349011	0.6426244542766688	0.792869358128826	0.2935294061856056	0.5848061425800439	0.18936155264639823	0.7816652023811289	0.9158846037856012	0.25886301223971014	0.8258452103064929	0.838345156564182	0.4947883816962802	0.5306493541619296	0.5211791078075609	0.332894224865734	0.4107901516458627	0.2705391427981401	0.7823362996701112	0.26174235439576427	0.5578938658530863	0.18557814420061153	0.13440882436373505	0.6028911661874133	0.5244149126818205	0.3522983612180374	0.3762859261855908	0.7920960312088813	0.5801348042070205	0.46764883333604584	0.23776411392566552	0.3241306479775977	0.6946841471867676	0.8986408008437735	0.28258937272033136	0.5964765269117857
119	0.4481351114872946	0.8617273540261481	0.362872903909915	0.45864010990095505	0.6998632963094016	0.723154126091397	0.2858868223598506	0.3415168612485684	0.658818433274839	0.6579796429376124	0.5261949842018627	0.40796200109522845	0.7359970463391695	0.6619404009611156	0.18076405205967078	0.5022881851508546	0.6426244474995361	0.7928693144312102	0.29352940719284326	0.5848061268171343	0.18936155563190998	0.7816651728272962	0.915884605464618	0.2588630089302258	0.8258452282415366	0.8383451278693144	0.49478842631013087	0.5306493146745179	0.5211791935115617	0.33289422608068964	0.4107901462737259	0.2705391471270426	0.7823362841751254	0.2617423553609614	0.5578939086942872	0.18557814444589046	0.13440882249058764	0.6028911308089658	0.5244149516561816	0.3522983452472047	0.37628594372002894	0.7920959839641181	0.5801347863138547	0.4676488386688856	0.23776411481654544	0.3241306589352731	0.694684112994398	0.8986408119699343	0.2825893828011947	0.5964765511360541
120	0.44813511977340487	0.8617273538828074	0.36287290276329376	0.4586401458197506	0.6998632993228692	0.7231541582388132	0.28588684711930074	0.34151686413615795	0.6588184532735675	0.6579796468257624	0.5261949374938206	0.40796199790323623	0.7359970495680936	0.6619404035166636	0.18076405271409834	0.5022881866711921	0.642624441309539	0.7928692739614525	0.293529408107572	0.5848061121927933	0.18936155840488716	0.7816651453957371	0.9158846069959797	0.25886300585143335	0.8258452448785765	0.8383451012684546	0.4947884678207042	0.5306492780248587	0.5211792730661582	0.3328942272040111	0.41079014134719893	0.27053915109336213	0.7823362697224518	0.2617423562458327	0.5578939484234031	0.18557814467972386	0.13440882077495045	0.6028910979753114	0.5244149880450082	0.35229833042905856	0.376285959994547	0.7920959401021718	0.5801347696936847	0.4676488435451882	0.2377641156427955	0.32413066894719095	0.6946840811992964	0.8986408223137177	0.28258939215557943	0.5964765736132895
121	0.4481351274599811	0.8617273537606132	0.3628729017205478	0.45864017896276577	0.6998633020775149	0.7231541880213287	0.28588686994455303	0.34151686681873983	0.6588184718193574	0.657979650377395	0.526194894334599	0.4079619951654053	0.7359970525631597	0.661940405802756	0.18076405330303696	0.5022881880614256	0.6426244356622915	0.7928692365261847	0.29352940893725615	0.5848060986415664	0.18936156097721168	0.7816651199658003	0.9158846083910459	0.2588630029909713	0.8258452602925096	0.8383450766388924	0.4947885063933972	0.5306492440513941	0.5211793468203986	0.332894228241403	0.41079013683437177	0.270539154723392	0.7823362562605589	0.26174235705615506	0.5578939852212658	0.18557814490209704	0.13440881920534398	0.6028910675413189	0.5244150219718905	0.35229831669743994	0.3762859750808541	0.7920958994317953	0.5801347542754487	0.4676488479989757	0.23776411640817524	0.3241306780845296	0.6946840516715536	0.8986408319177807	0.2825894008250634	0.5964765944436191
122	0.4481351345815876	0.8617273536571826	0.3628729007734161	0.45864020950928897	0.6998633045927057	0.7231542155794946	0.2858868909626626	0.3415168693077121	0.6588184889966129	0.657979653617924	0.5261948545011829	0.4079619928312094	0.7359970553378751	0.6619404078441473	0.18076405383222782	0.5022881893312472	0.6426244305161756	0.792869201938906	0.29352940968884633	0.5848060860999673	0.18936156336045334	0.7816650964202808	0.915884609660447	0.25886300033672827	0.8258452745559439	0.8383450538619217	0.4947885421903887	0.5306492125972112	0.5211794151134383	0.3328942291983395	0.41079013270514303	0.2705391580418996	0.7823362437383324	0.2617423577973753	0.55789401926301	0.18557814511308643	0.13440881777096103	0.6028910393660645	0.5244150535600819	0.3522983039881648	0.3762859890486002	0.7920958617670573	0.580134739989936	0.46764885206219853	0.23776411711632492	0.3241306864140599	0.6946840242841005	0.8986408408238105	0.2825894088499995	0.596476613724201
123	0.4481351411717375	0.8617273535703619	0.36287289991419464	0.45864023763056083	0.6998633068866205	0.72315424104902	0.285886910294726	0.3415168716141827	0.6588185048870843	0.6579796565711793	0.5261948177798221	0.4079619908549379	0.7359970579053329	0.661940409663597	0.18076405430697273	0.5022881904897591	0.6426244258322305	0.7928691700203452	0.2935294103688061	0.584806074506659	0.18936156556582978	0.7816650746457809	0.915884610814117	0.2588629978768976	0.8258452877389968	0.8383450328231282	0.4947885753698929	0.5306491835105237	0.5211794782734759	0.3328942300800578	0.41079012893116923	0.2705391610721743	0.7823362321054044	0.2617423584746197	0.557894050717616	0.1855781453128445	0.134408816461645	0.6028910133132576	0.5244150829316029	0.3522982922392091	0.3762860019651624	0.7920958269279427	0.5801347267700298	0.4676488557648127	0.23776411777075612	0.3241306939983197	0.6946839989132417	0.8986408490723555	0.2825894162693963	0.5964766315489406
124	0.44813514726279824	0.8617273534982075	0.3628728991357087	0.4586402634897131	0.6998633089762958	0.7231542645604832	0.2858869280558798	0.3415168737489292	0.6588185195696529	0.6579796592594729	0.5261947839662293	0.40796198919529497	0.7359970602781756	0.6619404112820066	0.18076405473216242	0.5022881915454956	0.6426244215740364	0.7928691405987113	0.2935294109831383	0.5848060638025901	0.189361567604175	0.7816650545329908	0.9158846118613253	0.2588629956000204	0.825845299909144	0.8383450134126001	0.4947886060855613	0.5306491566450392	0.5211795366169373	0.33289423089155484	0.410790125485808	0.27053916383607896	0.7823362213124234	0.2617423590927047	0.5578940797475695	0.1855781455015869	0.134408815267866	0.6028909892515674	0.5244151102064941	0.35229828139084907	0.3762860138954806	0.7920957947408143	0.5801347145508972	0.46764885913486076	0.2377641183748448	0.3241307008957942	0.6946839754390812	0.898640856702691	0.2825894231208281	0.5964766480082755
125	0.4481351528859217	0.8617273534389669	0.3628728984312858	0.45864028724178024	0.6998633108776736	0.7231542862391278	0.28588694435534573	0.3415168757223672	0.6588185331201724	0.6579796617036627	0.5261947528656741	0.407961987815028	0.7359970624685688	0.6619404127185485	0.18076405511230284	0.5022881925064462	0.6426244177075986	0.7928691135098472	0.29352941153741086	0.5848060539310929	0.1893615694859159	0.7816650359768903	0.9158846128107097	0.2588629934950196	0.8258453111311131	0.8383449955250706	0.4947886344860125	0.5306491318602279	0.5211795904478799	0.3328942316375865	0.4107901223440581	0.2705391663541047	0.7823362113112772	0.2617423596561482	0.5578941065086264	0.1855781456795806	0.13440881418069678	0.6028909670548587	0.5244151355022011	0.35229827138576125	0.376286024901939	0.792095765038753	0.5801347032701311	0.46764886219855545	0.2377641189318266	0.32413070716109904	0.6946839537458513	0.8986408637527155	0.28258942944036936	0.5964766631890207
126	0.4481351580709941	0.8617273533910635	0.36287289779472803	0.4586403090337706	0.6998633126056494	0.7231543062047321	0.2858869592965139	0.3415168775445268	0.6588185456113576	0.6579796639232208	0.5261947242929884	0.40796198668058176	0.735997064488181	0.6619404139907892	0.180764055451541	0.5022881933800791	0.6426244142012288	0.792869088597302	0.2935294120367823	0.5848060448379461	0.18936157122105562	0.7816650188768872	0.9158846136703085	0.25886299155122566	0.8258453214668151	0.8383449790600028	0.4947886607144732	0.5306491090215041	0.5211796400575821	0.33289423232266857	0.41079011948249455	0.27053916864542726	0.7823362020552681	0.2617423601691816	0.5578941311496637	0.185578145847134	0.13440881319178696	0.602890946602351	0.5244151589330748	0.3522982621690894	0.37628603504428443	0.7920957376617945	0.5801346928678522	0.46764886498036357	0.2377641194447935	0.3241307128451649	0.6946839337221603	0.8986408702588741	0.28258943526255154	0.596476677174267
127	0.4481351628466035	0.8617273533530805	0.36287289722028593	0.45864032900478957	0.6998633141741212	0.7231543245715405	0.28588697297705834	0.3415168792250356	0.6588185571127148	0.6579796659362986	0.5261946980724993	0.40796198576177806	0.7359970663481724	0.6619404151148052	0.18076405575368887	0.5022881941733655	0.6426244110254297	0.7928690657123297	0.29352941248602527	0.5848060364714115	0.18936157281916272	0.7816650031369011	0.9158846144475918	0.25886298975839517	0.8258453309753063	0.8383449639216248	0.4947886849085176	0.5306490880003336	0.5211796857242984	0.3328942329510793	0.410790116879203	0.27053917072796546	0.7823361934992534	0.2617423606357617	0.5578941538126089	0.18557814600458794	0.13440881229333718	0.6028909277787129	0.5244151806099733	0.3522982536884811	0.3762860443795789	0.7920957124570738	0.5801346832867753	0.46764886750309065	0.2377641199166928	0.3241307179954211	0.6946839152611657	0.8986408762561047	0.28258944062033803	0.5964766900433222
128	0.4481351672400225	0.8617273533237471	0.3628728967026325	0.45864034728620284	0.6998633155960386	0.7231543414482484	0.2858869854890782	0.3415168807731072	0.6588185676905077	0.6579796677597952	0.5261946740378965	0.40796198503152015	0.7359970680591879	0.6619404161052921	0.18076405602224666	0.5022881948928033	0.6426244081527785	0.7928690447138321	0.2935294128895512	0.5848060287822436	0.1893615742893652	0.7816649886653976	0.9158846151494944	0.2588629881067229	0.8258453397127808	0.838344950018923	0.49478870719989076	0.5306490686742789	0.5211797277131498	0.3328942335268636	0.41079011451371245	0.27053917261843924	0.7823361855997495	0.26174236105958326	0.5578941746324322	0.18557814615230803	0.13440881147807301	0.602890910474098	0.5244152006399542	0.35229824589409986	0.3762860529621789	0.7920956892788933	0.580134674472245	0.4676488697879651	0.23776412035032668	0.3241307226559786	0.6946838982606873	0.8986408817778047	0.2825894455451155	0.5964767018716919
129	0.44813517127720376	0.8617273533019251	0.3628728962368378	0.458640364001835	0.699863316883451	0.7231543569380322	0.28588699691926	0.3415168821975351	0.6588185774077538	0.6579796694094217	0.5261946520320507	0.40796198446551885	0.7359970696313552	0.6619404169756675	0.18076405626042458	0.5022881955444414	0.6426244055578147	0.7928690254682496	0.2935294132514317	0.5848060217236799	0.1893615756403494	0.7816649753753833	0.9158846157824441	0.25886298658684925	0.8258453477325849	0.8383449372655984	0.49478872771440435	0.5306490509269887	0.5211797662761345	0.3328942340538387	0.4107901123669267	0.2705391743324288	0.7823361783150076	0.26174236144409196	0.5578941937371946	0.18557814629067795	0.134408810739219	0.6028908945841351	0.5244152191260413	0.3522982387386154	0.3762860608437399	0.7920956679887258	0.5801346663722455	0.46764887185472187	0.23776412074835354	0.32413072686780875	0.6946838826232657	0.8986408868558138	0.28258945006669844	0.5964767127310919
130	0.4481351749827863	0.8617273532865972	0.3628728958183455	0.45864037926819473	0.6998633180475562	0.7231543711386168	0.2858870073490563	0.3415168835066906	0.6588185863242461	0.6579796708997669	0.5261946319067885	0.4079619840420399	0.7359970710742886	0.6619404177381681	0.18076405647116348	0.502288196133903	0.6426244032169278	0.7928690078494117	0.2935294135754215	0.5848060152514128	0.1893615768803616	0.7816649631843662	0.9158846163523928	0.2588629851898626	0.82584535508525	0.8383449255799964	0.4947887465718938	0.530649034648144	0.5211798016522372	0.3328942345356	0.41079011042105695	0.2705391758844327	0.7823361716050655	0.2617423617924961	0.557894211248141	0.18557814642009354	0.1344088100704725	0.6028908800098751	0.5244152361670622	0.35229823217717743	0.37628606807324066	0.7920956484551606	0.5801346589373896	0.4676488737216832	0.23776412111328987	0.32413073066891945	0.6946838682561756	0.8986408915204125	0.28258945421334497	0.5964767226894878
131	0.44813517838011063	0.8617273532768562	0.36287289544294854	0.4586403931947212	0.699863319098747	0.7231543841423747	0.2858870168548768	0.3415168847085241	0.6588185944965957	0.6579796722443608	0.5261946135226332	0.40796198374167125	0.7359970723970942	0.66194041840394	0.18076405665715442	0.5022881966664091	0.6426244011082511	0.7928689917383543	0.2935294138649782	0.5848060093235473	0.18936157801721365	0.7816649520142879	0.9158846168648448	0.25886298390729784	0.8258453618185447	0.8383449148850081	0.4947887638862294	0.5306490197333644	0.5211798340676218	0.332894234975528	0.4107901086595537	0.27053917728792554	0.7823361654317754	0.26174236210777957	0.5578942272798311	0.18557814654095792	0.13440880946597866	0.6028908666577071	0.5244152518575407	0.35229822616737283	0.3762860746970238	0.792095630553804	0.5801346521208878	0.4676488754058393	0.23776412144751305	0.32413073409452575	0.6946838550714001	0.8986408958003325	0.28258945801178287	0.5964767318111579
132	0.4481351814912424	0.8617273532718936	0.362872895106768	0.4586404058840465	0.6998633200466567	0.7231543960364513	0.28588702550828793	0.34151688581056955	0.6588186019782948	0.6579796734557347	0.5261945967485204	0.4079619835471085	0.7359970736083797	0.6619404189831235	0.18076405682085706	0.5022881971468015	0.6426243992115558	0.7928689770231095	0.2935294141232827	0.5848060039005467	0.18936157905829054	0.7816649417914323	0.9158846173248851	0.25886298273113206	0.8258453679775376	0.8383449051079547	0.49478877976537006	0.530649006084085	0.5211798637358926	0.3328942353767962	0.41079010706704083	0.27053917855541404	0.7823361597588157	0.2617423623927137	0.5578942419403025	0.1855781466536772	0.13440880892030496	0.6028908544392447	0.5244152662876408	0.3522982206691718	0.37628608075885106	0.7920956141671414	0.5801346458785032	0.4676488769229259	0.23776412175326492	0.32413073717721574	0.6946838429855742	0.8986408997227773	0.2825894614872423	0.5964767401567738
133	0.44813518433700106	0.8617273532709919	0.36287289480623075	0.4586404174322694	0.6998633209002053	0.7231544069029104	0.28588703337621957	0.34151688681995185	0.6588186088197895	0.6579796745454827	0.5261945814614918	0.4079619834429581	0.735997074716266	0.661940419484933	0.18076405696451678	0.5022881975795641	0.6426243975081518	0.7928689635984737	0.29352941435325797	0.5848059989451686	0.18936158001056014	0.7816649324463143	0.9158846177372042	0.25886298165377697	0.8258453736046728	0.8383448961804548	0.4947887943114557	0.5306489936074062	0.5211798908584115	0.33289423574237864	0.41079010562925	0.27053917969849256	0.7823361545516843	0.2617423626498695	0.5578942553312574	0.1855781467586568	0.13440880842841746	0.6028908432711909	0.5244152795431527	0.35229821564486385	0.37628608629996946	0.7920955991843665	0.5801346401684933	0.4676488782874987	0.23776412203265535	0.32413073994711067	0.6946838319198991	0.8986409033134508	0.2825894646634958	0.5964767477834972
134	0.44813518693699483	0.8617273532735144	0.3628728945380493	0.45864042792923676	0.6998633216676405	0.7231544168188961	0.2858870405211743	0.3415168877433954	0.6588186150685693	0.6579796755243177	0.5261945675463748	0.4079619834155563	0.7359970757283999	0.661940419917731	0.18076405709018128	0.5022881979688452	0.6426243959807901	0.7928689513657615	0.29352941455758647	0.5848059944223934	0.1893615808805848	0.7816649239135542	0.9158846181061256	0.25886298066807006	0.8258453787398529	0.8383448880382798	0.49478880762092914	0.5306489822159243	0.5211799156246599	0.33289423607505864	0.4107901043329577	0.2705391807278966	0.7823361497776815	0.2617423628816286	0.5578942675482693	0.18557814685629867	0.13440880798565685	0.602890833075184	0.5244152917055142	0.3522982110589854	0.3762860913591864	0.7920955855011876	0.5801346349515416	0.4676488795130066	0.23776412228766716	0.32413074243201906	0.694683821800037	0.8986409065965943	0.28258946756290304	0.5964767547450878
135	0.44813518930965834	0.8617273532788983	0.3628728942992026	0.4586404374588293	0.6998633223565807	0.7231544258568076	0.28588704700143835	0.3415168885872352	0.6588186207692623	0.6579796764021275	0.5261945548954534	0.4079619834528027	0.7359970766519709	0.6619404202890965	0.1807640571997154	0.5022881983184776	0.6426243946135701	0.7928689402325463	0.2935294147387277	0.5848059902993463	0.1893615816745342	0.7816649161317397	0.9158846184356291	0.25886297976726236	0.8258453834205283	0.8383448806211985	0.49478881978468287	0.5306489718275458	0.5211799382126362	0.33289423637743676	0.4107901031659228	0.2705391816535542	0.7823361454058804	0.26174236309019533	0.557894278681005	0.18557814694699834	0.13440880758771584	0.6028908237776297	0.5244153028518628	0.3522982068782426	0.3762860959729522	0.7920955730196128	0.5801346301906818	0.4676488806118612	0.23776412252016021	0.32413074465758474	0.6946838125559854	0.8986409095950286	0.2825894702064591	0.5964767610920209
136	0.44813519147229436	0.8617273532866477	0.36287289408691764	0.4586404460992485	0.6998633229740542	0.7231544340844827	0.2858870528712922	0.3415168893574288	0.6588186259637384	0.657979677188028	0.5261945434081304	0.4079619835440089	0.7359970774937252	0.6619404206058905	0.1807640572948156	0.5022881986319984	0.6426243933918512	0.7928689301123943	0.29352941489893397	0.5848059865452157	0.18936158239819903	0.7816649090432791	0.9158846187293731	0.2588629789450065	0.8258453876817926	0.8383448738728172	0.4947888308882264	0.5306489623652897	0.5211799587892788	0.3328942366519395	0.41079010211682815	0.270539182484636	0.7823361414070873	0.2617423632776068	0.5578942888134572	0.18557814703114314	0.13440880723061718	0.6028908153095238	0.5244153130551131	0.3522982030714276	0.3762861001754475	0.7920955616477193	0.5801346258512151	0.4676488815955036	0.23776412273187653	0.32413074664742775	0.6946838041219409	0.8986409123301986	0.28258947261384615	0.5964767668716118
137	0.4481351934411174	0.861727353296326	0.3628728938986514	0.45864045392330227	0.6998633235265379	0.7231544415653894	0.28588705818121907	0.3415168900595694	0.6588186306912189	0.6579796778904131	0.5261945329905907	0.4079619836797584	0.7359970782599851	0.6619404208743149	0.18076405737702333	0.5022881989126683	0.6426243923021677	0.7928689209245929	0.29352941504026536	0.5848059831311676	0.18936158305700573	0.7816649025942474	0.9158846189907188	0.2588629781953428	0.825845391556481	0.8383448677404138	0.4947888410118684	0.5306489537570821	0.5211799775109088	0.33289423690082803	0.4107901011752221	0.2705391832296033	0.7823361377537972	0.2617423634457438	0.5578942980241837	0.1855781471091104	0.13440880691069274	0.6028908076062655	0.524415322384054	0.35229819960933395	0.3762861039986748	0.7920955512994148	0.5801346219006227	0.4676488824744679	0.2377641229244454	0.3241307484232797	0.6946837964361479	0.8986409148222246	0.2825894748034872	0.5964767721281455
138	0.4481351952312987	0.8617273533075505	0.36287289373207526	0.4586404609986879	0.6998633240199936	0.7231544483588188	0.2858870629781101	0.3415168906988997	0.658818634988387	0.6579796785170036	0.5261945235554623	0.4079619838517802	0.735997078956665	0.6619404210999682	0.18076405744773716	0.50228819916349	0.6426243913321498	0.792868912593878	0.2935294151646042	0.5848059800302592	0.18936158365603165	0.781664896734229	0.9158846192227489	0.2588629775126843	0.8258453950752691	0.8383448621747704	0.49478885023091	0.5306489459355433	0.5211799945236856	0.3328942371262064	0.41079010033146385	0.2705391838962537	0.7823361344201415	0.2617423635963407	0.5578943063865526	0.18557814718126608	0.1344088066245632	0.6028908006074671	0.5244153309034629	0.3522981964646681	0.37628610747255253	0.7920955418941873	0.5801346183084765	0.46764888325844256	0.23776412309938827	0.324130750005112	0.6946837894407437	0.8986409170899536	0.28258947679260055	0.596476776903009
139	0.4481351968570125	0.8617273533199871	0.36287289358505853	0.45864046738827013	0.6998633244599023	0.7231544545200819	0.285887067305465	0.3415168912803261	0.6588186388895031	0.6579796790748932	0.5261945150214818	0.40796198405283196	0.7359970795892901	0.6619404212878975	0.1807640575082248	0.5022881993872246	0.6426243904704458	0.7928689050501618	0.29352941527366816	0.5848059772173504	0.1893615842000204	0.7816648914161574	0.9158846194282887	0.25886297689180154	0.8258453982667758	0.8383448571300038	0.4947888586158482	0.5306489388377745	0.5211800099640687	0.3328942373300301	0.4107900995766713	0.2705391844917655	0.7823361313818313	0.26174236373099485	0.5578943139689884	0.1855781472479637	0.13440880636911903	0.6028907942567607	0.5244153386742331	0.35229819361196085	0.37628611062500983	0.7920955333568545	0.580134615046346	0.4676488839563279	0.23776412325812393	0.32413075141125747	0.6946837830815948	0.8986409191510133	0.2825894785972561	0.5964767812348256
140	0.4481351983314829	0.8617273533333448	0.36287289345565465	0.4586404731503524	0.699863324851298	0.7231544601007055	0.2858870712035875	0.34151689180843364	0.6588186424265187	0.6579796795705918	0.5261945073131659	0.40796198427659486	0.7359970801630152	0.6619404214426456	0.18076405755963337	0.5022881995864091	0.642624389706651	0.7928688982282631	0.293529415369023	0.5848059746690156	0.1893615846933976	0.7816648865961539	0.9158846196099238	0.2588629763278075	0.8258454011576628	0.8383448525633979	0.4947888662325822	0.5306489324051405	0.5211800239592838	0.33289423751411396	0.41079009890266965	0.2705391850227385	0.7823361286160987	0.2617423638511759	0.5578943208352175	0.18557814730954367	0.134408806141502	0.6028907885016042	0.5244153457535109	0.35229819102747845	0.3762861134820832	0.7920955256173099	0.5801346120877054	0.4676488845762911	0.23776412340197386	0.3241307526585261	0.6946837773081319	0.8986409210218669	0.2825894802324305	0.5964767851595891
141	0.44813519966703025	0.8617273533473717	0.36287289334208644	0.4586404783389419	0.6998633251987983	0.7231544651486272	0.285887074709775	0.3415168922875011	0.6588186456291917	0.657979680010067	0.5261945003604875	0.40796198451757637	0.735997080682642	0.6619404215682954	0.18076405760299993	0.5022881997633715	0.6426243890312392	0.7928688920676429	0.2935294154520943	0.5848059723634563	0.18936158514028625	0.7816648822333679	0.9158846197700187	0.2588629758161411	0.8258454037727366	0.8383448484352378	0.4947888731426253	0.530648926583056	0.5211800366277849	0.3328942376801406	0.4107900983019446	0.2705391854952346	0.7823361261016339	0.2617423639582345	0.5578943270445119	0.18557814736633255	0.13440880593908802	0.6028907832930873	0.5244153521948408	0.352298188689134	0.3762861160680108	0.7920955186102685	0.5801346094078403	0.46764888512581804	0.237764123532167	0.32413075376231365	0.6946837720731817	0.8986409227178677	0.28258948171206305	0.596476788710798
142	0.44813520087511755	0.8617273533618499	0.36287289324273414	0.4586404830040053	0.6998633255066347	0.7231544697083874	0.28588707785850187	0.34151689272151564	0.6588186485252001	0.6579796803987829	0.526194494098563	0.40796198477102336	0.735997081152638	0.6619404216685102	0.1807640576392605	0.5022881999202455	0.6426243884354985	0.7928688865121438	0.2935294155241784	0.5848059702804147	0.18936158554452256	0.7816648782898178	0.9158846199107321	0.25886297535255176	0.8258454061350465	0.8383448447086465	0.49478887940331545	0.5306489213207719	0.5211800480797142	0.33289423782966776	0.41079009776759573	0.27053918591481485	0.782336123818522	0.26174236405341056	0.5578943326519292	0.18557814741864284	0.13440880575947053	0.6028907785857412	0.5244153580483152	0.3522981865763999	0.3762861184053278	0.7920955122750163	0.5801346069837546	0.4676488856117623	0.2377641236498449	0.3241307547367051	0.6946837673328	0.8986409242533153	0.28258948304911025	0.5964767919195874
143	0.44813520196639617	0.8617273533765929	0.3628728931561227	0.45864048719171596	0.6998633257786795	0.7231544738213168	0.2858870806815953	0.34151689311418754	0.6588186511402537	0.657979680741737	0.5261944884673463	0.40796198503284176	0.7359970815771536	0.661940421746572	0.1807640576692586	0.5022882000589851	0.6426243879114708	0.7928688815097378	0.29352941558645257	0.5848059684010886	0.1893615859096712	0.7816648747302352	0.9158846200340335	0.25886297493308336	0.8258454082659822	0.8383448413494246	0.4947888850680266	0.5306489165711678	0.5211800584173525	0.3328942379641363	0.4107900972932947	0.27053918628657536	0.7823361217481785	0.2617423641378406	0.5578943377085475	0.18557814746677256	0.1344088056004451	0.6028907743373507	0.5244153633607278	0.35229818467022284	0.37628612051495824	0.792095506555164	0.5801346047940795	0.4676488860403919	0.23776412375606668	0.32413075559457133	0.6946837630461061	0.898640925641509	0.2825894842555998	0.5964767948148585
144	0.44813520295075104	0.8617273533914415	0.3628728930809105	0.45864049094469217	0.6998633260184737	0.7231544775257203	0.2858870832084048	0.34151689346896524	0.6588186534982039	0.6579796810434947	0.5261944834113356	0.407961985299525	0.7359970819600408	0.6619404218054157	0.18076405769375348	0.5022882001813768	0.642624387451895	0.792868877012281	0.2935294156399848	0.5848059667080487	0.18936158623903998	0.7816648715219119	0.9158846201417169	0.25886297455405904	0.8258454101853683	0.8383448383258958	0.49478889018637695	0.5306489122905462	0.5211800677355605	0.3328942380848769	0.4107900968732434	0.2705391866151807	0.7823361198732842	0.26174236421256597	0.5578943422616937	0.18557814751100551	0.13440880545999465	0.6028907705087705	0.5244153681757279	0.3522981829529396	0.3762861224163064	0.7920955013984043	0.5801346028189832	0.46764888641743196	0.23776412385181347	0.3241307563476599	0.6946837591751179	0.8986409268948028	0.28258948534268324	0.5964767974234055
145	0.4481352038373437	0.8617273534062607	0.36287289301587894	0.458640494302225	0.6998633262292501	0.7231544808570548	0.28588708546596336	0.34151689378904954	0.6588186556211502	0.6579796813082223	0.5261944788792892	0.407961985568088	0.7359970823048692	0.6619404218476609	0.1807640577134274	0.5022882002890529	0.6426243870501539	0.7928688729752774	0.2935294156857427	0.5848059651851587	0.18936158653569488	0.7816648686345525	0.9158846202354155	0.2588629742120655	0.8258454119115568	0.8383448356087556	0.49478889480443355	0.5306489084384352	0.5211800761222084	0.33289423819311736	0.41079009650213594	0.2705391869048957	0.7823361181777219	0.2617423642785391	0.5578943463551663	0.185578147551611	0.13440880533627564	0.6028907670637467	0.5244153725339757	0.35229818140819547	0.3762861241273445	0.7920954967562777	0.5801346010400842	0.46764888674810634	0.23776412393799357	0.32413075700668126	0.6946837556845917	0.898640928024657	0.28258948632068676	0.5964767997700384
146	0.4481352046346554	0.8617273534209376	0.3628728929599225	0.45864049730049605	0.6998633264139579	0.7231544838481022	0.28588708747914227	0.34151689407740765	0.6588186575295446	0.6579796815397168	0.5261944748239545	0.40796198583600823	0.7359970826149428	0.661940421875642	0.1807640577288923	0.5022882003835024	0.6426243867002236	0.7928688693576502	0.29352941572460145	0.5848059638174966	0.18936158680247417	0.7816648660401297	0.9158846203166128	0.2588629739039383	0.8258454134615154	0.8383448331709267	0.4947888989649126	0.5306489049773948	0.5211800836585919	0.33289423828998926	0.41079009617512247	0.2705391871596151	0.7823361166465119	0.2617423643366303	0.5578943500294494	0.18557814758884428	0.1344088052276051	0.6028907639687439	0.5244153764732958	0.35229818002086644	0.37628612566469855	0.7920954925839426	0.5801345994403648	0.46764888703717566	0.23776412401544628	0.324130757581388	0.6946837525418661	0.8986409290416905	0.2825894871991608	0.5964768018777025
147	0.44813520535052787	0.8617273534353777	0.3628728929120393	0.4586404999727858	0.6998633265752834	0.7231544865291343	0.2858870892707976	0.34151689433678695	0.6588186592422912	0.6579796817414347	0.5261944712018072	0.40796198610117224	0.7359970828933167	0.6619404218914334	0.18076405774069654	0.5022882004660829	0.6426243863966279	0.7928688661215241	0.2935294157573521	0.58480596259128	0.18936158704200204	0.7816648637127459	0.9158846203866562	0.25886297362674726	0.8258454148509138	0.8383448309874189	0.49478890270737397	0.5306489018728322	0.5211800904198344	0.33289423837653426	0.4107900958877748	0.2705391873828918	0.7823361152657501	0.2617423643876341	0.5578943533219193	0.18557814762294655	0.13440880513244846	0.6028907611927791	0.5244153800288286	0.35229817877698244	0.3762861270437304	0.7920954888399567	0.5801345980040905	0.46764888728897336	0.23776412408494665	0.3241307580806505	0.6946837497167097	0.8986409299557294	0.2825894879869283	0.5964768037675927
148	0.4481352059922028	0.8617273534495036	0.36287289287132296	0.45864050234967096	0.6998633267156718	0.7231544889280725	0.2858870908619099	0.34151689456972806	0.6588186607768425	0.6579796819165193	0.5261944679728034	0.40796198636182746	0.7359970831428118	0.6619404218968765	0.18076405774933005	0.5022882005380298	0.6426243861343938	0.7928688632320158	0.2935294157847081	0.5848059614937946	0.18936158725670185	0.7816648616284994	0.915884620446767	0.25886297337778247	0.8258454160942058	0.8383448290351948	0.49478890606841003	0.5306488990928221	0.5211800964752726	0.33289423845370997	0.41079009563605484	0.2705391875779626	0.7823361140225471	0.26174236443227467	0.5578943562670424	0.1855781476541455	0.13440880504940803	0.6028907587072603	0.5244153832331788	0.3522981776636551	0.3762861282786172	0.7920954854860636	0.5801345967167296	0.4676488875074392	0.2377641241472095	0.3241307585125267	0.6946837471811739	0.898640930775857	0.2825894886921296	0.5964768054592646
149	0.44813520656636036	0.8617273534632526	0.3628728928369541	0.45864050445921245	0.6998633268373445	0.7231544910706407	0.28588709227171566	0.3415168947785776	0.6588186621492922	0.6579796820678248	0.5261944651001436	0.40796198661653854	0.7359970833660302	0.6619404218936006	0.18076405775523022	0.5022882006004662	0.642624385909011	0.792868860657035	0.2935294158073124	0.5848059605133242	0.18936158744880904	0.7816648597653565	0.9158846204980514	0.2588629731545405	0.8258454172047078	0.8383448272930427	0.49478890908182765	0.5306488966079362	0.5211801018888288	0.3328942385223962	0.41079009541628403	0.27053918774777347	0.7823361129049685	0.2617423644712116	0.5578943588965656	0.18557814768265551	0.13440880497721236	0.6028907564858332	0.5244153861165608	0.3522981766690077	0.37628612938242784	0.7920954824869895	0.5801345955648771	0.46764888769615065	0.23776412420289306	0.3241307588843272	0.6946837449094514	0.8986409315104581	0.28258948932226713	0.5964768069707397
150	0.44813520707915505	0.8617273534765753	0.36287289280819374	0.45864050632713277	0.6998633269423191	0.7231544929805104	0.28588709351783287	0.3415168949655007	0.6588186633744639	0.6579796821979402	0.5261944625500481	0.4079619868641486	0.7359970835653687	0.6619404218830441	0.1807640577587865	0.5022882006544125	0.6426243857163949	0.7928688583670939	0.2935294158257434	0.5848059596390858	0.18936158762038327	0.7816648581030293	0.9158846205415089	0.25886297295471183	0.8258454181946749	0.8383448257414539	0.4947889117788229	0.530648894391079	0.521180106719364	0.3328942385833998	0.41079009522511567	0.27053918789500186	0.7823361119019782	0.2617423645050446	0.557894361239696	0.1855781477086782	0.13440880491470625	0.6028907545042348	0.5244153887069389	0.35229817578210787	0.376286130367195	0.7920954798102482	0.5801345945361823	0.467648887858352	0.23776412425260318	0.32413075920267637	0.6946837428777404	0.8986409321672648	0.2825894898842474	0.5964768083186069
151	0.44813520753625075	0.8617273534894326	0.3628728927843755	0.4586405079769842	0.6998633270324237	0.7231544946794396	0.2858870946163782	0.34151689513249245	0.6588186644659954	0.6579796823092108	0.526194460291545	0.4079619871037439	0.7359970837430335	0.6619404218664737	0.18076405776034515	0.5022882007007936	0.6426243855528501	0.7928688563351276	0.29352941584052056	0.5848059588611656	0.18936158777331977	0.7816648566228586	0.915884620578043	0.25886297277616777	0.8258454190753717	0.838344824362506	0.49478891418814935	0.5306488924173314	0.5211801110210167	0.3328942386374603	0.4107900950595087	0.2705391880220786	0.7823361110033829	0.2617423645343187	0.5578943633232744	0.18557814773240272	0.1344088048608414	0.6028907527401518	0.5244153910301637	0.3522981749929049	0.376286131243985	0.7920954774259562	0.5801345936192783	0.467648887996982	0.23776412429689667	0.324130759473569	0.6946837410641142	0.8986409327533984	0.2825894903844206	0.5964768095181185
152	0.4481352079428538	0.8617273535017963	0.36287289276490015	0.4586405094303068	0.6998633271093141	0.7231544961874047	0.285887095582078	0.341516895281389	0.6588186654364186	0.657979682403758	0.526194458296269	0.4079619873346223	0.7359970839010518	0.6619404218450017	0.18076405776021315	0.5022882007404476	0.6426243854150385	0.7928688545363238	0.2935294158521098	0.5848059581704603	0.18936158790936083	0.7816648553077028	0.9158846206084678	0.25886297261694907	0.825845419857141	0.8383448231397538	0.494788916336278	0.5306488906638029	0.5211801148435247	0.33289423868525475	0.410790094916703	0.2705391881312075	0.7823361101997783	0.26174236455952826	0.5578943651719377	0.18557814775400638	0.13440880481466774	0.6028907511730892	0.5244153931101029	0.3522981742921689	0.3762861320229637	0.7920954753066547	0.5801345928037168	0.46764888811469896	0.23776412433628455	0.32413075970242267	0.6946837394483971	0.8986409332754104	0.28258949082861895	0.596476810583282
153	0.4481352083037444	0.8617273535136459	0.36287289274922896	0.45864051070677786	0.6998633271744872	0.723154497522725	0.28588709642837284	0.3415168954138788	0.658818666297237	0.6579796824834989	0.526194456538272	0.4079619875562656	0.7359970840412853	0.6619404218196011	0.18076405775866203	0.5022882007741324	0.6426243852999493	0.7928688529479607	0.2935294158609281	0.5848059575586202	0.18936158803010605	0.7816648541418333	0.9158846206335165	0.25886297247525414	0.8258454205494682	0.8383448220581242	0.49478891824755067	0.53064888910949	0.5211801182325297	0.33289423872740187	0.4107900947941967	0.27053918822438416	0.7823361094824994	0.2617423645811212	0.557894366808275	0.18557814777365508	0.13440880477532532	0.6028907497842425	0.5244153949687677	0.3522981736714336	0.3762861327134586	0.7920954734271428	0.5801345920799035	0.46764888821390377	0.23776412437123556	0.32413075989412643	0.6946837380120459	0.8986409337393213	0.2825894912221929	0.5964768115269466
154	0.4481352086233067	0.8617273535249685	0.362872892736879	0.45864051182435195	0.699863327229295	0.7231544987021811	0.28588709716751515	0.34151689553151215	0.6588186670589969	0.6579796825501625	0.5261944549938445	0.40796198776831405	0.7359970841654409	0.6619404217911209	0.18076405775593152	0.502288200802533	0.6426243852048698	0.792868851549255	0.29352941586734826	0.5848059570179954	0.18936158813702245	0.7816648531108334	0.9158846206538488	0.25886297234942857	0.8258454211610424	0.8383448211038177	0.49478891994432517	0.5306488877351433	0.5211801212298675	0.33289423876446705	0.41079009468972494	0.2705391883034134	0.7823361088435707	0.2617423645995029	0.5578943682529731	0.18557814779150386	0.1344088047420368	0.6028907485563784	0.5244153966264328	0.35229817312294176	0.3762861333240188	0.7920954717643175	0.5801345914390397	0.46764888829676265	0.237764124402179	0.3241307600530867	0.6946837367380371	0.8986409341506566	0.2825894915700452	0.5964768123608861
155	0.4481352089055566	0.8617273535357572	0.36287289272741774	0.458640512799392	0.6998633272749565	0.7231544997411261	0.28588709781066096	0.3415168956357112	0.6588186677313572	0.6579796826053069	0.5261944536413482	0.40796198797054367	0.735997084275082	0.6619404217602983	0.18076405775223248	0.5022882008262669	0.6426243851273606	0.7928688503212191	0.29352941587170267	0.5848059565415851	0.18936158823145394	0.7816648522015054	0.915884620670056	0.2588629722379547	0.8258454216998136	0.8383448202642154	0.49478892144711334	0.5306488865231406	0.5211801238738398	0.3328942387969657	0.41079009460124016	0.27053918836992497	0.7823361082756601	0.26174236461503975	0.5578943695249551	0.18557814780769727	0.13440880471410058	0.6028907474737221	0.5244153981017521	0.3522981726395945	0.3762861338624702	0.7920954702970242	0.5801345908730647	0.46764888836522667	0.2377641244295077	0.3241307601832682	0.6946837356107609	0.8986409345144821	0.2825894918766629	0.5964768130958756
156	0.44813520915416855	0.8617273535460108	0.3628728927204585	0.45864051364679315	0.6998633273125693	0.7231545006535913	0.2858870983679558	0.34151689572777877	0.6588186683231521	0.6579796826503335	0.5261944524610578	0.4079619881628472	0.7359970843716395	0.6619404217277716	0.18076405774774992	0.5022882008458909	0.6426243850652309	0.7928688492465258	0.29352941587428727	0.5848059561229907	0.1893615883146301	0.7816648514017802	0.9158846206826687	0.25886297213944176	0.8258454221730482	0.838344819527792	0.49478892277471176	0.5306488854573691	0.5211801261994736	0.3328942388253677	0.4107900945268938	0.2705391884253886	0.7823361077720354	0.2617423646280624	0.5578943706415107	0.18557814782237006	0.13440880469088407	0.6028907465218504	0.5244153994118678	0.3522981722149026	0.3762861343359689	0.7920954690059149	0.5801345903746032	0.4676488884210508	0.2377641244535805	0.3241307602882334	0.6946837346159205	0.8986409348354368	0.2825894921461482	0.5964768137417654
157	0.44813520937250095	0.861727353555732	0.36287289271565626	0.4586405143800974	0.6998633273431203	0.7231545014523845	0.2858870988486144	0.3415168958089074	0.6588186688424537	0.657979682686501	0.5261944514350139	0.4079619883452155	0.7359970844564204	0.6619404216940898	0.18076405774264576	0.5022882008619053	0.6426243850165163	0.7928688483093816	0.2935294158753649	0.58480595575637	0.18936158838767475	0.7816648507006351	0.9158846206921614	0.2588629720526171	0.8258454225873789	0.8383448188840322	0.4947889239443251	0.5306488845231123	0.5211801282387623	0.33289423885010067	0.4107900944650192	0.2705391884711279	0.7823361073265214	0.2617423646388688	0.5578943716184187	0.18557814783564752	0.13440880467181798	0.6028907456875912	0.5244154005725151	0.35229817184294127	0.3762861347510508	0.7920954678733132	0.5801345899369142	0.4676488884658107	0.23776412447472514	0.32413076037117783	0.6946837337404359	0.8986409351177641	0.282589492382247	0.5964768143075494
158	0.4481352095636194	0.861727353564928	0.3628728927127039	0.4586405150116014	0.6998633273674951	0.7231545021491825	0.28588709926099637	0.34151689588018685	0.6588186692966278	0.657979682714938	0.5261944505468844	0.40796198851772236	0.7359970845306183	0.6619404216597231	0.18076405773706086	0.5022882008747597	0.6426243849794587	0.7928688474954094	0.29352941587516873	0.5848059554363957	0.18936158845161366	0.781664850088014	0.9158846206989578	0.25886297197631714	0.8258454229488532	0.8383448183233553	0.49478892497168264	0.5306488837069459	0.5211801300208949	0.33289423887155306	0.41079009441411596	0.270539188508333	0.7823361069334612	0.2617423646477271	0.5578943724700616	0.1855781478476462	0.13440880465639077	0.6028907449589294	0.5244154015981203	0.3522981715183075	0.37628613511367814	0.7920954668830914	0.5801345895538446	0.4676488885009196	0.2377641244932404	0.32413076043496336	0.6946837329723554	0.8986409353653403	0.28258949258837557	0.5964768148014301
159	0.448135209730319	0.8617273535736085	0.36287289271132833	0.458640515552457	0.6998633273864876	0.7231545027546189	0.28588709961267494	0.34151689594261236	0.6588186696923889	0.6579796827366551	0.526194449781836	0.40796198868051087	0.7359970845953211	0.6619404216250717	0.18076405773111767	0.502288200884857	0.6426243849524875	0.7928688467915364	0.2935294158739047	0.5848059551582157	0.18936158850738216	0.7816648495547538	0.9158846207034357	0.25886297190947966	0.8258454232629783	0.8383448178370406	0.494788925871148	0.5306488829966379	0.5211801315724699	0.33289423889007774	0.4107900943728355	0.2705391885380723	0.7823361065876786	0.26174236465487827	0.5578943732095338	0.18557814785847418	0.13440880464414323	0.6028907443249181	0.5244154025018947	0.3522981712360798	0.37628613542928324	0.7920954660205496	0.5801345892197831	0.467648888527642	0.2377641245093983	0.32413076048214823	0.6946837323007707	0.8986409355817025	0.28258949276764617	0.5964768152308791
160	0.4481352098751452	0.8617273535817856	0.36287289271128775	0.4586405160127643	0.699863327400808	0.7231545032783651	0.28588709991050243	0.34151689599709134	0.6588186700358494	0.657979682752555	0.5261944491264133	0.4079619888337806	0.7359970846515196	0.6619404215904738	0.18076405772492188	0.5022882008925584	0.6426243849342019	0.7928688461858906	0.2935294158717544	0.5848059549174159	0.18936158855583196	0.7816648490925155	0.9158846207059308	0.2588629718511356	0.8258454235347639	0.8383448174171624	0.49478892665582164	0.5306488823810575	0.5211801329176952	0.3328942389059946	0.4107900943399674	0.2705391885613033	0.7823361062844427	0.26174236466053835	0.5578943738487419	0.18557814786823157	0.13440880463466423	0.6028907437755963	0.5244154032959224	0.3522981709917812	0.37628613570281005	0.7920954652723077	0.5801345889296207	0.4676488885471078	0.2377641245234464	0.3241307605150154	0.6946837317157377	0.8986409357700752	0.2825894929228904	0.596476815602694
161	0.4481352100004133	0.8617273535894742	0.36287289271236783	0.45864051640165887	0.6998633274110907	0.7231545037292061	0.28588710016067	0.34151689604445035	0.6588186703325672	0.657979682763443	0.5261944485684271	0.4079619889777775	0.7359970847001145	0.6619404215562122	0.18076405771856435	0.502288200898186	0.642624384923355	0.7928688456677051	0.2935294158688779	0.5848059547099862	0.18936158859773786	0.7816648486937192	0.9158846207067416	0.2588629718004026	0.8258454237687604	0.8383448170565242	0.494788927337638	0.530648881850087	0.5211801340785762	0.33289423891959324	0.41079009431442737	0.270539188578883	0.7823361060194346	0.2617423646649009	0.5578943743984991	0.18557814787701118	0.134408804627586	0.6028907433019107	0.5244154039912439	0.3522981707813435	0.3762861359387519	0.7920954646262008	0.5801345886787094	0.4676488885603245	0.23776412453560952	0.3241307605355977	0.6946837312082024	0.8986409359333931	0.282589493056681	0.5964768159230518
162	0.44813521010822627	0.8617273535966901	0.36287289271437984	0.45864051672739253	0.6998633274179008	0.7231545041151125	0.28588710036876397	0.3415168960854412	0.6588186705875896	0.6579796827700363	0.5261944480968493	0.40796198911278425	0.7359970847419246	0.6619404215225219	0.1807640577121228	0.5022882009020273	0.6426243849188399	0.7928688452272274	0.29352941586541503	0.584805954532287	0.18936158863380356	0.7816648483514838	0.915884620706132	0.25886297175647754	0.8258454239690961	0.838344816748602	0.4947889279274559	0.5306488813945428	0.5211801350750914	0.33289423893113573	0.4107900942952453	0.2705391885915764	0.7823361057887163	0.26174236466813905	0.5578943748686133	0.18557814788489874	0.13440880462258023	0.6028907428956438	0.5244154045979332	0.3522981706010754	0.37628613614118783	0.7920954640711828	0.5801345884628272	0.467648888568189	0.23776412454609155	0.3241307605457021	0.694683730769931	0.8986409360743246	0.2825894931713535	0.5964768161975575
163	0.44813521020049246	0.8617273536034503	0.3628728927171575	0.4586405169974083	0.6998633274217411	0.7231545044433052	0.2858871005398173	0.3415168961207474	0.658818670805494	0.6579796827729713	0.5261944477017164	0.40796198923911214	0.735997084777692	0.6619404214895948	0.18076405770566317	0.5022882009043382	0.6426243849196751	0.7928688448556354	0.2935294158614884	0.5848059543810211	0.18936158866466754	0.7816648480595706	0.9158846207043355	0.258862971718631	0.8258454241395122	0.8383448164874877	0.4947889284351428	0.5306488810060985	0.521180135925355	0.33289423894085857	0.41079009428155544	0.2705391886000658	0.7823361055887021	0.2617423646704071	0.5578943752679684	0.1855781478919734	0.13440880461935456	0.6028907425493463	0.5244154051251726	0.35229817044763123	0.37628613631381613	0.7920954635972367	0.5801345882781438	0.4676488885714976	0.23776412455507767	0.3241307605469308	0.6946837303934456	0.8986409361952926	0.28258949326902444	0.5964768164312919
164	0.4481352102789406	0.8617273536097733	0.36287289272055506	0.4586405172184096	0.699863327423058	0.7231545047203187	0.28588710067835776	0.34151689615098857	0.6588186709904272	0.6579796827728126	0.5261944473740395	0.40796198935709405	0.7359970848080898	0.6619404214575859	0.18076405769924103	0.5022882009053461	0.6426243849249934	0.79286884454496	0.29352941585720455	0.5848059542532036	0.18936158869090833	0.7816648478123307	0.9158846207015574	0.25886297168620076	0.8258454242833938	0.8383448162678394	0.49478892886965425	0.5306488806772159	0.5211801366457692	0.33289423894897513	0.41079009427258584	0.2705391886049582	0.7823361054161301	0.2617423646718427	0.5578943756046011	0.1855781478983083	0.13440880461764898	0.6028907422562743	0.5244154055813203	0.3522981703179831	0.3762861364599847	0.7920954631952906	0.580134588121188	0.46764888857095605	0.23776412456273494	0.32413076054070117	0.694683730071963	0.8986409362984944	0.28258949335160966	0.5964768166288532
165	0.4481352103451353	0.8617273536156779	0.362872892724445	0.45864051739642475	0.6998633274222466	0.723154504952057	0.2858871007884521	0.34151689617672676	0.6588186711461396	0.657979682770059	0.5261944471057209	0.40796198946707823	0.7359970848337265	0.6619404214266176	0.18076405769290277	0.5022882009052522	0.6426243849340303	0.7928688442880133	0.293529415852656	0.5848059541461369	0.18936158871304948	0.7816648476046565	0.9158846206979786	0.2588629716585867	0.8258454244037998	0.8383448160848329	0.49478892923910756	0.5306488804010789	0.5211801372511667	0.33289423895567755	0.4107900942676505	0.2705391886067922	0.7823361052680374	0.26174236467256795	0.5578943758857715	0.18557814790397067	0.13440880461723287	0.6028907420103302	0.5244154059739752	0.35229817020939436	0.3762861365827211	0.7920954628571393	0.5801345879888195	0.4676488885671882	0.23776412456921472	0.324130760528264	0.6946837297993389	0.8986409363859205	0.28258949342084116	0.5964768167943978
166	0.4481352104004903	0.8617273536211827	0.36287289272871637	0.45864051753686624	0.6998633274196561	0.7231545051438474	0.28588710087374714	0.3415168961984704	0.6588186712760191	0.657979682765151	0.5261944468894764	0.40796198956942287	0.7359970848551519	0.6619404213967838	0.18076405768668674	0.5022882009042346	0.6426243849461133	0.7928688440783206	0.29352941584792247	0.5848059540573867	0.18936158873156392	0.7816648474319359	0.9158846206937569	0.25886297163524563	0.8258454245034903	0.8383448159341182	0.49478892955085013	0.5306488801715339	0.5211801377549415	0.3328942389611387	0.41079009426614055	0.2705391886060451	0.782336105141736	0.26174236467269124	0.5578943761180282	0.1855781479090224	0.1344088046179021	0.6028907418060095	0.5244154063100371	0.3522981701193948	0.37628613668475874	0.7920954625753721	0.5801345878781998	0.46764888856074416	0.23776412457465357	0.3241307605107201	0.6946837295700143	0.8986409364593703	0.28258949347828227	0.5964768169316774
167	0.448135210446281	0.8617273536263075	0.3628728927332727	0.45864051764458585	0.6998633274155941	0.72315450530049	0.28588710093750747	0.341516896216679	0.6588186713831216	0.6579796827584754	0.5261944467187641	0.4079619896644921	0.7359970848728623	0.6619404213681538	0.18076405768062412	0.5022882009024506	0.6426243849606531	0.7928688439100594	0.2935294158430725	0.5848059539847591	0.18936158874687856	0.7816648472900104	0.9158846206890306	0.2588629716156866	0.8258454245849524	0.8383448158117792	0.4947889298115235	0.530648879983032	0.521180138169171	0.3328942389655136	0.41079009426751667	0.27053918860313847	0.7823361050347906	0.26174236467230855	0.5578943763072703	0.18557814791352054	0.13440880461947644	0.6028907416383499	0.5244154065957631	0.3522981700457586	0.37628613676856204	0.7920954623433061	0.5801345877867685	0.46764888855210757	0.23776412457917456	0.32413076048903516	0.6946837293789678	0.8986409365204698	0.28258949352534196	0.5964768170440734
168	0.44813521048365695	0.8617273536310709	0.36287289273803075	0.45864051772392467	0.6998633274103311	0.7231545054263024	0.28588710098265013	0.3415168962317674	0.6588186714701996	0.6579796827503714	0.5261944465877191	0.4079619897526514	0.7359970848873048	0.6619404213407759	0.18076405767473994	0.5022882009000381	0.6426243849771348	0.7928688437780017	0.2935294158381647	0.5848059539262797	0.18936158875937792	0.7816648471751364	0.9158846206839196	0.25886297159946653	0.8258454246504235	0.8383448157142949	0.4947889300271228	0.530648879830579	0.521180138504729	0.33289423896894144	0.41079009427130303	0.270539188598444	0.7823361049449975	0.2617423646715044	0.5578943764588029	0.18557814791751734	0.13440880462179725	0.6028907415028839	0.5244154068368193	0.35229816998648233	0.3762861368363495	0.7920954621549223	0.5801345877122179	0.4676488885417021	0.23776412458288837	0.3241307604640538	0.6946837292216691	0.8986409365706853	0.28258949356328855	0.5964768171346286
169	0.44813521051365207	0.8617273536354927	0.3628728927429191	0.4586405177787602	0.6998633274041034	0.7231545055251634	0.28588710101177706	0.34151689624410936	0.6588186715397281	0.657979682741136	0.5261944464910915	0.407961989834265	0.7359970848988814	0.6619404213146804	0.18076405766905373	0.502288200897118	0.6426243849951104	0.7928688436774609	0.29352941583324854	0.5848059538801753	0.18936158876940792	0.7816648470839483	0.9158846206785277	0.2588629715861859	0.8258454247019136	0.8383448156385057	0.49478893020305154	0.5306488797096849	0.5211801387713909	0.3328942389715466	0.41079009427708024	0.2705391885922882	0.782336104870366	0.26174236467035333	0.5578943765773895	0.18557814792106067	0.13440880462472524	0.6028907413955972	0.5244154070383299	0.3522981699397664	0.37628613689011536	0.7920954620048091	0.5801345876524723	0.46764888852989833	0.23776412458589452	0.3241307604365122	0.694683729094038	0.8986409366113369	0.2825894935932616	0.5964768172060774
170	0.4481352105371951	0.8617273536395911	0.3628728927478764	0.45864051781254905	0.699863327397118	0.7231545056005502	0.2858871010272038	0.34151689625404125	0.6588186715939294	0.6579796827310271	0.5261944464241911	0.4079619899096928	0.7359970849079532	0.6619404212898816	0.1807640576635804	0.5022882008937963	0.6426243850141915	0.7928688436042439	0.29352941582836584	0.5848059538448549	0.18936158877727943	0.7816648470134265	0.9158846206729447	0.25886297157548527	0.8258454247412247	0.8383448155815802	0.4947889303441725	0.5306488796163215	0.5211801389779303	0.33289423897344006	0.4107900942844801	0.27053918858495707	0.7823361048090997	0.2617423646689207	0.5578943766673004	0.18557814792419455	0.1344088046281385	0.6028907413128872	0.5244154072049225	0.3522981699039966	0.3762861369316491	0.7920954618881083	0.5801345876056669	0.4676488885170184	0.2377641245882824	0.3241307604070491	0.6946837289924046	0.8986409366436117	0.2825894936162834	0.5964768172608723
171	0.44813521055511873	0.8617273536433847	0.3628728927528508	0.4586405178283663	0.6998633273895541	0.7231545056555757	0.2858871010309875	0.3415168962618653	0.6588186716347953	0.6579796827202689	0.5261944463828357	0.40796198997928806	0.7359970849148444	0.661940421266381	0.18076405765833062	0.5022882008901649	0.6426243850340427	0.7928688435546049	0.29352941582355135	0.5848059538188943	0.18936158878327108	0.781664846960865	0.9158846206672474	0.25886297156704174	0.8258454247699704	0.8383448155409863	0.49478893045485506	0.5306488795468797	0.5211801391322077	0.3328942389747211	0.41079009429318014	0.27053918857670034	0.7823361047595803	0.2617423646672637	0.5578943767323562	0.18557814792695915	0.13440880463193078	0.6028907412515274	0.5244154073407701	0.35229816987772733	0.3762861369625537	0.792095461800467	0.5801345875701301	0.46764888850334185	0.2377641245901319	0.3241307603762167	0.6946837289134736	0.8986409366685755	0.2825894936332694	0.5964768173012095
172	0.4481352105681687	0.8617273536468911	0.36287289275779855	0.45864051782894166	0.6998633273815675	0.7231545056930216	0.2858871010249508	0.3415168962678526	0.6588186716641082	0.6579796827090546	0.5261944463633037	0.407961990043396	0.7359970849198445	0.661940421244169	0.18076405765331163	0.5022882008863038	0.6426243850543767	0.7928688435252049	0.29352941581883385	0.5848059538010206	0.18936158878763226	0.7816648469238443	0.9158846206615011	0.2588629715605655	0.8258454247895922	0.8383448155144632	0.4947889305390186	0.5306488794981322	0.5211801392412538	0.33289423897547776	0.4107900943028992	0.2705391885677352	0.7823361047203523	0.2617423646654321	0.5578943767759703	0.18557814792939117	0.1344088046360097	0.6028907412086325	0.5244154074496299	0.3522981698596666	0.3762861369842629	0.79209546173799	0.5801345875443651	0.46764888848910974	0.2377641245915146	0.32413076034448973	0.6946837288542916	0.8986409366871836	0.28258949364503827	0.5964768173290523
173	0.44813521057701095	0.861727353650128	0.3628728927626832	0.4586405178166926	0.6998633273732922	0.723154505715368	0.2858871010107048	0.3415168962722457	0.6588186716834596	0.6579796826975499	0.5261944463622902	0.4079619901023519	0.7359970849232125	0.6619404212232268	0.18076405764852768	0.5022882008822817	0.6426243850749475	0.7928688435130737	0.2935294158142365	0.584805953790098	0.18936158879058587	0.7816648469002043	0.9158846206557609	0.2588629715557972	0.825845424801376	0.8383448154999967	0.4947889306001731	0.5306488794671987	0.5211801393113448	0.3328942389757884	0.41079009431339286	0.2705391885582498	0.7823361046901087	0.2617423646634691	0.557894376801185	0.18557814793152413	0.13440880464029542	0.6028907411816279	0.5244154075348793	0.3522981698486621	0.37628613699805613	0.7920954616971999	0.5801345875270346	0.46764888847452896	0.23776412459249435	0.32413076031227406	0.6946837288122153	0.8986409367002898	0.28258949365232006	0.5964768173461522
174	0.4481352105822396	0.8617273536531119	0.36287289276747453	0.458640517793755	0.699863327364843	0.7231545057248222	0.28588710098967035	0.3415168962752616	0.6588186716942683	0.6579796826858972	0.5261944463768676	0.40796199015647994	0.7359970849251792	0.661940421203528	0.1807640576439804	0.5022882008781578	0.6426243850955473	0.7928688435155747	0.293529415809778	0.5848059537851158	0.18936158879233064	0.7816648468880211	0.9158846206500735	0.2588629715525048	0.8258454248064658	0.8383448154957961	0.4947889306414558	0.5306488794515133	0.5211801393480722	0.3328942389757223	0.41079009432444946	0.2705391885484065	0.7823361046676777	0.26174236466141226	0.5578943768107071	0.1855781479333887	0.1344088046447192	0.60289074116822	0.5244154075995496	0.35229816984368756	0.3762861370050732	0.7920954616749976	0.5801345875169462	0.46764888845977615	0.23776412459312793	0.3241307602799146	0.6946837287848842	0.8986409367086572	0.2825894936557651	0.5964768173540687
175	0.4481352105843832	0.8617273536558591	0.36287289277214796	0.4586405177620104	0.6998633273563178	0.7231545057233446	0.2858871009630963	0.3415168962770937	0.6588186716977963	0.6579796826742164	0.5261944464044485	0.4079619902060927	0.7359970849259504	0.6619404211850403	0.18076405763966913	0.5022882008739827	0.642624385116001	0.7928688435303727	0.2935294158054728	0.5848059537851761	0.18936158879304346	0.7816648468855842	0.9158846206444771	0.2588629715504816	0.8258454248058783	0.838344815500273	0.49478893066566537	0.5306488794487955	0.5211801393564074	0.3328942389753407	0.41079009433588703	0.2705391885383442	0.7823361046520104	0.26174236465929357	0.5578943768069389	0.1855781479350127	0.13440880464922225	0.6028907411663708	0.5244154076463566	0.35229816984383155	0.37628613700632724	0.7920954616686267	0.5801345875130385	0.46764888844500113	0.23776412459346596	0.3241307602477021	0.6946837287701938	0.8986409367129656	0.28258949365595115	0.5964768173541873
176	0.4481352105839114	0.8617273536583847	0.3628728927766838	0.4586405177231118	0.6998633273477997	0.7231545057126719	0.28588710093207736	0.34151689627791443	0.6588186716951633	0.6579796826626088	0.5261944464427525	0.40796199025148994	0.7359970849257081	0.6619404211677262	0.18076405763559167	0.5022882008697992	0.6426243851361628	0.792868843555405	0.29352941580133185	0.5848059537894827	0.18936158879288145	0.7816648468913763	0.9158846206390036	0.2588629715495433	0.8258454248005134	0.8383448155120211	0.4947889306752937	0.5306488794570224	0.5211801393407601	0.33289423897469766	0.4107900943475493	0.2705391885281815	0.7823361046421703	0.2617423646571406	0.5578943767920082	0.1855781479364214	0.1344088046537545	0.6028907411742729	0.524415407677729	0.35229816984828627	0.37628613700271674	0.7920954616756423	0.580134587514369	0.46764888843032965	0.23776412459355326	0.3241307602158795	0.6946837287662726	0.8986409367138193	0.28258949365339053	0.596476817347736
177	0.44813521058124	0.8617273536607039	0.36287289278106666	0.4586405176785068	0.6998633273393576	0.7231545056943386	0.2858871008975696	0.34151689627787657	0.6588186716873613	0.6579796826511585	0.5261944464897756	0.40796199029295865	0.7359970849246144	0.6619404211515444	0.180764057631744	0.5022882008656432	0.6426243851559128	0.7928688435888547	0.29352941579736286	0.5848059537973324	0.18936158879198373	0.7816648469040555	0.9158846206336784	0.25886297154952614	0.8258454247911675	0.8383448155297998	0.4947889306725546	0.530648879474405	0.5211801393050332	0.33289423897384063	0.4107900943593037	0.2705391885180188	0.7823361046373224	0.2617423646549767	0.5578943767677943	0.18557814793763797	0.13440880465827365	0.6028907411903276	0.5244154076958345	0.3522981698563372	0.3762861369950368	0.792095461693879	0.5801345875201029	0.4676488884158666	0.23776412459342955	0.32413076018464754	0.6946837287714591	0.8986409367117547	0.2825894936485361	0.596476817335801
178	0.4481352105767367	0.8617273536628304	0.3628728927852848	0.45864051762945846	0.6998633273310497	0.7231545056696974	0.28588710086040514	0.34151689627711596	0.6588186716752658	0.6579796826399353	0.5261944465437625	0.40796199033077246	0.7359970849228116	0.6619404211364512	0.180764057628121	0.5022882008615449	0.6426243851751535	0.7928688436291252	0.29352941579357117	0.5848059538081045	0.1893615887904733	0.7816648469224365	0.9158846206285219	0.2588629715502852	0.8258454247785417	0.8383448155525162	0.49478893065940993	0.5306488794993639	0.5211801392526706	0.33289423897281123	0.41079009437103753	0.2705391885079404	0.7823361046367237	0.2617423646528215	0.5578943767359531	0.18557814793868316	0.1344088046627444	0.6028907412131241	0.5244154077026041	0.3522981698673549	0.3762861369839887	0.792095461721426	0.5801345875295022	0.46764888840169844	0.23776412459312984	0.3241307601541701	0.6946837287842821	0.8986409367072464	0.28258949364178726	0.5964768173193399
179	0.4481352105707255	0.8617273536647776	0.3628728927893299	0.4586405175770648	0.6998633273229231	0.7231545056399372	0.28588710082130475	0.3415168962757523	0.6588186716596484	0.657979682628996	0.5261944466031803	0.40796199036519176	0.7359970849204258	0.6619404211224004	0.1807640576247166	0.5022882008575288	0.6426243851938075	0.7928688436748197	0.29352941578995967	0.5848059538212536	0.18936158878845855	0.7816648469454772	0.9158846206235497	0.25886297155169213	0.8258454247632526	0.8383448155792117	0.4947889306375946	0.5306488795305097	0.5211801391867045	0.3328942389716458	0.4107900943826571	0.27053918849801634	0.782336104639715	0.2617423646506916	0.5578943766979387	0.1855781479395759	0.13440880466713742	0.6028907412414216	0.5244154076997541	0.3522981698807852	0.3762861369701901	0.7920954617565997	0.5801345875419167	0.4676488883878951	0.2377641245926849	0.3241307601245785	0.6946837288034425	0.8986409367007137	0.2825894936334956	0.5964768172991948
180	0.448135210563491	0.8617273536665584	0.36287289279319596	0.45864051752227614	0.6998633273150162	0.7231545056060991	0.2858871007808905	0.3415168962738915	0.6588186716411862	0.6579796826183852	0.5261944466666963	0.4079619903964635	0.7359970849175675	0.6619404211093447	0.1807640576215239	0.5022882008536153	0.6426243852118141	0.7928688437247182	0.29352941578652925	0.5848059538363017	0.1893615887860347	0.7816648469722627	0.9158846206187732	0.25886297155363375	0.8258454247458406	0.8383448156090478	0.4947889306086381	0.5306488795666235	0.5211801391097949	0.3328942389703758	0.4107900943940841	0.2705391884883042	0.7823361046457126	0.2617423646486005	0.5578943766550244	0.18557814794033342	0.1344088046714287	0.6028907412741317	0.5244154076888068	0.35229816989614304	0.37628613695418217	0.7920954617979233	0.5801345875567749	0.46764888837451246	0.23776412459212198	0.3241307600959758	0.694683728827796	0.8986409366925251	0.2825894936239691	0.596476817276104
181	0.44813521055528266	0.8617273536681848	0.36287289279687995	0.45864051746591106	0.6998633273073593	0.7231545055690922	0.28588710073969587	0.34151689627162635	0.6588186716204723	0.6579796826081388	0.5261944467331563	0.40796199042482145	0.7359970849143338	0.6619404210972362	0.18076405761853523	0.5022882008498201	0.642624385229128	0.7928688437777616	0.29352941578327935	0.5848059538528314	0.18936158878328527	0.7816648470019932	0.9158846206142008	0.2588629715560106	0.825845424726777	0.8383448156412936	0.4947889305738853	0.5306488796066399	0.5211801390242686	0.33289423896902876	0.4107900944052546	0.2705391884788506	0.7823361046542004	0.2617423646465595	0.5578943766083206	0.1855781479409711	0.1344088046755991	0.6028907413103028	0.5244154076711086	0.3522981699130043	0.3762861369364385	0.7920954618441038	0.5801345875735763	0.46764888836159413	0.2377641245914646	0.3241307600684406	0.6946837288563378	0.8986409366830048	0.28258949361347696	0.5964768172507126
182	0.4481352105463183	0.8617273536696679	0.3628728928003805	0.4586405174086709	0.6998633272999759	0.7231545055297071	0.28588710069817574	0.3415168962690383	0.6588186715980235	0.6579796825982828	0.5261944468015657	0.4079619904504862	0.7359970849108087	0.6619404210860265	0.18076405761574266	0.5022882008461559	0.6426243852457167	0.7928688438330326	0.29352941578020797	0.5848059538704791	0.18936158878028306	0.781664847033972	0.9158846206098378	0.2588629715587355	0.825845424706472	0.8383448156753146	0.49478893053451484	0.5306488796496304	0.5211801389321531	0.33289423896762815	0.4107900944161171	0.2705391884696925	0.7823361046647247	0.26174236464457734	0.5578943765587926	0.18557814794150299	0.13440880467963323	0.6028907413491064	0.5244154076478474	0.35229816993100005	0.37628613691737156	0.7920954618940146	0.580134587591884	0.4676488883491726	0.2377641245907335	0.32413076004202995	0.6946837288881881	0.8986409366724362	0.2825894936022534	0.5964768172235818
183	0.448135210536787	0.8617273536710185	0.3628728928036979	0.45864051735115235	0.6998633272928833	0.723154505488628	0.2858871006567155	0.34151689626619863	0.6588186715742892	0.6579796825888368	0.5261944468710719	0.40796199047366566	0.7359970849070661	0.6619404210756673	0.1807640576131379	0.502288200842632	0.6426243852615589	0.7928688438897422	0.2935294157773118	0.5848059538889303	0.18936158877709142	0.7816648470675944	0.9158846206056865	0.2588629715617323	0.825845424685281	0.8383448157105626	0.4947889304915562	0.5306488796947899	0.5211801388352078	0.33289423896619436	0.41079009442663067	0.27053918846085845	0.7823361046768867	0.26174236464266115	0.5578943765072755	0.1855781479419417	0.13440880468351954	0.6028907413898239	0.5244154076200682	0.35229816994981067	0.37628613689733914	0.7920954619466767	0.5801345876113179	0.4676488883372715	0.23776412458994664	0.3241307600167827	0.6946837289225803	0.8986409366610657	0.2825894935905016	0.596476817195198
184	0.44813521052685307	0.861727353672247	0.362872892806834	0.45864051729385985	0.6998633272860937	0.723154505446445	0.28588710061563866	0.3415168962631691	0.6588186715496573	0.6579796825798131	0.5261944469409484	0.40796199049455534	0.7359970849031695	0.6619404210661117	0.1807640576107124	0.5022882008392553	0.6426243852766429	0.7928688439472141	0.29352941577458685	0.5848059539079135	0.1893615887737651	0.7816648471023379	0.9158846206017475	0.25886297156493465	0.8258454246635102	0.8383448157465666	0.4947889304459049	0.5306488797414232	0.5211801387349525	0.33289423896474457	0.41079009443676395	0.27053918845237007	0.7823361046903373	0.2617423646408161	0.557894376454488	0.18557814794229843	0.13440880468724944	0.602890741431835	0.5244154075886878	0.3522981699691606	0.37628613687665013	0.7920954620012447	0.5801345876315492	0.46764888832590606	0.2377641245891195	0.32413075999272184	0.6946837289588479	0.898640936649108	0.2825894935783968	0.596476817165981
185	0.44813521051665745	0.8617273536733622	0.36287289280979185	0.45864051723721605	0.6998633272796151	0.723154505403663	0.2858871005752144	0.3415168962600034	0.6588186715244626	0.6579796825712193	0.5261944470105815	0.4079619905133386	0.7359970848991736	0.6619404210573127	0.1807640576084576	0.5022882008360302	0.6426243852909647	0.7928688440048733	0.2935294157720283	0.5848059539271957	0.18936158877035147	0.7816648471377544	0.9158846205980197	0.2588629715682851	0.8258454246414214	0.8383448157829234	0.4947889303983369	0.5306488797889328	0.5211801386326936	0.33289423896329345	0.41079009444649367	0.2705391884442423	0.782336104704772	0.2617423646390464	0.5578943764010457	0.18557814794258357	0.134408804690817	0.602890741474607	0.5244154075545068	0.3522981699888133	0.37628613685556994	0.7920954620569909	0.5801345876522946	0.46764888831508483	0.2377641245882654	0.32413075996985713	0.694683728996415	0.8986409366367482	0.2825894935660893	0.5964768171362906
186	0.44813521050632127	0.8617273536743735	0.36287289281257545	0.45864051718157123	0.6998633272734515	0.7231545053607127	0.2858871005356638	0.3415168962567478	0.6588186714989906	0.6579796825630577	0.5261944470794558	0.40796199053018717	0.7359970848951252	0.661940421049225	0.18076405760636474	0.5022882008329592	0.6426243853045275	0.792868844062234	0.29352941576963076	0.5848059539465789	0.18936158876689102	0.7816648471734602	0.9158846205944999	0.25886297157173394	0.8258454246192388	0.8383448158192912	0.49478893034952115	0.530648879836809	0.5211801385295475	0.33289423896185333	0.4107900944558036	0.27053918843648495	0.7823361047199268	0.2617423646373544	0.5578943763474717	0.1855781479428061	0.1344088046942186	0.6028907415176852	0.5244154075182227	0.3522981700085673	0.37628613683432527	0.7920954621132934	0.5801345876733116	0.46764888830481066	0.2377641245873958	0.32413075994818685	0.6946837290347857	0.8986409366241452	0.28258949355370744	0.596476817106434
187	0.4481352104959476	0.8617273536752887	0.3628728928151896	0.4586405171272121	0.6998633272676036	0.7231545053179578	0.2858871004971659	0.341516896253442	0.6588186714734845	0.657979682555327	0.5261944471471443	0.4079619905452618	0.7359970848910645	0.6619404210418045	0.18076405760442538	0.5022882008300431	0.6426243853173403	0.79286884411889	0.2935294157673883	0.5848059539658947	0.18936158876341816	0.7816648472091305	0.915884620591184	0.25886297157523885	0.8258454245971508	0.838344815855382	0.4947889303000311	0.5306488798846192	0.5211801384264609	0.33289423896043435	0.4107900944646838	0.27053918842910324	0.7823361047355729	0.26174236463574196	0.5578943762942081	0.18557814794297428	0.1344088046974526	0.6028907415606842	0.5244154074804401	0.35229817002825203	0.3762861368131083	0.7920954621696238	0.5801345876943932	0.4676488882950811	0.23776412458652046	0.3241307599276997	0.6946837290735363	0.8986409366114357	0.2825894935413598	0.5964768170766708
188	0.4481352104856236	0.861727353676116	0.3628728928176397	0.45864051707436976	0.6998633272620696	0.7231545052757029	0.28588710045986293	0.3415168962501196	0.6588186714481494	0.6579796825480226	0.5261944472132962	0.40796199055871224	0.7359970848870252	0.6619404210350084	0.18076405760263106	0.5022882008272814	0.6426243853294167	0.7928688441745044	0.29352941576529473	0.5848059539850026	0.189361588759962	0.7816648472444916	0.9158846205880674	0.2588629715787634	0.825845424575316	0.8383448158909552	0.4947889302503558	0.5306488799319996	0.5211801383242316	0.33289423895904496	0.41079009447312903	0.27053918842209834	0.7823361047515142	0.2617423646342095	0.5578943762416244	0.18557814794309538	0.13440880470051883	0.60289074160328	0.5244154074416807	0.3522981700477243	0.37628613679208067	0.7920954622255367	0.5801345877153649	0.4676488882858899	0.2377641245856476	0.32413075990837653	0.6946837291123061	0.8986409365987348	0.2825894935291377	0.5964768170472193
189	0.44813521047542215	0.8617273536768624	0.3628728928199315	0.45864051702322656	0.6998633272568451	0.7231545052342013	0.2858871004238649	0.3415168962468094	0.6588186714231566	0.6579796825411367	0.5261944472776292	0.40796199057067806	0.7359970848830354	0.6619404210287958	0.1807640576009734	0.5022882008246724	0.642624385340774	0.7928688442288022	0.2935294157633437	0.5848059540037853	0.18936158875654704	0.7816648472793154	0.9158846205851436	0.25886297158227706	0.825845424553866	0.8383448159258126	0.4947889302009085	0.5306488799786471	0.5211801382235247	0.3328942389576921	0.4107900944811387	0.27053918841546815	0.7823361047675822	0.2617423646327572	0.5578943761900269	0.18557814794317593	0.13440880470341873	0.6028907416452026	0.5244154074023919	0.3522981700668652	0.37628613677137723	0.7920954622806604	0.5801345877360803	0.4676488882772275	0.23776412458478402	0.32413075989019186	0.6946837291507915	0.8986409365861397	0.282589493517117	0.5964768170182612
190	0.44813521046540383	0.8617273536775346	0.3628728928220715	0.4586405169739223	0.6998633272519241	0.7231545051936596	0.2858871003892539	0.34151689624353543	0.6588186713986478	0.65797968253466	0.5261944473399195	0.40796199058128924	0.7359970848791186	0.6619404210231273	0.1807640575994444	0.5022882008222133	0.6426243853514327	0.7928688442815618	0.2935294157615286	0.5848059540221469	0.18936158875319348	0.7816648473134142	0.9158846205824064	0.25886297158575394	0.8258454245329084	0.8383448159597926	0.4947889301520361	0.5306488800243119	0.5211801381248885	0.332894238956381	0.41079009448871595	0.270539188409208	0.7823361047836344	0.2617423646313842	0.5578943761396654	0.18557814794322178	0.13440880470615477	0.6028907416862301	0.5244154073629558	0.3522981700855771	0.3762861367511089	0.7920954623346877	0.5801345877564181	0.4676488882690811	0.2377641245839354	0.3241307598731148	0.6946837291887384	0.898640936573732	0.28258949350535995	0.5964768169899449
191	0.44813521045561827	0.861727353678139	0.362872892824066	0.45864051692656005	0.6998633272472992	0.7231545051542452	0.28588710035608805	0.3415168962403175	0.6588186713747385	0.6579796825285806	0.5261944473999953	0.40796199059066623	0.7359970848752939	0.6619404210179651	0.18076405759803624	0.5022882008199006	0.6426243853614161	0.7928688443326091	0.29352941575984276	0.5848059540400095	0.18936158874991788	0.7816648473466352	0.9158846205798485	0.25886297158917265	0.82584542451253	0.8383448159927662	0.4947889301040264	0.5306488800687916	0.5211801380287687	0.33289423895511594	0.41079009449586673	0.2705391884033107	0.7823361047995505	0.2617423646300892	0.5578943760907407	0.18557814794323804	0.13440880470873035	0.6028907417261823	0.5244154073236955	0.3522981701037813	0.3762861367313657	0.7920954623873685	0.5801345877762795	0.46764888826143614	0.23776412458310645	0.32413075985711026	0.6946837292259371	0.8986409365615783	0.28258949349391715	0.5964768169623913
192	0.4481352104461053	0.8617273536786814	0.3628728928259217	0.4586405168812109	0.6998633272429612	0.7231545051160895	0.2858871003244045	0.3415168962371719	0.6588186713515215	0.6579796825228859	0.5261944474577296	0.4079619905989209	0.735997084871577	0.6619404210132732	0.18076405759674127	0.5022882008177301	0.6426243853707487	0.7928688443818108	0.29352941575827957	0.5848059540573118	0.18936158874673364	0.7816648473788566	0.9158846205774628	0.25886297159251553	0.8258454244927995	0.8383448160246327	0.49478893005711555	0.5306488801119248	0.5211801379355212	0.3328942389539001	0.41079009450259996	0.2705391883977673	0.7823361048152299	0.2617423646288706	0.557894376043411	0.18557814794322935	0.13440880471114972	0.6028907417649159	0.5244154072848827	0.35229817012141507	0.3762861367122195	0.7920954624385027	0.5801345877955842	0.46764888825427603	0.23776412458230095	0.32413075984214007	0.6946837292622164	0.8986409365497332	0.2825894934828285	0.5964768169356958
193	0.4481352104368965	0.861727353679167	0.3628728928276453	0.45864051683791884	0.6998633272389007	0.7231545050792935	0.28588710029422276	0.34151689623411197	0.6588186713290695	0.6579796825175617	0.5261944475130336	0.40796199060615673	0.7359970848679797	0.6619404210090178	0.1807640575955522	0.5022882008156972	0.642624385379457	0.7928688444290696	0.29352941575683245	0.5848059540740067	0.18936158874365122	0.7816648474099838	0.9158846205752414	0.25886297159576843	0.8258454244737695	0.8383448160553157	0.4947889300114939	0.5306488801535859	0.5211801378454234	0.33289423895273573	0.41079009450892606	0.2705391883925676	0.7823361048305896	0.2617423646277263	0.5578943759977962	0.18557814794319974	0.13440880471341773	0.6028907418023198	0.5244154072467427	0.35229817013843034	0.37628613669372607	0.7920954624879334	0.5801345878142694	0.467648888247583	0.23776412458152174	0.3241307598281637	0.6946837292974395	0.8986409365382402	0.28258949347212525	0.5964768169099319
194	0.448135210428016	0.861727353679601	0.36287289282924345	0.4586405167967043	0.699863327235107	0.7231545050439319	0.28588710026554714	0.3415168962311482	0.6588186713074375	0.6579796825125931	0.5261944475658521	0.40796199061246935	0.7359970848645113	0.6619404210051664	0.1807640575944621	0.5022882008137969	0.642624385387568	0.7928688444743186	0.293529415755495	0.5848059540900585	0.18936158874067882	0.7816648474399455	0.9158846205731768	0.25886297159892	0.8258454244554791	0.8383448160847606	0.494788929967312	0.530648880193681	0.5211801377586841	0.33289423895162423	0.4107900945148575	0.27053918838769975	0.7823361048455624	0.261742364626654	0.5578943759539848	0.18557814794315275	0.1344088047155396	0.6028907418383108	0.5244154072094611	0.3522981701547915	0.37628613667592736	0.7920954625355425	0.5801345878322868	0.4676488882413382	0.23776412458077117	0.3241307598151388	0.694683729331499	0.8986409365271332	0.28258949346183027	0.596476816885155
195	0.44813521041948157	0.8617273536799878	0.362872892830723	0.4586405167575681	0.6998633272315693	0.7231545050100558	0.2858871002383693	0.3415168962282887	0.6588186712866658	0.6579796825079649	0.5261944476161586	0.407961990617947	0.7359970848611789	0.6619404210016883	0.18076405759346426	0.5022882008120239	0.6426243853951096	0.7928688445175173	0.29352941575426084	0.584805954105443	0.18936158873782222	0.7816648474686908	0.9158846205712611	0.25886297160196164	0.8258454244379551	0.8383448161129309	0.49478892992468565	0.5306488802321426	0.5211801376754531	0.33289423895056647	0.4107900945204078	0.2705391883831515	0.7823361048600943	0.2617423646256511	0.5578943759120365	0.18557814794309155	0.134408804717521	0.6028907418728295	0.5244154071731877	0.3522981701704734	0.3762861366588532	0.7920954625812441	0.5801345878496009	0.46764888823552203	0.23776412458005092	0.32413075980302203	0.6946837293643133	0.8986409365164376	0.2825894934519598	0.5964768168614031
196	0.44813521041130555	0.8617273536803317	0.3628728928320905	0.4586405167204941	0.699863327228276	0.7231545049776975	0.2858871002126702	0.34151689622553916	0.6588186712667814	0.6579796825036613	0.5261944476639503	0.4079619906226711	0.7359970848579869	0.6619404209985548	0.18076405759255224	0.5022882008103724	0.6426243854021095	0.792868844558648	0.2935294157531238	0.5848059541201447	0.18936158873508568	0.7816648474961865	0.9158846205694864	0.25886297160488675	0.8258454244212142	0.8383448161398059	0.49478892988370043	0.5306488802689273	0.5211801375958293	0.3328942389495626	0.4107900945255917	0.2705391883789096	0.782336104874143	0.2617423646247149	0.5578943758719872	0.18557814794301888	0.13440880471936786	0.6028907419058381	0.5244154071380409	0.35229817018546045	0.37628613664252303	0.7920954626249811	0.5801345878661875	0.4676488882301147	0.237764124579362	0.3241307597917696	0.6946837293958238	0.8986409365061719	0.2825894934425242	0.5964768168387007
197	0.4481352104034954	0.8617273536806367	0.3628728928333523	0.4586405166854525	0.6998633272252157	0.7231545049468712	0.28588710018842206	0.341516896222904	0.6588186712478001	0.6579796824996664	0.526194447709245	0.40796199062671645	0.7359970848549383	0.6619404209957387	0.18076405759172004	0.5022882008088371	0.642624385408596	0.7928688445977121	0.29352941575207786	0.5848059541341558	0.18936158873247164	0.781664847522414	0.915884620567845	0.25886297160769084	0.8258454244052645	0.8383448161653784	0.4947889298444157	0.5306488803040114	0.5211801375198676	0.3328942389486124	0.41079009453042425	0.27053918837496077	0.7823361048876766	0.2617423646238425	0.5578943758338523	0.18557814794293717	0.1344088047210862	0.6028907419373158	0.5244154071041125	0.35229817019974474	0.3762861366269475	0.7920954626667206	0.5801345878820315	0.467648888225096	0.23776412457870522	0.3241307597813375	0.6946837294259908	0.8986409364963486	0.28258949343352896	0.59647681681706
198	0.44813521039605464	0.8617273536809067	0.3628728928345148	0.458640516652402	0.699863327222377	0.7231545049175777	0.2858871001655898	0.3415168962203857	0.6588186712297284	0.6579796824959644	0.5261944477520772	0.4079619906301518	0.7359970848520344	0.6619404209932144	0.1807640575909619	0.5022882008074121	0.6426243854145967	0.7928688446347271	0.29352941575111724	0.5848059541474754	0.1893615887299812	0.7816648475473682	0.9158846205663296	0.258862971610371	0.8258454243901062	0.8383448161896524	0.4947889298068683	0.530648880337388	0.5211801374475855	0.33289423894771525	0.41079009453492127	0.27053918837129104	0.7823361049006723	0.261742364623031	0.5578943757976295	0.1855781479428485	0.1344088047226822	0.6028907419672577	0.5244154070714703	0.35229817021332516	0.3762861366121296	0.7920954627064506	0.5801345878971266	0.46764888822044587	0.237764124578081	0.32413075977168193	0.6946837294547913	0.8986409364869741	0.282589493424975	0.5964768167964835
199	0.44813521038898335	0.8617273536811446	0.362872892835584	0.45864051662129196	0.699863327219748	0.7231545048898054	0.28588710014413266	0.3415168962179858	0.6588186712125641	0.6579796824925396	0.526194447792496	0.40796199063304006	0.7359970848492751	0.6619404209909582	0.18076405759027236	0.5022882008060918	0.6426243854201388	0.7928688446697235	0.2935294157502364	0.5848059541601079	0.18936158872761452	0.7816648475710539	0.9158846205649328	0.2588629716129258	0.8258454243757339	0.8383448162126418	0.4947889297710759	0.5306488803690651	0.5211801373789691	0.3328942389468701	0.41079009453909865	0.2705391883678867	0.782336104913115	0.26174236462227757	0.5578943757633019	0.18557814794275468	0.13440880472416203	0.602890741995671	0.5244154070401618	0.35229817022620635	0.37628613659806603	0.7920954627441769	0.5801345879114725	0.46764888821614453	0.2377641245774892	0.3241307597627599	0.6946837294822167	0.8986409364780505	0.2825894934168598	0.5964768167769643
200	0.4481352103822786	0.8617273536813538	0.36287289283656593	0.45864051659206406	0.6998633272173175	0.7231545048635322	0.28588710012400526	0.3415168962157042	0.6588186711962989	0.6579796824893762	0.5261944478305615	0.4079619906354392	0.7359970848466592	0.6619404209889473	0.18076405758964625	0.5022882008048706	0.642624385425249	0.7928688447027434	0.29352941574943	0.5848059541720625	0.18936158872537057	0.781664847593486	0.9158846205636471	0.258862971615355	0.8258454243621363	0.8383448162343681	0.49478892973703986	0.5306488803990622	0.521180137313978	0.3328942389460757	0.4107900945429725	0.27053918836473373	0.782336104924996	0.26174236462157924	0.5578943757308408	0.18557814794265734	0.13440880472553188	0.6028907420225745	0.5244154070102169	0.35229817023839766	0.37628613658474797	0.7920954627799195	0.5801345879250756	0.46764888821217226	0.23776412457692958	0.32413075975452915	0.6946837295082703	0.8986409364695765	0.28258949340917766	0.5964768167584887
201	0.44813521037593523	0.8617273536815369	0.36287289283746627	0.45864051656465454	0.6998633272150739	0.7231545048387282	0.28588710010515883	0.34151689621354014	0.6588186711809184	0.6579796824864593	0.5261944478663426	0.4079619906374019	0.7359970848441846	0.6619404209871613	0.18076405758907882	0.5022882008037428	0.6426243854299535	0.7928688447338379	0.29352941574869296	0.5848059541833524	0.18936158872324751	0.781664847614686	0.9158846205624658	0.25886297161765925	0.8258454243492979	0.8383448162548596	0.49478892970474764	0.5306488804274094	0.5211801372525501	0.33289423894533055	0.41079009454655885	0.2705391883618186	0.7823361049363122	0.26174236462093303	0.5578943757002066	0.18557814794255778	0.13440880472679773	0.6028907420479953	0.5244154069816502	0.35229817024991233	0.3762861365721622	0.7920954628137113	0.5801345879379464	0.46764888820850986	0.23776412457640167	0.32413075974694844	0.6946837295329658	0.8986409364615473	0.28258949340192063	0.596476816741037
202	0.44813521036994597	0.8617273536816964	0.36287289283829033	0.4586405165389952	0.6998633272130064	0.7231545048153568	0.2858871000875421	0.34151689621149217	0.6588186711664035	0.6579796824837739	0.5261944478999162	0.4079619906389764	0.7359970848418482	0.6619404209855805	0.18076405758856548	0.5022882008027031	0.6426243854342771	0.7928688447630647	0.2935294157480205	0.5848059541939936	0.189361588721243	0.7816648476346822	0.9158846205613821	0.25886297161984034	0.8258454243371999	0.8383448162741496	0.49478892967417515	0.5306488804541445	0.5211801371946045	0.3328942389446331	0.4107900945498733	0.2705391883591277	0.7823361049470658	0.26174236462033595	0.5578943756713526	0.1855781479424572	0.1344088047279656	0.602890742071968	0.5244154069544641	0.3522981702607667	0.37628613656029203	0.7920954628455953	0.5801345879500999	0.4676488882051387	0.23776412457590487	0.3241307597399778	0.6946837295563247	0.8986409364539552	0.28258949339507844	0.5964768167245843
203	0.44813521036430176	0.8617273536818351	0.36287289283904345	0.45864051651501436	0.6998633272111044	0.7231545047933754	0.2858871000711021	0.34151689620955794	0.6588186711527317	0.6579796824813057	0.526194447931364	0.4079619906402067	0.7359970848396469	0.6619404209841868	0.18076405758810188	0.502288200801746	0.6426243854382447	0.7928688447904876	0.2935294157474078	0.584805954204005	0.18936158871935405	0.7816648476535077	0.9158846205603896	0.25886297162190053	0.8258454243258205	0.8383448162922759	0.4947889296452887	0.5306488804793125	0.5211801371400465	0.33289423894398146	0.4107900945529316	0.270539188356648	0.7823361049572626	0.26174236461978534	0.5578943756442244	0.1855781479423565	0.1344088047290413	0.6028907420945331	0.5244154069286492	0.35229817027098	0.3762861365491175	0.792095462875622	0.5801345879615541	0.46764888820204076	0.2377641245754382	0.32413075973357847	0.6946837295783762	0.8986409364467903	0.28258949338863937	0.5964768167091022
204	0.4481352103589927	0.8617273536819546	0.36287289283973045	0.45864051649263876	0.6998633272093573	0.7231545047727377	0.2858871000557847	0.34151689620773473	0.6588186711398771	0.657979682479041	0.5261944479607719	0.40796199064113275	0.7359970848375764	0.6619404209829632	0.18076405758768413	0.5022882008008666	0.6426243854418792	0.7928688448161744	0.29352941574685076	0.5848059542134074	0.1893615887175772	0.7816648476711998	0.915884620559482	0.25886297162384275	0.8258454243151361	0.838344816309279	0.494788929618047	0.5306488805029629	0.5211801370887694	0.3328942389433738	0.4107900945557487	0.27053918835436663	0.7823361049669115	0.26174236461927836	0.5578943756187635	0.18557814794225658	0.13440880473003047	0.6028907421157355	0.5244154069041879	0.3522981702805732	0.37628613653861653	0.7920954629038494	0.5801345879723299	0.4676488881991984	0.2377641245750009	0.32413075972771355	0.6946837295991546	0.8986409364400414	0.28258949338259026	0.596476816694559
205	0.4481352103540072	0.8617273536820573	0.3628728928403562	0.45864051647179355	0.6998633272077553	0.7231545047533937	0.2858871000415355	0.3415168962060192	0.6588186711278115	0.6579796824769664	0.5261944479882282	0.40796199064179095	0.7359970848356324	0.6619404209818944	0.18076405758730846	0.5022882008000598	0.6426243854452031	0.7928688448401959	0.29352941574634506	0.5848059542222229	0.18936158871590872	0.7816648476877982	0.9158846205586536	0.2588629716256704	0.8258454243051206	0.8383448163252024	0.4947889295924024	0.5306488805251498	0.5211801370406579	0.33289423894280823	0.41079009455833954	0.27053918835227114	0.782336104976025	0.2617423646188123	0.5578943755949071	0.1855781479421581	0.13440880473093858	0.6028907421356241	0.5244154068810543	0.35229817028956883	0.3762861365287652	0.7920954629303396	0.5801345879824499	0.46764888819659506	0.2377641245745919	0.3241307597223471	0.6946837296186986	0.8986409364336951	0.2825894933769171	0.5964768166809205
206	0.4481352103493336	0.8617273536821448	0.362872892840925	0.4586405164524039	0.6998633272062887	0.7231545047352916	0.28588710002830015	0.3415168962044081	0.6588186711165052	0.6579796824750689	0.5261944480138228	0.4079619906422141	0.7359970848338102	0.6619404209809656	0.18076405758697134	0.5022882007993208	0.6426243854482379	0.792868844862625	0.2935294157458869	0.5848059542304748	0.1893615887143446	0.7816648477033453	0.9158846205578989	0.2588629716273872	0.8258454242957475	0.838344816340091	0.4947889295683024	0.5306488805459302	0.5211801369955898	0.3328942389422827	0.4107900945607182	0.2705391883503497	0.7823361049846169	0.26174236461838457	0.5578943755725897	0.1855781479420616	0.1344088047317709	0.6028907421542501	0.5244154068592172	0.3522981702979907	0.37628613651953835	0.7920954629551592	0.5801345879919384	0.46764888819421446	0.23776412457421003	0.3241307597174452	0.6946837296370512	0.8986409364277376	0.282589493371605	0.5964768166681511
207	0.4481352103449593	0.8617273536822188	0.3628728928414412	0.45864051643439474	0.6998633272049485	0.7231545047183778	0.2858871000160248	0.34151689620289727	0.658818671105927	0.6579796824733366	0.526194448037646	0.40796199064243216	0.7359970848321049	0.6619404209801637	0.18076405758666955	0.5022882007986451	0.6426243854510038	0.7928688448835353	0.2935294157454726	0.5848059542381873	0.18936158871288064	0.7816648477178851	0.9158846205572121	0.25886297162899713	0.8258454242869888	0.8383448163539904	0.4947889295456907	0.5306488805653626	0.5211801369534387	0.3328942389417953	0.41079009456289844	0.2705391883485906	0.7823361049927035	0.26174236461799266	0.5578943755517443	0.18557814794196753	0.13440880473253242	0.6028907421716666	0.5244154068386395	0.35229817030586325	0.3762861365109098	0.7920954629783767	0.5801345880008208	0.46764888819204137	0.23776412457385424	0.32413075971297517	0.6946837296542567	0.8986409364221541	0.28258949336663874	0.5964768166562137
208	0.4481352103408714	0.8617273536822806	0.36287289284190877	0.45864051641769243	0.6998633272037257	0.7231545047025978	0.2858871000046564	0.34151689620148296	0.6588186710960452	0.6579796824717578	0.5261944480597883	0.40796199064247207	0.7359970848305113	0.6619404209794765	0.18076405758640005	0.5022882007980284	0.6426243854535203	0.792868844903001	0.29352941574509867	0.5848059542453847	0.18936158871151257	0.7816648477314625	0.9158846205565887	0.2588629716305044	0.8258454242788169	0.8383448163669474	0.4947889295245085	0.5306488805835076	0.521180136914075	0.33289423894134396	0.4107900945648935	0.27053918834698304	0.7823361050003019	0.2617423646176342	0.5578943755323026	0.18557814794187635	0.134408804733228	0.6028907421879279	0.5244154068192811	0.35229817031321126	0.37628613650285286	0.792095463000063	0.5801345880091233	0.4676488881900611	0.23776412457352325	0.3241307597089064	0.6946837296703624	0.8986409364169291	0.2825894933620027	0.5964768166450708
209	0.44813521033705667	0.8617273536823319	0.3628728928423315	0.4586405164022242	0.6998633272026121	0.7231545046878969	0.28588709999414313	0.3415168962001609	0.6588186710868272	0.6579796824703215	0.5261944480803387	0.40796199064235816	0.7359970848290243	0.6619404209788922	0.18076405758616002	0.5022882007974665	0.6426243854558056	0.7928688449210963	0.2935294157447618	0.5848059542520918	0.18936158871023595	0.7816648477441226	0.9158846205560238	0.2588629716319136	0.8258454242712031	0.8383448163790085	0.4947889295046949	0.5306488806004256	0.5211801368773678	0.33289423894092673	0.4107900945667159	0.27053918834551643	0.7823361050074306	0.26174236461730693	0.5578943755141962	0.18557814794178826	0.13440880473386227	0.6028907422030884	0.5244154068010983	0.35229817032006	0.37628613649534065	0.7920954630202892	0.5801345880168723	0.46764888818825984	0.23776412457321594	0.3241307597052094	0.694683729685416	0.8986409364120468	0.28258949335768113	0.5964768166346845
210	0.4481352103335021	0.8617273536823737	0.3628728928427128	0.45864051638791886	0.6998633272015997	0.7231545046742204	0.2858870999844344	0.341516896198927	0.6588186710782409	0.6579796824690171	0.5261944480993851	0.40796199064211236	0.7359970848276389	0.6619404209784007	0.18076405758594685	0.5022882007969555	0.6426243854578771	0.7928688449378938	0.29352941574445923	0.5848059542583334	0.18936158870904637	0.7816648477559109	0.9158846205555129	0.25886297163322886	0.8258454242641194	0.8383448163902196	0.4947889294861882	0.5306488806161775	0.521180136843186	0.3328942389405418	0.41079009456837773	0.27053918834418084	0.7823361050141088	0.26174236461700867	0.5578943754973572	0.18557814794170352	0.13440880473443956	0.6028907422172028	0.5244154067840456	0.3522981703264343	0.3762861364883461	0.7920954630391273	0.5801345880240946	0.4676488881866243	0.23776412457293114	0.3241307597018565	0.6946837296994663	0.898640936407491	0.2825894933536583	0.5964768166250168
211	0.44813521033019454	0.861727353682407	0.36287289284305607	0.45864051637470765	0.6998633272006811	0.7231545046615143	0.28588709997548123	0.34151689619777703	0.6588186710702539	0.6579796824678348	0.5261944481170133	0.4079619906417542	0.7359970848263498	0.6619404209779921	0.18076405758575814	0.5022882007964914	0.6426243854597511	0.7928688449534657	0.2935294157441879	0.5848059542641336	0.18936158870793948	0.7816648477668724	0.9158846205550515	0.2588629716344548	0.825845424257538	0.838344816400627	0.49478892946892616	0.5306488806308239	0.5211801368113996	0.33289423894018716	0.41079009456989046	0.27053918834296675	0.7823361050203558	0.2617423646167372	0.5578943754817182	0.18557814794162222	0.13440880473496408	0.6028907422303256	0.5244154067680756	0.35229817033235916	0.3762861364818424	0.7920954630566481	0.5801345880308166	0.46764888818514216	0.23776412457266752	0.32413075969882166	0.6946837297125622	0.898640936403246	0.2825894933499188	0.5964768166160306
212	0.44813521032712084	0.8617273536824334	0.3628728928433644	0.45864051636252345	0.6998633271998491	0.7231545046497256	0.2858870999672365	0.3415168961967068	0.6588186710628342	0.6579796824667654	0.526194448133307	0.4079619906413014	0.735997084825152	0.6619404209776578	0.1807640575855916	0.5022882007960711	0.642624385461443	0.7928688449678817	0.29352941574394525	0.5848059542695165	0.18936158870691083	0.7816648477770515	0.9158846205546362	0.2588629716355959	0.8258454242514313	0.8383448164102749	0.4947889294528467	0.5306488806444241	0.5211801367818801	0.332894238939861	0.41079009457126475	0.27053918834186513	0.7823361050261917	0.2617423646164907	0.5578943754672129	0.1855781479415445	0.13440880473543967	0.60289074224251	0.5244154067531405	0.3522981703378589	0.3762861364758032	0.7920954630729222	0.5801345880370646	0.4676488881838016	0.23776412457242407	0.32413075969608013	0.6946837297247518	0.898640936399296	0.2825894933464471	0.5964768166076884
213	0.44813521032426845	0.8617273536824529	0.3628728928436406	0.458640516351302	0.6998633271990974	0.7231545046388022	0.28588709995965467	0.341516896195712	0.6588186710559508	0.6579796824658001	0.5261944481483468	0.4079619906407696	0.7359970848240406	0.6619404209773898	0.18076405758544523	0.5022882007956908	0.6426243854629671	0.7928688449812102	0.29352941574372887	0.5848059542745058	0.18936158870595626	0.7816648477864917	0.9158846205542627	0.25886297163665656	0.8258454242457725	0.8383448164192074	0.4947889294378884	0.5306488806570362	0.5211801367545017	0.33289423893956155	0.4107900945725111	0.2705391883408676	0.7823361050316363	0.2617423646162673	0.5578943754537767	0.18557814794147046	0.13440880473587016	0.6028907422538087	0.5244154067391917	0.3522981703429574	0.3762861364702027	0.7920954630880184	0.5801345880428647	0.4676488881825918	0.23776412457219956	0.3241307596936089	0.6946837297360833	0.8986409363956249	0.28258949334322836	0.5964768165999544
214	0.44813521032162457	0.8617273536824669	0.3628728928438875	0.45864051634098113	0.6998633271984193	0.7231545046286937	0.2858870999526921	0.3415168961947887	0.658818671049573	0.6579796824649304	0.526194448162211	0.40796199064017286	0.7359970848230104	0.6619404209771805	0.1807640575853171	0.5022882007953478	0.6426243854643371	0.7928688449935172	0.29352941574353636	0.5848059542791241	0.1893615887050715	0.7816648477952355	0.9158846205539279	0.25886297163764116	0.8258454242405352	0.8383448164274666	0.49478892942399066	0.5306488806687172	0.5211801367291413	0.332894238939287	0.41079009457363913	0.2705391883399661	0.7823361050367091	0.2617423646160652	0.557894375441347	0.18557814794140007	0.1344088047362589	0.6028907422642724	0.524415406726181	0.35229817034767796	0.3762861364650155	0.792095463102004	0.5801345880482419	0.4676488881815022	0.2377641245719928	0.32413075969138627	0.6946837297466035	0.8986409363922175	0.2825894933402478	0.5964768165927933
215	0.4481352103191773	0.8617273536824762	0.36287289284410756	0.4586405163315017	0.6998633271978091	0.723154504619351	0.2858870999463073	0.3415168961939327	0.6588186710436711	0.657979682464149	0.5261944481749745	0.40796199063952376	0.735997084822057	0.6619404209770233	0.18076405758520545	0.5022882007950388	0.6426243854655656	0.7928688450048661	0.2935294157433657	0.5848059542833938	0.18936158870425254	0.781664847803324	0.9158846205536284	0.258862971638554	0.8258454242356945	0.8383448164350936	0.49478892941109426	0.5306488806795224	0.5211801367056799	0.3328942389390358	0.410790094574658	0.2705391883391531	0.78233610504143	0.2617423646158828	0.5578943754298628	0.18557814794133334	0.13440880473660932	0.6028907422739508	0.5244154067140603	0.35229817035204314	0.3762861364602173	0.7920954631149444	0.580134588053221	0.467648888180523	0.23776412457180277	0.3241307596893919	0.6946837297563587	0.898640936389059	0.2825894933374914	0.5964768165861708
216	0.4481352103169148	0.8617273536824811	0.3628728928443031	0.4586405163228069	0.6998633271972612	0.7231545046107268	0.2858870999404605	0.3415168961931403	0.6588186710382163	0.6579796824634482	0.5261944481867095	0.4079619906388332	0.7359970848211755	0.6619404209769122	0.1807640575851087	0.5022882007947612	0.6426243854666643	0.7928688450153183	0.2935294157432149	0.5848059542873361	0.18936158870349537	0.7816648478107974	0.9158846205533615	0.2588629716393991	0.8258454242312259	0.8383448164421281	0.4947889293991416	0.530648880689505	0.521180136684002	0.3328942389388063	0.4107900945755761	0.27053918833842155	0.7823361050458181	0.26174236461571837	0.5578943754192655	0.18557814794127023	0.13440880473692438	0.602890742282892	0.5244154067027824	0.35229817035607475	0.37628613645578424	0.7920954631269028	0.5801345880578257	0.4676488881796454	0.23776412457162843	0.32413075968760685	0.6946837297653935	0.8986409363861345	0.2825894933349453	0.5964768165800541
217	0.44813521031482556	0.8617273536824824	0.3628728928444763	0.45864051631484276	0.6998633271967706	0.7231545046027759	0.285887099935114	0.34151689619240755	0.658818671033181	0.6579796824628216	0.5261944481974845	0.40796199063811106	0.7359970848203617	0.6619404209768416	0.18076405758502526	0.5022882007945125	0.6426243854676446	0.7928688450249324	0.29352941574308217	0.5848059542909719	0.18936158870279624	0.7816648478176936	0.915884620553124	0.2588629716401807	0.8258454242271056	0.8383448164486078	0.4947889293880767	0.5306488806987164	0.5211801366639964	0.33289423893859715	0.41079009457640175	0.27053918833776486	0.7823361050498916	0.2617423646155707	0.5578943754094987	0.18557814794121064	0.13440880473720698	0.6028907422911417	0.5244154066923009	0.3522981703597937	0.3762861364516937	0.7920954631379404	0.5801345880620792	0.4676488881788607	0.23776412457146878	0.32413075968601335	0.6946837297737508	0.89864093638343	0.2825894933325964	0.5964768165744115
218	0.44813521031289877	0.8617273536824804	0.36287289284462926	0.45864051630755803	0.6998633271963323	0.7231545045954545	0.2858870999302322	0.3415168961917308	0.6588186710285386	0.6579796824622627	0.526194448207365	0.40796199063736593	0.7359970848196112	0.6619404209768063	0.1807640575849539	0.5022882007942903	0.6426243854685162	0.7928688450337641	0.29352941574296576	0.5848059542943207	0.18936158870215145	0.7816648478240499	0.9158846205529136	0.25886297164090255	0.8258454242233113	0.8383448164545692	0.4947889293778457	0.530648880707206	0.5211801366455566	0.3328942389384067	0.41079009457714244	0.2705391883371769	0.7823361050536691	0.2617423646154383	0.5578943754005083	0.18557814794115451	0.1344088047374599	0.6028907422987445	0.5244154066825708	0.3522981703632202	0.3762861364479237	0.7920954631481159	0.5801345880660034	0.46764888817816097	0.2377641245713227	0.324130759684595	0.6946837297814729	0.898640936380932	0.282589493330432	0.5964768165692124
219	0.44813521031112385	0.861727353682476	0.36287289284476376	0.458640516300904	0.6998633271959421	0.723154504588721	0.28588709992578104	0.34151689619110664	0.6588186710242637	0.6579796824617657	0.5261944482164136	0.4079619906366054	0.7359970848189198	0.6619404209768017	0.18076405758489333	0.5022882007940921	0.642624385469289	0.7928688450418669	0.2935294157428641	0.5848059542974015	0.18936158870155748	0.7816648478299012	0.9158846205527277	0.2588629716415684	0.8258454242198214	0.838344816460047	0.49478892936839636	0.5306488807150208	0.5211801366285803	0.3328942389382337	0.41079009457780513	0.27053918833665175	0.7823361050571682	0.26174236461531997	0.557894375392243	0.18557814794110175	0.13440880473768557	0.6028907423057426	0.5244154066735482	0.3522981703663734	0.37628613644445313	0.7920954631574848	0.5801345880696196	0.467648888177539	0.23776412457118934	0.3241307596833364	0.694683729788599	0.8986409363786271	0.28258949332844	0.5964768165644276
220	0.44813521030949094	0.8617273536824694	0.3628728928448815	0.4586405162948349	0.6998633271955954	0.7231545045825357	0.2858870999217287	0.3415168961905316	0.6588186710203315	0.6579796824613253	0.526194448224689	0.4079619906358358	0.7359970848182839	0.6619404209768239	0.18076405758484237	0.502288200793916	0.6426243854699718	0.7928688450492916	0.2935294157427759	0.5848059543002324	0.18936158870101102	0.7816648478352815	0.9158846205525641	0.2588629716421819	0.8258454242166154	0.8383448164650741	0.49478892935967905	0.5306488807222061	0.52118013661297	0.33289423893807685	0.4107900945783964	0.2705391883361841	0.7823361050604059	0.26174236461521433	0.5578943753846533	0.18557814794105226	0.13440880473788633	0.6028907423121764	0.5244154066651908	0.35229817036927163	0.37628613644126224	0.7920954631661015	0.580134588072948	0.4676488881769879	0.23776412457106785	0.3241307596822234	0.6946837297951683	0.8986409363765031	0.2825894933266089	0.5964768165600295
221	0.4481352103079903	0.8617273536824609	0.36287289284498414	0.4586405162893072	0.6998633271952888	0.7231545045768609	0.2858870999180452	0.34151689619000236	0.6588186710167191	0.6579796824609362	0.526194448232247	0.4079619906350633	0.7359970848176994	0.661940420976869	0.18076405758480005	0.5022882007937599	0.6426243854705729	0.792868845056086	0.2935294157426998	0.5848059543028306	0.1893615887005089	0.7816648478402227	0.9158846205524207	0.2588629716427466	0.8258454242136739	0.8383448164696818	0.494788929351646	0.5306488807288046	0.5211801365986328	0.33289423893793496	0.41079009457892257	0.27053918833576895	0.7823361050633981	0.2617423646151205	0.5578943753776926	0.1855781479410059	0.13440880473806444	0.6028907423180845	0.5244154066574579	0.3522981703719324	0.37628613643833186	0.7920954631740162	0.580134588076008	0.46764888817650124	0.23776412457095739	0.3241307596812427	0.6946837298012173	0.8986409363745479	0.28258949332492767	0.5964768165559915
222	0.44813521030661296	0.8617273536824508	0.362872892845073	0.45864051628428015	0.6998633271950183	0.7231545045716608	0.28588709991470196	0.34151689618951603	0.6588186710134045	0.657979682460594	0.5261944482391406	0.4079619906342924	0.7359970848171631	0.6619404209769336	0.18076405758476538	0.5022882007936224	0.6426243854710997	0.7928688450622957	0.2935294157426345	0.584805954305212	0.189361588700048	0.7816648478447551	0.9158846205522956	0.2588629716432656	0.8258454242109782	0.8383448164739	0.4947889293442517	0.5306488807348569	0.5211801365854807	0.33289423893780673	0.41079009457938914	0.27053918833540164	0.782336105066161	0.2617423646150373	0.5578943753713166	0.18557814794096253	0.13440880473822184	0.6028907423235033	0.5244154066503103	0.3522981703743722	0.37628613643564396	0.792095463181278	0.580134588078818	0.4676488881760732	0.23776412457085702	0.32413075968038224	0.6946837298067806	0.8986409363727502	0.28258949332338573	0.5964768165522887
223	0.4481352103053502	0.8617273536824396	0.3628728928451496	0.4586405162797153	0.6998633271947807	0.7231545045669016	0.2858870999116727	0.34151689618906955	0.6588186710103667	0.657979682460294	0.5261944482454193	0.40796199063352756	0.7359970848166715	0.6619404209770148	0.1807640575847375	0.5022882007935012	0.6426243854715591	0.7928688450679634	0.29352941574257896	0.5848059543073925	0.1893615886996254	0.7816648478489078	0.9158846205521872	0.258862971643742	0.8258454242085106	0.8383448164777567	0.4947889293374529	0.530648880740402	0.52118013657343	0.33289423893769127	0.41079009457980153	0.27053918833507795	0.7823361050687092	0.2617423646149638	0.5578943753654835	0.18557814794092212	0.13440880473836045	0.6028907423284674	0.5244154066437102	0.35229817037660677	0.37628613643318143	0.7920954631879327	0.5801345880813954	0.4676488881756983	0.23776412457076615	0.3241307596796306	0.6946837298118917	0.8986409363710993	0.2825894933219735	0.5964768165488971
224	0.44813521030419395	0.8617273536824274	0.36287289284521507	0.4586405162755767	0.6998633271945731	0.723154504562551	0.28588709990893246	0.3415168961886602	0.6588186710075858	0.6579796824600326	0.5261944482511299	0.40796199063277233	0.7359970848162212	0.6619404209771098	0.18076405758471564	0.5022882007933953	0.6426243854719579	0.7928688450731297	0.2935294157425321	0.5848059543093862	0.1893615886992385	0.781664847852708	0.9158846205520935	0.25886297164417893	0.825845424206255	0.8383448164812787	0.49478892933120844	0.5306488807454759	0.5211801365624016	0.3328942389375875	0.4107900945801646	0.2705391883347936	0.782336105071057	0.2617423646148993	0.5578943753601536	0.1855781479408844	0.134408804738482	0.6028907423330097	0.5244154066376223	0.3522981703786509	0.376286136430928	0.7920954631940237	0.5801345880837567	0.4676488881753716	0.23776412457068397	0.3241307596789775	0.6946837298165823	0.8986409363695846	0.28258949332068145	0.5964768165457944
225	0.4481352103031365	0.8617273536824144	0.3628728928452707	0.4586405162718305	0.6998633271943925	0.7231545045585791	0.28588709990645805	0.3415168961882853	0.6588186710050433	0.6579796824598059	0.5261944482563162	0.4079619906320298	0.7359970848158096	0.6619404209772164	0.18076405758469907	0.502288200793303	0.6426243854723018	0.7928688450778325	0.29352941574249314	0.5848059543112072	0.18936158869888464	0.7816648478561813	0.9158846205520134	0.25886297164457905	0.8258454242041954	0.8383448164844903	0.4947889293254794	0.5306488807501133	0.521180136552321	0.3328942389374944	0.4107900945804828	0.2705391883345453	0.782336105073218	0.2617423646148426	0.5578943753552896	0.18557814794084937	0.13440880473858802	0.6028907423371608	0.5244154066320121	0.3522981703805186	0.3762861364288685	0.792095463199592	0.5801345880859176	0.4676488881750883	0.2377641245706098	0.3241307596784132	0.6946837298208818	0.8986409363681966	0.2825894933195008	0.5964768165429595
226	0.4481352103021706	0.8617273536824008	0.36287289284531726	0.4586405162684452	0.6998633271942363	0.7231545045549574	0.2858870999042276	0.34151689618794234	0.6588186710027215	0.6579796824596104	0.5261944482610194	0.4079619906313025	0.7359970848154336	0.6619404209773321	0.18076405758468717	0.5022882007932231	0.6426243854725963	0.7928688450821074	0.2935294157424611	0.5848059543128681	0.18936158869856143	0.7816648478593522	0.9158846205519454	0.2588629716449451	0.8258454242023172	0.8383448164874158	0.4947889293202291	0.5306488807543465	0.5211801365431179	0.33289423893741116	0.41079009458076055	0.27053918833432933	0.782336105075205	0.2617423646147934	0.5578943753508564	0.18557814794081676	0.13440880473868008	0.6028907423409497	0.5244154066268474	0.3522981703822229	0.3762861364269884	0.7920954632046764	0.5801345880878926	0.46764888817484435	0.237764124570543	0.3241307596779291	0.6946837298248187	0.8986409363669263	0.28258949331842326	0.5964768165403723
227	0.4481352103012892	0.861727353682387	0.362872892845356	0.4586405162653914	0.699863327194102	0.7231545045516594	0.28588709990222094	0.3415168961876291	0.6588186710006038	0.6579796824594432	0.5261944482652778	0.4079619906305925	0.7359970848150905	0.6619404209774551	0.18076405758467934	0.5022882007931543	0.6426243854728465	0.792868845085988	0.29352941574243524	0.5848059543143812	0.18936158869826653	0.7816648478622433	0.915884620551888	0.2588629716452795	0.8258454242006066	0.8383448164900765	0.4947889293154227	0.5306488807582059	0.5211801365347264	0.3328942389373369	0.41079009458100163	0.27053918833414264	0.7823361050770303	0.26174236461475064	0.5578943753468213	0.18557814794078656	0.1344088047387595	0.6028907423444041	0.5244154066220975	0.3522981703837763	0.3762861364252743	0.7920954632093132	0.5801345880896958	0.4676488881746357	0.23776412457048302	0.3241307596775169	0.6946837298284193	0.8986409363657647	0.28258949331744104	0.596476816538014
228	0.44813521030048614	0.8617273536823727	0.36287289284538754	0.4586405162626415	0.6998633271939877	0.7231545045486599	0.28588709990041916	0.34151689618734316	0.6588186709986747	0.6579796824593013	0.5261944482691275	0.4079619906299016	0.7359970848147779	0.661940420977584	0.18076405758467506	0.5022882007930956	0.6426243854730569	0.7928688450895054	0.29352941574241487	0.584805954315758	0.18936158869799777	0.781664847864876	0.9158846205518405	0.2588629716455847	0.8258454241990506	0.8383448164924934	0.49478892931102747	0.5306488807617203	0.5211801365270842	0.3328942389372709	0.4107900945812096	0.27053918833398244	0.7823361050787053	0.26174236461471384	0.5578943753431532	0.18557814794075858	0.13440880473882758	0.6028907423475492	0.5244154066177331	0.3522981703851903	0.3762861364237134	0.7920954632135365	0.5801345880913398	0.46764888817445877	0.2377641245704293	0.32413075967716926	0.6946837298317089	0.8986409363647039	0.28258949331654687	0.5964768165358673
229	0.4481352102997553	0.8617273536823586	0.3628728928454128	0.45864051626017005	0.6998633271938911	0.7231545045459357	0.28588709989880484	0.34151689618708264	0.6588186709969197	0.657979682459182	0.526194448272602	0.40796199062923105	0.7359970848144934	0.6619404209777169	0.18076405758467384	0.5022882007930457	0.6426243854732319	0.792868845092689	0.2935294157423993	0.584805954317009	0.1893615886977532	0.7816648478672702	0.9158846205518016	0.25886297164586286	0.8258454241976374	0.8383448164946858	0.4947889293070128	0.5306488807649165	0.5211801365201334	0.33289423893721237	0.41079009458138765	0.2705391883338459	0.7823361050802408	0.26174236461468237	0.5578943753398232	0.1855781479407327	0.13440880473888545	0.6028907423504094	0.524415406613727	0.3522981703864758	0.37628613642229397	0.7920954632173783	0.5801345880928372	0.4676488881743102	0.23776412457038132	0.32413075967687943	0.6946837298347107	0.8986409363637363	0.2825894933157339	0.5964768165339155
230	0.4481352102990911	0.8617273536823444	0.36287289284543256	0.4586405162579533	0.6998633271938103	0.7231545045434645	0.2858870998973616	0.34151689618684555	0.6588186709953251	0.657979682459083	0.5261944482757323	0.40796199062858185	0.7359970848142349	0.6619404209778527	0.18076405758467526	0.502288200793004	0.642624385473375	0.7928688450955657	0.293529415742388	0.5848059543181442	0.18936158869753097	0.7816648478694451	0.9158846205517703	0.2588629716461161	0.8258454241963553	0.8383448164966717	0.4947889293033497	0.5306488807678192	0.5211801365138196	0.3328942389371607	0.410790094581539	0.2705391883337306	0.7823361050816471	0.2617423646146557	0.5578943753368045	0.1855781479407088	0.1344088047389341	0.6028907423530069	0.5244154066100533	0.352298170387643	0.3762861364210047	0.7920954632208688	0.5801345880941993	0.46764888817418704	0.2377641245703385	0.32413075967664107	0.6946837298374468	0.8986409363628548	0.2825894933149956	0.5964768165321431
231	0.44813521029848813	0.8617273536823302	0.3628728928454473	0.45864051625596913	0.6998633271937438	0.7231545045412263	0.2858870998960744	0.3415168961866299	0.658818670993878	0.6579796824590023	0.5261944482785477	0.4079619906279549	0.7359970848140003	0.66194042097799	0.18076405758467898	0.5022882007929695	0.6426243854734901	0.7928688450981612	0.2935294157423805	0.584805954319173	0.1893615886973292	0.7816648478714179	0.9158846205517457	0.2588629716463463	0.8258454241951941	0.8383448164984679	0.49478892930001117	0.5306488807704522	0.521180136508092	0.3328942389371152	0.41079009458166627	0.27053918833363444	0.7823361050829336	0.2617423646146333	0.5578943753340718	0.18557814794068675	0.13440880473897462	0.6028907423553629	0.5244154066066875	0.35229817038870137	0.37628613641983527	0.7920954632240355	0.5801345880954365	0.4676488881740866	0.23776412457030047	0.3241307596764486	0.6946837298399378	0.8986409363620526	0.2825894933143261	0.5964768165305362
232	0.44813521029794146	0.8617273536823165	0.3628728928454578	0.4586405162541971	0.6998633271936898	0.7231545045392019	0.2858870998949294	0.3415168961864342	0.6588186709925667	0.6579796824589375	0.526194448281075	0.4079619906273506	0.7359970848137876	0.6619404209781282	0.18076405758468458	0.5022882007929415	0.6426243854735801	0.792868845100499	0.29352941574237623	0.5848059543201038	0.18936158869714628	0.781664847873205	0.9158846205517273	0.2588629716465553	0.8258454241941434	0.83834481650009	0.49478892929697194	0.5306488807728372	0.5211801365029032	0.3328942389370754	0.410790094581772	0.27053918833355534	0.7823361050841097	0.26174236461461475	0.5578943753316016	0.18557814794066646	0.13440880473900776	0.6028907423574967	0.5244154066036067	0.3522981703896597	0.37628613641877595	0.7920954632269048	0.5801345880965593	0.4676488881740062	0.23776412457026694	0.32413075967629684	0.6946837298422028	0.8986409363613231	0.28258949331371985	0.5964768165290809
233	0.4481352102974467	0.8617273536823027	0.3628728928454644	0.45864051625261837	0.6998633271936471	0.7231545045373735	0.2858870998939134	0.34151689618625675	0.6588186709913801	0.6579796824588869	0.5261944482833392	0.40796199062676936	0.735997084813595	0.6619404209782661	0.1807640575846918	0.502288200792919	0.6426243854736481	0.7928688451026012	0.2935294157423748	0.5848059543209451	0.18936158869698075	0.7816648478748215	0.915884620551714	0.2588629716467448	0.8258454241931945	0.8383448165015527	0.49478892929420837	0.5306488807749946	0.521180136498209	0.33289423893704073	0.41079009458185867	0.27053918833349133	0.7823361050851835	0.2617423646145996	0.557894375329372	0.18557814794064784	0.13440880473903444	0.6028907423594267	0.5244154066007896	0.35229817039052624	0.3762861364178178	0.7920954632295011	0.5801345880975766	0.4676488881739436	0.2377641245702372	0.324130759676181	0.6946837298442603	0.8986409363606611	0.2825894933131715	0.596476816527765
234	0.44813521029699943	0.8617273536822893	0.3628728928454678	0.4586405162512155	0.6998633271936143	0.7231545045357248	0.28588709989301486	0.34151689618609615	0.6588186709903079	0.657979682458849	0.5261944482853634	0.4079619906262112	0.7359970848134211	0.6619404209784031	0.18076405758470038	0.5022882007929017	0.6426243854736966	0.7928688451044879	0.2935294157423758	0.5848059543217039	0.18936158869683106	0.7816648478762818	0.9158846205517055	0.2588629716469164	0.8258454241923388	0.8383448165028694	0.4947889292916984	0.5306488807769433	0.5211801364939685	0.33289423893701064	0.4107900945819282	0.2705391883334408	0.7823361050861629	0.26174236461458755	0.5578943753273629	0.18557814794063068	0.13440880473905534	0.6028907423611699	0.524415406598216	0.3522981703913086	0.3762861364169523	0.792095463231847	0.580134588098497	0.4676488881738969	0.23776412457021115	0.3241307596760969	0.6946837298461266	0.8986409363600609	0.2825894933126764	0.5964768165265767
235	0.44813521029659564	0.8617273536822762	0.36287289284546825	0.45864051624997215	0.6998633271935902	0.7231545045342406	0.2858870998922226	0.34151689618595094	0.6588186709893402	0.6579796824588221	0.5261944482871691	0.40796199062567623	0.735997084813264	0.6619404209785386	0.18076405758471006	0.5022882007928888	0.6426243854737281	0.7928688451061779	0.29352941574237895	0.5848059543223876	0.18936158869669595	0.7816648478775989	0.9158846205517008	0.25886297164707156	0.825845424191568	0.8383448165040528	0.4947889292894214	0.5306488807787006	0.5211801364901434	0.3328942389369848	0.4107900945819826	0.2705391883334021	0.7823361050870555	0.2617423646145781	0.5578943753255553	0.185578147940615	0.13440880473907113	0.6028907423627419	0.524415406595867	0.35229817039201394	0.3762861364161716	0.7920954632339633	0.5801345880993289	0.4676488881738639	0.23776412457018833	0.3241307596760406	0.6946837298478173	0.8986409363595173	0.28258949331222993	0.5964768165255052
236	0.44813521029623177	0.8617273536822636	0.36287289284546637	0.4586405162488736	0.6998633271935739	0.7231545045329064	0.28588709989152644	0.34151689618581976	0.6588186709884686	0.6579796824588048	0.5261944482887763	0.4079619906251642	0.7359970848131224	0.6619404209786719	0.18076405758472064	0.5022882007928798	0.6426243854737449	0.7928688451076891	0.29352941574238384	0.5848059543230025	0.1893615886965742	0.781664847878785	0.9158846205517	0.25886297164721167	0.8258454241908754	0.8383448165051143	0.4947889292873585	0.5306488807802833	0.5211801364866985	0.3328942389369626	0.41079009458202365	0.270539188333374	0.7823361050878681	0.2617423646145711	0.5578943753239318	0.18557814794060062	0.13440880473908245	0.6028907423641574	0.5244154065937252	0.3522981703926489	0.37628613641546865	0.7920954632358698	0.5801345881000796	0.4676488881738431	0.23776412457016854	0.3241307596760086	0.6946837298493473	0.8986409363590258	0.28258949331182803	0.5964768165245409
237	0.4481352102959043	0.8617273536822513	0.3628728928454622	0.4586405162479061	0.6998633271935643	0.7231545045317094	0.2858870998909172	0.3415168961857016	0.6588186709876844	0.6579796824587961	0.5261944482902027	0.40796199062467486	0.7359970848129951	0.6619404209788027	0.1807640575847319	0.5022882007928743	0.6426243854737487	0.7928688451090369	0.2935294157423902	0.5848059543235546	0.18936158869646463	0.7816648478798516	0.9158846205517017	0.25886297164733796	0.8258454241902538	0.8383448165060648	0.4947889292854917	0.5306488807817061	0.5211801364836007	0.33289423893694386	0.41079009458205296	0.270539188333355	0.7823361050886072	0.26174236461456624	0.5578943753224763	0.1855781479405875	0.13440880473908987	0.6028907423654298	0.5244154065917741	0.35229817039321953	0.37628613641483666	0.7920954632375844	0.5801345881007559	0.4676488881738329	0.23776412457015142	0.32413075967599775	0.69468372985073	0.8986409363585818	0.28258949331146677	0.596476816523674
238	0.44813521029561015	0.8617273536822395	0.36287289284545626	0.4586405162470571	0.6998633271935606	0.7231545045306372	0.2858870998903864	0.34151689618559516	0.6588186709869803	0.6579796824587948	0.5261944482914656	0.4079619906242078	0.7359970848128807	0.6619404209789302	0.18076405758474368	0.5022882007928717	0.6426243854737413	0.7928688451102366	0.2935294157423978	0.5848059543240495	0.18936158869636618	0.7816648478808088	0.9158846205517064	0.2588629716474516	0.8258454241896968	0.8383448165069143	0.49478892928380447	0.5306488807829832	0.5211801364808198	0.3328942389369282	0.4107900945820719	0.27053918833334417	0.7823361050892785	0.2617423646145631	0.5578943753211738	0.1855781479405755	0.13440880473909375	0.6028907423665719	0.5244154065899985	0.3522981703937314	0.37628613641426945	0.7920954632391239	0.5801345881013643	0.46764888817383177	0.23776412457013663	0.3241307596760052	0.6946837298519775	0.8986409363581814	0.28258949331114264	0.5964768165228964
239	0.44813521029534625	0.8617273536822282	0.3628728928454489	0.45864051624631497	0.6998633271935619	0.7231545045296789	0.28588709988992606	0.3415168961854996	0.658818670986349	0.6579796824587998	0.5261944482925802	0.40796199062376265	0.7359970848127781	0.6619404209790548	0.18076405758475583	0.5022882007928718	0.6426243854737245	0.7928688451113016	0.2935294157424066	0.5848059543244921	0.1893615886962779	0.7816648478816667	0.9158846205517132	0.2588629716475538	0.8258454241891989	0.8383448165076718	0.49478892928228163	0.5306488807841275	0.5211801364783278	0.33289423893691517	0.4107900945820818	0.27053918833334023	0.7823361050898876	0.2617423646145617	0.5578943753200106	0.18557814794056454	0.13440880473909472	0.6028907423675951	0.5244154065883841	0.3522981703941899	0.3762861364137611	0.7920954632405038	0.5801345881019109	0.46764888817383865	0.23776412457012408	0.32413075967602833	0.6946837298531019	0.8986409363578208	0.28258949331085226	0.5964768165221997
240	0.44813521029511005	0.8617273536822173	0.3628728928454402	0.4586405162456692	0.6998633271935676	0.7231545045288239	0.28588709988952915	0.34151689618541387	0.6588186709857842	0.6579796824588102	0.5261944482935609	0.4079619906233389	0.7359970848126862	0.6619404209791756	0.18076405758476827	0.5022882007928741	0.6426243854736995	0.792868845112245	0.2935294157424161	0.5848059543248874	0.1893615886961989	0.7816648478824338	0.9158846205517217	0.25886297164764543	0.8258454241887546	0.8383448165083458	0.49478892928090906	0.5306488807851508	0.5211801364760988	0.3328942389369045	0.41079009458208393	0.27053918833334245	0.78233610509044	0.26174236461456163	0.5578943753189739	0.1855781479405546	0.13440880473909309	0.6028907423685099	0.5244154065869179	0.35229817039459976	0.37628613641330655	0.7920954632417384	0.5801345881024008	0.46764888817385225	0.23776412457011345	0.3241307596760648	0.6946837298541135	0.8986409363574964	0.2825894933105927	0.596476816521577
241	0.448135210294899	0.8617273536822068	0.36287289284543056	0.45864051624510993	0.6998633271935769	0.7231545045280628	0.2858870998891891	0.3415168961853371	0.6588186709852796	0.6579796824588252	0.5261944482944206	0.40796199062293587	0.7359970848126042	0.661940420979293	0.1807640575847808	0.5022882007928783	0.6426243854736676	0.7928688451130779	0.2935294157424263	0.5848059543252394	0.1893615886961283	0.7816648478831187	0.9158846205517319	0.2588629716477274	0.825845424188359	0.8383448165089441	0.4947889292796737	0.5306488807860642	0.5211801364741089	0.3328942389368961	0.41079009458207927	0.2705391883333499	0.7823361050909402	0.26174236461456274	0.5578943753180522	0.18557814794054556	0.13440880473908925	0.6028907423693266	0.5244154065855874	0.3522981703949653	0.3762861364129008	0.7920954632428409	0.5801345881028395	0.4676488881738716	0.2377641245701046	0.32413075967611266	0.6946837298550226	0.8986409363572052	0.28258949331036104	0.5964768165210215
242	0.44813521029471076	0.8617273536821969	0.36287289284542	0.45864051624462854	0.6998633271935893	0.7231545045273868	0.2858870998888999	0.3415168961852684	0.6588186709848299	0.6579796824588441	0.5261944482951714	0.407961990622553	0.735997084812531	0.6619404209794063	0.18076405758479341	0.5022882007928842	0.64262438547363	0.7928688451138112	0.29352941574243696	0.5848059543255525	0.1893615886960653	0.7816648478837288	0.9158846205517434	0.2588629716478008	0.8258454241880075	0.8383448165094738	0.4947889292785633	0.5306488807868779	0.521180136472336	0.3328942389368896	0.41079009458206883	0.2705391883333617	0.7823361050913926	0.26174236461456485	0.5578943753172345	0.18557814794053734	0.1344088047390835	0.6028907423700538	0.5244154065843812	0.3522981703952908	0.37628613641253944	0.7920954632438233	0.5801345881032315	0.4676488881738959	0.23776412457009732	0.3241307596761699	0.6946837298558379	0.8986409363569443	0.28258949331015476	0.5964768165205268
243	0.4481352102945433	0.8617273536821873	0.36287289284540886	0.4586405162442166	0.6998633271936047	0.7231545045267881	0.285887099888656	0.34151689618520725	0.65881867098443	0.6579796824588663	0.5261944482958241	0.40796199062218974	0.735997084812466	0.6619404209795158	0.180764057584806	0.5022882007928913	0.6426243854735877	0.7928688451144544	0.29352941574244806	0.5848059543258303	0.18936158869600925	0.7816648478842713	0.9158846205517558	0.25886297164786626	0.8258454241876962	0.8383448165099414	0.49478892927756685	0.530648880787601	0.5211801364707599	0.3328942389368847	0.4107900945820534	0.2705391883333773	0.7823361050918014	0.26174236461456785	0.5578943753165111	0.1855781479405299	0.13440880473907618	0.6028907423707002	0.5244154065832891	0.3522981703955799	0.3762861364122182	0.7920954632446967	0.580134588103581	0.46764888817392414	0.23776412457009138	0.324130759676235	0.6946837298565682	0.8986409363567107	0.2825894933099716	0.5964768165200873
244	0.4481352102943946	0.8617273536821781	0.36287289284539725	0.45864051624386687	0.699863327193622	0.723154504526259	0.2858870998884527	0.34151689618515274	0.6588186709840751	0.6579796824588912	0.5261944482963887	0.40796199062184524	0.7359970848124081	0.661940420979621	0.1807640575848184	0.5022882007928996	0.6426243854735417	0.7928688451150168	0.2935294157424594	0.5848059543260758	0.1893615886959595	0.781664847884752	0.9158846205517692	0.2588629716479245	0.8258454241874209	0.8383448165103531	0.49478892927667395	0.5306488807882421	0.5211801364693621	0.3328942389368813	0.4107900945820338	0.27053918833339613	0.7823361050921704	0.26174236461457157	0.5578943753158727	0.1855781479405232	0.13440880473906752	0.602890742371273	0.524415406582301	0.35229817039583616	0.3762861364119333	0.7920954632454719	0.5801345881038921	0.4676488881739557	0.23776412457008667	0.32413075967630645	0.6946837298572213	0.8986409363565021	0.2825894933098091	0.5964768165196979
245	0.44813521029426284	0.8617273536821695	0.36287289284538526	0.45864051624357266	0.6998633271936412	0.7231545045257928	0.2858870998882852	0.34151689618510433	0.658818670983761	0.657979682458918	0.5261944482968745	0.40796199062151894	0.735997084812357	0.6619404209797224	0.1807640575848307	0.5022882007929089	0.6426243854734927	0.7928688451155061	0.2935294157424708	0.5848059543262926	0.18936158869591546	0.7816648478851775	0.915884620551783	0.2588629716479763	0.8258454241871783	0.8383448165107144	0.49478892927587526	0.5306488807888092	0.5211801364681256	0.3328942389368792	0.4107900945820108	0.2705391883334175	0.782336105092503	0.26174236461457595	0.5578943753153112	0.1855781479405171	0.1344088047390578	0.6028907423717799	0.5244154065814082	0.3522981703960626	0.3762861364116814	0.7920954632461576	0.5801345881041683	0.4676488881739899	0.23776412457008309	0.32413075967638283	0.6946837298578039	0.898640936356316	0.28258949330966554	0.5964768165193535
246	0.4481352102941465	0.8617273536821612	0.362872892845373	0.4586405162433278	0.6998633271936617	0.7231545045253833	0.2858870998881495	0.34151689618506154	0.6588186709834837	0.6579796824589467	0.5261944482972897	0.4079619906212101	0.7359970848123117	0.6619404209798196	0.18076405758484276	0.5022882007929189	0.6426243854734413	0.7928688451159301	0.2935294157424824	0.5848059543264831	0.1893615886958765	0.7816648478855528	0.9158846205517973	0.25886297164802213	0.825845424186965	0.8383448165110303	0.49478892927516205	0.5306488807893095	0.5211801364670345	0.3328942389368782	0.4107900945819849	0.270539188333441	0.7823361050928025	0.2617423646145808	0.5578943753148189	0.18557814794051164	0.13440880473904718	0.6028907423722267	0.5244154065806022	0.3522981703962622	0.37628613641145914	0.792095463246763	0.580134588104413	0.46764888817402617	0.23776412457008048	0.32413075967646315	0.6946837298583232	0.8986409363561505	0.282589493309539	0.59647681651905
247	0.448135210294044	0.8617273536821535	0.3628728928453606	0.4586405162431267	0.6998633271936834	0.7231545045250248	0.28588709988804195	0.3415168961850236	0.6588186709832397	0.6579796824589765	0.526194448297642	0.4079619906209181	0.735997084812272	0.6619404209799128	0.1807640575848546	0.5022882007929294	0.6426243854733883	0.7928688451162957	0.2935294157424939	0.5848059543266503	0.18936158869584221	0.7816648478858829	0.9158846205518121	0.2588629716480626	0.8258454241867785	0.8383448165113052	0.4947889292745263	0.5306488807897495	0.5211801364660748	0.33289423893687825	0.4107900945819567	0.2705391883334662	0.7823361050930718	0.26174236461458605	0.5578943753143889	0.18557814794050678	0.13440880473903585	0.6028907423726197	0.5244154065798754	0.3522981703964376	0.3762861364112637	0.7920954632472956	0.5801345881046293	0.4676488881740641	0.2377641245700787	0.3241307596765464	0.6946837298587846	0.8986409363560035	0.2825894933094276	0.5964768165187833
248	0.44813521029395403	0.861727353682146	0.36287289284534824	0.4586405162429643	0.6998633271937059	0.7231545045247123	0.28588709988795913	0.3415168961849903	0.6588186709830254	0.6579796824590074	0.5261944482979382	0.4079619906206421	0.7359970848122369	0.661940420980002	0.18076405758486608	0.5022882007929405	0.6426243854733341	0.7928688451166088	0.2935294157425054	0.5848059543267962	0.1893615886958121	0.7816648478861722	0.915884620551827	0.2588629716480983	0.8258454241866157	0.8383448165115437	0.49478892927396056	0.5306488807901352	0.5211801364652331	0.3328942389368791	0.41079009458192667	0.2705391883334926	0.7823361050933136	0.26174236461459166	0.5578943753140146	0.18557814794050237	0.13440880473902397	0.6028907423729641	0.5244154065792207	0.35229817039659134	0.3762861364110923	0.792095463247763	0.5801345881048198	0.4676488881741031	0.23776412457007767	0.3241307596766315	0.6946837298591939	0.8986409363558733	0.28258949330933014	0.5964768165185497
249	0.44813521029387526	0.8617273536821392	0.36287289284533586	0.45864051624283597	0.6998633271937289	0.7231545045244409	0.28588709988789796	0.341516896184961	0.658818670982838	0.6579796824590389	0.5261944482981846	0.4079619906203815	0.7359970848122064	0.6619404209800872	0.18076405758487724	0.5022882007929518	0.6426243854732794	0.7928688451168754	0.2935294157425167	0.5848059543269232	0.18936158869578573	0.7816648478864251	0.9158846205518418	0.2588629716481297	0.8258454241864742	0.8383448165117492	0.49478892927345836	0.530648880790472	0.5211801364644976	0.33289423893688064	0.4107900945818952	0.27053918833352014	0.7823361050935305	0.26174236461459743	0.5578943753136906	0.1855781479404984	0.1344088047390117	0.602890742373265	0.5244154065786318	0.3522981703967254	0.3762861364109427	0.7920954632481715	0.5801345881049873	0.46764888817414285	0.23776412457007734	0.32413075967671795	0.6946837298595562	0.898640936355758	0.28258949330924504	0.5964768165183456
250	0.44813521029380654	0.8617273536821326	0.3628728928453236	0.4586405162427377	0.6998633271937523	0.7231545045242064	0.2858870998878558	0.3415168961849353	0.6588186709826749	0.6579796824590707	0.526194448298387	0.4079619906201356	0.7359970848121797	0.6619404209801685	0.1807640575848881	0.5022882007929632	0.6426243854732245	0.7928688451171001	0.29352941574252783	0.5848059543270332	0.18936158869576278	0.7816648478866451	0.9158846205518567	0.2588629716481572	0.8258454241863519	0.8383448165119257	0.4947889292730134	0.5306488807907652	0.5211801364638574	0.33289423893688286	0.4107900945818628	0.2705391883335482	0.782336105093725	0.26174236461460343	0.5578943753134114	0.18557814794049488	0.13440880473899922	0.6028907423735267	0.5244154065781025	0.3522981703968419	0.37628613641081243	0.7920954632485273	0.5801345881051339	0.46764888817418315	0.2377641245700775	0.3241307596768049	0.694683729859876	0.8986409363556565	0.282589493309171	0.5964768165181684
251	0.4481352102937468	0.8617273536821263	0.3628728928453115	0.4586405162426657	0.6998633271937759	0.7231545045240049	0.2858870998878301	0.3415168961849129	0.6588186709825332	0.6579796824591027	0.5261944482985503	0.4079619906199037	0.7359970848121565	0.6619404209802461	0.18076405758489855	0.5022882007929749	0.6426243854731696	0.792868845117288	0.2935294157425387	0.584805954327128	0.18936158869574282	0.7816648478868358	0.9158846205518715	0.2588629716481811	0.8258454241862466	0.8383448165120758	0.4947889292726201	0.5306488807910191	0.5211801364633026	0.3328942389368856	0.4107900945818296	0.27053918833357676	0.7823361050938986	0.26174236461460954	0.5578943753131721	0.18557814794049177	0.13440880473898656	0.6028907423737533	0.5244154065776273	0.3522981703969428	0.37628613641069963	0.7920954632488357	0.580134588105262	0.4676488881742234	0.23776412457007812	0.32413075967689176	0.6946837298601576	0.8986409363555674	0.282589493309107	0.5964768165180149
252	0.4481352102936953	0.8617273536821205	0.3628728928452996	0.45864051624261676	0.6998633271937995	0.7231545045238327	0.2858870998878186	0.34151689618489345	0.658818670982411	0.6579796824591345	0.5261944482986793	0.4079619906196851	0.7359970848121365	0.6619404209803199	0.18076405758490866	0.5022882007929865	0.6426243854731152	0.7928688451174432	0.29352941574254937	0.5848059543272093	0.18936158869572553	0.7816648478870002	0.915884620551886	0.25886297164820193	0.8258454241861567	0.8383448165122029	0.49478892927227325	0.5306488807912381	0.521180136462824	0.33289423893688874	0.41079009458179605	0.2705391883336055	0.7823361050940538	0.26174236461461564	0.5578943753129685	0.18557814794048896	0.13440880473897382	0.6028907423739487	0.5244154065772014	0.3522981703970296	0.3762861364106023	0.7920954632491022	0.5801345881053731	0.46764888817426353	0.23776412457007917	0.324130759676978	0.6946837298604049	0.8986409363554893	0.28258949330905175	0.5964768165178826
253	0.44813521029365094	0.8617273536821151	0.36287289284528806	0.45864051624258756	0.699863327193823	0.7231545045236866	0.2858870998878194	0.3415168961848767	0.658818670982306	0.657979682459166	0.5261944482987784	0.4079619906194792	0.7359970848121195	0.6619404209803902	0.18076405758491837	0.5022882007929982	0.6426243854730613	0.7928688451175694	0.2935294157425597	0.5848059543272784	0.18936158869571074	0.7816648478871412	0.9158846205519003	0.25886297164822	0.8258454241860802	0.8383448165123093	0.4947889292719682	0.5306488807914258	0.5211801364624136	0.33289423893689224	0.4107900945817623	0.2705391883336342	0.7823361050941925	0.2617423646146218	0.5578943753127965	0.1855781479404865	0.1344088047389611	0.6028907423741161	0.5244154065768201	0.3522981703971039	0.3762861364105189	0.7920954632493307	0.5801345881054696	0.46764888817430345	0.23776412457008064	0.3241307596770633	0.6946837298606214	0.8986409363554209	0.2825894933090045	0.5964768165177696
254	0.44813521029361303	0.8617273536821098	0.36287289284527674	0.4586405162425756	0.6998633271938463	0.7231545045235636	0.28588709988783073	0.3415168961848622	0.6588186709822164	0.6579796824591972	0.5261944482988509	0.4079619906192854	0.7359970848121047	0.6619404209804569	0.18076405758492767	0.5022882007930096	0.6426243854730086	0.7928688451176703	0.29352941574256974	0.584805954327337	0.18936158869569802	0.7816648478872614	0.9158846205519143	0.2588629716482355	0.8258454241860158	0.8383448165123975	0.49478892927170076	0.5306488807915857	0.5211801364620637	0.33289423893689607	0.4107900945817287	0.27053918833366275	0.7823361050943156	0.26174236461462796	0.5578943753126528	0.18557814794048433	0.1344088047389485	0.6028907423742587	0.524415406576479	0.35229817039716715	0.3762861364104479	0.7920954632495255	0.5801345881055526	0.4676488881743427	0.2377641245700823	0.3241307596771473	0.6946837298608103	0.8986409363553614	0.28258949330896427	0.5964768165176734
255	0.4481352102935809	0.8617273536821048	0.3628728928452657	0.4586405162425784	0.6998633271938691	0.7231545045234613	0.2858870998878509	0.3415168961848498	0.6588186709821405	0.6579796824592278	0.5261944482989007	0.40796199061910293	0.7359970848120923	0.6619404209805202	0.1807640575849366	0.5022882007930211	0.6426243854729567	0.7928688451177487	0.29352941574257946	0.5848059543273859	0.18936158869568726	0.781664847887363	0.9158846205519279	0.2588629716482488	0.8258454241859622	0.8383448165124694	0.49478892927146695	0.5306488807917208	0.5211801364617678	0.3328942389369	0.4107900945816954	0.270539188333691	0.7823361050944253	0.26174236461463407	0.5578943753125338	0.1855781479404824	0.13440880473893604	0.6028907423743791	0.5244154065761744	0.3522981703972205	0.3762861364103878	0.7920954632496906	0.5801345881056237	0.4676488881743813	0.23776412457008425	0.32413075967722954	0.6946837298609744	0.8986409363553097	0.2825894933089303	0.5964768165175921
256	0.4481352102935537	0.8617273536821004	0.362872892845255	0.4586405162425938	0.6998633271938915	0.723154504523377	0.2858870998878785	0.3415168961848393	0.6588186709820766	0.6579796824592578	0.5261944482989306	0.4079619906189314	0.7359970848120817	0.6619404209805804	0.1807640575849452	0.5022882007930322	0.6426243854729063	0.7928688451178078	0.29352941574258884	0.5848059543274264	0.18936158869567818	0.781664847887448	0.9158846205519413	0.25886297164826005	0.825845424185918	0.8383448165125273	0.4947889292712632	0.530648880791834	0.5211801364615195	0.33289423893690423	0.41079009458166243	0.2705391883337188	0.7823361050945224	0.2617423646146401	0.5578943753124368	0.18557814794048072	0.13440880473892375	0.6028907423744799	0.5244154065759029	0.352298170397265	0.3762861364103374	0.7920954632498293	0.5801345881056842	0.46764888817441913	0.23776412457008642	0.3241307596773099	0.6946837298611164	0.8986409363552652	0.28258949330890193	0.5964768165175242
257	0.4481352102935311	0.8617273536820961	0.36287289284524465	0.45864051624261964	0.6998633271939135	0.7231545045233089	0.2858870998879124	0.34151689618483044	0.6588186709820235	0.6579796824592871	0.5261944482989432	0.4079619906187702	0.735997084812073	0.6619404209806373	0.18076405758495334	0.502288200793043	0.6426243854728572	0.7928688451178496	0.2935294157425979	0.5848059543274595	0.1893615886956706	0.7816648478875188	0.9158846205519542	0.2588629716482696	0.8258454241858821	0.8383448165125728	0.4947889292710864	0.5306488807919278	0.5211801364613134	0.3328942389369085	0.41079009458163	0.27053918833374613	0.7823361050946086	0.261742364614646	0.5578943753123591	0.18557814794047922	0.13440880473891179	0.6028907423745635	0.5244154065756609	0.3522981703973019	0.37628613641029574	0.7920954632499444	0.5801345881057353	0.467648888174456	0.23776412457008872	0.3241307596773882	0.6946837298612387	0.898640936355227	0.2825894933088784	0.596476816517468
258	0.44813521029351244	0.861727353682092	0.3628728928452347	0.4586405162426546	0.699863327193935	0.7231545045232546	0.2858870998879513	0.34151689618482306	0.65881867098198	0.6579796824593156	0.5261944482989414	0.4079619906186187	0.7359970848120657	0.6619404209806913	0.18076405758496117	0.5022882007930537	0.6426243854728094	0.7928688451178767	0.29352941574260655	0.5848059543274862	0.18936158869566438	0.7816648478875765	0.9158846205519666	0.25886297164827754	0.8258454241858535	0.8383448165126073	0.4947889292709336	0.5306488807920048	0.5211801364611446	0.3328942389369129	0.41079009458159826	0.2705391883337727	0.7823361050946849	0.2617423646146518	0.5578943753122982	0.18557814794047797	0.13440880473890007	0.6028907423746319	0.5244154065754458	0.3522981703973319	0.37628613641026154	0.7920954632500389	0.5801345881057782	0.46764888817449185	0.2377641245700912	0.32413075967746424	0.6946837298613435	0.8986409363551946	0.2825894933088592	0.5964768165174221
259	0.4481352102934973	0.8617273536820884	0.3628728928452251	0.45864051624269686	0.6998633271939557	0.7231545045232127	0.2858870998879943	0.34151689618481695	0.6588186709819446	0.6579796824593431	0.5261944482989269	0.40796199061847643	0.7359970848120599	0.6619404209807424	0.1807640575849686	0.5022882007930639	0.6426243854727632	0.7928688451178912	0.29352941574261493	0.5848059543275069	0.18936158869565936	0.7816648478876232	0.9158846205519787	0.25886297164828403	0.8258454241858312	0.8383448165126322	0.49478892927080215	0.5306488807920666	0.5211801364610086	0.33289423893691733	0.4107900945815673	0.2705391883337987	0.782336105094752	0.2617423646146574	0.5578943753122523	0.1855781479404769	0.13440880473888867	0.6028907423746869	0.5244154065752549	0.35229817039735595	0.376286136410234	0.7920954632501154	0.5801345881058136	0.4676488881745266	0.23776412457009363	0.32413075967753785	0.6946837298614328	0.8986409363551668	0.28258949330884375	0.5964768165173853
260	0.44813521029348524	0.8617273536820848	0.3628728928452159	0.45864051624274516	0.6998633271939758	0.7231545045231814	0.2858870998880406	0.34151689618481196	0.6588186709819166	0.6579796824593699	0.526194448298902	0.4079619906183429	0.7359970848120552	0.6619404209807908	0.18076405758497568	0.502288200793074	0.6426243854727187	0.7928688451178949	0.29352941574262287	0.5848059543275229	0.1893615886956553	0.78166484788766	0.9158846205519903	0.2588629716482894	0.8258454241858145	0.838344816512649	0.4947889292706897	0.5306488807921154	0.5211801364609011	0.3328942389369217	0.4107900945815372	0.2705391883338239	0.7823361050948111	0.2617423646146629	0.5578943753122191	0.18557814794047592	0.1344088047388776	0.6028907423747302	0.5244154065750856	0.3522981703973748	0.3762861364102124	0.7920954632501759	0.5801345881058427	0.4676488881745602	0.2377641245700962	0.32413075967760896	0.6946837298615083	0.8986409363551436	0.28258949330883176	0.5964768165173565
261	0.44813521029347586	0.8617273536820814	0.362872892845207	0.4586405162427982	0.6998633271939952	0.7231545045231597	0.2858870998880893	0.341516896184808	0.658818670981895	0.6579796824593956	0.5261944482988683	0.4079619906182174	0.7359970848120516	0.6619404209808363	0.18076405758498237	0.5022882007930837	0.6426243854726758	0.792868845117889	0.29352941574263053	0.5848059543275345	0.18936158869565214	0.7816648478876881	0.9158846205520015	0.25886297164829364	0.8258454241858028	0.8383448165126589	0.49478892927059404	0.5306488807921527	0.5211801364608187	0.33289423893692616	0.41079009458150795	0.2705391883338483	0.7823361050948632	0.2617423646146682	0.557894375312197	0.1855781479404751	0.13440880473886685	0.6028907423747631	0.5244154065749358	0.3522981703973891	0.3762861364101958	0.7920954632502225	0.580134588105866	0.46764888817459266	0.23776412457009888	0.3241307596776775	0.6946837298615717	0.8986409363551241	0.28258949330882255	0.5964768165173346
262	0.44813521029346876	0.8617273536820783	0.3628728928451986	0.4586405162428551	0.699863327194014	0.7231545045231457	0.2858870998881398	0.3415168961848049	0.658818670981879	0.6579796824594204	0.5261944482988273	0.4079619906180999	0.7359970848120488	0.6619404209808794	0.18076405758498876	0.502288200793093	0.6426243854726346	0.7928688451178755	0.29352941574263786	0.5848059543275422	0.18936158869564979	0.7816648478877088	0.915884620552012	0.25886297164829697	0.8258454241857952	0.8383448165126625	0.49478892927051327	0.5306488807921799	0.521180136460758	0.33289423893693054	0.4107900945814796	0.2705391883338719	0.7823361050949087	0.2617423646146734	0.5578943753121846	0.18557814794047445	0.13440880473885652	0.6028907423747872	0.5244154065748035	0.35229817039739936	0.37628613641018366	0.7920954632502569	0.5801345881058845	0.467648888174624	0.2377641245701015	0.3241307596777435	0.6946837298616243	0.8986409363551081	0.2825894933088159	0.5964768165173188
263	0.44813521029346376	0.8617273536820755	0.3628728928451905	0.45864051624291485	0.699863327194032	0.7231545045231387	0.2858870998881915	0.3415168961848026	0.6588186709818676	0.6579796824594444	0.5261944482987804	0.40796199061798954	0.735997084812047	0.66194042098092	0.18076405758499484	0.5022882007931021	0.6426243854725949	0.7928688451178553	0.29352941574264485	0.5848059543275468	0.1893615886956481	0.781664847887723	0.9158846205520225	0.2588629716482996	0.8258454241857912	0.838344816512661	0.4947889292704456	0.5306488807921985	0.5211801364607161	0.33289423893693487	0.41079009458145227	0.27053918833389473	0.7823361050949483	0.26174236461467837	0.5578943753121801	0.1855781479404739	0.13440880473884653	0.6028907423748037	0.5244154065746867	0.35229817039740624	0.37628613641017533	0.7920954632502809	0.5801345881058987	0.467648888174654	0.23776412457010415	0.32413075967780686	0.6946837298616675	0.8986409363550952	0.2825894933088114	0.5964768165173082
264	0.4481352102934605	0.8617273536820729	0.3628728928451827	0.4586405162429765	0.6998633271940494	0.7231545045231376	0.28588709988824385	0.34151689618480097	0.6588186709818604	0.6579796824594674	0.5261944482987287	0.4079619906178861	0.7359970848120457	0.6619404209809584	0.18076405758500053	0.5022882007931107	0.642624385472557	0.7928688451178295	0.2935294157426515	0.5848059543275486	0.18936158869564698	0.7816648478877315	0.9158846205520322	0.25886297164830135	0.8258454241857902	0.8383448165126551	0.49478892927038953	0.5306488807922098	0.5211801364606906	0.33289423893693915	0.41079009458142585	0.2705391883339166	0.7823361050949832	0.26174236461468314	0.5578943753121829	0.1855781479404734	0.1344088047388369	0.6028907423748134	0.524415406574584	0.35229817039741024	0.3762861364101703	0.7920954632502959	0.580134588105909	0.4676488881746829	0.2377641245701068	0.3241307596778676	0.6946837298617022	0.8986409363550848	0.2825894933088087	0.596476816517302
265	0.44813521029345865	0.8617273536820702	0.3628728928451753	0.45864051624303964	0.699863327194066	0.7231545045231415	0.28588709988829647	0.34151689618479986	0.658818670981857	0.6579796824594892	0.5261944482986735	0.4079619906177892	0.7359970848120451	0.6619404209809945	0.18076405758500597	0.502288200793119	0.6426243854725207	0.7928688451177994	0.2935294157426578	0.584805954327548	0.1893615886956464	0.7816648478877354	0.9158846205520417	0.2588629716483026	0.8258454241857919	0.8383448165126456	0.4947889292703435	0.5306488807922147	0.5211801364606788	0.33289423893694325	0.4107900945814005	0.2705391883339377	0.7823361050950134	0.26174236461468775	0.5578943753121914	0.185578147940473	0.13440880473882771	0.6028907423748177	0.5244154065744937	0.3522981703974116	0.3762861364101681	0.792095463250303	0.5801345881059161	0.4676488881747105	0.23776412457010937	0.32413075967792576	0.69468372986173	0.8986409363550768	0.2825894933088077	0.5964768165172997
266	0.4481352102934582	0.8617273536820679	0.36287289284516827	0.4586405162431034	0.699863327194082	0.7231545045231496	0.285887099888349	0.34151689618479925	0.6588186709818564	0.6579796824595102	0.5261944482986155	0.40796199061769833	0.7359970848120448	0.6619404209810287	0.18076405758501107	0.502288200793127	0.6426243854724859	0.7928688451177656	0.2935294157426637	0.5848059543275453	0.18936158869564623	0.7816648478877352	0.9158846205520507	0.2588629716483032	0.8258454241857958	0.8383448165126329	0.4947889292703064	0.5306488807922142	0.5211801364606791	0.3328942389369473	0.4107900945813761	0.2705391883339579	0.7823361050950395	0.26174236461469214	0.557894375312205	0.1855781479404727	0.1344088047388189	0.6028907423748169	0.5244154065744145	0.3522981703974109	0.3762861364101684	0.7920954632503038	0.5801345881059204	0.467648888174737	0.23776412457011195	0.32413075967798133	0.6946837298617514	0.8986409363550707	0.28258949330880806	0.5964768165173007
267	0.4481352102934588	0.8617273536820658	0.3628728928451616	0.45864051624316743	0.6998633271940972	0.723154504523161	0.28588709988840105	0.341516896184799	0.6588186709818584	0.6579796824595304	0.5261944482985556	0.4079619906176133	0.7359970848120451	0.6619404209810608	0.18076405758501593	0.5022882007931345	0.6426243854724528	0.7928688451177291	0.29352941574266944	0.5848059543275412	0.18936158869564645	0.7816648478877315	0.915884620552059	0.2588629716483034	0.8258454241858014	0.8383448165126178	0.494788929270277	0.5306488807922092	0.5211801364606893	0.33289423893695125	0.41079009458135274	0.2705391883339772	0.7823361050950619	0.2617423646146964	0.5578943753122225	0.18557814794047245	0.13440880473881042	0.6028907423748121	0.5244154065743455	0.35229817039740846	0.3762861364101706	0.7920954632502989	0.5801345881059223	0.46764888817476225	0.23776412457011445	0.32413075967803434	0.6946837298617674	0.8986409363550661	0.28258949330880956	0.5964768165173043
268	0.4481352102934603	0.8617273536820638	0.3628728928451552	0.4586405162432311	0.6998633271941118	0.7231545045231755	0.28588709988845246	0.34151689618479925	0.6588186709818625	0.6579796824595495	0.5261944482984944	0.40796199061753363	0.7359970848120457	0.661940420981091	0.18076405758502048	0.5022882007931418	0.6426243854724212	0.7928688451176905	0.2935294157426749	0.5848059543275357	0.18936158869564695	0.781664847887725	0.9158846205520672	0.2588629716483033	0.8258454241858086	0.8383448165126008	0.4947889292702543	0.5306488807922003	0.5211801364607077	0.3328942389369551	0.4107900945813305	0.27053918833399565	0.7823361050950813	0.26174236461470046	0.5578943753122434	0.1855781479404723	0.13440880473880235	0.6028907423748039	0.5244154065742851	0.35229817039740446	0.3762861364101745	0.7920954632502891	0.5801345881059223	0.46764888817478634	0.2377641245701169	0.3241307596780849	0.6946837298617787	0.8986409363550634	0.282589493308812	0.5964768165173102
269	0.44813521029346254	0.8617273536820618	0.36287289284514923	0.4586405162432942	0.6998633271941256	0.7231545045231923	0.28588709988850286	0.34151689618479963	0.6588186709818685	0.6579796824595678	0.5261944482984325	0.4079619906174589	0.7359970848120466	0.6619404209811194	0.18076405758502478	0.5022882007931487	0.6426243854723912	0.7928688451176503	0.29352941574268	0.5848059543275289	0.1893615886956477	0.7816648478877161	0.9158846205520751	0.25886297164830285	0.825845424185817	0.8383448165125821	0.49478892927023743	0.5306488807921881	0.5211801364607331	0.33289423893695874	0.41079009458130905	0.2705391883340133	0.7823361050950979	0.26174236461470435	0.557894375312267	0.18557814794047214	0.13440880473879463	0.6028907423747929	0.5244154065742326	0.35229817039739914	0.3762861364101799	0.7920954632502757	0.5801345881059204	0.46764888817480926	0.2377641245701193	0.32413075967813304	0.694683729861786	0.8986409363550617	0.28258949330881517	0.5964768165173182
270	0.4481352102934655	0.86172735368206	0.3628728928451435	0.45864051624335644	0.6998633271941388	0.7231545045232108	0.2858870998885521	0.3415168961848004	0.6588186709818761	0.6579796824595852	0.5261944482983705	0.4079619906173891	0.7359970848120477	0.661940420981146	0.18076405758502884	0.5022882007931554	0.6426243854723626	0.7928688451176091	0.2935294157426848	0.5848059543275212	0.18936158869564867	0.7816648478877053	0.9158846205520823	0.2588629716483021	0.8258454241858264	0.8383448165125623	0.49478892927022555	0.5306488807921735	0.5211801364607643	0.33289423893696235	0.4107900945812887	0.2705391883340301	0.7823361050951119	0.261742364614708	0.5578943753122927	0.18557814794047206	0.1344088047387873	0.6028907423747797	0.524415406574187	0.352298170397393	0.3762861364101864	0.792095463250259	0.5801345881059173	0.46764888817483113	0.2377641245701216	0.3241307596781787	0.6946837298617897	0.898640936355061	0.28258949330881905	0.5964768165173275
271	0.44813521029346887	0.8617273536820585	0.3628728928451381	0.45864051624341734	0.6998633271941515	0.7231545045232309	0.28588709988860017	0.3415168961848013	0.6588186709818845	0.6579796824596016	0.5261944482983087	0.40796199061732363	0.7359970848120492	0.6619404209811712	0.18076405758503267	0.5022882007931616	0.6426243854723354	0.7928688451175674	0.29352941574268937	0.5848059543275129	0.18936158869564984	0.7816648478876929	0.9158846205520892	0.2588629716483011	0.8258454241858365	0.8383448165125416	0.49478892927021795	0.5306488807921569	0.5211801364607999	0.3328942389369658	0.41079009458126925	0.27053918833404617	0.7823361050951239	0.2617423646147115	0.5578943753123199	0.18557814794047203	0.1344088047387803	0.6028907423747647	0.5244154065741475	0.35229817039738587	0.37628613641019376	0.7920954632502398	0.580134588105913	0.4676488881748519	0.23776412457012386	0.3241307596782223	0.6946837298617907	0.8986409363550614	0.28258949330882344	0.5964768165173382
272	0.4481352102934727	0.8617273536820569	0.36287289284513297	0.45864051624347685	0.6998633271941633	0.7231545045232519	0.2858870998886468	0.34151689618480235	0.6588186709818942	0.6579796824596174	0.5261944482982478	0.40796199061726246	0.7359970848120506	0.6619404209811949	0.18076405758503628	0.5022882007931676	0.6426243854723097	0.7928688451175254	0.2935294157426937	0.584805954327504	0.1893615886956511	0.7816648478876792	0.9158846205520957	0.25886297164829997	0.8258454241858473	0.8383448165125201	0.49478892927021395	0.5306488807921386	0.5211801364608392	0.33289423893696907	0.41079009458125076	0.27053918833406143	0.7823361050951338	0.2617423646147149	0.5578943753123483	0.18557814794047203	0.13440880473877362	0.602890742374748	0.5244154065741135	0.35229817039737826	0.37628613641020187	0.7920954632502186	0.5801345881059077	0.4676488881748716	0.23776412457012605	0.32413075967826355	0.6946837298617891	0.8986409363550625	0.28258949330882827	0.5964768165173497
273	0.4481352102934768	0.8617273536820556	0.36287289284512814	0.45864051624353475	0.6998633271941748	0.7231545045232738	0.28588709988869193	0.3415168961848037	0.6588186709819044	0.6579796824596322	0.5261944482981877	0.4079619906172052	0.7359970848120522	0.6619404209812171	0.18076405758503963	0.5022882007931733	0.6426243854722853	0.7928688451174836	0.2935294157426978	0.5848059543274948	0.1893615886956525	0.7816648478876648	0.9158846205521021	0.25886297164829863	0.8258454241858584	0.8383448165124986	0.494788929270213	0.530648880792119	0.521180136460881	0.3328942389369723	0.41079009458123317	0.27053918833407586	0.7823361050951423	0.26174236461471806	0.5578943753123774	0.18557814794047206	0.13440880473876732	0.6028907423747305	0.5244154065740841	0.3522981703973701	0.3762861364102105	0.7920954632501958	0.5801345881059016	0.4676488881748903	0.2377641245701282	0.3241307596783026	0.6946837298617855	0.898640936355064	0.2825894933088334	0.5964768165173621
274	0.44813521029348113	0.8617273536820542	0.36287289284512353	0.4586405162435909	0.6998633271941854	0.7231545045232961	0.2858870998887355	0.3415168961848049	0.6588186709819152	0.6579796824596463	0.5261944482981289	0.40796199061715166	0.7359970848120538	0.6619404209812378	0.18076405758504283	0.5022882007931787	0.6426243854722622	0.792868845117442	0.29352941574270164	0.5848059543274854	0.18936158869565395	0.7816648478876496	0.9158846205521081	0.2588629716482973	0.8258454241858697	0.8383448165124767	0.4947889292702147	0.5306488807920986	0.521180136460925	0.3328942389369753	0.41079009458121646	0.27053918833408963	0.7823361050951493	0.26174236461472106	0.5578943753124069	0.1855781479404721	0.13440880473876132	0.6028907423747121	0.5244154065740589	0.3522981703973616	0.37628613641021963	0.792095463250172	0.5801345881058949	0.4676488881749081	0.2377641245701302	0.3241307596783396	0.6946837298617803	0.8986409363550664	0.28258949330883865	0.5964768165173748
275	0.44813521029348563	0.8617273536820529	0.3628728928451192	0.4586405162436452	0.6998633271941956	0.7231545045233185	0.2858870998887775	0.34151689618480635	0.6588186709819264	0.6579796824596595	0.5261944482980716	0.40796199061710153	0.7359970848120557	0.6619404209812575	0.1807640575850458	0.5022882007931837	0.6426243854722404	0.7928688451174012	0.29352941574270525	0.5848059543274757	0.18936158869565545	0.7816648478876338	0.9158846205521134	0.2588629716482958	0.8258454241858812	0.838344816512455	0.49478892927021845	0.5306488807920776	0.5211801364609702	0.3328942389369782	0.41079009458120064	0.2705391883341027	0.7823361050951549	0.261742364614724	0.5578943753124366	0.18557814794047214	0.13440880473875563	0.6028907423746932	0.5244154065740375	0.3522981703973529	0.37628613641022896	0.7920954632501472	0.5801345881058878	0.4676488881749248	0.23776412457013213	0.3241307596783747	0.6946837298617736	0.8986409363550689	0.2825894933088441	0.596476816517388
276	0.44813521029349024	0.8617273536820518	0.3628728928451152	0.45864051624369756	0.6998633271942052	0.7231545045233411	0.28588709988881783	0.34151689618480774	0.6588186709819378	0.6579796824596723	0.5261944482980159	0.4079619906170546	0.7359970848120575	0.6619404209812758	0.18076405758504863	0.5022882007931886	0.6426243854722199	0.7928688451173611	0.2935294157427087	0.584805954327466	0.189361588695657	0.7816648478876178	0.9158846205521188	0.25886297164829425	0.8258454241858927	0.8383448165124334	0.494788929270224	0.5306488807920562	0.5211801364610162	0.332894238936981	0.41079009458118554	0.270539188334115	0.7823361050951594	0.26174236461472666	0.5578943753124662	0.18557814794047228	0.13440880473875025	0.602890742374674	0.5244154065740193	0.35229817039734407	0.3762861364102384	0.792095463250122	0.5801345881058804	0.4676488881749407	0.23776412457013404	0.3241307596784078	0.694683729861766	0.8986409363550719	0.28258949330884964	0.5964768165174013
277	0.4481352102934949	0.8617273536820508	0.36287289284511126	0.4586405162437479	0.6998633271942143	0.7231545045233635	0.28588709988885647	0.3415168961848093	0.6588186709819492	0.6579796824596842	0.5261944482979619	0.4079619906170108	0.7359970848120593	0.6619404209812931	0.18076405758505124	0.5022882007931931	0.6426243854722002	0.792868845117322	0.29352941574271196	0.5848059543274563	0.18936158869565856	0.7816648478876018	0.9158846205521236	0.25886297164829264	0.8258454241859041	0.838344816512412	0.494788929270231	0.5306488807920346	0.5211801364610625	0.3328942389369836	0.41079009458117133	0.27053918833412666	0.782336105095163	0.2617423646147293	0.5578943753124955	0.18557814794047237	0.13440880473874514	0.6028907423746546	0.5244154065740039	0.35229817039733524	0.37628613641024794	0.7920954632500967	0.5801345881058727	0.46764888817495576	0.23776412457013577	0.3241307596784392	0.6946837298617574	0.8986409363550751	0.2825894933088552	0.5964768165174147
278	0.4481352102934996	0.8617273536820498	0.36287289284510765	0.4586405162437962	0.699863327194223	0.7231545045233856	0.28588709988889344	0.3415168961848108	0.6588186709819607	0.6579796824596955	0.5261944482979098	0.4079619906169698	0.7359970848120613	0.6619404209813092	0.1807640575850537	0.5022882007931975	0.6426243854721819	0.7928688451172841	0.29352941574271496	0.5848059543274468	0.18936158869566014	0.7816648478875857	0.9158846205521285	0.2588629716482911	0.8258454241859154	0.8383448165123912	0.49478892927023904	0.5306488807920132	0.521180136461109	0.33289423893698616	0.4107900945811579	0.27053918833413776	0.7823361050951659	0.2617423646147317	0.5578943753125244	0.18557814794047245	0.1344088047387403	0.6028907423746354	0.5244154065739909	0.35229817039732647	0.3762861364102575	0.7920954632500714	0.5801345881058649	0.46764888817496986	0.2377641245701375	0.3241307596784687	0.6946837298617481	0.8986409363550784	0.2825894933088607	0.596476816517428
279	0.4481352102935042	0.861727353682049	0.3628728928451042	0.45864051624384256	0.699863327194231	0.7231545045234075	0.2858870998889288	0.34151689618481235	0.6588186709819721	0.6579796824597062	0.5261944482978597	0.4079619906169314	0.7359970848120629	0.6619404209813244	0.18076405758505604	0.5022882007932016	0.6426243854721645	0.7928688451172472	0.2935294157427178	0.5848059543274373	0.18936158869566172	0.7816648478875698	0.9158846205521328	0.2588629716482895	0.8258454241859264	0.8383448165123708	0.494788929270248	0.5306488807919919	0.5211801364611548	0.3328942389369886	0.4107900945811451	0.2705391883341482	0.7823361050951683	0.261742364614734	0.5578943753125527	0.18557814794047262	0.1344088047387358	0.6028907423746162	0.5244154065739799	0.3522981703973177	0.37628613641026687	0.7920954632500463	0.5801345881058572	0.4676488881749833	0.23776412457013912	0.3241307596784966	0.6946837298617385	0.898640936355082	0.2825894933088661	0.5964768165174412
280	0.44813521029350883	0.8617273536820481	0.36287289284510105	0.4586405162438868	0.6998633271942388	0.7231545045234286	0.2858870998889625	0.3415168961848138	0.6588186709819832	0.6579796824597162	0.5261944482978115	0.4079619906168956	0.7359970848120648	0.6619404209813387	0.1807640575850582	0.5022882007932054	0.6426243854721482	0.7928688451172116	0.2935294157427205	0.5848059543274281	0.18936158869566325	0.7816648478875543	0.9158846205521369	0.25886297164828787	0.8258454241859374	0.8383448165123509	0.4947889292702575	0.530648880791971	0.5211801364612	0.3328942389369909	0.41079009458113314	0.2705391883341581	0.7823361050951697	0.26174236461473616	0.5578943753125802	0.1855781479404727	0.13440880473873149	0.6028907423745975	0.5244154065739709	0.35229817039730915	0.3762861364102762	0.7920954632500214	0.5801345881058494	0.4676488881749959	0.2377641245701407	0.3241307596785229	0.6946837298617284	0.8986409363550856	0.28258949330887156	0.5964768165174542
281	0.4481352102935134	0.8617273536820473	0.36287289284509805	0.458640516243929	0.6998633271942459	0.7231545045234492	0.2858870998889946	0.34151689618481523	0.6588186709819943	0.6579796824597256	0.5261944482977653	0.40796199061686206	0.7359970848120665	0.661940420981352	0.18076405758506023	0.502288200793209	0.6426243854721327	0.7928688451171774	0.293529415742723	0.584805954327419	0.18936158869566475	0.7816648478875391	0.9158846205521409	0.2588629716482863	0.825845424185948	0.838344816512332	0.4947889292702676	0.5306488807919506	0.5211801364612443	0.33289423893699305	0.4107900945811217	0.27053918833416735	0.7823361050951709	0.2617423646147382	0.5578943753126071	0.18557814794047284	0.1344088047387274	0.6028907423745791	0.5244154065739635	0.35229817039730077	0.3762861364102853	0.7920954632499972	0.5801345881058416	0.46764888817500777	0.23776412457014218	0.32413075967854765	0.6946837298617183	0.8986409363550891	0.2825894933088768	0.5964768165174669
282	0.44813521029351777	0.8617273536820464	0.36287289284509516	0.4586405162439692	0.6998633271942528	0.7231545045234692	0.2858870998890251	0.34151689618481673	0.658818670982005	0.6579796824597346	0.5261944482977211	0.4079619906168307	0.7359970848120682	0.6619404209813645	0.18076405758506212	0.5022882007932125	0.6426243854721183	0.7928688451171445	0.29352941574272534	0.5848059543274103	0.1893615886956662	0.7816648478875242	0.9158846205521445	0.25886297164828476	0.8258454241859582	0.8383448165123134	0.4947889292702779	0.5306488807919306	0.5211801364612874	0.3328942389369951	0.410790094581111	0.2705391883341762	0.7823361050951715	0.2617423646147402	0.5578943753126329	0.185578147940473	0.13440880473872358	0.6028907423745612	0.5244154065739572	0.3522981703972926	0.3762861364102941	0.7920954632499737	0.5801345881058341	0.467648888175019	0.2377641245701436	0.324130759678571	0.6946837298617081	0.8986409363550927	0.2825894933088819	0.5964768165174792
283	0.44813521029352205	0.8617273536820458	0.3628728928450925	0.4586405162440074	0.6998633271942593	0.7231545045234886	0.2858870998890541	0.3415168961848182	0.6588186709820154	0.657979682459743	0.526194448297679	0.40796199061680133	0.7359970848120699	0.6619404209813762	0.18076405758506395	0.5022882007932157	0.6426243854721045	0.7928688451171131	0.29352941574272756	0.5848059543274019	0.18936158869566763	0.7816648478875097	0.915884620552148	0.25886297164828326	0.8258454241859682	0.8383448165122955	0.4947889292702884	0.5306488807919113	0.5211801364613292	0.33289423893699704	0.4107900945811009	0.27053918833418444	0.7823361050951719	0.261742364614742	0.5578943753126578	0.18557814794047314	0.13440880473872	0.6028907423745438	0.5244154065739524	0.3522981703972847	0.37628613641030273	0.7920954632499507	0.5801345881058266	0.4676488881750296	0.23776412457014492	0.32413075967859295	0.694683729861698	0.8986409363550963	0.2825894933088869	0.5964768165174912
284	0.4481352102935262	0.8617273536820451	0.36287289284509	0.45864051624404384	0.6998633271942654	0.7231545045235072	0.2858870998890815	0.34151689618481956	0.6588186709820256	0.6579796824597509	0.5261944482976387	0.4079619906167739	0.7359970848120716	0.6619404209813871	0.18076405758506559	0.5022882007932187	0.6426243854720917	0.7928688451170829	0.29352941574272967	0.5848059543273938	0.189361588695669	0.7816648478874957	0.9158846205521513	0.25886297164828176	0.8258454241859777	0.8383448165122785	0.4947889292702989	0.5306488807918925	0.5211801364613697	0.33289423893699893	0.41079009458109134	0.27053918833419227	0.782336105095172	0.2617423646147437	0.5578943753126818	0.18557814794047328	0.1344088047387166	0.6028907423745269	0.5244154065739483	0.35229817039727707	0.37628613641031106	0.7920954632499284	0.5801345881058194	0.46764888817503947	0.23776412457014623	0.3241307596786136	0.6946837298616879	0.8986409363550997	0.2825894933088917	0.5964768165175027
285	0.44813521029353015	0.8617273536820447	0.3628728928450876	0.45864051624407826	0.699863327194271	0.723154504523525	0.28588709988910754	0.3415168961848209	0.6588186709820353	0.6579796824597584	0.5261944482976005	0.4079619906167483	0.7359970848120732	0.6619404209813974	0.18076405758506717	0.5022882007932216	0.6426243854720796	0.7928688451170542	0.29352941574273167	0.5848059543273859	0.18936158869567035	0.7816648478874823	0.9158846205521544	0.2588629716482803	0.8258454241859867	0.8383448165122622	0.4947889292703094	0.5306488807918746	0.5211801364614087	0.3328942389370007	0.4107900945810824	0.2705391883341996	0.7823361050951719	0.26174236461474537	0.5578943753127048	0.1855781479404734	0.13440880473871342	0.6028907423745108	0.5244154065739451	0.35229817039726974	0.37628613641031905	0.792095463249907	0.5801345881058125	0.4676488881750488	0.23776412457014742	0.3241307596786331	0.694683729861678	0.8986409363551031	0.2825894933088963	0.5964768165175137
286	0.4481352102935341	0.8617273536820442	0.36287289284508545	0.4586405162441109	0.6998633271942764	0.7231545045235421	0.2858870998891322	0.34151689618482217	0.6588186709820447	0.6579796824597653	0.5261944482975642	0.40796199061672433	0.7359970848120747	0.661940420981407	0.18076405758506858	0.5022882007932242	0.6426243854720682	0.7928688451170269	0.2935294157427335	0.5848059543273784	0.18936158869567163	0.7816648478874693	0.9158846205521571	0.25886297164827893	0.8258454241859955	0.8383448165122466	0.49478892927031964	0.5306488807918572	0.5211801364614462	0.3328942389370024	0.4107900945810739	0.2705391883342065	0.7823361050951715	0.26174236461474687	0.5578943753127268	0.18557814794047356	0.13440880473871042	0.6028907423744952	0.5244154065739426	0.3522981703972627	0.3762861364103267	0.7920954632498864	0.5801345881058056	0.46764888817505756	0.2377641245701486	0.32413075967865135	0.6946837298616684	0.8986409363551066	0.28258949330890076	0.5964768165175245
287	0.4481352102935377	0.8617273536820437	0.3628728928450834	0.4586405162441418	0.6998633271942813	0.7231545045235583	0.28588709988915545	0.3415168961848235	0.6588186709820536	0.6579796824597719	0.5261944482975299	0.4079619906167019	0.735997084812076	0.6619404209814161	0.18076405758506994	0.5022882007932268	0.6426243854720576	0.792868845117001	0.2935294157427352	0.5848059543273711	0.18936158869567288	0.7816648478874568	0.91588462055216	0.25886297164827765	0.8258454241860038	0.8383448165122318	0.4947889292703297	0.5306488807918407	0.521180136461482	0.3328942389370039	0.4107900945810659	0.270539188334213	0.7823361050951712	0.26174236461474826	0.5578943753127479	0.18557814794047367	0.1344088047387076	0.6028907423744805	0.5244154065739407	0.35229817039725597	0.37628613641033404	0.7920954632498667	0.5801345881057993	0.4676488881750659	0.23776412457014967	0.32413075967866845	0.694683729861659	0.8986409363551098	0.282589493308905	0.5964768165175347
288	0.44813521029354125	0.8617273536820432	0.36287289284508145	0.458640516244171	0.6998633271942861	0.7231545045235739	0.2858870998891774	0.34151689618482467	0.6588186709820623	0.657979682459778	0.5261944482974973	0.4079619906166809	0.7359970848120775	0.6619404209814246	0.18076405758507122	0.5022882007932291	0.6426243854720477	0.7928688451169763	0.29352941574273683	0.5848059543273645	0.18936158869567407	0.7816648478874451	0.9158846205521624	0.2588629716482763	0.8258454241860119	0.8383448165122176	0.4947889292703396	0.5306488807918248	0.5211801364615163	0.33289423893700537	0.4107900945810585	0.2705391883342191	0.7823361050951706	0.26174236461474965	0.5578943753127678	0.18557814794047384	0.13440880473870492	0.6028907423744663	0.5244154065739393	0.35229817039724953	0.37628613641034114	0.7920954632498479	0.5801345881057931	0.4676488881750736	0.23776412457015064	0.3241307596786846	0.6946837298616501	0.8986409363551128	0.2825894933089091	0.5964768165175445
289	0.44813521029354464	0.8617273536820427	0.3628728928450796	0.45864051624419855	0.6998633271942906	0.7231545045235888	0.28588709988919814	0.3415168961848258	0.6588186709820704	0.6579796824597838	0.5261944482974665	0.40796199061666133	0.7359970848120788	0.6619404209814325	0.1807640575850724	0.5022882007932313	0.6426243854720383	0.792868845116953	0.2935294157427383	0.5848059543273579	0.1893615886956752	0.7816648478874338	0.9158846205521648	0.2588629716482751	0.8258454241860195	0.8383448165122042	0.49478892927034906	0.5306488807918098	0.5211801364615489	0.33289423893700676	0.4107900945810514	0.2705391883342248	0.7823361050951699	0.2617423646147509	0.5578943753127867	0.18557814794047398	0.13440880473870245	0.6028907423744527	0.5244154065739381	0.35229817039724337	0.37628613641034775	0.7920954632498299	0.5801345881057872	0.4676488881750809	0.23776412457015164	0.32413075967869964	0.6946837298616414	0.8986409363551159	0.2825894933089129	0.5964768165175538
290	0.44813521029354786	0.8617273536820423	0.3628728928450779	0.4586405162442245	0.6998633271942947	0.7231545045236027	0.2858870998892176	0.3415168961848269	0.6588186709820781	0.6579796824597893	0.5261944482974373	0.40796199061664296	0.73599708481208	0.6619404209814398	0.18076405758507352	0.5022882007932334	0.6426243854720294	0.7928688451169309	0.2935294157427397	0.5848059543273517	0.1893615886956763	0.7816648478874231	0.915884620552167	0.258862971648274	0.8258454241860267	0.8383448165121915	0.4947889292703583	0.5306488807917955	0.52118013646158	0.3328942389370081	0.4107900945810449	0.27053918833423024	0.7823361050951693	0.26174236461475214	0.5578943753128048	0.18557814794047411	0.1344088047387001	0.6028907423744398	0.5244154065739374	0.3522981703972376	0.37628613641035413	0.7920954632498128	0.5801345881057814	0.4676488881750877	0.23776412457015259	0.32413075967871385	0.6946837298616331	0.8986409363551188	0.28258949330891664	0.5964768165175626
291	0.44813521029355086	0.861727353682042	0.3628728928450763	0.458640516244249	0.6998633271942987	0.7231545045236161	0.285887099889236	0.34151689618482794	0.6588186709820856	0.6579796824597943	0.5261944482974099	0.4079619906166258	0.7359970848120811	0.6619404209814468	0.18076405758507458	0.5022882007932353	0.642624385472021	0.7928688451169099	0.29352941574274105	0.584805954327346	0.1893615886956773	0.781664847887413	0.9158846205521691	0.2588629716482728	0.8258454241860336	0.8383448165121793	0.494788929270367	0.5306488807917819	0.5211801364616095	0.33289423893700937	0.4107900945810386	0.27053918833423524	0.7823361050951684	0.2617423646147532	0.5578943753128218	0.18557814794047423	0.13440880473869787	0.6028907423744276	0.524415406573937	0.35229817039723205	0.37628613641036013	0.7920954632497966	0.5801345881057761	0.46764888817509415	0.23776412457015345	0.3241307596787272	0.6946837298616251	0.8986409363551217	0.2825894933089201	0.596476816517571
292	0.4481352102935538	0.8617273536820417	0.3628728928450748	0.45864051624427205	0.6998633271943023	0.7231545045236286	0.2858870998892533	0.34151689618482894	0.6588186709820926	0.6579796824597992	0.5261944482973842	0.40796199061660976	0.7359970848120823	0.6619404209814532	0.18076405758507555	0.5022882007932373	0.6426243854720134	0.7928688451168903	0.2935294157427423	0.5848059543273404	0.18936158869567826	0.7816648478874033	0.9158846205521711	0.25886297164827177	0.8258454241860399	0.8383448165121681	0.49478892927037543	0.530648880791769	0.5211801364616374	0.3328942389370105	0.4107900945810328	0.27053918833424	0.7823361050951677	0.26174236461475425	0.5578943753128379	0.18557814794047436	0.13440880473869582	0.6028907423744161	0.5244154065739367	0.35229817039722683	0.37628613641036585	0.7920954632497813	0.580134588105771	0.4676488881751001	0.23776412457015425	0.3241307596787396	0.6946837298616175	0.8986409363551241	0.2825894933089234	0.5964768165175789
293	0.4481352102935565	0.8617273536820413	0.3628728928450734	0.4586405162442937	0.6998633271943057	0.7231545045236405	0.2858870998892695	0.3415168961848299	0.6588186709820992	0.6579796824598036	0.5261944482973597	0.40796199061659477	0.7359970848120834	0.6619404209814594	0.18076405758507647	0.502288200793239	0.6426243854720061	0.7928688451168717	0.29352941574274344	0.5848059543273352	0.18936158869567918	0.7816648478873942	0.915884620552173	0.2588629716482708	0.8258454241860461	0.8383448165121573	0.4947889292703834	0.5306488807917569	0.5211801364616637	0.33289423893701164	0.4107900945810274	0.27053918833424445	0.7823361050951669	0.26174236461475525	0.5578943753128531	0.1855781479404745	0.13440880473869388	0.6028907423744052	0.5244154065739366	0.3522981703972219	0.3762861364103713	0.7920954632497667	0.5801345881057662	0.46764888817510575	0.23776412457015503	0.3241307596787513	0.6946837298616103	0.8986409363551267	0.28258949330892646	0.5964768165175863
294	0.44813521029355907	0.861727353682041	0.3628728928450721	0.45864051624431407	0.699863327194309	0.7231545045236516	0.28588709988928485	0.3415168961848307	0.6588186709821054	0.6579796824598079	0.5261944482973369	0.40796199061658067	0.7359970848120844	0.6619404209814651	0.18076405758507733	0.5022882007932405	0.6426243854719993	0.7928688451168543	0.2935294157427445	0.5848059543273302	0.18936158869568004	0.7816648478873855	0.9158846205521747	0.2588629716482698	0.8258454241860518	0.8383448165121472	0.49478892927039103	0.5306488807917453	0.5211801364616886	0.33289423893701264	0.4107900945810223	0.27053918833424867	0.782336105095166	0.26174236461475614	0.5578943753128675	0.18557814794047459	0.13440880473869207	0.6028907423743949	0.5244154065739365	0.3522981703972172	0.3762861364103764	0.792095463249753	0.5801345881057616	0.4676488881751111	0.23776412457015572	0.32413075967876226	0.6946837298616035	0.898640936355129	0.2825894933089294	0.5964768165175934
295	0.4481352102935615	0.8617273536820407	0.36287289284507085	0.4586405162443332	0.699863327194312	0.7231545045236621	0.2858870998892991	0.3415168961848316	0.6588186709821112	0.6579796824598118	0.5261944482973154	0.40796199061656757	0.7359970848120853	0.6619404209814704	0.1807640575850781	0.5022882007932421	0.642624385471993	0.792868845116838	0.2935294157427455	0.5848059543273256	0.18936158869568084	0.7816648478873776	0.9158846205521762	0.258862971648269	0.8258454241860572	0.8383448165121378	0.4947889292703982	0.5306488807917346	0.521180136461712	0.33289423893701364	0.4107900945810174	0.27053918833425256	0.7823361050951654	0.26174236461475703	0.5578943753128809	0.18557814794047467	0.13440880473869038	0.6028907423743852	0.5244154065739366	0.35229817039721284	0.3762861364103812	0.7920954632497402	0.5801345881057574	0.46764888817511596	0.23776412457015644	0.3241307596787725	0.6946837298615971	0.8986409363551311	0.2825894933089322	0.5964768165176
296	0.44813521029356385	0.8617273536820406	0.36287289284506974	0.45864051624435115	0.6998633271943148	0.723154504523672	0.28588709988931255	0.3415168961848324	0.6588186709821168	0.6579796824598155	0.5261944482972952	0.4079619906165553	0.7359970848120863	0.6619404209814754	0.18076405758507882	0.5022882007932435	0.642624385471987	0.7928688451168224	0.29352941574274644	0.5848059543273212	0.1893615886956816	0.7816648478873699	0.9158846205521777	0.2588629716482681	0.8258454241860623	0.8383448165121288	0.49478892927040496	0.5306488807917245	0.5211801364617341	0.33289423893701453	0.4107900945810129	0.2705391883342563	0.7823361050951647	0.26174236461475786	0.5578943753128935	0.1855781479404748	0.13440880473868877	0.6028907423743761	0.5244154065739367	0.35229817039720873	0.3762861364103857	0.7920954632497279	0.5801345881057534	0.4676488881751206	0.2377641245701571	0.3241307596787821	0.694683729861591	0.8986409363551333	0.28258949330893474	0.5964768165176062
297	0.448135210293566	0.8617273536820402	0.3628728928450687	0.45864051624436797	0.6998633271943174	0.7231545045236814	0.28588709988932515	0.34151689618483316	0.658818670982122	0.657979682459819	0.5261944482972762	0.40796199061654376	0.735997084812087	0.6619404209814801	0.18076405758507952	0.5022882007932449	0.6426243854719814	0.7928688451168081	0.2935294157427473	0.5848059543273171	0.18936158869568231	0.7816648478873627	0.9158846205521791	0.2588629716482673	0.825845424186067	0.8383448165121204	0.4947889292704114	0.5306488807917149	0.5211801364617548	0.3328942389370154	0.4107900945810087	0.27053918833425966	0.782336105095164	0.26174236461475864	0.5578943753129054	0.18557814794047486	0.13440880473868727	0.6028907423743676	0.5244154065739368	0.35229817039720485	0.3762861364103899	0.7920954632497166	0.5801345881057495	0.46764888817512495	0.23776412457015766	0.3241307596787911	0.6946837298615852	0.8986409363551352	0.2825894933089372	0.5964768165176121
298	0.44813521029356795	0.86172735368204	0.36287289284506763	0.4586405162443837	0.69986332719432	0.72315450452369	0.2858870998893369	0.34151689618483383	0.6588186709821269	0.6579796824598222	0.5261944482972585	0.407961990616533	0.7359970848120878	0.6619404209814844	0.18076405758508018	0.5022882007932461	0.6426243854719761	0.7928688451167946	0.2935294157427482	0.5848059543273133	0.189361588695683	0.7816648478873561	0.9158846205521805	0.2588629716482666	0.8258454241860714	0.8383448165121126	0.49478892927041734	0.5306488807917059	0.5211801364617742	0.33289423893701625	0.4107900945810047	0.27053918833426294	0.7823361050951634	0.2617423646147593	0.5578943753129165	0.18557814794047497	0.13440880473868588	0.6028907423743596	0.5244154065739369	0.3522981703972013	0.3762861364103939	0.7920954632497059	0.5801345881057459	0.46764888817512906	0.23776412457015825	0.3241307596787995	0.6946837298615798	0.898640936355137	0.2825894933089395	0.5964768165176175
299	0.44813521029356984	0.8617273536820399	0.3628728928450667	0.45864051624439844	0.6998633271943223	0.7231545045236982	0.285887099889348	0.3415168961848345	0.6588186709821314	0.6579796824598252	0.5261944482972419	0.4079619906165229	0.7359970848120887	0.6619404209814885	0.18076405758508077	0.5022882007932472	0.6426243854719713	0.7928688451167818	0.29352941574274893	0.5848059543273096	0.18936158869568365	0.7816648478873498	0.9158846205521818	0.2588629716482658	0.8258454241860756	0.8383448165121052	0.494788929270423	0.5306488807916976	0.5211801364617923	0.332894238937017	0.410790094581001	0.27053918833426593	0.7823361050951628	0.26174236461476	0.5578943753129271	0.18557814794047509	0.13440880473868455	0.6028907423743521	0.524415406573937	0.3522981703971979	0.3762861364103976	0.7920954632496959	0.5801345881057426	0.46764888817513284	0.23776412457015883	0.3241307596788074	0.6946837298615748	0.8986409363551389	0.2825894933089416	0.5964768165176227
300	0.4481352102935716	0.8617273536820397	0.3628728928450658	0.4586405162444122	0.6998633271943245	0.7231545045237059	0.2858870998893583	0.34151689618483505	0.6588186709821358	0.6579796824598281	0.5261944482972264	0.40796199061651345	0.7359970848120893	0.6619404209814924	0.18076405758508132	0.5022882007932484	0.6426243854719668	0.7928688451167699	0.29352941574274966	0.5848059543273063	0.18936158869568423	0.781664847887344	0.9158846205521829	0.2588629716482652	0.8258454241860796	0.8383448165120984	0.4947889292704283	0.5306488807916897	0.5211801364618093	0.3328942389370177	0.4107900945809976	0.2705391883342687	0.7823361050951623	0.26174236461476064	0.5578943753129367	0.1855781479404752	0.13440880473868333	0.602890742374345	0.5244154065739371	0.35229817039719474	0.3762861364104011	0.7920954632496866	0.5801345881057395	0.46764888817513633	0.2377641245701593	0.3241307596788148	0.6946837298615701	0.8986409363551404	0.2825894933089436	0.5964768165176275
301	0.4481352102935733	0.8617273536820396	0.36287289284506496	0.4586405162444251	0.6998633271943265	0.7231545045237129	0.28588709988936795	0.34151689618483566	0.6588186709821398	0.6579796824598307	0.5261944482972118	0.40796199061650457	0.7359970848120898	0.661940420981496	0.18076405758508188	0.5022882007932494	0.6426243854719623	0.7928688451167589	0.2935294157427503	0.5848059543273032	0.18936158869568476	0.7816648478873386	0.9158846205521838	0.2588629716482646	0.8258454241860832	0.8383448165120919	0.4947889292704331	0.5306488807916824	0.5211801364618251	0.33289423893701836	0.4107900945809943	0.2705391883342714	0.7823361050951617	0.2617423646147612	0.5578943753129458	0.18557814794047525	0.13440880473868216	0.6028907423743386	0.5244154065739371	0.35229817039719175	0.37628613641040437	0.7920954632496778	0.5801345881057366	0.46764888817513967	0.23776412457015977	0.3241307596788216	0.6946837298615658	0.8986409363551419	0.28258949330894545	0.596476816517632
302	0.4481352102935748	0.8617273536820395	0.3628728928450642	0.4586405162444372	0.6998633271943284	0.7231545045237195	0.28588709988937705	0.3415168961848362	0.6588186709821434	0.6579796824598332	0.5261944482971983	0.4079619906164963	0.7359970848120906	0.6619404209814994	0.18076405758508235	0.5022882007932504	0.6426243854719584	0.7928688451167486	0.293529415742751	0.5848059543273003	0.18936158869568528	0.7816648478873334	0.9158846205521849	0.258862971648264	0.8258454241860868	0.838344816512086	0.49478892927043766	0.5306488807916756	0.52118013646184	0.33289423893701897	0.41079009458099125	0.2705391883342739	0.7823361050951612	0.26174236461476175	0.5578943753129544	0.18557814794047536	0.1344088047386811	0.6028907423743324	0.5244154065739373	0.35229817039718897	0.3762861364104073	0.7920954632496697	0.5801345881057339	0.4676488881751428	0.2377641245701602	0.3241307596788281	0.6946837298615617	0.8986409363551433	0.2825894933089472	0.5964768165176362
303	0.4481352102935763	0.8617273536820392	0.36287289284506347	0.45864051624444846	0.6998633271943303	0.7231545045237256	0.2858870998893855	0.3415168961848367	0.6588186709821469	0.6579796824598355	0.5261944482971856	0.4079619906164885	0.735997084812091	0.6619404209815025	0.18076405758508277	0.5022882007932513	0.6426243854719547	0.7928688451167388	0.29352941574275154	0.5848059543272975	0.18936158869568578	0.7816648478873287	0.9158846205521859	0.2588629716482635	0.8258454241860899	0.8383448165120804	0.49478892927044194	0.5306488807916693	0.5211801364618538	0.3328942389370195	0.41079009458098836	0.2705391883342762	0.7823361050951609	0.2617423646147623	0.5578943753129623	0.18557814794047542	0.13440880473868014	0.6028907423743267	0.5244154065739373	0.3522981703971864	0.37628613641041014	0.7920954632496621	0.5801345881057314	0.4676488881751457	0.23776412457016063	0.32413075967883415	0.6946837298615578	0.8986409363551445	0.28258949330894884	0.5964768165176401
304	0.4481352102935776	0.8617273536820391	0.36287289284506286	0.45864051624445895	0.6998633271943319	0.7231545045237315	0.2858870998893933	0.34151689618483716	0.6588186709821502	0.6579796824598376	0.5261944482971739	0.40796199061648125	0.7359970848120916	0.6619404209815054	0.18076405758508318	0.5022882007932521	0.6426243854719512	0.7928688451167298	0.2935294157427521	0.584805954327295	0.18936158869568623	0.7816648478873242	0.9158846205521868	0.258862971648263	0.8258454241860927	0.838344816512075	0.49478892927044577	0.5306488807916634	0.5211801364618666	0.33289423893702014	0.41079009458098575	0.27053918833427837	0.7823361050951605	0.26174236461476275	0.5578943753129697	0.18557814794047547	0.13440880473867917	0.6028907423743214	0.5244154065739371	0.35229817039718403	0.3762861364104128	0.792095463249655	0.580134588105729	0.46764888817514844	0.23776412457016102	0.3241307596788398	0.6946837298615544	0.8986409363551459	0.2825894933089504	0.5964768165176436
305	0.44813521029357883	0.8617273536820389	0.3628728928450622	0.45864051624446883	0.6998633271943334	0.7231545045237369	0.2858870998894007	0.3415168961848376	0.6588186709821531	0.6579796824598397	0.5261944482971628	0.40796199061647437	0.7359970848120921	0.6619404209815082	0.1807640575850836	0.5022882007932529	0.6426243854719479	0.7928688451167215	0.29352941574275265	0.5848059543272927	0.18936158869568664	0.7816648478873202	0.9158846205521876	0.25886297164826255	0.8258454241860955	0.8383448165120703	0.4947889292704494	0.5306488807916578	0.5211801364618786	0.33289423893702064	0.41079009458098326	0.2705391883342804	0.7823361050951602	0.26174236461476325	0.5578943753129765	0.18557814794047559	0.13440880473867828	0.6028907423743165	0.524415406573937	0.3522981703971818	0.37628613641041525	0.7920954632496484	0.5801345881057268	0.467648888175151	0.2377641245701614	0.3241307596788451	0.6946837298615512	0.8986409363551469	0.2825894933089518	0.5964768165176472
306	0.44813521029358	0.8617273536820389	0.36287289284506163	0.45864051624447794	0.6998633271943349	0.7231545045237419	0.2858870998894076	0.341516896184838	0.658818670982156	0.6579796824598416	0.5261944482971526	0.407961990616468	0.7359970848120925	0.6619404209815107	0.18076405758508396	0.5022882007932536	0.6426243854719449	0.7928688451167137	0.2935294157427531	0.5848059543272904	0.189361588695687	0.7816648478873163	0.9158846205521883	0.2588629716482621	0.8258454241860981	0.8383448165120657	0.4947889292704527	0.5306488807916528	0.5211801364618895	0.33289423893702114	0.4107900945809809	0.2705391883342823	0.7823361050951598	0.26174236461476363	0.5578943753129829	0.18557814794047564	0.13440880473867747	0.602890742374312	0.5244154065739369	0.35229817039717976	0.3762861364104175	0.7920954632496423	0.5801345881057248	0.4676488881751533	0.23776412457016174	0.32413075967884997	0.6946837298615481	0.898640936355148	0.28258949330895305	0.5964768165176502
307	0.44813521029358105	0.8617273536820388	0.3628728928450611	0.4586405162444865	0.6998633271943362	0.7231545045237465	0.285887099889414	0.3415168961848384	0.6588186709821584	0.6579796824598433	0.526194448297143	0.40796199061646204	0.735997084812093	0.6619404209815132	0.18076405758508432	0.5022882007932543	0.642624385471942	0.7928688451167064	0.29352941574275354	0.5848059543272884	0.1893615886956874	0.7816648478873128	0.915884620552189	0.25886297164826166	0.8258454241861005	0.8383448165120616	0.49478892927045576	0.5306488807916481	0.5211801364618999	0.3328942389370216	0.4107900945809787	0.27053918833428403	0.7823361050951596	0.261742364614764	0.5578943753129889	0.1855781479404757	0.1344088047386767	0.6028907423743077	0.5244154065739367	0.3522981703971778	0.3762861364104196	0.7920954632496365	0.5801345881057229	0.4676488881751556	0.23776412457016205	0.3241307596788546	0.6946837298615454	0.8986409363551489	0.2825894933089543	0.5964768165176532
308	0.4481352102935821	0.8617273536820386	0.3628728928450606	0.4586405162444945	0.6998633271943375	0.7231545045237506	0.28588709988941996	0.3415168961848387	0.6588186709821608	0.657979682459845	0.526194448297134	0.40796199061645644	0.7359970848120934	0.6619404209815155	0.18076405758508465	0.502288200793255	0.6426243854719392	0.7928688451166996	0.293529415742754	0.5848059543272865	0.18936158869568767	0.7816648478873095	0.9158846205521898	0.25886297164826133	0.8258454241861026	0.8383448165120577	0.4947889292704586	0.5306488807916436	0.5211801364619093	0.332894238937022	0.41079009458097665	0.2705391883342857	0.7823361050951594	0.2617423646147644	0.5578943753129944	0.18557814794047575	0.134408804738676	0.6028907423743038	0.5244154065739366	0.3522981703971761	0.37628613641042147	0.7920954632496314	0.5801345881057213	0.4676488881751577	0.23776412457016236	0.3241307596788589	0.6946837298615428	0.8986409363551497	0.2825894933089554	0.5964768165176558
309	0.44813521029358294	0.8617273536820386	0.3628728928450601	0.45864051624450186	0.6998633271943387	0.7231545045237547	0.2858870998894255	0.3415168961848391	0.6588186709821631	0.6579796824598465	0.5261944482971258	0.40796199061645116	0.7359970848120937	0.6619404209815176	0.18076405758508496	0.5022882007932555	0.6426243854719369	0.7928688451166933	0.2935294157427543	0.5848059543272848	0.18936158869568803	0.7816648478873064	0.9158846205521903	0.25886297164826094	0.8258454241861047	0.8383448165120542	0.49478892927046114	0.5306488807916396	0.5211801364619182	0.3328942389370224	0.41079009458097476	0.27053918833428725	0.7823361050951592	0.2617423646147647	0.5578943753129995	0.1855781479404758	0.1344088047386753	0.6028907423743002	0.5244154065739363	0.3522981703971745	0.37628613641042336	0.7920954632496265	0.5801345881057196	0.46764888817515965	0.23776412457016266	0.32413075967886296	0.6946837298615405	0.8986409363551505	0.28258949330895644	0.5964768165176582
310	0.44813521029358383	0.8617273536820385	0.36287289284505964	0.4586405162445088	0.6998633271943399	0.7231545045237584	0.28588709988943073	0.3415168961848393	0.6588186709821652	0.6579796824598481	0.526194448297118	0.4079619906164462	0.735997084812094	0.6619404209815196	0.1807640575850852	0.5022882007932561	0.6426243854719345	0.7928688451166874	0.2935294157427547	0.5848059543272832	0.1893615886956883	0.7816648478873036	0.9158846205521909	0.25886297164826066	0.8258454241861065	0.8383448165120507	0.4947889292704635	0.5306488807916359	0.5211801364619263	0.3328942389370228	0.41079009458097304	0.27053918833428864	0.782336105095159	0.2617423646147651	0.5578943753130042	0.18557814794047586	0.13440880473867467	0.6028907423742969	0.5244154065739359	0.352298170397173	0.37628613641042497	0.7920954632496221	0.5801345881057182	0.4676488881751615	0.2377641245701629	0.3241307596788667	0.6946837298615384	0.8986409363551514	0.28258949330895733	0.5964768165176606
311	0.44813521029358466	0.8617273536820385	0.36287289284505925	0.45864051624451513	0.699863327194341	0.7231545045237618	0.28588709988943556	0.34151689618483966	0.6588186709821671	0.6579796824598494	0.5261944482971109	0.40796199061644156	0.7359970848120942	0.6619404209815215	0.18076405758508546	0.5022882007932566	0.6426243854719323	0.7928688451166821	0.2935294157427551	0.5848059543272818	0.1893615886956886	0.7816648478873012	0.9158846205521914	0.25886297164826033	0.8258454241861084	0.8383448165120476	0.4947889292704656	0.5306488807916324	0.5211801364619338	0.33289423893702313	0.4107900945809713	0.27053918833429	0.782336105095159	0.26174236461476535	0.5578943753130086	0.1855781479404759	0.13440880473867406	0.6028907423742936	0.5244154065739356	0.3522981703971716	0.3762861364104265	0.7920954632496179	0.5801345881057167	0.46764888817516315	0.23776412457016316	0.32413075967887023	0.6946837298615364	0.8986409363551519	0.2825894933089583	0.5964768165176626
312	0.44813521029358533	0.8617273536820382	0.3628728928450588	0.4586405162445211	0.6998633271943417	0.723154504523765	0.28588709988944006	0.3415168961848399	0.6588186709821687	0.6579796824598506	0.5261944482971043	0.40796199061643723	0.7359970848120947	0.6619404209815232	0.18076405758508576	0.5022882007932571	0.6426243854719302	0.7928688451166771	0.29352941574275543	0.5848059543272803	0.18936158869568884	0.7816648478872987	0.915884620552192	0.25886297164826005	0.8258454241861098	0.8383448165120448	0.4947889292704675	0.5306488807916292	0.5211801364619407	0.33289423893702347	0.41079009458096977	0.2705391883342913	0.7823361050951589	0.2617423646147656	0.5578943753130127	0.18557814794047597	0.1344088047386735	0.6028907423742909	0.5244154065739353	0.35229817039717026	0.37628613641042796	0.792095463249614	0.5801345881057156	0.4676488881751648	0.23776412457016338	0.3241307596788735	0.6946837298615346	0.8986409363551526	0.28258949330895905	0.5964768165176647
313	0.448135210293586	0.8617273536820382	0.3628728928450584	0.45864051624452673	0.6998633271943427	0.7231545045237678	0.2858870998894443	0.3415168961848401	0.6588186709821704	0.6579796824598518	0.526194448297098	0.4079619906164331	0.7359970848120949	0.6619404209815248	0.18076405758508596	0.5022882007932575	0.6426243854719283	0.7928688451166723	0.29352941574275565	0.584805954327279	0.189361588695689	0.7816648478872965	0.9158846205521926	0.2588629716482599	0.8258454241861114	0.8383448165120422	0.4947889292704693	0.5306488807916263	0.5211801364619472	0.3328942389370238	0.4107900945809683	0.2705391883342925	0.7823361050951587	0.2617423646147659	0.5578943753130164	0.18557814794047597	0.134408804738673	0.6028907423742882	0.5244154065739348	0.35229817039716904	0.37628613641042924	0.7920954632496106	0.5801345881057144	0.46764888817516626	0.2377641245701636	0.32413075967887656	0.6946837298615328	0.8986409363551532	0.2825894933089598	0.5964768165176664
314	0.4481352102935866	0.8617273536820381	0.36287289284505814	0.4586405162445319	0.6998633271943436	0.7231545045237705	0.28588709988944816	0.3415168961848404	0.658818670982172	0.6579796824598529	0.5261944482970924	0.4079619906164293	0.7359970848120951	0.6619404209815264	0.18076405758508618	0.502288200793258	0.6426243854719266	0.792868845116668	0.293529415742756	0.5848059543272779	0.18936158869568925	0.7816648478872944	0.915884620552193	0.2588629716482596	0.825845424186113	0.8383448165120396	0.49478892927047086	0.5306488807916235	0.521180136461953	0.332894238937024	0.41079009458096694	0.27053918833429363	0.7823361050951587	0.26174236461476613	0.5578943753130199	0.185578147940476	0.13440880473867253	0.6028907423742857	0.5244154065739344	0.352298170397168	0.37628613641043046	0.7920954632496073	0.5801345881057133	0.46764888817516764	0.2377641245701638	0.32413075967887944	0.6946837298615315	0.8986409363551537	0.2825894933089605	0.596476816517668
315	0.4481352102935872	0.8617273536820381	0.36287289284505786	0.4586405162445367	0.6998633271943444	0.7231545045237731	0.2858870998894518	0.34151689618484055	0.6588186709821733	0.6579796824598539	0.526194448297087	0.40796199061642574	0.7359970848120954	0.6619404209815278	0.18076405758508635	0.5022882007932584	0.6426243854719249	0.792868845116664	0.2935294157427562	0.5848059543272768	0.18936158869568942	0.7816648478872924	0.9158846205521933	0.2588629716482594	0.8258454241861142	0.8383448165120373	0.4947889292704723	0.530648880791621	0.5211801364619585	0.3328942389370243	0.4107900945809657	0.27053918833429463	0.7823361050951587	0.26174236461476635	0.5578943753130231	0.18557814794047606	0.13440880473867206	0.6028907423742835	0.5244154065739339	0.352298170397167	0.37628613641043157	0.7920954632496042	0.5801345881057124	0.4676488881751689	0.237764124570164	0.32413075967888216	0.69468372986153	0.8986409363551542	0.28258949330896116	0.5964768165176696
316	0.44813521029358777	0.8617273536820379	0.3628728928450575	0.45864051624454116	0.6998633271943452	0.7231545045237753	0.2858870998894552	0.34151689618484077	0.6588186709821745	0.6579796824598549	0.5261944482970821	0.40796199061642235	0.7359970848120956	0.6619404209815292	0.18076405758508657	0.5022882007932588	0.6426243854719234	0.7928688451166603	0.2935294157427564	0.5848059543272758	0.1893615886956896	0.7816648478872908	0.9158846205521937	0.25886297164825917	0.8258454241861153	0.8383448165120353	0.49478892927047363	0.5306488807916188	0.5211801364619635	0.3328942389370246	0.4107900945809645	0.2705391883342956	0.7823361050951587	0.2617423646147666	0.557894375313026	0.18557814794047608	0.13440880473867167	0.6028907423742815	0.5244154065739334	0.3522981703971661	0.3762861364104326	0.7920954632496015	0.5801345881057115	0.46764888817517014	0.23776412457016416	0.32413075967888466	0.6946837298615288	0.8986409363551546	0.2825894933089617	0.5964768165176709
317	0.44813521029358816	0.8617273536820379	0.36287289284505725	0.4586405162445453	0.6998633271943459	0.7231545045237775	0.2858870998894583	0.34151689618484093	0.6588186709821756	0.6579796824598558	0.5261944482970775	0.40796199061641913	0.7359970848120957	0.6619404209815304	0.18076405758508673	0.5022882007932591	0.6426243854719218	0.792868845116657	0.29352941574275665	0.5848059543272749	0.18936158869568978	0.7816648478872892	0.9158846205521941	0.258862971648259	0.8258454241861164	0.8383448165120333	0.4947889292704748	0.5306488807916167	0.521180136461968	0.33289423893702486	0.4107900945809634	0.2705391883342965	0.7823361050951587	0.2617423646147668	0.5578943753130288	0.18557814794047614	0.13440880473867128	0.6028907423742796	0.5244154065739328	0.35229817039716516	0.37628613641043357	0.7920954632495989	0.5801345881057106	0.46764888817517125	0.23776412457016433	0.324130759678887	0.6946837298615277	0.898640936355155	0.28258949330896227	0.5964768165176723
318	0.44813521029358866	0.8617273536820379	0.36287289284505697	0.4586405162445492	0.6998633271943465	0.7231545045237794	0.28588709988946126	0.34151689618484105	0.6588186709821767	0.6579796824598567	0.5261944482970732	0.4079619906164162	0.7359970848120959	0.6619404209815317	0.1807640575850869	0.5022882007932594	0.6426243854719206	0.7928688451166538	0.29352941574275687	0.584805954327274	0.18936158869568992	0.7816648478872879	0.9158846205521944	0.25886297164825883	0.8258454241861173	0.8383448165120315	0.4947889292704758	0.5306488807916147	0.5211801364619723	0.332894238937025	0.41079009458096233	0.27053918833429735	0.7823361050951589	0.261742364614767	0.5578943753130312	0.18557814794047617	0.13440880473867087	0.6028907423742779	0.5244154065739323	0.3522981703971644	0.3762861364104344	0.7920954632495967	0.58013458810571	0.46764888817517236	0.2377641245701645	0.32413075967888916	0.6946837298615266	0.8986409363551553	0.28258949330896277	0.5964768165176735
319	0.44813521029358905	0.8617273536820379	0.36287289284505675	0.45864051624455277	0.6998633271943471	0.7231545045237812	0.285887099889464	0.3415168961848412	0.6588186709821777	0.6579796824598574	0.5261944482970692	0.40796199061641336	0.7359970848120961	0.6619404209815327	0.18076405758508707	0.5022882007932598	0.6426243854719192	0.7928688451166509	0.29352941574275704	0.5848059543272732	0.18936158869569003	0.7816648478872865	0.9158846205521948	0.25886297164825867	0.8258454241861182	0.8383448165120299	0.4947889292704767	0.5306488807916129	0.5211801364619761	0.33289423893702524	0.4107900945809614	0.27053918833429813	0.7823361050951589	0.26174236461476713	0.5578943753130337	0.1855781479404762	0.13440880473867053	0.6028907423742762	0.5244154065739318	0.35229817039716366	0.3762861364104351	0.7920954632495945	0.5801345881057093	0.46764888817517336	0.23776412457016463	0.3241307596788912	0.6946837298615258	0.8986409363551556	0.2825894933089632	0.5964768165176746
320	0.4481352102935894	0.8617273536820378	0.3628728928450565	0.4586405162445561	0.6998633271943476	0.7231545045237828	0.28588709988946653	0.3415168961848413	0.6588186709821786	0.6579796824598582	0.5261944482970656	0.4079619906164107	0.7359970848120962	0.6619404209815338	0.1807640575850872	0.50228820079326	0.642624385471918	0.7928688451166481	0.2935294157427573	0.5848059543272724	0.18936158869569017	0.7816648478872853	0.915884620552195	0.25886297164825856	0.8258454241861192	0.8383448165120284	0.4947889292704775	0.5306488807916113	0.5211801364619797	0.3328942389370254	0.41079009458096044	0.2705391883342989	0.782336105095159	0.2617423646147673	0.5578943753130357	0.18557814794047622	0.13440880473867023	0.6028907423742748	0.5244154065739312	0.35229817039716305	0.3762861364104359	0.7920954632495926	0.5801345881057087	0.46764888817517425	0.23776412457016474	0.32413075967889315	0.6946837298615249	0.8986409363551561	0.2825894933089636	0.5964768165176756
321	0.44813521029358977	0.8617273536820378	0.36287289284505625	0.4586405162445592	0.6998633271943482	0.7231545045237844	0.28588709988946887	0.34151689618484143	0.6588186709821795	0.6579796824598588	0.5261944482970622	0.4079619906164083	0.7359970848120964	0.6619404209815348	0.18076405758508732	0.5022882007932603	0.6426243854719169	0.7928688451166456	0.2935294157427574	0.5848059543272719	0.1893615886956903	0.7816648478872841	0.9158846205521953	0.2588629716482584	0.8258454241861198	0.838344816512027	0.4947889292704783	0.5306488807916098	0.5211801364619829	0.33289423893702563	0.4107900945809596	0.27053918833429963	0.782336105095159	0.26174236461476746	0.5578943753130376	0.18557814794047628	0.13440880473866992	0.6028907423742735	0.5244154065739306	0.3522981703971625	0.3762861364104365	0.7920954632495907	0.5801345881057081	0.46764888817517514	0.23776412457016488	0.324130759678895	0.6946837298615242	0.8986409363551562	0.282589493308964	0.5964768165176765
322	0.4481352102935901	0.8617273536820378	0.3628728928450561	0.4586405162445621	0.6998633271943487	0.7231545045237857	0.2858870998894711	0.3415168961848416	0.6588186709821803	0.6579796824598596	0.5261944482970592	0.407961990616406	0.7359970848120965	0.6619404209815357	0.18076405758508746	0.5022882007932606	0.6426243854719159	0.7928688451166434	0.29352941574275765	0.5848059543272712	0.1893615886956904	0.7816648478872831	0.9158846205521955	0.2588629716482582	0.8258454241861206	0.8383448165120257	0.49478892927047885	0.5306488807916084	0.5211801364619859	0.3328942389370258	0.4107900945809588	0.27053918833430024	0.7823361050951592	0.26174236461476763	0.5578943753130394	0.18557814794047628	0.13440880473866965	0.6028907423742723	0.52441540657393	0.35229817039716194	0.3762861364104372	0.792095463249589	0.5801345881057076	0.4676488881751759	0.23776412457016502	0.3241307596788966	0.6946837298615235	0.8986409363551564	0.2825894933089644	0.5964768165176773
323	0.4481352102935903	0.8617273536820378	0.3628728928450559	0.45864051624456476	0.6998633271943492	0.723154504523787	0.2858870998894731	0.3415168961848417	0.6588186709821808	0.6579796824598602	0.5261944482970562	0.40796199061640376	0.7359970848120966	0.6619404209815365	0.18076405758508754	0.5022882007932609	0.6426243854719149	0.7928688451166411	0.2935294157427577	0.5848059543272707	0.1893615886956905	0.7816648478872822	0.9158846205521959	0.2588629716482582	0.8258454241861213	0.8383448165120245	0.4947889292704794	0.5306488807916072	0.5211801364619887	0.3328942389370259	0.41079009458095805	0.27053918833430085	0.7823361050951593	0.26174236461476774	0.5578943753130411	0.18557814794047628	0.13440880473866937	0.6028907423742712	0.5244154065739295	0.35229817039716144	0.37628613641043773	0.7920954632495876	0.5801345881057072	0.4676488881751767	0.2377641245701651	0.32413075967889826	0.694683729861523	0.8986409363551567	0.28258949330896466	0.5964768165176781
324	0.4481352102935906	0.8617273536820376	0.36287289284505575	0.4586405162445672	0.6998633271943496	0.7231545045237882	0.28588709988947497	0.34151689618484177	0.6588186709821815	0.6579796824598607	0.5261944482970535	0.4079619906164017	0.7359970848120967	0.6619404209815373	0.18076405758508765	0.5022882007932611	0.642624385471914	0.7928688451166391	0.2935294157427579	0.5848059543272702	0.1893615886956906	0.7816648478872813	0.9158846205521961	0.25886297164825806	0.8258454241861218	0.8383448165120234	0.49478892927047996	0.530648880791606	0.521180136461991	0.3328942389370261	0.41079009458095733	0.2705391883343014	0.7823361050951594	0.26174236461476785	0.5578943753130426	0.18557814794047633	0.13440880473866917	0.6028907423742701	0.5244154065739288	0.35229817039716094	0.37628613641043823	0.7920954632495862	0.5801345881057067	0.46764888817517736	0.23776412457016527	0.32413075967889965	0.6946837298615225	0.898640936355157	0.28258949330896493	0.5964768165176787
325	0.4481352102935909	0.8617273536820376	0.36287289284505553	0.45864051624456953	0.6998633271943501	0.7231545045237893	0.28588709988947675	0.3415168961848418	0.6588186709821819	0.6579796824598613	0.5261944482970511	0.4079619906163998	0.7359970848120968	0.661940420981538	0.18076405758508776	0.5022882007932613	0.6426243854719133	0.7928688451166374	0.29352941574275804	0.5848059543272698	0.18936158869569067	0.7816648478872805	0.9158846205521963	0.258862971648258	0.8258454241861225	0.8383448165120223	0.49478892927048035	0.530648880791605	0.5211801364619933	0.33289423893702624	0.4107900945809567	0.27053918833430196	0.7823361050951596	0.26174236461476796	0.557894375313044	0.18557814794047633	0.13440880473866892	0.6028907423742692	0.5244154065739284	0.3522981703971605	0.37628613641043873	0.792095463249585	0.5801345881057063	0.4676488881751781	0.23776412457016532	0.3241307596789011	0.694683729861522	0.8986409363551571	0.2825894933089652	0.5964768165176794
326	0.4481352102935911	0.8617273536820376	0.3628728928450554	0.45864051624457164	0.6998633271943504	0.7231545045237902	0.28588709988947836	0.341516896184842	0.6588186709821825	0.6579796824598617	0.5261944482970486	0.40796199061639793	0.7359970848120968	0.6619404209815388	0.18076405758508787	0.5022882007932614	0.6426243854719124	0.7928688451166357	0.29352941574275815	0.5848059543272692	0.18936158869569072	0.7816648478872799	0.9158846205521964	0.25886297164825794	0.825845424186123	0.8383448165120214	0.4947889292704807	0.5306488807916041	0.5211801364619953	0.33289423893702635	0.4107900945809561	0.27053918833430246	0.7823361050951596	0.2617423646147681	0.5578943753130453	0.18557814794047636	0.13440880473866867	0.6028907423742683	0.5244154065739278	0.35229817039716016	0.3762861364104391	0.7920954632495839	0.5801345881057061	0.4676488881751787	0.2377641245701654	0.3241307596789023	0.6946837298615216	0.8986409363551573	0.28258949330896543	0.59647681651768
327	0.44813521029359127	0.8617273536820376	0.36287289284505525	0.45864051624457364	0.6998633271943507	0.723154504523791	0.2858870998894799	0.341516896184842	0.658818670982183	0.6579796824598623	0.5261944482970466	0.40796199061639626	0.7359970848120969	0.6619404209815395	0.18076405758508793	0.5022882007932616	0.6426243854719116	0.7928688451166341	0.29352941574275826	0.5848059543272689	0.1893615886956908	0.7816648478872792	0.9158846205521967	0.2588629716482578	0.8258454241861234	0.8383448165120206	0.494788929270481	0.5306488807916032	0.5211801364619972	0.33289423893702647	0.4107900945809555	0.2705391883343029	0.7823361050951598	0.2617423646147682	0.5578943753130464	0.18557814794047636	0.1344088047386685	0.6028907423742677	0.5244154065739272	0.35229817039715977	0.37628613641043945	0.7920954632495828	0.5801345881057057	0.46764888817517924	0.2377641245701655	0.32413075967890354	0.6946837298615212	0.8986409363551573	0.2825894933089657	0.5964768165176805
328	0.44813521029359143	0.8617273536820376	0.36287289284505514	0.4586405162445755	0.6998633271943512	0.7231545045237919	0.2858870998894813	0.34151689618484204	0.6588186709821835	0.6579796824598626	0.5261944482970445	0.40796199061639465	0.735997084812097	0.6619404209815402	0.180764057585088	0.5022882007932618	0.6426243854719109	0.7928688451166327	0.29352941574275837	0.5848059543272686	0.1893615886956909	0.7816648478872786	0.9158846205521969	0.2588629716482578	0.8258454241861238	0.8383448165120199	0.49478892927048124	0.5306488807916024	0.521180136461999	0.3328942389370266	0.410790094580955	0.27053918833430335	0.7823361050951598	0.26174236461476824	0.5578943753130475	0.1855781479404764	0.1344088047386683	0.6028907423742669	0.5244154065739266	0.35229817039715955	0.3762861364104398	0.7920954632495818	0.5801345881057054	0.4676488881751798	0.23776412457016557	0.32413075967890465	0.6946837298615209	0.8986409363551575	0.2825894933089659	0.5964768165176809
329	0.4481352102935916	0.8617273536820376	0.36287289284505503	0.45864051624457725	0.6998633271943514	0.7231545045237927	0.28588709988948263	0.34151689618484216	0.6588186709821839	0.657979682459863	0.5261944482970428	0.40796199061639316	0.735997084812097	0.6619404209815407	0.18076405758508812	0.502288200793262	0.6426243854719103	0.7928688451166314	0.2935294157427585	0.5848059543272682	0.1893615886956909	0.7816648478872781	0.915884620552197	0.25886297164825767	0.8258454241861242	0.8383448165120192	0.49478892927048146	0.5306488807916017	0.5211801364620006	0.3328942389370267	0.41079009458095445	0.27053918833430374	0.7823361050951602	0.26174236461476835	0.5578943753130485	0.1855781479404764	0.13440880473866812	0.6028907423742662	0.524415406573926	0.3522981703971592	0.3762861364104402	0.792095463249581	0.5801345881057051	0.46764888817518036	0.2377641245701656	0.32413075967890576	0.6946837298615206	0.8986409363551575	0.28258949330896604	0.5964768165176814
330	0.4481352102935918	0.8617273536820376	0.3628728928450549	0.4586405162445788	0.6998633271943517	0.7231545045237934	0.2858870998894839	0.3415168961848422	0.6588186709821843	0.6579796824598634	0.5261944482970411	0.4079619906163917	0.735997084812097	0.6619404209815413	0.18076405758508818	0.5022882007932621	0.6426243854719097	0.7928688451166302	0.2935294157427586	0.5848059543272679	0.18936158869569097	0.7816648478872775	0.9158846205521972	0.2588629716482576	0.8258454241861244	0.8383448165120184	0.4947889292704816	0.5306488807916011	0.5211801364620019	0.3328942389370268	0.410790094580954	0.2705391883343041	0.7823361050951602	0.26174236461476846	0.5578943753130494	0.1855781479404764	0.13440880473866798	0.6028907423742657	0.5244154065739255	0.352298170397159	0.37628613641044045	0.7920954632495802	0.5801345881057048	0.4676488881751808	0.23776412457016574	0.3241307596789067	0.6946837298615205	0.8986409363551576	0.2825894933089662	0.5964768165176818
331	0.44813521029359193	0.8617273536820375	0.3628728928450548	0.4586405162445803	0.6998633271943521	0.7231545045237939	0.285887099889485	0.3415168961848422	0.6588186709821846	0.6579796824598638	0.5261944482970394	0.4079619906163904	0.7359970848120971	0.6619404209815418	0.18076405758508826	0.5022882007932622	0.6426243854719091	0.7928688451166291	0.29352941574275865	0.5848059543272676	0.18936158869569103	0.7816648478872771	0.9158846205521972	0.2588629716482576	0.8258454241861248	0.8383448165120178	0.4947889292704818	0.5306488807916006	0.5211801364620032	0.33289423893702685	0.4107900945809536	0.2705391883343045	0.7823361050951604	0.2617423646147686	0.5578943753130502	0.18557814794047645	0.13440880473866781	0.6028907423742651	0.5244154065739249	0.3522981703971587	0.3762861364104407	0.7920954632495795	0.5801345881057046	0.4676488881751813	0.2377641245701658	0.32413075967890764	0.6946837298615203	0.8986409363551576	0.2825894933089664	0.5964768165176823
332	0.44813521029359205	0.8617273536820375	0.36287289284505464	0.4586405162445817	0.6998633271943522	0.7231545045237946	0.2858870998894861	0.34151689618484227	0.6588186709821848	0.657979682459864	0.526194448297038	0.4079619906163891	0.7359970848120974	0.6619404209815424	0.1807640575850883	0.5022882007932623	0.6426243854719086	0.792868845116628	0.29352941574275876	0.5848059543272675	0.18936158869569103	0.7816648478872767	0.9158846205521974	0.25886297164825756	0.825845424186125	0.8383448165120173	0.49478892927048185	0.5306488807916	0.5211801364620043	0.33289423893702696	0.41079009458095317	0.2705391883343048	0.7823361050951605	0.26174236461476863	0.557894375313051	0.18557814794047645	0.13440880473866768	0.6028907423742647	0.5244154065739244	0.35229817039715855	0.376286136410441	0.7920954632495789	0.5801345881057045	0.46764888817518163	0.23776412457016588	0.3241307596789085	0.69468372986152	0.8986409363551578	0.2825894933089665	0.5964768165176825
333	0.44813521029359216	0.8617273536820375	0.3628728928450546	0.45864051624458296	0.6998633271943524	0.723154504523795	0.2858870998894871	0.3415168961848424	0.658818670982185	0.6579796824598644	0.5261944482970367	0.407961990616388	0.7359970848120974	0.6619404209815428	0.18076405758508837	0.5022882007932625	0.6426243854719081	0.792868845116627	0.2935294157427588	0.5848059543272671	0.1893615886956911	0.7816648478872764	0.9158846205521975	0.2588629716482575	0.8258454241861253	0.8383448165120169	0.4947889292704819	0.5306488807915994	0.5211801364620054	0.332894238937027	0.4107900945809528	0.2705391883343051	0.7823361050951606	0.2617423646147687	0.5578943753130517	0.18557814794047645	0.13440880473866754	0.6028907423742643	0.5244154065739238	0.3522981703971583	0.3762861364104412	0.7920954632495784	0.5801345881057044	0.467648888175182	0.2377641245701659	0.3241307596789093	0.6946837298615199	0.8986409363551578	0.28258949330896665	0.5964768165176828
334	0.4481352102935922	0.8617273536820375	0.3628728928450545	0.45864051624458413	0.6998633271943526	0.7231545045237955	0.285887099889488	0.3415168961848424	0.6588186709821854	0.6579796824598647	0.5261944482970354	0.4079619906163868	0.7359970848120974	0.6619404209815432	0.18076405758508843	0.5022882007932626	0.6426243854719076	0.7928688451166261	0.2935294157427589	0.584805954327267	0.18936158869569114	0.7816648478872761	0.9158846205521978	0.2588629716482575	0.8258454241861256	0.8383448165120164	0.494788929270482	0.530648880791599	0.5211801364620063	0.3328942389370271	0.41079009458095245	0.27053918833430546	0.7823361050951608	0.26174236461476874	0.5578943753130523	0.18557814794047645	0.1344088047386674	0.6028907423742638	0.5244154065739234	0.35229817039715816	0.37628613641044134	0.7920954632495778	0.5801345881057042	0.4676488881751824	0.23776412457016596	0.3241307596789101	0.6946837298615198	0.8986409363551578	0.2825894933089667	0.596476816517683
335	0.4481352102935924	0.8617273536820375	0.3628728928450545	0.4586405162445852	0.6998633271943528	0.7231545045237959	0.28588709988948885	0.3415168961848424	0.6588186709821856	0.6579796824598649	0.5261944482970343	0.4079619906163858	0.7359970848120974	0.6619404209815436	0.18076405758508848	0.5022882007932626	0.6426243854719071	0.7928688451166254	0.293529415742759	0.5848059543272669	0.18936158869569114	0.7816648478872757	0.9158846205521978	0.25886297164825744	0.8258454241861258	0.838344816512016	0.494788929270482	0.5306488807915987	0.5211801364620072	0.3328942389370272	0.4107900945809521	0.2705391883343057	0.7823361050951609	0.26174236461476885	0.5578943753130529	0.18557814794047645	0.1344088047386673	0.6028907423742635	0.5244154065739229	0.352298170397158	0.3762861364104415	0.7920954632495772	0.5801345881057041	0.4676488881751828	0.23776412457016605	0.3241307596789108	0.6946837298615197	0.898640936355158	0.2825894933089669	0.5964768165176833
336	0.44813521029359243	0.8617273536820375	0.3628728928450543	0.45864051624458624	0.6998633271943531	0.7231545045237964	0.2858870998894897	0.34151689618484243	0.6588186709821858	0.6579796824598653	0.5261944482970332	0.4079619906163847	0.7359970848120974	0.6619404209815439	0.18076405758508854	0.5022882007932628	0.6426243854719067	0.7928688451166246	0.29352941574275904	0.5848059543272667	0.1893615886956912	0.7816648478872755	0.915884620552198	0.2588629716482574	0.825845424186126	0.8383448165120154	0.494788929270482	0.5306488807915982	0.5211801364620081	0.33289423893702724	0.4107900945809518	0.27053918833430596	0.782336105095161	0.26174236461476885	0.5578943753130534	0.18557814794047645	0.13440880473866718	0.6028907423742632	0.5244154065739224	0.3522981703971579	0.3762861364104417	0.7920954632495769	0.580134588105704	0.467648888175183	0.23776412457016605	0.3241307596789114	0.6946837298615196	0.898640936355158	0.28258949330896693	0.5964768165176835
337	0.4481352102935925	0.8617273536820375	0.36287289284505425	0.4586405162445872	0.6998633271943533	0.7231545045237968	0.28588709988949035	0.34151689618484243	0.658818670982186	0.6579796824598655	0.5261944482970322	0.40796199061638383	0.7359970848120975	0.6619404209815444	0.18076405758508857	0.5022882007932629	0.6426243854719064	0.7928688451166239	0.2935294157427591	0.5848059543272665	0.1893615886956912	0.7816648478872752	0.915884620552198	0.25886297164825733	0.8258454241861263	0.8383448165120152	0.494788929270482	0.530648880791598	0.5211801364620088	0.3328942389370273	0.4107900945809515	0.2705391883343062	0.7823361050951612	0.2617423646147689	0.557894375313054	0.1855781479404765	0.13440880473866706	0.6028907423742629	0.5244154065739219	0.3522981703971577	0.37628613641044184	0.7920954632495764	0.580134588105704	0.4676488881751834	0.23776412457016607	0.3241307596789121	0.6946837298615195	0.898640936355158	0.282589493308967	0.5964768165176837
338	0.44813521029359255	0.8617273536820372	0.36287289284505425	0.45864051624458807	0.6998633271943534	0.7231545045237971	0.28588709988949107	0.3415168961848425	0.6588186709821862	0.6579796824598657	0.5261944482970313	0.407961990616383	0.7359970848120975	0.6619404209815447	0.18076405758508862	0.502288200793263	0.642624385471906	0.7928688451166233	0.29352941574275915	0.5848059543272663	0.18936158869569125	0.7816648478872751	0.9158846205521982	0.25886297164825733	0.8258454241861264	0.8383448165120149	0.494788929270482	0.5306488807915977	0.5211801364620094	0.33289423893702735	0.4107900945809512	0.2705391883343064	0.7823361050951614	0.261742364614769	0.5578943753130543	0.1855781479404765	0.13440880473866695	0.6028907423742627	0.5244154065739215	0.3522981703971576	0.37628613641044195	0.7920954632495761	0.5801345881057037	0.4676488881751837	0.23776412457016613	0.32413075967891264	0.6946837298615195	0.898640936355158	0.2825894933089671	0.5964768165176838
339	0.44813521029359266	0.8617273536820372	0.3628728928450541	0.45864051624458896	0.6998633271943536	0.7231545045237974	0.2858870998894917	0.3415168961848425	0.6588186709821862	0.6579796824598659	0.5261944482970305	0.40796199061638216	0.7359970848120975	0.661940420981545	0.18076405758508868	0.5022882007932631	0.6426243854719056	0.7928688451166227	0.2935294157427592	0.5848059543272662	0.18936158869569125	0.7816648478872749	0.9158846205521982	0.2588629716482573	0.8258454241861265	0.8383448165120145	0.49478892927048196	0.5306488807915974	0.5211801364620099	0.3328942389370274	0.4107900945809509	0.2705391883343066	0.7823361050951615	0.26174236461476896	0.5578943753130547	0.1855781479404765	0.13440880473866687	0.6028907423742623	0.524415406573921	0.3522981703971575	0.37628613641044206	0.7920954632495758	0.5801345881057037	0.4676488881751839	0.23776412457016613	0.3241307596789132	0.6946837298615195	0.898640936355158	0.28258949330896715	0.596476816517684
340	0.44813521029359266	0.8617273536820372	0.3628728928450541	0.4586405162445897	0.6998633271943537	0.7231545045237976	0.2858870998894923	0.34151689618484254	0.6588186709821864	0.657979682459866	0.5261944482970297	0.4079619906163814	0.7359970848120976	0.6619404209815453	0.1807640575850887	0.5022882007932631	0.6426243854719054	0.7928688451166221	0.29352941574275926	0.5848059543272661	0.1893615886956913	0.7816648478872746	0.9158846205521983	0.2588629716482573	0.8258454241861267	0.8383448165120142	0.4947889292704819	0.5306488807915971	0.5211801364620104	0.33289423893702746	0.4107900945809507	0.27053918833430685	0.7823361050951615	0.2617423646147691	0.5578943753130551	0.1855781479404765	0.13440880473866681	0.6028907423742622	0.5244154065739206	0.35229817039715744	0.37628613641044223	0.7920954632495756	0.5801345881057036	0.4676488881751842	0.2377641245701662	0.32413075967891375	0.6946837298615195	0.898640936355158	0.2825894933089672	0.5964768165176841
341	0.44813521029359277	0.8617273536820372	0.3628728928450541	0.4586405162445904	0.699863327194354	0.7231545045237979	0.28588709988949285	0.34151689618484254	0.6588186709821865	0.6579796824598663	0.526194448297029	0.40796199061638067	0.7359970848120976	0.6619404209815457	0.18076405758508873	0.5022882007932632	0.6426243854719049	0.7928688451166216	0.2935294157427593	0.5848059543272659	0.1893615886956913	0.7816648478872745	0.9158846205521983	0.2588629716482573	0.8258454241861268	0.8383448165120141	0.49478892927048185	0.530648880791597	0.521180136462011	0.3328942389370275	0.41079009458095045	0.270539188334307	0.7823361050951617	0.2617423646147691	0.5578943753130554	0.1855781479404765	0.1344088047386667	0.602890742374262	0.5244154065739202	0.35229817039715733	0.3762861364104423	0.7920954632495752	0.5801345881057036	0.4676488881751844	0.23776412457016627	0.3241307596789142	0.6946837298615195	0.898640936355158	0.28258949330896727	0.5964768165176842
342	0.44813521029359277	0.8617273536820372	0.3628728928450539	0.458640516244591	0.699863327194354	0.7231545045237981	0.2858870998894934	0.34151689618484254	0.6588186709821866	0.6579796824598665	0.5261944482970283	0.4079619906163799	0.7359970848120976	0.6619404209815459	0.18076405758508873	0.5022882007932633	0.6426243854719048	0.7928688451166211	0.29352941574275937	0.5848059543272659	0.1893615886956913	0.7816648478872743	0.9158846205521983	0.2588629716482573	0.8258454241861268	0.8383448165120138	0.4947889292704818	0.5306488807915968	0.5211801364620113	0.3328942389370276	0.4107900945809503	0.2705391883343072	0.7823361050951617	0.26174236461476913	0.5578943753130557	0.18557814794047653	0.13440880473866665	0.6028907423742619	0.5244154065739198	0.3522981703971572	0.3762861364104424	0.792095463249575	0.5801345881057035	0.4676488881751847	0.2377641245701663	0.3241307596789147	0.6946837298615195	0.898640936355158	0.2825894933089673	0.5964768165176844
343	0.44813521029359277	0.8617273536820372	0.3628728928450539	0.4586405162445917	0.6998633271943542	0.7231545045237983	0.2858870998894939	0.3415168961848426	0.6588186709821867	0.6579796824598667	0.5261944482970277	0.4079619906163793	0.7359970848120976	0.661940420981546	0.1807640575850888	0.5022882007932633	0.6426243854719045	0.7928688451166207	0.29352941574275937	0.5848059543272658	0.1893615886956913	0.7816648478872743	0.9158846205521985	0.2588629716482573	0.8258454241861269	0.8383448165120135	0.49478892927048174	0.5306488807915966	0.5211801364620117	0.3328942389370276	0.41079009458095006	0.27053918833430735	0.7823361050951618	0.2617423646147692	0.557894375313056	0.18557814794047653	0.13440880473866657	0.6028907423742618	0.5244154065739194	0.35229817039715716	0.37628613641044245	0.7920954632495748	0.5801345881057035	0.4676488881751848	0.2377641245701663	0.3241307596789151	0.6946837298615195	0.898640936355158	0.2825894933089674	0.5964768165176846
344	0.4481352102935928	0.8617273536820372	0.36287289284505386	0.45864051624459223	0.6998633271943543	0.7231545045237985	0.28588709988949434	0.3415168961848426	0.6588186709821868	0.6579796824598667	0.5261944482970271	0.40796199061637867	0.7359970848120976	0.6619404209815464	0.18076405758508884	0.5022882007932634	0.6426243854719043	0.7928688451166205	0.2935294157427594	0.5848059543272658	0.1893615886956913	0.7816648478872741	0.9158846205521985	0.25886297164825717	0.8258454241861272	0.8383448165120134	0.4947889292704817	0.5306488807915964	0.521180136462012	0.33289423893702763	0.41079009458094984	0.2705391883343075	0.782336105095162	0.26174236461476924	0.5578943753130563	0.18557814794047653	0.1344088047386665	0.6028907423742615	0.5244154065739189	0.3522981703971571	0.37628613641044256	0.7920954632495747	0.5801345881057035	0.4676488881751851	0.2377641245701663	0.32413075967891547	0.6946837298615195	0.898640936355158	0.2825894933089674	0.5964768165176846
345	0.4481352102935929	0.8617273536820372	0.3628728928450538	0.45864051624459273	0.6998633271943544	0.7231545045237987	0.28588709988949473	0.3415168961848426	0.6588186709821869	0.6579796824598669	0.5261944482970266	0.40796199061637806	0.7359970848120976	0.6619404209815467	0.18076405758508884	0.5022882007932634	0.6426243854719039	0.79286884511662	0.2935294157427595	0.5848059543272657	0.18936158869569134	0.781664847887274	0.9158846205521985	0.25886297164825717	0.8258454241861272	0.8383448165120133	0.49478892927048157	0.5306488807915962	0.5211801364620123	0.33289423893702763	0.41079009458094967	0.2705391883343076	0.7823361050951622	0.2617423646147693	0.5578943753130565	0.18557814794047653	0.13440880473866643	0.6028907423742614	0.5244154065739186	0.35229817039715705	0.37628613641044256	0.7920954632495745	0.5801345881057034	0.4676488881751852	0.23776412457016638	0.32413075967891586	0.6946837298615195	0.898640936355158	0.2825894933089674	0.5964768165176847
346	0.44813521029359293	0.8617273536820372	0.36287289284505375	0.45864051624459323	0.6998633271943545	0.7231545045237988	0.2858870998894951	0.3415168961848426	0.6588186709821869	0.657979682459867	0.5261944482970261	0.40796199061637756	0.7359970848120976	0.6619404209815468	0.18076405758508887	0.5022882007932635	0.6426243854719038	0.7928688451166196	0.2935294157427595	0.5848059543272657	0.18936158869569134	0.7816648478872739	0.9158846205521988	0.25886297164825717	0.8258454241861273	0.838344816512013	0.49478892927048146	0.5306488807915961	0.5211801364620127	0.3328942389370277	0.4107900945809495	0.2705391883343078	0.7823361050951623	0.2617423646147693	0.5578943753130567	0.18557814794047653	0.13440880473866637	0.6028907423742613	0.5244154065739183	0.352298170397157	0.3762861364104426	0.7920954632495742	0.5801345881057033	0.4676488881751854	0.23776412457016638	0.3241307596789162	0.6946837298615195	0.898640936355158	0.2825894933089675	0.5964768165176847
347	0.44813521029359293	0.8617273536820372	0.36287289284505375	0.4586405162445938	0.6998633271943546	0.7231545045237989	0.2858870998894955	0.3415168961848426	0.6588186709821869	0.6579796824598673	0.5261944482970256	0.407961990616377	0.7359970848120976	0.661940420981547	0.18076405758508893	0.5022882007932635	0.6426243854719035	0.7928688451166194	0.29352941574275954	0.5848059543272656	0.18936158869569134	0.7816648478872738	0.9158846205521988	0.25886297164825717	0.8258454241861275	0.8383448165120128	0.4947889292704814	0.530648880791596	0.5211801364620129	0.33289423893702774	0.41079009458094934	0.2705391883343079	0.7823361050951623	0.2617423646147693	0.557894375313057	0.18557814794047653	0.13440880473866632	0.6028907423742612	0.524415406573918	0.35229817039715694	0.37628613641044273	0.7920954632495741	0.5801345881057033	0.4676488881751856	0.23776412457016638	0.3241307596789166	0.6946837298615195	0.898640936355158	0.2825894933089675	0.5964768165176849
348	0.448135210293593	0.8617273536820372	0.3628728928450537	0.4586405162445942	0.6998633271943546	0.723154504523799	0.28588709988949584	0.3415168961848426	0.658818670982187	0.6579796824598673	0.5261944482970252	0.4079619906163765	0.7359970848120976	0.6619404209815473	0.18076405758508893	0.5022882007932636	0.6426243854719034	0.792868845116619	0.2935294157427596	0.5848059543272655	0.18936158869569136	0.7816648478872738	0.9158846205521988	0.25886297164825717	0.8258454241861275	0.8383448165120128	0.49478892927048135	0.530648880791596	0.5211801364620131	0.3328942389370278	0.41079009458094917	0.27053918833430807	0.7823361050951624	0.26174236461476935	0.5578943753130571	0.18557814794047653	0.13440880473866626	0.6028907423742611	0.5244154065739176	0.35229817039715694	0.37628613641044273	0.792095463249574	0.5801345881057033	0.4676488881751857	0.23776412457016644	0.32413075967891686	0.6946837298615195	0.898640936355158	0.28258949330896754	0.5964768165176849
349	0.448135210293593	0.8617273536820372	0.3628728928450537	0.45864051624459456	0.6998633271943548	0.7231545045237991	0.2858870998894961	0.3415168961848426	0.6588186709821872	0.6579796824598675	0.5261944482970248	0.407961990616376	0.7359970848120976	0.6619404209815474	0.18076405758508896	0.5022882007932636	0.6426243854719031	0.7928688451166188	0.2935294157427596	0.5848059543272655	0.18936158869569136	0.7816648478872738	0.9158846205521988	0.25886297164825717	0.8258454241861275	0.8383448165120126	0.49478892927048124	0.5306488807915959	0.5211801364620132	0.3328942389370278	0.41079009458094906	0.2705391883343081	0.7823361050951626	0.26174236461476935	0.5578943753130572	0.18557814794047658	0.1344088047386662	0.6028907423742611	0.5244154065739174	0.35229817039715683	0.37628613641044273	0.7920954632495739	0.5801345881057033	0.4676488881751858	0.23776412457016644	0.32413075967891714	0.6946837298615196	0.898640936355158	0.28258949330896754	0.5964768165176849
350	0.44813521029359304	0.8617273536820372	0.36287289284505364	0.45864051624459495	0.6998633271943548	0.7231545045237994	0.28588709988949645	0.3415168961848426	0.6588186709821872	0.6579796824598675	0.5261944482970244	0.4079619906163756	0.7359970848120976	0.6619404209815475	0.180764057585089	0.5022882007932636	0.6426243854719029	0.7928688451166186	0.29352941574275965	0.5848059543272655	0.18936158869569136	0.7816648478872736	0.9158846205521989	0.25886297164825717	0.8258454241861275	0.8383448165120125	0.4947889292704811	0.5306488807915958	0.5211801364620134	0.33289423893702785	0.4107900945809489	0.2705391883343083	0.7823361050951626	0.2617423646147694	0.5578943753130574	0.18557814794047658	0.1344088047386662	0.6028907423742609	0.524415406573917	0.35229817039715683	0.37628613641044273	0.7920954632495739	0.5801345881057033	0.46764888817518596	0.23776412457016646	0.3241307596789174	0.6946837298615196	0.898640936355158	0.28258949330896754	0.596476816517685
351	0.44813521029359304	0.8617273536820372	0.3628728928450536	0.45864051624459534	0.699863327194355	0.7231545045237995	0.28588709988949673	0.3415168961848426	0.6588186709821872	0.6579796824598676	0.526194448297024	0.4079619906163752	0.7359970848120977	0.6619404209815476	0.180764057585089	0.5022882007932638	0.6426243854719028	0.7928688451166184	0.29352941574275965	0.5848059543272653	0.18936158869569136	0.7816648478872736	0.9158846205521989	0.25886297164825717	0.8258454241861276	0.8383448165120123	0.49478892927048107	0.5306488807915958	0.5211801364620137	0.33289423893702785	0.4107900945809488	0.27053918833430834	0.7823361050951627	0.2617423646147694	0.5578943753130575	0.18557814794047658	0.13440880473866612	0.6028907423742609	0.5244154065739168	0.3522981703971568	0.3762861364104429	0.7920954632495737	0.5801345881057033	0.4676488881751861	0.23776412457016646	0.3241307596789177	0.6946837298615196	0.898640936355158	0.2825894933089676	0.596476816517685
352	0.44813521029359304	0.8617273536820372	0.36287289284505353	0.4586405162445956	0.6998633271943551	0.7231545045237995	0.285887099889497	0.3415168961848426	0.6588186709821872	0.6579796824598677	0.5261944482970238	0.40796199061637484	0.7359970848120977	0.6619404209815478	0.18076405758508904	0.5022882007932638	0.6426243854719028	0.7928688451166183	0.29352941574275965	0.5848059543272653	0.18936158869569136	0.7816648478872734	0.9158846205521989	0.25886297164825717	0.8258454241861276	0.8383448165120123	0.494788929270481	0.5306488807915957	0.5211801364620138	0.33289423893702785	0.41079009458094873	0.27053918833430846	0.7823361050951628	0.26174236461476946	0.5578943753130576	0.18557814794047658	0.13440880473866607	0.6028907423742609	0.5244154065739165	0.3522981703971568	0.3762861364104429	0.7920954632495736	0.5801345881057033	0.4676488881751862	0.23776412457016646	0.3241307596789179	0.6946837298615197	0.898640936355158	0.2825894933089676	0.596476816517685
353	0.44813521029359304	0.8617273536820372	0.36287289284505353	0.4586405162445959	0.6998633271943551	0.7231545045237996	0.2858870998894973	0.3415168961848426	0.6588186709821873	0.6579796824598678	0.5261944482970234	0.40796199061637445	0.7359970848120977	0.661940420981548	0.18076405758508904	0.5022882007932638	0.6426243854719026	0.7928688451166179	0.2935294157427597	0.5848059543272653	0.18936158869569136	0.7816648478872734	0.9158846205521989	0.25886297164825717	0.8258454241861276	0.8383448165120122	0.4947889292704809	0.5306488807915957	0.5211801364620139	0.3328942389370279	0.4107900945809486	0.2705391883343085	0.7823361050951628	0.26174236461476946	0.5578943753130577	0.18557814794047658	0.13440880473866607	0.6028907423742608	0.5244154065739163	0.3522981703971568	0.3762861364104429	0.7920954632495736	0.5801345881057033	0.4676488881751863	0.23776412457016655	0.32413075967891813	0.6946837298615197	0.898640936355158	0.28258949330896765	0.5964768165176851
354	0.44813521029359304	0.8617273536820372	0.36287289284505353	0.45864051624459623	0.6998633271943551	0.7231545045237997	0.2858870998894975	0.34151689618484266	0.6588186709821873	0.6579796824598678	0.5261944482970231	0.4079619906163741	0.7359970848120977	0.6619404209815481	0.18076405758508904	0.5022882007932639	0.6426243854719024	0.7928688451166178	0.2935294157427597	0.5848059543272652	0.18936158869569136	0.7816648478872734	0.9158846205521991	0.25886297164825717	0.8258454241861277	0.8383448165120122	0.4947889292704808	0.5306488807915956	0.521180136462014	0.3328942389370279	0.4107900945809485	0.27053918833430857	0.7823361050951629	0.26174236461476946	0.557894375313058	0.18557814794047658	0.134408804738666	0.6028907423742608	0.5244154065739159	0.3522981703971568	0.3762861364104429	0.7920954632495736	0.5801345881057033	0.46764888817518646	0.23776412457016655	0.32413075967891836	0.6946837298615197	0.898640936355158	0.28258949330896765	0.5964768165176852
355	0.44813521029359304	0.8617273536820372	0.36287289284505353	0.4586405162445965	0.6998633271943552	0.7231545045237997	0.2858870998894977	0.34151689618484266	0.6588186709821874	0.657979682459868	0.5261944482970229	0.40796199061637384	0.7359970848120977	0.6619404209815483	0.18076405758508904	0.5022882007932639	0.6426243854719024	0.7928688451166177	0.2935294157427597	0.5848059543272652	0.18936158869569142	0.7816648478872734	0.9158846205521991	0.25886297164825717	0.8258454241861277	0.838344816512012	0.4947889292704808	0.5306488807915956	0.5211801364620141	0.33289423893702796	0.4107900945809484	0.27053918833430873	0.782336105095163	0.26174236461476946	0.557894375313058	0.18557814794047658	0.13440880473866598	0.6028907423742608	0.5244154065739158	0.3522981703971568	0.3762861364104429	0.7920954632495735	0.5801345881057033	0.4676488881751866	0.23776412457016655	0.3241307596789186	0.6946837298615198	0.898640936355158	0.28258949330896765	0.5964768165176852
356	0.44813521029359304	0.8617273536820372	0.36287289284505353	0.45864051624459673	0.6998633271943553	0.7231545045237998	0.2858870998894979	0.34151689618484266	0.6588186709821874	0.657979682459868	0.5261944482970227	0.4079619906163735	0.7359970848120977	0.6619404209815484	0.1807640575850891	0.5022882007932639	0.6426243854719023	0.7928688451166174	0.29352941574275976	0.5848059543272652	0.18936158869569142	0.7816648478872734	0.9158846205521991	0.25886297164825717	0.8258454241861277	0.838344816512012	0.4947889292704807	0.5306488807915954	0.5211801364620141	0.33289423893702796	0.4107900945809483	0.27053918833430873	0.782336105095163	0.26174236461476946	0.5578943753130581	0.18557814794047658	0.13440880473866595	0.6028907423742607	0.5244154065739156	0.3522981703971567	0.3762861364104429	0.7920954632495735	0.5801345881057033	0.46764888817518663	0.23776412457016657	0.32413075967891875	0.6946837298615198	0.898640936355158	0.28258949330896765	0.5964768165176852
357	0.44813521029359304	0.8617273536820372	0.3628728928450535	0.45864051624459695	0.6998633271943553	0.7231545045237999	0.285887099889498	0.34151689618484266	0.6588186709821874	0.6579796824598682	0.5261944482970224	0.40796199061637317	0.7359970848120977	0.6619404209815484	0.1807640575850891	0.5022882007932639	0.642624385471902	0.7928688451166174	0.29352941574275976	0.5848059543272652	0.18936158869569142	0.7816648478872733	0.9158846205521991	0.25886297164825717	0.8258454241861277	0.8383448165120119	0.49478892927048057	0.5306488807915954	0.5211801364620142	0.332894238937028	0.4107900945809483	0.27053918833430884	0.782336105095163	0.2617423646147695	0.5578943753130582	0.18557814794047658	0.13440880473866593	0.6028907423742605	0.5244154065739153	0.3522981703971567	0.3762861364104429	0.7920954632495735	0.5801345881057033	0.4676488881751867	0.23776412457016657	0.3241307596789189	0.6946837298615198	0.898640936355158	0.2825894933089676	0.5964768165176852
358	0.44813521029359304	0.8617273536820372	0.36287289284505336	0.4586405162445972	0.6998633271943554	0.7231545045237999	0.2858870998894983	0.34151689618484266	0.6588186709821874	0.6579796824598682	0.5261944482970222	0.4079619906163729	0.7359970848120977	0.6619404209815486	0.18076405758508912	0.502288200793264	0.642624385471902	0.7928688451166171	0.29352941574275976	0.5848059543272652	0.18936158869569142	0.7816648478872733	0.9158846205521991	0.25886297164825717	0.8258454241861277	0.8383448165120119	0.4947889292704805	0.5306488807915954	0.5211801364620143	0.33289423893702796	0.4107900945809481	0.27053918833430884	0.7823361050951633	0.2617423646147695	0.5578943753130582	0.18557814794047658	0.1344088047386659	0.6028907423742605	0.5244154065739152	0.3522981703971567	0.376286136410443	0.7920954632495734	0.5801345881057033	0.4676488881751868	0.23776412457016657	0.32413075967891913	0.6946837298615199	0.898640936355158	0.2825894933089676	0.5964768165176852
359	0.4481352102935931	0.8617273536820372	0.36287289284505336	0.4586405162445974	0.6998633271943554	0.7231545045237999	0.2858870998894984	0.34151689618484266	0.6588186709821874	0.6579796824598682	0.526194448297022	0.4079619906163727	0.7359970848120977	0.6619404209815486	0.18076405758508912	0.502288200793264	0.6426243854719018	0.7928688451166171	0.2935294157427598	0.5848059543272652	0.18936158869569142	0.7816648478872733	0.9158846205521991	0.25886297164825717	0.8258454241861279	0.8383448165120118	0.49478892927048046	0.5306488807915954	0.5211801364620143	0.33289423893702796	0.4107900945809481	0.270539188334309	0.7823361050951634	0.2617423646147695	0.5578943753130583	0.18557814794047658	0.13440880473866587	0.6028907423742605	0.5244154065739149	0.3522981703971567	0.376286136410443	0.7920954632495734	0.5801345881057033	0.46764888817518685	0.2377641245701666	0.32413075967891924	0.6946837298615199	0.898640936355158	0.2825894933089676	0.5964768165176852
360	0.4481352102935931	0.8617273536820372	0.36287289284505336	0.45864051624459756	0.6998633271943555	0.7231545045238	0.28588709988949856	0.34151689618484266	0.6588186709821874	0.6579796824598683	0.5261944482970219	0.4079619906163724	0.7359970848120977	0.6619404209815488	0.18076405758508912	0.502288200793264	0.6426243854719018	0.7928688451166169	0.2935294157427598	0.5848059543272652	0.18936158869569142	0.7816648478872733	0.9158846205521991	0.25886297164825717	0.8258454241861279	0.8383448165120118	0.49478892927048035	0.5306488807915954	0.5211801364620144	0.332894238937028	0.41079009458094795	0.270539188334309	0.7823361050951634	0.2617423646147696	0.5578943753130583	0.18557814794047658	0.13440880473866587	0.6028907423742605	0.5244154065739147	0.35229817039715666	0.376286136410443	0.7920954632495734	0.5801345881057033	0.46764888817518696	0.2377641245701666	0.3241307596789194	0.6946837298615199	0.898640936355158	0.28258949330896765	0.5964768165176852
361	0.4481352102935931	0.8617273536820372	0.36287289284505336	0.45864051624459773	0.6998633271943555	0.7231545045238	0.28588709988949873	0.34151689618484266	0.6588186709821874	0.6579796824598684	0.5261944482970217	0.4079619906163722	0.7359970848120977	0.6619404209815488	0.18076405758508915	0.502288200793264	0.6426243854719017	0.7928688451166168	0.2935294157427598	0.5848059543272652	0.18936158869569142	0.7816648478872733	0.9158846205521991	0.25886297164825717	0.8258454241861279	0.8383448165120118	0.49478892927048035	0.5306488807915953	0.5211801364620144	0.332894238937028	0.41079009458094795	0.27053918833430907	0.7823361050951634	0.2617423646147696	0.5578943753130584	0.18557814794047658	0.13440880473866584	0.6028907423742605	0.5244154065739146	0.35229817039715666	0.376286136410443	0.7920954632495734	0.5801345881057033	0.467648888175187	0.2377641245701666	0.3241307596789195	0.69468372986152	0.898640936355158	0.28258949330896765	0.5964768165176852
362	0.4481352102935931	0.8617273536820372	0.36287289284505336	0.45864051624459795	0.6998633271943555	0.7231545045238	0.28588709988949884	0.34151689618484266	0.6588186709821874	0.6579796824598684	0.5261944482970216	0.40796199061637195	0.7359970848120977	0.661940420981549	0.18076405758508915	0.502288200793264	0.6426243854719017	0.7928688451166167	0.29352941574275987	0.5848059543272651	0.18936158869569142	0.7816648478872733	0.9158846205521993	0.25886297164825717	0.8258454241861279	0.8383448165120118	0.49478892927048024	0.5306488807915952	0.5211801364620144	0.3328942389370281	0.4107900945809479	0.2705391883343091	0.7823361050951635	0.2617423646147696	0.5578943753130585	0.18557814794047658	0.1344088047386658	0.6028907423742605	0.5244154065739144	0.35229817039715666	0.376286136410443	0.7920954632495734	0.5801345881057033	0.46764888817518707	0.2377641245701666	0.3241307596789197	0.69468372986152	0.898640936355158	0.28258949330896765	0.5964768165176852
363	0.4481352102935931	0.8617273536820371	0.36287289284505336	0.45864051624459806	0.6998633271943556	0.7231545045238001	0.28588709988949895	0.34151689618484266	0.6588186709821874	0.6579796824598684	0.5261944482970214	0.4079619906163718	0.7359970848120977	0.661940420981549	0.18076405758508915	0.502288200793264	0.6426243854719015	0.7928688451166166	0.29352941574275987	0.5848059543272651	0.18936158869569142	0.7816648478872732	0.9158846205521993	0.25886297164825717	0.8258454241861279	0.8383448165120118	0.4947889292704802	0.5306488807915952	0.5211801364620146	0.3328942389370281	0.4107900945809478	0.2705391883343091	0.7823361050951635	0.2617423646147696	0.5578943753130585	0.18557814794047658	0.13440880473866576	0.6028907423742605	0.5244154065739142	0.3522981703971566	0.37628613641044306	0.7920954632495734	0.5801345881057033	0.4676488881751871	0.23776412457016666	0.3241307596789198	0.69468372986152	0.898640936355158	0.28258949330896765	0.5964768165176852
364	0.4481352102935931	0.8617273536820371	0.36287289284505336	0.4586405162445982	0.6998633271943556	0.7231545045238001	0.28588709988949906	0.34151689618484266	0.6588186709821874	0.6579796824598685	0.5261944482970212	0.4079619906163716	0.7359970848120977	0.6619404209815491	0.18076405758508918	0.5022882007932641	0.6426243854719015	0.7928688451166166	0.29352941574275987	0.5848059543272651	0.18936158869569142	0.7816648478872732	0.9158846205521993	0.25886297164825717	0.8258454241861279	0.8383448165120115	0.4947889292704801	0.5306488807915952	0.5211801364620146	0.3328942389370281	0.4107900945809478	0.27053918833430923	0.7823361050951636	0.2617423646147696	0.5578943753130585	0.18557814794047658	0.13440880473866576	0.6028907423742605	0.5244154065739141	0.3522981703971566	0.37628613641044306	0.7920954632495734	0.5801345881057033	0.4676488881751872	0.23776412457016666	0.3241307596789199	0.6946837298615202	0.898640936355158	0.28258949330896765	0.5964768165176854
365	0.4481352102935931	0.8617273536820371	0.36287289284505336	0.45864051624459834	0.6998633271943556	0.7231545045238001	0.28588709988949923	0.34151689618484266	0.6588186709821874	0.6579796824598686	0.5261944482970211	0.4079619906163714	0.7359970848120977	0.6619404209815491	0.18076405758508918	0.5022882007932641	0.6426243854719014	0.7928688451166166	0.29352941574275987	0.584805954327265	0.18936158869569142	0.7816648478872732	0.9158846205521993	0.25886297164825717	0.8258454241861279	0.8383448165120115	0.49478892927048007	0.5306488807915952	0.5211801364620146	0.3328942389370281	0.41079009458094773	0.27053918833430923	0.7823361050951636	0.2617423646147696	0.5578943753130586	0.18557814794047658	0.13440880473866573	0.6028907423742605	0.524415406573914	0.3522981703971566	0.37628613641044306	0.7920954632495731	0.5801345881057033	0.4676488881751872	0.23776412457016666	0.32413075967892	0.6946837298615202	0.898640936355158	0.2825894933089677	0.5964768165176854
366	0.4481352102935931	0.8617273536820371	0.36287289284505336	0.45864051624459845	0.6998633271943557	0.7231545045238001	0.28588709988949934	0.34151689618484266	0.6588186709821875	0.6579796824598686	0.526194448297021	0.40796199061637123	0.7359970848120977	0.6619404209815491	0.18076405758508918	0.5022882007932641	0.6426243854719013	0.7928688451166164	0.2935294157427599	0.584805954327265	0.18936158869569142	0.7816648478872732	0.9158846205521993	0.25886297164825717	0.8258454241861279	0.8383448165120115	0.49478892927048	0.5306488807915952	0.5211801364620146	0.3328942389370281	0.4107900945809477	0.2705391883343093	0.7823361050951636	0.2617423646147696	0.5578943753130586	0.18557814794047658	0.13440880473866573	0.6028907423742605	0.5244154065739138	0.3522981703971566	0.37628613641044306	0.7920954632495731	0.5801345881057033	0.4676488881751873	0.23776412457016666	0.32413075967892013	0.6946837298615202	0.898640936355158	0.2825894933089677	0.5964768165176854
367	0.4481352102935931	0.8617273536820371	0.36287289284505336	0.45864051624459856	0.6998633271943557	0.7231545045238001	0.2858870998894994	0.34151689618484266	0.6588186709821875	0.6579796824598686	0.5261944482970209	0.4079619906163711	0.7359970848120977	0.6619404209815491	0.18076405758508918	0.5022882007932641	0.6426243854719013	0.7928688451166163	0.2935294157427599	0.584805954327265	0.18936158869569142	0.7816648478872732	0.9158846205521993	0.25886297164825717	0.825845424186128	0.8383448165120114	0.49478892927047996	0.5306488807915952	0.5211801364620147	0.3328942389370281	0.4107900945809476	0.2705391883343093	0.7823361050951638	0.2617423646147696	0.5578943753130586	0.18557814794047658	0.13440880473866573	0.6028907423742604	0.5244154065739137	0.3522981703971566	0.37628613641044306	0.7920954632495731	0.5801345881057033	0.46764888817518735	0.23776412457016666	0.3241307596789202	0.6946837298615202	0.8986409363551578	0.2825894933089677	0.5964768165176854
368	0.44813521029359316	0.8617273536820371	0.36287289284505325	0.45864051624459873	0.6998633271943557	0.7231545045238003	0.28588709988949956	0.34151689618484266	0.6588186709821875	0.6579796824598686	0.5261944482970208	0.40796199061637095	0.7359970848120977	0.6619404209815494	0.1807640575850892	0.5022882007932641	0.6426243854719013	0.7928688451166163	0.2935294157427599	0.584805954327265	0.18936158869569142	0.7816648478872732	0.9158846205521993	0.25886297164825717	0.825845424186128	0.8383448165120114	0.4947889292704799	0.5306488807915952	0.5211801364620147	0.3328942389370281	0.41079009458094756	0.27053918833430934	0.7823361050951638	0.2617423646147696	0.5578943753130587	0.18557814794047658	0.13440880473866568	0.6028907423742604	0.5244154065739135	0.3522981703971566	0.37628613641044306	0.7920954632495731	0.5801345881057033	0.4676488881751874	0.23776412457016666	0.32413075967892035	0.6946837298615203	0.8986409363551578	0.2825894933089677	0.5964768165176854
369	0.44813521029359316	0.8617273536820371	0.36287289284505325	0.45864051624459884	0.6998633271943557	0.7231545045238003	0.2858870998894996	0.34151689618484266	0.6588186709821875	0.6579796824598687	0.5261944482970207	0.4079619906163708	0.7359970848120977	0.6619404209815494	0.1807640575850892	0.5022882007932641	0.6426243854719011	0.7928688451166163	0.2935294157427599	0.584805954327265	0.18936158869569142	0.7816648478872732	0.9158846205521993	0.25886297164825706	0.825845424186128	0.8383448165120114	0.49478892927047985	0.5306488807915952	0.5211801364620147	0.33289423893702813	0.4107900945809475	0.2705391883343094	0.7823361050951638	0.2617423646147697	0.5578943753130587	0.18557814794047658	0.13440880473866568	0.6028907423742604	0.5244154065739134	0.3522981703971566	0.37628613641044306	0.7920954632495731	0.5801345881057033	0.46764888817518746	0.23776412457016669	0.3241307596789204	0.6946837298615203	0.8986409363551578	0.2825894933089677	0.5964768165176854
370	0.44813521029359316	0.8617273536820371	0.3628728928450532	0.45864051624459895	0.6998633271943557	0.7231545045238003	0.2858870998894997	0.34151689618484266	0.6588186709821875	0.6579796824598688	0.5261944482970206	0.4079619906163707	0.7359970848120977	0.6619404209815494	0.1807640575850892	0.5022882007932641	0.6426243854719011	0.7928688451166161	0.2935294157427599	0.584805954327265	0.18936158869569142	0.7816648478872732	0.9158846205521993	0.25886297164825706	0.825845424186128	0.8383448165120114	0.4947889292704798	0.5306488807915952	0.5211801364620147	0.33289423893702813	0.4107900945809475	0.2705391883343094	0.7823361050951638	0.2617423646147697	0.5578943753130587	0.18557814794047658	0.13440880473866568	0.6028907423742604	0.5244154065739134	0.3522981703971566	0.37628613641044306	0.7920954632495731	0.5801345881057033	0.46764888817518746	0.23776412457016669	0.32413075967892047	0.6946837298615203	0.8986409363551578	0.2825894933089677	0.5964768165176854
371	0.44813521029359316	0.8617273536820371	0.3628728928450532	0.45864051624459906	0.6998633271943557	0.7231545045238003	0.2858870998894998	0.34151689618484266	0.6588186709821875	0.6579796824598688	0.5261944482970204	0.40796199061637056	0.7359970848120977	0.6619404209815495	0.1807640575850892	0.5022882007932641	0.6426243854719011	0.7928688451166161	0.2935294157427599	0.584805954327265	0.18936158869569142	0.7816648478872732	0.9158846205521993	0.25886297164825706	0.825845424186128	0.8383448165120114	0.4947889292704798	0.5306488807915952	0.5211801364620147	0.33289423893702813	0.4107900945809475	0.27053918833430946	0.7823361050951639	0.2617423646147697	0.5578943753130587	0.18557814794047658	0.13440880473866565	0.6028907423742604	0.5244154065739133	0.3522981703971566	0.37628613641044306	0.7920954632495731	0.5801345881057033	0.4676488881751875	0.23776412457016669	0.3241307596789205	0.6946837298615204	0.8986409363551578	0.2825894933089677	0.5964768165176854
372	0.44813521029359316	0.8617273536820371	0.3628728928450532	0.4586405162445991	0.6998633271943558	0.7231545045238003	0.28588709988949984	0.34151689618484266	0.6588186709821875	0.6579796824598688	0.5261944482970204	0.4079619906163704	0.7359970848120977	0.6619404209815496	0.1807640575850892	0.5022882007932642	0.6426243854719009	0.792868845116616	0.2935294157427599	0.584805954327265	0.18936158869569142	0.7816648478872732	0.9158846205521993	0.25886297164825706	0.825845424186128	0.8383448165120114	0.4947889292704797	0.5306488807915952	0.5211801364620147	0.3328942389370282	0.4107900945809474	0.27053918833430946	0.7823361050951639	0.2617423646147697	0.5578943753130587	0.18557814794047658	0.13440880473866565	0.6028907423742604	0.5244154065739132	0.3522981703971566	0.37628613641044306	0.7920954632495731	0.5801345881057033	0.46764888817518757	0.23776412457016669	0.32413075967892063	0.6946837298615204	0.8986409363551578	0.2825894933089677	0.5964768165176854
373	0.44813521029359316	0.8617273536820371	0.3628728928450532	0.45864051624459923	0.6998633271943558	0.7231545045238004	0.2858870998894999	0.34151689618484266	0.6588186709821875	0.6579796824598688	0.5261944482970203	0.40796199061637023	0.7359970848120977	0.6619404209815496	0.1807640575850892	0.5022882007932642	0.6426243854719009	0.792868845116616	0.2935294157427599	0.584805954327265	0.18936158869569142	0.7816648478872732	0.9158846205521993	0.25886297164825706	0.825845424186128	0.8383448165120114	0.4947889292704797	0.5306488807915952	0.5211801364620147	0.3328942389370282	0.41079009458094734	0.2705391883343095	0.7823361050951639	0.2617423646147697	0.5578943753130587	0.18557814794047658	0.13440880473866565	0.6028907423742604	0.524415406573913	0.3522981703971566	0.37628613641044306	0.7920954632495731	0.5801345881057033	0.46764888817518757	0.23776412457016669	0.32413075967892074	0.6946837298615204	0.8986409363551578	0.2825894933089677	0.5964768165176854
374	0.44813521029359316	0.8617273536820371	0.3628728928450532	0.45864051624459923	0.6998633271943558	0.7231545045238004	0.2858870998895	0.34151689618484266	0.6588186709821875	0.6579796824598688	0.5261944482970202	0.40796199061637023	0.7359970848120977	0.6619404209815496	0.18076405758508926	0.5022882007932642	0.6426243854719009	0.792868845116616	0.2935294157427599	0.584805954327265	0.18936158869569142	0.7816648478872732	0.9158846205521994	0.25886297164825706	0.825845424186128	0.8383448165120114	0.4947889292704797	0.5306488807915952	0.5211801364620147	0.3328942389370282	0.41079009458094734	0.27053918833430957	0.7823361050951639	0.2617423646147697	0.5578943753130589	0.18557814794047658	0.13440880473866562	0.6028907423742604	0.524415406573913	0.3522981703971566	0.37628613641044306	0.7920954632495731	0.5801345881057033	0.46764888817518757	0.23776412457016669	0.3241307596789208	0.6946837298615204	0.8986409363551578	0.2825894933089677	0.5964768165176854
375	0.44813521029359316	0.8617273536820371	0.3628728928450532	0.45864051624459934	0.699863327194356	0.7231545045238004	0.2858870998895	0.34151689618484266	0.6588186709821875	0.6579796824598688	0.5261944482970202	0.40796199061637006	0.7359970848120977	0.6619404209815496	0.18076405758508926	0.5022882007932642	0.6426243854719009	0.7928688451166158	0.2935294157427599	0.584805954327265	0.18936158869569142	0.7816648478872732	0.9158846205521994	0.25886297164825706	0.825845424186128	0.8383448165120112	0.4947889292704795	0.5306488807915952	0.5211801364620148	0.3328942389370282	0.41079009458094734	0.2705391883343095	0.7823361050951639	0.2617423646147697	0.5578943753130589	0.18557814794047658	0.13440880473866562	0.6028907423742604	0.5244154065739128	0.3522981703971566	0.37628613641044306	0.7920954632495731	0.5801345881057033	0.46764888817518757	0.23776412457016669	0.3241307596789208	0.6946837298615204	0.8986409363551578	0.2825894933089677	0.5964768165176854
376	0.44813521029359316	0.8617273536820371	0.3628728928450532	0.45864051624459945	0.699863327194356	0.7231545045238004	0.28588709988950006	0.34151689618484266	0.6588186709821875	0.6579796824598689	0.5261944482970201	0.40796199061637	0.7359970848120977	0.6619404209815497	0.18076405758508926	0.5022882007932642	0.6426243854719008	0.7928688451166158	0.2935294157427599	0.584805954327265	0.18936158869569142	0.7816648478872732	0.9158846205521994	0.25886297164825706	0.825845424186128	0.8383448165120112	0.4947889292704795	0.5306488807915952	0.5211801364620148	0.3328942389370282	0.41079009458094734	0.2705391883343095	0.7823361050951639	0.26174236461476974	0.5578943753130589	0.18557814794047658	0.13440880473866557	0.6028907423742604	0.5244154065739127	0.3522981703971566	0.37628613641044306	0.7920954632495731	0.5801345881057033	0.4676488881751877	0.23776412457016669	0.3241307596789209	0.6946837298615205	0.8986409363551578	0.2825894933089677	0.5964768165176854
377	0.44813521029359316	0.8617273536820371	0.3628728928450532	0.4586405162445995	0.699863327194356	0.7231545045238004	0.2858870998895001	0.34151689618484266	0.6588186709821875	0.6579796824598689	0.52619444829702	0.4079619906163699	0.7359970848120977	0.6619404209815497	0.18076405758508926	0.5022882007932642	0.6426243854719008	0.7928688451166158	0.2935294157427599	0.584805954327265	0.18936158869569142	0.7816648478872732	0.9158846205521994	0.25886297164825706	0.825845424186128	0.8383448165120112	0.4947889292704795	0.5306488807915952	0.5211801364620148	0.3328942389370282	0.4107900945809473	0.27053918833430957	0.782336105095164	0.26174236461476974	0.5578943753130589	0.18557814794047658	0.13440880473866557	0.6028907423742604	0.5244154065739127	0.3522981703971566	0.37628613641044306	0.7920954632495731	0.5801345881057033	0.4676488881751877	0.23776412457016669	0.32413075967892097	0.6946837298615205	0.8986409363551578	0.2825894933089677	0.5964768165176854
378	0.44813521029359316	0.8617273536820371	0.3628728928450532	0.45864051624459956	0.699863327194356	0.7231545045238004	0.2858870998895002	0.34151689618484266	0.6588186709821875	0.6579796824598689	0.52619444829702	0.4079619906163698	0.7359970848120977	0.6619404209815498	0.18076405758508926	0.5022882007932642	0.6426243854719007	0.7928688451166157	0.29352941574276	0.584805954327265	0.18936158869569142	0.7816648478872732	0.9158846205521994	0.25886297164825706	0.825845424186128	0.8383448165120112	0.49478892927047946	0.5306488807915951	0.5211801364620148	0.3328942389370282	0.4107900945809473	0.2705391883343096	0.782336105095164	0.26174236461476974	0.5578943753130589	0.18557814794047658	0.13440880473866557	0.6028907423742604	0.5244154065739126	0.3522981703971566	0.37628613641044306	0.7920954632495731	0.5801345881057033	0.4676488881751877	0.23776412457016674	0.32413075967892097	0.6946837298615205	0.8986409363551578	0.28258949330896777	0.5964768165176854
379	0.44813521029359316	0.8617273536820371	0.3628728928450532	0.4586405162445996	0.699863327194356	0.7231545045238004	0.28588709988950023	0.34151689618484266	0.6588186709821875	0.6579796824598689	0.5261944482970199	0.4079619906163698	0.7359970848120977	0.6619404209815498	0.18076405758508926	0.5022882007932642	0.6426243854719007	0.7928688451166157	0.29352941574276	0.584805954327265	0.18936158869569142	0.7816648478872732	0.9158846205521994	0.25886297164825706	0.825845424186128	0.8383448165120112	0.4947889292704794	0.5306488807915951	0.5211801364620148	0.3328942389370282	0.41079009458094723	0.2705391883343097	0.782336105095164	0.26174236461476974	0.5578943753130589	0.18557814794047658	0.13440880473866557	0.6028907423742604	0.5244154065739126	0.3522981703971566	0.37628613641044306	0.7920954632495731	0.5801345881057033	0.4676488881751877	0.23776412457016674	0.324130759678921	0.6946837298615205	0.8986409363551578	0.28258949330896777	0.5964768165176854
380	0.44813521029359316	0.8617273536820371	0.3628728928450532	0.4586405162445996	0.699863327194356	0.7231545045238004	0.2858870998895003	0.34151689618484266	0.6588186709821875	0.6579796824598689	0.5261944482970199	0.4079619906163696	0.7359970848120977	0.6619404209815498	0.18076405758508926	0.5022882007932642	0.6426243854719007	0.7928688451166157	0.29352941574276	0.584805954327265	0.18936158869569142	0.7816648478872732	0.9158846205521994	0.25886297164825706	0.825845424186128	0.8383448165120112	0.4947889292704794	0.5306488807915951	0.5211801364620148	0.3328942389370282	0.41079009458094723	0.2705391883343097	0.7823361050951642	0.26174236461476974	0.5578943753130589	0.18557814794047658	0.13440880473866557	0.6028907423742604	0.5244154065739125	0.3522981703971566	0.37628613641044306	0.7920954632495731	0.5801345881057033	0.4676488881751877	0.23776412457016674	0.3241307596789211	0.6946837298615205	0.8986409363551578	0.28258949330896777	0.5964768165176854
381	0.44813521029359316	0.8617273536820371	0.3628728928450532	0.4586405162445997	0.699863327194356	0.7231545045238004	0.2858870998895003	0.34151689618484266	0.6588186709821875	0.6579796824598689	0.5261944482970198	0.4079619906163696	0.7359970848120977	0.6619404209815498	0.18076405758508926	0.5022882007932642	0.6426243854719007	0.7928688451166157	0.29352941574276	0.584805954327265	0.18936158869569142	0.7816648478872732	0.9158846205521994	0.25886297164825706	0.825845424186128	0.8383448165120112	0.4947889292704794	0.5306488807915951	0.5211801364620148	0.3328942389370282	0.4107900945809472	0.2705391883343097	0.7823361050951642	0.26174236461476974	0.5578943753130589	0.18557814794047658	0.13440880473866557	0.6028907423742604	0.5244154065739125	0.35229817039715655	0.37628613641044306	0.792095463249573	0.5801345881057033	0.46764888817518774	0.23776412457016674	0.32413075967892113	0.6946837298615205	0.8986409363551578	0.28258949330896777	0.5964768165176854
382	0.44813521029359316	0.8617273536820371	0.3628728928450532	0.4586405162445997	0.699863327194356	0.7231545045238004	0.28588709988950034	0.34151689618484266	0.6588186709821876	0.6579796824598689	0.5261944482970198	0.40796199061636956	0.7359970848120977	0.6619404209815498	0.18076405758508932	0.5022882007932642	0.6426243854719007	0.7928688451166157	0.29352941574276	0.584805954327265	0.18936158869569142	0.7816648478872732	0.9158846205521994	0.25886297164825706	0.825845424186128	0.8383448165120112	0.49478892927047935	0.5306488807915951	0.5211801364620148	0.3328942389370282	0.4107900945809472	0.2705391883343097	0.7823361050951642	0.26174236461476974	0.557894375313059	0.18557814794047658	0.13440880473866557	0.6028907423742604	0.5244154065739124	0.35229817039715655	0.37628613641044306	0.792095463249573	0.5801345881057033	0.46764888817518785	0.23776412457016674	0.32413075967892113	0.6946837298615205	0.8986409363551578	0.28258949330896777	0.5964768165176854
383	0.44813521029359316	0.8617273536820371	0.3628728928450532	0.45864051624459984	0.699863327194356	0.7231545045238004	0.2858870998895004	0.34151689618484266	0.6588186709821876	0.6579796824598689	0.5261944482970198	0.40796199061636945	0.7359970848120977	0.6619404209815499	0.18076405758508932	0.5022882007932642	0.6426243854719007	0.7928688451166157	0.29352941574276004	0.584805954327265	0.18936158869569142	0.7816648478872732	0.9158846205521994	0.25886297164825706	0.825845424186128	0.8383448165120112	0.4947889292704793	0.5306488807915951	0.5211801364620148	0.3328942389370282	0.4107900945809472	0.2705391883343097	0.7823361050951642	0.26174236461476974	0.557894375313059	0.18557814794047658	0.13440880473866554	0.6028907423742604	0.5244154065739123	0.35229817039715655	0.37628613641044306	0.792095463249573	0.5801345881057033	0.46764888817518785	0.23776412457016674	0.32413075967892124	0.6946837298615205	0.8986409363551578	0.28258949330896777	0.5964768165176854
384	0.44813521029359316	0.8617273536820371	0.3628728928450532	0.4586405162445999	0.699863327194356	0.7231545045238004	0.28588709988950045	0.34151689618484266	0.6588186709821876	0.6579796824598689	0.5261944482970197	0.40796199061636945	0.7359970848120977	0.6619404209815499	0.18076405758508932	0.5022882007932642	0.6426243854719007	0.7928688451166157	0.29352941574276004	0.584805954327265	0.18936158869569142	0.7816648478872732	0.9158846205521994	0.25886297164825706	0.825845424186128	0.8383448165120112	0.4947889292704793	0.5306488807915951	0.5211801364620148	0.3328942389370282	0.4107900945809472	0.2705391883343097	0.7823361050951642	0.26174236461476974	0.557894375313059	0.18557814794047658	0.13440880473866554	0.6028907423742604	0.5244154065739123	0.35229817039715655	0.37628613641044306	0.792095463249573	0.5801345881057033	0.46764888817518785	0.23776412457016674	0.32413075967892124	0.6946837298615205	0.8986409363551578	0.28258949330896777	0.5964768165176854
385	0.44813521029359316	0.8617273536820371	0.3628728928450532	0.4586405162445999	0.699863327194356	0.7231545045238004	0.28588709988950045	0.34151689618484266	0.6588186709821876	0.6579796824598689	0.5261944482970197	0.40796199061636934	0.7359970848120977	0.6619404209815499	0.18076405758508932	0.5022882007932642	0.6426243854719006	0.7928688451166156	0.29352941574276004	0.584805954327265	0.18936158869569142	0.7816648478872732	0.9158846205521994	0.25886297164825706	0.825845424186128	0.8383448165120112	0.4947889292704793	0.5306488807915951	0.5211801364620148	0.3328942389370282	0.4107900945809472	0.27053918833430973	0.7823361050951642	0.26174236461476974	0.5578943753130591	0.18557814794047658	0.13440880473866554	0.6028907423742604	0.5244154065739123	0.35229817039715655	0.37628613641044306	0.792095463249573	0.5801345881057033	0.46764888817518785	0.23776412457016674	0.32413075967892124	0.6946837298615205	0.8986409363551578	0.28258949330896777	0.5964768165176854
386	0.44813521029359316	0.8617273536820371	0.3628728928450532	0.4586405162445999	0.6998633271943561	0.7231545045238004	0.2858870998895005	0.34151689618484266	0.6588186709821876	0.6579796824598689	0.5261944482970197	0.4079619906163693	0.7359970848120977	0.6619404209815499	0.18076405758508932	0.5022882007932642	0.6426243854719006	0.7928688451166156	0.29352941574276004	0.584805954327265	0.18936158869569142	0.7816648478872732	0.9158846205521994	0.25886297164825706	0.825845424186128	0.8383448165120112	0.4947889292704793	0.5306488807915951	0.5211801364620148	0.3328942389370282	0.4107900945809471	0.27053918833430973	0.7823361050951642	0.26174236461476974	0.5578943753130591	0.18557814794047658	0.13440880473866554	0.6028907423742604	0.5244154065739122	0.35229817039715655	0.37628613641044306	0.792095463249573	0.5801345881057033	0.46764888817518785	0.23776412457016674	0.32413075967892135	0.6946837298615205	0.8986409363551578	0.28258949330896777	0.5964768165176854
387	0.44813521029359316	0.8617273536820371	0.36287289284505314	0.4586405162446	0.6998633271943561	0.7231545045238004	0.2858870998895005	0.34151689618484266	0.6588186709821876	0.6579796824598689	0.5261944482970196	0.40796199061636923	0.7359970848120977	0.6619404209815499	0.18076405758508932	0.5022882007932642	0.6426243854719006	0.7928688451166156	0.29352941574276004	0.584805954327265	0.18936158869569142	0.7816648478872732	0.9158846205521994	0.25886297164825706	0.825845424186128	0.8383448165120112	0.49478892927047924	0.5306488807915951	0.5211801364620148	0.3328942389370282	0.41079009458094706	0.27053918833430973	0.7823361050951642	0.26174236461476974	0.5578943753130591	0.18557814794047658	0.13440880473866554	0.6028907423742604	0.5244154065739122	0.35229817039715655	0.37628613641044306	0.792095463249573	0.5801345881057033	0.46764888817518785	0.23776412457016674	0.32413075967892135	0.6946837298615205	0.8986409363551578	0.28258949330896777	0.5964768165176854
388	0.44813521029359316	0.8617273536820371	0.36287289284505314	0.4586405162446	0.6998633271943561	0.7231545045238004	0.2858870998895005	0.34151689618484266	0.6588186709821876	0.6579796824598689	0.5261944482970196	0.4079619906163692	0.7359970848120977	0.6619404209815499	0.18076405758508932	0.5022882007932643	0.6426243854719006	0.7928688451166156	0.29352941574276004	0.584805954327265	0.18936158869569142	0.7816648478872732	0.9158846205521994	0.25886297164825706	0.825845424186128	0.8383448165120112	0.49478892927047924	0.5306488807915951	0.5211801364620148	0.3328942389370282	0.41079009458094706	0.27053918833430973	0.7823361050951642	0.26174236461476974	0.5578943753130591	0.18557814794047658	0.13440880473866554	0.6028907423742604	0.5244154065739122	0.35229817039715655	0.37628613641044306	0.792095463249573	0.5801345881057033	0.4676488881751879	0.23776412457016674	0.32413075967892135	0.6946837298615205	0.8986409363551578	0.28258949330896777	0.5964768165176854
389	0.44813521029359316	0.8617273536820371	0.36287289284505314	0.4586405162446	0.6998633271943561	0.7231545045238004	0.28588709988950056	0.34151689618484266	0.6588186709821876	0.657979682459869	0.5261944482970196	0.4079619906163692	0.7359970848120977	0.6619404209815499	0.18076405758508932	0.5022882007932643	0.6426243854719006	0.7928688451166156	0.29352941574276004	0.584805954327265	0.18936158869569142	0.7816648478872732	0.9158846205521994	0.25886297164825706	0.825845424186128	0.8383448165120112	0.4947889292704792	0.5306488807915951	0.5211801364620148	0.3328942389370282	0.41079009458094706	0.2705391883343098	0.7823361050951642	0.26174236461476974	0.5578943753130591	0.18557814794047658	0.13440880473866554	0.6028907423742604	0.5244154065739121	0.35229817039715655	0.37628613641044306	0.792095463249573	0.5801345881057033	0.4676488881751879	0.23776412457016674	0.3241307596789214	0.6946837298615205	0.8986409363551578	0.28258949330896777	0.5964768165176854
390	0.44813521029359316	0.8617273536820371	0.36287289284505314	0.45864051624460006	0.6998633271943561	0.7231545045238004	0.2858870998895006	0.34151689618484266	0.6588186709821876	0.657979682459869	0.5261944482970194	0.4079619906163691	0.7359970848120977	0.6619404209815499	0.18076405758508932	0.5022882007932643	0.6426243854719006	0.7928688451166156	0.29352941574276004	0.584805954327265	0.18936158869569142	0.7816648478872732	0.9158846205521994	0.25886297164825706	0.825845424186128	0.8383448165120111	0.4947889292704792	0.5306488807915951	0.5211801364620148	0.33289423893702824	0.41079009458094706	0.2705391883343098	0.7823361050951642	0.26174236461476974	0.5578943753130591	0.18557814794047658	0.13440880473866554	0.6028907423742604	0.5244154065739121	0.35229817039715655	0.37628613641044306	0.792095463249573	0.5801345881057033	0.46764888817518796	0.23776412457016674	0.3241307596789214	0.6946837298615205	0.8986409363551578	0.28258949330896777	0.5964768165176854
391	0.44813521029359316	0.8617273536820371	0.36287289284505314	0.4586405162446001	0.6998633271943561	0.7231545045238004	0.2858870998895006	0.34151689618484266	0.6588186709821876	0.657979682459869	0.5261944482970194	0.40796199061636906	0.7359970848120977	0.6619404209815499	0.18076405758508932	0.5022882007932643	0.6426243854719006	0.7928688451166154	0.29352941574276004	0.584805954327265	0.18936158869569142	0.7816648478872732	0.9158846205521994	0.25886297164825706	0.825845424186128	0.8383448165120111	0.4947889292704792	0.5306488807915951	0.5211801364620148	0.33289423893702824	0.41079009458094706	0.2705391883343098	0.7823361050951642	0.26174236461476974	0.5578943753130591	0.18557814794047658	0.13440880473866554	0.6028907423742604	0.5244154065739121	0.35229817039715655	0.37628613641044306	0.792095463249573	0.5801345881057033	0.46764888817518796	0.23776412457016674	0.3241307596789214	0.6946837298615205	0.8986409363551578	0.28258949330896777	0.5964768165176854
392	0.44813521029359316	0.8617273536820371	0.36287289284505314	0.4586405162446001	0.6998633271943561	0.7231545045238004	0.2858870998895007	0.34151689618484266	0.6588186709821876	0.657979682459869	0.5261944482970194	0.407961990616369	0.7359970848120977	0.66194042098155	0.18076405758508932	0.5022882007932643	0.6426243854719005	0.7928688451166154	0.29352941574276004	0.5848059543272649	0.18936158869569142	0.7816648478872732	0.9158846205521994	0.25886297164825706	0.825845424186128	0.8383448165120111	0.4947889292704792	0.5306488807915951	0.5211801364620148	0.33289423893702824	0.41079009458094706	0.2705391883343098	0.7823361050951642	0.26174236461476974	0.5578943753130591	0.18557814794047658	0.13440880473866554	0.6028907423742604	0.524415406573912	0.35229817039715655	0.37628613641044306	0.792095463249573	0.5801345881057033	0.46764888817518796	0.23776412457016674	0.32413075967892147	0.6946837298615205	0.8986409363551578	0.28258949330896777	0.5964768165176854
393	0.44813521029359316	0.8617273536820371	0.36287289284505314	0.4586405162446001	0.6998633271943561	0.7231545045238004	0.2858870998895007	0.34151689618484266	0.6588186709821876	0.657979682459869	0.5261944482970194	0.407961990616369	0.7359970848120977	0.66194042098155	0.18076405758508932	0.5022882007932643	0.6426243854719005	0.7928688451166154	0.29352941574276004	0.5848059543272649	0.18936158869569142	0.7816648478872732	0.9158846205521994	0.25886297164825706	0.825845424186128	0.8383448165120111	0.4947889292704792	0.5306488807915951	0.5211801364620148	0.33289423893702824	0.41079009458094706	0.2705391883343098	0.7823361050951643	0.26174236461476974	0.5578943753130591	0.18557814794047658	0.13440880473866554	0.6028907423742604	0.524415406573912	0.35229817039715655	0.37628613641044306	0.792095463249573	0.5801345881057033	0.46764888817518796	0.23776412457016674	0.3241307596789215	0.6946837298615205	0.8986409363551578	0.28258949330896777	0.5964768165176854
394	0.44813521029359316	0.8617273536820371	0.36287289284505314	0.45864051624460017	0.6998633271943561	0.7231545045238005	0.2858870998895007	0.34151689618484266	0.6588186709821876	0.6579796824598692	0.5261944482970194	0.40796199061636895	0.7359970848120977	0.66194042098155	0.18076405758508932	0.5022882007932643	0.6426243854719005	0.7928688451166154	0.29352941574276004	0.5848059543272649	0.18936158869569142	0.7816648478872732	0.9158846205521994	0.25886297164825706	0.825845424186128	0.8383448165120111	0.4947889292704791	0.5306488807915951	0.5211801364620148	0.33289423893702824	0.41079009458094706	0.2705391883343098	0.7823361050951643	0.26174236461476974	0.5578943753130591	0.18557814794047658	0.13440880473866548	0.6028907423742604	0.524415406573912	0.35229817039715655	0.37628613641044306	0.792095463249573	0.5801345881057033	0.46764888817518796	0.23776412457016674	0.3241307596789215	0.6946837298615205	0.8986409363551578	0.28258949330896777	0.5964768165176854
395	0.44813521029359316	0.8617273536820371	0.36287289284505314	0.4586405162446002	0.6998633271943561	0.7231545045238005	0.28588709988950073	0.34151689618484266	0.6588186709821876	0.6579796824598692	0.5261944482970194	0.4079619906163689	0.7359970848120977	0.66194042098155	0.18076405758508932	0.5022882007932643	0.6426243854719005	0.7928688451166154	0.29352941574276004	0.5848059543272649	0.18936158869569142	0.7816648478872732	0.9158846205521994	0.25886297164825706	0.825845424186128	0.8383448165120111	0.4947889292704791	0.5306488807915951	0.5211801364620148	0.33289423893702824	0.410790094580947	0.2705391883343098	0.7823361050951643	0.26174236461476974	0.5578943753130591	0.18557814794047658	0.13440880473866548	0.6028907423742604	0.524415406573912	0.35229817039715655	0.37628613641044306	0.792095463249573	0.5801345881057033	0.46764888817518796	0.23776412457016674	0.3241307596789216	0.6946837298615205	0.8986409363551578	0.28258949330896777	0.5964768165176854
396	0.44813521029359316	0.8617273536820371	0.36287289284505314	0.4586405162446002	0.6998633271943562	0.7231545045238005	0.28588709988950073	0.34151689618484266	0.6588186709821876	0.6579796824598692	0.5261944482970193	0.40796199061636884	0.7359970848120977	0.66194042098155	0.18076405758508932	0.5022882007932643	0.6426243854719004	0.7928688451166154	0.29352941574276004	0.5848059543272649	0.18936158869569142	0.7816648478872732	0.9158846205521994	0.25886297164825706	0.825845424186128	0.8383448165120111	0.4947889292704791	0.5306488807915951	0.5211801364620148	0.33289423893702824	0.410790094580947	0.2705391883343098	0.7823361050951643	0.26174236461476974	0.5578943753130591	0.18557814794047658	0.13440880473866548	0.6028907423742604	0.524415406573912	0.35229817039715655	0.37628613641044306	0.792095463249573	0.5801345881057033	0.46764888817518796	0.23776412457016674	0.3241307596789216	0.6946837298615205	0.8986409363551578	0.28258949330896777	0.5964768165176854
397	0.44813521029359316	0.8617273536820371	0.36287289284505314	0.4586405162446003	0.6998633271943562	0.7231545045238005	0.28588709988950073	0.34151689618484266	0.6588186709821876	0.6579796824598692	0.5261944482970193	0.40796199061636884	0.7359970848120977	0.6619404209815501	0.18076405758508932	0.5022882007932643	0.6426243854719004	0.7928688451166154	0.29352941574276004	0.5848059543272649	0.18936158869569142	0.7816648478872732	0.9158846205521994	0.25886297164825706	0.825845424186128	0.8383448165120111	0.49478892927047907	0.5306488807915951	0.5211801364620148	0.33289423893702824	0.410790094580947	0.2705391883343098	0.7823361050951643	0.26174236461476974	0.5578943753130591	0.18557814794047658	0.13440880473866548	0.6028907423742604	0.5244154065739118	0.35229817039715655	0.37628613641044306	0.792095463249573	0.5801345881057033	0.46764888817518796	0.23776412457016674	0.3241307596789216	0.6946837298615206	0.8986409363551578	0.28258949330896777	0.5964768165176854
398	0.44813521029359316	0.8617273536820371	0.36287289284505314	0.4586405162446003	0.6998633271943562	0.7231545045238005	0.28588709988950073	0.34151689618484266	0.6588186709821876	0.6579796824598692	0.5261944482970193	0.40796199061636884	0.7359970848120977	0.6619404209815501	0.18076405758508932	0.5022882007932643	0.6426243854719004	0.7928688451166154	0.29352941574276004	0.5848059543272649	0.18936158869569142	0.7816648478872732	0.9158846205521994	0.25886297164825706	0.825845424186128	0.8383448165120111	0.49478892927047907	0.5306488807915951	0.5211801364620148	0.33289423893702824	0.410790094580947	0.2705391883343098	0.7823361050951643	0.26174236461476974	0.5578943753130591	0.18557814794047658	0.13440880473866548	0.6028907423742604	0.5244154065739117	0.35229817039715655	0.37628613641044306	0.792095463249573	0.5801345881057033	0.46764888817518796	0.23776412457016674	0.3241307596789216	0.6946837298615206	0.8986409363551578	0.28258949330896777	0.5964768165176854
399	0.44813521029359316	0.8617273536820371	0.36287289284505314	0.4586405162446003	0.6998633271943562	0.7231545045238005	0.28588709988950073	0.34151689618484266	0.6588186709821876	0.6579796824598692	0.5261944482970193	0.40796199061636884	0.7359970848120977	0.6619404209815501	0.18076405758508932	0.5022882007932643	0.6426243854719004	0.7928688451166154	0.29352941574276004	0.5848059543272649	0.18936158869569142	0.7816648478872732	0.9158846205521994	0.25886297164825706	0.825845424186128	0.8383448165120111	0.49478892927047907	0.5306488807915951	0.5211801364620148	0.33289423893702824	0.410790094580947	0.2705391883343098	0.7823361050951643	0.26174236461476974	0.5578943753130591	0.18557814794047658	0.13440880473866548	0.6028907423742604	0.5244154065739117	0.35229817039715655	0.37628613641044306	0.792095463249573	0.5801345881057033	0.46764888817518796	0.23776412457016674	0.3241307596789216	0.6946837298615206	0.8986409363551578	0.28258949330896777	0.5964768165176854
400	0.44813521029359316	0.8617273536820371	0.36287289284505314	0.4586405162446003	0.6998633271943562	0.7231545045238005	0.28588709988950073	0.34151689618484266	0.6588186709821876	0.6579796824598692	0.5261944482970193	0.40796199061636884	0.7359970848120977	0.6619404209815501	0.18076405758508932	0.5022882007932643	0.6426243854719004	0.7928688451166154	0.29352941574276004	0.5848059543272649	0.18936158869569142	0.7816648478872732	0.9158846205521994	0.25886297164825706	0.825845424186128	0.8383448165120111	0.49478892927047907	0.5306488807915951	0.5211801364620148	0.33289423893702824	0.41079009458094695	0.27053918833430984	0.7823361050951643	0.26174236461476974	0.5578943753130591	0.18557814794047658	0.13440880473866548	0.6028907423742604	0.5244154065739117	0.35229817039715655	0.37628613641044306	0.792095463249573	0.5801345881057033	0.467648888175188	0.23776412457016674	0.3241307596789216	0.6946837298615206	0.8986409363551578	0.28258949330896777	0.5964768165176854
