time	gene_0	gene_1	gene_2	gene_3	gene_4	gene_5	gene_6	gene_7	gene_8	gene_9	gene_10	gene_11	gene_12	gene_13	gene_14	gene_15	gene_16	gene_17	gene_18	gene_19	gene_20	gene_21	gene_22	gene_23	gene_24	gene_25	gene_26	gene_27	gene_28	gene_29	gene_30	gene_31	gene_32	gene_33	gene_34	gene_35	gene_36	gene_37	gene_38	gene_39	gene_40	gene_41	gene_42	gene_43	gene_44	gene_45	gene_46	gene_47	gene_48	gene_49
0	0.3422798120626435	0.47029266261299907	0.36966340459395947	0.21687939798299388	0.49714165192157184	0.5647176046486228	0.5409654707460927	0.6383540072551701	0.3057064951643321	0.730802257593224	0.4716181832868011	0.47804581768385473	0.25195705860190315	0.7557261739676836	0.5529790533671551	0.7378884755619828	0.2486752641825152	0.5720597884786377	0.705214848490937	0.3261670029799906	0.61342545481433	0.23867112337182028	0.2344038250164876	0.43200634980781694	0.7842597079533822	0.47341963474104337	0.8471621755957596	0.794778778642366	0.11327124811335333	0.935892564868766	0.7643277173681203	0.5567969724037812	0.08750453143614614	0.6374433791231718	0.4631501712311695	0.5543706733728273	0.9126412846444883	0.7236762268693241	0.3072155686521102	0.6280660249502537	0.2889597053285939	0.40962813031864426	0.24209023529371676	0.27029755963574575	0.7670109124700031	0.3287761232292378	0.5875001625073346	0.5506728110134038	0.9211887607507829	0.4149864285551311
1	0.3366347193123236	0.462160475507449	0.377253744942551	0.21378361627276865	0.49557394429744794	0.5736550803604531	0.5393509026442692	0.6669891420095433	0.3150629172360537	0.7373953654629614	0.47415603438473103	0.5056806276938383	0.2487364014026433	0.765232167494757	0.5381527018032015	0.7431825600039978	0.2716814224525431	0.5597274590057102	0.7052168448503356	0.3308729907287647	0.6243325831329805	0.23769130295258972	0.22744260516383583	0.43384915187508705	0.7838536930600699	0.46540782139642234	0.8475390603360601	0.7991643297273996	0.11351494830748776	0.9397210490897608	0.7491245930790184	0.551223183928395	0.08509196562407809	0.6416835738973342	0.48674692777120315	0.5668702496641486	0.9100037543951509	0.7142794580510748	0.30787777234343966	0.6290391734700767	0.2907008926903019	0.4216421740445784	0.22554507143868102	0.25676743126438245	0.7689817886956545	0.3385255640413058	0.5771584807875909	0.5461380772662974	0.9145602323622235	0.4208780027605336
2	0.336888400090992	0.4624421225218724	0.37726190432981827	0.2137693390930173	0.4959652662864205	0.5739042612547876	0.539365985157239	0.666611726658642	0.3151383322059335	0.7374634431367927	0.47399226704613606	0.5047966406655573	0.24879200849529431	0.7648334819542759	0.5377469660832943	0.7428211403859873	0.27099371797748545	0.5595421459909419	0.7052498342227222	0.33087427063191993	0.623796955355683	0.23776021294059402	0.2274727812540248	0.4332828760759414	0.7841846887606037	0.46592040230483106	0.8477984724190644	0.7989875642618728	0.11342598308633764	0.9396835145388825	0.7495277815292707	0.551420391972739	0.08520897640314344	0.6413682684813887	0.4865171708703706	0.5664917594715506	0.9098864853166863	0.7145156008529217	0.30777493502115755	0.6292024034866069	0.29081772667293887	0.42168829859812057	0.22575909900705757	0.2571423153542039	0.7688935992314779	0.33863641727609245	0.5777502839775058	0.5460895503505893	0.9147298809931874	0.42092853707943284
3	0.33997859356572524	0.46596031723464076	0.3708732455756709	0.21550565761832777	0.5063989112795046	0.585113739935627	0.5420384684840481	0.6552534903148366	0.31231959858891906	0.7350667638046244	0.47113090054942275	0.5004869446582365	0.25009944610205703	0.7606344465921138	0.5427996265993781	0.7361738869035422	0.2610824864472227	0.563973881823489	0.707822239155009	0.3266200431599102	0.616440312867238	0.2441142872300474	0.22290314519908874	0.43173412293707214	0.7848335975574349	0.474842778472362	0.8480429613072361	0.7971791726976352	0.11320023557553727	0.9381925455205383	0.7559825400991846	0.5528505361293834	0.08629912143723403	0.6392818199188252	0.4771714690290276	0.5651446525013551	0.9040828333419264	0.7184667847745067	0.30736882877444793	0.634835498216707	0.2984027339116687	0.41415850852062214	0.23229732256025082	0.25770153752563735	0.7678284165216724	0.338225982057515	0.5871025569616032	0.5477456170110522	0.9175544825430986	0.4271665716388762
4	0.3417378345783088	0.46797651990899286	0.3670763209045099	0.21656277040709457	0.5123608585906775	0.5914619785256567	0.5436125593869237	0.6484164267700085	0.3105566636618172	0.7335658561970541	0.4695015622984493	0.4980923952317595	0.250873149000754	0.758237630526092	0.5460663262985653	0.7323363689819422	0.25546145332602044	0.5667584608269283	0.7093104838111733	0.3240958736949098	0.6122361360649637	0.2478720212199587	0.2203017922900182	0.4310538336894075	0.785074903344857	0.47993332602095945	0.8480712163150743	0.796150594937468	0.11310410338701878	0.9372843748772435	0.7596814875663137	0.5536539288063252	0.08691467576924772	0.6381541969094631	0.471584851621152	0.5644055528605619	0.9006074569641965	0.7207519754515421	0.3071691665383146	0.6380435871912533	0.3028356059073984	0.40963398617096725	0.23624689603950372	0.2579876772581131	0.7672226562083055	0.33784948817000665	0.592398015276607	0.5487779330852399	0.9191601398047373	0.4307603625156838
5	0.34259825501313035	0.4690726018176948	0.3651244768528877	0.2171812961593387	0.5144996717607112	0.593195088659638	0.5443154460618369	0.6441953632388736	0.3092310993747694	0.732515174064364	0.468824696529293	0.4960497097545937	0.2513379409333908	0.756986946032231	0.5485562401548051	0.7307577392785788	0.2523420808100394	0.5687471160641685	0.7098648475152957	0.32282215731106767	0.6102902024107155	0.2493572559339717	0.21969747749959587	0.431075757164612	0.7849594909803507	0.4820543731526051	0.8478742814050655	0.795599418636258	0.11311454238028287	0.9367110095588937	0.7617770671600751	0.5541770496637238	0.08722342555357991	0.6376730323500409	0.46809291281770127	0.5636021630207052	0.899503569884258	0.7220603225546564	0.30712294704171056	0.6391129869639369	0.30437197253822906	0.4070936939681644	0.23869298188227953	0.2586722918601323	0.7669253943646179	0.33700728461886637	0.5946814731269908	0.549499224677058	0.9200710431015539	0.43175016369606983
6	0.3429690221967229	0.46963616541582537	0.36434317833761687	0.21748944200097678	0.5146442114828472	0.5926172374917331	0.5445069162378642	0.6418012433684521	0.30835318094122205	0.7318696558444271	0.46865248704603213	0.49429022516006405	0.2515966602943076	0.7563686044545659	0.5501557148602632	0.7303863770609801	0.2507045708098037	0.5699820014216123	0.7099111546110896	0.32233227813474724	0.6095648119716937	0.24956522154723915	0.22010101900104886	0.4312623095760532	0.7847897285629146	0.482599426069983	0.8476778029619408	0.7953137412572173	0.11314796479953002	0.936380782804073	0.7628947659237175	0.5545341942582807	0.0873702350110034	0.6374847898056061	0.46609371396618876	0.5628102837738458	0.8996618075650661	0.722763287757812	0.3071270565738721	0.6390770715350493	0.3043537940900378	0.4058999398024455	0.24008322978681476	0.25951740537390433	0.7667961802206018	0.336131825180482	0.5953673562830867	0.5499417567231208	0.9205580604917738	0.4314037222608896
7	0.3431239063790671	0.46993750653967076	0.36406471475797464	0.21764634177997327	0.5141392319341976	0.5914124731447393	0.5445043929698679	0.6403939436682271	0.3077683196982821	0.7314639157095126	0.4686673764983448	0.49291459974371726	0.2517463369204522	0.7560527304594431	0.551195017554833	0.7304570113948324	0.24980678604961745	0.5707648178067497	0.7097897788668754	0.32217338255011835	0.6093444391605943	0.24933443922035245	0.22075400546051843	0.431463070068933	0.7846352643501909	0.48255876590970076	0.8475177845603302	0.7951593551494164	0.11318200857501982	0.9361841583482824	0.7635169440955929	0.5547794126016664	0.08744173125475724	0.6374182480716686	0.4649070054389194	0.5621546418910646	0.9001891418546962	0.7231570263503571	0.3071453118167226	0.638700690105938	0.3038495515967597	0.40533597960980433	0.2409016160577668	0.26027225287169825	0.7667413705000298	0.33539837538217965	0.5954380887214785	0.550219707481958	0.9208302070923647	0.4306965018676132
8	0.34320288600201343	0.47009930936681904	0.3638675215198613	0.2177476762373968	0.5138729735374601	0.5907682180787697	0.5445174670181092	0.6395654471133725	0.30741146706460937	0.7312111142997338	0.46867631678853827	0.492203325343418	0.25183324047651445	0.7558917783158667	0.551859409546671	0.7304965274027291	0.2493111079570856	0.5712559565336679	0.7097327348038747	0.32205755627369465	0.6092333513113405	0.2492350153671076	0.22109500155925502	0.4316292137333255	0.7845155149643376	0.48253386642105145	0.8474000916539088	0.7950800648801003	0.11320963220476925	0.9360671247813523	0.7638655833064482	0.5549059187528249	0.08747604592069673	0.6374022239838614	0.46420171442872293	0.5618152330483761	0.9004641879644538	0.7233788782917743	0.30716438790479395	0.6385031099123861	0.3035970269869775	0.40496571110763163	0.24138391851507435	0.26066390205464907	0.7667134096384061	0.3349677002470848	0.5954707992830323	0.5503928280785897	0.9209833972710956	0.4303272986974525
9	0.3432560109927224	0.4701862310340117	0.3636540610673848	0.21782549201977564	0.5139466435482895	0.5907503069255033	0.5445797823726797	0.6390788224476889	0.30721015720173084	0.7310553067786066	0.46864352516520175	0.49201146136040647	0.2518836662858826	0.7558103059846116	0.5522772808127565	0.730422185466433	0.24903678557628178	0.5715603942089337	0.709764778795313	0.3219214833507707	0.6091216594645471	0.24933469057546961	0.2211075492287049	0.4317519009010347	0.7844300859417352	0.4826370535821809	0.847318654928867	0.7950423795457279	0.11322982679366299	0.9359977320051177	0.7640613399535867	0.5549480443990112	0.08749213828856048	0.6374049056394363	0.46378377280150995	0.5617322035783762	0.9004436397177874	0.7235040763204916	0.30717994951323924	0.6385318372632813	0.30366192331825	0.40465906668284163	0.2416674286083366	0.2607477372575264	0.7666949765918208	0.334787983562494	0.5955891729767743	0.5504995136006998	0.9210698264539844	0.43033041440901343
10	0.34329611374909885	0.47023320612687103	0.3634450590175784	0.21788635767788447	0.5141964088280714	0.591059645971799	0.5446639678512117	0.638792258978847	0.3071019369106899	0.7309597314038655	0.4685889643938445	0.49208673267438086	0.25191304491219807	0.7557691252580022	0.5525378050612963	0.7302885113284368	0.24888388792821098	0.5717480289439298	0.7098412638354493	0.3217831111276235	0.6090089408432298	0.24953208492939938	0.22095041304152963	0.431837229469722	0.7843719107356821	0.48280707751776775	0.8472642810887803	0.7950259580758845	0.11324378785075015	0.9359565344073509	0.7641719859531815	0.5549468430605915	0.08749950100311511	0.6374127785709773	0.46353566952452285	0.5617811295472833	0.9002702476506999	0.7235751726507541	0.3071913831154617	0.638677668265372	0.3038882070303928	0.4044040873814718	0.24183448563237459	0.26067294602984364	0.7666813496192292	0.33474969970370555	0.5957525403465328	0.5505649570522451	0.9211189147215307	0.43052590696883686
11	0.34332554086275097	0.4702589021720731	0.36327127576463913	0.21793141189677911	0.514468971116653	0.5914354378796801	0.5447423844576771	0.6386220849742682	0.30704419359610435	0.7309009698447452	0.46853522005515313	0.4922431975516667	0.2519303276433637	0.7557482255959006	0.5527001003427185	0.7301547181142195	0.2487975808410243	0.5718638458605194	0.7099212301991297	0.32166618979941586	0.6089131600683088	0.24973255328618182	0.22075859148476565	0.43189475228005936	0.7843332425539649	0.4829742148610811	0.8472286299708706	0.795019440360053	0.1132531621587844	0.9359318970104513	0.7642352892055632	0.5549307837620953	0.08750276753236376	0.6374207474202842	0.4633872719083715	0.5618683566023436	0.9000700752144986	0.7236160256866404	0.3071993613731046	0.6388417447884236	0.3041355553613691	0.4042084886504541	0.24193374089960865	0.26055458899407796	0.7666714825940095	0.33476782642897424	0.5959064411613203	0.5506051958736663	0.9211471316695993	0.4307582144557509
12	0.34334567790732906	0.470273185824309	0.36314370883613434	0.21796267595537186	0.5146900399516504	0.5917499306132654	0.544802695958345	0.6385197654468328	0.3070123180396591	0.7308645731897363	0.4684931373745377	0.4923894500948732	0.2519406329258033	0.7557375460844765	0.5528017177127841	0.7300493264811592	0.24874806027188742	0.571935819923089	0.7099852681658887	0.3215797539733081	0.6088425568209338	0.24989162046686755	0.220597778802855	0.43193297767927274	0.784307803748724	0.48310498982232714	0.8472054087911588	0.7950171217794358	0.11325937417424532	0.9359169926611978	0.7642720821089991	0.5549139195663638	0.08750414472163426	0.6374272872880179	0.4632974731067159	0.5619479091616543	0.8999046792682384	0.723639866550149	0.3072047896114854	0.638976093916138	0.3043365025320561	0.40407025679022596	0.24199344409388232	0.2604490527846505	0.7666647818102811	0.33479743043230564	0.5960249171257449	0.5506301222023346	0.9211636058568299	0.43095159136723404
13	0.343358192960161	0.47028125987282215	0.36306010863839355	0.21798286085650906	0.5148380587172645	0.5919625651365056	0.5448426892318997	0.6384574333040767	0.3069932084560829	0.7308418267679969	0.46846535167799913	0.4924923972240687	0.25194686463572413	0.7557320555498994	0.5528657973478769	0.729979564284762	0.24871916641929576	0.5719809264820955	0.7100281397117978	0.3215230053782884	0.608797120256983	0.24999791657361878	0.22048877126836822	0.43195822383058036	0.7842911279533953	0.48319131089100537	0.8471903013256163	0.7950163395117722	0.11326346841834184	0.9359078644951158	0.7642938151513938	0.5549016315937428	0.08750466785562733	0.6374322125489638	0.4632424572625536	0.5620034586794644	0.8997930779200212	0.723654002297422	0.30720843631635925	0.6390663733172374	0.30447151548517076	0.4039805715607824	0.24202982736392853	0.26037592297968626	0.7666606330831112	0.3348195953178262	0.5961025944287629	0.5506457019034238	0.9211733785080941	0.4310823627508574
14	0.34336482954329384	0.4702858953048847	0.36301279882532533	0.2179946617872758	0.5149167552438474	0.5920748851125237	0.5448647555554504	0.6384190199010202	0.3069802158342582	0.730827497238261	0.4684505858949916	0.49254722198528655	0.25195068006893273	0.7557292228459586	0.5529064694444109	0.7299424837297073	0.2487020500417579	0.5720094093155846	0.7100512961222186	0.32149101674695985	0.6087729951934697	0.2500556393492979	0.22043080584275931	0.4319748460560712	0.7842802113366973	0.48323718351082107	0.8471804692525907	0.7950159374545709	0.11326615982754577	0.9359022128309614	0.7643068398143381	0.5548950804655949	0.08750481885610173	0.6374357586940236	0.4632083826966434	0.5620330333276332	0.8997336845139025	0.7236625035808362	0.3072108681657987	0.6391143744615645	0.3045439469533748	0.4039287080376485	0.24205225589650117	0.2603370026301773	0.7666584333761625	0.33482876444019644	0.5961438618075672	0.5506555177204626	0.9211792586784661	0.4311519172978421
15	0.34336721167538975	0.47028859369483567	0.3629927598800124	0.21800045061955692	0.5149399445721342	0.5921056722111373	0.544872912191484	0.6383951233939926	0.30697014534355316	0.7308184133146213	0.46844606245673354	0.4925611666884707	0.2519530400318719	0.7557277605874784	0.5529324149412559	0.7299311955332399	0.2486917774309615	0.5720275014389632	0.7100587871480151	0.3214777312830757	0.608765075797572	0.25007495691449716	0.2204143341958432	0.43198576583511583	0.7842730718425031	0.4832512485660178	0.8471740687257614	0.7950154797926653	0.1132679257402118	0.9358986827460736	0.7643147417969848	0.5548935887022175	0.08750481948344582	0.6374382428625252	0.4631870923910856	0.562040741745963	0.899716494656916	0.7236676778391447	0.3072124814559252	0.639128370952767	0.30456625471931414	0.40390441428628776	0.24206621194221656	0.26032662715337174	0.7666576363266806	0.3348255698613964	0.5961567461397463	0.5506617409114983	0.9211828392832492	0.43117184995033386
16	0.3433667115756597	0.47029018402845235	0.3629916900431536	0.2180021516347844	0.5149234325069975	0.592077736874508	0.5448712504084269	0.6383801462184392	0.30696156067097424	0.7308126275020034	0.4684487998609306	0.4925450382572754	0.2519545117612791	0.7557270074711964	0.5529490272183377	0.7299382208198788	0.2486855433205508	0.5720390441664452	0.7100551039163945	0.3214774870690981	0.608768442294353	0.2500669395447977	0.22042776488216972	0.43199292540141393	0.7842684073704899	0.48324276951372985	0.8471699024284708	0.7950148544743744	0.11326908243840093	0.9358964625106451	0.7643195852629919	0.5548958810648297	0.08750476905513653	0.6374399513342558	0.4631736978898364	0.562032431068671	0.899729625423179	0.7236708586109879	0.3072135473173153	0.6391179911932567	0.3045526875624451	0.40389901935194167	0.24207496081074914	0.26033707869350564	0.7666577864158988	0.3348129272882748	0.5961496031448865	0.5506657050117164	0.9211850413448868	0.43115607663405614
17	0.34336439307394667	0.47029113185170174	0.36300288812627013	0.21800122186923968	0.5148811282946026	0.5920115448371046	0.544863219089388	0.6383707029343143	0.3069538617381363	0.730808929158981	0.46845623243473405	0.49250909281945165	0.2519554356906495	0.7557266215250962	0.5529596924969807	0.7299570971793845	0.24868172376161105	0.5720464327727223	0.7100441555843041	0.32148568141156153	0.6087790379449297	0.25004116009097305	0.22046070093953005	0.43199761136045495	0.7842653630733284	0.4832197141246471	0.8471671913031712	0.7950140772641798	0.11326983891533239	0.9358950584147574	0.7643225797736471	0.5549006873511995	0.08750470960058739	0.6374411110112317	0.4631652248152271	0.562013585974536	0.8997624877078203	0.7236728302878485	0.30721424914427026	0.6390917561649697	0.3045157824766017	0.4039058084962594	0.24208047809405037	0.2603611999472429	0.7666585329537099	0.33479405822260627	0.5961295409711359	0.5506682391082941	0.9211864068848755	0.43111703613853236
18	0.3433610254769463	0.4702917025509326	0.3630213915885776	0.2179987038258358	0.514823766440623	0.5919230304383021	0.544851427725947	0.6383647197255945	0.3069468160841938	0.7308065585595862	0.46846640100755726	0.4924615138003874	0.2519560189071808	0.7557264253088593	0.552966553814172	0.7299828803671204	0.2486793640871639	0.5720511743789751	0.7100289446594241	0.3214988935323814	0.6087938300968868	0.2500049483103807	0.22050504686470085	0.4320006737189914	0.7842633780836945	0.48318816525311137	0.8471654277738155	0.7950132014645193	0.11327033297964441	0.9358941665012457	0.764324444833173	0.5549069740624	0.08750465689813827	0.637441890597296	0.4631598412573658	0.5619885612824416	0.899806864805091	0.7236740611466195	0.30721471000895156	0.639056259407413	0.3044652150833053	0.4039199169695217	0.24208397436180532	0.26039333543523285	0.766659623341602	0.3347716770750379	0.5961019573337458	0.5506698635535118	0.9211872596523528	0.4310643971173009
19	0.3433571360119792	0.47029204942486763	0.36304374030584036	0.2179953110668679	0.5147589870935797	0.5918235880780607	0.5448377159193978	0.6383609134216232	0.30694033878566	0.7308050356304907	0.46847791938024064	0.4924082309020125	0.2519563887469225	0.7557263266936468	0.5529709750928183	0.730012068687926	0.248677895692246	0.5720542235007731	0.7100116038388046	0.3215147338327738	0.608810698913072	0.24996350160286046	0.2205550114445057	0.43200267253252517	0.7842620848481271	0.4831524261818033	0.8471642810466984	0.7950122811679172	0.11327065529579458	0.9358935978580774	0.764325613830123	0.554913984730189	0.08750461521595253	0.6374424108578314	0.4631564082473896	0.5619605044190865	0.8998568946943282	0.7236748342044853	0.30721501197854817	0.6390162008992174	0.3044078730761696	0.4039379921402551	0.24208619885926064	0.26042940772754836	0.7666608848865014	0.33474779599270976	0.5960706595105533	0.5506709071991598	0.9211877954121561	0.4310050678158128
20	0.34335307065931797	0.47029226209176245	0.3630676292865934	0.21799151486886356	0.5146919244875868	0.5917208951830039	0.5448233152067317	0.6383584837109011	0.3069343966832433	0.7308040554576927	0.4684898593860047	0.4923532719178187	0.2519566241907299	0.7557262779244849	0.5529738278594372	0.7300423163521051	0.2486769760732923	0.5720561875576772	0.7099935657610325	0.3215316091063309	0.6088282357008528	0.24992030779583319	0.22060668994271843	0.4320039758571324	0.7842612428479749	0.48311537800399296	0.8471635356112774	0.7950113593345858	0.11327086537649361	0.9358932342008746	0.7643263505864415	0.5549212024652843	0.08750458419657109	0.6374427561162553	0.46315421239433124	0.5619315501145734	0.8999086353046185	0.7236753222836066	0.3072152094900125	0.6389747421795297	0.3043483866325212	0.4039578125975469	0.2420876190016701	0.26046665502525745	0.7666622044407646	0.3347237915045869	0.5960381919846819	0.5506715789349562	0.9211881337625769	0.43094370123556947
21	0.34334904736613364	0.47029239352395064	0.36309158384540535	0.21798761647506817	0.5146258629069168	0.5916198695733506	0.544809013817085	0.6383569282076791	0.3069289699502307	0.7308034236245708	0.4685016286601352	0.49229923069229387	0.25195677457781657	0.7557262543424447	0.5529756706342883	0.7300721260022895	0.24867639687516208	0.5720574544780515	0.7099757477389347	0.32154849997285934	0.608845545795032	0.24987759897536102	0.2206575785412087	0.4320048250120187	0.7842606949208335	0.48307885931685973	0.847163051144417	0.7950104661184967	0.11327100220534449	0.935893001026164	0.7643268171627784	0.5549282931765038	0.08750456196088048	0.6374429842392051	0.46315280421884286	0.5619030718801815	0.8999595660918258	0.7236756318468406	0.3072153384976663	0.6389339070562252	0.30428971939505656	0.40397795788989854	0.24208852826411212	0.26050330157033474	0.7666635108015603	0.3347005462583095	0.5960061767980843	0.5506720119640937	0.9211883484110764	0.43088327787473313
22	0.3433451969291498	0.47029247535604635	0.3631147019325098	0.21798380151337637	0.5145627916313267	0.591523490652098	0.5447952917677	0.6383559298598492	0.3069240384295677	0.7308030157898118	0.4685128689046017	0.4922476844740389	0.25195687091463326	0.755726243293719	0.5529768621473728	0.730100592033476	0.24867603024026685	0.5720582727062561	0.7099587068385166	0.3215647833527739	0.6088620896473826	0.24983673063387052	0.22070615787003364	0.4320053779117875	0.7842603385033441	0.48304398213991007	0.8471627363337786	0.7950096207419552	0.11327109127337012	0.9358928511777107	0.7643271138937572	0.5549350532767485	0.08750454641816077	0.6374431344438166	0.4631518991504675	0.5618759045162458	0.9000081626990674	0.7236758289756541	0.3072154226666238	0.6388949219919811	0.30423366839908406	0.4039975551007844	0.24208911188969104	0.260538268287203	0.7666647612644779	0.33467858755919583	0.5959755944471814	0.5506722914852432	0.9211884851257909	0.4308256042562928
23	0.3433415923117155	0.4702925266613181	0.363136465658985	0.21798017870138506	0.5145038238660333	0.5914334235011127	0.5447824213446759	0.6383552876827941	0.3069195780111443	0.7308027522324749	0.468523379712481	0.4921995169860192	0.2519569327850992	0.7557262383446621	0.5529776332175879	0.730127208132502	0.24867579710118465	0.572058801715191	0.7099427565476846	0.32158010224603445	0.6088775658007362	0.24979846619338641	0.22075157641439616	0.43200573772953343	0.7842601067338656	0.48301136841814496	0.8471625317905939	0.7950088341396692	0.11327114922500392	0.9358927546873049	0.7643273033238499	0.5549413686167766	0.08750453574905954	0.637443233063523	0.4631513162994669	0.5618505157298339	0.9000535747162279	0.7236759549562075	0.30721547753072587	0.6388584735967814	0.3041812414635904	0.4040160967232565	0.24208948732505006	0.26057095038679196	0.7666659320121556	0.3346581985819192	0.5959469933070624	0.5506724721271069	0.9211885725116077	0.43077169131017884
24	0.34333826886678864	0.4702925590415468	0.36315660943777334	0.21797680647037926	0.5144494951368295	0.5913504651905915	0.5447705380833423	0.638354873787225	0.3069155607216332	0.7308025817346617	0.468533064576336	0.4921551519508983	0.2519569726116958	0.7557262362675881	0.5529781325807421	0.7301517307655238	0.24867564822813862	0.5720591440598541	0.7099280497325873	0.3215942744763352	0.6088918287879636	0.24976317898160208	0.2207934240219792	0.4320059717895692	0.7842599560609629	0.4829813176293866	0.8471623989043673	0.7950081113657518	0.11327118691603491	0.9358926924448226	0.7643274246732198	0.5549471845578173	0.0875045285264193	0.6374432976582014	0.46315094029256854	0.561827129929233	0.9000953958215794	0.7236760357300382	0.3072155132646528	0.6388248922732845	0.304132925989801	0.4040333145815438	0.2420897293128658	0.26060105725184934	0.7666670114982574	0.3346395002359325	0.5959206376852857	0.5506725889888517	0.9211886285475516	0.43072202474017923
25	0.34333523797355775	0.47029257961120025	0.3631750301014942	0.21797371091383816	0.514399968986013	0.591274853265933	0.5447596894493913	0.6383546065337518	0.30691195593335213	0.730802471333499	0.4685418937927252	0.4921147156379754	0.25195699830315404	0.7557262354744048	0.5529784561996458	0.7301740853485367	0.24867555278477435	0.5720593657963867	0.7099146357691108	0.32160723041991074	0.608904833116126	0.24973099115840047	0.2208315752816321	0.4320061239818782	0.7842598581342868	0.48295392192958647	0.8471623125802058	0.7950074534942748	0.11327121142072073	0.9358926522288108	0.7643275026634141	0.554952485029873	0.0875045236922417	0.6374433398755913	0.463150697332442	0.5618058142777738	0.9001335052789182	0.723676087677559	0.30721553652182015	0.6387942789283958	0.3040888742389873	0.4040490944761124	0.2420898855711684	0.2606285012638964	0.7666679959928184	0.33462250873988336	0.5958966093702065	0.5506726646608148	0.9211886645893084	0.4306767517811553
26	0.34333249610671907	0.4702925927652632	0.3631917266060972	0.21797089773599612	0.514355175994668	0.5912064746523565	0.5447498676306698	0.6383544336639982	0.3069087316993372	0.7308023997831803	0.46854987945047605	0.4920781474799652	0.25195701491034284	0.7557262352061873	0.5529786660554028	0.7301943029705454	0.24867549135413344	0.572059509529515	0.7099024991360744	0.3216189712014262	0.608916595689107	0.24970186746465056	0.22086608340936445	0.43200622289889695	0.7842597945070561	0.48292914378369545	0.8471622565104738	0.7950068590205407	0.11327122734612131	0.9358926262039976	0.764327552947182	0.5549572782274618	0.08750452048913097	0.6374433674105824	0.4631505400999365	0.561786537202001	0.9001679608506634	0.723676121186105	0.3072155516475115	0.6387665906743633	0.30404902853615606	0.4040634191934503	0.24208998664774203	0.26065332227027743	0.7666688866228616	0.3346071750498926	0.5958748760179386	0.5506727137039578	0.9211886878395836	0.43063580759938064
27	0.343330030813893	0.4702926012368382	0.36320676000802476	0.2179683601394931	0.5143149065365719	0.5911450052453958	0.5447410313655893	0.6383543216480835	0.3069058558843883	0.7308023533724353	0.4685570587730638	0.49204527425159417	0.2519570256676554	0.7557262351165709	0.5529788022185407	0.7302124782495457	0.2486754516535211	0.572059602770541	0.7098915851574199	0.3216295409315965	0.6089271708776349	0.24967567769498444	0.22089710930666948	0.4320062871577183	0.7842597531801441	0.48290686766364554	0.847162220098727	0.7950063248541944	0.1132712376911708	0.9358926093364982	0.7643275854738547	0.5549615869910868	0.0875045183873913	0.6374433853307752	0.4631504381902864	0.5617692076011995	0.900198927412582	0.7236761428669198	0.30721556147685325	0.6387416980411286	0.3040132047865154	0.40407633080415484	0.2420900521441481	0.26067563698703206	0.7666696874235676	0.3345934114046949	0.595855336657758	0.5506727455157465	0.9211887028836354	0.4305989997094664
28	0.3433278246274322	0.4702926067357213	0.36322022711398505	0.21796608399822484	0.514278872057531	0.5910900022462064	0.5447331203425239	0.6383542489291609	0.3069032970218407	0.7308023232426643	0.4685634831286885	0.49201585926670094	0.25195703265107533	0.755726235059569	0.5529788906159657	0.7302287415294527	0.24867542588199795	0.5720596633025666	0.7098818170079774	0.32163900842254534	0.6089366341208613	0.24965223793178287	0.22092487460912055	0.432006328875776	0.784259726350014	0.4828869341540957	0.8471621964596938	0.7950058470047972	0.11327124440736884	0.9358925983863337	0.7643276065888573	0.5549654424147776	0.08750451702261028	0.6374433969653642	0.46315037203182857	0.5617537008399028	0.9002266298521256	0.7236761569413056	0.30721556785829657	0.6387194227937054	0.303981147637045	0.4040879058991601	0.24209009466337186	0.2606956054648329	0.7666704040637408	0.33458110897191173	0.5958378516951618	0.5506727661679026	0.9211887126496864	0.43056606378525436
29	0.3433258576051918	0.4702926103372923	0.3632322432724053	0.21796405122722962	0.5142467451738797	0.591040964641915	0.5447260646143708	0.638354201623785	0.3069010249177734	0.7308023036649299	0.46856921084670783	0.49198963466637474	0.25195703719573526	0.7557262349829394	0.5529789480354855	0.7302432407093743	0.2486754090676308	0.5720597026307247	0.7098731068426484	0.3216474552440905	0.6089450712328112	0.2496313375069653	0.22094963091430941	0.4320063559379162	0.7842597089423374	0.48286916224429444	0.8471621811194118	0.795005421045367	0.1132712487643263	0.935892591264859	0.7643276203510316	0.5549688796440351	0.08750451614709315	0.6374434044972432	0.4631503290065772	0.5617398758010949	0.900251322298727	0.72367616611206	0.30721557199631944	0.6386995626894311	0.3039525665606541	0.4040982394409859	0.24209012232269125	0.26071340908914	0.7666710430184135	0.33457014943834923	0.5958222625142349	0.5506727795871682	0.9211887190128913	0.4305367001977749
30	0.3433241089633378	0.47029261272121436	0.36324293125250035	0.21796224195864883	0.5142181855914993	0.5909973723303971	0.5447197906840163	0.6383541707768142	0.30689901104926387	0.7308022909311149	0.46857430257821	0.49196632233689974	0.2519570401618067	0.7557262348756295	0.552978985354335	0.7302561295111574	0.24867539803168673	0.5720597282043437	0.7098653629929569	0.3216549680047479	0.6089525715089508	0.24961275642181602	0.22097163986106536	0.43200637347381166	0.7842596976577422	0.4828533637241426	0.8471621711706184	0.7950050424194635	0.11327125158789235	0.9358925866237817	0.7643276293633245	0.5549719351501949	0.0875045155940257	0.6374434093554393	0.46315030096855425	0.5617275859316702	0.900273268277046	0.7236761721139403	0.3072155746754278	0.6386819074874618	0.3039271591730392	0.40410743433239893	0.24209014035818965	0.2607292363293996	0.7666716110373389	0.3345604125098341	0.595808404133558	0.5506727883152267	0.9211887231769501	0.4305105976398854
31	0.34332255810768186	0.47029261431899194	0.3632524141721966	0.21796063592754963	0.5141928565500741	0.5909587109575916	0.5447142253700695	0.6383541506041365	0.30689722880361886	0.7308022826392839	0.4685788183544534	0.4919456472034983	0.2519570421043266	0.7557262347426292	0.5529790096241975	0.7302675600433123	0.24867539073617406	0.5720597448500673	0.7098584945367236	0.3216616334438516	0.6089592233618963	0.24959627639911533	0.22099116047138737	0.4320063848201542	0.7842596903510742	0.482839352311201	0.847162164724026	0.7950047066395974	0.11327125341518908	0.9358925835916687	0.7643276352988879	0.5549746449966407	0.08750451525188892	0.6374434124742127	0.4631502826524878	0.5617166862611394	0.9002927281497459	0.723676176062812	0.30721557640639846	0.6386662491102543	0.30390462602204144	0.4041155947762835	0.24209015215198068	0.2607432736811819	0.7666721148093777	0.33455178065696506	0.595796113228986	0.5506727939984852	0.9211887259162151	0.4304874481167399
32	0.34332118526601424	0.47029261540576484	0.36326081111921454	0.21795921333458884	0.5141704349379247	0.590924487199785	0.5447092981927385	0.6383541373651842	0.3068956535983987	0.7308022772325247	0.4685828157783851	0.4919273454167243	0.2519570433819506	0.7557262345935036	0.5529790254190095	0.7302776782317479	0.24867538587104393	0.572059755697179	0.7098524141135382	0.32166753539430426	0.6089651116412139	0.24958168768711228	0.22100844135131364	0.4320063921470212	0.7842596856277044	0.4828269492615698	0.8471621605518338	0.7950044094108323	0.1132712545955086	0.9358925816046678	0.7643276392355183	0.5549770437704283	0.08750451504659193	0.6374434144636268	0.4631502706513591	0.5617070377237128	0.9003099514223762	0.7236761786778925	0.3072155775216738	0.6386523878967504	0.30388467968342475	0.40412282215031275	0.24209015989133748	0.2607557000857164	0.7666725607567689	0.33454414200859567	0.5957852330658439	0.5506727977041457	0.9211887277298292	0.4304669561657358
33	0.3433199718554869	0.4702926161577309	0.3632682345635513	0.2179579553621763	0.5141506171799752	0.5908942376584453	0.5447049427733113	0.6383541286381228	0.3068942629139402	0.7308022737010318	0.4685863489722239	0.49191116912056154	0.25195704422674875	0.75572623443759	0.5529790357069359	0.7302866211630431	0.24867538259203073	0.5720597627756606	0.70984703956917	0.3216727529900823	0.608970316074925	0.2495687930303777	0.2210237161411728	0.4320063968655094	0.7842596825810245	0.48281598663470976	0.8471621578561218	0.7950041467032444	0.11327125535596172	0.9358925802975641	0.7643276418689393	0.5549791639597899	0.08750451492918605	0.6374434157215859	0.46315026275830545	0.5616985096759732	0.9003251722893143	0.7236761804236442	0.3072155782375475	0.6386401362445282	0.3038670500568039	0.4041292125500972	0.24209016499244737	0.260766683676409	0.7666729549156152	0.33453739200087257	0.5957756163695526	0.5506728001243973	0.9211887289401548	0.4304488442216265
34	0.3433189006742556	0.47029261668824274	0.3632747889595071	0.21795684446142444	0.5141331223092173	0.5908675334949071	0.5447010975774703	0.6383541228531279	0.3068930362630096	0.7308022713894662	0.4685894680285016	0.49189688893881034	0.25195704478908587	0.7557262342823304	0.5529790424149206	0.7302945157009212	0.2486753803536202	0.5720597674030732	0.7098422948198921	0.3216773597005676	0.6089749104568394	0.24955740975538504	0.22103720113391842	0.43200639989297324	0.7842596806217593	0.4828063089961258	0.8471621561183645	0.7950039147896759	0.11327125584418563	0.9358925794335609	0.76432764364919	0.554981035629541	0.08750451486751058	0.6374434165072993	0.46315025754241135	0.5616909812102943	0.900338607334734	0.7236761816006021	0.3072155786946868	0.6386293205114826	0.30385148713138366	0.40413485543774413	0.24209016837329353	0.26077638007861376	0.7666733028735356	0.33453143419279113	0.5957671268237835	0.5506728017084577	0.9211887297557896	0.43043285541253573
35	0.34331795597718284	0.47029261707059433	0.3632805701333586	0.21795586448815907	0.5141176931732152	0.5908439822417871	0.5446977062246691	0.6383541189914268	0.30689195511656	0.7308022698722846	0.4685922187942934	0.4918842949485663	0.25195704516652445	0.7557262341329906	0.5529790467944343	0.7303014779450445	0.24867537880233254	0.572059770435021	0.7098381102003531	0.32168142291110485	0.6089789623268811	0.24954737060928903	0.22104909433099285	0.4320064018255922	0.784259679366979	0.4827977740862907	0.84716215500164	0.7950037102601747	0.11327125615612586	0.9358925788589628	0.7643276448680426	0.5549826862941667	0.08750451484055852	0.6374434169893912	0.4631502540749157	0.5616843416698405	0.9003504546569567	0.7236761824036384	0.30721557898452656	0.6386197817646238	0.30383776207756863	0.4041398330192327	0.24209017062962643	0.2607849317394781	0.7666736097450232	0.3345261805277834	0.5957596396604395	0.5506728027480267	0.9211887303119953	0.4304187546547026
36	0.34331712347600196	0.47029261735245725	0.36328566518390276	0.21795500074053947	0.5141040964220156	0.5908232277682395	0.5446947175140981	0.6383541163909956	0.30689100280016474	0.7308022688729978	0.4685946428730659	0.491873196664111	0.2519570454224666	0.7557262339929215	0.552979049658562	0.7303076132397203	0.2486753777083797	0.5720597724274087	0.7098344224739401	0.3216850038601693	0.6089825329730881	0.24953852378482025	0.2210595754388272	0.4320064030506421	0.7842596785679289	0.48279025281442167	0.8471621542870753	0.7950035300210313	0.11327125635410866	0.9358925784738986	0.7643276457151456	0.5549841409202765	0.08750451483470094	0.637443417277372	0.46315025175230873	0.5616784906413405	0.9003608939200367	0.7236761829594138	0.30721557916645975	0.6386113757752666	0.30382566724548854	0.40414422009717454	0.24209017214857886	0.26079246793178806	0.7666738801713625	0.334521551232785	0.595753041656507	0.5506728034326304	0.9211887306966867	0.430406328635629
37	0.3433163902914404	0.47029261756505775	0.36329015271053133	0.21795423993377136	0.5140921217192977	0.5908049490676978	0.5446920852698377	0.6383541146209833	0.3068901643722769	0.730802268211849	0.468596777765194	0.4918634223895517	0.2519570455981895	0.7557262338639785	0.5529790515357661	0.730313016532809	0.24867537692180722	0.572059773741618	0.7098311746278626	0.3216881578042452	0.6089856776384172	0.24953073242665214	0.22106880646589142	0.43200640381953637	0.7842596780630947	0.48278362882208414	0.8471621538325343	0.7950033712839175	0.11327125647859712	0.9358925782133863	0.7643276463141397	0.5549854220116258	0.08750451484116929	0.6374434174422103	0.4631502501819229	0.5616733376147209	0.9003700869940564	0.7236761833504836	0.3072155792790309	0.6386039725336502	0.3038150154672662	0.4041480842274107	0.24209017318209647	0.2607991051880123	0.7666741183361672	0.3345174744867619	0.5957472307529493	0.5506728038854873	0.9211887309671634	0.4303953850887958
38	0.34331574487611005	0.4702926177290257	0.3632941032423718	0.21795357013597036	0.5140815804800968	0.5907888583276134	0.5446897680754108	0.6383541134004804	0.30688942649277495	0.7308022677718871	0.4685986570929705	0.4918548181865435	0.251957045720625	0.7557262337469327	0.5529790527696541	0.7303177729478384	0.2486753763442987	0.5720597746127182	0.7098283155367915	0.3216909343224055	0.6089884458522578	0.24952387382159597	0.22107693268654258	0.43200640429534576	0.7842596777476812	0.4827777977847045	0.8471621535457615	0.7950032315489586	0.11327125655583854	0.9358925780350791	0.764327646745931	0.5549865497444957	0.0875045148543831	0.6374434175297697	0.4631502491078808	0.5616688014395763	0.9003781789522135	0.7236761836308393	0.30721557934722343	0.6385974554704849	0.30380563893518775	0.4041514860628348	0.24209017389444007	0.2608049479969281	0.7666743279904193	0.3345138859500468	0.5957421154432628	0.5506728041867628	0.9211887311608963	0.43038575163675996
39	0.3433151769210477	0.4702926178581341	0.3632975797821166	0.2179529806815094	0.5140723043434702	0.5907746985971579	0.54468772894584	0.6383541125459266	0.3068887772881274	0.7308022674769582	0.4686003108729135	0.4918472466264916	0.25195704580739325	0.7557262336418143	0.552979053583737	0.7303219584752818	0.24867537591101804	0.5720597751937238	0.7098257995526016	0.32169337770045386	0.6089908818317077	0.2495178384113535	0.22108408381091288	0.43200640458371337	0.7842596775537606	0.48277266656640155	0.8471621533669211	0.7950031085843977	0.11327125660283932	0.9358925779113278	0.7643276470637025	0.5549875421312733	0.08750451487084314	0.6374434175695802	0.4631502483631279	0.5616648096678464	0.9003852992657392	0.723676183835942	0.307215579387204	0.6385917205142762	0.3037973878425419	0.4041544798050827	0.24209017439294045	0.2608100896475445	0.7666745124828235	0.33451072821771677	0.5957376140330459	0.550672804388656	0.9211887313024923	0.4303772743927945
40	0.3433146772546954	0.4702926179616955	0.3633006384057743	0.21795246207290314	0.5140641435225765	0.5907622412691197	0.5446859349700106	0.6383541119370372	0.30688820621780655	0.730802267277424	0.46860176580994367	0.4918405854431535	0.25195704587006124	0.7557262335481777	0.5529790541234775	0.7303256407187507	0.2486753755788978	0.5720597755843226	0.7098235860595367	0.32169552735369306	0.6089930249150866	0.24951252872250065	0.2210903752507935	0.432006404752966	0.7842596774373608	0.4827681523070133	0.8471621532572448	0.7950030004046892	0.11327125663060152	0.9358925778240367	0.7643276473026148	0.554988415197066	0.08750451488840125	0.6374434175805604	0.4631502478383415	0.5616612978438603	0.9003915630882418	0.7236761839892057	0.30721557940941036	0.6385866750725453	0.30379012891469315	0.40415711371026464	0.24209017474792494	0.2608146131414071	0.7666746747926187	0.3345079502405198	0.5957336538398562	0.5506728045251902	0.9211887314081961	0.4303698164510846
41	0.34331423774024455	0.4702926180461029	0.36330332887878913	0.21795200587863925	0.5140569651283992	0.5907512835221725	0.5446843569454596	0.63835411149471	0.30688770394523174	0.7308022671408869	0.46860304559626415	0.4918347261639847	0.2519570459162554	0.7557262334652949	0.5529790544835997	0.7303288796527304	0.2486753753190725	0.5720597758495295	0.7098216390213425	0.32169741826075715	0.6089949100023619	0.24950785827754568	0.2210959094070944	0.4320064048471966	0.784259677370071	0.48276418149458034	0.8471621531916489	0.7950029052482668	0.11327125664622725	0.9358925777613253	0.7643276474860804	0.5549891831590886	0.08750451490578005	0.6374434175747488	0.46315024746176403	0.56165820878308	0.9003970725564581	0.7236761841061936	0.30721557942056094	0.6385822369964924	0.3037837439164648	0.4041594306125987	0.24209017500563768	0.2608185921199287	0.7666748175629245	0.3345055067428717	0.5957301703801323	0.5506728046185706	0.9211887314888019	0.43036325635328887
42	0.34331385117525054	0.47029261811582235	0.36330569526244605	0.2179516046318329	0.5140506515306618	0.5907416458201128	0.5446829690201839	0.6383541111666879	0.3068872622154466	0.7308022670461669	0.4686041712036084	0.49182957277198597	0.2519570459510318	0.7557262333922913	0.5529790547258342	0.7303317283632434	0.24867537511198126	0.5720597760318032	0.709819926537902	0.32169908139033215	0.608996567985781	0.2495037505291655	0.22110077692966812	0.43200640489477315	0.7842596773335788	0.4827606890584452	0.8471621531539364	0.7950028215558171	0.11327125665428807	0.9358925777153642	0.7643276476298291	0.554989858602051	0.0875045149222582	0.6374434175597322	0.463150247186114	0.5616554918668551	0.9004019180593821	0.7236761841973366	0.30721557942496214	0.6385783335684333	0.3037781281926155	0.4041614684421417	0.2420901751966245	0.26082209177147236	0.7666749431333467	0.3345033576574514	0.5957271065740641	0.5506728046833124	0.9211887315515419	0.43035748658943623
43	0.34331351119599735	0.4702926181740372	0.36330777649396734	0.21795125173281157	0.5140450987962831	0.5907331695294497	0.5446817483507463	0.6383541109182482	0.3068868737409066	0.7308022669793889	0.4686051611616598	0.49182504043092906	0.2519570459777656	0.7557262333282366	0.5529790548904469	0.7303342337532872	0.24867537494419106	0.5720597761589208	0.7098184204225066	0.32170054410920057	0.6089980261601042	0.24950013784433264	0.22110505791819007	0.4320064049138703	0.7842596773161226	0.4827576175052877	0.8471621531336748	0.7950027479495834	0.11327125665771502	0.9358925776809675	0.7643276477445446	0.5549904526452358	0.08750451493746493	0.6374434175402284	0.4631502469800841	0.561653102370535	0.9004061794454148	0.7236761842696985	0.3072155794253584	0.6385749005370004	0.3037731892774274	0.4041632607214544	0.2420901753411778	0.26082516969576314	0.7666750535710445	0.3345014675887628	0.595724411988026	0.5506728047289241	0.9211887316013113	0.43035241216995745
44	0.3433132121880777	0.47029261822306545	0.363309606930373	0.2179509413575022	0.5140402152293028	0.5907257146917667	0.5446806747821993	0.6383541107261507	0.3068865320961056	0.7308022669314373	0.4686060318183762	0.4918210542934557	0.2519570459987293	0.7557262332722047	0.5529790550037356	0.730336437202296	0.24867537480633142	0.5720597762490945	0.7098170958063892	0.32170183056469864	0.6089993086061605	0.24949696055417694	0.22110882304548218	0.43200640491606596	0.7842596773101826	0.4827549161113256	0.84716215312417	0.7950026832140158	0.1132712566583769	0.9358925776546781	0.7643276478375809	0.5549909750987152	0.08750451495124661	0.6374434175191133	0.4631502468228149	0.5616510008352309	0.9004099271496889	0.7236761843281223	0.30721557942348465	0.6385718812149344	0.30376884559474165	0.4041648370320917	0.24209017545287642	0.2608278767123097	0.7666751506997752	0.33449980531291856	0.5957220421261976	0.5506728047616513	0.9211887316414645	0.43034794929065473
45	0.34331294920394934	0.47029261826463375	0.3633112168508435	0.2179506683726356	0.5140359200246515	0.5907191579697112	0.5446797305527207	0.6383541105746969	0.3068862316212989	0.7308022668963032	0.46860679758001456	0.49181754840213526	0.2519570460154701	0.7557262332233095	0.5529790550829028	0.7303383751740833	0.24867537469174766	0.5720597763143012	0.7098159307739569	0.32170296203793014	0.6090004365444761	0.2494941660777935	0.22111213459359488	0.43200640490867664	0.7842596773109828	0.48275254017752367	0.8471621531211465	0.7950026262779306	0.11327125665745652	0.9358925776341739	0.7643276479140788	0.5549914346073834	0.08750451496358058	0.6374434174980874	0.4631502467002982	0.5616491524885545	0.90041322323248	0.7236761843759789	0.3072155794204257	0.6385692256471516	0.3037650252594606	0.4041662234460197	0.24209017554088944	0.26083025760592543	0.7666752361266761	0.3344983433172766	0.5957199577773984	0.5506728047856109	0.9211887316743342	0.4303440241018778
46	0.34331271788773393	0.4702926183000576	0.36331263291553545	0.21795042825819363	0.5140321420401507	0.5907133907732914	0.5446789000240346	0.6383541104531639	0.306885967335233	0.7308022668700063	0.4686074711300734	0.4918144646870482	0.25195704602905433	0.7557262331807247	0.5529790551392247	0.7303400797713189	0.2486753745956189	0.5720597763624469	0.7098149060299732	0.3217039572663229	0.609001428657833	0.2494917081229381	0.22111504739915636	0.43200640489627423	0.7842596773155166	0.4827504503502264	0.847162153121893	0.7950025761982341	0.11327125665569433	0.9358925776178784	0.7643276479776967	0.5549918387823397	0.08750451497451983	0.637443417478108	0.4631502466030342	0.5616475267162189	0.9004161223256787	0.7236761844156541	0.30721557941684857	0.6385668898518176	0.3037616649844023	0.40416744291996165	0.24209017561147744	0.2608323518068749	0.7666753112666913	0.33449705738104385	0.5957181244192651	0.5506728048035289	0.9211887317015707	0.43034057158587097
47	0.34331251440719546	0.4702926183303613	0.36331387858096875	0.21795021703712986	0.5140288186857138	0.5907083175649309	0.5446781694374653	0.6383541103541278	0.3068857348565515	0.7308022668498951	0.4686080636273376	0.4918117520590486	0.25195704604022884	0.7557262331436954	0.5529790551801137	0.7303415792370308	0.24867537451437807	0.5720597763987761	0.7098140045984473	0.3217048327356312	0.6090023013830295	0.2494895459629887	0.22111760970868818	0.432006404881669	0.7842596773219155	0.4827486120066434	0.8471621531247066	0.7950025321452007	0.11327125665354701	0.9358925776047092	0.7643276480310902	0.5549921943197302	0.08750451498415834	0.6374434174596674	0.4631502465245035	0.5616460965840642	0.9004186724883763	0.7236761844488699	0.3072155794131534	0.6385648351338129	0.303758709091572	0.4041685156526211	0.24209017566897315	0.26083419400618296	0.766675377364668	0.33449592619624857	0.5957165116792841	0.5506728048172209	0.9211887317243632	0.4303375345413267
48	0.3433123353926188	0.47029261835635816	0.36331497447351874	0.2179500312121369	0.5140258949252007	0.5907038543363505	0.5446775266946676	0.638354110272366	0.30688553033339283	0.7308022668341895	0.4686085848838372	0.49180936559499255	0.2519570460495256	0.7557262331115394	0.5529790552104593	0.7303428984052039	0.24867537444532767	0.5720597764267902	0.7098132115520243	0.3217056029424713	0.609003069173043	0.24948764378723723	0.22111986394732128	0.43200640486654673	0.7842596773290408	0.4827469947026649	0.8471621531285313	0.7950024933892426	0.11327125665128956	0.9358925775939119	0.7643276480762278	0.554992507107538	0.08750451499260899	0.6374434174429721	0.4631502464601668	0.5616448384085527	0.900420915975267	0.7236761844768949	0.3072155794095713	0.6385630274677943	0.30375610862377994	0.4041694594060051	0.24209017571642255	0.2608358147085968	0.7666754355152098	0.3344949310273718	0.5957150928504762	0.5506728048279055	0.9211887317435874	0.4303348626709659
49	0.34331217788217816	0.4702926183787058	0.3633159387234143	0.2179498677090734	0.5140233223842159	0.5906999272470589	0.5446769611615943	0.6383541102041381	0.30688535038060105	0.7308022668216835	0.4686090435239162	0.4918072658094496	0.2519570460573312	0.7557262330836467	0.5529790552335028	0.7303440591035226	0.2486753743863843	0.5720597764488453	0.7098125137700717	0.32170628062908607	0.609003744731361	0.24948597012015197	0.2211218474060287	0.4320064048518803	0.7842596773362177	0.48274557167929505	0.8471621531327266	0.7950024592890832	0.11327125664908202	0.9358925775849518	0.7643276481146	0.5549927823210362	0.08750451499999036	0.6374434174280574	0.4631502464068115	0.5616437313728464	0.9004228899231786	0.7236761845006836	0.30721557940622707	0.6385614369467167	0.30375382055061284	0.40417028979285136	0.2420901757560059	0.2608372407268994	0.7666754866804242	0.33449405540724697	0.5957138444584785	0.5506728048364076	0.9211887317599018	0.4303325117659947
50	0.3433120392733083	0.47029261839794395	0.36331678726212857	0.2179497238265752	0.5140210585559504	0.5906964714124127	0.5446764634939774	0.6383541101467115	0.30688519202392717	0.7308022668115501	0.46860944712582037	0.49180541800645033	0.25195704606393227	0.7557262330594761	0.5529790552514054	0.7303450805118299	0.24867537433590606	0.5720597764665429	0.7098118997233359	0.32170687699237255	0.6090043392205539	0.24948449730447356	0.22112359285341954	0.4320064048381945	0.7842596773430647	0.48274431942332646	0.8471621531369149	0.7950024292812307	0.11327125664701192	0.9358925775774429	0.7643276481473601	0.5549930245077542	0.08750451500641908	0.6374434174148602	0.4631502463621202	0.5616427571850716	0.900424626961928	0.72367618452097	0.3072155794031797	0.6385600372909371	0.30375180706170996	0.40417102053260273	0.24209017578931502	0.2608384956219348	0.7666755317057178	0.33449328486646857	0.5957127458761964	0.5506728048432926	0.9211887317738114	0.43033044298020745
51	0.34331191727956734	0.4702926184145209	0.36331753408626527	0.21794959719133272	0.5140190660966623	0.5906934298284323	0.5446760254824943	0.6383541100980478	0.30688505265058624	0.7308022668032146	0.46860980234730415	0.4918037917044048	0.25195704606954616	0.7557262330385491	0.5529790552656201	0.7303459794801113	0.24867537429257525	0.5720597764809856	0.7098113592828905	0.32170740186935554	0.6090048624473051	0.2494832010426702	0.2211251290785407	0.432006404825738	0.7842596773493833	0.4827432172776076	0.8471621531408853	0.795002402870638	0.11327125664512185	0.9358925775711009	0.7643276481754177	0.5549932376628512	0.08750451501200514	0.6374434174032644	0.46315024632438756	0.5616418997751529	0.9004261557560477	0.72367618453833	0.30721557940044836	0.638558805412716	0.30375003493984776	0.40417166367857776	0.24209017581753653	0.26083960009299134	0.7666755713338094	0.33449260669340375	0.595711778981945	0.5506728048489535	0.9211887317857129	0.4303286221860403
52	0.343311809892469	0.47029261842881337	0.36331819149107597	0.217949485718509	0.5140173122023426	0.5906907524204866	0.5446756399157647	0.6383541100565931	0.3068849299655493	0.7308022667962709	0.46861011503676187	0.49180236012729434	0.25195704607434083	0.7557262330204452	0.5529790552771328	0.7303467708098197	0.24867537425531744	0.5720597764929427	0.7098108835510942	0.3217078639013146	0.6090053230261141	0.24948205999124876	0.22112648137117527	0.4320064048145912	0.7842596773550878	0.48274224709622376	0.8471621531445301	0.79500237962244	0.11327125664342703	0.9358925775657115	0.7643276481995034	0.5549934252958041	0.0875045150168499	0.6374434173931292	0.4631502462923315	0.5616411450265817	0.9004275014839518	0.7236761845532235	0.3072155793980287	0.6385577210308924	0.3037484750062993	0.4041722298190173	0.24209017584157413	0.260840572323217	0.766675606217128	0.33449200972189763	0.5957109278569837	0.5506728048536675	0.9211887317959223	0.4303270194048453
53	0.3433117153477867	0.4702926184411397	0.363318770276658	0.2179493875767841	0.5140157680583768	0.5906883952033577	0.544675300459385	0.638354110021139	0.30688482195297834	0.7308022667904266	0.46861039033134466	0.49180109975544817	0.251957046078449	0.7557262330047952	0.5529790552866208	0.7303474675022472	0.24867537422324493	0.5720597765029615	0.7098104647123397	0.32170827067870705	0.6090057285238274	0.249481055402588	0.22112767194593114	0.43200640480473623	0.7842596773601601	0.48274139294006063	0.847162153147805	0.7950023591546584	0.11327125664192673	0.9358925775611099	0.7643276482202137	0.5549935904892874	0.08750451502104516	0.6374434173843067	0.46315024626496765	0.5616404805395938	0.9004286862608857	0.7236761845660246	0.30721557939590355	0.6385567663306756	0.3037471016311701	0.4041727282546244	0.24209017586213044	0.26084142828459883	0.7666756369287582	0.33449148414386654	0.5957101785184673	0.5506728048576343	0.9211887318046967	0.43032560830389427
54	0.3433116320958523	0.47029261845177117	0.36331927992971963	0.2179493011575389	0.5140144083544644	0.5906863195408828	0.5446750015493014	0.6383541099907268	0.30688472684224943	0.7308022667854668	0.46861063274344344	0.49179998992958984	0.25195704608197717	0.755726232991277	0.552979055294557	0.7303480809774366	0.2486753741956158	0.5720597765114379	0.7098100959014948	0.3217086288689179	0.6090060855870304	0.24948017080925236	0.22112872031607006	0.43200640479610064	0.7842596773646205	0.4827406408084684	0.8471621531507033	0.7950023411317707	0.11327125664061098	0.9358925775571673	0.7643276482380416	0.5549937359510689	0.08750451502467307	0.6374434173766514	0.4631502462415247	0.5616398954224292	0.900429729511646	0.7236761845770407	0.307215579394049	0.6385559256637721	0.3037458923018157	0.4041731671550751	0.24209017587976242	0.2608421820067893	0.7666756639720884	0.3344910213441298	0.5957095186840619	0.5506728048609999	0.9211887318122477	0.4303243657530332
55	0.3433115587754116	0.47029261846094006	0.36331972878359536	0.21794922504772507	0.5140132108576124	0.5906844914942169	0.5446747382979474	0.638354109964583	0.306884643078054	0.73080226678123	0.4686108462368171	0.49179901250228775	0.2519570460850123	0.7557262329796081	0.5529790553012767	0.7303486212668788	0.24867537417180482	0.5720597765186651	0.7098097710880927	0.32170894432872305	0.6090064000541862	0.2494793917461104	0.22112964362260204	0.43200640478858476	0.7842596773685104	0.4827399784030525	0.8471621531532402	0.7950023252590489	0.1132712566394653	0.9358925775537802	0.7643276482533993	0.554993864059694	0.0875045150278067	0.6374434173700262	0.4631502462213869	0.5616393801075799	0.9004306482986153	0.7236761845865292	0.30721557939243876	0.6385551852844085	0.3037448272429454	0.4041735536968075	0.2420901758949192	0.2608428458137573	0.7666756877893035	0.3344906137550277	0.5957089375647399	0.5506728048638746	0.9211887318187509	0.4303232714344216
56	0.3433114941906327	0.4702926184688457	0.3633201241589701	0.21794915800600406	0.5140121560366283	0.5906828812486883	0.5446745064116982	0.6383541099420738	0.30688456929411256	0.7308022667775926	0.4686110342935394	0.4917981515314454	0.2519570460876263	0.7557262329695428	0.5529790553070223	0.7303490971829661	0.24867537415128105	0.5720597765248645	0.7098094849744879	0.321709222203193	0.6090066770542485	0.2494787055059747	0.2211304569237048	0.43200640478207813	0.7842596773718808	0.48273939491995443	0.8471621531554417	0.7950023112775828	0.11327125663847319	0.9358925775508649	0.7643276482666341	0.5549939769046589	0.08750451503051045	0.637443417364305	0.4631502462040545	0.561638926190201	0.9004314576101908	0.7236761845947055	0.30721557939104616	0.638554533117189	0.30374388908255484	0.40417389418420113	0.24209017590796866	0.260843430531902	0.7666757087688533	0.3344902547285812	0.5957084256825644	0.5506728048663425	0.9211887318243549	0.43032230749934536
57	0.3433114372909034	0.4702926184756596	0.36332047248754057	0.21794909894177975	0.514011226732156	0.5906814626101561	0.5446743021183369	0.6383541099226733	0.3068845042900808	0.730802266774458	0.46861119997282624	0.49179739301096487	0.2519570460898793	0.7557262329608674	0.5529790553119736	0.7303495164678885	0.24867537413359136	0.5720597765302072	0.7098092329063614	0.32170946701260494	0.6090069210933144	0.24947810092488484	0.22113117344905414	0.4320064047764693	0.7842596773747864	0.4827388808673249	0.8471621531573397	0.7950022989599043	0.11327125663761806	0.9358925775483523	0.7643276482780413	0.5549940763217125	0.08750451503284087	0.6374434173593736	0.4631502461891161	0.5616385262861174	0.9004321706141927	0.7236761846017526	0.3072155793898458	0.6385539585531051	0.3037430625583857	0.40417419415606776	0.24209017591921578	0.26084394567293306	0.7666757272520149	0.33448993842416147	0.595707974710571	0.5506728048684694	0.9211887318291849	0.4303214582666549
58	0.34331138715308857	0.47029261848153014	0.3633207794206211	0.21794904689678257	0.5140104078668961	0.5906802125626963	0.5446741221033518	0.6383541099059411	0.30688444701127116	0.7308022667717485	0.4686113459626988	0.49179672463421387	0.25195704609182207	0.7557262329533955	0.5529790553162661	0.7303498859243955	0.2486753741183474	0.572059776534828	0.709809010794125	0.32170968272877254	0.6090071361307239	0.24947756819354427	0.22113180482319014	0.4320064047716519	0.7842596773772803	0.4827384279050275	0.8471621531589668	0.7950022881061469	0.11327125663688367	0.9358925775461847	0.7643276482878729	0.5549941639238578	0.08750451503484759	0.63744341735513	0.46315024617622885	0.5616381739071247	0.9004327988803874	0.7236761846078268	0.307215579388814	0.638553452270386	0.30374233426014036	0.4041744584791757	0.24209017592891627	0.2608443995944806	0.7666757435386563	0.3344896597098435	0.595707577332151	0.5506728048703078	0.9211887318333482	0.4303207099579324
59	0.34331134296595534	0.4702926184865851	0.3633210499244838	0.21794900102890313	0.5140096861912239	0.5906791108803139	0.5446739634540158	0.6383541098915042	0.3068843965308531	0.7308022667694014	0.4686114746253354	0.49179613558638535	0.25195704609349745	0.7557262329469651	0.5529790553200052	0.7303502115305822	0.24867537410521534	0.5720597765388354	0.7098088150439258	0.3217098728420527	0.6090073256458618	0.24947709869179585	0.22113236126160524	0.4320064047675271	0.784259677379413	0.4827380287039231	0.8471621531603551	0.7950022785406728	0.11327125663625506	0.9358925775443138	0.7643276482963447	0.5549942411285675	0.08750451503657389	0.6374434173514838	0.46315024616510453	0.5616378633515208	0.9004333525758048	0.7236761846130613	0.3072155793879292	0.638553006077231	0.30374169240319315	0.40417469143035395	0.24209017593728605	0.2608447996410895	0.7666757578922958	0.33448941407581184	0.5957072271176086	0.5506728048719003	0.9211887318369358	0.430320050465012
60	0.3433113040165048	0.4702926184909351	0.3633212883640297	0.21794896059800453	0.514009050059948	0.5906781397861811	0.5446738236103116	0.6383541098790462	0.3068843520342336	0.730802266767365	0.46861158803687153	0.49179561636227664	0.25195704609494235	0.7557262329414356	0.5529790553232737	0.7303504985406217	0.24867537409390747	0.5720597765423179	0.7098086424970955	0.321710040420151	0.6090074926967839	0.2494766848433618	0.2211328517428338	0.4320064047640054	0.7842596773812307	0.4827376768223803	0.8471621531615348	0.7950022701091132	0.11327125663571855	0.9358925775426982	0.7643276483036422	0.5549943091816669	0.08750451503805752	0.6374434173483554	0.46315024615549877	0.5616375896080389	0.9004338406361313	0.7236761846175709	0.30721557938717226	0.6385526127737935	0.3037411266300061	0.4041748967685464	0.242090175944509	0.26084515226795624	0.7666757705445415	0.33448919755836876	0.5957069184158317	0.5506728048732823	0.9211887318400269	0.43031946914596036
61	0.3433112696779788	0.47029261849467613	0.3633214985762044	0.2179489249534735	0.5140084892364345	0.5906772836536461	0.5446737003218711	0.6383541098682958	0.30688431280535317	0.730802266765596	0.46861168802232156	0.49179515860640616	0.25195704609618824	0.7557262329366847	0.5529790553261388	0.7303507515731491	0.24867537408417553	0.5720597765453488	0.7098084903770232	0.3217101881597192	0.6090076399716541	0.24947631998839473	0.2211332841594504	0.43200640476100644	0.7842596773827751	0.4827373665979243	0.847162153162533	0.795002262675772	0.11327125663526191	0.9358925775413033	0.7643276483099257	0.5549943691782897	0.08750451503933133	0.6374434173456751	0.4631502461472033	0.561637348271557	0.9004342709160797	0.7236761846214546	0.307215579386526	0.6385522660310823	0.30374062783589256	0.4041750777980352	0.242090175950742	0.2608454631494982	0.7666757816989874	0.3344890066732591	0.5957066462592395	0.550672804874483	0.9211887318426889	0.4303189566460685
62	0.3433112393993392	0.47029261849789095	0.3633216839344066	0.21794889352329877	0.5140079947207639	0.5906765287439218	0.5446735916101986	0.6383541098590205	0.3068842782146639	0.7308022667640581	0.4686117761862151	0.4917947549727471	0.25195704609726227	0.7557262329326065	0.5529790553286554	0.7303509746887996	0.24867537407580498	0.5720597765479898	0.709808356242545	0.32171031843162246	0.609007769833872	0.24947599827166578	0.2211336654505451	0.43200640475845925	0.7842596773840835	0.48273709305218027	0.8471621531633745	0.7950022561213478	0.11327125663487432	0.9358925775400986	0.7643276483153332	0.5549944220812624	0.08750451504042386	0.637443417343382	0.4631502461400395	0.5616371354691481	0.9004346503213003	0.7236761846247973	0.30721557938597543	0.6385519602847202	0.3037401880161606	0.4041752374239068	0.24209017595611995	0.2608457372746046	0.7666757915346312	0.33448883835717635	0.5957064062803933	0.5506728048755268	0.9211887318449804	0.4303185047408076
63	0.34331121269603737	0.47029261850065135	0.36332184740499174	0.21794886580448974	0.5140075585989792	0.590675862975968	0.5446734957355311	0.6383541098510204	0.3068842477085831	0.73080226676272	0.46861185393947347	0.49179439900167654	0.25195704609818775	0.7557262329291092	0.5529790553308697	0.7303511714582294	0.24867537406861032	0.572059776550293	0.709808237947054	0.3217104333206508	0.6090078843616608	0.24947571454447887	0.22113400171794179	0.4320064047563013	0.7842596773851885	0.48273685180748216	0.8471621531640813	0.7950022503409349	0.11327125663454617	0.9358925775390586	0.7643276483199838	0.5549944687372323	0.08750451504135992	0.6374434173414227	0.4631502461338542	0.5616369477952076	0.9004349849240938	0.7236761846276729	0.30721557938550725	0.6385516906417414	0.30373980013201907	0.40417537820071275	0.24209017596075885	0.26084597903019696	0.7666758002088718	0.33448868991644864	0.5957061946388421	0.5506728048764352	0.9211887318469515	0.43031810619806043
64	0.34331118914191744	0.47029261850301957	0.3633219915968408	0.21794884135467146	0.514007173910838	0.5906752757246166	0.5446734111677647	0.6383541098441224	0.30688422080024186	0.7308022667615554	0.4686119225229875	0.4917940850120288	0.25195704609898484	0.755726232926113	0.5529790553328201	0.7303513450217873	0.24867537406243106	0.5720597765523028	0.7098081336026312	0.32171053466035704	0.6090079853827961	0.2494754642786252	0.22113429832815343	0.43200640475447777	0.784259677386119	0.48273663901371905	0.8471621531646724	0.7950022452422703	0.11327125663426912	0.9358925775381611	0.7643276483239806	0.5549945098908162	0.08750451504216103	0.6374434173397513	0.46315024612851524	0.5616367822545426	0.9004352800649165	0.723676184630145	0.30721557938511007	0.638551452798829	0.3037394579929453	0.4041755023751559	0.24209017596475876	0.2608461922745342	0.7666758078601407	0.3344885589820234	0.5957060079569461	0.5506728048772259	0.9211887318486461	0.43031775465726374
65	0.3433111683621126	0.4702926185050494	0.3633221188048469	0.2179488197847106	0.5140068345337916	0.5906747576434686	0.5446733365609501	0.638354109838178	0.3068841970613689	0.7308022667605416	0.4686119830283019	0.49179380800639444	0.25195704609967096	0.7557262329235489	0.55297905533454	0.7303514981418635	0.24867537405712822	0.5720597765540574	0.7098080415485749	0.3217106240636192	0.6090080745050735	0.24947524349089623	0.2211345600018284	0.43200640475294116	0.7842596773868997	0.48273645128415704	0.8471621531651647	0.7950022407441961	0.11327125663403584	0.9358925775373869	0.7643276483274132	0.5549945461970122	0.08750451504284583	0.6374434173383275	0.46315024612390837	0.5616366362124453	0.9004355404414253	0.7236761846322686	0.30721557938477384	0.638551242970584	0.30373915615348746	0.40417561192354073	0.2420901759682061	0.2608463804015234	0.766675814610208	0.3344884434699764	0.595705843263576	0.5506728048779145	0.921188731850102	0.43031744452338055
66	0.343311150026813	0.4702926185067873	0.3633222310480684	0.21794880075224587	0.514006535081195	0.5906743005095096	0.5446732707309151	0.6383541098330576	0.30688417611516994	0.7308022667596589	0.4686120364157624	0.4917935635880348	0.2519570461002612	0.7557262329213571	0.5529790553360573	0.7303516332488172	0.2486753740525817	0.5720597765555897	0.7098079603237916	0.3217107029494556	0.609008153143039	0.2494750486768576	0.22113479089222707	0.43200640475165003	0.7842596773875529	0.482736285639133	0.8471621531655729	0.7950022367753093	0.11327125663384005	0.935892577536719	0.7643276483303586	0.5549945782320896	0.08750451504343044	0.637443417337117	0.46315024611993505	0.5616365073508892	0.9004357701865977	0.7236761846340913	0.30721557938448985	0.6385510578265933	0.3037388898227258	0.4041757085846294	0.2420901759711756	0.2608465463971426	0.7666758205662086	0.3344883415468643	0.5957056979447177	0.550672804878514	0.9211887318513516	0.4303171708738786
67	0.3433111338457971	0.47029261850827375	0.36332233010320564	0.21794878395601153	0.5140062708129922	0.5906738970867714	0.5446732126356305	0.63835410982865	0.3068841576300801	0.7308022667588902	0.46861208353043926	0.4917933478879795	0.2519570461007686	0.7557262329194859	0.552979055337397	0.7303517524812756	0.2486753740486874	0.572059776556928	0.7098078886425706	0.3217107725665522	0.6090082225414428	0.24947487675273877	0.22113499465408112	0.4320064047505688	0.7842596773880969	0.4827361394566492	0.8471621531659096	0.7950022332727785	0.11327125663367633	0.9358925775361435	0.7643276483328837	0.5549946065031448	0.08750451504392881	0.6374434173360891	0.46315024611650984	0.5616363936300943	0.9004359729372744	0.7236761846356544	0.30721557938425054	0.6385508944362098	0.30373865478483103	0.4041757938884716	0.242090175973732	0.26084669288894907	0.7666758258224172	0.3344882515993241	0.5957055697001299	0.5506728048790362	0.9211887318524233	0.43031692937710836
68	0.3433111195636334	0.47029261850954357	0.3633224175339786	0.21794876913085603	0.5140060375573398	0.5906735410066879	0.5446731613579798	0.6383541098248584	0.30688414131428104	0.7308022667582207	0.46861212511610045	0.4917931575010527	0.25195704610120434	0.7557262329178908	0.5529790553385804	0.730351857721496	0.24867537404535534	0.5720597765580974	0.7098078253733247	0.3217108340139098	0.6090082837958221	0.249474725004441	0.22113517450402062	0.43200640474966634	0.7842596773885483	0.482736010429019	0.8471621531661855	0.7950022301813042	0.11327125663353983	0.9358925775356478	0.7643276483350463	0.554994631456485	0.08750451504435308	0.6374434173352184	0.4631502461135589	0.5616362932547991	0.9004361518943061	0.7236761846369937	0.3072155793840496	0.6385507502200947	0.30373844732935246	0.40417586918170334	0.2420901759759313	0.26084682218952515	0.7666758304618072	0.33448817220739535	0.5957054565053106	0.550672804879491	0.9211887318533415	0.4303167162206784
69	0.34331110695546846	0.470292618510627	0.36332249471690986	0.2179487560433699	0.5140058316418185	0.5906732266630891	0.5446731160906377	0.6383541098215991	0.3068841269108894	0.7308022667576378	0.4686121618274753	0.4917929894297252	0.2519570461015784	0.7557262329165325	0.552979055339626	0.7303519506264043	0.24867537404250759	0.5720597765591189	0.709807769519932	0.3217108882589648	0.6090083378705639	0.24947459104278324	0.22113533327360893	0.43200640474891616	0.7842596773889209	0.48273589652481574	0.8471621531664102	0.7950022274522077	0.11327125663342655	0.9358925775352208	0.7643276483368965	0.5549946534849888	0.08750451504471368	0.6374434173344821	0.4631502461110181	0.5616362046446598	0.9004363098753401	0.7236761846381398	0.3072155793838812	0.6385506229076887	0.3037382641900351	0.404175935649751	0.24209017597782184	0.26084693633460776	0.7666758345574194	0.33448810212110675	0.5957053565781159	0.5506728048798872	0.9211887318541274	0.4303165280485935
70	0.34331109582333	0.47029261851155	0.3633225628639568	0.21794874448804813	0.5140056498330535	0.5906729491200287	0.5446730761227959	0.6383541098187998	0.3068841141937327	0.7308022667571303	0.4686121942410191	0.49179284103483006	0.2519570461018992	0.7557262329153782	0.5529790553405501	0.7303520326548361	0.24867537404007678	0.5720597765600115	0.7098077202053589	0.32171093615349516	0.6090083856147616	0.2494744727642188	0.22113547345589532	0.4320064047482952	0.7842596773892268	0.4827357959554735	0.8471621531665916	0.7950022250426299	0.11327125663333291	0.9358925775348537	0.7643276483384775	0.5549946729345644	0.08750451504501962	0.6374434173338609	0.46315024610883204	0.5616361264082655	0.9004364493611535	0.7236761846391195	0.3072155793837407	0.6385505104998811	0.30373810249111505	0.4041759943363217	0.24209017597944588	0.26084703711655927	0.7666758381735628	0.3344880402399242	0.5957052683494594	0.5506728048802322	0.9211887318547993	0.4303163619060753
71	0.34331108599288174	0.4702926185123352	0.3633226230423807	0.21794873428392117	0.5140054892837045	0.5906727040308634	0.54467304082851	0.6383541098163975	0.30688410296364177	0.7308022667566885	0.4686122228643639	0.49179270999229396	0.25195704610217384	0.7557262329143989	0.5529790553413673	0.7303521050914548	0.2486753740380047	0.5720597765607913	0.709807676657281	0.3217109784475845	0.6090084277761352	0.2494743683163475	0.22113559724628623	0.432006404747784	0.7842596773894764	0.48273570714596414	0.8471621531667368	0.7950022229148289	0.11327125663325602	0.935892577534538	0.7643276483398267	0.5549946901098219	0.08750451504527869	0.6374434173333383	0.4631502461069526	0.5616360573203281	0.9004365725363302	0.7236761846399561	0.30721557938362387	0.6385504112362353	0.30373795970017153	0.40417604616051367	0.24209017598083965	0.2608471261137512	0.7666758413668681	0.3344879855947078	0.5957051904375882	0.5506728048805325	0.9211887318553731	0.43031621519112045
72	0.34331107731057303	0.470292618513002	0.3633226761921935	0.21794872527159645	0.5140053474859201	0.5906724875671983	0.544673009656467	0.6383541098143379	0.3068840930451946	0.7308022667563039	0.4686122481446168	0.49179259425514527	0.25195704610240893	0.7557262329135693	0.5529790553420898	0.7303521690677527	0.24867537403624104	0.5720597765614728	0.7098076381954579	0.32171101580188427	0.6090084650132543	0.2494742760676333	0.22113570657843207	0.4320064047473655	0.7842596773896786	0.48273562870905	0.8471621531668516	0.7950022210355635	0.11327125663319322	0.9358925775342671	0.7643276483409768	0.5549947052790523	0.08750451504549761	0.6374434173328997	0.46315024610533806	0.5616359963016506	0.9004366813249767	0.7236761846406694	0.30721557938352706	0.6385503235662116	0.3037378335867275	0.4041760919318413	0.24209017598203464	0.26084720471636624	0.766675844187214	0.3344879373318689	0.5957051216254954	0.5506728048807942	0.9211887318558625	0.4303160856119637
73	0.3433110696411364	0.4702926185135674	0.36332272314147934	0.21794871731066037	0.5140052222304601	0.5906722963564863	0.5446729821209993	0.6383541098125739	0.30688408428385694	0.730802266755969	0.4686122704756478	0.49179249202014746	0.25195704610260977	0.7557262329128683	0.552979055342729	0.7303522255804943	0.24867537403474224	0.5720597765620682	0.709807604220646	0.3217110487983818	0.6090084979062731	0.24947419458080985	0.22113580315574444	0.43200640474702523	0.7842596773898407	0.4827355594226726	0.847162153166941	0.79500221937555	0.11327125663314229	0.9358925775340345	0.7643276483419553	0.5549947186786004	0.08750451504568219	0.6374434173325328	0.4631502461039523	0.5616359424015382	0.9004367774220873	0.7236761846412769	0.30721557938344735	0.638550246123893	0.3037377221858923	0.4041761323634298	0.24209017598305832	0.26084727414905745	0.766675846678541	0.3344878946994566	0.5957050608410829	0.5506728048810218	0.921188731856279	0.43031597114972314
74	0.34331106286538926	0.47029261851404575	0.36332276461985363	0.2179487102773961	0.5140051115707893	0.5906721274272152	0.544672957794191	0.6383541098110648	0.30688407654347066	0.7308022667556778	0.4686122902044911	0.4917924016984922	0.2519570461027813	0.7557262329122774	0.5529790553432943	0.7303522755079164	0.24867537403347087	0.5720597765625883	0.7098075742048588	0.3217110779498593	0.6090085269663579	0.2494741225895203	0.2211358884790805	0.4320064047467509	0.7842596773899694	0.4827354982100904	0.8471621531670094	0.795002217908988	0.11327125663310135	0.9358925775338349	0.7643276483427869	0.554994730516707	0.08750451504583738	0.637443417332227	0.46315024610276406	0.5616358947823445	0.900436862321096	0.7236761846417932	0.30721557938338206	0.6385501777057863	0.3037376237664261	0.40417616808360535	0.2420901759839341	0.26084733549085204	0.7666758488795637	0.3344878570349364	0.5957050071397375	0.5506728048812201	0.9211887318566331	0.4303158700255866
75	0.3433110568783021	0.47029261851444953	0.3633228012702866	0.21794870406277894	0.5140050137915331	0.5906719781607531	0.5446729362989431	0.6383541098097752	0.306884069704047	0.7308022667554244	0.4686123076369689	0.4917923218900505	0.25195704610292746	0.7557262329117803	0.5529790553437945	0.7303523196239609	0.24867537403239434	0.5720597765630426	0.7098075476828106	0.3217111037082037	0.6090085526439728	0.24947405897779454	0.2211359638710646	0.43200640474653185	0.78425967739007	0.48273544412243	0.84716215316706	0.7950022166131401	0.11327125663306886	0.9358925775336642	0.764327648343492	0.5549947409768826	0.08750451504596755	0.6374434173319729	0.46315024610174615	0.5616358527058988	0.9004369373380796	0.7236761846422314	0.307215579383329	0.6385501172513188	0.30373753680268345	0.4041761996460775	0.24209017598468255	0.2608473896926378	0.7666758508243998	0.33448782375445324	0.5957049596890226	0.5506728048813924	0.9211887318569338	0.4303157806719852
76	0.3433110515873017	0.47029261851478965	0.36332283365949286	0.21794869857071425	0.514004927380758	0.5906718462490339	0.5446729173028803	0.6383541098086748	0.30688406365982823	0.7308022667552041	0.46861232304263334	0.4917922513607483	0.2519570461030518	0.7557262329113633	0.5529790553442373	0.7303523586107807	0.24867537403148487	0.5720597765634395	0.709807524244398	0.32171112647170874	0.6090085753361572	0.2494740027620164	0.22113603049746053	0.43200640474635904	0.7842596773901475	0.48273539632335316	0.8471621531670965	0.7950022154679665	0.11327125663304334	0.9358925775335182	0.764327648344089	0.5549947502208737	0.0875045150460763	0.637443417331763	0.46315024610087524	0.5616358155215765	0.9004370036330268	0.7236761846426025	0.3072155793832861	0.6385500638257	0.3037374599499598	0.40417622753888677	0.2420901759853214	0.26084743759252815	0.7666758525431203	0.3344877943433969	0.5957049177552278	0.5506728048815424	0.9211887318571884	0.43031570170726247
77	0.3433110469107794	0.47029261851507526	0.36332286228706323	0.21794869371648928	0.5140048510056106	0.5906717296573686	0.5446729005129949	0.638354109807737	0.3068840583175827	0.7308022667550125	0.4686123366591098	0.4917921890226815	0.2519570461031576	0.7557262329110148	0.552979055344629	0.7303523930697317	0.24867537403071824	0.5720597765637863	0.7098075035280917	0.3217111465914926	0.6090085953929237	0.24947395307507383	0.22113608938595428	0.43200640474622487	0.7842596773902056	0.4827353540755808	0.8471621531671212	0.7950022144558008	0.11327125663302363	0.9358925775333935	0.7643276483445932	0.5549947583912688	0.08750451504616695	0.6374434173315904	0.46315024610013095	0.5616357826558166	0.9004370622285292	0.7236761846429162	0.30721557938325184	0.6385500166048602	0.3037373920228241	0.4041762521922679	0.24209017598586588	0.26084747992936663	0.7666758540622353	0.33448776834811006	0.5957048806915455	0.5506728048816729	0.9211887318574038	0.4303156319134119
78	0.34331104277678004	0.47029261851531445	0.36332288759349085	0.21794868942541207	0.5140047834909027	0.5906716265917544	0.5446728856709401	0.638354109806939	0.30688405359510756	0.7308022667548458	0.46861234869591467	0.4917921339166368	0.25195704610324726	0.7557262329107245	0.5529790553449758	0.7303524235310342	0.24867537403007373	0.572059776564089	0.709807485215129	0.32171116437713915	0.6090086131228821	0.24947390915242748	0.22113614144266586	0.4320064047461228	0.7842596773902478	0.48273531672904785	0.8471621531671362	0.7950022135610668	0.1132712566330088	0.9358925775332869	0.764327648345018	0.5549947656137888	0.08750451504624207	0.6374434173314493	0.4631502460994957	0.5616357536029055	0.9004371140262118	0.7236761846431807	0.3072155793832247	0.6385499748622097	0.3037373319760726	0.4041762739855627	0.24209017598632918	0.2608475173545979	0.7666758554051178	0.33448774536859927	0.5957048479276801	0.5506728048817864	0.9211887318575854	0.43031557021650724
79	0.3433110391218492	0.47029261851551407	0.3633229099672293	0.2179486856316148	0.5140047238002835	0.5906715354701324	0.5446728725488901	0.6383541098062613	0.30688404941991165	0.7308022667547011	0.4686123593378117	0.4917920851967232	0.25195704610332315	0.7557262329104837	0.5529790553452828	0.7303524504622682	0.24867537402953346	0.5720597765643534	0.7098074690244055	0.3217111801016578	0.6090086287981825	0.24947387031986148	0.22113618746666633	0.4320064047460472	0.7842596773902769	0.4827352837104878	0.8471621531671435	0.7950022127700281	0.11327125663299797	0.9358925775331961	0.7643276483453749	0.5549947719993019	0.08750451504630413	0.6374434173313348	0.4631502460989543	0.5616357279168755	0.9004371598211804	0.7236761846434033	0.3072155793832037	0.6385499379569987	0.30373727888798274	0.4041762932532974	0.24209017598672286	0.2608475504427043	0.7666758565923807	0.33448772505212687	0.5957048189607106	0.550672804881885	0.9211887318577381	0.43031551566949666
80	0.3433110358900193	0.47029261851568	0.36332292975089786	0.2179486822770014	0.5140046710196821	0.590671454897112	0.5446728609459002	0.6383541098056865	0.3068840457280569	0.7308022667545752	0.4686123687477648	0.4917920421168581	0.25195704610338726	0.7557262329102848	0.5529790553455546	0.7303524742758432	0.24867537402908202	0.5720597765645842	0.7098074547079842	0.3217111940058455	0.6090086426588643	0.2494738359827115	0.22113622816274386	0.43200640474599344	0.7842596773902955	0.48273525451427435	0.8471621531671446	0.7950022120705695	0.1132712566329904	0.935892577533119	0.7643276483456741	0.554994777645595	0.08750451504635505	0.6374434173312427	0.46315024609849353	0.5616357052043789	0.9004372003147241	0.72367618464359	0.3072155793831876	0.6385499053240797	0.30373723194558766	0.4041763102905271	0.2420901759870567	0.2608475797003845	0.7666758576422043	0.334487707087575	0.595704793347056	0.5506728048819708	0.9211887318578662	0.43031546743707205
81	0.3433110330319181	0.4702926185158174	0.3633229472467406	0.2179486793103221	0.5140046243427445	0.59067138364174	0.5446728506847063	0.6383541098052001	0.3068840424631401	0.730802266754466	0.4686123770695332	0.49179200401887996	0.25195704610344133	0.7557262329101215	0.5529790553457953	0.7303524953355693	0.24867537402870624	0.5720597765647857	0.7098074420471466	0.321711206302123	0.60900865491668	0.2494738056163907	0.22113626415263232	0.4320064047459575	0.7842596773903053	0.4827352286943657	0.8471621531671408	0.7950022114520037	0.11327125663298553	0.9358925775330534	0.7643276483459239	0.554994782638931	0.08750451504639664	0.6374434173311693	0.46315024609810207	0.5616356851184215	0.9004372361254883	0.7236761846437461	0.3072155793831757	0.6385498764649044	0.30373719043172287	0.40417632535753695	0.24209017598733926	0.260847605574626	0.7666758585706265	0.33448769120048927	0.5957047706954075	0.5506728048820453	0.9211887318579733	0.43031542478236096
82	0.3433110305039843	0.47029261851593057	0.36332296272142844	0.21794867668635903	0.5140045830580224	0.5906713206179426	0.544672841608907	0.6383541098047895	0.3068840395753965	0.7308022667543711	0.46861238442995645	0.49179197032209176	0.25195704610348674	0.7557262329099884	0.5529790553460083	0.730352513962437	0.24867537402839468	0.5720597765649617	0.7098074308489161	0.32171121717790957	0.6090086657584597	0.24947377875805485	0.22113629598488926	0.4320064047459361	0.7842596773903083	0.48273520585721785	0.8471621531671333	0.7950022109049008	0.1132712566329828	0.9358925775329978	0.7643276483461319	0.55499478705542	0.0875045150464303	0.6374434173311117	0.4631502460977701	0.5616356673528503	0.9004372677993051	0.7236761846438762	0.3072155793831672	0.6385498509396014	0.303737153713633	0.40417633868397723	0.24209017598757787	0.26084762845980697	0.7666758593917976	0.33448767714871747	0.595704750660513	0.5506728048821099	0.9211887318580627	0.4303153870552191
83	0.3433110282677771	0.47029261851602316	0.36332297641028427	0.21794867436520987	0.5140045465377004	0.5906712648673172	0.544672833580487	0.6383541098044436	0.30688403702091166	0.7308022667542888	0.4686123909409636	0.4917919405140593	0.2519570461035248	0.7557262329098804	0.5529790553461971	0.7303525304397037	0.24867537402813766	0.5720597765651151	0.7098074209430012	0.32171122679859293	0.6090086753490711	0.2494737549992685	0.22113632414358803	0.4320064047459264	0.7842596773903059	0.4827351856555489	0.847162153167123	0.79500221042094	0.11327125663298183	0.9358925775329509	0.7643276483463042	0.554994790962225	0.08750451504645732	0.637443417331067	0.46315024609748917	0.5616356516375008	0.9004372958178419	0.723676184643984	0.3072155793831614	0.6385498283600084	0.303737121232945	0.40417635047250206	0.24209017598777888	0.2608476487039451	0.7666758601182048	0.33448766471857355	0.5957047329377049	0.5506728048821661	0.9211887318581368	0.43031535368192847
84	0.3433110262893692	0.4702926185160985	0.3633229885210015	0.21794867231165715	0.5140045142276752	0.5906712155439883	0.5446728264776353	0.6383541098041532	0.30688403476092685	0.7308022667542173	0.46861239670134214	0.49179191414251416	0.2519570461035566	0.7557262329097936	0.5529790553463643	0.7303525450173692	0.24867537402792672	0.5720597765652491	0.7098074121791047	0.3217112353101424	0.6090086838340248	0.24947373397955108	0.2211363490559662	0.43200640474592594	0.7842596773902991	0.4827351677828514	0.8471621531671104	0.7950022099927773	0.11327125663298224	0.9358925775329111	0.7643276483464461	0.5549947944186232	0.08750451504647877	0.6374434173310333	0.46315024609725197	0.5616356377339295	0.9004373206062126	0.723676184644073	0.3072155793831579	0.6385498083835369	0.30373709249684466	0.404176360901972	0.24209017598794777	0.26084766661419717	0.7666758607608688	0.3344876537214604	0.5957047172580868	0.5506728048822148	0.9211887318581979	0.430315324156132
85	0.3433110245388118	0.4702926185161593	0.3633229992369175	0.21794867049461333	0.5140044856388232	0.5906711719012756	0.5446728201928256	0.6383541098039098	0.30688403276122883	0.7308022667541554	0.4686124017982948	0.49179189080822594	0.25195704610358305	0.7557262329097248	0.5529790553465124	0.730352557916116	0.24867537402775478	0.572059776565366	0.7098074044245545	0.3217112428414096	0.6090086913417677	0.2494737153806957	0.2211363710991598	0.4320064047459329	0.784259677390289	0.48273515196856215	0.8471621531670963	0.7950022096139301	0.11327125663298375	0.9358925775328779	0.7643276483465625	0.5549947974769405	0.08750451504649553	0.6374434173310085	0.46315024609705213	0.5616356254316549	0.9004373425396773	0.7236761846441462	0.30721557938315625	0.638549790707774	0.3037370670703107	0.40417637013027247	0.24209017598808924	0.2608476824616992	0.7666758613295183	0.33448764399089786	0.5957047033842962	0.5506728048822571	0.9211887318582483	0.43031529803085317
86	0.34331102298966387	0.4702926185162078	0.3633230087198952	0.2179486688866324	0.5140044603393125	0.5906711332799585	0.5446728146311262	0.6383541098037068	0.30688403099161177	0.7308022667541016	0.46861240630881007	0.4917918701587266	0.2519570461036049	0.755726232909671	0.5529790553466436	0.7303525693307773	0.24867537402761575	0.5720597765654679	0.7098073975622188	0.32171124950615365	0.6090086979857013	0.24947369892176754	0.22113639060613005	0.4320064047459455	0.7842596773902766	0.482735137973809	0.8471621531670812	0.7950022092786749	0.11327125663298608	0.9358925775328497	0.7643276483466572	0.5549948001833735	0.08750451504650844	0.6374434173309912	0.4631502460968842	0.5616356145448499	0.9004373619495417	0.7236761846442059	0.3072155793831561	0.6385497750657284	0.30373704456927614	0.4041763782967958	0.2420901759882074	0.26084769648582895	0.7666758618327421	0.3344876353799058	0.5957046911067723	0.5506728048822938	0.9211887318582894	0.4303152749114705
87	0.3433110216185778	0.47029261851624604	0.3633230171128603	0.21794866746347905	0.5140044379478327	0.5906710990979416	0.544672809708712	0.638354109803538	0.30688402942540377	0.7308022667540552	0.4686124103008693	0.4917918518827851	0.251957046103623	0.7557262329096295	0.5529790553467598	0.7303525794333929	0.2486753740275043	0.5720597765655568	0.7098073914886691	0.3217112554048243	0.6090087038659603	0.24947368435469944	0.22113640787088382	0.4320064047459624	0.7842596773902624	0.48273512558766646	0.8471621531670656	0.7950022089819584	0.11327125663298902	0.9358925775328263	0.764327648346734	0.5549948025787141	0.08750451504651813	0.6374434173309798	0.4631502460967436	0.5616356049094279	0.90043737912835	0.7236761846442543	0.307215579383157	0.6385497612216458	0.3037370246546079	0.40417638552462626	0.24209017598830562	0.26084770889795805	0.7666758622781245	0.3344876277586999	0.5957046802404719	0.5506728048823255	0.9211887318583227	0.43031525444953084
88	0.3433110204049345	0.47029261851627585	0.36332302454203647	0.21794866620375028	0.5140044181276333	0.5906710688411522	0.5446728053515536	0.6383541098033984	0.30688402803904974	0.7308022667540148	0.46861241383450986	0.4917918357055409	0.2519570461036379	0.7557262329095983	0.5529790553468628	0.7303525883758974	0.248675374027416	0.5720597765656344	0.7098073861125641	0.32171126062613326	0.6090087090709777	0.24947367146041313	0.22113642315307078	0.4320064047459825	0.7842596773902469	0.48273511462385754	0.8471621531670495	0.795002208719317	0.11327125663299244	0.9358925775328066	0.7643276483467951	0.5549948046989875	0.08750451504652519	0.6374434173309734	0.4631502460966262	0.5616355963804776	0.9004373943344601	0.7236761846442932	0.30721557938315885	0.6385497489673212	0.3037370070268036	0.40417639192246446	0.24209017598838695	0.2608477198847576	0.7666758626723635	0.3344876210126623	0.5957046706219757	0.550672804882353	0.9211887318583495	0.4303152363373011
89	0.34331101933052155	0.4702926185162985	0.36332303111891395	0.2179486650885414	0.5140044005812707	0.590671042055523	0.5446728014942628	0.6383541098032833	0.3068840268117442	0.73080226675398	0.46861241696276096	0.4917918213842167	0.25195704610364994	0.7557262329095756	0.552979055346954	0.7303525962924913	0.248675374027347	0.572059776565702	0.7098073813532235	0.32171126524843685	0.609008713678864	0.24947366004540247	0.2211364366820328	0.4320064047460049	0.7842596773902307	0.4827351049178483	0.8471621531670336	0.7950022084868091	0.11327125663299616	0.9358925775327905	0.7643276483468436	0.5549948065760134	0.08750451504653005	0.6374434173309708	0.4631502460965286	0.5616355888300023	0.9004374077960725	0.723676184644324	0.3072155793831614	0.6385497381188531	0.3037369914213204	0.4041763975863232	0.24209017598845395	0.26084772961110925	0.766675863021375	0.33448761504055396	0.5957046621069395	0.5506728048823769	0.9211887318583708	0.43031522030296837
90	0.3433110183792496	0.4702926185163152	0.36332303694198403	0.21794866410115168	0.5140043850459814	0.5906710183399279	0.5446727980790748	0.6383541098031891	0.3068840257251074	0.7308022667539499	0.46861241973246914	0.4917918087043416	0.25195704610365965	0.75572623290956	0.552979055347035	0.7303526033017282	0.24867537402729412	0.5720597765657608	0.7098073771393745	0.3217112693409562	0.609008717758623	0.24947364993872276	0.22113644866037213	0.4320064047460287	0.7842596773902141	0.48273509632428857	0.8471621531670176	0.795002208280952	0.11327125663300007	0.9358925775327769	0.7643276483468814	0.5549948082379016	0.08750451504653317	0.6374434173309714	0.46315024609644784	0.5616355821449294	0.9004374197147814	0.7236761846443482	0.3072155793831644	0.6385497285137809	0.30373697760445934	0.4041764026010206	0.24209017598850888	0.2608477382226706	0.7666758633303856	0.3344876097529398	0.5957046545678483	0.5506728048823976	0.9211887318583873	0.4303152061064114
91	0.3433110175369036	0.4702926185163272	0.3633230420982672	0.21794866322682563	0.5140043712896042	0.5906709973399572	0.5446727950549528	0.6383541098031125	0.3068840247629002	0.7308022667539238	0.4686124221850249	0.4917917974764228	0.2519570461036675	0.7557262329095499	0.5529790553471067	0.7303526095083545	0.2486753740272546	0.5720597765658122	0.7098073734080446	0.32171127296484997	0.6090087213712219	0.24947364098933825	0.2211364592670952	0.43200640474605345	0.7842596773901974	0.4827350887147557	0.8471621531670023	0.7950022080986688	0.11327125663300411	0.935892577532766	0.7643276483469104	0.5549948097094884	0.0875045150465348	0.6374434173309743	0.46315024609638134	0.5616355762253549	0.9004374302687023	0.7236761846443669	0.3072155793831678	0.6385497200085652	0.3037369653697391	0.4041764070414967	0.24209017598855354	0.26084774584813525	0.7666758636040129	0.33448760507080066	0.5957046478920383	0.5506728048824154	0.9211887318584002	0.4303151935354741
92	0.3433110167909218	0.47029261851633514	0.36332304666466075	0.2179486624525241	0.514004359106986	0.5906709787424315	0.544672792376797	0.6383541098030507	0.30688402391077274	0.7308022667539011	0.4686124243570039	0.49179178753301234	0.25195704610367364	0.7557262329095445	0.5529790553471702	0.7303526150049309	0.248675374027226	0.5720597765658569	0.7098073701035872	0.3217112761741626	0.6090087245705355	0.24947363306378367	0.2211364686603838	0.4320064047460785	0.7842596773901809	0.4827350819757672	0.8471621531669873	0.795002207937241	0.1132712566330082	0.9358925775327569	0.7643276483469317	0.5549948110127205	0.08750451504653532	0.6374434173309793	0.46315024609632677	0.561635570982997	0.9004374396152295	0.7236761846443809	0.3072155793831714	0.638549712476365	0.3037369545346989	0.4041764109739735	0.2420901759885896	0.26084775260122545	0.7666758638463372	0.3344876009243098	0.5957046419799518	0.550672804882431	0.9211887318584098	0.4303151824026818
93	0.3433110161302023	0.4702926185163399	0.36332305070912563	0.21794866176672334	0.5140043483168146	0.5906709622705651	0.5446727900047488	0.6383541098030016	0.3068840231560424	0.7308022667538817	0.4686124262807311	0.4917917787261211	0.2519570461036785	0.7557262329095429	0.5529790553472265	0.7303526198732622	0.24867537402720646	0.5720597765658958	0.7098073671768225	0.3217112790166579	0.6090087274041779	0.24947362604410367	0.22113647698003774	0.4320064047461035	0.7842596773901647	0.48273507600702814	0.8471621531669729	0.7950022077942652	0.11327125663301221	0.9358925775327495	0.7643276483469471	0.5549948121669942	0.08750451504653489	0.6374434173309856	0.4631502460962825	0.5616355663398334	0.9004374478934672	0.723676184644391	0.3072155793831752	0.6385497058050795	0.30373694493808184	0.4041764144569774	0.24209017598861837	0.2608477585824478	0.766675864060965	0.3344875972517552	0.5957046367436009	0.5506728048824443	0.921188731858417	0.43031517254234575
94	0.34331101554493204	0.4702926185163421	0.3633230542917337	0.21794866115923736	0.5140043387588243	0.5906709476797024	0.5446727879035762	0.6383541098029627	0.30688402248749924	0.7308022667538648	0.46861242798477937	0.491791770924939	0.25195704610368214	0.755726232909544	0.5529790553472764	0.7303526241856566	0.24867537402719425	0.5720597765659297	0.7098073645842794	0.32171128153455514	0.609008729914236	0.24947361982603533	0.22113648434962857	0.4320064047461282	0.7842596773901488	0.48273507071988586	0.847162153166959	0.7950022076676178	0.11327125663301618	0.9358925775327437	0.7643276483469575	0.5549948131894541	0.0875045150465338	0.6374434173309931	0.4631502460962467	0.5616355622268985	0.9004374552263716	0.7236761846443981	0.30721557938317906	0.6385496998956206	0.30373693643734984	0.404176417542241	0.24209017598864108	0.26084776388064174	0.7666758642510839	0.33448759399858835	0.5957046321052113	0.5506728048824557	0.9211887318584219	0.4303151638080107
95	0.3433110150264356	0.47029261851634213	0.36332305746559146	0.21794866062106105	0.5140043302913343	0.5906709347535579	0.544672786042133	0.6383541098029325	0.3068840218952329	0.7308022667538504	0.4686124294944081	0.49179176401382474	0.25195704610368486	0.7557262329095475	0.5529790553473206	0.730352628006038	0.24867537402718798	0.5720597765659592	0.7098073622875277	0.32171128376517777	0.6090087321379166	0.24947361431740608	0.2211364908783985	0.4320064047461524	0.7842596773901336	0.48273506603596805	0.8471621531669459	0.7950022075554212	0.11327125663302004	0.935892577532739	0.764327648346964	0.5549948140952572	0.08750451504653213	0.6374434173310012	0.4631502460962182	0.5616355585832241	0.9004374617226413	0.7236761846444024	0.3072155793831829	0.6385496946603902	0.30373692890649345	0.404176420275498	0.24209017598865876	0.2608477685743451	0.7666758644195122	0.33448759111658644	0.5957046279960273	0.5506728048824657	0.9211887318584251	0.43031515607020443
96	0.3433110145670426	0.47029261851634063	0.36332306027765304	0.21794866014423278	0.5140043227890753	0.5906709233009	0.5446727843928806	0.6383541098029096	0.3068840213704812	0.730802266753838	0.4686124308319509	0.4917917578905326	0.25195704610368685	0.7557262329095529	0.5529790553473599	0.7303526313909252	0.24867537402718648	0.572059776565985	0.7098073602525891	0.32171128574152613	0.6090087341081165	0.2494736094367204	0.22113649666293556	0.4320064047461758	0.784259677390119	0.4827350618859805	0.8471621531669333	0.7950022074560151	0.11327125663302381	0.9358925775327354	0.7643276483469671	0.5549948148978041	0.08750451504653005	0.6374434173310096	0.4631502460961957	0.5616355553549045	0.9004374674783833	0.7236761846444049	0.30721557938318667	0.6385496900219376	0.3037369222340998	0.40417642269718435	0.24209017598867225	0.2608477727329981	0.7666758645687413	0.3344875885631122	0.5957046243552576	0.5506728048824743	0.9211887318584268	0.4303151492144523
97	0.3433110141599704	0.4702926185163378	0.36332306276943954	0.21794865972171193	0.5140043161412736	0.5906709131526253	0.5446727829314671	0.6383541098028926	0.3068840209054958	0.7308022667538272	0.46861243201715697	0.4917917524646483	0.2519570461036882	0.7557262329095595	0.5529790553473947	0.7303526343902973	0.2486753740271887	0.5720597765660074	0.7098073584494164	0.32171128749278155	0.6090087358539257	0.24947360511191288	0.2211365017886508	0.4320064047461983	0.784259677390105	0.4827350582086475	0.8471621531669216	0.7950022073679315	0.11327125663302738	0.9358925775327324	0.7643276483469676	0.5549948156089453	0.08750451504652766	0.6374434173310185	0.4631502460961782	0.5616355524942716	0.9004374725785834	0.7236761846444058	0.3072155793831904	0.6385496859117742	0.3037369163216484	0.4041764248430572	0.24209017598868218	0.26084777641800533	0.7666758647009746	0.3344875863004626	0.5957046211291455	0.5506728048824817	0.9211887318584273	0.4303151431395262
98	0.34331101379922013	0.4702926185163341	0.3633230649776724	0.2179486593472719	0.514004310249961	0.5906709041591787	0.5446727816363558	0.6383541098028807	0.30688402049342417	0.7308022667538179	0.46861243306749234	0.4917917476562096	0.2519570461036889	0.755726232909567	0.5529790553474255	0.7303526370483555	0.24867537402719392	0.5720597765660268	0.7098073568514367	0.3217112890447522	0.6090087374010719	0.24947360127924892	0.2211365063310821	0.43200640474621976	0.7842596773900918	0.48273505494977664	0.8471621531669106	0.7950022072898723	0.1132712566330308	0.9358925775327303	0.7643276483469661	0.5549948162391607	0.08750451504652507	0.6374434173310275	0.4631502460961649	0.5616355499591676	0.9004374770984035	0.7236761846444051	0.30721557938319394	0.6385496822693287	0.3037369110820074	0.4041764267447399	0.24209017598868932	0.2608477796836734	0.7666758648181606	0.33448758429529274	0.5957046182701483	0.550672804882488	0.921188731858427	0.43031513775589963
99	0.34331101347948584	0.4702926185163296	0.36332306693483246	0.2179486590154051	0.5140043050284822	0.5906708961882757	0.544672780488497	0.6383541098028727	0.30688402012820487	0.73080226675381	0.4686124339984065	0.491791743394488	0.2519570461036894	0.7557262329095752	0.552979055347453	0.730352639404197	0.24867537402720136	0.5720597765660437	0.7098073554351453	0.3217112904202661	0.6090087387723113	0.24947359788235382	0.22113651035704426	0.4320064047462402	0.7842596773900793	0.4827350520614337	0.8471621531669001	0.7950022072206888	0.11327125663303406	0.9358925775327287	0.764327648346963	0.5549948167977207	0.08750451504652239	0.6374434173310364	0.46315024609615507	0.5616355477123035	0.9004374811043256	0.7236761846444036	0.3072155793831974	0.6385496790410243	0.3037369064381069	0.4041764284302044	0.2420901759886941	0.2608477825780374	0.7666758649220232	0.33448758251810856	0.5957046157362136	0.5506728048824936	0.9211887318584258	0.4303151329843851
100	0.34331101319607343	0.4702926185163247	0.36332306866965336	0.21794865872123925	0.514004300400179	0.5906708891228925	0.5446727794710383	0.638354109802868	0.30688401980447605	0.7308022667538031	0.46861243482356635	0.49179173961691475	0.2519570461036894	0.7557262329095839	0.5529790553474773	0.7303526414924085	0.24867537402721043	0.5720597765660583	0.7098073541797489	0.32171129163951745	0.6090087399877754	0.24947359487135665	0.221136513925644	0.4320064047462596	0.7842596773900675	0.48273504950121415	0.8471621531668905	0.7950022071593655	0.11327125663303708	0.9358925775327275	0.7643276483469585	0.5549948172928257	0.08750451504651963	0.6374434173310451	0.46315024609614813	0.5616355457206917	0.9004374846551624	0.7236761846444012	0.3072155793832007	0.6385496761794652	0.3037369023217681	0.40417642992419534	0.24209017598869695	0.2608477851435911	0.7666758650140868	0.33448758094281855	0.5957046134901403	0.5506728048824983	0.9211887318584243	0.4303151287549299
101	0.3433110129448302	0.4702926185163193	0.3633230702075571	0.21794865846046368	0.5140042962972281	0.5906708828594922	0.5446727785690701	0.6383541098028658	0.3068840195174936	0.7308022667537972	0.4686124355550637	0.4917917362681321	0.2519570461036892	0.7557262329095927	0.5529790553474988	0.7303526433435906	0.24867537402722073	0.5720597765660711	0.709807353066851	0.3217112927203733	0.6090087410652751	0.24947359220213386	0.22113651708917598	0.43200640474627783	0.7842596773900566	0.48273504723160077	0.8471621531668814	0.7950022071050035	0.11327125663304	0.9358925775327267	0.7643276483469532	0.5549948177317315	0.08750451504651681	0.6374434173310537	0.46315024609614347	0.5616355439551466	0.900437487802948	0.7236761846443983	0.3072155793832038	0.6385496736427181	0.30373689867266973	0.40417643124860564	0.24209017598869825	0.2608477874179306	0.7666758650957007	0.33448757954633795	0.5957046114990143	0.5506728048825023	0.9211887318584224	0.4303151250055552
102	0.34331101272208114	0.4702926185163138	0.36332307157103905	0.21794865822926401	0.5140042926596149	0.5906708773064587	0.5446727777693992	0.6383541098028658	0.3068840192630597	0.7308022667537921	0.46861243620359827	0.4917917332991561	0.25195704610368885	0.7557262329096016	0.5529790553475178	0.7303526449848207	0.2486753740272318	0.5720597765660822	0.7098073520801731	0.32171129367864354	0.6090087420205709	0.24947358983564227	0.221136519893914	0.43200640474629504	0.7842596773900462	0.48273504521939553	0.8471621531668729	0.7950022070568075	0.11327125663304272	0.9358925775327264	0.7643276483469473	0.554994818120858	0.08750451504651405	0.6374434173310619	0.4631502460961407	0.5616355423898428	0.9004374905937258	0.7236761846443948	0.3072155793832068	0.6385496713936772	0.3037368954374358	0.4041764324228077	0.24209017598869834	0.26084778943432346	0.7666758651680585	0.33448757830824016	0.5957046097337116	0.5506728048825057	0.92118873185842	0.430315121681418
103	0.34331101252457424	0.4702926185163082	0.3633230727800067	0.2179486580242646	0.5140042894342279	0.5906708723827143	0.5446727770603493	0.6383541098028677	0.3068840190374594	0.7308022667537879	0.46861243677863895	0.49179173066663695	0.25195704610368824	0.7557262329096104	0.5529790553475348	0.7303526464400616	0.24867537402724346	0.5720597765660917	0.7098073512053087	0.3217112945283194	0.6090087428676104	0.2494735877373296	0.2211365223808091	0.43200640474631113	0.7842596773900367	0.4827350434352194	0.8471621531668653	0.7950022070140736	0.11327125663304526	0.9358925775327261	0.7643276483469409	0.5549948184658867	0.08750451504651137	0.6374434173310698	0.4631502460961394	0.5616355410019258	0.900437493068243	0.7236761846443912	0.3072155793832096	0.6385496693995052	0.30373689256882963	0.40417643346394555	0.2420901759886974	0.2608477912222107	0.7666758652322166	0.3344875772104482	0.5957046081684578	0.5506728048825087	0.9211887318584175	0.4303151187339837
104	0.343311012349431	0.47029261851630266	0.36332307385208024	0.21794865784247766	0.5140042865740592	0.5906708680164977	0.5446727764315871	0.6383541098028706	0.3068840188374045	0.7308022667537842	0.4686124372885667	0.4917917283322065	0.25195704610368763	0.7557262329096192	0.5529790553475499	0.7303526477305226	0.24867537402725534	0.5720597765661001	0.7098073504295074	0.3217112952817846	0.6090087436187386	0.24947358587661403	0.22113652458610666	0.4320064047463262	0.7842596773900277	0.48273504185306904	0.847162153166858	0.7950022069761788	0.1132712566330476	0.9358925775327264	0.7643276483469343	0.5549948187718468	0.0875045150465087	0.6374434173310773	0.4631502460961394	0.5616355397711669	0.9004374952625644	0.7236761846443873	0.3072155793832123	0.6385496676311381	0.3037368900250429	0.40417643438719303	0.24209017598869578	0.2608477928076501	0.7666758652891102	0.33448757623696207	0.5957046067804407	0.5506728048825112	0.9211887318584149	0.4303151161202949
105	0.34331101219410354	0.4702926185162972	0.36332307480285675	0.21794865768125854	0.5140042840374971	0.5906708641442865	0.5446727758739646	0.6383541098028745	0.30688401865998466	0.7308022667537811	0.4686124377408	0.4917917262619017	0.25195704610368685	0.7557262329096275	0.5529790553475632	0.730352648874978	0.24867537402726728	0.5720597765661073	0.7098073497414823	0.32171129595000075	0.6090087442848832	0.24947358422642463	0.22113652654189067	0.43200640474634017	0.7842596773900193	0.4827350404499267	0.8471621531668513	0.7950022069425721	0.11327125663304985	0.9358925775327264	0.7643276483469276	0.554994819043189	0.08750451504650615	0.6374434173310846	0.46315024609614036	0.5616355386796602	0.9004374972086147	0.7236761846443834	0.30721557938321475	0.6385496660628486	0.3037368877690669	0.4041764352059822	0.2420901759886936	0.2608477942137078	0.7666758653395669	0.33448757537361895	0.5957046055494666	0.5506728048825135	0.9211887318584122	0.43031511380232595
106	0.34331101205633596	0.4702926185162918	0.36332307564614436	0.21794865753826578	0.5140042817877029	0.5906708607098441	0.5446727753793834	0.6383541098028791	0.306884018502623	0.7308022667537785	0.4686124381419069	0.4917917244256546	0.251957046103686	0.7557262329096356	0.552979055347575	0.7303526498900487	0.24867537402727907	0.5720597765661135	0.7098073491312412	0.3217112965426726	0.6090087448757182	0.2494735827627956	0.22113652827656538	0.43200640474635327	0.7842596773900116	0.4827350392054143	0.8471621531668451	0.795002206912765	0.11327125663305192	0.9358925775327267	0.7643276483469207	0.5549948192838547	0.08750451504650374	0.6374434173310914	0.4631502460961421	0.5616355377115533	0.900437498934656	0.7236761846443793	0.30721557938321703	0.6385496646718604	0.3037368857681378	0.40417643593220415	0.24209017598869095	0.2608477954608044	0.7666758653843194	0.3344875746078805	0.595704604457658	0.5506728048825152	0.9211887318584094	0.43031511174641274
107	0.3433110119341312	0.4702926185162866	0.36332307639416905	0.21794865741142638	0.5140042797920592	0.5906708576633779	0.5446727749406732	0.6383541098028843	0.30688401836303797	0.7308022667537761	0.46861243849770234	0.4917917227968429	0.2519570461036852	0.7557262329096435	0.5529790553475855	0.730352650790451	0.2486753740272906	0.5720597765661191	0.7098073485899367	0.32171129706839263	0.6090087453998094	0.2494735814645073	0.22113652981528012	0.43200640474636537	0.7842596773900045	0.48273503810148927	0.8471621531668393	0.7950022068863252	0.11327125663305385	0.9358925775327271	0.764327648346914	0.5549948194973331	0.08750451504650139	0.6374434173310978	0.4631502460961443	0.5616355368528105	0.900437500465713	0.7236761846443753	0.30721557938321925	0.6385496634380067	0.30373688399324617	0.4041764365763879	0.242090175988688	0.26084779656702045	0.7666758654240164	0.3344875739286446	0.5957046034891863	0.5506728048825168	0.9211887318584068	0.43031510992274846
108	0.3433110118257205	0.4702926185162816	0.36332307705775707	0.21794865729890442	0.5140042780216829	0.590670854960796	0.5446727745514846	0.6383541098028898	0.3068840182392095	0.7308022667537741	0.46861243881333586	0.4917917213518924	0.25195704610368436	0.7557262329096508	0.5529790553475948	0.7303526515892166	0.2486753740273019	0.5720597765661237	0.7098073481097344	0.3217112975347696	0.6090087458647422	0.24947358031276934	0.22113653118030505	0.4320064047463765	0.7842596773899979	0.4827350371221744	0.8471621531668341	0.7950022068628703	0.11327125663305557	0.9358925775327277	0.7643276483469075	0.5549948196867137	0.08750451504649918	0.6374434173311039	0.46315024609614697	0.561635536091003	0.9004375018239447	0.7236761846443716	0.30721557938322125	0.6385496623434301	0.3037368824187039	0.4041764371478565	0.2420901759886849	0.26084779754836657	0.7666758654592326	0.33448757332608087	0.5957046026300348	0.5506728048825182	0.9211887318584041	0.430315108304939
109	0.3433110117295377	0.47029261851627685	0.3633230776464963	0.21794865719907436	0.5140042764509946	0.5906708525630497	0.544672774206194	0.6383541098028955	0.30688401812934823	0.7308022667537726	0.46861243909336797	0.4917917200699251	0.2519570461036834	0.7557262329096579	0.5529790553476032	0.7303526522978864	0.24867537402731266	0.5720597765661278	0.7098073476836962	0.32171129794854203	0.6090087462772337	0.2494735792909407	0.2211365323913628	0.43200640474638696	0.7842596773899917	0.4827350362533202	0.8471621531668293	0.7950022068420611	0.1132712566330572	0.9358925775327281	0.7643276483469013	0.5549948198547331	0.0875045150464971	0.6374434173311094	0.4631502460961499	0.5616355354151235	0.9004375030289756	0.7236761846443677	0.30721557938322314	0.6385496613723153	0.3037368810217608	0.40417643765486694	0.24209017598868168	0.260847798419022	0.7666758654904767	0.334487572791483	0.59570460186779	0.5506728048825194	0.9211887318584014	0.4303151068696092
110	0.34331101164419536	0.4702926185162723	0.363323078168879	0.21794865711049605	0.514004275057338	0.590670850435553	0.544672773899821	0.6383541098029012	0.3068840180318695	0.7308022667537711	0.4686124393418378	0.49179171893244905	0.25195704610368264	0.7557262329096645	0.5529790553476105	0.7303526529266825	0.248675374027323	0.5720597765661313	0.7098073473056767	0.3217112983156783	0.609008746643234	0.24947357838428208	0.22113653346592238	0.4320064047463965	0.7842596773899861	0.4827350354823938	0.8471621531668247	0.7950022068235976	0.11327125663305873	0.9358925775327287	0.764327648346895	0.5549948200038148	0.0875045150464951	0.6374434173311146	0.46315024609615313	0.5616355348154224	0.9004375040981878	0.7236761846443641	0.30721557938322486	0.6385496605106546	0.30373687978226693	0.4041764381047324	0.24209017598867835	0.26084779919154555	0.7666758655181994	0.33448757231713955	0.5957046011914572	0.5506728048825204	0.921188731858399	0.4303151055960553
111	0.34331101156846455	0.47029261851626797	0.3633230786324277	0.2179486570318939	0.5140042738206436	0.5906708485476685	0.5446727736279537	0.638354109802907	0.3068840179453696	0.73080226675377	0.46861243956232357	0.4917917179230837	0.25195704610368175	0.7557262329096709	0.5529790553476169	0.7303526534846597	0.2486753740273329	0.5720597765661344	0.7098073469702321	0.3217112986414654	0.6090087469680133	0.24947357757973715	0.2211365344194581	0.43200640474640534	0.7842596773899809	0.4827350347982938	0.8471621531668206	0.7950022068072136	0.11327125663306013	0.9358925775327293	0.7643276483468892	0.5549948201361058	0.08750451504649327	0.6374434173311195	0.46315024609615635	0.5616355342832641	0.9004375050469786	0.7236761846443606	0.3072155793832264	0.6385496597460396	0.3037368786823726	0.4041764385039314	0.24209017598867505	0.26084779987706214	0.7666758655427998	0.3344875718962199	0.5957046005912968	0.5506728048825211	0.9211887318583968	0.4303151044659372
112	0.34331101150125665	0.47029261851626386	0.36332307904380695	0.21794865696213797	0.5140042727231316	0.590670846872254	0.5446727733866834	0.6383541098029127	0.30688401786860475	0.730802266753769	0.46861243975799505	0.49179171702731705	0.25195704610368097	0.7557262329096768	0.5529790553476228	0.7303526539798403	0.24867537402734224	0.572059776566137	0.7098073466725398	0.32171129893058725	0.6090087472562411	0.24947357686573876	0.22113653526567906	0.4320064047464135	0.7842596773899762	0.48273503419118474	0.847162153166817	0.7950022067926737	0.11327125663306137	0.9358925775327299	0.7643276483468836	0.5549948202535081	0.08750451504649154	0.6374434173311242	0.4631502460961596	0.5616355338109974	0.9004375058889885	0.7236761846443572	0.3072155793832279	0.6385496590674773	0.30373687770626484	0.40417643885820304	0.2420901759886718	0.26084780048542766	0.7666758655646317	0.3344875715226722	0.5957046000586804	0.5506728048825218	0.9211887318583946	0.43031510346300705
113	0.3433110114416069	0.4702926185162601	0.36332307940892145	0.21794865690022688	0.5140042717490484	0.590670845385261	0.544672773172547	0.6383541098029182	0.3068840178004732	0.7308022667537682	0.4686124399316609	0.49179171623229145	0.25195704610368014	0.7557262329096822	0.5529790553476279	0.7303526544193318	0.24867537402735113	0.5720597765661393	0.7098073464083268	0.3217112991871937	0.6090087475120545	0.24947357623203856	0.2211365360167317	0.43200640474642094	0.7842596773899718	0.48273503365235243	0.8471621531668136	0.7950022067797692	0.11327125663306258	0.9358925775327305	0.7643276483468784	0.5549948203577069	0.08750451504648993	0.6374434173311284	0.46315024609616295	0.5616355333918432	0.9004375066363041	0.7236761846443541	0.3072155793832293	0.6385496584652277	0.3037368768399326	0.4041764391726325	0.2420901759886686	0.2608478010253745	0.7666758655840084	0.33448757119113476	0.5957045995859631	0.5506728048825223	0.9211887318583922	0.4303151025728691
114	0.3433110113886606	0.47029261851625653	0.36332307973300365	0.2179486568452736	0.5140042708844347	0.5906708440653795	0.5446727729824757	0.6383541098029235	0.30688401773999846	0.7308022667537675	0.4686124400858099	0.4917917155266131	0.2519570461036794	0.7557262329096874	0.5529790553476325	0.7303526548094325	0.24867537402735942	0.5720597765661413	0.7098073461738065	0.3217112994149622	0.6090087477391193	0.24947357566955491	0.22113653668337926	0.4320064047464278	0.7842596773899678	0.48273503317407496	0.8471621531668104	0.7950022067683151	0.11327125663306362	0.935892577532731	0.7643276483468734	0.5549948204501954	0.08750451504648844	0.6374434173311323	0.4631502460961663	0.5616355330197949	0.9004375072996346	0.723676184644351	0.3072155793832305	0.6385496579306604	0.3037368760709607	0.4041764394517259	0.24209017598866556	0.26084780150464065	0.7666758656012075	0.33448757089685627	0.5957045991663704	0.5506728048825229	0.9211887318583902	0.43031510178276694
115	0.3433110113416602	0.47029261851625315	0.3633230800206906	0.21794865679649159	0.5140042701169194	0.5906708428937245	0.5446727728137499	0.6383541098029286	0.3068840176863153	0.7308022667537669	0.4686124402226476	0.49179171490018503	0.2519570461036787	0.7557262329096921	0.5529790553476365	0.7303526551557239	0.2486753740273673	0.5720597765661429	0.7098073459656234	0.3217112996171517	0.6090087479406844	0.24947357517023974	0.2211365372751604	0.43200640474643415	0.7842596773899642	0.48273503274950924	0.8471621531668075	0.7950022067581473	0.11327125663306462	0.9358925775327316	0.7643276483468687	0.5549948205322971	0.08750451504648703	0.637443417331136	0.46315024609616945	0.5616355326895287	0.900437507888471	0.7236761846443482	0.3072155793832317	0.6385496574561264	0.3037368753883465	0.4041764396994763	0.2420901759886626	0.26084780193008356	0.7666758656164752	0.3344875706356262	0.595704598793899	0.5506728048825233	0.9211887318583883	0.4303151010813955
116	0.34331101129993424	0.47029261851625004	0.36332308027609206	0.2179486567531841	0.5140042694355379	0.5906708418535577	0.5446727726639592	0.6383541098029336	0.3068840176386568	0.7308022667537665	0.46861244034412886	0.491791714344058	0.25195704610367803	0.7557262329096968	0.55297905534764	0.7303526554631532	0.24867537402737458	0.5720597765661444	0.7098073457808036	0.32171129979665064	0.6090087481196291	0.24947357472695983	0.22113653780052914	0.43200640474644	0.7842596773899607	0.48273503237258986	0.8471621531668049	0.7950022067491206	0.11327125663306552	0.9358925775327323	0.7643276483468643	0.5549948206051849	0.08750451504648575	0.6374434173311392	0.46315024609617256	0.5616355323963267	0.9004375084112259	0.7236761846443456	0.30721557938323274	0.6385496570348467	0.30373687478233824	0.40417643991942315	0.24209017598865978	0.2608478023077812	0.7666758656300295	0.33448757040371246	0.5957045984632277	0.5506728048825237	0.9211887318583865	0.43031510045873506
117	0.3433110112628876	0.4702926185162471	0.3633230805028511	0.21794865671473343	0.5140042688305712	0.5906708409300425	0.544672772530967	0.6383541098029383	0.30688401759634304	0.730802266753766	0.4686124404519864	0.4917917138502993	0.2519570461036774	0.7557262329097008	0.5529790553476434	0.7303526557361053	0.24867537402738138	0.5720597765661457	0.7098073456167109	0.3217112999560194	0.609008748278506	0.24947357433339248	0.22113653826697935	0.43200640474644525	0.7842596773899577	0.4827350320379407	0.8471621531668024	0.7950022067411064	0.11327125663306636	0.9358925775327326	0.7643276483468601	0.5549948206698985	0.08750451504648456	0.6374434173311424	0.4631502460961755	0.5616355321360067	0.9004375088753552	0.7236761846443431	0.3072155793832337	0.6385496566608121	0.30373687424429185	0.40417644011470377	0.2420901759886571	0.2608478026431211	0.7666758656420637	0.33448757019780717	0.5957045981696398	0.5506728048825239	0.9211887318583847	0.43031509990590405
118	0.3433110112299927	0.47029261851624443	0.3633230807041972	0.2179486566805919	0.5140042682934032	0.590670840110026	0.5446727724128794	0.6383541098029427	0.3068840175587714	0.7308022667537657	0.4686124405477564	0.4917917134118767	0.25195704610367686	0.7557262329097045	0.5529790553476461	0.7303526559784677	0.2486753740273877	0.5720597765661467	0.7098073454710081	0.3217113000975277	0.6090087484195776	0.24947357398393233	0.22113653868115424	0.43200640474645	0.7842596773899548	0.4827350317407956	0.8471621531668004	0.7950022067339904	0.11327125663306711	0.9358925775327331	0.7643276483468564	0.5549948207273594	0.08750451504648346	0.6374434173311452	0.46315024609617833	0.5616355319048609	0.9004375092874696	0.7236761846443408	0.3072155793832346	0.6385496563286956	0.3037368737665446	0.4041764402880991	0.24209017598865454	0.260847802940879	0.7666758656527494	0.334487570014978	0.5957045979089544	0.5506728048825241	0.9211887318583832	0.43031509941502916
119	0.3433110112007818	0.47029261851624193	0.36332308088299364	0.21794865665027402	0.5140042678163952	0.5906708393818472	0.544672772308017	0.6383541098029469	0.3068840175254077	0.7308022667537655	0.46861244063280066	0.49179171302255553	0.25195704610367625	0.7557262329097081	0.5529790553476486	0.7303526561936868	0.24867537402739362	0.5720597765661477	0.7098073453416232	0.32171130022318767	0.6090087485448502	0.2494735736736098	0.22113653904894365	0.43200640474645446	0.7842596773899523	0.4827350314769291	0.8471621531667983	0.7950022067276714	0.11327125663306781	0.9358925775327336	0.7643276483468527	0.554994820778385	0.08750451504648242	0.6374434173311478	0.463150246096181	0.5616355316996026	0.9004375096534293	0.7236761846443387	0.3072155793832354	0.6385496560337747	0.3037368733423026	0.4041764404420753	0.24209017598865212	0.26084780320528944	0.7666758656622382	0.3344875698526246	0.5957045976774642	0.5506728048825243	0.9211887318583817	0.4303150989791298
120	0.3433110111748401	0.4702926185162396	0.36332308104177913	0.2179486566233493	0.5140042673927739	0.5906708387351661	0.5446727722148907	0.6383541098029509	0.3068840174957781	0.7308022667537653	0.46861244070832686	0.4917917126768076	0.25195704610367575	0.7557262329097114	0.5529790553476509	0.7303526563848187	0.24867537402739912	0.5720597765661485	0.709807345226719	0.3217113003347839	0.6090087486561024	0.24947357339801873	0.22113653937556993	0.43200640474645857	0.78425967738995	0.4827350312425944	0.8471621531667965	0.7950022067220598	0.11327125663306846	0.9358925775327339	0.7643276483468493	0.5549948208236998	0.0875045150464815	0.6374434173311502	0.46315024609618355	0.5616355315173168	0.9004375099784306	0.7236761846443367	0.3072155793832362	0.6385496557718612	0.3037368729655418	0.4041764405788184	0.24209017598864982	0.2608478034401069	0.7666758656706651	0.3344875697084419	0.5957045974718822	0.5506728048825246	0.9211887318583803	0.4303150985920163
121	0.34331101115179985	0.47029261851623744	0.3633230811828051	0.21794865659943605	0.5140042670165332	0.5906708381608143	0.5446727721321803	0.6383541098029545	0.3068840174694625	0.730802266753765	0.4686124407754056	0.4917917123697306	0.2519570461036752	0.7557262329097145	0.5529790553476528	0.7303526565545733	0.24867537402740417	0.5720597765661491	0.7098073451246665	0.32171130043389845	0.6090087487549116	0.24947357315325153	0.22113653966566416	0.43200640474646224	0.7842596773899478	0.4827350310344692	0.8471621531667949	0.7950022067170758	0.11327125663306906	0.9358925775327344	0.7643276483468464	0.5549948208639461	0.08750451504648062	0.6374434173311524	0.463150246096186	0.5616355313554192	0.9004375102670816	0.7236761846443348	0.30721557938323685	0.6385496555392417	0.3037368726309205	0.4041764407002673	0.24209017598864774	0.26084780364866067	0.7666758656781497	0.33448756958038556	0.5957045972892938	0.5506728048825247	0.921188731858379	0.4303150982482002
122	0.3433110111313348	0.47029261851623555	0.36332308130806806	0.21794865657819568	0.5140042666823462	0.5906708376506599	0.5446727720587148	0.6383541098029579	0.3068840174460883	0.7308022667537649	0.46861244083498693	0.491791712096977	0.25195704610367475	0.7557262329097173	0.5529790553476546	0.7303526567053538	0.24867537402740883	0.5720597765661497	0.7098073450340208	0.32171130052193464	0.6090087488426765	0.24947357293584285	0.22113653992333349	0.4320064047464656	0.7842596773899458	0.4827350308496068	0.8471621531667934	0.7950022067126489	0.11327125663306956	0.9358925775327347	0.7643276483468435	0.554994820899694	0.08750451504647984	0.6374434173311544	0.4631502460961883	0.5616355312116176	0.900437510523469	0.7236761846443331	0.30721557938323746	0.638549655332623	0.30373687233370084	0.4041764408081415	0.24209017598864574	0.26084780383390355	0.7666758656847975	0.3344875694666426	0.5957045971271138	0.5506728048825247	0.9211887318583779	0.43031509794281364
123	0.3433110111131557	0.4702926185162337	0.36332308141933894	0.21794865655932785	0.5140042663854885	0.5906708371974905	0.5446727719934554	0.6383541098029611	0.30688401742532506	0.7308022667537648	0.4686124408879128	0.49179171185469067	0.25195704610367436	0.7557262329097197	0.5529790553476562	0.7303526568392918	0.2486753740274132	0.5720597765661501	0.7098073449535003	0.32171130060013703	0.6090087489206382	0.24947357274271909	0.2211365401522206	0.4320064047464687	0.7842596773899441	0.4827350306853937	0.847162153166792	0.7950022067087166	0.11327125663307	0.9358925775327351	0.7643276483468407	0.5549948209314487	0.08750451504647908	0.6374434173311563	0.4631502460961904	0.561635531083879	0.9004375107512177	0.7236761846443315	0.30721557938323807	0.638549655149084	0.3037368720696813	0.404176440903966	0.2420901759886439	0.26084780399845436	0.7666758656907029	0.3344875693656049	0.5957045969830495	0.5506728048825248	0.9211887318583768	0.43031509767153936
124	0.3433110110970059	0.47029261851623205	0.36332308151818865	0.2179486565425663	0.5140042661217691	0.5906708367949088	0.544672771935481	0.6383541098029641	0.3068840174068796	0.7308022667537647	0.4686124409349306	0.4917917116394511	0.251957046103674	0.7557262329097221	0.5529790553476576	0.7303526569582783	0.2486753740274171	0.5720597765661506	0.7098073448819685	0.3217113006696096	0.609008748989897	0.24947357257115388	0.22113654035555688	0.4320064047464715	0.7842596773899425	0.48273503053951183	0.8471621531667909	0.7950022067052231	0.11327125663307046	0.9358925775327355	0.7643276483468384	0.5549948209596586	0.08750451504647842	0.637443417331158	0.4631502460961924	0.5616355309704	0.9004375109535424	0.72367618464433	0.30721557938323857	0.6385496549860336	0.30373687183513437	0.40417644098909355	0.2420901759886422	0.26084780414463615	0.7666758656959489	0.33448756927584616	0.595704596855067	0.5506728048825249	0.9211887318583759	0.4303150974305477
125	0.3433110110826577	0.4702926185162305	0.3633230816060106	0.21794865652767456	0.5140042658874704	0.5906708364372394	0.5446727718839743	0.638354109802967	0.30688401739049204	0.7308022667537647	0.4686124409767031	0.491791711448224	0.2519570461036736	0.7557262329097242	0.5529790553476588	0.7303526570639908	0.2486753740274208	0.572059776566151	0.7098073448184167	0.32171130073133186	0.6090087490514292	0.24947357241872853	0.2211365405362088	0.432006404746474	0.7842596773899411	0.4827350304099045	0.8471621531667898	0.7950022067021196	0.11327125663307085	0.9358925775327357	0.7643276483468362	0.5549948209847212	0.08750451504647781	0.6374434173311595	0.4631502460961942	0.561635530869581	0.9004375111332957	0.7236761846443287	0.307215579383239	0.6385496548411732	0.3037368716267537	0.4041764410647242	0.2420901759886406	0.2608478042745097	0.7666758657006099	0.334487569196101	0.5957045967413623	0.5506728048825249	0.9211887318583749	0.4303150972164411
126	0.3433110110699092	0.4702926185162291	0.3633230816840412	0.2179486565144432	0.5140042656792939	0.590670836119447	0.5446727718382102	0.6383541098029695	0.3068840173759315	0.7308022667537647	0.46861244101381827	0.49179171127831717	0.25195704610367325	0.7557262329097262	0.5529790553476599	0.7303526571579172	0.24867537402742418	0.5720597765661514	0.7098073447619504	0.3217113007861726	0.6090087491061014	0.2494735722832974	0.2211365406967196	0.4320064047464764	0.7842596773899397	0.48273503029474724	0.8471621531667887	0.795002206699362	0.11327125663307122	0.9358925775327361	0.7643276483468342	0.5549948210069896	0.08750451504647724	0.6374434173311608	0.463150246096196	0.5616355307800024	0.9004375112930081	0.7236761846443275	0.3072155793832395	0.6385496547124634	0.30373687144160566	0.40417644113192275	0.24209017598863908	0.2608478043899035	0.7666758657047511	0.33448756912524674	0.5957045966403347	0.5506728048825249	0.9211887318583741	0.43031509702620563
127	0.3433110110585812	0.4702926185162278	0.3633230817533774	0.21794865650268605	0.5140042654943131	0.5906708358370641	0.5446727717975451	0.6383541098029719	0.3068840173629934	0.7308022667537647	0.4686124410467981	0.49179171112734205	0.251957046103673	0.7557262329097281	0.5529790553476608	0.7303526572413781	0.24867537402742723	0.5720597765661516	0.7098073447117758	0.32171130083490285	0.6090087491546817	0.2494735721629563	0.22113654083934578	0.43200640474647845	0.7842596773899385	0.48273503019242103	0.8471621531667878	0.7950022066969117	0.11327125663307158	0.9358925775327365	0.7643276483468322	0.5549948210267768	0.08750451504647676	0.6374434173311622	0.46315024609619754	0.561635530700405	0.9004375114349249	0.7236761846443263	0.30721557938323985	0.6385496545980948	0.3037368712770873	0.4041764411916338	0.24209017598863775	0.26084780449243966	0.7666758657084309	0.33448756906228727	0.5957045965505637	0.550672804882525	0.9211887318583732	0.43031509685716673
128	0.3433110110485145	0.4702926185162266	0.3633230818149927	0.21794865649223816	0.5140042653299308	0.5906708355861259	0.5446727717614084	0.638354109802974	0.30688401735149606	0.7308022667537646	0.4686124410761054	0.4917917109931788	0.2519570461036727	0.7557262329097297	0.5529790553476618	0.7303526573155453	0.24867537402743006	0.5720597765661518	0.7098073446671884	0.3217113008782067	0.6090087491978525	0.2494735720560158	0.22113654096608973	0.4320064047464804	0.7842596773899374	0.4827350301014894	0.8471621531667869	0.7950022066947343	0.11327125663307185	0.9358925775327367	0.7643276483468305	0.5549948210443606	0.08750451504647624	0.6374434173311634	0.46315024609619904	0.5616355306296712	0.9004375115610385	0.7236761846443253	0.30721557938324023	0.6385496544964618	0.303736871130889	0.4041764412446958	0.24209017598863647	0.26084780458355783	0.766675865711701	0.3344875690063387	0.5957045964707892	0.550672804882525	0.9211887318583727	0.4303150967069513
129	0.3433110110395681	0.47029261851622556	0.3633230818697509	0.217948656482953	0.5140042651838423	0.5906708353631143	0.5446727717292932	0.6383541098029761	0.3068840173412782	0.7308022667537646	0.46861244110215106	0.4917917108739466	0.2519570461036724	0.7557262329097312	0.5529790553476626	0.7303526573814585	0.24867537402743264	0.572059776566152	0.709807344627563	0.3217113009166913	0.609008749236219	0.2494735719609766	0.22113654107872857	0.4320064047464821	0.7842596773899364	0.48273503002067736	0.8471621531667861	0.7950022066927992	0.11327125663307212	0.9358925775327369	0.764327648346829	0.5549948210599874	0.08750451504647583	0.6374434173311645	0.4631502460962004	0.5616355305668093	0.900437511673117	0.7236761846443244	0.30721557938324057	0.6385496544061394	0.3037368710009608	0.40417644129185265	0.24209017598863528	0.2608478046645355	0.7666758657146071	0.3344875689566165	0.5957045963998926	0.550672804882525	0.9211887318583719	0.43031509657345307
130	0.3433110110316168	0.47029261851622456	0.3633230819184187	0.21794865647470055	0.5140042650540023	0.5906708351649067	0.54467277170075	0.638354109802978	0.3068840173321968	0.7308022667537646	0.4686124411253	0.4917917107679758	0.2519570461036722	0.7557262329097325	0.5529790553476632	0.7303526574400406	0.24867537402743503	0.5720597765661523	0.7098073445923448	0.3217113009508956	0.6090087492703182	0.24947357187650795	0.22113654117883935	0.43200640474648366	0.7842596773899354	0.48273502994885337	0.8471621531667854	0.7950022066910795	0.11327125663307237	0.935892577532737	0.7643276483468275	0.5549948210738762	0.08750451504647544	0.6374434173311654	0.4631502460962017	0.5616355305109391	0.9004375117727299	0.7236761846443234	0.30721557938324084	0.6385496543258629	0.3037368708854837	0.4041764413337645	0.24209017598863422	0.2608478047365066	0.7666758657171902	0.33448756891242465	0.5957045963368813	0.550672804882525	0.9211887318583714	0.4303150964548029
131	0.34331101102454925	0.4702926185162236	0.3633230819616768	0.21794865646736544	0.5140042649385949	0.5906708349887313	0.5446727716753796	0.6383541098029797	0.3068840173241249	0.7308022667537646	0.4686124411458757	0.4917917106737846	0.251957046103672	0.7557262329097337	0.5529790553476638	0.7303526574921111	0.24867537402743717	0.5720597765661523	0.7098073445610416	0.3217113009812978	0.6090087493006271	0.24947357180142857	0.22113654126782206	0.4320064047464851	0.7842596773899346	0.4827350298850132	0.8471621531667848	0.7950022066895509	0.1132712566330726	0.9358925775327372	0.7643276483468262	0.5549948210862211	0.08750451504647509	0.6374434173311663	0.4631502460962028	0.5616355304612793	0.9004375118612701	0.7236761846443226	0.3072155793832411	0.6385496542545097	0.30373687078284267	0.40417644137101766	0.24209017598863325	0.26084780480047753	0.766675865719486	0.33448756887314507	0.5957045962808741	0.550672804882525	0.9211887318583708	0.4303150963493416
132	0.3433110110182669	0.4702926185162229	0.3633230820001292	0.21794865646084516	0.5140042648360085	0.5906708348321279	0.5446727716528277	0.6383541098029812	0.30688401731694975	0.7308022667537646	0.4686124411641656	0.4917917105900574	0.2519570461036718	0.7557262329097348	0.5529790553476643	0.7303526575383967	0.24867537402743917	0.5720597765661524	0.7098073445332157	0.3217113010083226	0.6090087493275689	0.24947357173468998	0.22113654134691937	0.43200640474648644	0.784259677389934	0.48273502982826516	0.8471621531667841	0.795002206688192	0.11327125663307278	0.9358925775327375	0.764327648346825	0.5549948210971946	0.08750451504647477	0.637443417331167	0.4631502460962039	0.5616355304171367	0.9004375119399741	0.7236761846443219	0.3072155793832414	0.6385496541910833	0.3037368706916044	0.40417644140413217	0.24209017598863236	0.2608478048573417	0.7666758657215267	0.3344875688382291	0.595704596231089	0.550672804882525	0.9211887318583702	0.43031509625559633
133	0.343311011012682	0.4702926185162221	0.36332308203431224	0.21794865645504885	0.5140042647448121	0.5906708346929122	0.5446727716327797	0.6383541098029827	0.30688401731057124	0.7308022667537646	0.46861244118042483	0.49179171051562653	0.25195704610367153	0.7557262329097361	0.5529790553476648	0.7303526575795434	0.24867537402744097	0.5720597765661525	0.7098073445084795	0.3217113010323468	0.6090087493515194	0.24947357167536144	0.22113654141723452	0.4320064047464876	0.7842596773899333	0.4827350297778178	0.8471621531667837	0.7950022066869842	0.113271256633073	0.9358925775327377	0.7643276483468238	0.5549948211069496	0.08750451504647447	0.6374434173311678	0.4631502460962049	0.5616355303778949	0.9004375120099396	0.7236761846443212	0.30721557938324157	0.6385496541346992	0.30373687061049626	0.40417644143357	0.2420901759886315	0.2608478049078922	0.7666758657233409	0.33448756880718994	0.5957045961868314	0.550672804882525	0.9211887318583698	0.43031509617225966
134	0.34331101100771694	0.4702926185162214	0.36332308206470204	0.21794865644989572	0.5140042646637356	0.5906708345691447	0.5446727716149563	0.638354109802984	0.30688401730490056	0.7308022667537646	0.46861244119487977	0.4917917104494551	0.25195704610367137	0.755726232909737	0.5529790553476652	0.7303526576161241	0.2486753740274426	0.5720597765661526	0.7098073444864882	0.32171130105370505	0.6090087493728122	0.24947357162261635	0.22113654147974698	0.4320064047464887	0.7842596773899326	0.4827350297329685	0.8471621531667832	0.7950022066859103	0.11327125663307315	0.9358925775327378	0.7643276483468229	0.5549948211156222	0.0875045150464742	0.6374434173311685	0.4631502460962058	0.5616355303430078	0.900437512072141	0.7236761846443206	0.30721557938324173	0.6385496540845719	0.3037368705383885	0.40417644145974124	0.24209017598863072	0.2608478049528333	0.7666758657249538	0.3344875687795951	0.5957045961474849	0.550672804882525	0.9211887318583695	0.43031509609817065
135	0.34331101100330236	0.4702926185162208	0.3633230820917215	0.21794865644531414	0.5140042645916509	0.5906708344591037	0.5446727715991097	0.6383541098029852	0.30688401729985876	0.7308022667537647	0.4686124412077316	0.49179171039062236	0.2519570461036712	0.7557262329097378	0.5529790553476657	0.7303526576486478	0.2486753740274441	0.5720597765661527	0.7098073444669357	0.32171130107269463	0.6090087493917437	0.249473571575721	0.22113654153532647	0.4320064047464897	0.7842596773899321	0.4827350296930932	0.8471621531667829	0.7950022066849554	0.11327125663307332	0.935892577532738	0.7643276483468219	0.5549948211233329	0.08750451504647394	0.6374434173311692	0.4631502460962066	0.56163553031199	0.9004375121274442	0.72367618464432	0.30721557938324195	0.638549654040004	0.30373687047427783	0.40417644148300996	0.24209017598863006	0.2608478049927901	0.7666758657263878	0.3344875687550607	0.5957045961125021	0.550672804882525	0.9211887318583691	0.4303150960322984
136	0.34331101099937716	0.4702926185162202	0.363323082115746	0.2179486564412404	0.5140042645275563	0.5906708343612603	0.5446727715850196	0.6383541098029863	0.30688401729537584	0.7308022667537647	0.4686124412191589	0.4917917103383111	0.2519570461036711	0.7557262329097386	0.552979055347666	0.7303526576775665	0.24867537402744547	0.5720597765661527	0.7098073444495506	0.32171130108957935	0.6090087494085765	0.24947357153402375	0.2211365415847453	0.43200640474649055	0.7842596773899316	0.48273502965763776	0.8471621531667825	0.7950022066841066	0.11327125663307344	0.935892577532738	0.7643276483468211	0.5549948211301889	0.08750451504647373	0.6374434173311697	0.46315024609620736	0.5616355302844103	0.9004375121766174	0.7236761846443196	0.3072155793832421	0.6385496540003761	0.30373687041727354	0.4041764415036994	0.24209017598862936	0.2608478050283179	0.7666758657276629	0.33448756873324575	0.595704596081397	0.550672804882525	0.9211887318583687	0.43031509597372775
137	0.34331101099588684	0.47029261851621973	0.363323082137109	0.21794865643761793	0.5140042644705625	0.5906708342742563	0.5446727715724904	0.6383541098029875	0.3068840172913896	0.7308022667537647	0.4686124412293203	0.4917917102917951	0.251957046103671	0.7557262329097393	0.5529790553476662	0.7303526577032815	0.24867537402744674	0.5720597765661528	0.7098073444340914	0.32171130110459345	0.6090087494235447	0.24947357149694582	0.22113654162868931	0.43200640474649127	0.7842596773899312	0.4827350296261102	0.8471621531667821	0.7950022066833516	0.1132712566330736	0.9358925775327382	0.7643276483468203	0.5549948211362854	0.08750451504647352	0.6374434173311702	0.46315024609620814	0.561635530259886	0.9004375122203427	0.723676184644319	0.3072155793832423	0.6385496539651384	0.3037368703665843	0.4041764415220969	0.24209017598862884	0.2608478050599098	0.7666758657287968	0.33448756871384755	0.5957045960537378	0.550672804882525	0.9211887318583684	0.4303150959216458
138	0.34331101099278294	0.4702926185162193	0.3633230821561066	0.21794865643439654	0.5140042644198791	0.5906708341968856	0.5446727715613485	0.6383541098029883	0.3068840172878447	0.7308022667537647	0.4686124412383565	0.49179171025042945	0.2519570461036708	0.7557262329097398	0.5529790553476666	0.7303526577261492	0.24867537402744785	0.5720597765661528	0.709807344420344	0.3217113011179452	0.6090087494368555	0.24947357146397334	0.2211365416677677	0.432006404746492	0.7842596773899306	0.4827350295980735	0.8471621531667818	0.7950022066826804	0.11327125663307368	0.9358925775327382	0.7643276483468195	0.5549948211417067	0.08750451504647334	0.6374434173311706	0.46315024609620875	0.5616355302380771	0.9004375122592267	0.7236761846443186	0.3072155793832424	0.6385496539338023	0.30373687032150765	0.40417644153845733	0.24209017598862828	0.2608478050880037	0.766675865729805	0.33448756869659724	0.5957045960291412	0.550672804882525	0.9211887318583681	0.43031509587533057
139	0.3433110109900226	0.4702926185162188	0.3633230821730018	0.21794865643153166	0.5140042643748046	0.5906708341280772	0.5446727715514396	0.6383541098029891	0.3068840172846921	0.7308022667537647	0.4686124412463927	0.49179171021364165	0.25195704610367076	0.7557262329097405	0.5529790553476668	0.7303526577464863	0.2486753740274489	0.5720597765661528	0.7098073444081179	0.3217113011298193	0.6090087494486932	0.24947357143464977	0.2211365417025214	0.4320064047464927	0.7842596773899304	0.4827350295731395	0.8471621531667815	0.7950022066820834	0.11327125663307375	0.9358925775327385	0.764327648346819	0.5549948211465283	0.08750451504647316	0.6374434173311709	0.4631502460962093	0.5616355302186817	0.9004375122938076	0.7236761846443183	0.30721557938324257	0.6385496539059341	0.3037368702814194	0.4041764415530072	0.2420901759886278	0.26084780511298855	0.7666758657307017	0.3344875686812559	0.5957045960072663	0.5506728048825249	0.9211887318583678	0.4303150958341408
140	0.3433110109875675	0.4702926185162184	0.3633230821880283	0.21794865642898364	0.5140042643347158	0.5906708340668796	0.5446727715426267	0.63835410980299	0.3068840172818882	0.7308022667537647	0.46861244125354007	0.4917917101809229	0.25195704610367065	0.7557262329097411	0.5529790553476669	0.7303526577645739	0.24867537402744982	0.5720597765661528	0.7098073443972441	0.32171130114038016	0.6090087494592218	0.24947357140856957	0.2211365417334311	0.43200640474649327	0.78425967738993	0.48273502955096337	0.8471621531667813	0.7950022066815525	0.11327125663307384	0.9358925775327385	0.7643276483468183	0.5549948211508164	0.08750451504647302	0.6374434173311714	0.46315024609620986	0.5616355302014315	0.9004375123245638	0.7236761846443178	0.3072155793832427	0.6385496538811483	0.3037368702457652	0.4041764415659478	0.24209017598862734	0.2608478051352099	0.7666758657314992	0.3344875686676114	0.5957045959878111	0.5506728048825249	0.9211887318583676	0.43031509579750693
141	0.3433110109853838	0.470292618516218	0.3633230822013936	0.21794865642671735	0.5140042642990587	0.5906708340124472	0.5446727715347881	0.6383541098029906	0.3068840172793943	0.7308022667537647	0.46861244125989737	0.49179171015182116	0.25195704610367053	0.7557262329097416	0.5529790553476672	0.730352657780662	0.2486753740274507	0.5720597765661528	0.7098073443875724	0.32171130114977337	0.6090087494685863	0.24947357138537257	0.22113654176092376	0.4320064047464939	0.7842596773899297	0.4827350295312388	0.847162153166781	0.7950022066810802	0.11327125663307394	0.9358925775327386	0.7643276483468179	0.5549948211546306	0.08750451504647289	0.6374434173311717	0.4631502460962103	0.5616355301860885	0.9004375123519197	0.7236761846443176	0.3072155793832428	0.6385496538591026	0.30373687021405255	0.4041764415774578	0.24209017598862695	0.26084780515497463	0.7666758657322085	0.33448756865547535	0.5957045959705066	0.5506728048825249	0.9211887318583674	0.430315095764923
142	0.3433110109834414	0.4702926185162178	0.36332308221328213	0.21794865642470143	0.5140042642673415	0.5906708339640294	0.5446727715278156	0.6383541098029912	0.3068840172771759	0.7308022667537647	0.4686124412655521	0.491791710125935	0.2519570461036705	0.755726232909742	0.5529790553476673	0.7303526577949724	0.2486753740274515	0.5720597765661528	0.7098073443789693	0.3217113011581288	0.6090087494769161	0.24947357136473866	0.22113654178537864	0.43200640474649427	0.7842596773899294	0.4827350295136936	0.8471621531667808	0.7950022066806602	0.11327125663307402	0.9358925775327386	0.7643276483468174	0.5549948211580232	0.08750451504647278	0.637443417331172	0.4631502460962108	0.5616355301724407	0.900437512376253	0.7236761846443173	0.30721557938324284	0.6385496538394926	0.30373687018584394	0.404176441587696	0.24209017598862656	0.2608478051725555	0.7666758657328395	0.3344875686446803	0.5957045959551143	0.5506728048825249	0.9211887318583672	0.4303150957359393
143	0.34331101098171346	0.47029261851621745	0.3633230822238578	0.21794865642290814	0.514004264239127	0.5906708339209586	0.5446727715216131	0.6383541098029918	0.30688401727520254	0.7308022667537647	0.46861244127058244	0.4917917101029077	0.25195704610367037	0.7557262329097424	0.5529790553476674	0.7303526578077025	0.2486753740274522	0.5720597765661528	0.7098073443713164	0.3217113011655614	0.609008749484326	0.2494735713463835	0.22113654180713282	0.4320064047464947	0.7842596773899292	0.48273502949808605	0.8471621531667807	0.7950022066802865	0.1132712566330741	0.9358925775327386	0.7643276483468169	0.5549948211610412	0.08750451504647264	0.6374434173311723	0.4631502460962112	0.5616355301603002	0.900437512397899	0.723676184644317	0.30721557938324295	0.6385496538220484	0.3037368701607505	0.40417644159680355	0.24209017598862623	0.26084780518819484	0.7666758657334007	0.33448756863507734	0.5957045959414217	0.5506728048825249	0.921188731858367	0.4303150957101565
144	0.3433110109801763	0.4702926185162172	0.36332308223326604	0.2179486564213128	0.5140042642140269	0.5906708338826422	0.5446727715160953	0.6383541098029923	0.306884017273447	0.7308022667537648	0.4686124412750576	0.4917917100824222	0.2519570461036703	0.7557262329097427	0.5529790553476677	0.7303526578190274	0.24867537402745282	0.5720597765661529	0.7098073443645082	0.32171130117217367	0.6090087494909181	0.2494735713300544	0.2211365418264857	0.43200640474649515	0.7842596773899291	0.48273502948420133	0.8471621531667805	0.795002206679954	0.11327125663307416	0.9358925775327388	0.7643276483468165	0.5549948211637261	0.08750451504647254	0.6374434173311726	0.4631502460962116	0.5616355301494997	0.9004375124171557	0.7236761846443167	0.307215579383243	0.6385496538065298	0.3037368701384271	0.40417644160490573	0.24209017598862592	0.2608478052021078	0.7666758657339001	0.3344875686265344	0.5957045959292406	0.5506728048825249	0.9211887318583668	0.43031509568721965
145	0.34331101097880873	0.47029261851621695	0.3633230822416363	0.2179486564198935	0.514004264191696	0.590670833848553	0.5446727715111862	0.6383541098029929	0.30688401727188513	0.7308022667537648	0.46861244127903884	0.4917917100641968	0.25195704610367026	0.7557262329097431	0.5529790553476678	0.7303526578291029	0.24867537402745338	0.5720597765661529	0.7098073443584512	0.3217113011780564	0.6090087494967829	0.2494735713155269	0.22113654184370343	0.43200640474649543	0.7842596773899287	0.48273502947184843	0.8471621531667803	0.7950022066796584	0.11327125663307422	0.9358925775327388	0.7643276483468161	0.5549948211661148	0.08750451504647247	0.6374434173311728	0.4631502460962119	0.5616355301398909	0.9004375124342878	0.7236761846443165	0.30721557938324306	0.6385496537927231	0.3037368701185665	0.40417644161211413	0.24209017598862564	0.2608478052144858	0.7666758657343444	0.334487568618934	0.5957045959184033	0.5506728048825249	0.9211887318583666	0.4303150956668134
146	0.3433110109775919	0.4702926185162168	0.3633230822490836	0.21794865641863065	0.5140042641718277	0.5906708338182229	0.5446727715068185	0.6383541098029932	0.3068840172704955	0.7308022667537648	0.46861244128258117	0.4917917100479812	0.2519570461036702	0.7557262329097434	0.5529790553476679	0.7303526578380672	0.24867537402745393	0.5720597765661529	0.709807344353062	0.32171130118329033	0.6090087495020008	0.24947357130260134	0.2211365418590225	0.4320064047464958	0.7842596773899286	0.4827350294608578	0.8471621531667801	0.7950022066793953	0.11327125663307427	0.9358925775327388	0.7643276483468159	0.55499482116824	0.08750451504647236	0.6374434173311729	0.46315024609621225	0.5616355301313417	0.9004375124495307	0.7236761846443163	0.3072155793832431	0.6385496537804392	0.303736870100896	0.40417644161852756	0.24209017598862542	0.2608478052254989	0.7666758657347397	0.33448756861217177	0.5957045959087611	0.5506728048825249	0.9211887318583665	0.4303150956486574
147	0.34331101097650923	0.4702926185162165	0.36332308225571	0.21794865641750702	0.5140042641541491	0.590670833791236	0.5446727715029321	0.6383541098029937	0.30688401726925907	0.7308022667537648	0.468612441285733	0.4917917100335529	0.25195704610367015	0.7557262329097436	0.5529790553476679	0.7303526578460436	0.24867537402745438	0.5720597765661529	0.7098073443482669	0.3217113011879475	0.6090087495066437	0.24947357129110048	0.2211365418726531	0.4320064047464961	0.7842596773899285	0.48273502945107843	0.84716215316678	0.7950022066791611	0.1132712566330743	0.935892577532739	0.7643276483468157	0.5549948211701309	0.08750451504647228	0.6374434173311732	0.46315024609621247	0.5616355301237348	0.9004375124630936	0.7236761846443162	0.3072155793832432	0.6385496537695091	0.3037368700851732	0.4041764416242341	0.2420901759886252	0.26084780523529805	0.7666758657350914	0.33448756860615475	0.5957045959001817	0.5506728048825249	0.9211887318583665	0.43031509563250253
148	0.3433110109755459	0.4702926185162164	0.36332308226160637	0.21794865641650718	0.5140042641384183	0.590670833767222	0.544672771499474	0.638354109802994	0.3068840172681589	0.7308022667537648	0.4686124412885377	0.49179171002071415	0.25195704610367015	0.755726232909744	0.552979055347668	0.7303526578531411	0.2486753740274548	0.5720597765661529	0.709807344344	0.32171130119209157	0.6090087495107752	0.24947357128086664	0.22113654188478205	0.4320064047464963	0.7842596773899282	0.48273502944237645	0.8471621531667799	0.7950022066789527	0.11327125663307434	0.935892577532739	0.7643276483468153	0.5549948211718136	0.0875045150464722	0.6374434173311733	0.46315024609621275	0.5616355301169659	0.9004375124751622	0.7236761846443159	0.3072155793832433	0.6385496537597831	0.3037368700711825	0.40417644162931204	0.24209017598862495	0.26084780524401757	0.7666758657354044	0.3344875686008007	0.5957045958925473	0.5506728048825249	0.9211887318583662	0.4303150956181274
149	0.3433110109746885	0.47029261851621623	0.3633230822668535	0.21794865641561745	0.5140042641244196	0.5906708337458524	0.5446727714963966	0.6383541098029943	0.30688401726717973	0.7308022667537648	0.46861244129103347	0.4917917100092891	0.2519570461036701	0.7557262329097442	0.5529790553476681	0.7303526578594572	0.2486753740274552	0.5720597765661529	0.709807344340203	0.3217113011957793	0.6090087495144516	0.24947357127175965	0.22113654189557538	0.4320064047464966	0.7842596773899282	0.48273502943463276	0.8471621531667799	0.7950022066787673	0.1132712566330744	0.935892577532739	0.7643276483468151	0.554994821173311	0.08750451504647218	0.6374434173311735	0.463150246096213	0.5616355301109422	0.9004375124859019	0.7236761846443158	0.3072155793832433	0.6385496537511282	0.30373687005873234	0.40417644163383076	0.24209017598862478	0.2608478052517771	0.7666758657356827	0.33448756859603623	0.5957045958857538	0.5506728048825249	0.9211887318583662	0.43031509560533526
150	0.3433110109739255	0.470292618516216	0.36332308227152305	0.21794865641482566	0.5140042641119617	0.5906708337268348	0.5446727714936579	0.6383541098029947	0.30688401726630843	0.7308022667537648	0.4686124412932546	0.4917917099991217	0.25195704610367003	0.7557262329097443	0.5529790553476681	0.7303526578650782	0.24867537402745554	0.5720597765661529	0.7098073443368239	0.3217113011990611	0.6090087495177234	0.24947357126365508	0.22113654190518078	0.4320064047464968	0.784259677389928	0.4827350294277413	0.8471621531667797	0.7950022066786023	0.11327125663307444	0.935892577532739	0.7643276483468149	0.5549948211746435	0.08750451504647211	0.6374434173311737	0.46315024609621314	0.5616355301055819	0.9004375124954596	0.7236761846443157	0.30721557938324334	0.6385496537434258	0.30373687004765254	0.40417644163785216	0.24209017598862462	0.26084780525868245	0.7666758657359307	0.33448756859179607	0.5957045958797079	0.5506728048825249	0.921188731858366	0.43031509559395104
151	0.34331101097324657	0.4702926185162159	0.3633230822756789	0.21794865641412098	0.5140042641008743	0.5906708337099095	0.5446727714912205	0.6383541098029949	0.306884017265533	0.7308022667537649	0.46861244129523133	0.4917917099900727	0.25195704610367	0.7557262329097444	0.5529790553476681	0.7303526578700806	0.24867537402745588	0.5720597765661529	0.7098073443338166	0.3217113012019819	0.6090087495206353	0.24947357125644215	0.22113654191372942	0.432006404746497	0.784259677389928	0.48273502942160806	0.8471621531667797	0.7950022066784554	0.11327125663307444	0.935892577532739	0.7643276483468145	0.5549948211758295	0.08750451504647207	0.6374434173311737	0.46315024609621336	0.5616355301008109	0.9004375125039658	0.7236761846443156	0.30721557938324334	0.6385496537365708	0.30373687003779176	0.40417644164143113	0.24209017598862445	0.2608478052648281	0.7666758657361513	0.3344875685880225	0.5957045958743271	0.5506728048825249	0.921188731858366	0.43031509558381925
152	0.3433110109726422	0.4702926185162158	0.3633230822793778	0.21794865641349376	0.5140042640910062	0.5906708336948452	0.5446727714890512	0.6383541098029952	0.30688401726484277	0.7308022667537649	0.4686124412969907	0.4917917099820189	0.25195704610367	0.7557262329097446	0.5529790553476683	0.7303526578745331	0.24867537402745618	0.5720597765661529	0.7098073443311398	0.32171130120458147	0.609008749523227	0.2494735712500223	0.221136541921338	0.43200640474649715	0.7842596773899279	0.48273502941614926	0.8471621531667796	0.7950022066783249	0.11327125663307447	0.9358925775327392	0.7643276483468144	0.5549948211768851	0.08750451504647201	0.6374434173311738	0.4631502460962135	0.5616355300965649	0.9004375125115365	0.7236761846443155	0.3072155793832434	0.6385496537304696	0.3037368700290152	0.4041764416446165	0.24209017598862428	0.26084780527029805	0.7666758657363476	0.3344875685846638	0.5957045958695381	0.5506728048825249	0.9211887318583659	0.43031509557480163
153	0.34331101097210426	0.47029261851621573	0.36332308228267013	0.21794865641293548	0.5140042640822227	0.5906708336814369	0.5446727714871203	0.6383541098029955	0.3068840172642284	0.7308022667537649	0.4686124412985567	0.4917917099748503	0.25195704610367	0.7557262329097448	0.5529790553476683	0.730352657878496	0.24867537402745643	0.5720597765661529	0.7098073443287574	0.32171130120689534	0.6090087495255339	0.24947357124430816	0.22113654192811033	0.4320064047464973	0.7842596773899276	0.4827350294112904	0.8471621531667796	0.7950022066782085	0.11327125663307452	0.9358925775327392	0.7643276483468143	0.5549948211778245	0.08750451504647197	0.6374434173311739	0.4631502460962137	0.5616355300927853	0.9004375125182752	0.7236761846443154	0.3072155793832434	0.6385496537250389	0.3037368700212034	0.40417644164745187	0.2420901759886242	0.2608478052751667	0.7666758657365222	0.3344875685816743	0.5957045958652754	0.5506728048825249	0.9211887318583659	0.43031509556677516
154	0.3433110109716255	0.47029261851621557	0.36332308228560073	0.21794865641243852	0.5140042640744041	0.5906708336695016	0.5446727714854015	0.6383541098029956	0.3068840172636816	0.7308022667537649	0.4686124412999507	0.49179170996846927	0.2519570461036699	0.7557262329097449	0.5529790553476683	0.7303526578820236	0.24867537402745668	0.5720597765661529	0.7098073443266367	0.321711301208955	0.6090087495275872	0.24947357123922176	0.2211365419341386	0.43200640474649743	0.7842596773899276	0.4827350294069654	0.8471621531667796	0.795002206678105	0.11327125663307452	0.9358925775327392	0.7643276483468141	0.5549948211786608	0.08750451504647193	0.637443417331174	0.46315024609621386	0.5616355300894211	0.9004375125242735	0.7236761846443153	0.30721557938324345	0.638549653720205	0.3037368700142498	0.40417644164997557	0.242090175988624	0.26084780527950047	0.7666758657366778	0.3344875685790133	0.5957045958614811	0.5506728048825249	0.9211887318583659	0.43031509555963054
155	0.3433110109711992	0.4702926185162155	0.36332308228820953	0.2179486564119962	0.5140042640674444	0.590670833658877	0.5446727714838716	0.6383541098029958	0.3068840172631948	0.7308022667537649	0.4686124413011915	0.49179170996278904	0.25195704610366987	0.755726232909745	0.5529790553476684	0.7303526578851639	0.24867537402745687	0.5720597765661529	0.7098073443247489	0.32171130121078845	0.6090087495294151	0.24947357123469396	0.22113654193950485	0.4320064047464976	0.7842596773899275	0.4827350294031153	0.8471621531667793	0.7950022066780129	0.11327125663307452	0.9358925775327392	0.7643276483468141	0.5549948211794054	0.08750451504647189	0.6374434173311742	0.46315024609621397	0.5616355300864263	0.900437512529613	0.7236761846443153	0.30721557938324345	0.638549653715902	0.3037368700080599	0.4041764416522223	0.24209017598862398	0.26084780528335827	0.7666758657368162	0.3344875685766444	0.5957045958581034	0.5506728048825248	0.9211887318583657	0.4303150955532705
156	0.3433110109708198	0.4702926185162154	0.3633230822905319	0.2179486564116024	0.5140042640612484	0.5906708336494187	0.5446727714825095	0.6383541098029959	0.3068840172627615	0.7308022667537649	0.4686124413022962	0.49179170995773225	0.25195704610366987	0.7557262329097452	0.5529790553476684	0.7303526578879594	0.2486753740274571	0.5720597765661529	0.7098073443230684	0.3217113012124207	0.6090087495310423	0.24947357123066316	0.221136541944282	0.4320064047464977	0.7842596773899275	0.48273502939968793	0.8471621531667793	0.7950022066779308	0.11327125663307457	0.9358925775327392	0.7643276483468139	0.554994821180068	0.08750451504647185	0.6374434173311743	0.463150246096214	0.5616355300837603	0.9004375125343663	0.7236761846443152	0.3072155793832435	0.6385496537120713	0.3037368700025494	0.40417644165422223	0.24209017598862384	0.26084780528679263	0.7666758657369396	0.3344875685745357	0.5957045958550965	0.5506728048825248	0.9211887318583657	0.4303150955476087
157	0.34331101097048194	0.4702926185162154	0.36332308229259946	0.21794865641125177	0.5140042640557324	0.5906708336409983	0.5446727714812969	0.6383541098029961	0.30688401726237574	0.7308022667537649	0.46861244130327967	0.49179170995323035	0.25195704610366987	0.7557262329097452	0.5529790553476684	0.7303526578904482	0.24867537402745726	0.5720597765661529	0.7098073443215722	0.32171130121387376	0.6090087495324911	0.2494735712270747	0.22113654194853502	0.4320064047464978	0.7842596773899274	0.48273502939663654	0.8471621531667793	0.7950022066778577	0.11327125663307457	0.9358925775327392	0.7643276483468138	0.5549948211806581	0.08750451504647185	0.6374434173311743	0.46315024609621414	0.5616355300813868	0.9004375125385984	0.7236761846443152	0.3072155793832435	0.6385496537086609	0.30373686999764354	0.40417644165600286	0.24209017598862376	0.2608478052898502	0.7666758657370493	0.33448756857265827	0.5957045958524195	0.5506728048825248	0.9211887318583657	0.4303150955425681
158	0.34331101097018113	0.4702926185162153	0.3633230822944402	0.2179486564109397	0.5140042640508213	0.5906708336335014	0.5446727714802173	0.6383541098029962	0.30688401726203224	0.7308022667537649	0.4686124413041552	0.4917917099492223	0.2519570461036698	0.7557262329097453	0.5529790553476684	0.730352657892664	0.24867537402745743	0.5720597765661529	0.7098073443202402	0.32171130121516756	0.6090087495337809	0.24947357122387973	0.22113654195232157	0.4320064047464979	0.7842596773899274	0.48273502939391993	0.8471621531667792	0.7950022066777926	0.11327125663307462	0.9358925775327392	0.7643276483468137	0.5549948211811834	0.0875045150464718	0.6374434173311743	0.4631502460962143	0.5616355300792736	0.900437512542366	0.723676184644315	0.3072155793832435	0.6385496537056244	0.3037368699932758	0.4041764416575881	0.24209017598862367	0.2608478052925723	0.766675865737147	0.3344875685709868	0.5957045958500362	0.5506728048825248	0.9211887318583655	0.4303150955380803
159	0.3433110109699134	0.4702926185162153	0.36332308229607924	0.21794865641066172	0.5140042640464487	0.5906708336268263	0.5446727714792561	0.6383541098029963	0.30688401726172637	0.7308022667537649	0.4686124413049348	0.4917917099456536	0.2519570461036698	0.7557262329097454	0.5529790553476684	0.7303526578946369	0.24867537402745754	0.5720597765661529	0.7098073443190541	0.3217113012163194	0.6090087495349292	0.2494735712210351	0.22113654195569302	0.432006404746498	0.7842596773899274	0.4827350293915011	0.8471621531667792	0.7950022066777347	0.11327125663307462	0.9358925775327392	0.7643276483468135	0.5549948211816511	0.08750451504647179	0.6374434173311744	0.4631502460962144	0.5616355300773922	0.9004375125457208	0.723676184644315	0.30721557938324356	0.6385496537029209	0.30373686998938687	0.4041764416589996	0.24209017598862367	0.260847805294996	0.766675865737234	0.3344875685694985	0.595704595847914	0.5506728048825248	0.9211887318583655	0.4303150955340844
160	0.3433110109696749	0.4702926185162152	0.3633230822975386	0.21794865641041428	0.5140042640425552	0.5906708336208828	0.5446727714784001	0.6383541098029965	0.3068840172614541	0.7308022667537649	0.468612441305629	0.491791709942476	0.2519570461036698	0.7557262329097454	0.5529790553476686	0.7303526578963936	0.24867537402745768	0.5720597765661529	0.709807344317998	0.3217113012173451	0.6090087495359517	0.24947357121850225	0.22113654195869498	0.43200640474649804	0.7842596773899273	0.4827350293893473	0.8471621531667792	0.7950022066776832	0.11327125663307462	0.9358925775327392	0.7643276483468135	0.5549948211820676	0.08750451504647179	0.6374434173311744	0.4631502460962144	0.5616355300757169	0.9004375125487079	0.7236761846443149	0.30721557938324356	0.6385496537005138	0.3037368699859241	0.4041764416602564	0.24209017598862356	0.2608478052971542	0.7666758657373114	0.33448756856817335	0.5957045958460245	0.5506728048825248	0.9211887318583655	0.43031509553052655
161	0.3433110109694626	0.4702926185162152	0.36332308229883814	0.21794865641019387	0.5140042640390883	0.5906708336155903	0.5446727714776379	0.6383541098029966	0.3068840172612116	0.7308022667537649	0.4686124413062471	0.49179170993964644	0.2519570461036698	0.7557262329097455	0.5529790553476686	0.7303526578979579	0.24867537402745782	0.5720597765661529	0.7098073443170576	0.3217113012182584	0.6090087495368623	0.24947357121624672	0.2211365419613681	0.43200640474649815	0.7842596773899273	0.4827350293874294	0.8471621531667792	0.7950022066776373	0.11327125663307462	0.9358925775327392	0.7643276483468134	0.5549948211824384	0.08750451504647175	0.6374434173311745	0.4631502460962145	0.5616355300742251	0.9004375125513676	0.7236761846443149	0.30721557938324356	0.6385496536983702	0.30373686998284066	0.4041764416613755	0.2420901759886235	0.26084780529907586	0.7666758657373804	0.3344875685669934	0.5957045958443421	0.5506728048825248	0.9211887318583655	0.4303150955273584
162	0.34331101096927347	0.47029261851621507	0.3633230822999954	0.21794865640999772	0.514004264036001	0.5906708336108772	0.5446727714769594	0.6383541098029967	0.3068840172609957	0.7308022667537649	0.4686124413067976	0.49179170993712673	0.2519570461036698	0.7557262329097457	0.5529790553476686	0.7303526578993509	0.2486753740274579	0.5720597765661528	0.7098073443162202	0.32171130121907177	0.6090087495376731	0.24947357121423824	0.22113654196374846	0.43200640474649815	0.7842596773899273	0.4827350293857216	0.8471621531667792	0.7950022066775964	0.11327125663307465	0.9358925775327392	0.7643276483468134	0.5549948211827687	0.08750451504647175	0.6374434173311746	0.4631502460962145	0.5616355300728966	0.900437512553736	0.7236761846443148	0.30721557938324356	0.6385496536964614	0.3037368699800949	0.4041764416623721	0.2420901759886235	0.26084780530078716	0.7666758657374418	0.33448756856594264	0.5957045958428437	0.5506728048825248	0.9211887318583655	0.43031509552453723
163	0.34331101096910516	0.470292618516215	0.3633230823010259	0.21794865640982294	0.5140042640332515	0.5906708336066803	0.5446727714763548	0.6383541098029968	0.3068840172608034	0.7308022667537649	0.4686124413072878	0.4917917099348829	0.2519570461036698	0.7557262329097457	0.5529790553476686	0.7303526579005913	0.248675374027458	0.5720597765661528	0.7098073443154744	0.321711301219796	0.6090087495383952	0.24947357121244962	0.22113654196586835	0.4320064047464982	0.7842596773899271	0.48273502938420065	0.8471621531667792	0.7950022066775599	0.11327125663307465	0.9358925775327392	0.7643276483468133	0.5549948211830628	0.0875045150464717	0.6374434173311746	0.4631502460962147	0.5616355300717136	0.9004375125558455	0.7236761846443148	0.3072155793832436	0.6385496536947615	0.30373686997764965	0.40417644166325956	0.24209017598862342	0.2608478053023111	0.7666758657374965	0.3344875685650069	0.5957045958415094	0.5506728048825248	0.9211887318583655	0.43031509552202474
164	0.3433110109689551	0.470292618516215	0.36332308230194377	0.21794865640966732	0.514004264030803	0.5906708336029424	0.5446727714758166	0.6383541098029969	0.30688401726063214	0.7308022667537649	0.4686124413077243	0.49179170993288446	0.25195704610366976	0.7557262329097457	0.5529790553476686	0.7303526579016961	0.2486753740274581	0.5720597765661528	0.7098073443148103	0.32171130122044106	0.6090087495390384	0.2494735712108567	0.22113654196775626	0.4320064047464983	0.7842596773899271	0.48273502938284624	0.847162153166779	0.7950022066775275	0.11327125663307465	0.9358925775327392	0.7643276483468133	0.5549948211833247	0.0875045150464717	0.6374434173311746	0.4631502460962147	0.5616355300706599	0.900437512557724	0.7236761846443148	0.3072155793832436	0.6385496536932477	0.30373686997547195	0.40417644166405	0.24209017598862337	0.26084780530366836	0.7666758657375452	0.3344875685641735	0.5957045958403211	0.5506728048825248	0.9211887318583655	0.4303150955197872
165	0.3433110109688216	0.470292618516215	0.3633230823027612	0.2179486564095287	0.5140042640286222	0.5906708335996134	0.5446727714753372	0.6383541098029969	0.3068840172604796	0.7308022667537649	0.46861244130811314	0.49179170993110466	0.25195704610366976	0.7557262329097457	0.5529790553476686	0.7303526579026801	0.24867537402745815	0.5720597765661528	0.7098073443142188	0.32171130122101554	0.6090087495396111	0.24947357120943794	0.2211365419694377	0.4320064047464983	0.7842596773899271	0.4827350293816398	0.847162153166779	0.7950022066774987	0.11327125663307465	0.9358925775327392	0.7643276483468133	0.5549948211835579	0.0875045150464717	0.6374434173311746	0.46315024609621475	0.5616355300697217	0.9004375125593972	0.7236761846443148	0.3072155793832436	0.6385496536918994	0.3037368699735324	0.40417644166475397	0.24209017598862329	0.26084780530487717	0.7666758657375886	0.3344875685634312	0.5957045958392627	0.5506728048825248	0.9211887318583655	0.4303150955177944
166	0.34331101096870265	0.47029261851621496	0.3633230823034892	0.21794865640940522	0.5140042640266799	0.5906708335966483	0.5446727714749102	0.6383541098029969	0.30688401726034376	0.7308022667537649	0.46861244130845936	0.4917917099295194	0.25195704610366976	0.7557262329097458	0.5529790553476686	0.7303526579035565	0.24867537402745823	0.5720597765661528	0.709807344313692	0.32171130122152725	0.6090087495401212	0.24947357120817434	0.22113654197093527	0.4320064047464984	0.7842596773899271	0.4827350293805653	0.847162153166779	0.795002206677473	0.11327125663307465	0.9358925775327394	0.7643276483468131	0.5549948211837656	0.08750451504647168	0.6374434173311746	0.4631502460962148	0.5616355300688859	0.9004375125608873	0.7236761846443148	0.3072155793832436	0.6385496536906985	0.3037368699718049	0.4041764416653809	0.24209017598862329	0.2608478053059538	0.7666758657376272	0.3344875685627701	0.59570459583832	0.5506728048825248	0.9211887318583655	0.4303150955160195
167	0.3433110109685967	0.4702926185162149	0.36332308230413773	0.21794865640929525	0.5140042640249498	0.5906708335940072	0.5446727714745299	0.638354109802997	0.30688401726022274	0.7308022667537649	0.46861244130876784	0.4917917099281075	0.25195704610366976	0.7557262329097458	0.5529790553476686	0.730352657904337	0.24867537402745832	0.5720597765661528	0.7098073443132227	0.321711301221983	0.6090087495405756	0.24947357120704883	0.22113654197226923	0.43200640474649843	0.7842596773899271	0.4827350293796083	0.847162153166779	0.7950022066774501	0.11327125663307465	0.9358925775327394	0.7643276483468131	0.5549948211839507	0.08750451504647168	0.6374434173311747	0.4631502460962148	0.5616355300681414	0.9004375125622145	0.7236761846443147	0.3072155793832436	0.6385496536896288	0.3037368699702662	0.40417644166593936	0.24209017598862326	0.26084780530691276	0.7666758657376618	0.3344875685621813	0.5957045958374805	0.5506728048825248	0.9211887318583654	0.4303150955144385
168	0.3433110109685023	0.4702926185162149	0.36332308230471533	0.21794865640919733	0.5140042640234087	0.5906708335916546	0.544672771474191	0.638354109802997	0.306884017260115	0.7308022667537649	0.4686124413090426	0.49179170992684973	0.25195704610366976	0.7557262329097458	0.5529790553476686	0.7303526579050325	0.24867537402745835	0.5720597765661528	0.7098073443128047	0.32171130122238895	0.6090087495409803	0.24947357120604627	0.22113654197345745	0.43200640474649843	0.7842596773899271	0.4827350293787558	0.847162153166779	0.7950022066774296	0.11327125663307465	0.9358925775327394	0.764327648346813	0.5549948211841156	0.08750451504647168	0.6374434173311747	0.46315024609621486	0.5616355300674784	0.9004375125633969	0.7236761846443147	0.3072155793832437	0.638549653688676	0.30373686996889565	0.4041764416664369	0.24209017598862326	0.26084780530776697	0.7666758657376924	0.3344875685616568	0.5957045958367326	0.5506728048825248	0.9211887318583654	0.4303150955130302
169	0.3433110109684182	0.4702926185162149	0.3633230823052299	0.21794865640911007	0.5140042640220359	0.5906708335895591	0.5446727714738894	0.638354109802997	0.30688401726001896	0.7308022667537649	0.46861244130928736	0.49179170992572935	0.25195704610366976	0.7557262329097458	0.5529790553476687	0.7303526579056517	0.2486753740274584	0.5720597765661528	0.7098073443124324	0.3217113012227506	0.6090087495413409	0.24947357120515318	0.22113654197451588	0.43200640474649843	0.7842596773899271	0.4827350293779964	0.847162153166779	0.7950022066774115	0.11327125663307469	0.9358925775327394	0.764327648346813	0.5549948211842624	0.08750451504647164	0.6374434173311747	0.46315024609621486	0.5616355300668877	0.9004375125644501	0.7236761846443147	0.3072155793832437	0.6385496536878272	0.30373686996767474	0.40417644166688	0.2420901759886232	0.26084780530852786	0.7666758657377197	0.33448756856118955	0.5957045958360663	0.5506728048825248	0.9211887318583654	0.4303150955117758
170	0.3433110109683433	0.4702926185162149	0.36332308230568827	0.21794865640903235	0.514004264020813	0.5906708335876922	0.5446727714736205	0.6383541098029971	0.3068840172599334	0.7308022667537649	0.46861244130950547	0.49179170992473126	0.2519570461036697	0.7557262329097459	0.5529790553476687	0.7303526579062035	0.24867537402745848	0.5720597765661528	0.7098073443121006	0.3217113012230728	0.6090087495416621	0.24947357120435762	0.22113654197545876	0.43200640474649843	0.7842596773899271	0.48273502937731994	0.847162153166779	0.7950022066773954	0.11327125663307469	0.9358925775327394	0.764327648346813	0.5549948211843931	0.08750451504647164	0.6374434173311747	0.4631502460962149	0.5616355300663614	0.9004375125653883	0.7236761846443147	0.3072155793832437	0.6385496536870713	0.30373686996658705	0.40417644166727473	0.2420901759886232	0.2608478053092057	0.7666758657377439	0.33448756856077333	0.5957045958354729	0.5506728048825248	0.9211887318583654	0.4303150955106583
171	0.34331101096827654	0.4702926185162149	0.3633230823060966	0.21794865640896313	0.5140042640197235	0.5906708335860291	0.5446727714733809	0.6383541098029972	0.30688401725985726	0.7308022667537649	0.46861244130969965	0.49179170992384214	0.2519570461036697	0.7557262329097459	0.5529790553476687	0.7303526579066951	0.24867537402745848	0.5720597765661528	0.7098073443118051	0.3217113012233598	0.6090087495419482	0.24947357120364885	0.22113654197629878	0.43200640474649854	0.7842596773899271	0.48273502937671725	0.847162153166779	0.795002206677381	0.11327125663307469	0.9358925775327394	0.764327648346813	0.5549948211845097	0.08750451504647164	0.6374434173311747	0.4631502460962149	0.5616355300658926	0.9004375125662242	0.7236761846443147	0.3072155793832437	0.6385496536863976	0.3037368699656181	0.4041764416676264	0.24209017598862317	0.2608478053098096	0.7666758657377658	0.33448756856040257	0.5957045958349442	0.5506728048825248	0.9211887318583654	0.43031509550966274
172	0.3433110109682172	0.47029261851621484	0.36332308230646043	0.21794865640890143	0.5140042640187529	0.5906708335845474	0.5446727714731676	0.6383541098029972	0.30688401725978937	0.7308022667537649	0.46861244130987273	0.49179170992305005	0.2519570461036697	0.7557262329097459	0.5529790553476687	0.730352657907133	0.2486753740274585	0.5720597765661528	0.7098073443115419	0.3217113012236154	0.6090087495422031	0.24947357120301739	0.22113654197704716	0.4320064047464986	0.7842596773899271	0.4827350293761803	0.847162153166779	0.795002206677368	0.11327125663307469	0.9358925775327394	0.764327648346813	0.5549948211846135	0.08750451504647164	0.6374434173311747	0.4631502460962149	0.561635530065475	0.9004375125669687	0.7236761846443146	0.3072155793832437	0.6385496536857975	0.3037368699647549	0.40417644166793976	0.24209017598862317	0.26084780531034757	0.7666758657377849	0.3344875685600722	0.5957045958344731	0.5506728048825248	0.9211887318583654	0.4303150955087758
173	0.34331101096816413	0.47029261851621484	0.36332308230678456	0.21794865640884642	0.5140042640178882	0.5906708335832274	0.5446727714729775	0.6383541098029972	0.30688401725972886	0.7308022667537649	0.4686124413100269	0.4917917099223442	0.2519570461036697	0.7557262329097459	0.5529790553476687	0.7303526579075232	0.24867537402745857	0.5720597765661528	0.7098073443113073	0.3217113012238433	0.6090087495424302	0.2494735712024549	0.22113654197771387	0.4320064047464986	0.784259677389927	0.48273502937570195	0.847162153166779	0.7950022066773567	0.11327125663307469	0.9358925775327394	0.764327648346813	0.554994821184706	0.08750451504647164	0.6374434173311747	0.46315024609621497	0.5616355300651029	0.9004375125676322	0.7236761846443146	0.3072155793832437	0.6385496536852628	0.30373686996398586	0.40417644166821887	0.24209017598862317	0.26084780531082696	0.7666758657378022	0.33448756855977785	0.5957045958340534	0.5506728048825248	0.9211887318583654	0.4303150955079855
174	0.343311010968117	0.4702926185162148	0.3633230823070734	0.21794865640879746	0.5140042640171177	0.5906708335820511	0.5446727714728081	0.6383541098029972	0.306884017259675	0.7308022667537649	0.4686124413101642	0.4917917099217154	0.2519570461036697	0.7557262329097459	0.5529790553476687	0.7303526579078709	0.2486753740274586	0.5720597765661528	0.7098073443110983	0.32171130122404623	0.6090087495426326	0.2494735712019536	0.22113654197830795	0.4320064047464986	0.784259677389927	0.48273502937527574	0.847162153166779	0.7950022066773464	0.11327125663307469	0.9358925775327394	0.764327648346813	0.5549948211847884	0.08750451504647164	0.6374434173311747	0.46315024609621497	0.5616355300647713	0.9004375125682234	0.7236761846443146	0.3072155793832437	0.6385496536847864	0.30373686996330057	0.40417644166846756	0.24209017598862312	0.260847805311254	0.7666758657378174	0.33448756855951567	0.5957045958336794	0.5506728048825248	0.9211887318583654	0.4303150955072815
175	0.3433110109680749	0.4702926185162148	0.36332308230733074	0.2179486564087538	0.5140042640164312	0.5906708335810031	0.5446727714726571	0.6383541098029972	0.306884017259627	0.7308022667537649	0.4686124413102867	0.4917917099211551	0.2519570461036697	0.7557262329097459	0.5529790553476687	0.7303526579081806	0.24867537402745865	0.5720597765661528	0.7098073443109121	0.3217113012242271	0.6090087495428129	0.24947357120150698	0.22113654197883725	0.4320064047464986	0.784259677389927	0.482735029374896	0.8471621531667789	0.7950022066773372	0.11327125663307469	0.9358925775327394	0.7643276483468129	0.5549948211848619	0.08750451504647164	0.6374434173311747	0.463150246096215	0.561635530064476	0.9004375125687499	0.7236761846443146	0.3072155793832437	0.638549653684362	0.30373686996269	0.40417644166868916	0.24209017598862312	0.26084780531163454	0.7666758657378312	0.334487568559282	0.5957045958333463	0.5506728048825248	0.9211887318583654	0.4303150955066541
176	0.34331101096803746	0.4702926185162148	0.36332308230756005	0.21794865640871497	0.5140042640158194	0.5906708335800693	0.5446727714725227	0.6383541098029972	0.3068840172595842	0.7308022667537649	0.4686124413103957	0.49179170992065585	0.2519570461036697	0.7557262329097459	0.5529790553476687	0.7303526579084566	0.24867537402745865	0.5720597765661528	0.7098073443107461	0.32171130122438824	0.6090087495429737	0.249473571201109	0.22113654197930893	0.4320064047464986	0.784259677389927	0.48273502937455753	0.8471621531667789	0.7950022066773291	0.11327125663307469	0.9358925775327394	0.7643276483468129	0.5549948211849273	0.08750451504647161	0.6374434173311747	0.463150246096215	0.5616355300642127	0.9004375125692193	0.7236761846443146	0.3072155793832437	0.6385496536839839	0.30373686996214594	0.40417644166888667	0.24209017598862312	0.2608478053119736	0.7666758657378433	0.3344875685590738	0.5957045958330494	0.5506728048825248	0.9211887318583654	0.43031509550609504
177	0.3433110109680041	0.4702926185162148	0.3633230823077644	0.2179486564086803	0.5140042640152743	0.5906708335792371	0.5446727714724028	0.6383541098029973	0.30688401725954606	0.7308022667537649	0.4686124413104929	0.491791709920211	0.2519570461036697	0.7557262329097459	0.5529790553476687	0.7303526579087026	0.24867537402745865	0.5720597765661528	0.7098073443105983	0.32171130122453184	0.6090087495431168	0.24947357120075436	0.22113654197972923	0.4320064047464986	0.784259677389927	0.482735029374256	0.8471621531667789	0.795002206677322	0.11327125663307469	0.9358925775327394	0.7643276483468129	0.5549948211849856	0.08750451504647161	0.6374434173311747	0.463150246096215	0.5616355300639782	0.9004375125696376	0.7236761846443146	0.3072155793832437	0.6385496536836467	0.3037368699616611	0.40417644166906264	0.2420901759886231	0.2608478053122758	0.7666758657378543	0.3344875685588883	0.5957045958327849	0.5506728048825248	0.9211887318583654	0.43031509550559693
178	0.34331101096797434	0.4702926185162148	0.3633230823079464	0.21794865640864947	0.5140042640147885	0.5906708335784956	0.5446727714722961	0.6383541098029973	0.3068840172595121	0.7308022667537649	0.4686124413105795	0.4917917099198145	0.2519570461036697	0.7557262329097459	0.5529790553476687	0.7303526579089217	0.24867537402745865	0.5720597765661528	0.7098073443104665	0.3217113012246598	0.6090087495432444	0.24947357120043834	0.22113654198010374	0.4320064047464986	0.784259677389927	0.4827350293739873	0.8471621531667789	0.7950022066773155	0.11327125663307469	0.9358925775327394	0.7643276483468129	0.5549948211850375	0.08750451504647161	0.6374434173311747	0.4631502460962151	0.5616355300637692	0.9004375125700101	0.7236761846443146	0.3072155793832437	0.6385496536833464	0.3037368699612291	0.4041764416692194	0.2420901759886231	0.26084780531254503	0.766675865737864	0.3344875685587229	0.5957045958325491	0.5506728048825248	0.9211887318583654	0.43031509550515307
179	0.34331101096794775	0.4702926185162148	0.3633230823081087	0.2179486564086219	0.5140042640143556	0.5906708335778348	0.5446727714722008	0.6383541098029973	0.30688401725948183	0.7308022667537649	0.4686124413106567	0.49179170991946125	0.2519570461036697	0.7557262329097459	0.5529790553476687	0.730352657909117	0.24867537402745873	0.5720597765661528	0.7098073443103491	0.32171130122477387	0.609008749543358	0.24947357120015676	0.22113654198043753	0.4320064047464986	0.784259677389927	0.48273502937374785	0.8471621531667789	0.7950022066773098	0.11327125663307469	0.9358925775327394	0.7643276483468129	0.5549948211850839	0.08750451504647161	0.6374434173311747	0.4631502460962151	0.5616355300635829	0.9004375125703423	0.7236761846443146	0.3072155793832437	0.6385496536830788	0.30373686996084404	0.4041764416693592	0.2420901759886231	0.260847805312785	0.7666758657378725	0.3344875685585756	0.595704595832339	0.5506728048825248	0.9211887318583654	0.43031509550475744
180	0.3433110109679242	0.4702926185162148	0.36332308230825333	0.2179486564085974	0.5140042640139699	0.5906708335772458	0.5446727714721161	0.6383541098029973	0.3068840172594548	0.7308022667537649	0.46861244131072544	0.4917917099191464	0.2519570461036697	0.755726232909746	0.5529790553476687	0.7303526579092912	0.24867537402745873	0.5720597765661528	0.7098073443102445	0.32171130122487546	0.6090087495434594	0.24947357119990576	0.22113654198073499	0.43200640474649865	0.784259677389927	0.4827350293735344	0.8471621531667789	0.7950022066773047	0.11327125663307469	0.9358925775327394	0.7643276483468129	0.5549948211851251	0.08750451504647161	0.6374434173311747	0.4631502460962151	0.5616355300634168	0.9004375125706383	0.7236761846443146	0.3072155793832437	0.6385496536828402	0.303736869960501	0.4041764416694837	0.2420901759886231	0.26084780531299884	0.76667586573788	0.3344875685584443	0.5957045958321517	0.5506728048825248	0.9211887318583654	0.4303150955044049
181	0.3433110109679031	0.4702926185162148	0.3633230823083822	0.2179486564085755	0.514004264013626	0.5906708335767209	0.5446727714720405	0.6383541098029973	0.30688401725943076	0.7308022667537649	0.4686124413107868	0.4917917099188657	0.2519570461036697	0.755726232909746	0.5529790553476687	0.7303526579094463	0.24867537402745873	0.5720597765661528	0.7098073443101512	0.32171130122496605	0.6090087495435497	0.24947357119968208	0.2211365419810001	0.43200640474649865	0.784259677389927	0.4827350293733442	0.8471621531667789	0.7950022066773003	0.11327125663307469	0.9358925775327394	0.7643276483468129	0.5549948211851619	0.08750451504647161	0.6374434173311748	0.4631502460962151	0.5616355300632689	0.9004375125709021	0.7236761846443146	0.3072155793832437	0.6385496536826276	0.30373686996019517	0.4041764416695947	0.242090175988623	0.26084780531318946	0.766675865737887	0.3344875685583273	0.595704595831985	0.5506728048825248	0.9211887318583654	0.4303150955040907
182	0.34331101096788436	0.4702926185162148	0.363323082308497	0.21794865640855607	0.5140042640133196	0.5906708335762532	0.5446727714719731	0.6383541098029973	0.3068840172594094	0.7308022667537649	0.46861244131084145	0.49179170991861565	0.2519570461036697	0.755726232909746	0.5529790553476687	0.7303526579095845	0.24867537402745876	0.5720597765661528	0.7098073443100681	0.3217113012250468	0.6090087495436302	0.2494735711994827	0.2211365419812364	0.43200640474649865	0.784259677389927	0.4827350293731747	0.8471621531667789	0.795002206677296	0.11327125663307469	0.9358925775327394	0.7643276483468129	0.5549948211851947	0.08750451504647161	0.6374434173311748	0.4631502460962151	0.5616355300631372	0.9004375125711371	0.7236761846443146	0.3072155793832437	0.6385496536824382	0.3037368699599226	0.4041764416696936	0.242090175988623	0.2608478053133592	0.7666758657378931	0.334487568558223	0.5957045958318362	0.5506728048825248	0.9211887318583654	0.4303150955038107
183	0.34331101096786765	0.4702926185162148	0.36332308230859944	0.2179486564085387	0.5140042640130464	0.5906708335758362	0.5446727714719132	0.6383541098029973	0.30688401725939024	0.7308022667537649	0.4686124413108901	0.4917917099183927	0.2519570461036697	0.755726232909746	0.5529790553476687	0.7303526579097078	0.24867537402745876	0.5720597765661528	0.709807344309994	0.32171130122511876	0.6090087495437018	0.24947357119930502	0.22113654198144697	0.43200640474649865	0.784259677389927	0.4827350293730236	0.8471621531667789	0.7950022066772925	0.11327125663307469	0.9358925775327394	0.7643276483468129	0.5549948211852239	0.08750451504647161	0.6374434173311748	0.4631502460962151	0.5616355300630196	0.9004375125713467	0.7236761846443146	0.3072155793832437	0.6385496536822693	0.3037368699596797	0.4041764416697818	0.242090175988623	0.2608478053135107	0.7666758657378985	0.33448756855813	0.5957045958317037	0.5506728048825248	0.9211887318583654	0.43031509550356106
184	0.3433110109678527	0.4702926185162148	0.3633230823086907	0.2179486564085232	0.514004264012803	0.5906708335754645	0.5446727714718596	0.6383541098029973	0.3068840172593732	0.7308022667537649	0.4686124413109335	0.4917917099181941	0.2519570461036697	0.755726232909746	0.5529790553476687	0.7303526579098176	0.24867537402745876	0.5720597765661528	0.709807344309928	0.3217113012251829	0.6090087495437658	0.24947357119914665	0.22113654198163468	0.43200640474649865	0.784259677389927	0.4827350293728889	0.8471621531667789	0.7950022066772893	0.11327125663307469	0.9358925775327394	0.7643276483468129	0.5549948211852499	0.08750451504647161	0.6374434173311748	0.4631502460962151	0.5616355300629148	0.9004375125715334	0.7236761846443146	0.3072155793832437	0.6385496536821188	0.30373686995946314	0.4041764416698604	0.242090175988623	0.2608478053136456	0.7666758657379034	0.3344875685580472	0.5957045958315855	0.5506728048825248	0.9211887318583654	0.43031509550333863
185	0.34331101096783945	0.4702926185162148	0.363323082308772	0.21794865640850944	0.5140042640125859	0.5906708335751333	0.5446727714718119	0.6383541098029973	0.30688401725935804	0.7308022667537649	0.46861244131097224	0.49179170991801696	0.2519570461036697	0.755726232909746	0.5529790553476687	0.7303526579099155	0.24867537402745876	0.5720597765661528	0.709807344309869	0.32171130122524005	0.6090087495438229	0.24947357119900548	0.22113654198180202	0.43200640474649865	0.784259677389927	0.48273502937276885	0.8471621531667789	0.7950022066772864	0.11327125663307469	0.9358925775327394	0.7643276483468129	0.5549948211852732	0.08750451504647161	0.6374434173311748	0.46315024609621513	0.5616355300628214	0.9004375125716999	0.7236761846443146	0.3072155793832437	0.6385496536819847	0.30373686995927013	0.40417644166993044	0.242090175988623	0.26084780531376595	0.7666758657379078	0.33448756855797324	0.5957045958314802	0.5506728048825248	0.9211887318583654	0.43031509550314034
186	0.34331101096782757	0.4702926185162148	0.3633230823088446	0.21794865640849714	0.5140042640123925	0.590670833574838	0.5446727714717694	0.6383541098029973	0.30688401725934455	0.7308022667537649	0.4686124413110067	0.49179170991785903	0.2519570461036697	0.755726232909746	0.5529790553476687	0.7303526579100028	0.24867537402745882	0.5720597765661528	0.7098073443098166	0.321711301225291	0.6090087495438736	0.2494735711988796	0.22113654198195115	0.4320064047464987	0.784259677389927	0.4827350293726619	0.8471621531667789	0.7950022066772838	0.11327125663307469	0.9358925775327394	0.7643276483468129	0.5549948211852939	0.08750451504647161	0.6374434173311748	0.46315024609621513	0.5616355300627381	0.9004375125718485	0.7236761846443146	0.3072155793832437	0.638549653681865	0.30373686995909804	0.4041764416699929	0.242090175988623	0.26084780531387314	0.7666758657379116	0.33448756855790746	0.5957045958313864	0.5506728048825248	0.9211887318583654	0.4303150955029635
187	0.343311010967817	0.4702926185162148	0.3633230823089092	0.21794865640848615	0.5140042640122201	0.5906708335745747	0.5446727714717314	0.6383541098029973	0.30688401725933245	0.7308022667537649	0.46861244131103746	0.4917917099177183	0.2519570461036697	0.755726232909746	0.5529790553476687	0.7303526579100806	0.24867537402745882	0.5720597765661528	0.7098073443097699	0.3217113012253365	0.6090087495439189	0.24947357119876742	0.22113654198208413	0.4320064047464987	0.784259677389927	0.48273502937256646	0.8471621531667789	0.7950022066772816	0.11327125663307469	0.9358925775327394	0.7643276483468128	0.5549948211853123	0.08750451504647161	0.6374434173311748	0.46315024609621513	0.561635530062664	0.9004375125719808	0.7236761846443146	0.3072155793832437	0.6385496536817585	0.3037368699589447	0.4041764416700485	0.242090175988623	0.26084780531396873	0.7666758657379149	0.3344875685578487	0.5957045958313026	0.5506728048825248	0.9211887318583654	0.43031509550280594
188	0.3433110109678076	0.4702926185162148	0.3633230823089668	0.2179486564084764	0.5140042640120663	0.59067083357434	0.5446727714716977	0.6383541098029973	0.3068840172593217	0.7308022667537649	0.46861244131106483	0.49179170991759286	0.2519570461036697	0.755726232909746	0.5529790553476687	0.73035265791015	0.24867537402745882	0.5720597765661528	0.7098073443097282	0.32171130122537694	0.6090087495439592	0.2494735711986674	0.22113654198220262	0.4320064047464987	0.7842596773899269	0.4827350293724814	0.8471621531667789	0.7950022066772795	0.11327125663307469	0.9358925775327394	0.7643276483468128	0.5549948211853287	0.08750451504647161	0.6374434173311748	0.46315024609621513	0.5616355300625978	0.9004375125720987	0.7236761846443146	0.3072155793832437	0.6385496536816633	0.30373686995880794	0.4041764416700982	0.242090175988623	0.26084780531405394	0.7666758657379179	0.3344875685577964	0.5957045958312279	0.5506728048825248	0.9211887318583654	0.43031509550266545
189	0.34331101096779926	0.4702926185162148	0.36332308230901816	0.21794865640846772	0.5140042640119293	0.5906708335741307	0.5446727714716676	0.6383541098029973	0.3068840172593121	0.7308022667537649	0.4686124413110893	0.491791709917481	0.2519570461036697	0.755726232909746	0.5529790553476687	0.7303526579102119	0.24867537402745882	0.5720597765661528	0.709807344309691	0.3217113012254131	0.6090087495439953	0.24947357119857827	0.2211365419823083	0.4320064047464987	0.7842596773899269	0.4827350293724056	0.8471621531667789	0.7950022066772776	0.11327125663307469	0.9358925775327394	0.7643276483468128	0.5549948211853434	0.08750451504647161	0.6374434173311748	0.46315024609621513	0.5616355300625389	0.9004375125722038	0.7236761846443146	0.3072155793832437	0.6385496536815787	0.30373686995868615	0.4041764416701424	0.242090175988623	0.2608478053141299	0.7666758657379208	0.3344875685577498	0.5957045958311614	0.5506728048825248	0.9211887318583654	0.4303150955025402
190	0.3433110109677917	0.4702926185162148	0.3633230823090639	0.21794865640845992	0.5140042640118071	0.5906708335739443	0.5446727714716407	0.6383541098029973	0.3068840172593036	0.7308022667537649	0.46861244131111107	0.49179170991738136	0.2519570461036697	0.755726232909746	0.5529790553476687	0.7303526579102669	0.24867537402745882	0.5720597765661528	0.7098073443096579	0.3217113012254452	0.6090087495440274	0.24947357119849875	0.2211365419824025	0.4320064047464987	0.7842596773899269	0.48273502937233803	0.8471621531667789	0.7950022066772761	0.11327125663307469	0.9358925775327394	0.7643276483468128	0.5549948211853565	0.08750451504647161	0.6374434173311748	0.46315024609621513	0.5616355300624863	0.9004375125722974	0.7236761846443146	0.3072155793832437	0.6385496536815031	0.30373686995857746	0.4041764416701818	0.242090175988623	0.2608478053141976	0.7666758657379231	0.33448756855770817	0.5957045958311022	0.5506728048825248	0.9211887318583654	0.4303150955024286
191	0.34331101096778505	0.4702926185162148	0.3633230823091048	0.217948656408453	0.5140042640116982	0.590670833573778	0.5446727714716167	0.6383541098029973	0.306884017259296	0.7308022667537649	0.4686124413111305	0.4917917099172924	0.2519570461036697	0.755726232909746	0.5529790553476687	0.7303526579103161	0.24867537402745882	0.5720597765661528	0.7098073443096283	0.321711301225474	0.6090087495440559	0.24947357119842786	0.22113654198248656	0.4320064047464987	0.7842596773899269	0.4827350293722778	0.8471621531667789	0.7950022066772747	0.11327125663307469	0.9358925775327394	0.7643276483468128	0.5549948211853681	0.08750451504647161	0.6374434173311748	0.46315024609621513	0.5616355300624394	0.9004375125723811	0.7236761846443146	0.3072155793832437	0.6385496536814357	0.30373686995848054	0.404176441670217	0.242090175988623	0.26084780531425794	0.7666758657379253	0.3344875685576711	0.5957045958310493	0.5506728048825248	0.9211887318583654	0.43031509550232905
192	0.3433110109677791	0.47029261851621473	0.3633230823091412	0.21794865640844685	0.514004264011601	0.5906708335736298	0.5446727714715953	0.6383541098029973	0.3068840172592891	0.7308022667537649	0.4686124413111478	0.49179170991721316	0.2519570461036697	0.755726232909746	0.5529790553476687	0.73035265791036	0.24867537402745882	0.5720597765661528	0.709807344309602	0.3217113012254995	0.6090087495440815	0.24947357119836472	0.2211365419825614	0.4320064047464987	0.7842596773899269	0.482735029372224	0.8471621531667789	0.7950022066772733	0.11327125663307469	0.9358925775327394	0.7643276483468128	0.5549948211853786	0.08750451504647161	0.6374434173311748	0.46315024609621513	0.5616355300623976	0.9004375125724555	0.7236761846443146	0.3072155793832437	0.6385496536813757	0.30373686995839416	0.40417644167024835	0.242090175988623	0.26084780531431184	0.7666758657379273	0.33448756855763806	0.5957045958310022	0.5506728048825248	0.9211887318583654	0.4303150955022403
193	0.34331101096777383	0.47029261851621473	0.3633230823091737	0.21794865640844133	0.5140042640115144	0.5906708335734976	0.5446727714715763	0.6383541098029973	0.3068840172592831	0.7308022667537649	0.46861244131116325	0.4917917099171425	0.2519570461036697	0.755726232909746	0.5529790553476687	0.730352657910399	0.24867537402745885	0.5720597765661528	0.7098073443095785	0.32171130122552233	0.6090087495441042	0.24947357119830837	0.22113654198262814	0.4320064047464987	0.7842596773899269	0.4827350293721761	0.8471621531667789	0.7950022066772722	0.11327125663307469	0.9358925775327394	0.7643276483468128	0.5549948211853878	0.08750451504647161	0.6374434173311748	0.4631502460962152	0.5616355300623603	0.900437512572522	0.7236761846443146	0.3072155793832437	0.6385496536813222	0.30373686995831717	0.4041764416702763	0.242090175988623	0.2608478053143598	0.766675865737929	0.3344875685576086	0.5957045958309602	0.5506728048825248	0.9211887318583654	0.4303150955021611
194	0.34331101096776906	0.47029261851621473	0.3633230823092026	0.21794865640843644	0.5140042640114373	0.5906708335733797	0.5446727714715593	0.6383541098029973	0.3068840172592777	0.7308022667537649	0.468612441311177	0.49179170991707943	0.2519570461036697	0.755726232909746	0.5529790553476687	0.7303526579104338	0.24867537402745885	0.5720597765661528	0.7098073443095575	0.32171130122554265	0.6090087495441244	0.2494735711982582	0.22113654198268767	0.4320064047464987	0.7842596773899269	0.4827350293721335	0.8471621531667789	0.7950022066772712	0.11327125663307469	0.9358925775327394	0.7643276483468128	0.554994821185396	0.08750451504647161	0.6374434173311748	0.4631502460962152	0.5616355300623271	0.9004375125725812	0.7236761846443146	0.3072155793832437	0.6385496536812745	0.3037368699582485	0.40417644167030126	0.242090175988623	0.2608478053144026	0.7666758657379305	0.3344875685575823	0.5957045958309227	0.5506728048825248	0.9211887318583654	0.4303150955020906
195	0.34331101096776484	0.47029261851621473	0.36332308230922844	0.21794865640843206	0.5140042640113683	0.5906708335732747	0.5446727714715442	0.6383541098029973	0.3068840172592729	0.7308022667537649	0.4686124413111893	0.49179170991702326	0.2519570461036697	0.755726232909746	0.5529790553476687	0.7303526579104649	0.24867537402745885	0.5720597765661528	0.7098073443095388	0.3217113012255608	0.6090087495441425	0.24947357119821334	0.2211365419827408	0.4320064047464987	0.7842596773899269	0.48273502937209534	0.8471621531667789	0.7950022066772702	0.11327125663307469	0.9358925775327394	0.7643276483468128	0.5549948211854034	0.08750451504647161	0.6374434173311748	0.4631502460962152	0.5616355300622976	0.9004375125726342	0.7236761846443146	0.3072155793832437	0.638549653681232	0.30373686995818727	0.40417644167032346	0.242090175988623	0.26084780531444074	0.7666758657379319	0.33448756855755885	0.5957045958308893	0.5506728048825248	0.9211887318583654	0.4303150955020277
196	0.3433110109677611	0.47029261851621473	0.3633230823092515	0.21794865640842814	0.5140042640113069	0.5906708335731808	0.5446727714715307	0.6383541098029973	0.3068840172592686	0.7308022667537649	0.4686124413112002	0.49179170991697313	0.2519570461036697	0.755726232909746	0.5529790553476687	0.7303526579104926	0.24867537402745885	0.5720597765661528	0.7098073443095222	0.32171130122557695	0.6090087495441587	0.24947357119817348	0.22113654198278812	0.4320064047464987	0.7842596773899269	0.48273502937206136	0.8471621531667789	0.7950022066772695	0.11327125663307469	0.9358925775327394	0.7643276483468128	0.55499482118541	0.08750451504647161	0.6374434173311748	0.4631502460962152	0.5616355300622712	0.9004375125726811	0.7236761846443146	0.3072155793832437	0.6385496536811939	0.3037368699581327	0.4041764416703433	0.242090175988623	0.26084780531447477	0.7666758657379331	0.334487568557538	0.5957045958308596	0.5506728048825248	0.9211887318583654	0.4303150955019716
197	0.3433110109677578	0.47029261851621473	0.36332308230927196	0.21794865640842467	0.5140042640112522	0.5906708335730974	0.5446727714715187	0.6383541098029973	0.3068840172592648	0.7308022667537649	0.46861244131121	0.4917917099169285	0.2519570461036697	0.755726232909746	0.5529790553476687	0.7303526579105172	0.24867537402745885	0.5720597765661528	0.7098073443095074	0.3217113012255914	0.6090087495441731	0.2494735711981378	0.2211365419828303	0.4320064047464987	0.7842596773899269	0.4827350293720311	0.8471621531667789	0.7950022066772688	0.11327125663307469	0.9358925775327394	0.7643276483468128	0.5549948211854158	0.08750451504647161	0.6374434173311748	0.4631502460962152	0.5616355300622476	0.9004375125727232	0.7236761846443146	0.3072155793832437	0.63854965368116	0.30373686995808397	0.40417644167036093	0.242090175988623	0.26084780531450513	0.7666758657379342	0.3344875685575194	0.5957045958308329	0.5506728048825248	0.9211887318583654	0.4303150955019216
198	0.34331101096775474	0.47029261851621473	0.3633230823092902	0.2179486564084216	0.5140042640112034	0.5906708335730229	0.5446727714715079	0.6383541098029973	0.30688401725926134	0.7308022667537649	0.4686124413112187	0.49179170991688864	0.2519570461036697	0.755726232909746	0.5529790553476687	0.7303526579105393	0.24867537402745885	0.5720597765661528	0.7098073443094942	0.3217113012256042	0.6090087495441859	0.24947357119810606	0.22113654198286795	0.4320064047464987	0.7842596773899269	0.4827350293720041	0.8471621531667789	0.7950022066772681	0.11327125663307469	0.9358925775327394	0.7643276483468128	0.5549948211854211	0.08750451504647161	0.6374434173311748	0.4631502460962152	0.5616355300622266	0.9004375125727607	0.7236761846443146	0.3072155793832437	0.6385496536811299	0.30373686995804056	0.4041764416703767	0.242090175988623	0.2608478053145322	0.7666758657379352	0.3344875685575027	0.5957045958308093	0.5506728048825248	0.9211887318583654	0.43031509550187697
199	0.34331101096775213	0.47029261851621473	0.36332308230930654	0.2179486564084188	0.5140042640111598	0.5906708335729564	0.5446727714714984	0.6383541098029973	0.30688401725925835	0.7308022667537649	0.4686124413112264	0.49179170991685317	0.2519570461036697	0.755726232909746	0.5529790553476687	0.7303526579105589	0.24867537402745885	0.5720597765661528	0.7098073443094823	0.3217113012256157	0.6090087495441974	0.24947357119807775	0.22113654198290153	0.4320064047464987	0.7842596773899269	0.48273502937198004	0.8471621531667789	0.7950022066772675	0.11327125663307469	0.9358925775327394	0.7643276483468128	0.5549948211854258	0.08750451504647161	0.6374434173311748	0.4631502460962152	0.5616355300622078	0.900437512572794	0.7236761846443146	0.3072155793832437	0.638549653681103	0.3037368699580018	0.40417644167039074	0.242090175988623	0.26084780531455637	0.7666758657379361	0.3344875685574879	0.5957045958307882	0.5506728048825248	0.9211887318583654	0.43031509550183716
200	0.34331101096774974	0.47029261851621473	0.36332308230932114	0.21794865640841635	0.514004264011121	0.5906708335728971	0.5446727714714898	0.6383541098029973	0.30688401725925557	0.7308022667537649	0.46861244131123336	0.4917917099168214	0.2519570461036697	0.755726232909746	0.5529790553476687	0.7303526579105765	0.24867537402745885	0.5720597765661528	0.7098073443094718	0.32171130122562597	0.6090087495442076	0.2494735711980525	0.22113654198293142	0.4320064047464987	0.7842596773899269	0.48273502937195856	0.8471621531667789	0.795002206677267	0.11327125663307469	0.9358925775327394	0.7643276483468128	0.5549948211854299	0.08750451504647161	0.6374434173311748	0.4631502460962152	0.5616355300621911	0.9004375125728239	0.7236761846443146	0.3072155793832437	0.6385496536810789	0.30373686995796734	0.4041764416704033	0.242090175988623	0.26084780531457785	0.7666758657379369	0.3344875685574747	0.5957045958307692	0.5506728048825248	0.9211887318583654	0.4303150955018017
201	0.34331101096774763	0.47029261851621473	0.36332308230933413	0.21794865640841413	0.5140042640110865	0.5906708335728442	0.5446727714714823	0.6383541098029973	0.3068840172592532	0.7308022667537649	0.4686124413112396	0.49179170991679316	0.2519570461036697	0.755726232909746	0.5529790553476687	0.7303526579105921	0.24867537402745885	0.5720597765661528	0.7098073443094625	0.32171130122563507	0.6090087495442167	0.24947357119802996	0.22113654198295815	0.4320064047464987	0.7842596773899269	0.48273502937193935	0.8471621531667789	0.7950022066772665	0.11327125663307469	0.9358925775327394	0.7643276483468128	0.5549948211854335	0.08750451504647161	0.6374434173311748	0.4631502460962152	0.5616355300621761	0.9004375125728503	0.7236761846443146	0.3072155793832437	0.6385496536810575	0.3037368699579365	0.40417644167041444	0.242090175988623	0.26084780531459706	0.7666758657379376	0.3344875685574629	0.5957045958307525	0.5506728048825248	0.9211887318583654	0.43031509550177005
202	0.3433110109677457	0.47029261851621473	0.3633230823093456	0.21794865640841218	0.5140042640110556	0.590670833572797	0.5446727714714754	0.6383541098029973	0.306884017259251	0.7308022667537649	0.46861244131124513	0.49179170991676796	0.2519570461036697	0.755726232909746	0.5529790553476687	0.7303526579106061	0.24867537402745885	0.5720597765661528	0.709807344309454	0.32171130122564323	0.6090087495442248	0.24947357119800986	0.221136541982982	0.4320064047464987	0.7842596773899269	0.4827350293719223	0.8471621531667789	0.7950022066772662	0.11327125663307469	0.9358925775327394	0.7643276483468128	0.5549948211854367	0.08750451504647161	0.6374434173311748	0.4631502460962152	0.5616355300621629	0.9004375125728741	0.7236761846443146	0.3072155793832437	0.6385496536810384	0.30373686995790905	0.40417644167042444	0.242090175988623	0.26084780531461416	0.7666758657379382	0.3344875685574524	0.5957045958307374	0.5506728048825248	0.9211887318583654	0.4303150955017418
203	0.343311010967744	0.47029261851621473	0.363323082309356	0.2179486564084104	0.514004264011028	0.5906708335727551	0.5446727714714694	0.6383541098029973	0.3068840172592491	0.7308022667537649	0.46861244131125	0.4917917099167455	0.2519570461036697	0.755726232909746	0.5529790553476687	0.7303526579106185	0.24867537402745885	0.5720597765661528	0.7098073443094465	0.32171130122565045	0.609008749544232	0.24947357119799193	0.22113654198300323	0.4320064047464987	0.7842596773899269	0.48273502937190704	0.8471621531667789	0.7950022066772657	0.11327125663307469	0.9358925775327394	0.7643276483468128	0.5549948211854399	0.08750451504647161	0.6374434173311748	0.4631502460962152	0.5616355300621511	0.9004375125728952	0.7236761846443146	0.3072155793832437	0.6385496536810215	0.30373686995788457	0.4041764416704333	0.242090175988623	0.2608478053146294	0.7666758657379387	0.33448756855744305	0.5957045958307241	0.5506728048825248	0.9211887318583654	0.43031509550171665
204	0.34331101096774247	0.47029261851621473	0.3633230823093652	0.21794865640840885	0.5140042640110035	0.5906708335727175	0.544672771471464	0.6383541098029973	0.3068840172592474	0.7308022667537649	0.4686124413112544	0.49179170991672544	0.2519570461036697	0.755726232909746	0.5529790553476687	0.7303526579106295	0.24867537402745885	0.5720597765661528	0.7098073443094398	0.32171130122565694	0.6090087495442384	0.24947357119797595	0.22113654198302213	0.4320064047464987	0.7842596773899269	0.48273502937189344	0.8471621531667789	0.7950022066772654	0.11327125663307469	0.9358925775327394	0.7643276483468128	0.5549948211854424	0.08750451504647161	0.6374434173311748	0.4631502460962152	0.5616355300621405	0.900437512572914	0.7236761846443146	0.3072155793832437	0.6385496536810062	0.3037368699578627	0.40417644167044126	0.242090175988623	0.260847805314643	0.7666758657379392	0.33448756855743467	0.5957045958307121	0.5506728048825248	0.9211887318583654	0.4303150955016942
205	0.34331101096774114	0.47029261851621473	0.3633230823093734	0.21794865640840747	0.5140042640109815	0.5906708335726841	0.5446727714714592	0.6383541098029973	0.3068840172592458	0.7308022667537649	0.4686124413112583	0.4917917099167076	0.2519570461036697	0.755726232909746	0.5529790553476687	0.7303526579106394	0.24867537402745885	0.5720597765661528	0.709807344309434	0.3217113012256627	0.6090087495442442	0.24947357119796168	0.22113654198303906	0.4320064047464987	0.7842596773899269	0.48273502937188134	0.8471621531667789	0.7950022066772652	0.11327125663307469	0.9358925775327394	0.7643276483468128	0.5549948211854447	0.08750451504647161	0.6374434173311748	0.4631502460962152	0.5616355300621311	0.9004375125729308	0.7236761846443146	0.3072155793832437	0.6385496536809927	0.3037368699578432	0.40417644167044836	0.242090175988623	0.2608478053146552	0.7666758657379397	0.33448756855742723	0.5957045958307016	0.5506728048825248	0.9211887318583654	0.4303150955016742
206	0.34331101096773997	0.47029261851621473	0.36332308230938076	0.21794865640840624	0.514004264010962	0.5906708335726543	0.5446727714714549	0.6383541098029974	0.30688401725924447	0.7308022667537649	0.4686124413112618	0.49179170991669163	0.2519570461036697	0.755726232909746	0.5529790553476687	0.7303526579106482	0.24867537402745885	0.5720597765661528	0.7098073443094286	0.3217113012256679	0.6090087495442493	0.24947357119794897	0.2211365419830541	0.4320064047464987	0.7842596773899269	0.4827350293718705	0.8471621531667789	0.7950022066772648	0.11327125663307469	0.9358925775327394	0.7643276483468128	0.5549948211854469	0.08750451504647161	0.6374434173311748	0.4631502460962152	0.5616355300621226	0.9004375125729458	0.7236761846443146	0.3072155793832437	0.6385496536809806	0.30373686995782584	0.40417644167045463	0.242090175988623	0.260847805314666	0.76667586573794	0.33448756855742057	0.595704595830692	0.5506728048825248	0.9211887318583654	0.43031509550165636
207	0.3433110109677389	0.47029261851621473	0.36332308230938726	0.2179486564084051	0.5140042640109446	0.5906708335726276	0.5446727714714511	0.6383541098029974	0.30688401725924325	0.7308022667537649	0.46861244131126484	0.49179170991667737	0.2519570461036697	0.755726232909746	0.5529790553476687	0.7303526579106561	0.24867537402745885	0.5720597765661528	0.7098073443094239	0.3217113012256725	0.6090087495442539	0.24947357119793767	0.2211365419830675	0.4320064047464987	0.7842596773899269	0.4827350293718609	0.8471621531667789	0.7950022066772646	0.11327125663307469	0.9358925775327394	0.7643276483468128	0.5549948211854487	0.08750451504647161	0.6374434173311748	0.4631502460962152	0.5616355300621152	0.9004375125729592	0.7236761846443146	0.3072155793832437	0.6385496536809698	0.30373686995781035	0.40417644167046024	0.242090175988623	0.26084780531467566	0.7666758657379404	0.3344875685574146	0.5957045958306837	0.5506728048825248	0.9211887318583654	0.43031509550164043
208	0.343311010967738	0.47029261851621473	0.3633230823093931	0.2179486564084041	0.514004264010929	0.590670833572604	0.5446727714714477	0.6383541098029974	0.30688401725924214	0.7308022667537649	0.4686124413112676	0.4917917099166647	0.2519570461036697	0.755726232909746	0.5529790553476687	0.7303526579106632	0.24867537402745885	0.5720597765661528	0.7098073443094197	0.3217113012256766	0.609008749544258	0.24947357119792754	0.22113654198307955	0.4320064047464987	0.7842596773899269	0.48273502937185236	0.8471621531667789	0.7950022066772644	0.11327125663307469	0.9358925775327394	0.7643276483468128	0.5549948211854503	0.08750451504647161	0.6374434173311748	0.4631502460962152	0.5616355300621085	0.9004375125729711	0.7236761846443146	0.3072155793832437	0.6385496536809602	0.3037368699577966	0.4041764416704653	0.242090175988623	0.2608478053146843	0.7666758657379407	0.3344875685574093	0.595704595830676	0.5506728048825248	0.9211887318583654	0.43031509550162617
209	0.3433110109677371	0.47029261851621473	0.3633230823093983	0.21794865640840325	0.5140042640109151	0.5906708335725828	0.5446727714714446	0.6383541098029974	0.3068840172592412	0.7308022667537649	0.46861244131127006	0.49179170991665333	0.2519570461036697	0.755726232909746	0.5529790553476687	0.7303526579106693	0.24867537402745885	0.5720597765661528	0.7098073443094158	0.3217113012256802	0.6090087495442617	0.24947357119791852	0.22113654198309024	0.4320064047464987	0.7842596773899269	0.4827350293718446	0.8471621531667789	0.7950022066772643	0.11327125663307469	0.9358925775327394	0.7643276483468128	0.5549948211854518	0.08750451504647158	0.6374434173311748	0.4631502460962152	0.5616355300621025	0.9004375125729818	0.7236761846443146	0.3072155793832437	0.6385496536809516	0.30373686995778415	0.4041764416704698	0.242090175988623	0.260847805314692	0.7666758657379409	0.3344875685574046	0.5957045958306693	0.5506728048825248	0.9211887318583654	0.4303150955016135
210	0.3433110109677363	0.47029261851621473	0.3633230823094029	0.21794865640840244	0.5140042640109028	0.5906708335725639	0.5446727714714419	0.6383541098029974	0.3068840172592403	0.7308022667537649	0.46861244131127233	0.4917917099166433	0.2519570461036697	0.755726232909746	0.5529790553476687	0.7303526579106749	0.24867537402745885	0.5720597765661528	0.7098073443094125	0.3217113012256834	0.6090087495442649	0.24947357119791047	0.22113654198309976	0.4320064047464987	0.7842596773899269	0.48273502937183776	0.8471621531667789	0.7950022066772641	0.11327125663307469	0.9358925775327394	0.7643276483468128	0.5549948211854532	0.08750451504647158	0.6374434173311748	0.4631502460962152	0.5616355300620972	0.9004375125729913	0.7236761846443146	0.3072155793832437	0.638549653680944	0.30373686995777316	0.4041764416704738	0.242090175988623	0.2608478053146988	0.7666758657379412	0.3344875685574004	0.5957045958306633	0.5506728048825248	0.9211887318583654	0.43031509550160224
211	0.34331101096773564	0.47029261851621473	0.363323082309407	0.2179486564084018	0.5140042640108917	0.590670833572547	0.5446727714714394	0.6383541098029974	0.3068840172592396	0.7308022667537649	0.4686124413112743	0.4917917099166343	0.2519570461036697	0.755726232909746	0.5529790553476687	0.7303526579106799	0.24867537402745885	0.5720597765661528	0.7098073443094096	0.32171130122568636	0.6090087495442678	0.2494735711979033	0.22113654198310828	0.4320064047464987	0.7842596773899269	0.48273502937183166	0.8471621531667789	0.7950022066772641	0.11327125663307469	0.9358925775327394	0.7643276483468128	0.5549948211854544	0.08750451504647158	0.6374434173311748	0.4631502460962152	0.5616355300620924	0.9004375125729998	0.7236761846443146	0.3072155793832437	0.6385496536809371	0.3037368699577634	0.4041764416704773	0.242090175988623	0.2608478053147049	0.7666758657379414	0.33448756855739664	0.5957045958306579	0.5506728048825248	0.9211887318583654	0.43031509550159214
212	0.3433110109677351	0.47029261851621473	0.3633230823094108	0.21794865640840114	0.514004264010882	0.590670833572532	0.5446727714714372	0.6383541098029974	0.30688401725923886	0.7308022667537649	0.468612441311276	0.49179170991662624	0.2519570461036697	0.755726232909746	0.5529790553476687	0.7303526579106845	0.24867537402745885	0.5720597765661528	0.709807344309407	0.321711301225689	0.6090087495442704	0.2494735711978969	0.2211365419831159	0.4320064047464987	0.7842596773899269	0.4827350293718262	0.8471621531667789	0.7950022066772637	0.11327125663307469	0.9358925775327394	0.7643276483468128	0.5549948211854554	0.08750451504647158	0.6374434173311748	0.4631502460962152	0.5616355300620882	0.9004375125730073	0.7236761846443146	0.3072155793832437	0.6385496536809312	0.30373686995775456	0.4041764416704805	0.242090175988623	0.2608478053147104	0.7666758657379416	0.3344875685573933	0.5957045958306533	0.5506728048825248	0.9211887318583654	0.43031509550158314
213	0.3433110109677346	0.47029261851621473	0.363323082309414	0.21794865640840055	0.5140042640108731	0.5906708335725186	0.5446727714714353	0.6383541098029974	0.3068840172592383	0.7308022667537649	0.4686124413112776	0.4917917099166191	0.2519570461036697	0.755726232909746	0.5529790553476687	0.7303526579106884	0.24867537402745885	0.5720597765661528	0.7098073443094045	0.32171130122569125	0.6090087495442726	0.24947357119789113	0.22113654198312266	0.4320064047464987	0.7842596773899269	0.48273502937182133	0.8471621531667789	0.7950022066772637	0.11327125663307469	0.9358925775327394	0.7643276483468128	0.5549948211854564	0.08750451504647158	0.6374434173311748	0.4631502460962152	0.5616355300620844	0.900437512573014	0.7236761846443146	0.3072155793832437	0.6385496536809258	0.30373686995774685	0.40417644167048333	0.242090175988623	0.2608478053147153	0.7666758657379417	0.33448756855739026	0.5957045958306489	0.5506728048825248	0.9211887318583654	0.43031509550157515
214	0.34331101096773403	0.47029261851621473	0.363323082309417	0.21794865640840005	0.5140042640108653	0.5906708335725066	0.5446727714714336	0.6383541098029974	0.3068840172592377	0.7308022667537649	0.468612441311279	0.49179170991661264	0.2519570461036697	0.755726232909746	0.5529790553476687	0.7303526579106919	0.24867537402745885	0.5720597765661528	0.7098073443094024	0.3217113012256933	0.6090087495442748	0.2494735711978861	0.22113654198312868	0.4320064047464987	0.7842596773899269	0.48273502937181706	0.8471621531667789	0.7950022066772636	0.11327125663307469	0.9358925775327394	0.7643276483468128	0.5549948211854572	0.08750451504647158	0.6374434173311748	0.4631502460962152	0.561635530062081	0.9004375125730201	0.7236761846443146	0.3072155793832437	0.6385496536809209	0.3037368699577398	0.40417644167048583	0.242090175988623	0.2608478053147196	0.766675865737942	0.33448756855738765	0.5957045958306451	0.5506728048825248	0.9211887318583654	0.43031509550156793
215	0.34331101096773364	0.47029261851621473	0.3633230823094196	0.21794865640839964	0.5140042640108583	0.590670833572496	0.5446727714714321	0.6383541098029974	0.3068840172592372	0.7308022667537649	0.4686124413112802	0.491791709916607	0.2519570461036697	0.755726232909746	0.5529790553476687	0.730352657910695	0.24867537402745885	0.5720597765661528	0.7098073443094004	0.32171130122569513	0.6090087495442765	0.2494735711978815	0.22113654198313407	0.4320064047464987	0.7842596773899269	0.4827350293718131	0.8471621531667789	0.7950022066772634	0.11327125663307469	0.9358925775327394	0.7643276483468128	0.554994821185458	0.08750451504647158	0.6374434173311748	0.4631502460962152	0.561635530062078	0.9004375125730253	0.7236761846443146	0.3072155793832437	0.6385496536809164	0.3037368699577336	0.4041764416704881	0.242090175988623	0.2608478053147235	0.7666758657379421	0.3344875685573853	0.5957045958306417	0.5506728048825248	0.9211887318583654	0.4303150955015616
216	0.34331101096773325	0.47029261851621473	0.36332308230942195	0.21794865640839922	0.5140042640108521	0.5906708335724864	0.5446727714714307	0.6383541098029974	0.3068840172592368	0.7308022667537649	0.4686124413112813	0.49179170991660187	0.2519570461036697	0.755726232909746	0.5529790553476687	0.7303526579106978	0.24867537402745885	0.5720597765661528	0.7098073443093988	0.3217113012256968	0.6090087495442782	0.24947357119787747	0.22113654198313887	0.4320064047464987	0.7842596773899269	0.4827350293718097	0.8471621531667789	0.7950022066772634	0.11327125663307469	0.9358925775327394	0.7643276483468128	0.5549948211854586	0.08750451504647158	0.6374434173311748	0.4631502460962152	0.5616355300620753	0.9004375125730302	0.7236761846443146	0.3072155793832437	0.6385496536809125	0.3037368699577281	0.40417644167049016	0.242090175988623	0.26084780531472695	0.7666758657379422	0.33448756855738315	0.5957045958306387	0.5506728048825248	0.9211887318583654	0.43031509550155583
217	0.3433110109677329	0.47029261851621473	0.363323082309424	0.21794865640839892	0.5140042640108465	0.590670833572478	0.5446727714714295	0.6383541098029974	0.3068840172592364	0.7308022667537649	0.4686124413112823	0.4917917099165973	0.2519570461036697	0.755726232909746	0.5529790553476687	0.7303526579107004	0.24867537402745885	0.5720597765661528	0.7098073443093973	0.3217113012256983	0.6090087495442796	0.24947357119787378	0.22113654198314317	0.4320064047464987	0.7842596773899269	0.48273502937180657	0.8471621531667789	0.7950022066772633	0.11327125663307469	0.9358925775327394	0.7643276483468128	0.5549948211854593	0.08750451504647158	0.6374434173311748	0.4631502460962152	0.5616355300620729	0.9004375125730345	0.7236761846443146	0.3072155793832437	0.6385496536809091	0.3037368699577231	0.40417644167049194	0.242090175988623	0.26084780531473006	0.7666758657379422	0.3344875685573812	0.5957045958306361	0.5506728048825248	0.9211887318583654	0.4303150955015508
218	0.3433110109677326	0.47029261851621473	0.3633230823094259	0.21794865640839856	0.5140042640108415	0.5906708335724703	0.5446727714714285	0.6383541098029974	0.30688401725923603	0.7308022667537649	0.4686124413112832	0.49179170991659327	0.2519570461036697	0.755726232909746	0.5529790553476687	0.7303526579107026	0.24867537402745885	0.5720597765661528	0.709807344309396	0.32171130122569963	0.609008749544281	0.2494735711978706	0.221136541983147	0.4320064047464987	0.7842596773899269	0.48273502937180385	0.8471621531667789	0.7950022066772633	0.11327125663307469	0.9358925775327394	0.7643276483468128	0.5549948211854597	0.08750451504647158	0.6374434173311748	0.4631502460962152	0.5616355300620708	0.9004375125730383	0.7236761846443146	0.3072155793832437	0.6385496536809062	0.3037368699577187	0.4041764416704935	0.242090175988623	0.2608478053147328	0.7666758657379424	0.3344875685573796	0.5957045958306336	0.5506728048825248	0.9211887318583654	0.43031509550154623
219	0.3433110109677323	0.47029261851621473	0.36332308230942756	0.21794865640839828	0.5140042640108371	0.5906708335724635	0.5446727714714273	0.6383541098029974	0.3068840172592357	0.7308022667537649	0.468612441311284	0.4917917099165897	0.2519570461036697	0.755726232909746	0.5529790553476687	0.7303526579107046	0.24867537402745885	0.5720597765661528	0.7098073443093947	0.3217113012257008	0.6090087495442821	0.2494735711978677	0.22113654198315041	0.4320064047464987	0.7842596773899269	0.4827350293718014	0.8471621531667789	0.7950022066772632	0.11327125663307469	0.9358925775327394	0.7643276483468128	0.5549948211854602	0.08750451504647158	0.6374434173311748	0.4631502460962152	0.5616355300620689	0.9004375125730417	0.7236761846443144	0.3072155793832437	0.6385496536809033	0.30373686995771476	0.40417644167049493	0.242090175988623	0.2608478053147352	0.7666758657379424	0.33448756855737805	0.5957045958306315	0.5506728048825248	0.9211887318583654	0.43031509550154223
220	0.3433110109677321	0.47029261851621473	0.363323082309429	0.217948656408398	0.5140042640108331	0.5906708335724575	0.5446727714714266	0.6383541098029974	0.3068840172592355	0.7308022667537649	0.4686124413112847	0.49179170991658644	0.2519570461036697	0.755726232909746	0.5529790553476687	0.7303526579107064	0.24867537402745885	0.5720597765661528	0.7098073443093937	0.3217113012257018	0.6090087495442832	0.24947357119786517	0.22113654198315347	0.4320064047464987	0.7842596773899269	0.48273502937179924	0.8471621531667789	0.7950022066772632	0.11327125663307469	0.9358925775327394	0.7643276483468128	0.5549948211854606	0.08750451504647158	0.6374434173311748	0.4631502460962152	0.5616355300620672	0.9004375125730448	0.7236761846443144	0.3072155793832437	0.6385496536809009	0.3037368699577112	0.40417644167049627	0.242090175988623	0.26084780531473745	0.7666758657379424	0.3344875685573767	0.5957045958306295	0.5506728048825248	0.9211887318583654	0.4303150955015385
221	0.34331101096773187	0.47029261851621473	0.3633230823094304	0.21794865640839783	0.5140042640108295	0.5906708335724522	0.5446727714714258	0.6383541098029974	0.3068840172592352	0.7308022667537649	0.4686124413112854	0.49179170991658355	0.2519570461036697	0.755726232909746	0.5529790553476687	0.7303526579107079	0.24867537402745885	0.5720597765661528	0.7098073443093927	0.32171130122570274	0.6090087495442841	0.24947357119786281	0.2211365419831562	0.4320064047464987	0.7842596773899269	0.4827350293717973	0.8471621531667789	0.7950022066772632	0.11327125663307469	0.9358925775327394	0.7643276483468128	0.5549948211854611	0.08750451504647158	0.6374434173311748	0.4631502460962152	0.5616355300620657	0.9004375125730475	0.7236761846443144	0.3072155793832437	0.6385496536808988	0.30373686995770804	0.4041764416704974	0.242090175988623	0.26084780531473944	0.7666758657379427	0.3344875685573755	0.5957045958306278	0.5506728048825248	0.9211887318583654	0.43031509550153535
222	0.3433110109677317	0.47029261851621473	0.3633230823094315	0.21794865640839758	0.5140042640108264	0.5906708335724474	0.5446727714714251	0.6383541098029974	0.306884017259235	0.7308022667537649	0.46861244131128593	0.491791709916581	0.2519570461036697	0.755726232909746	0.5529790553476687	0.7303526579107094	0.24867537402745885	0.5720597765661528	0.7098073443093919	0.32171130122570357	0.6090087495442849	0.2494735711978608	0.22113654198315863	0.4320064047464987	0.7842596773899269	0.4827350293717955	0.8471621531667789	0.7950022066772631	0.11327125663307469	0.9358925775327394	0.7643276483468128	0.5549948211854614	0.08750451504647158	0.6374434173311748	0.4631502460962152	0.5616355300620643	0.9004375125730498	0.7236761846443144	0.3072155793832437	0.6385496536808968	0.30373686995770527	0.4041764416704984	0.242090175988623	0.2608478053147412	0.7666758657379428	0.3344875685573744	0.5957045958306263	0.5506728048825248	0.9211887318583654	0.43031509550153246
223	0.34331101096773153	0.47029261851621473	0.36332308230943255	0.21794865640839742	0.5140042640108236	0.5906708335724431	0.5446727714714245	0.6383541098029974	0.3068840172592348	0.7308022667537649	0.46861244131128643	0.49179170991657867	0.2519570461036697	0.755726232909746	0.5529790553476687	0.7303526579107107	0.24867537402745885	0.5720597765661528	0.7098073443093911	0.3217113012257043	0.6090087495442857	0.24947357119785898	0.22113654198316077	0.4320064047464987	0.7842596773899269	0.482735029371794	0.8471621531667789	0.7950022066772631	0.11327125663307469	0.9358925775327394	0.7643276483468128	0.5549948211854617	0.08750451504647158	0.6374434173311748	0.4631502460962152	0.5616355300620631	0.9004375125730519	0.7236761846443144	0.3072155793832437	0.6385496536808951	0.30373686995770277	0.4041764416704993	0.242090175988623	0.2608478053147427	0.7666758657379428	0.3344875685573735	0.5957045958306249	0.5506728048825248	0.9211887318583654	0.4303150955015299
224	0.34331101096773137	0.47029261851621473	0.3633230823094335	0.21794865640839728	0.5140042640108211	0.5906708335724392	0.5446727714714239	0.6383541098029974	0.30688401725923464	0.7308022667537649	0.4686124413112869	0.4917917099165766	0.2519570461036697	0.755726232909746	0.5529790553476687	0.7303526579107118	0.24867537402745885	0.5720597765661528	0.7098073443093904	0.32171130122570496	0.6090087495442864	0.24947357119785737	0.22113654198316274	0.4320064047464987	0.7842596773899269	0.4827350293717926	0.8471621531667789	0.7950022066772631	0.11327125663307469	0.9358925775327394	0.7643276483468128	0.554994821185462	0.08750451504647158	0.6374434173311748	0.4631502460962152	0.5616355300620621	0.9004375125730539	0.7236761846443144	0.3072155793832437	0.6385496536808934	0.30373686995770055	0.4041764416705001	0.242090175988623	0.2608478053147441	0.7666758657379428	0.33448756855737266	0.5957045958306237	0.5506728048825248	0.9211887318583654	0.4303150955015276
225	0.34331101096773115	0.47029261851621473	0.3633230823094344	0.21794865640839708	0.5140042640108189	0.5906708335724358	0.5446727714714235	0.6383541098029974	0.3068840172592345	0.7308022667537649	0.46861244131128726	0.4917917099165748	0.2519570461036697	0.755726232909746	0.5529790553476687	0.7303526579107129	0.24867537402745885	0.5720597765661528	0.7098073443093899	0.32171130122570557	0.6090087495442869	0.24947357119785588	0.22113654198316446	0.4320064047464987	0.7842596773899269	0.48273502937179136	0.8471621531667789	0.7950022066772628	0.11327125663307469	0.9358925775327394	0.7643276483468128	0.5549948211854622	0.08750451504647158	0.6374434173311748	0.4631502460962152	0.5616355300620611	0.9004375125730556	0.7236761846443144	0.3072155793832437	0.6385496536808921	0.3037368699576986	0.4041764416705008	0.242090175988623	0.2608478053147454	0.7666758657379429	0.33448756855737183	0.5957045958306226	0.5506728048825248	0.9211887318583654	0.4303150955015256
226	0.34331101096773115	0.47029261851621473	0.3633230823094351	0.217948656408397	0.5140042640108169	0.5906708335724328	0.544672771471423	0.6383541098029974	0.3068840172592343	0.7308022667537649	0.4686124413112876	0.49179170991657317	0.2519570461036697	0.755726232909746	0.5529790553476687	0.7303526579107137	0.24867537402745885	0.5720597765661528	0.7098073443093893	0.32171130122570607	0.6090087495442874	0.24947357119785463	0.22113654198316599	0.4320064047464987	0.7842596773899269	0.4827350293717903	0.8471621531667789	0.7950022066772628	0.11327125663307469	0.9358925775327394	0.7643276483468128	0.5549948211854624	0.08750451504647158	0.6374434173311748	0.4631502460962152	0.5616355300620602	0.9004375125730572	0.7236761846443144	0.3072155793832437	0.6385496536808909	0.3037368699576968	0.4041764416705015	0.242090175988623	0.26084780531474644	0.7666758657379429	0.33448756855737116	0.5957045958306216	0.5506728048825248	0.9211887318583654	0.43031509550152375
227	0.343311010967731	0.47029261851621473	0.36332308230943583	0.21794865640839692	0.5140042640108151	0.59067083357243	0.5446727714714227	0.6383541098029974	0.30688401725923425	0.7308022667537649	0.46861244131128793	0.49179170991657173	0.2519570461036697	0.755726232909746	0.5529790553476687	0.7303526579107146	0.24867537402745885	0.5720597765661528	0.7098073443093889	0.32171130122570657	0.6090087495442879	0.24947357119785343	0.22113654198316735	0.4320064047464987	0.7842596773899269	0.48273502937178925	0.8471621531667789	0.7950022066772628	0.11327125663307469	0.9358925775327394	0.7643276483468128	0.5549948211854625	0.08750451504647158	0.6374434173311748	0.4631502460962152	0.5616355300620595	0.9004375125730585	0.7236761846443144	0.3072155793832437	0.6385496536808898	0.3037368699576952	0.40417644167050204	0.242090175988623	0.26084780531474744	0.7666758657379429	0.33448756855737055	0.5957045958306207	0.5506728048825248	0.9211887318583654	0.43031509550152214
228	0.34331101096773087	0.47029261851621473	0.3633230823094364	0.21794865640839675	0.5140042640108136	0.5906708335724277	0.5446727714714222	0.6383541098029974	0.3068840172592341	0.7308022667537649	0.46861244131128826	0.49179170991657045	0.2519570461036697	0.755726232909746	0.5529790553476687	0.7303526579107152	0.24867537402745885	0.5720597765661528	0.7098073443093883	0.32171130122570696	0.6090087495442883	0.2494735711978524	0.2211365419831686	0.4320064047464987	0.7842596773899269	0.4827350293717884	0.8471621531667789	0.7950022066772628	0.11327125663307469	0.9358925775327394	0.7643276483468128	0.5549948211854627	0.08750451504647158	0.6374434173311748	0.4631502460962152	0.5616355300620588	0.9004375125730597	0.7236761846443144	0.3072155793832437	0.6385496536808888	0.3037368699576938	0.4041764416705026	0.242090175988623	0.2608478053147483	0.766675865737943	0.33448756855737	0.59570459583062	0.5506728048825248	0.9211887318583654	0.43031509550152064
229	0.3433110109677308	0.47029261851621473	0.36332308230943694	0.2179486564083967	0.5140042640108121	0.5906708335724254	0.544672771471422	0.6383541098029974	0.30688401725923403	0.7308022667537649	0.4686124413112885	0.4917917099165693	0.2519570461036697	0.755726232909746	0.5529790553476687	0.7303526579107158	0.24867537402745885	0.5720597765661528	0.7098073443093879	0.32171130122570735	0.6090087495442886	0.2494735711978515	0.22113654198316968	0.4320064047464987	0.7842596773899269	0.4827350293717876	0.8471621531667789	0.7950022066772628	0.11327125663307469	0.9358925775327394	0.7643276483468128	0.554994821185463	0.08750451504647158	0.6374434173311748	0.4631502460962152	0.5616355300620582	0.9004375125730608	0.7236761846443144	0.3072155793832437	0.6385496536808879	0.30373686995769256	0.404176441670503	0.242090175988623	0.2608478053147491	0.766675865737943	0.33448756855736955	0.5957045958306193	0.5506728048825248	0.9211887318583654	0.43031509550151936
230	0.34331101096773076	0.47029261851621473	0.36332308230943744	0.21794865640839664	0.5140042640108108	0.5906708335724236	0.5446727714714217	0.6383541098029974	0.30688401725923387	0.7308022667537649	0.4686124413112887	0.49179170991656823	0.2519570461036697	0.755726232909746	0.5529790553476687	0.7303526579107165	0.24867537402745885	0.5720597765661528	0.7098073443093876	0.3217113012257077	0.609008749544289	0.24947357119785066	0.22113654198317065	0.4320064047464987	0.7842596773899269	0.4827350293717869	0.8471621531667789	0.7950022066772628	0.11327125663307469	0.9358925775327394	0.7643276483468128	0.5549948211854631	0.08750451504647158	0.6374434173311748	0.4631502460962152	0.5616355300620577	0.9004375125730619	0.7236761846443144	0.3072155793832437	0.6385496536808871	0.30373686995769145	0.40417644167050343	0.242090175988623	0.2608478053147498	0.766675865737943	0.3344875685573691	0.5957045958306187	0.5506728048825248	0.9211887318583654	0.4303150955015182
231	0.34331101096773065	0.47029261851621473	0.36332308230943783	0.21794865640839656	0.5140042640108098	0.5906708335724218	0.5446727714714215	0.6383541098029974	0.3068840172592338	0.7308022667537649	0.4686124413112889	0.49179170991656734	0.2519570461036697	0.755726232909746	0.5529790553476687	0.7303526579107169	0.24867537402745885	0.5720597765661528	0.7098073443093873	0.32171130122570796	0.6090087495442893	0.2494735711978499	0.2211365419831715	0.4320064047464987	0.7842596773899269	0.48273502937178625	0.8471621531667789	0.7950022066772628	0.11327125663307469	0.9358925775327394	0.7643276483468128	0.5549948211854632	0.08750451504647158	0.6374434173311748	0.4631502460962152	0.5616355300620571	0.9004375125730628	0.7236761846443144	0.3072155793832437	0.6385496536808865	0.30373686995769045	0.40417644167050376	0.242090175988623	0.26084780531475044	0.766675865737943	0.3344875685573688	0.5957045958306182	0.5506728048825248	0.9211887318583654	0.4303150955015172
232	0.3433110109677306	0.47029261851621473	0.36332308230943816	0.21794865640839647	0.5140042640108087	0.5906708335724202	0.5446727714714212	0.6383541098029974	0.30688401725923375	0.7308022667537649	0.4686124413112891	0.4917917099165665	0.2519570461036697	0.755726232909746	0.5529790553476687	0.7303526579107174	0.24867537402745885	0.5720597765661528	0.709807344309387	0.32171130122570823	0.6090087495442896	0.24947357119784927	0.22113654198317229	0.4320064047464987	0.7842596773899269	0.48273502937178575	0.8471621531667789	0.7950022066772628	0.11327125663307469	0.9358925775327394	0.7643276483468128	0.5549948211854632	0.08750451504647158	0.6374434173311748	0.4631502460962152	0.5616355300620567	0.9004375125730635	0.7236761846443144	0.3072155793832437	0.6385496536808859	0.3037368699576895	0.4041764416705041	0.242090175988623	0.260847805314751	0.766675865737943	0.3344875685573684	0.5957045958306176	0.5506728048825248	0.9211887318583654	0.43031509550151625
233	0.34331101096773053	0.47029261851621473	0.3633230823094385	0.21794865640839642	0.5140042640108078	0.5906708335724189	0.544672771471421	0.6383541098029974	0.30688401725923364	0.7308022667537649	0.46861244131128926	0.4917917099165658	0.2519570461036697	0.755726232909746	0.5529790553476687	0.7303526579107179	0.24867537402745885	0.5720597765661528	0.7098073443093867	0.32171130122570846	0.6090087495442899	0.24947357119784866	0.22113654198317298	0.4320064047464987	0.7842596773899269	0.4827350293717852	0.8471621531667789	0.7950022066772628	0.11327125663307469	0.9358925775327394	0.7643276483468128	0.5549948211854634	0.08750451504647158	0.6374434173311748	0.4631502460962152	0.5616355300620564	0.9004375125730643	0.7236761846443144	0.3072155793832437	0.6385496536808852	0.30373686995768867	0.40417644167050437	0.242090175988623	0.2608478053147515	0.766675865737943	0.33448756855736805	0.5957045958306172	0.5506728048825248	0.9211887318583654	0.4303150955015155
234	0.3433110109677305	0.47029261851621473	0.3633230823094389	0.21794865640839636	0.514004264010807	0.5906708335724177	0.5446727714714208	0.6383541098029974	0.30688401725923364	0.7308022667537649	0.4686124413112894	0.4917917099165651	0.2519570461036697	0.755726232909746	0.5529790553476687	0.7303526579107182	0.24867537402745885	0.5720597765661528	0.7098073443093865	0.32171130122570873	0.60900874954429	0.24947357119784816	0.22113654198317362	0.4320064047464987	0.7842596773899269	0.4827350293717848	0.8471621531667789	0.7950022066772628	0.11327125663307469	0.9358925775327394	0.7643276483468128	0.5549948211854635	0.08750451504647158	0.6374434173311748	0.4631502460962152	0.561635530062056	0.9004375125730648	0.7236761846443144	0.3072155793832437	0.6385496536808848	0.303736869957688	0.4041764416705047	0.242090175988623	0.26084780531475193	0.766675865737943	0.33448756855736783	0.5957045958306169	0.5506728048825248	0.9211887318583654	0.43031509550151475
235	0.3433110109677304	0.47029261851621473	0.3633230823094391	0.21794865640839634	0.5140042640108063	0.5906708335724166	0.5446727714714207	0.6383541098029974	0.3068840172592336	0.7308022667537649	0.4686124413112895	0.4917917099165645	0.2519570461036697	0.755726232909746	0.5529790553476687	0.7303526579107186	0.24867537402745885	0.5720597765661528	0.7098073443093863	0.3217113012257089	0.6090087495442902	0.2494735711978477	0.22113654198317415	0.4320064047464987	0.7842596773899269	0.48273502937178436	0.8471621531667789	0.7950022066772627	0.11327125663307469	0.9358925775327394	0.7643276483468128	0.5549948211854635	0.08750451504647158	0.6374434173311748	0.4631502460962152	0.5616355300620557	0.9004375125730653	0.7236761846443144	0.3072155793832437	0.6385496536808842	0.3037368699576874	0.40417644167050487	0.242090175988623	0.2608478053147524	0.766675865737943	0.3344875685573676	0.5957045958306165	0.5506728048825248	0.9211887318583654	0.43031509550151403
236	0.34331101096773037	0.47029261851621473	0.3633230823094393	0.21794865640839628	0.5140042640108057	0.5906708335724157	0.5446727714714206	0.6383541098029974	0.30688401725923353	0.7308022667537649	0.46861244131128965	0.491791709916564	0.2519570461036697	0.755726232909746	0.5529790553476687	0.7303526579107188	0.24867537402745885	0.5720597765661528	0.7098073443093862	0.32171130122570907	0.6090087495442904	0.24947357119784727	0.22113654198317464	0.4320064047464987	0.7842596773899269	0.48273502937178403	0.8471621531667789	0.7950022066772627	0.11327125663307469	0.9358925775327394	0.7643276483468128	0.5549948211854636	0.08750451504647158	0.6374434173311748	0.4631502460962152	0.5616355300620555	0.9004375125730658	0.7236761846443144	0.3072155793832437	0.6385496536808839	0.3037368699576868	0.4041764416705051	0.242090175988623	0.26084780531475266	0.7666758657379431	0.3344875685573674	0.5957045958306162	0.5506728048825248	0.9211887318583654	0.4303150955015135
237	0.34331101096773037	0.47029261851621473	0.3633230823094396	0.21794865640839625	0.514004264010805	0.5906708335724147	0.5446727714714203	0.6383541098029974	0.3068840172592335	0.7308022667537649	0.46861244131128976	0.49179170991656357	0.2519570461036697	0.755726232909746	0.5529790553476687	0.730352657910719	0.24867537402745885	0.5720597765661528	0.7098073443093861	0.32171130122570923	0.6090087495442905	0.2494735711978469	0.22113654198317514	0.4320064047464987	0.7842596773899269	0.4827350293717837	0.8471621531667789	0.7950022066772627	0.11327125663307469	0.9358925775327394	0.7643276483468128	0.5549948211854636	0.08750451504647158	0.6374434173311748	0.4631502460962152	0.5616355300620551	0.9004375125730663	0.7236761846443144	0.3072155793832437	0.6385496536808836	0.3037368699576863	0.4041764416705053	0.242090175988623	0.260847805314753	0.7666758657379431	0.3344875685573672	0.5957045958306159	0.5506728048825248	0.9211887318583654	0.4303150955015129
238	0.34331101096773037	0.47029261851621473	0.36332308230943977	0.2179486564083962	0.5140042640108046	0.5906708335724139	0.5446727714714202	0.6383541098029974	0.3068840172592334	0.7308022667537649	0.4686124413112898	0.49179170991656307	0.2519570461036697	0.755726232909746	0.5529790553476687	0.7303526579107192	0.24867537402745885	0.5720597765661528	0.7098073443093859	0.32171130122570935	0.6090087495442906	0.2494735711978466	0.2211365419831755	0.4320064047464987	0.7842596773899269	0.4827350293717834	0.8471621531667789	0.7950022066772627	0.11327125663307469	0.9358925775327394	0.7643276483468128	0.5549948211854637	0.08750451504647158	0.6374434173311748	0.4631502460962152	0.5616355300620549	0.9004375125730666	0.7236761846443144	0.3072155793832437	0.6385496536808832	0.30373686995768584	0.4041764416705055	0.242090175988623	0.26084780531475327	0.7666758657379431	0.334487568557367	0.5957045958306156	0.5506728048825248	0.9211887318583654	0.4303150955015125
239	0.3433110109677303	0.47029261851621473	0.36332308230943994	0.2179486564083962	0.5140042640108041	0.5906708335724133	0.5446727714714201	0.6383541098029974	0.3068840172592334	0.7308022667537649	0.4686124413112899	0.49179170991656274	0.2519570461036697	0.755726232909746	0.5529790553476687	0.7303526579107196	0.24867537402745885	0.5720597765661528	0.7098073443093857	0.32171130122570946	0.6090087495442909	0.24947357119784627	0.2211365419831758	0.4320064047464987	0.7842596773899269	0.4827350293717832	0.8471621531667789	0.7950022066772627	0.11327125663307469	0.9358925775327394	0.7643276483468128	0.5549948211854637	0.08750451504647158	0.6374434173311748	0.4631502460962152	0.5616355300620547	0.9004375125730669	0.7236761846443144	0.3072155793832437	0.638549653680883	0.30373686995768545	0.40417644167050565	0.242090175988623	0.26084780531475354	0.7666758657379431	0.33448756855736683	0.5957045958306154	0.5506728048825248	0.9211887318583654	0.43031509550151203
240	0.3433110109677303	0.47029261851621473	0.36332308230944005	0.2179486564083962	0.5140042640108037	0.5906708335724127	0.54467277147142	0.6383541098029974	0.3068840172592334	0.7308022667537649	0.46861244131129	0.4917917099165624	0.2519570461036697	0.755726232909746	0.5529790553476687	0.7303526579107197	0.24867537402745885	0.5720597765661528	0.7098073443093856	0.32171130122570957	0.6090087495442909	0.24947357119784602	0.22113654198317614	0.4320064047464987	0.7842596773899269	0.482735029371783	0.8471621531667789	0.7950022066772627	0.11327125663307469	0.9358925775327394	0.7643276483468128	0.5549948211854637	0.08750451504647158	0.6374434173311748	0.4631502460962152	0.5616355300620546	0.9004375125730673	0.7236761846443144	0.3072155793832437	0.6385496536808827	0.30373686995768506	0.4041764416705057	0.242090175988623	0.26084780531475377	0.7666758657379431	0.33448756855736667	0.5957045958306152	0.5506728048825248	0.9211887318583654	0.4303150955015117
241	0.3433110109677302	0.47029261851621473	0.3633230823094402	0.21794865640839614	0.5140042640108033	0.590670833572412	0.54467277147142	0.6383541098029974	0.30688401725923337	0.7308022667537649	0.46861244131129	0.4917917099165621	0.2519570461036697	0.755726232909746	0.5529790553476687	0.7303526579107199	0.24867537402745885	0.5720597765661528	0.7098073443093855	0.3217113012257097	0.609008749544291	0.24947357119784577	0.22113654198317645	0.4320064047464987	0.7842596773899269	0.48273502937178275	0.8471621531667789	0.7950022066772627	0.11327125663307469	0.9358925775327394	0.7643276483468128	0.5549948211854638	0.08750451504647158	0.6374434173311748	0.4631502460962152	0.5616355300620545	0.9004375125730677	0.7236761846443144	0.3072155793832437	0.6385496536808825	0.30373686995768473	0.4041764416705058	0.242090175988623	0.260847805314754	0.7666758657379431	0.33448756855736655	0.5957045958306151	0.5506728048825248	0.9211887318583654	0.43031509550151137
242	0.3433110109677302	0.47029261851621473	0.3633230823094403	0.21794865640839614	0.514004264010803	0.5906708335724116	0.5446727714714199	0.6383541098029974	0.30688401725923337	0.7308022667537649	0.4686124413112901	0.49179170991656185	0.2519570461036697	0.755726232909746	0.5529790553476687	0.73035265791072	0.24867537402745885	0.5720597765661528	0.7098073443093854	0.32171130122570973	0.6090087495442912	0.24947357119784552	0.22113654198317667	0.4320064047464987	0.7842596773899269	0.4827350293717826	0.8471621531667789	0.7950022066772627	0.11327125663307469	0.9358925775327394	0.7643276483468128	0.5549948211854638	0.08750451504647158	0.6374434173311748	0.4631502460962152	0.5616355300620544	0.9004375125730678	0.7236761846443144	0.3072155793832437	0.6385496536808822	0.30373686995768445	0.404176441670506	0.242090175988623	0.26084780531475416	0.7666758657379431	0.33448756855736644	0.595704595830615	0.5506728048825248	0.9211887318583654	0.43031509550151104
243	0.3433110109677302	0.47029261851621473	0.3633230823094405	0.21794865640839609	0.5140042640108027	0.5906708335724111	0.5446727714714199	0.6383541098029974	0.30688401725923337	0.7308022667537649	0.46861244131129015	0.49179170991656157	0.2519570461036697	0.755726232909746	0.5529790553476687	0.7303526579107201	0.24867537402745885	0.5720597765661528	0.7098073443093854	0.3217113012257098	0.6090087495442912	0.24947357119784536	0.2211365419831769	0.4320064047464987	0.7842596773899269	0.4827350293717825	0.8471621531667789	0.7950022066772627	0.11327125663307469	0.9358925775327394	0.7643276483468128	0.5549948211854638	0.08750451504647158	0.6374434173311748	0.4631502460962152	0.5616355300620541	0.900437512573068	0.7236761846443144	0.3072155793832437	0.6385496536808821	0.3037368699576842	0.40417644167050604	0.242090175988623	0.2608478053147543	0.7666758657379431	0.33448756855736633	0.5957045958306147	0.5506728048825248	0.9211887318583654	0.4303150955015108
244	0.3433110109677302	0.47029261851621473	0.3633230823094405	0.21794865640839609	0.5140042640108025	0.5906708335724108	0.5446727714714198	0.6383541098029974	0.3068840172592333	0.7308022667537649	0.4686124413112902	0.4917917099165614	0.2519570461036697	0.755726232909746	0.5529790553476687	0.7303526579107202	0.24867537402745885	0.5720597765661528	0.7098073443093853	0.32171130122570984	0.6090087495442912	0.24947357119784525	0.22113654198317712	0.4320064047464987	0.7842596773899269	0.4827350293717823	0.8471621531667789	0.7950022066772627	0.11327125663307469	0.9358925775327394	0.7643276483468128	0.5549948211854638	0.08750451504647158	0.6374434173311748	0.4631502460962152	0.561635530062054	0.9004375125730681	0.7236761846443144	0.3072155793832437	0.6385496536808819	0.30373686995768395	0.4041764416705061	0.242090175988623	0.26084780531475443	0.7666758657379431	0.3344875685573662	0.5957045958306146	0.5506728048825248	0.9211887318583654	0.4303150955015106
245	0.3433110109677302	0.47029261851621473	0.36332308230944066	0.21794865640839606	0.5140042640108022	0.5906708335724103	0.5446727714714197	0.6383541098029974	0.3068840172592333	0.7308022667537649	0.46861244131129026	0.49179170991656124	0.2519570461036697	0.755726232909746	0.5529790553476687	0.7303526579107203	0.24867537402745885	0.5720597765661528	0.7098073443093852	0.32171130122570996	0.6090087495442913	0.24947357119784502	0.22113654198317728	0.4320064047464987	0.7842596773899269	0.4827350293717822	0.8471621531667789	0.7950022066772627	0.11327125663307469	0.9358925775327394	0.7643276483468128	0.5549948211854638	0.08750451504647158	0.6374434173311748	0.4631502460962152	0.5616355300620539	0.9004375125730684	0.7236761846443144	0.3072155793832437	0.6385496536808819	0.30373686995768373	0.4041764416705062	0.242090175988623	0.26084780531475454	0.7666758657379431	0.3344875685573662	0.5957045958306145	0.5506728048825248	0.9211887318583654	0.43031509550151037
246	0.3433110109677302	0.47029261851621473	0.36332308230944066	0.21794865640839606	0.514004264010802	0.59067083357241	0.5446727714714197	0.6383541098029974	0.30688401725923325	0.7308022667537649	0.46861244131129026	0.491791709916561	0.2519570461036697	0.755726232909746	0.5529790553476687	0.7303526579107205	0.24867537402745885	0.5720597765661528	0.7098073443093852	0.32171130122571	0.6090087495442913	0.2494735711978449	0.22113654198317742	0.4320064047464987	0.7842596773899269	0.48273502937178203	0.8471621531667789	0.7950022066772627	0.11327125663307469	0.9358925775327394	0.7643276483468128	0.554994821185464	0.08750451504647158	0.6374434173311748	0.4631502460962152	0.5616355300620539	0.9004375125730686	0.7236761846443144	0.3072155793832437	0.6385496536808817	0.30373686995768356	0.40417644167050626	0.242090175988623	0.2608478053147547	0.7666758657379432	0.33448756855736606	0.5957045958306144	0.5506728048825248	0.9211887318583654	0.43031509550151015
247	0.34331101096773015	0.47029261851621473	0.36332308230944077	0.21794865640839606	0.5140042640108018	0.5906708335724098	0.5446727714714197	0.6383541098029974	0.30688401725923325	0.7308022667537649	0.4686124413112903	0.4917917099165609	0.2519570461036697	0.755726232909746	0.5529790553476687	0.7303526579107205	0.24867537402745885	0.5720597765661528	0.7098073443093852	0.32171130122571007	0.6090087495442914	0.24947357119784477	0.22113654198317761	0.4320064047464987	0.7842596773899269	0.4827350293717819	0.8471621531667789	0.7950022066772627	0.11327125663307469	0.9358925775327394	0.7643276483468128	0.5549948211854641	0.08750451504647158	0.6374434173311748	0.4631502460962152	0.5616355300620537	0.9004375125730687	0.7236761846443144	0.3072155793832437	0.6385496536808816	0.3037368699576834	0.40417644167050637	0.242090175988623	0.26084780531475477	0.7666758657379432	0.33448756855736606	0.5957045958306143	0.5506728048825248	0.9211887318583654	0.43031509550151
248	0.34331101096773015	0.47029261851621473	0.3633230823094408	0.217948656408396	0.5140042640108017	0.5906708335724096	0.5446727714714196	0.6383541098029974	0.3068840172592332	0.7308022667537649	0.4686124413112904	0.4917917099165608	0.2519570461036697	0.755726232909746	0.5529790553476687	0.7303526579107206	0.24867537402745885	0.5720597765661528	0.7098073443093852	0.3217113012257101	0.6090087495442915	0.24947357119784475	0.2211365419831777	0.4320064047464987	0.7842596773899269	0.48273502937178187	0.8471621531667789	0.7950022066772627	0.11327125663307469	0.9358925775327394	0.7643276483468128	0.5549948211854641	0.08750451504647158	0.6374434173311748	0.4631502460962152	0.5616355300620537	0.9004375125730689	0.7236761846443144	0.3072155793832437	0.6385496536808816	0.3037368699576833	0.4041764416705064	0.242090175988623	0.2608478053147549	0.7666758657379432	0.334487568557366	0.5957045958306143	0.5506728048825248	0.9211887318583654	0.43031509550150987
249	0.34331101096773015	0.47029261851621473	0.3633230823094409	0.217948656408396	0.5140042640108016	0.5906708335724092	0.5446727714714196	0.6383541098029974	0.3068840172592332	0.7308022667537649	0.4686124413112904	0.4917917099165607	0.2519570461036697	0.755726232909746	0.5529790553476687	0.7303526579107207	0.24867537402745885	0.5720597765661528	0.7098073443093851	0.3217113012257101	0.6090087495442915	0.2494735711978446	0.22113654198317784	0.4320064047464987	0.7842596773899269	0.48273502937178175	0.8471621531667789	0.7950022066772627	0.11327125663307469	0.9358925775327394	0.7643276483468128	0.5549948211854641	0.08750451504647158	0.6374434173311748	0.4631502460962152	0.5616355300620536	0.9004375125730689	0.7236761846443144	0.3072155793832437	0.6385496536808813	0.3037368699576831	0.4041764416705064	0.242090175988623	0.26084780531475493	0.7666758657379432	0.33448756855736594	0.5957045958306142	0.5506728048825248	0.9211887318583654	0.4303150955015097
250	0.34331101096773015	0.47029261851621473	0.36332308230944094	0.217948656408396	0.5140042640108015	0.5906708335724091	0.5446727714714196	0.6383541098029974	0.3068840172592332	0.7308022667537649	0.4686124413112904	0.49179170991656057	0.2519570461036697	0.755726232909746	0.5529790553476687	0.7303526579107207	0.24867537402745885	0.5720597765661528	0.709807344309385	0.3217113012257102	0.6090087495442915	0.24947357119784452	0.22113654198317792	0.4320064047464987	0.7842596773899269	0.4827350293717817	0.8471621531667789	0.7950022066772627	0.11327125663307469	0.9358925775327394	0.7643276483468128	0.5549948211854641	0.08750451504647158	0.6374434173311748	0.4631502460962152	0.5616355300620536	0.9004375125730691	0.7236761846443144	0.3072155793832437	0.6385496536808813	0.303736869957683	0.4041764416705064	0.242090175988623	0.26084780531475504	0.7666758657379432	0.3344875685573659	0.5957045958306142	0.5506728048825248	0.9211887318583654	0.4303150955015096
251	0.34331101096773015	0.47029261851621473	0.36332308230944105	0.217948656408396	0.5140042640108013	0.5906708335724089	0.5446727714714196	0.6383541098029974	0.3068840172592332	0.7308022667537649	0.4686124413112904	0.49179170991656046	0.2519570461036697	0.755726232909746	0.5529790553476687	0.7303526579107207	0.24867537402745885	0.5720597765661528	0.709807344309385	0.3217113012257102	0.6090087495442915	0.24947357119784447	0.221136541983178	0.4320064047464987	0.7842596773899269	0.48273502937178164	0.8471621531667789	0.7950022066772627	0.11327125663307469	0.9358925775327394	0.7643276483468128	0.5549948211854641	0.08750451504647158	0.6374434173311748	0.4631502460962152	0.5616355300620536	0.9004375125730691	0.7236761846443144	0.3072155793832437	0.6385496536808812	0.3037368699576829	0.40417644167050654	0.242090175988623	0.26084780531475504	0.7666758657379432	0.33448756855736583	0.5957045958306141	0.5506728048825248	0.9211887318583654	0.4303150955015095
252	0.34331101096773015	0.47029261851621473	0.36332308230944105	0.21794865640839597	0.5140042640108012	0.5906708335724088	0.5446727714714196	0.6383541098029974	0.3068840172592332	0.7308022667537649	0.4686124413112904	0.49179170991656035	0.2519570461036697	0.755726232909746	0.5529790553476687	0.7303526579107208	0.24867537402745885	0.5720597765661528	0.709807344309385	0.32171130122571023	0.6090087495442915	0.24947357119784436	0.22113654198317811	0.4320064047464987	0.7842596773899269	0.4827350293717816	0.8471621531667789	0.7950022066772627	0.11327125663307469	0.9358925775327394	0.7643276483468128	0.5549948211854641	0.08750451504647158	0.6374434173311748	0.4631502460962152	0.5616355300620535	0.9004375125730693	0.7236761846443144	0.3072155793832437	0.6385496536808811	0.3037368699576828	0.4041764416705066	0.242090175988623	0.26084780531475515	0.7666758657379432	0.33448756855736583	0.595704595830614	0.5506728048825248	0.9211887318583654	0.4303150955015094
253	0.34331101096773015	0.47029261851621473	0.36332308230944105	0.21794865640839597	0.5140042640108011	0.5906708335724087	0.5446727714714195	0.6383541098029974	0.30688401725923325	0.7308022667537649	0.46861244131129043	0.49179170991656035	0.2519570461036697	0.755726232909746	0.5529790553476687	0.7303526579107208	0.24867537402745885	0.5720597765661528	0.709807344309385	0.32171130122571023	0.6090087495442916	0.24947357119784427	0.2211365419831782	0.4320064047464987	0.7842596773899269	0.48273502937178153	0.8471621531667789	0.7950022066772627	0.11327125663307469	0.9358925775327394	0.7643276483468128	0.5549948211854641	0.08750451504647158	0.6374434173311748	0.4631502460962152	0.5616355300620535	0.9004375125730693	0.7236761846443144	0.3072155793832437	0.6385496536808811	0.30373686995768273	0.4041764416705066	0.242090175988623	0.2608478053147552	0.7666758657379432	0.33448756855736583	0.595704595830614	0.5506728048825248	0.9211887318583654	0.43031509550150926
254	0.3433110109677301	0.47029261851621473	0.36332308230944105	0.21794865640839597	0.514004264010801	0.5906708335724085	0.5446727714714195	0.6383541098029974	0.30688401725923325	0.7308022667537649	0.46861244131129043	0.49179170991656024	0.2519570461036697	0.755726232909746	0.5529790553476687	0.7303526579107209	0.24867537402745885	0.5720597765661528	0.709807344309385	0.3217113012257103	0.6090087495442916	0.24947357119784427	0.22113654198317825	0.4320064047464987	0.7842596773899269	0.48273502937178153	0.8471621531667789	0.7950022066772627	0.11327125663307469	0.9358925775327394	0.7643276483468128	0.5549948211854641	0.08750451504647158	0.6374434173311748	0.4631502460962152	0.5616355300620535	0.9004375125730695	0.7236761846443144	0.3072155793832437	0.6385496536808811	0.3037368699576827	0.4041764416705066	0.242090175988623	0.26084780531475527	0.7666758657379432	0.3344875685573658	0.595704595830614	0.5506728048825248	0.9211887318583654	0.43031509550150926
255	0.3433110109677301	0.47029261851621473	0.36332308230944116	0.21794865640839597	0.514004264010801	0.5906708335724085	0.5446727714714195	0.6383541098029974	0.30688401725923325	0.7308022667537649	0.4686124413112905	0.4917917099165602	0.2519570461036697	0.755726232909746	0.5529790553476687	0.7303526579107209	0.24867537402745885	0.5720597765661528	0.709807344309385	0.3217113012257103	0.6090087495442916	0.24947357119784422	0.22113654198317828	0.4320064047464987	0.7842596773899269	0.4827350293717814	0.8471621531667789	0.7950022066772627	0.11327125663307469	0.9358925775327394	0.7643276483468128	0.5549948211854641	0.08750451504647158	0.6374434173311748	0.4631502460962152	0.5616355300620534	0.9004375125730695	0.7236761846443144	0.3072155793832437	0.638549653680881	0.3037368699576826	0.4041764416705066	0.242090175988623	0.2608478053147553	0.7666758657379432	0.3344875685573658	0.5957045958306139	0.5506728048825248	0.9211887318583654	0.43031509550150915
256	0.3433110109677301	0.47029261851621473	0.36332308230944116	0.21794865640839597	0.5140042640108008	0.5906708335724083	0.5446727714714195	0.6383541098029974	0.30688401725923325	0.7308022667537649	0.4686124413112905	0.4917917099165601	0.2519570461036697	0.755726232909746	0.5529790553476687	0.7303526579107209	0.24867537402745885	0.5720597765661528	0.7098073443093849	0.3217113012257103	0.6090087495442916	0.24947357119784414	0.22113654198317834	0.4320064047464987	0.7842596773899269	0.4827350293717814	0.8471621531667789	0.7950022066772627	0.11327125663307469	0.9358925775327394	0.7643276483468128	0.5549948211854641	0.08750451504647158	0.6374434173311748	0.4631502460962152	0.5616355300620534	0.9004375125730695	0.7236761846443144	0.3072155793832437	0.638549653680881	0.3037368699576825	0.4041764416705066	0.242090175988623	0.2608478053147554	0.7666758657379432	0.33448756855736567	0.5957045958306139	0.5506728048825248	0.9211887318583654	0.43031509550150915
257	0.3433110109677301	0.47029261851621473	0.3633230823094412	0.21794865640839597	0.5140042640108008	0.5906708335724082	0.5446727714714195	0.6383541098029974	0.30688401725923325	0.7308022667537649	0.4686124413112905	0.4917917099165601	0.2519570461036697	0.755726232909746	0.5529790553476687	0.7303526579107209	0.24867537402745885	0.5720597765661528	0.7098073443093849	0.3217113012257103	0.6090087495442916	0.2494735711978441	0.22113654198317836	0.4320064047464987	0.7842596773899269	0.4827350293717814	0.8471621531667789	0.7950022066772627	0.11327125663307469	0.9358925775327394	0.7643276483468128	0.5549948211854641	0.08750451504647158	0.6374434173311748	0.4631502460962152	0.5616355300620534	0.9004375125730695	0.7236761846443144	0.3072155793832437	0.638549653680881	0.3037368699576825	0.40417644167050665	0.242090175988623	0.2608478053147554	0.7666758657379432	0.33448756855736567	0.5957045958306139	0.5506728048825248	0.9211887318583654	0.43031509550150904
258	0.3433110109677301	0.47029261851621473	0.3633230823094412	0.21794865640839597	0.5140042640108007	0.5906708335724082	0.5446727714714195	0.6383541098029974	0.3068840172592332	0.7308022667537649	0.4686124413112905	0.49179170991656	0.2519570461036697	0.755726232909746	0.5529790553476687	0.7303526579107209	0.24867537402745885	0.5720597765661528	0.7098073443093849	0.32171130122571034	0.6090087495442916	0.2494735711978441	0.22113654198317848	0.4320064047464987	0.7842596773899269	0.48273502937178137	0.8471621531667789	0.7950022066772627	0.11327125663307469	0.9358925775327394	0.7643276483468128	0.5549948211854641	0.08750451504647158	0.6374434173311748	0.4631502460962152	0.5616355300620534	0.9004375125730696	0.7236761846443144	0.3072155793832437	0.6385496536808809	0.30373686995768245	0.40417644167050665	0.242090175988623	0.2608478053147554	0.7666758657379432	0.33448756855736567	0.5957045958306139	0.5506728048825248	0.9211887318583654	0.430315095501509
259	0.3433110109677301	0.47029261851621473	0.3633230823094412	0.21794865640839597	0.5140042640108007	0.590670833572408	0.5446727714714195	0.6383541098029974	0.3068840172592332	0.7308022667537649	0.4686124413112905	0.49179170991656	0.2519570461036697	0.755726232909746	0.5529790553476687	0.730352657910721	0.24867537402745885	0.5720597765661528	0.7098073443093849	0.32171130122571034	0.6090087495442916	0.24947357119784402	0.22113654198317848	0.4320064047464987	0.7842596773899269	0.4827350293717813	0.8471621531667789	0.7950022066772627	0.11327125663307469	0.9358925775327394	0.7643276483468128	0.5549948211854641	0.08750451504647158	0.6374434173311748	0.4631502460962152	0.5616355300620534	0.9004375125730696	0.7236761846443144	0.3072155793832437	0.6385496536808809	0.3037368699576824	0.40417644167050676	0.242090175988623	0.26084780531475543	0.7666758657379432	0.33448756855736567	0.5957045958306139	0.5506728048825248	0.9211887318583654	0.430315095501509
260	0.3433110109677301	0.47029261851621473	0.3633230823094412	0.21794865640839597	0.5140042640108007	0.590670833572408	0.5446727714714195	0.6383541098029974	0.3068840172592332	0.7308022667537649	0.4686124413112905	0.49179170991656	0.2519570461036697	0.755726232909746	0.5529790553476687	0.730352657910721	0.24867537402745885	0.5720597765661528	0.7098073443093849	0.32171130122571034	0.6090087495442916	0.24947357119784402	0.22113654198317848	0.4320064047464987	0.7842596773899269	0.4827350293717813	0.8471621531667789	0.7950022066772627	0.11327125663307469	0.9358925775327394	0.7643276483468128	0.5549948211854641	0.08750451504647158	0.6374434173311748	0.4631502460962152	0.5616355300620532	0.9004375125730696	0.7236761846443144	0.3072155793832437	0.6385496536808808	0.3037368699576824	0.40417644167050676	0.242090175988623	0.26084780531475543	0.7666758657379432	0.33448756855736567	0.5957045958306137	0.5506728048825248	0.9211887318583654	0.4303150955015089
261	0.3433110109677301	0.47029261851621473	0.3633230823094412	0.21794865640839597	0.5140042640108006	0.5906708335724079	0.5446727714714195	0.6383541098029974	0.3068840172592332	0.7308022667537649	0.4686124413112905	0.49179170991655985	0.2519570461036697	0.755726232909746	0.5529790553476687	0.730352657910721	0.24867537402745885	0.5720597765661528	0.7098073443093849	0.32171130122571034	0.6090087495442917	0.24947357119784402	0.2211365419831785	0.4320064047464987	0.7842596773899269	0.4827350293717813	0.8471621531667789	0.7950022066772627	0.11327125663307469	0.9358925775327394	0.7643276483468128	0.5549948211854641	0.08750451504647158	0.6374434173311748	0.4631502460962152	0.5616355300620532	0.9004375125730696	0.7236761846443144	0.3072155793832437	0.6385496536808808	0.3037368699576823	0.40417644167050676	0.242090175988623	0.2608478053147555	0.7666758657379432	0.33448756855736567	0.5957045958306137	0.5506728048825248	0.9211887318583654	0.43031509550150887
262	0.3433110109677301	0.47029261851621473	0.3633230823094412	0.21794865640839592	0.5140042640108006	0.5906708335724079	0.5446727714714195	0.6383541098029974	0.3068840172592332	0.7308022667537649	0.4686124413112905	0.49179170991655985	0.2519570461036697	0.755726232909746	0.5529790553476687	0.730352657910721	0.24867537402745885	0.5720597765661528	0.7098073443093849	0.32171130122571034	0.6090087495442917	0.24947357119784402	0.22113654198317856	0.4320064047464987	0.7842596773899269	0.48273502937178125	0.8471621531667789	0.7950022066772627	0.11327125663307469	0.9358925775327394	0.7643276483468128	0.5549948211854642	0.08750451504647158	0.6374434173311748	0.4631502460962152	0.5616355300620532	0.9004375125730696	0.7236761846443144	0.3072155793832437	0.6385496536808808	0.3037368699576823	0.40417644167050676	0.242090175988623	0.2608478053147555	0.7666758657379432	0.3344875685573656	0.5957045958306136	0.5506728048825248	0.9211887318583654	0.4303150955015088
263	0.3433110109677301	0.47029261851621473	0.3633230823094412	0.21794865640839592	0.5140042640108006	0.5906708335724079	0.5446727714714195	0.6383541098029974	0.3068840172592332	0.7308022667537649	0.4686124413112905	0.49179170991655985	0.2519570461036697	0.755726232909746	0.5529790553476687	0.730352657910721	0.24867537402745885	0.5720597765661528	0.7098073443093847	0.3217113012257104	0.6090087495442917	0.24947357119784397	0.22113654198317856	0.4320064047464987	0.7842596773899269	0.4827350293717812	0.8471621531667789	0.7950022066772627	0.11327125663307469	0.9358925775327394	0.7643276483468128	0.5549948211854642	0.08750451504647158	0.6374434173311748	0.4631502460962152	0.5616355300620531	0.9004375125730696	0.7236761846443144	0.3072155793832437	0.6385496536808808	0.3037368699576823	0.40417644167050676	0.242090175988623	0.2608478053147555	0.7666758657379432	0.3344875685573656	0.5957045958306136	0.5506728048825248	0.9211887318583654	0.4303150955015088
264	0.3433110109677301	0.47029261851621473	0.3633230823094412	0.21794865640839592	0.5140042640108006	0.5906708335724078	0.5446727714714193	0.6383541098029974	0.3068840172592332	0.7308022667537649	0.4686124413112905	0.49179170991655985	0.2519570461036697	0.755726232909746	0.5529790553476687	0.730352657910721	0.24867537402745885	0.5720597765661528	0.7098073443093847	0.3217113012257104	0.6090087495442917	0.24947357119784397	0.2211365419831786	0.4320064047464987	0.7842596773899269	0.4827350293717812	0.8471621531667789	0.7950022066772627	0.11327125663307469	0.9358925775327394	0.7643276483468128	0.5549948211854642	0.08750451504647158	0.6374434173311748	0.4631502460962152	0.5616355300620531	0.9004375125730698	0.7236761846443144	0.3072155793832437	0.6385496536808808	0.30373686995768223	0.40417644167050676	0.242090175988623	0.2608478053147555	0.7666758657379432	0.3344875685573656	0.5957045958306136	0.5506728048825248	0.9211887318583654	0.4303150955015088
265	0.3433110109677301	0.47029261851621473	0.3633230823094412	0.21794865640839592	0.5140042640108005	0.5906708335724077	0.5446727714714193	0.6383541098029974	0.3068840172592332	0.7308022667537649	0.4686124413112905	0.4917917099165598	0.2519570461036697	0.755726232909746	0.5529790553476687	0.730352657910721	0.24867537402745885	0.5720597765661528	0.7098073443093847	0.3217113012257104	0.6090087495442917	0.24947357119784397	0.2211365419831786	0.4320064047464987	0.7842596773899269	0.4827350293717812	0.8471621531667789	0.7950022066772627	0.11327125663307469	0.9358925775327394	0.7643276483468128	0.5549948211854642	0.08750451504647158	0.6374434173311748	0.4631502460962152	0.5616355300620531	0.9004375125730698	0.7236761846443144	0.3072155793832437	0.6385496536808808	0.30373686995768223	0.40417644167050676	0.242090175988623	0.2608478053147555	0.7666758657379432	0.3344875685573656	0.5957045958306136	0.5506728048825248	0.9211887318583654	0.43031509550150876
266	0.3433110109677301	0.47029261851621473	0.3633230823094412	0.21794865640839592	0.5140042640108005	0.5906708335724077	0.5446727714714193	0.6383541098029974	0.3068840172592332	0.7308022667537649	0.4686124413112905	0.4917917099165598	0.2519570461036697	0.755726232909746	0.5529790553476687	0.730352657910721	0.24867537402745885	0.5720597765661528	0.7098073443093847	0.3217113012257104	0.6090087495442918	0.24947357119784389	0.22113654198317864	0.4320064047464987	0.7842596773899269	0.48273502937178114	0.8471621531667789	0.7950022066772627	0.11327125663307469	0.9358925775327394	0.7643276483468128	0.5549948211854642	0.08750451504647158	0.6374434173311748	0.4631502460962152	0.5616355300620531	0.9004375125730698	0.7236761846443144	0.3072155793832437	0.6385496536808808	0.30373686995768223	0.40417644167050676	0.242090175988623	0.26084780531475554	0.7666758657379432	0.3344875685573656	0.5957045958306136	0.5506728048825248	0.9211887318583654	0.43031509550150876
267	0.3433110109677301	0.47029261851621473	0.3633230823094413	0.21794865640839592	0.5140042640108005	0.5906708335724077	0.5446727714714193	0.6383541098029974	0.30688401725923314	0.7308022667537649	0.4686124413112905	0.49179170991655974	0.2519570461036697	0.755726232909746	0.5529790553476687	0.7303526579107211	0.24867537402745885	0.5720597765661528	0.7098073443093847	0.3217113012257104	0.6090087495442918	0.24947357119784389	0.22113654198317864	0.4320064047464987	0.7842596773899269	0.48273502937178114	0.8471621531667789	0.7950022066772627	0.11327125663307469	0.9358925775327394	0.7643276483468128	0.5549948211854642	0.08750451504647158	0.6374434173311748	0.4631502460962152	0.5616355300620531	0.9004375125730698	0.7236761846443144	0.3072155793832437	0.6385496536808807	0.30373686995768223	0.40417644167050676	0.242090175988623	0.26084780531475554	0.7666758657379432	0.3344875685573656	0.5957045958306136	0.5506728048825248	0.9211887318583654	0.4303150955015087
268	0.3433110109677301	0.47029261851621473	0.3633230823094413	0.21794865640839592	0.5140042640108005	0.5906708335724077	0.5446727714714193	0.6383541098029974	0.30688401725923314	0.7308022667537649	0.46861244131129054	0.49179170991655974	0.2519570461036697	0.755726232909746	0.5529790553476687	0.7303526579107211	0.24867537402745885	0.5720597765661528	0.7098073443093847	0.3217113012257104	0.6090087495442918	0.24947357119784386	0.22113654198317864	0.4320064047464987	0.7842596773899269	0.48273502937178114	0.8471621531667789	0.7950022066772627	0.11327125663307469	0.9358925775327394	0.7643276483468128	0.5549948211854642	0.08750451504647158	0.6374434173311748	0.4631502460962152	0.5616355300620531	0.9004375125730698	0.7236761846443144	0.3072155793832437	0.6385496536808807	0.3037368699576822	0.40417644167050676	0.242090175988623	0.26084780531475554	0.7666758657379432	0.33448756855736556	0.5957045958306136	0.5506728048825248	0.9211887318583654	0.4303150955015087
269	0.3433110109677301	0.47029261851621473	0.3633230823094413	0.21794865640839592	0.5140042640108005	0.5906708335724077	0.5446727714714193	0.6383541098029974	0.30688401725923314	0.7308022667537649	0.46861244131129054	0.49179170991655974	0.2519570461036697	0.755726232909746	0.5529790553476687	0.7303526579107211	0.24867537402745885	0.5720597765661528	0.7098073443093847	0.3217113012257104	0.6090087495442918	0.24947357119784386	0.22113654198317864	0.4320064047464987	0.7842596773899269	0.48273502937178114	0.8471621531667789	0.7950022066772627	0.11327125663307469	0.9358925775327394	0.7643276483468128	0.5549948211854642	0.08750451504647158	0.6374434173311748	0.4631502460962152	0.5616355300620531	0.9004375125730698	0.7236761846443144	0.3072155793832437	0.6385496536808807	0.3037368699576822	0.40417644167050676	0.242090175988623	0.26084780531475554	0.7666758657379432	0.33448756855736556	0.5957045958306136	0.5506728048825248	0.9211887318583654	0.4303150955015087
270	0.3433110109677301	0.47029261851621473	0.3633230823094413	0.21794865640839592	0.5140042640108005	0.5906708335724077	0.5446727714714193	0.6383541098029974	0.30688401725923314	0.7308022667537649	0.46861244131129054	0.49179170991655974	0.2519570461036697	0.755726232909746	0.5529790553476687	0.7303526579107211	0.24867537402745885	0.5720597765661528	0.7098073443093847	0.3217113012257104	0.6090087495442918	0.24947357119784386	0.22113654198317864	0.4320064047464987	0.7842596773899269	0.48273502937178114	0.8471621531667789	0.7950022066772627	0.11327125663307469	0.9358925775327394	0.7643276483468128	0.5549948211854642	0.08750451504647158	0.6374434173311748	0.4631502460962152	0.5616355300620531	0.9004375125730698	0.7236761846443144	0.3072155793832437	0.6385496536808807	0.3037368699576821	0.40417644167050676	0.242090175988623	0.2608478053147556	0.7666758657379432	0.33448756855736556	0.5957045958306136	0.5506728048825248	0.9211887318583654	0.4303150955015087
271	0.3433110109677301	0.47029261851621473	0.3633230823094413	0.21794865640839592	0.5140042640108003	0.5906708335724076	0.5446727714714193	0.6383541098029974	0.30688401725923314	0.7308022667537649	0.46861244131129054	0.49179170991655974	0.2519570461036697	0.755726232909746	0.5529790553476687	0.7303526579107211	0.24867537402745885	0.5720597765661528	0.7098073443093847	0.3217113012257104	0.6090087495442918	0.24947357119784386	0.22113654198317864	0.4320064047464987	0.7842596773899269	0.48273502937178114	0.8471621531667789	0.7950022066772627	0.11327125663307469	0.9358925775327394	0.7643276483468128	0.5549948211854642	0.08750451504647158	0.6374434173311748	0.4631502460962152	0.5616355300620531	0.9004375125730698	0.7236761846443144	0.3072155793832437	0.6385496536808807	0.3037368699576821	0.40417644167050676	0.242090175988623	0.2608478053147556	0.7666758657379432	0.33448756855736556	0.5957045958306136	0.5506728048825248	0.9211887318583654	0.4303150955015087
272	0.3433110109677301	0.47029261851621473	0.3633230823094413	0.21794865640839592	0.5140042640108003	0.5906708335724076	0.5446727714714193	0.6383541098029974	0.30688401725923314	0.7308022667537649	0.46861244131129054	0.49179170991655974	0.2519570461036697	0.755726232909746	0.5529790553476687	0.7303526579107211	0.24867537402745885	0.5720597765661528	0.7098073443093847	0.3217113012257104	0.6090087495442918	0.24947357119784386	0.2211365419831787	0.4320064047464987	0.7842596773899269	0.48273502937178114	0.8471621531667789	0.7950022066772627	0.11327125663307469	0.9358925775327394	0.7643276483468128	0.5549948211854642	0.08750451504647158	0.6374434173311748	0.4631502460962152	0.5616355300620531	0.9004375125730698	0.7236761846443144	0.3072155793832437	0.6385496536808807	0.3037368699576821	0.40417644167050676	0.242090175988623	0.2608478053147556	0.7666758657379432	0.33448756855736556	0.5957045958306136	0.5506728048825248	0.9211887318583654	0.4303150955015087
273	0.3433110109677301	0.47029261851621473	0.3633230823094413	0.21794865640839592	0.5140042640108003	0.5906708335724076	0.5446727714714193	0.6383541098029974	0.30688401725923314	0.7308022667537649	0.46861244131129054	0.49179170991655974	0.2519570461036697	0.755726232909746	0.5529790553476687	0.7303526579107211	0.24867537402745885	0.5720597765661528	0.7098073443093847	0.32171130122571046	0.6090087495442918	0.24947357119784386	0.2211365419831787	0.4320064047464987	0.7842596773899269	0.48273502937178114	0.8471621531667789	0.7950022066772627	0.11327125663307469	0.9358925775327394	0.7643276483468128	0.5549948211854642	0.08750451504647158	0.6374434173311748	0.4631502460962152	0.5616355300620531	0.9004375125730698	0.7236761846443144	0.3072155793832437	0.6385496536808807	0.30373686995768207	0.40417644167050676	0.242090175988623	0.2608478053147556	0.7666758657379432	0.33448756855736556	0.5957045958306136	0.5506728048825248	0.9211887318583654	0.4303150955015087
274	0.3433110109677301	0.47029261851621473	0.3633230823094413	0.21794865640839592	0.5140042640108003	0.5906708335724076	0.5446727714714193	0.6383541098029974	0.30688401725923314	0.7308022667537649	0.46861244131129054	0.49179170991655974	0.2519570461036697	0.755726232909746	0.5529790553476687	0.7303526579107211	0.24867537402745885	0.5720597765661528	0.7098073443093847	0.32171130122571046	0.6090087495442918	0.24947357119784386	0.2211365419831787	0.4320064047464987	0.7842596773899269	0.48273502937178114	0.8471621531667789	0.7950022066772627	0.11327125663307469	0.9358925775327394	0.7643276483468128	0.5549948211854642	0.08750451504647158	0.6374434173311748	0.4631502460962152	0.5616355300620531	0.9004375125730698	0.7236761846443144	0.3072155793832437	0.6385496536808807	0.30373686995768207	0.40417644167050676	0.242090175988623	0.2608478053147556	0.7666758657379432	0.33448756855736556	0.5957045958306136	0.5506728048825248	0.9211887318583654	0.4303150955015087
275	0.3433110109677301	0.47029261851621473	0.3633230823094413	0.21794865640839592	0.5140042640108003	0.5906708335724076	0.5446727714714193	0.6383541098029974	0.30688401725923314	0.7308022667537649	0.46861244131129054	0.4917917099165597	0.2519570461036697	0.755726232909746	0.5529790553476687	0.7303526579107211	0.24867537402745885	0.5720597765661528	0.7098073443093847	0.32171130122571046	0.6090087495442918	0.24947357119784386	0.2211365419831787	0.4320064047464987	0.7842596773899269	0.48273502937178114	0.8471621531667789	0.7950022066772627	0.11327125663307469	0.9358925775327394	0.7643276483468128	0.5549948211854642	0.08750451504647158	0.6374434173311748	0.4631502460962152	0.5616355300620531	0.9004375125730698	0.7236761846443144	0.3072155793832437	0.6385496536808807	0.3037368699576821	0.40417644167050676	0.242090175988623	0.2608478053147556	0.7666758657379432	0.33448756855736556	0.5957045958306136	0.5506728048825248	0.9211887318583654	0.4303150955015087
276	0.3433110109677301	0.47029261851621473	0.3633230823094413	0.21794865640839592	0.5140042640108003	0.5906708335724076	0.5446727714714193	0.6383541098029974	0.30688401725923314	0.7308022667537649	0.46861244131129054	0.4917917099165597	0.2519570461036697	0.755726232909746	0.5529790553476687	0.7303526579107211	0.24867537402745885	0.5720597765661528	0.7098073443093847	0.32171130122571046	0.6090087495442918	0.24947357119784386	0.2211365419831787	0.4320064047464987	0.7842596773899269	0.48273502937178114	0.8471621531667789	0.7950022066772627	0.11327125663307469	0.9358925775327394	0.7643276483468128	0.5549948211854642	0.08750451504647158	0.6374434173311748	0.4631502460962152	0.5616355300620531	0.9004375125730698	0.7236761846443144	0.3072155793832437	0.6385496536808807	0.3037368699576821	0.40417644167050676	0.242090175988623	0.2608478053147556	0.7666758657379432	0.33448756855736556	0.5957045958306136	0.5506728048825248	0.9211887318583654	0.4303150955015087
277	0.3433110109677301	0.47029261851621473	0.3633230823094413	0.21794865640839592	0.5140042640108003	0.5906708335724076	0.5446727714714193	0.6383541098029974	0.30688401725923314	0.7308022667537649	0.46861244131129054	0.4917917099165597	0.2519570461036697	0.755726232909746	0.5529790553476687	0.7303526579107211	0.24867537402745885	0.5720597765661528	0.7098073443093847	0.32171130122571046	0.6090087495442918	0.24947357119784386	0.2211365419831787	0.4320064047464987	0.7842596773899269	0.48273502937178114	0.8471621531667789	0.7950022066772627	0.11327125663307469	0.9358925775327394	0.7643276483468128	0.5549948211854642	0.08750451504647158	0.6374434173311748	0.4631502460962152	0.5616355300620531	0.9004375125730698	0.7236761846443144	0.3072155793832437	0.6385496536808807	0.3037368699576821	0.40417644167050676	0.242090175988623	0.2608478053147556	0.7666758657379432	0.33448756855736556	0.5957045958306136	0.5506728048825248	0.9211887318583654	0.4303150955015087
278	0.3433110109677301	0.47029261851621473	0.3633230823094413	0.21794865640839592	0.5140042640108003	0.5906708335724076	0.5446727714714193	0.6383541098029974	0.30688401725923314	0.7308022667537649	0.46861244131129054	0.4917917099165597	0.2519570461036697	0.755726232909746	0.5529790553476687	0.7303526579107211	0.24867537402745885	0.5720597765661528	0.7098073443093847	0.32171130122571046	0.6090087495442918	0.24947357119784386	0.22113654198317872	0.4320064047464987	0.7842596773899269	0.48273502937178114	0.8471621531667789	0.7950022066772627	0.11327125663307469	0.9358925775327394	0.7643276483468128	0.5549948211854642	0.08750451504647158	0.6374434173311748	0.4631502460962152	0.5616355300620531	0.9004375125730698	0.7236761846443144	0.3072155793832437	0.6385496536808807	0.3037368699576821	0.40417644167050676	0.242090175988623	0.2608478053147556	0.7666758657379432	0.33448756855736556	0.5957045958306136	0.5506728048825248	0.9211887318583654	0.43031509550150865
279	0.3433110109677301	0.47029261851621473	0.3633230823094413	0.21794865640839592	0.5140042640108003	0.5906708335724076	0.5446727714714193	0.6383541098029974	0.30688401725923314	0.7308022667537649	0.46861244131129054	0.4917917099165597	0.2519570461036697	0.755726232909746	0.5529790553476687	0.7303526579107211	0.24867537402745885	0.5720597765661528	0.7098073443093847	0.32171130122571046	0.6090087495442918	0.24947357119784386	0.22113654198317872	0.4320064047464987	0.7842596773899269	0.48273502937178114	0.8471621531667789	0.7950022066772627	0.11327125663307469	0.9358925775327394	0.7643276483468128	0.5549948211854642	0.08750451504647158	0.6374434173311748	0.4631502460962152	0.5616355300620531	0.9004375125730698	0.7236761846443144	0.3072155793832437	0.6385496536808807	0.3037368699576821	0.4041764416705068	0.242090175988623	0.26084780531475565	0.7666758657379432	0.33448756855736556	0.5957045958306136	0.5506728048825248	0.9211887318583654	0.43031509550150865
280	0.3433110109677301	0.47029261851621473	0.3633230823094413	0.21794865640839592	0.5140042640108003	0.5906708335724076	0.5446727714714193	0.6383541098029974	0.30688401725923314	0.7308022667537649	0.46861244131129054	0.4917917099165597	0.2519570461036697	0.755726232909746	0.5529790553476687	0.7303526579107211	0.24867537402745885	0.5720597765661528	0.7098073443093847	0.32171130122571046	0.6090087495442918	0.24947357119784386	0.22113654198317872	0.4320064047464987	0.7842596773899269	0.48273502937178114	0.8471621531667789	0.7950022066772627	0.11327125663307469	0.9358925775327394	0.7643276483468128	0.5549948211854642	0.08750451504647158	0.6374434173311748	0.4631502460962152	0.5616355300620531	0.9004375125730698	0.7236761846443144	0.3072155793832437	0.6385496536808807	0.30373686995768207	0.4041764416705068	0.242090175988623	0.26084780531475565	0.7666758657379432	0.33448756855736556	0.5957045958306136	0.5506728048825248	0.9211887318583654	0.43031509550150865
281	0.3433110109677301	0.47029261851621473	0.3633230823094413	0.21794865640839592	0.5140042640108003	0.5906708335724075	0.5446727714714193	0.6383541098029974	0.30688401725923314	0.7308022667537649	0.46861244131129054	0.4917917099165596	0.2519570461036697	0.755726232909746	0.5529790553476687	0.7303526579107211	0.24867537402745885	0.5720597765661528	0.7098073443093847	0.32171130122571046	0.6090087495442918	0.24947357119784386	0.22113654198317872	0.4320064047464987	0.7842596773899269	0.4827350293717811	0.8471621531667789	0.7950022066772627	0.11327125663307469	0.9358925775327394	0.7643276483468128	0.5549948211854642	0.08750451504647158	0.6374434173311748	0.4631502460962152	0.5616355300620531	0.9004375125730698	0.7236761846443144	0.3072155793832437	0.6385496536808807	0.30373686995768207	0.4041764416705068	0.242090175988623	0.26084780531475565	0.7666758657379432	0.33448756855736556	0.5957045958306136	0.5506728048825248	0.9211887318583654	0.43031509550150865
282	0.3433110109677301	0.47029261851621473	0.3633230823094413	0.21794865640839592	0.5140042640108003	0.5906708335724075	0.5446727714714193	0.6383541098029974	0.30688401725923314	0.7308022667537649	0.46861244131129054	0.4917917099165596	0.2519570461036697	0.755726232909746	0.5529790553476687	0.7303526579107211	0.24867537402745885	0.5720597765661528	0.7098073443093847	0.32171130122571046	0.6090087495442918	0.24947357119784386	0.22113654198317872	0.4320064047464987	0.7842596773899269	0.4827350293717811	0.8471621531667789	0.7950022066772627	0.11327125663307469	0.9358925775327394	0.7643276483468128	0.5549948211854642	0.08750451504647158	0.6374434173311748	0.4631502460962152	0.5616355300620531	0.9004375125730698	0.7236761846443144	0.3072155793832437	0.6385496536808807	0.30373686995768207	0.4041764416705068	0.242090175988623	0.26084780531475565	0.7666758657379432	0.33448756855736556	0.5957045958306136	0.5506728048825248	0.9211887318583654	0.43031509550150865
283	0.3433110109677301	0.47029261851621473	0.3633230823094413	0.21794865640839592	0.5140042640108003	0.5906708335724075	0.5446727714714193	0.6383541098029974	0.30688401725923314	0.7308022667537649	0.46861244131129054	0.4917917099165596	0.2519570461036697	0.755726232909746	0.5529790553476687	0.7303526579107211	0.24867537402745885	0.5720597765661528	0.7098073443093847	0.32171130122571046	0.6090087495442918	0.24947357119784386	0.22113654198317872	0.4320064047464987	0.7842596773899269	0.4827350293717811	0.8471621531667789	0.7950022066772627	0.11327125663307469	0.9358925775327394	0.7643276483468128	0.5549948211854642	0.08750451504647158	0.6374434173311748	0.4631502460962152	0.5616355300620531	0.9004375125730698	0.7236761846443144	0.3072155793832437	0.6385496536808807	0.30373686995768207	0.4041764416705068	0.242090175988623	0.26084780531475565	0.7666758657379432	0.33448756855736556	0.5957045958306136	0.5506728048825248	0.9211887318583654	0.43031509550150865
284	0.3433110109677301	0.47029261851621473	0.3633230823094414	0.21794865640839592	0.5140042640108003	0.5906708335724075	0.5446727714714193	0.6383541098029974	0.30688401725923314	0.7308022667537649	0.46861244131129054	0.4917917099165596	0.2519570461036697	0.755726232909746	0.5529790553476687	0.7303526579107211	0.24867537402745885	0.5720597765661528	0.7098073443093847	0.32171130122571046	0.6090087495442918	0.24947357119784386	0.22113654198317872	0.4320064047464987	0.7842596773899269	0.4827350293717811	0.8471621531667789	0.7950022066772627	0.11327125663307469	0.9358925775327394	0.7643276483468128	0.5549948211854642	0.08750451504647158	0.6374434173311748	0.4631502460962152	0.5616355300620531	0.90043751257307	0.7236761846443144	0.3072155793832437	0.6385496536808807	0.30373686995768207	0.4041764416705068	0.242090175988623	0.26084780531475565	0.7666758657379432	0.33448756855736556	0.5957045958306136	0.5506728048825248	0.9211887318583654	0.43031509550150865
285	0.3433110109677301	0.47029261851621473	0.3633230823094414	0.21794865640839592	0.5140042640108003	0.5906708335724075	0.5446727714714193	0.6383541098029974	0.30688401725923314	0.7308022667537649	0.46861244131129054	0.4917917099165596	0.2519570461036697	0.755726232909746	0.5529790553476687	0.7303526579107211	0.24867537402745885	0.5720597765661528	0.7098073443093847	0.32171130122571046	0.6090087495442918	0.24947357119784386	0.22113654198317872	0.4320064047464987	0.7842596773899269	0.4827350293717811	0.8471621531667789	0.7950022066772627	0.11327125663307469	0.9358925775327394	0.7643276483468128	0.5549948211854642	0.08750451504647158	0.6374434173311748	0.4631502460962152	0.5616355300620531	0.90043751257307	0.7236761846443144	0.3072155793832437	0.6385496536808807	0.30373686995768207	0.4041764416705068	0.242090175988623	0.26084780531475565	0.7666758657379432	0.33448756855736556	0.5957045958306136	0.5506728048825248	0.9211887318583654	0.43031509550150854
286	0.3433110109677301	0.47029261851621473	0.3633230823094414	0.21794865640839592	0.5140042640108003	0.5906708335724075	0.5446727714714193	0.6383541098029974	0.30688401725923314	0.7308022667537649	0.46861244131129054	0.4917917099165596	0.2519570461036697	0.755726232909746	0.5529790553476687	0.7303526579107211	0.24867537402745885	0.5720597765661528	0.7098073443093847	0.32171130122571046	0.6090087495442918	0.24947357119784386	0.22113654198317872	0.4320064047464987	0.7842596773899269	0.4827350293717811	0.8471621531667789	0.7950022066772627	0.11327125663307469	0.9358925775327394	0.7643276483468128	0.5549948211854642	0.08750451504647158	0.6374434173311748	0.4631502460962152	0.5616355300620531	0.90043751257307	0.7236761846443144	0.3072155793832437	0.6385496536808807	0.30373686995768207	0.4041764416705068	0.242090175988623	0.26084780531475565	0.7666758657379432	0.33448756855736556	0.5957045958306136	0.5506728048825248	0.9211887318583654	0.43031509550150854
287	0.3433110109677301	0.47029261851621473	0.3633230823094414	0.21794865640839592	0.5140042640108003	0.5906708335724075	0.5446727714714193	0.6383541098029974	0.30688401725923314	0.7308022667537649	0.46861244131129054	0.4917917099165596	0.2519570461036697	0.755726232909746	0.5529790553476687	0.7303526579107211	0.24867537402745885	0.5720597765661528	0.7098073443093847	0.32171130122571046	0.6090087495442918	0.24947357119784386	0.22113654198317872	0.4320064047464987	0.7842596773899269	0.4827350293717811	0.8471621531667789	0.7950022066772627	0.11327125663307469	0.9358925775327394	0.7643276483468128	0.5549948211854642	0.08750451504647158	0.6374434173311748	0.4631502460962152	0.5616355300620531	0.90043751257307	0.7236761846443144	0.3072155793832437	0.6385496536808807	0.30373686995768207	0.4041764416705068	0.242090175988623	0.26084780531475565	0.7666758657379432	0.33448756855736556	0.5957045958306136	0.5506728048825248	0.9211887318583654	0.43031509550150854
288	0.3433110109677301	0.47029261851621473	0.3633230823094414	0.21794865640839592	0.5140042640108003	0.5906708335724075	0.5446727714714193	0.6383541098029974	0.30688401725923314	0.7308022667537649	0.46861244131129054	0.4917917099165596	0.2519570461036697	0.755726232909746	0.5529790553476687	0.7303526579107211	0.24867537402745885	0.5720597765661528	0.7098073443093847	0.32171130122571046	0.6090087495442918	0.24947357119784386	0.22113654198317872	0.4320064047464987	0.7842596773899269	0.4827350293717811	0.8471621531667789	0.7950022066772627	0.11327125663307469	0.9358925775327394	0.7643276483468128	0.5549948211854642	0.08750451504647158	0.6374434173311748	0.4631502460962152	0.5616355300620531	0.90043751257307	0.7236761846443144	0.3072155793832437	0.6385496536808807	0.30373686995768207	0.4041764416705068	0.242090175988623	0.26084780531475565	0.7666758657379432	0.33448756855736556	0.5957045958306136	0.5506728048825248	0.9211887318583654	0.43031509550150854
289	0.3433110109677301	0.47029261851621473	0.3633230823094414	0.21794865640839592	0.5140042640108003	0.5906708335724075	0.5446727714714193	0.6383541098029974	0.30688401725923314	0.7308022667537649	0.46861244131129054	0.4917917099165596	0.2519570461036697	0.755726232909746	0.5529790553476687	0.7303526579107211	0.24867537402745885	0.5720597765661528	0.7098073443093847	0.32171130122571046	0.6090087495442918	0.24947357119784377	0.22113654198317872	0.4320064047464987	0.7842596773899269	0.4827350293717811	0.8471621531667789	0.7950022066772627	0.11327125663307469	0.9358925775327394	0.7643276483468128	0.5549948211854642	0.08750451504647158	0.6374434173311748	0.4631502460962152	0.5616355300620531	0.90043751257307	0.7236761846443144	0.3072155793832437	0.6385496536808807	0.30373686995768207	0.4041764416705068	0.242090175988623	0.26084780531475565	0.7666758657379432	0.33448756855736556	0.5957045958306136	0.5506728048825248	0.9211887318583654	0.43031509550150854
290	0.3433110109677301	0.47029261851621473	0.3633230823094414	0.21794865640839592	0.5140042640108003	0.5906708335724075	0.5446727714714193	0.6383541098029974	0.30688401725923314	0.7308022667537649	0.46861244131129054	0.4917917099165596	0.2519570461036697	0.755726232909746	0.5529790553476687	0.7303526579107211	0.24867537402745885	0.5720597765661528	0.7098073443093847	0.32171130122571046	0.6090087495442918	0.24947357119784377	0.22113654198317872	0.4320064047464987	0.7842596773899269	0.4827350293717811	0.8471621531667789	0.7950022066772627	0.11327125663307469	0.9358925775327394	0.7643276483468128	0.5549948211854642	0.08750451504647158	0.6374434173311748	0.4631502460962152	0.5616355300620531	0.90043751257307	0.7236761846443144	0.3072155793832437	0.6385496536808807	0.30373686995768207	0.4041764416705068	0.242090175988623	0.26084780531475565	0.7666758657379432	0.33448756855736556	0.5957045958306136	0.5506728048825248	0.9211887318583654	0.43031509550150854
291	0.3433110109677301	0.47029261851621473	0.3633230823094414	0.21794865640839592	0.5140042640108003	0.5906708335724075	0.5446727714714193	0.6383541098029974	0.30688401725923314	0.7308022667537649	0.46861244131129054	0.4917917099165596	0.2519570461036697	0.755726232909746	0.5529790553476687	0.7303526579107211	0.24867537402745885	0.5720597765661528	0.7098073443093847	0.32171130122571046	0.6090087495442918	0.24947357119784377	0.22113654198317872	0.4320064047464987	0.7842596773899269	0.4827350293717811	0.8471621531667789	0.7950022066772627	0.11327125663307469	0.9358925775327394	0.7643276483468128	0.5549948211854642	0.08750451504647158	0.6374434173311748	0.4631502460962152	0.5616355300620531	0.90043751257307	0.7236761846443144	0.3072155793832437	0.6385496536808807	0.30373686995768207	0.4041764416705068	0.242090175988623	0.26084780531475565	0.7666758657379432	0.3344875685573655	0.5957045958306136	0.5506728048825248	0.9211887318583654	0.43031509550150854
292	0.3433110109677301	0.47029261851621473	0.3633230823094414	0.21794865640839592	0.5140042640108003	0.5906708335724075	0.5446727714714193	0.6383541098029974	0.30688401725923314	0.7308022667537649	0.46861244131129054	0.4917917099165596	0.2519570461036697	0.755726232909746	0.5529790553476687	0.7303526579107211	0.24867537402745885	0.5720597765661528	0.7098073443093847	0.32171130122571046	0.6090087495442918	0.24947357119784377	0.22113654198317872	0.4320064047464987	0.7842596773899269	0.4827350293717811	0.8471621531667789	0.7950022066772627	0.11327125663307469	0.9358925775327394	0.7643276483468128	0.5549948211854642	0.08750451504647158	0.6374434173311748	0.4631502460962152	0.5616355300620531	0.90043751257307	0.7236761846443144	0.3072155793832437	0.6385496536808807	0.30373686995768207	0.4041764416705068	0.242090175988623	0.26084780531475565	0.7666758657379432	0.3344875685573655	0.5957045958306136	0.5506728048825248	0.9211887318583654	0.43031509550150854
293	0.3433110109677301	0.47029261851621473	0.3633230823094414	0.21794865640839592	0.5140042640108003	0.5906708335724075	0.5446727714714193	0.6383541098029974	0.30688401725923314	0.7308022667537649	0.46861244131129054	0.4917917099165596	0.2519570461036697	0.755726232909746	0.5529790553476687	0.7303526579107211	0.24867537402745885	0.5720597765661528	0.7098073443093847	0.32171130122571046	0.6090087495442918	0.24947357119784377	0.22113654198317872	0.4320064047464987	0.7842596773899269	0.4827350293717811	0.8471621531667789	0.7950022066772627	0.11327125663307469	0.9358925775327394	0.7643276483468128	0.5549948211854642	0.08750451504647158	0.6374434173311748	0.4631502460962152	0.5616355300620531	0.90043751257307	0.7236761846443144	0.3072155793832437	0.6385496536808807	0.30373686995768207	0.4041764416705068	0.242090175988623	0.26084780531475565	0.7666758657379432	0.3344875685573655	0.5957045958306136	0.5506728048825248	0.9211887318583654	0.43031509550150854
294	0.3433110109677301	0.47029261851621473	0.3633230823094414	0.21794865640839592	0.5140042640108003	0.5906708335724075	0.5446727714714193	0.6383541098029974	0.30688401725923314	0.7308022667537649	0.46861244131129054	0.4917917099165596	0.2519570461036697	0.755726232909746	0.5529790553476687	0.7303526579107211	0.24867537402745885	0.5720597765661528	0.7098073443093847	0.32171130122571046	0.6090087495442918	0.24947357119784377	0.22113654198317872	0.4320064047464987	0.7842596773899269	0.4827350293717811	0.8471621531667789	0.7950022066772627	0.11327125663307469	0.9358925775327394	0.7643276483468128	0.5549948211854642	0.08750451504647158	0.6374434173311748	0.4631502460962152	0.5616355300620531	0.90043751257307	0.7236761846443144	0.3072155793832437	0.6385496536808807	0.30373686995768207	0.4041764416705068	0.242090175988623	0.26084780531475565	0.7666758657379432	0.33448756855736556	0.5957045958306136	0.5506728048825248	0.9211887318583654	0.43031509550150854
295	0.3433110109677301	0.47029261851621473	0.3633230823094414	0.21794865640839592	0.5140042640108003	0.5906708335724075	0.5446727714714193	0.6383541098029974	0.30688401725923314	0.7308022667537649	0.46861244131129054	0.4917917099165596	0.2519570461036697	0.755726232909746	0.5529790553476687	0.7303526579107211	0.24867537402745885	0.5720597765661528	0.7098073443093847	0.32171130122571046	0.6090087495442918	0.24947357119784377	0.22113654198317872	0.4320064047464987	0.7842596773899269	0.4827350293717811	0.8471621531667789	0.7950022066772627	0.11327125663307469	0.9358925775327394	0.7643276483468128	0.5549948211854642	0.08750451504647158	0.6374434173311748	0.4631502460962152	0.5616355300620531	0.90043751257307	0.7236761846443144	0.3072155793832437	0.6385496536808807	0.30373686995768207	0.4041764416705068	0.242090175988623	0.26084780531475565	0.7666758657379432	0.3344875685573655	0.5957045958306136	0.5506728048825248	0.9211887318583654	0.43031509550150854
296	0.3433110109677301	0.47029261851621473	0.3633230823094414	0.21794865640839592	0.5140042640108003	0.5906708335724075	0.5446727714714193	0.6383541098029974	0.30688401725923314	0.7308022667537649	0.46861244131129054	0.4917917099165596	0.2519570461036697	0.755726232909746	0.5529790553476687	0.7303526579107211	0.24867537402745885	0.5720597765661528	0.7098073443093847	0.32171130122571046	0.6090087495442918	0.24947357119784377	0.22113654198317872	0.4320064047464987	0.7842596773899269	0.4827350293717811	0.8471621531667789	0.7950022066772627	0.11327125663307469	0.9358925775327394	0.7643276483468128	0.5549948211854642	0.08750451504647158	0.6374434173311748	0.4631502460962152	0.5616355300620531	0.90043751257307	0.7236761846443144	0.3072155793832437	0.6385496536808807	0.30373686995768207	0.4041764416705068	0.242090175988623	0.26084780531475565	0.7666758657379432	0.3344875685573655	0.5957045958306136	0.5506728048825248	0.9211887318583654	0.43031509550150854
297	0.3433110109677301	0.47029261851621473	0.3633230823094414	0.21794865640839592	0.5140042640108003	0.5906708335724075	0.5446727714714193	0.6383541098029974	0.30688401725923314	0.7308022667537649	0.46861244131129054	0.4917917099165596	0.2519570461036697	0.755726232909746	0.5529790553476687	0.7303526579107211	0.24867537402745885	0.5720597765661528	0.7098073443093847	0.32171130122571046	0.6090087495442918	0.24947357119784377	0.22113654198317872	0.4320064047464987	0.7842596773899269	0.4827350293717811	0.8471621531667789	0.7950022066772627	0.11327125663307469	0.9358925775327394	0.7643276483468128	0.5549948211854642	0.08750451504647158	0.6374434173311748	0.4631502460962152	0.5616355300620531	0.90043751257307	0.7236761846443144	0.3072155793832437	0.6385496536808807	0.30373686995768207	0.4041764416705068	0.242090175988623	0.26084780531475565	0.7666758657379432	0.3344875685573655	0.5957045958306136	0.5506728048825248	0.9211887318583654	0.43031509550150854
298	0.3433110109677301	0.47029261851621473	0.3633230823094414	0.21794865640839592	0.5140042640108003	0.5906708335724075	0.5446727714714193	0.6383541098029974	0.30688401725923314	0.7308022667537649	0.46861244131129054	0.4917917099165596	0.2519570461036697	0.755726232909746	0.5529790553476687	0.7303526579107211	0.24867537402745885	0.5720597765661528	0.7098073443093847	0.32171130122571046	0.6090087495442918	0.24947357119784377	0.22113654198317872	0.4320064047464987	0.7842596773899269	0.4827350293717811	0.8471621531667789	0.7950022066772627	0.11327125663307469	0.9358925775327394	0.7643276483468128	0.5549948211854642	0.08750451504647158	0.6374434173311748	0.4631502460962152	0.5616355300620531	0.90043751257307	0.7236761846443144	0.3072155793832437	0.6385496536808807	0.30373686995768207	0.4041764416705068	0.242090175988623	0.26084780531475565	0.7666758657379432	0.3344875685573655	0.5957045958306136	0.5506728048825248	0.9211887318583654	0.43031509550150854
299	0.3433110109677301	0.47029261851621473	0.3633230823094414	0.21794865640839592	0.5140042640108003	0.5906708335724075	0.5446727714714193	0.6383541098029974	0.30688401725923314	0.7308022667537649	0.46861244131129054	0.4917917099165596	0.2519570461036697	0.755726232909746	0.5529790553476687	0.7303526579107211	0.24867537402745885	0.5720597765661528	0.7098073443093847	0.32171130122571046	0.6090087495442918	0.24947357119784377	0.22113654198317872	0.4320064047464987	0.7842596773899269	0.4827350293717811	0.8471621531667789	0.7950022066772627	0.11327125663307469	0.9358925775327394	0.7643276483468128	0.5549948211854642	0.08750451504647158	0.6374434173311748	0.4631502460962152	0.5616355300620531	0.90043751257307	0.7236761846443144	0.3072155793832437	0.6385496536808807	0.30373686995768207	0.4041764416705068	0.242090175988623	0.26084780531475565	0.7666758657379432	0.3344875685573655	0.5957045958306136	0.5506728048825248	0.9211887318583654	0.43031509550150854
300	0.3433110109677301	0.47029261851621473	0.3633230823094414	0.21794865640839592	0.5140042640108003	0.5906708335724075	0.5446727714714193	0.6383541098029974	0.30688401725923314	0.7308022667537649	0.46861244131129054	0.4917917099165596	0.2519570461036697	0.755726232909746	0.5529790553476687	0.7303526579107211	0.24867537402745885	0.5720597765661528	0.7098073443093847	0.32171130122571046	0.6090087495442918	0.24947357119784377	0.22113654198317872	0.4320064047464987	0.7842596773899269	0.4827350293717811	0.8471621531667789	0.7950022066772627	0.11327125663307469	0.9358925775327394	0.7643276483468128	0.5549948211854642	0.08750451504647158	0.6374434173311748	0.4631502460962152	0.5616355300620531	0.90043751257307	0.7236761846443144	0.3072155793832437	0.6385496536808807	0.30373686995768207	0.4041764416705068	0.242090175988623	0.26084780531475565	0.7666758657379432	0.3344875685573655	0.5957045958306136	0.5506728048825248	0.9211887318583654	0.43031509550150854
301	0.3433110109677301	0.47029261851621473	0.3633230823094414	0.21794865640839592	0.5140042640108003	0.5906708335724075	0.5446727714714193	0.6383541098029974	0.30688401725923314	0.7308022667537649	0.46861244131129054	0.4917917099165596	0.2519570461036697	0.755726232909746	0.5529790553476687	0.7303526579107211	0.24867537402745885	0.5720597765661528	0.7098073443093847	0.32171130122571046	0.6090087495442918	0.24947357119784377	0.22113654198317872	0.4320064047464987	0.7842596773899269	0.4827350293717811	0.8471621531667789	0.7950022066772627	0.11327125663307469	0.9358925775327394	0.7643276483468128	0.5549948211854642	0.08750451504647158	0.6374434173311748	0.4631502460962152	0.5616355300620531	0.90043751257307	0.7236761846443144	0.3072155793832437	0.6385496536808807	0.30373686995768207	0.4041764416705068	0.242090175988623	0.26084780531475565	0.7666758657379432	0.3344875685573655	0.5957045958306136	0.5506728048825248	0.9211887318583654	0.43031509550150854
302	0.3433110109677301	0.47029261851621473	0.3633230823094414	0.21794865640839592	0.5140042640108003	0.5906708335724075	0.5446727714714193	0.6383541098029974	0.30688401725923314	0.7308022667537649	0.46861244131129054	0.4917917099165596	0.2519570461036697	0.755726232909746	0.5529790553476687	0.7303526579107211	0.24867537402745885	0.5720597765661528	0.7098073443093847	0.32171130122571046	0.6090087495442918	0.24947357119784377	0.22113654198317872	0.4320064047464987	0.7842596773899269	0.4827350293717811	0.8471621531667789	0.7950022066772627	0.11327125663307469	0.9358925775327394	0.7643276483468128	0.5549948211854642	0.08750451504647158	0.6374434173311748	0.4631502460962152	0.5616355300620531	0.90043751257307	0.7236761846443144	0.3072155793832437	0.6385496536808807	0.30373686995768207	0.4041764416705068	0.242090175988623	0.26084780531475565	0.7666758657379432	0.3344875685573655	0.5957045958306136	0.5506728048825248	0.9211887318583654	0.43031509550150854
303	0.3433110109677301	0.47029261851621473	0.3633230823094414	0.21794865640839592	0.5140042640108003	0.5906708335724075	0.5446727714714193	0.6383541098029974	0.30688401725923314	0.7308022667537649	0.46861244131129054	0.4917917099165596	0.2519570461036697	0.755726232909746	0.5529790553476687	0.7303526579107211	0.24867537402745885	0.5720597765661528	0.7098073443093847	0.32171130122571046	0.6090087495442918	0.24947357119784377	0.22113654198317872	0.4320064047464987	0.7842596773899269	0.4827350293717811	0.8471621531667789	0.7950022066772627	0.11327125663307469	0.9358925775327394	0.7643276483468128	0.5549948211854642	0.08750451504647158	0.6374434173311748	0.4631502460962152	0.5616355300620531	0.90043751257307	0.7236761846443144	0.3072155793832437	0.6385496536808807	0.30373686995768207	0.4041764416705068	0.242090175988623	0.26084780531475565	0.7666758657379432	0.3344875685573655	0.5957045958306136	0.5506728048825248	0.9211887318583654	0.43031509550150854
304	0.3433110109677301	0.47029261851621473	0.3633230823094414	0.21794865640839592	0.5140042640108003	0.5906708335724075	0.5446727714714193	0.6383541098029974	0.30688401725923314	0.7308022667537649	0.46861244131129054	0.4917917099165596	0.2519570461036697	0.755726232909746	0.5529790553476687	0.7303526579107211	0.24867537402745885	0.5720597765661528	0.7098073443093847	0.32171130122571046	0.6090087495442918	0.24947357119784377	0.22113654198317872	0.4320064047464987	0.7842596773899269	0.4827350293717811	0.8471621531667789	0.7950022066772627	0.11327125663307469	0.9358925775327394	0.7643276483468128	0.5549948211854642	0.08750451504647158	0.6374434173311748	0.4631502460962152	0.5616355300620531	0.90043751257307	0.7236761846443144	0.3072155793832437	0.6385496536808807	0.30373686995768207	0.4041764416705068	0.242090175988623	0.26084780531475565	0.7666758657379432	0.3344875685573655	0.5957045958306136	0.5506728048825248	0.9211887318583654	0.43031509550150854
305	0.3433110109677301	0.47029261851621473	0.3633230823094414	0.21794865640839592	0.5140042640108003	0.5906708335724075	0.5446727714714193	0.6383541098029974	0.30688401725923314	0.7308022667537649	0.46861244131129054	0.4917917099165596	0.2519570461036697	0.755726232909746	0.5529790553476687	0.7303526579107211	0.24867537402745885	0.5720597765661528	0.7098073443093847	0.3217113012257105	0.6090087495442918	0.24947357119784377	0.22113654198317872	0.4320064047464987	0.7842596773899269	0.4827350293717811	0.8471621531667789	0.7950022066772627	0.11327125663307469	0.9358925775327394	0.7643276483468128	0.5549948211854642	0.08750451504647158	0.6374434173311748	0.4631502460962152	0.5616355300620531	0.90043751257307	0.7236761846443144	0.3072155793832437	0.6385496536808807	0.30373686995768207	0.4041764416705068	0.242090175988623	0.26084780531475565	0.7666758657379432	0.3344875685573655	0.5957045958306136	0.5506728048825248	0.9211887318583654	0.43031509550150854
306	0.3433110109677301	0.47029261851621473	0.3633230823094414	0.21794865640839592	0.5140042640108003	0.5906708335724075	0.5446727714714193	0.6383541098029974	0.30688401725923314	0.7308022667537649	0.46861244131129054	0.4917917099165596	0.2519570461036697	0.755726232909746	0.5529790553476687	0.7303526579107211	0.24867537402745885	0.5720597765661528	0.7098073443093847	0.3217113012257105	0.6090087495442918	0.24947357119784377	0.22113654198317872	0.4320064047464987	0.7842596773899269	0.4827350293717811	0.8471621531667789	0.7950022066772627	0.11327125663307469	0.9358925775327394	0.7643276483468128	0.5549948211854642	0.08750451504647158	0.6374434173311748	0.4631502460962152	0.5616355300620531	0.90043751257307	0.7236761846443144	0.3072155793832437	0.6385496536808807	0.30373686995768207	0.4041764416705068	0.242090175988623	0.26084780531475565	0.7666758657379432	0.3344875685573655	0.5957045958306136	0.5506728048825248	0.9211887318583654	0.43031509550150854
307	0.3433110109677301	0.47029261851621473	0.3633230823094414	0.21794865640839592	0.5140042640108003	0.5906708335724075	0.5446727714714193	0.6383541098029974	0.30688401725923314	0.7308022667537649	0.46861244131129054	0.4917917099165596	0.2519570461036697	0.755726232909746	0.5529790553476687	0.7303526579107211	0.24867537402745885	0.5720597765661528	0.7098073443093847	0.3217113012257105	0.6090087495442918	0.24947357119784377	0.22113654198317872	0.4320064047464987	0.7842596773899269	0.4827350293717811	0.8471621531667789	0.7950022066772627	0.11327125663307469	0.9358925775327394	0.7643276483468128	0.5549948211854642	0.08750451504647158	0.6374434173311748	0.4631502460962152	0.5616355300620531	0.90043751257307	0.7236761846443144	0.3072155793832437	0.6385496536808807	0.30373686995768207	0.4041764416705068	0.242090175988623	0.26084780531475565	0.7666758657379432	0.3344875685573655	0.5957045958306136	0.5506728048825248	0.9211887318583654	0.43031509550150854
308	0.3433110109677301	0.47029261851621473	0.3633230823094414	0.21794865640839592	0.5140042640108003	0.5906708335724075	0.5446727714714193	0.6383541098029974	0.30688401725923314	0.7308022667537649	0.46861244131129054	0.4917917099165596	0.2519570461036697	0.755726232909746	0.5529790553476687	0.7303526579107211	0.24867537402745885	0.5720597765661528	0.7098073443093847	0.3217113012257105	0.6090087495442918	0.24947357119784377	0.22113654198317872	0.4320064047464987	0.7842596773899269	0.4827350293717811	0.8471621531667789	0.7950022066772627	0.11327125663307469	0.9358925775327394	0.7643276483468128	0.5549948211854642	0.08750451504647158	0.6374434173311748	0.4631502460962152	0.5616355300620531	0.90043751257307	0.7236761846443144	0.3072155793832437	0.6385496536808807	0.30373686995768207	0.4041764416705068	0.242090175988623	0.26084780531475565	0.7666758657379432	0.3344875685573655	0.5957045958306136	0.5506728048825248	0.9211887318583654	0.43031509550150854
309	0.3433110109677301	0.47029261851621473	0.3633230823094414	0.21794865640839592	0.5140042640108003	0.5906708335724075	0.5446727714714193	0.6383541098029974	0.30688401725923314	0.7308022667537649	0.46861244131129054	0.4917917099165596	0.2519570461036697	0.755726232909746	0.5529790553476687	0.7303526579107211	0.24867537402745885	0.5720597765661528	0.7098073443093847	0.3217113012257105	0.6090087495442918	0.24947357119784377	0.22113654198317872	0.4320064047464987	0.7842596773899269	0.4827350293717811	0.8471621531667789	0.7950022066772627	0.11327125663307469	0.9358925775327394	0.7643276483468128	0.5549948211854642	0.08750451504647158	0.6374434173311748	0.4631502460962152	0.5616355300620531	0.90043751257307	0.7236761846443144	0.3072155793832437	0.6385496536808807	0.30373686995768207	0.4041764416705068	0.242090175988623	0.26084780531475565	0.7666758657379432	0.3344875685573655	0.5957045958306136	0.5506728048825248	0.9211887318583654	0.43031509550150854
310	0.3433110109677301	0.47029261851621473	0.3633230823094414	0.21794865640839592	0.5140042640108003	0.5906708335724075	0.5446727714714193	0.6383541098029974	0.30688401725923314	0.7308022667537649	0.46861244131129054	0.4917917099165596	0.2519570461036697	0.755726232909746	0.5529790553476687	0.7303526579107211	0.24867537402745885	0.5720597765661528	0.7098073443093847	0.3217113012257105	0.6090087495442918	0.24947357119784377	0.22113654198317872	0.4320064047464987	0.7842596773899269	0.4827350293717811	0.8471621531667789	0.7950022066772627	0.11327125663307469	0.9358925775327394	0.7643276483468128	0.5549948211854642	0.08750451504647158	0.6374434173311748	0.4631502460962152	0.5616355300620531	0.90043751257307	0.7236761846443144	0.3072155793832437	0.6385496536808807	0.30373686995768207	0.4041764416705068	0.242090175988623	0.26084780531475565	0.7666758657379432	0.3344875685573655	0.5957045958306136	0.5506728048825248	0.9211887318583654	0.43031509550150854
311	0.3433110109677301	0.47029261851621473	0.3633230823094414	0.21794865640839592	0.5140042640108003	0.5906708335724075	0.5446727714714193	0.6383541098029974	0.30688401725923314	0.7308022667537649	0.46861244131129054	0.4917917099165596	0.2519570461036697	0.755726232909746	0.5529790553476687	0.7303526579107211	0.24867537402745885	0.5720597765661528	0.7098073443093847	0.3217113012257105	0.6090087495442918	0.24947357119784377	0.22113654198317872	0.4320064047464987	0.7842596773899269	0.4827350293717811	0.8471621531667789	0.7950022066772627	0.11327125663307469	0.9358925775327394	0.7643276483468128	0.5549948211854642	0.08750451504647158	0.6374434173311748	0.4631502460962152	0.5616355300620531	0.90043751257307	0.7236761846443144	0.3072155793832437	0.6385496536808807	0.30373686995768207	0.4041764416705068	0.242090175988623	0.26084780531475565	0.7666758657379432	0.3344875685573655	0.5957045958306136	0.5506728048825248	0.9211887318583654	0.43031509550150854
312	0.3433110109677301	0.47029261851621473	0.3633230823094414	0.21794865640839592	0.5140042640108003	0.5906708335724075	0.5446727714714193	0.6383541098029974	0.30688401725923314	0.7308022667537649	0.46861244131129054	0.4917917099165596	0.2519570461036697	0.755726232909746	0.5529790553476687	0.7303526579107211	0.24867537402745885	0.5720597765661528	0.7098073443093847	0.3217113012257105	0.6090087495442918	0.24947357119784377	0.22113654198317872	0.4320064047464987	0.7842596773899269	0.4827350293717811	0.8471621531667789	0.7950022066772627	0.11327125663307469	0.9358925775327394	0.7643276483468128	0.5549948211854642	0.08750451504647158	0.6374434173311748	0.4631502460962152	0.5616355300620531	0.90043751257307	0.7236761846443144	0.3072155793832437	0.6385496536808807	0.30373686995768207	0.4041764416705068	0.242090175988623	0.26084780531475565	0.7666758657379432	0.3344875685573655	0.5957045958306136	0.5506728048825248	0.9211887318583654	0.43031509550150854
313	0.3433110109677301	0.47029261851621473	0.3633230823094414	0.21794865640839592	0.5140042640108003	0.5906708335724075	0.5446727714714193	0.6383541098029974	0.30688401725923314	0.7308022667537649	0.46861244131129054	0.4917917099165596	0.2519570461036697	0.755726232909746	0.5529790553476687	0.7303526579107211	0.24867537402745885	0.5720597765661528	0.7098073443093847	0.3217113012257105	0.6090087495442918	0.24947357119784377	0.22113654198317872	0.4320064047464987	0.7842596773899269	0.4827350293717811	0.8471621531667789	0.7950022066772627	0.11327125663307469	0.9358925775327394	0.7643276483468128	0.5549948211854642	0.08750451504647158	0.6374434173311748	0.4631502460962152	0.5616355300620531	0.90043751257307	0.7236761846443144	0.3072155793832437	0.6385496536808807	0.30373686995768207	0.4041764416705068	0.242090175988623	0.26084780531475565	0.7666758657379432	0.3344875685573655	0.5957045958306136	0.5506728048825248	0.9211887318583654	0.43031509550150854
314	0.3433110109677301	0.47029261851621473	0.3633230823094414	0.21794865640839592	0.5140042640108003	0.5906708335724075	0.5446727714714193	0.6383541098029974	0.30688401725923314	0.7308022667537649	0.46861244131129054	0.4917917099165596	0.2519570461036697	0.755726232909746	0.5529790553476687	0.7303526579107211	0.24867537402745885	0.5720597765661528	0.7098073443093847	0.3217113012257105	0.6090087495442918	0.24947357119784377	0.22113654198317872	0.4320064047464987	0.7842596773899269	0.4827350293717811	0.8471621531667789	0.7950022066772627	0.11327125663307469	0.9358925775327394	0.7643276483468128	0.5549948211854642	0.08750451504647158	0.6374434173311748	0.4631502460962152	0.5616355300620531	0.90043751257307	0.7236761846443144	0.3072155793832437	0.6385496536808807	0.30373686995768207	0.4041764416705068	0.242090175988623	0.26084780531475565	0.7666758657379432	0.3344875685573655	0.5957045958306136	0.5506728048825248	0.9211887318583654	0.43031509550150854
315	0.3433110109677301	0.47029261851621473	0.3633230823094414	0.21794865640839592	0.5140042640108003	0.5906708335724075	0.5446727714714193	0.6383541098029974	0.30688401725923314	0.7308022667537649	0.46861244131129054	0.4917917099165596	0.2519570461036697	0.755726232909746	0.5529790553476687	0.7303526579107211	0.24867537402745885	0.5720597765661528	0.7098073443093847	0.3217113012257105	0.6090087495442918	0.24947357119784377	0.22113654198317872	0.4320064047464987	0.7842596773899269	0.4827350293717811	0.8471621531667789	0.7950022066772627	0.11327125663307469	0.9358925775327394	0.7643276483468128	0.5549948211854642	0.08750451504647158	0.6374434173311748	0.4631502460962152	0.5616355300620531	0.90043751257307	0.7236761846443144	0.3072155793832437	0.6385496536808807	0.30373686995768207	0.4041764416705068	0.242090175988623	0.26084780531475565	0.7666758657379432	0.3344875685573655	0.5957045958306136	0.5506728048825248	0.9211887318583654	0.43031509550150854
316	0.3433110109677301	0.47029261851621473	0.3633230823094414	0.21794865640839592	0.5140042640108003	0.5906708335724075	0.5446727714714193	0.6383541098029974	0.30688401725923314	0.7308022667537649	0.46861244131129054	0.4917917099165596	0.2519570461036697	0.755726232909746	0.5529790553476687	0.7303526579107211	0.24867537402745885	0.5720597765661528	0.7098073443093847	0.3217113012257105	0.6090087495442918	0.24947357119784377	0.22113654198317872	0.4320064047464987	0.7842596773899269	0.4827350293717811	0.8471621531667789	0.7950022066772627	0.11327125663307469	0.9358925775327394	0.7643276483468128	0.5549948211854642	0.08750451504647158	0.6374434173311748	0.4631502460962152	0.5616355300620531	0.90043751257307	0.7236761846443144	0.3072155793832437	0.6385496536808807	0.30373686995768207	0.4041764416705068	0.242090175988623	0.26084780531475565	0.7666758657379432	0.3344875685573655	0.5957045958306136	0.5506728048825248	0.9211887318583654	0.43031509550150854
317	0.3433110109677301	0.47029261851621473	0.3633230823094414	0.21794865640839592	0.5140042640108003	0.5906708335724075	0.5446727714714193	0.6383541098029974	0.30688401725923314	0.7308022667537649	0.46861244131129054	0.4917917099165596	0.2519570461036697	0.755726232909746	0.5529790553476687	0.7303526579107211	0.24867537402745885	0.5720597765661528	0.7098073443093847	0.3217113012257105	0.6090087495442918	0.24947357119784377	0.22113654198317872	0.4320064047464987	0.7842596773899269	0.4827350293717811	0.8471621531667789	0.7950022066772627	0.11327125663307469	0.9358925775327394	0.7643276483468128	0.5549948211854642	0.08750451504647158	0.6374434173311748	0.4631502460962152	0.5616355300620531	0.90043751257307	0.7236761846443144	0.3072155793832437	0.6385496536808807	0.30373686995768207	0.4041764416705068	0.242090175988623	0.26084780531475565	0.7666758657379432	0.3344875685573655	0.5957045958306136	0.5506728048825248	0.9211887318583654	0.43031509550150854
318	0.3433110109677301	0.47029261851621473	0.3633230823094414	0.21794865640839592	0.5140042640108003	0.5906708335724075	0.5446727714714193	0.6383541098029974	0.30688401725923314	0.7308022667537649	0.46861244131129054	0.4917917099165596	0.2519570461036697	0.755726232909746	0.5529790553476687	0.7303526579107211	0.24867537402745885	0.5720597765661528	0.7098073443093847	0.3217113012257105	0.6090087495442918	0.24947357119784377	0.22113654198317872	0.4320064047464987	0.7842596773899269	0.4827350293717811	0.8471621531667789	0.7950022066772627	0.11327125663307469	0.9358925775327394	0.7643276483468128	0.5549948211854642	0.08750451504647158	0.6374434173311748	0.4631502460962152	0.5616355300620531	0.90043751257307	0.7236761846443144	0.3072155793832437	0.6385496536808807	0.30373686995768207	0.4041764416705068	0.242090175988623	0.26084780531475565	0.7666758657379432	0.3344875685573655	0.5957045958306136	0.5506728048825248	0.9211887318583654	0.43031509550150854
319	0.3433110109677301	0.47029261851621473	0.3633230823094414	0.21794865640839592	0.5140042640108003	0.5906708335724075	0.5446727714714193	0.6383541098029974	0.30688401725923314	0.7308022667537649	0.46861244131129054	0.4917917099165596	0.2519570461036697	0.755726232909746	0.5529790553476687	0.7303526579107211	0.24867537402745885	0.5720597765661528	0.7098073443093847	0.3217113012257105	0.6090087495442918	0.24947357119784377	0.22113654198317872	0.4320064047464987	0.7842596773899269	0.4827350293717811	0.8471621531667789	0.7950022066772627	0.11327125663307469	0.9358925775327394	0.7643276483468128	0.5549948211854642	0.08750451504647158	0.6374434173311748	0.4631502460962152	0.5616355300620531	0.90043751257307	0.7236761846443144	0.3072155793832437	0.6385496536808807	0.30373686995768207	0.4041764416705068	0.242090175988623	0.26084780531475565	0.7666758657379432	0.3344875685573655	0.5957045958306136	0.5506728048825248	0.9211887318583654	0.43031509550150854
320	0.3433110109677301	0.47029261851621473	0.3633230823094414	0.21794865640839592	0.5140042640108003	0.5906708335724075	0.5446727714714193	0.6383541098029974	0.30688401725923314	0.7308022667537649	0.46861244131129054	0.4917917099165596	0.2519570461036697	0.755726232909746	0.5529790553476687	0.7303526579107211	0.24867537402745885	0.5720597765661528	0.7098073443093847	0.3217113012257105	0.6090087495442918	0.24947357119784377	0.22113654198317872	0.4320064047464987	0.7842596773899269	0.4827350293717811	0.8471621531667789	0.7950022066772627	0.11327125663307469	0.9358925775327394	0.7643276483468128	0.5549948211854642	0.08750451504647158	0.6374434173311748	0.4631502460962152	0.5616355300620531	0.90043751257307	0.7236761846443144	0.3072155793832437	0.6385496536808807	0.30373686995768207	0.4041764416705068	0.242090175988623	0.26084780531475565	0.7666758657379432	0.3344875685573655	0.5957045958306136	0.5506728048825248	0.9211887318583654	0.43031509550150854
321	0.3433110109677301	0.47029261851621473	0.3633230823094414	0.21794865640839592	0.5140042640108003	0.5906708335724075	0.5446727714714193	0.6383541098029974	0.30688401725923314	0.7308022667537649	0.46861244131129054	0.4917917099165596	0.2519570461036697	0.755726232909746	0.5529790553476687	0.7303526579107211	0.24867537402745885	0.5720597765661528	0.7098073443093847	0.3217113012257105	0.6090087495442918	0.24947357119784377	0.22113654198317872	0.4320064047464987	0.7842596773899269	0.4827350293717811	0.8471621531667789	0.7950022066772627	0.11327125663307469	0.9358925775327394	0.7643276483468128	0.5549948211854642	0.08750451504647158	0.6374434173311748	0.4631502460962152	0.5616355300620531	0.90043751257307	0.7236761846443144	0.3072155793832437	0.6385496536808807	0.30373686995768207	0.4041764416705068	0.242090175988623	0.26084780531475565	0.7666758657379432	0.3344875685573655	0.5957045958306136	0.5506728048825248	0.9211887318583654	0.43031509550150854
322	0.3433110109677301	0.47029261851621473	0.3633230823094414	0.21794865640839592	0.5140042640108003	0.5906708335724075	0.5446727714714193	0.6383541098029974	0.30688401725923314	0.7308022667537649	0.46861244131129054	0.4917917099165596	0.2519570461036697	0.755726232909746	0.5529790553476687	0.7303526579107211	0.24867537402745885	0.5720597765661528	0.7098073443093847	0.3217113012257105	0.6090087495442918	0.24947357119784377	0.22113654198317872	0.4320064047464987	0.7842596773899269	0.4827350293717811	0.8471621531667789	0.7950022066772627	0.11327125663307469	0.9358925775327394	0.7643276483468128	0.5549948211854642	0.08750451504647158	0.6374434173311748	0.4631502460962152	0.5616355300620531	0.90043751257307	0.7236761846443144	0.3072155793832437	0.6385496536808807	0.30373686995768207	0.4041764416705068	0.242090175988623	0.26084780531475565	0.7666758657379432	0.3344875685573655	0.5957045958306136	0.5506728048825248	0.9211887318583654	0.43031509550150854
323	0.3433110109677301	0.47029261851621473	0.3633230823094414	0.21794865640839592	0.5140042640108003	0.5906708335724075	0.5446727714714193	0.6383541098029974	0.30688401725923314	0.7308022667537649	0.46861244131129054	0.4917917099165596	0.2519570461036697	0.755726232909746	0.5529790553476687	0.7303526579107211	0.24867537402745885	0.5720597765661528	0.7098073443093847	0.3217113012257105	0.6090087495442918	0.24947357119784377	0.22113654198317872	0.4320064047464987	0.7842596773899269	0.4827350293717811	0.8471621531667789	0.7950022066772627	0.11327125663307469	0.9358925775327394	0.7643276483468128	0.5549948211854642	0.08750451504647158	0.6374434173311748	0.4631502460962152	0.5616355300620531	0.90043751257307	0.7236761846443144	0.3072155793832437	0.6385496536808807	0.30373686995768207	0.4041764416705068	0.242090175988623	0.26084780531475565	0.7666758657379432	0.3344875685573655	0.5957045958306136	0.5506728048825248	0.9211887318583654	0.43031509550150854
324	0.3433110109677301	0.47029261851621473	0.3633230823094414	0.21794865640839592	0.5140042640108003	0.5906708335724075	0.5446727714714193	0.6383541098029974	0.30688401725923314	0.7308022667537649	0.46861244131129054	0.4917917099165596	0.2519570461036697	0.755726232909746	0.5529790553476687	0.7303526579107211	0.24867537402745885	0.5720597765661528	0.7098073443093847	0.3217113012257105	0.6090087495442918	0.24947357119784377	0.22113654198317872	0.4320064047464987	0.7842596773899269	0.4827350293717811	0.8471621531667789	0.7950022066772627	0.11327125663307469	0.9358925775327394	0.7643276483468128	0.5549948211854642	0.08750451504647158	0.6374434173311748	0.4631502460962152	0.5616355300620531	0.90043751257307	0.7236761846443144	0.3072155793832437	0.6385496536808807	0.30373686995768207	0.4041764416705068	0.242090175988623	0.26084780531475565	0.7666758657379432	0.3344875685573655	0.5957045958306136	0.5506728048825248	0.9211887318583654	0.43031509550150854
325	0.3433110109677301	0.47029261851621473	0.3633230823094414	0.21794865640839592	0.5140042640108003	0.5906708335724075	0.5446727714714193	0.6383541098029974	0.30688401725923314	0.7308022667537649	0.46861244131129054	0.4917917099165596	0.2519570461036697	0.755726232909746	0.5529790553476687	0.7303526579107211	0.24867537402745885	0.5720597765661528	0.7098073443093847	0.3217113012257105	0.6090087495442918	0.24947357119784377	0.22113654198317872	0.4320064047464987	0.7842596773899269	0.4827350293717811	0.8471621531667789	0.7950022066772627	0.11327125663307469	0.9358925775327394	0.7643276483468128	0.5549948211854642	0.08750451504647158	0.6374434173311748	0.4631502460962152	0.5616355300620531	0.90043751257307	0.7236761846443144	0.3072155793832437	0.6385496536808807	0.30373686995768207	0.4041764416705068	0.242090175988623	0.26084780531475565	0.7666758657379432	0.3344875685573655	0.5957045958306136	0.5506728048825248	0.9211887318583654	0.43031509550150854
326	0.3433110109677301	0.47029261851621473	0.3633230823094414	0.21794865640839592	0.5140042640108003	0.5906708335724075	0.5446727714714193	0.6383541098029974	0.30688401725923314	0.7308022667537649	0.46861244131129054	0.4917917099165596	0.2519570461036697	0.755726232909746	0.5529790553476687	0.7303526579107211	0.24867537402745885	0.5720597765661528	0.7098073443093847	0.3217113012257105	0.6090087495442918	0.24947357119784377	0.22113654198317872	0.4320064047464987	0.7842596773899269	0.4827350293717811	0.8471621531667789	0.7950022066772627	0.11327125663307469	0.9358925775327394	0.7643276483468128	0.5549948211854642	0.08750451504647158	0.6374434173311748	0.4631502460962152	0.5616355300620531	0.90043751257307	0.7236761846443144	0.3072155793832437	0.6385496536808807	0.30373686995768207	0.4041764416705068	0.242090175988623	0.26084780531475565	0.7666758657379432	0.3344875685573655	0.5957045958306136	0.5506728048825248	0.9211887318583654	0.43031509550150854
327	0.3433110109677301	0.47029261851621473	0.3633230823094414	0.21794865640839592	0.5140042640108003	0.5906708335724075	0.5446727714714193	0.6383541098029974	0.30688401725923314	0.7308022667537649	0.46861244131129054	0.4917917099165596	0.2519570461036697	0.755726232909746	0.5529790553476687	0.7303526579107211	0.24867537402745885	0.5720597765661528	0.7098073443093847	0.3217113012257105	0.6090087495442918	0.24947357119784377	0.22113654198317872	0.4320064047464987	0.7842596773899269	0.4827350293717811	0.8471621531667789	0.7950022066772627	0.11327125663307469	0.9358925775327394	0.7643276483468128	0.5549948211854642	0.08750451504647158	0.6374434173311748	0.4631502460962152	0.5616355300620531	0.90043751257307	0.7236761846443144	0.3072155793832437	0.6385496536808807	0.30373686995768207	0.4041764416705068	0.242090175988623	0.26084780531475565	0.7666758657379432	0.3344875685573655	0.5957045958306136	0.5506728048825248	0.9211887318583654	0.43031509550150854
328	0.3433110109677301	0.47029261851621473	0.3633230823094414	0.21794865640839592	0.5140042640108003	0.5906708335724075	0.5446727714714193	0.6383541098029974	0.30688401725923314	0.7308022667537649	0.46861244131129054	0.4917917099165596	0.2519570461036697	0.755726232909746	0.5529790553476687	0.7303526579107211	0.24867537402745885	0.5720597765661528	0.7098073443093847	0.3217113012257105	0.6090087495442918	0.24947357119784377	0.22113654198317872	0.4320064047464987	0.7842596773899269	0.4827350293717811	0.8471621531667789	0.7950022066772627	0.11327125663307469	0.9358925775327394	0.7643276483468128	0.5549948211854642	0.08750451504647158	0.6374434173311748	0.4631502460962152	0.5616355300620531	0.90043751257307	0.7236761846443144	0.3072155793832437	0.6385496536808807	0.30373686995768207	0.4041764416705068	0.242090175988623	0.26084780531475565	0.7666758657379432	0.3344875685573655	0.5957045958306136	0.5506728048825248	0.9211887318583654	0.43031509550150854
329	0.3433110109677301	0.47029261851621473	0.3633230823094414	0.21794865640839592	0.5140042640108003	0.5906708335724075	0.5446727714714193	0.6383541098029974	0.30688401725923314	0.7308022667537649	0.46861244131129054	0.4917917099165596	0.2519570461036697	0.755726232909746	0.5529790553476687	0.7303526579107211	0.24867537402745885	0.5720597765661528	0.7098073443093847	0.3217113012257105	0.6090087495442918	0.24947357119784377	0.22113654198317872	0.4320064047464987	0.7842596773899269	0.4827350293717811	0.8471621531667789	0.7950022066772627	0.11327125663307469	0.9358925775327394	0.7643276483468128	0.5549948211854642	0.08750451504647158	0.6374434173311748	0.4631502460962152	0.5616355300620531	0.90043751257307	0.7236761846443144	0.3072155793832437	0.6385496536808807	0.30373686995768207	0.4041764416705068	0.242090175988623	0.26084780531475565	0.7666758657379432	0.3344875685573655	0.5957045958306136	0.5506728048825248	0.9211887318583654	0.43031509550150854
330	0.3433110109677301	0.47029261851621473	0.3633230823094414	0.21794865640839592	0.5140042640108003	0.5906708335724075	0.5446727714714193	0.6383541098029974	0.30688401725923314	0.7308022667537649	0.46861244131129054	0.4917917099165596	0.2519570461036697	0.755726232909746	0.5529790553476687	0.7303526579107211	0.24867537402745885	0.5720597765661528	0.7098073443093847	0.3217113012257105	0.6090087495442918	0.24947357119784377	0.22113654198317872	0.4320064047464987	0.7842596773899269	0.4827350293717811	0.8471621531667789	0.7950022066772627	0.11327125663307469	0.9358925775327394	0.7643276483468128	0.5549948211854642	0.08750451504647158	0.6374434173311748	0.4631502460962152	0.5616355300620531	0.90043751257307	0.7236761846443144	0.3072155793832437	0.6385496536808807	0.30373686995768207	0.4041764416705068	0.242090175988623	0.26084780531475565	0.7666758657379432	0.3344875685573655	0.5957045958306136	0.5506728048825248	0.9211887318583654	0.43031509550150854
331	0.3433110109677301	0.47029261851621473	0.3633230823094414	0.21794865640839592	0.5140042640108003	0.5906708335724075	0.5446727714714193	0.6383541098029974	0.30688401725923314	0.7308022667537649	0.46861244131129054	0.4917917099165596	0.2519570461036697	0.755726232909746	0.5529790553476687	0.7303526579107211	0.24867537402745885	0.5720597765661528	0.7098073443093847	0.3217113012257105	0.6090087495442918	0.24947357119784377	0.22113654198317872	0.4320064047464987	0.7842596773899269	0.4827350293717811	0.8471621531667789	0.7950022066772627	0.11327125663307469	0.9358925775327394	0.7643276483468128	0.5549948211854642	0.08750451504647158	0.6374434173311748	0.4631502460962152	0.5616355300620531	0.90043751257307	0.7236761846443144	0.3072155793832437	0.6385496536808807	0.30373686995768207	0.4041764416705068	0.242090175988623	0.26084780531475565	0.7666758657379432	0.3344875685573655	0.5957045958306136	0.5506728048825248	0.9211887318583654	0.43031509550150854
332	0.3433110109677301	0.47029261851621473	0.3633230823094414	0.21794865640839592	0.5140042640108003	0.5906708335724075	0.5446727714714193	0.6383541098029974	0.30688401725923314	0.7308022667537649	0.46861244131129054	0.4917917099165596	0.2519570461036697	0.755726232909746	0.5529790553476687	0.7303526579107211	0.24867537402745885	0.5720597765661528	0.7098073443093847	0.3217113012257105	0.6090087495442918	0.24947357119784377	0.22113654198317872	0.4320064047464987	0.7842596773899269	0.4827350293717811	0.8471621531667789	0.7950022066772627	0.11327125663307469	0.9358925775327394	0.7643276483468128	0.5549948211854642	0.08750451504647158	0.6374434173311748	0.4631502460962152	0.5616355300620531	0.90043751257307	0.7236761846443144	0.3072155793832437	0.6385496536808807	0.30373686995768207	0.4041764416705068	0.242090175988623	0.26084780531475565	0.7666758657379432	0.3344875685573655	0.5957045958306136	0.5506728048825248	0.9211887318583654	0.43031509550150854
333	0.3433110109677301	0.47029261851621473	0.3633230823094414	0.21794865640839592	0.5140042640108003	0.5906708335724075	0.5446727714714193	0.6383541098029974	0.30688401725923314	0.7308022667537649	0.46861244131129054	0.4917917099165596	0.2519570461036697	0.755726232909746	0.5529790553476687	0.7303526579107211	0.24867537402745885	0.5720597765661528	0.7098073443093847	0.3217113012257105	0.6090087495442918	0.24947357119784377	0.22113654198317872	0.4320064047464987	0.7842596773899269	0.4827350293717811	0.8471621531667789	0.7950022066772627	0.11327125663307469	0.9358925775327394	0.7643276483468128	0.5549948211854642	0.08750451504647158	0.6374434173311748	0.4631502460962152	0.5616355300620531	0.90043751257307	0.7236761846443144	0.3072155793832437	0.6385496536808807	0.30373686995768207	0.4041764416705068	0.242090175988623	0.26084780531475565	0.7666758657379432	0.3344875685573655	0.5957045958306136	0.5506728048825248	0.9211887318583654	0.43031509550150854
334	0.3433110109677301	0.47029261851621473	0.3633230823094414	0.21794865640839592	0.5140042640108003	0.5906708335724075	0.5446727714714193	0.6383541098029974	0.30688401725923314	0.7308022667537649	0.46861244131129054	0.4917917099165596	0.2519570461036697	0.755726232909746	0.5529790553476687	0.7303526579107211	0.24867537402745885	0.5720597765661528	0.7098073443093847	0.3217113012257105	0.6090087495442918	0.24947357119784377	0.22113654198317872	0.4320064047464987	0.7842596773899269	0.4827350293717811	0.8471621531667789	0.7950022066772627	0.11327125663307469	0.9358925775327394	0.7643276483468128	0.5549948211854642	0.08750451504647158	0.6374434173311748	0.4631502460962152	0.5616355300620531	0.90043751257307	0.7236761846443144	0.3072155793832437	0.6385496536808807	0.30373686995768207	0.4041764416705068	0.242090175988623	0.26084780531475565	0.7666758657379432	0.3344875685573655	0.5957045958306136	0.5506728048825248	0.9211887318583654	0.43031509550150854
335	0.3433110109677301	0.47029261851621473	0.3633230823094414	0.21794865640839592	0.5140042640108003	0.5906708335724075	0.5446727714714193	0.6383541098029974	0.30688401725923314	0.7308022667537649	0.46861244131129054	0.4917917099165596	0.2519570461036697	0.755726232909746	0.5529790553476687	0.7303526579107211	0.24867537402745885	0.5720597765661528	0.7098073443093847	0.3217113012257105	0.6090087495442918	0.24947357119784377	0.22113654198317872	0.4320064047464987	0.7842596773899269	0.4827350293717811	0.8471621531667789	0.7950022066772627	0.11327125663307469	0.9358925775327394	0.7643276483468128	0.5549948211854642	0.08750451504647158	0.6374434173311748	0.4631502460962152	0.5616355300620531	0.90043751257307	0.7236761846443144	0.3072155793832437	0.6385496536808807	0.30373686995768207	0.4041764416705068	0.242090175988623	0.26084780531475565	0.7666758657379432	0.3344875685573655	0.5957045958306136	0.5506728048825248	0.9211887318583654	0.43031509550150854
336	0.3433110109677301	0.47029261851621473	0.3633230823094414	0.21794865640839592	0.5140042640108003	0.5906708335724075	0.5446727714714193	0.6383541098029974	0.30688401725923314	0.7308022667537649	0.46861244131129054	0.4917917099165596	0.2519570461036697	0.755726232909746	0.5529790553476687	0.7303526579107211	0.24867537402745885	0.5720597765661528	0.7098073443093847	0.3217113012257105	0.6090087495442918	0.24947357119784377	0.22113654198317872	0.4320064047464987	0.7842596773899269	0.4827350293717811	0.8471621531667789	0.7950022066772627	0.11327125663307469	0.9358925775327394	0.7643276483468128	0.5549948211854642	0.08750451504647158	0.6374434173311748	0.4631502460962152	0.5616355300620531	0.90043751257307	0.7236761846443144	0.3072155793832437	0.6385496536808807	0.30373686995768207	0.4041764416705068	0.242090175988623	0.26084780531475565	0.7666758657379432	0.3344875685573655	0.5957045958306136	0.5506728048825248	0.9211887318583654	0.43031509550150854
337	0.3433110109677301	0.47029261851621473	0.3633230823094414	0.21794865640839592	0.5140042640108003	0.5906708335724075	0.5446727714714193	0.6383541098029974	0.30688401725923314	0.7308022667537649	0.46861244131129054	0.4917917099165596	0.2519570461036697	0.755726232909746	0.5529790553476687	0.7303526579107211	0.24867537402745885	0.5720597765661528	0.7098073443093847	0.3217113012257105	0.6090087495442918	0.24947357119784377	0.22113654198317872	0.4320064047464987	0.7842596773899269	0.4827350293717811	0.8471621531667789	0.7950022066772627	0.11327125663307469	0.9358925775327394	0.7643276483468128	0.5549948211854642	0.08750451504647158	0.6374434173311748	0.4631502460962152	0.5616355300620531	0.90043751257307	0.7236761846443144	0.3072155793832437	0.6385496536808807	0.30373686995768207	0.4041764416705068	0.242090175988623	0.26084780531475565	0.7666758657379432	0.3344875685573655	0.5957045958306136	0.5506728048825248	0.9211887318583654	0.43031509550150854
338	0.3433110109677301	0.47029261851621473	0.3633230823094414	0.21794865640839592	0.5140042640108003	0.5906708335724075	0.5446727714714193	0.6383541098029974	0.30688401725923314	0.7308022667537649	0.46861244131129054	0.4917917099165596	0.2519570461036697	0.755726232909746	0.5529790553476687	0.7303526579107211	0.24867537402745885	0.5720597765661528	0.7098073443093847	0.3217113012257105	0.6090087495442918	0.24947357119784377	0.22113654198317872	0.4320064047464987	0.7842596773899269	0.4827350293717811	0.8471621531667789	0.7950022066772627	0.11327125663307469	0.9358925775327394	0.7643276483468128	0.5549948211854642	0.08750451504647158	0.6374434173311748	0.4631502460962152	0.5616355300620531	0.90043751257307	0.7236761846443144	0.3072155793832437	0.6385496536808807	0.30373686995768207	0.4041764416705068	0.242090175988623	0.26084780531475565	0.7666758657379432	0.3344875685573655	0.5957045958306136	0.5506728048825248	0.9211887318583654	0.43031509550150854
339	0.3433110109677301	0.47029261851621473	0.3633230823094414	0.21794865640839592	0.5140042640108003	0.5906708335724075	0.5446727714714193	0.6383541098029974	0.30688401725923314	0.7308022667537649	0.46861244131129054	0.4917917099165596	0.2519570461036697	0.755726232909746	0.5529790553476687	0.7303526579107211	0.24867537402745885	0.5720597765661528	0.7098073443093847	0.3217113012257105	0.6090087495442918	0.24947357119784377	0.22113654198317872	0.4320064047464987	0.7842596773899269	0.4827350293717811	0.8471621531667789	0.7950022066772627	0.11327125663307469	0.9358925775327394	0.7643276483468128	0.5549948211854642	0.08750451504647158	0.6374434173311748	0.4631502460962152	0.5616355300620531	0.90043751257307	0.7236761846443144	0.3072155793832437	0.6385496536808807	0.30373686995768207	0.4041764416705068	0.242090175988623	0.26084780531475565	0.7666758657379432	0.3344875685573655	0.5957045958306136	0.5506728048825248	0.9211887318583654	0.43031509550150854
340	0.3433110109677301	0.47029261851621473	0.3633230823094414	0.21794865640839592	0.5140042640108003	0.5906708335724075	0.5446727714714193	0.6383541098029974	0.30688401725923314	0.7308022667537649	0.46861244131129054	0.4917917099165596	0.2519570461036697	0.755726232909746	0.5529790553476687	0.7303526579107211	0.24867537402745885	0.5720597765661528	0.7098073443093847	0.3217113012257105	0.6090087495442918	0.24947357119784377	0.22113654198317872	0.4320064047464987	0.7842596773899269	0.4827350293717811	0.8471621531667789	0.7950022066772627	0.11327125663307469	0.9358925775327394	0.7643276483468128	0.5549948211854642	0.08750451504647158	0.6374434173311748	0.4631502460962152	0.5616355300620531	0.90043751257307	0.7236761846443144	0.3072155793832437	0.6385496536808807	0.30373686995768207	0.4041764416705068	0.242090175988623	0.26084780531475565	0.7666758657379432	0.3344875685573655	0.5957045958306136	0.5506728048825248	0.9211887318583654	0.43031509550150854
341	0.3433110109677301	0.47029261851621473	0.3633230823094414	0.21794865640839592	0.5140042640108003	0.5906708335724075	0.5446727714714193	0.6383541098029974	0.30688401725923314	0.7308022667537649	0.46861244131129054	0.4917917099165596	0.2519570461036697	0.755726232909746	0.5529790553476687	0.7303526579107211	0.24867537402745885	0.5720597765661528	0.7098073443093847	0.3217113012257105	0.6090087495442918	0.24947357119784377	0.22113654198317872	0.4320064047464987	0.7842596773899269	0.4827350293717811	0.8471621531667789	0.7950022066772627	0.11327125663307469	0.9358925775327394	0.7643276483468128	0.5549948211854642	0.08750451504647158	0.6374434173311748	0.4631502460962152	0.5616355300620531	0.90043751257307	0.7236761846443144	0.3072155793832437	0.6385496536808807	0.30373686995768207	0.4041764416705068	0.242090175988623	0.26084780531475565	0.7666758657379432	0.3344875685573655	0.5957045958306136	0.5506728048825248	0.9211887318583654	0.43031509550150854
342	0.3433110109677301	0.47029261851621473	0.3633230823094414	0.21794865640839592	0.5140042640108003	0.5906708335724075	0.5446727714714193	0.6383541098029974	0.30688401725923314	0.7308022667537649	0.46861244131129054	0.4917917099165596	0.2519570461036697	0.755726232909746	0.5529790553476687	0.7303526579107211	0.24867537402745885	0.5720597765661528	0.7098073443093847	0.3217113012257105	0.6090087495442918	0.24947357119784377	0.22113654198317872	0.4320064047464987	0.7842596773899269	0.4827350293717811	0.8471621531667789	0.7950022066772627	0.11327125663307469	0.9358925775327394	0.7643276483468128	0.5549948211854642	0.08750451504647158	0.6374434173311748	0.4631502460962152	0.5616355300620531	0.90043751257307	0.7236761846443144	0.3072155793832437	0.6385496536808807	0.30373686995768207	0.4041764416705068	0.242090175988623	0.26084780531475565	0.7666758657379432	0.3344875685573655	0.5957045958306136	0.5506728048825248	0.9211887318583654	0.43031509550150854
343	0.3433110109677301	0.47029261851621473	0.3633230823094414	0.21794865640839592	0.5140042640108003	0.5906708335724075	0.5446727714714193	0.6383541098029974	0.30688401725923314	0.7308022667537649	0.46861244131129054	0.4917917099165596	0.2519570461036697	0.755726232909746	0.5529790553476687	0.7303526579107211	0.24867537402745885	0.5720597765661528	0.7098073443093847	0.3217113012257105	0.6090087495442918	0.24947357119784377	0.22113654198317872	0.4320064047464987	0.7842596773899269	0.4827350293717811	0.8471621531667789	0.7950022066772627	0.11327125663307469	0.9358925775327394	0.7643276483468128	0.5549948211854642	0.08750451504647158	0.6374434173311748	0.4631502460962152	0.5616355300620531	0.90043751257307	0.7236761846443144	0.3072155793832437	0.6385496536808807	0.30373686995768207	0.4041764416705068	0.242090175988623	0.26084780531475565	0.7666758657379432	0.3344875685573655	0.5957045958306136	0.5506728048825248	0.9211887318583654	0.43031509550150854
344	0.3433110109677301	0.47029261851621473	0.3633230823094414	0.21794865640839592	0.5140042640108003	0.5906708335724075	0.5446727714714193	0.6383541098029974	0.30688401725923314	0.7308022667537649	0.46861244131129054	0.4917917099165596	0.2519570461036697	0.755726232909746	0.5529790553476687	0.7303526579107211	0.24867537402745885	0.5720597765661528	0.7098073443093847	0.3217113012257105	0.6090087495442918	0.24947357119784377	0.22113654198317872	0.4320064047464987	0.7842596773899269	0.4827350293717811	0.8471621531667789	0.7950022066772627	0.11327125663307469	0.9358925775327394	0.7643276483468128	0.5549948211854642	0.08750451504647158	0.6374434173311748	0.4631502460962152	0.5616355300620531	0.90043751257307	0.7236761846443144	0.3072155793832437	0.6385496536808807	0.30373686995768207	0.4041764416705068	0.242090175988623	0.26084780531475565	0.7666758657379432	0.3344875685573655	0.5957045958306136	0.5506728048825248	0.9211887318583654	0.43031509550150854
345	0.3433110109677301	0.47029261851621473	0.3633230823094414	0.21794865640839592	0.5140042640108003	0.5906708335724075	0.5446727714714193	0.6383541098029974	0.30688401725923314	0.7308022667537649	0.46861244131129054	0.4917917099165596	0.2519570461036697	0.755726232909746	0.5529790553476687	0.7303526579107211	0.24867537402745885	0.5720597765661528	0.7098073443093847	0.3217113012257105	0.6090087495442918	0.24947357119784377	0.22113654198317872	0.4320064047464987	0.7842596773899269	0.4827350293717811	0.8471621531667789	0.7950022066772627	0.11327125663307469	0.9358925775327394	0.7643276483468128	0.5549948211854642	0.08750451504647158	0.6374434173311748	0.4631502460962152	0.5616355300620531	0.90043751257307	0.7236761846443144	0.3072155793832437	0.6385496536808807	0.30373686995768207	0.4041764416705068	0.242090175988623	0.26084780531475565	0.7666758657379432	0.3344875685573655	0.5957045958306136	0.5506728048825248	0.9211887318583654	0.43031509550150854
346	0.3433110109677301	0.47029261851621473	0.3633230823094414	0.21794865640839592	0.5140042640108003	0.5906708335724075	0.5446727714714193	0.6383541098029974	0.30688401725923314	0.7308022667537649	0.46861244131129054	0.4917917099165596	0.2519570461036697	0.755726232909746	0.5529790553476687	0.7303526579107211	0.24867537402745885	0.5720597765661528	0.7098073443093847	0.3217113012257105	0.6090087495442918	0.24947357119784377	0.22113654198317872	0.4320064047464987	0.7842596773899269	0.4827350293717811	0.8471621531667789	0.7950022066772627	0.11327125663307469	0.9358925775327394	0.7643276483468128	0.5549948211854642	0.08750451504647158	0.6374434173311748	0.4631502460962152	0.5616355300620531	0.90043751257307	0.7236761846443144	0.3072155793832437	0.6385496536808807	0.30373686995768207	0.4041764416705068	0.242090175988623	0.26084780531475565	0.7666758657379432	0.3344875685573655	0.5957045958306136	0.5506728048825248	0.9211887318583654	0.43031509550150854
347	0.3433110109677301	0.47029261851621473	0.3633230823094414	0.21794865640839592	0.5140042640108003	0.5906708335724075	0.5446727714714193	0.6383541098029974	0.30688401725923314	0.7308022667537649	0.46861244131129054	0.4917917099165596	0.2519570461036697	0.755726232909746	0.5529790553476687	0.7303526579107211	0.24867537402745885	0.5720597765661528	0.7098073443093847	0.3217113012257105	0.6090087495442918	0.24947357119784377	0.22113654198317872	0.4320064047464987	0.7842596773899269	0.4827350293717811	0.8471621531667789	0.7950022066772627	0.11327125663307469	0.9358925775327394	0.7643276483468128	0.5549948211854642	0.08750451504647158	0.6374434173311748	0.4631502460962152	0.5616355300620531	0.90043751257307	0.7236761846443144	0.3072155793832437	0.6385496536808807	0.30373686995768207	0.4041764416705068	0.242090175988623	0.26084780531475565	0.7666758657379432	0.3344875685573655	0.5957045958306136	0.5506728048825248	0.9211887318583654	0.43031509550150854
348	0.3433110109677301	0.47029261851621473	0.3633230823094414	0.21794865640839592	0.5140042640108003	0.5906708335724075	0.5446727714714193	0.6383541098029974	0.30688401725923314	0.7308022667537649	0.46861244131129054	0.4917917099165596	0.2519570461036697	0.755726232909746	0.5529790553476687	0.7303526579107211	0.24867537402745885	0.5720597765661528	0.7098073443093847	0.3217113012257105	0.6090087495442918	0.24947357119784377	0.22113654198317872	0.4320064047464987	0.7842596773899269	0.4827350293717811	0.8471621531667789	0.7950022066772627	0.11327125663307469	0.9358925775327394	0.7643276483468128	0.5549948211854642	0.08750451504647158	0.6374434173311748	0.4631502460962152	0.5616355300620531	0.90043751257307	0.7236761846443144	0.3072155793832437	0.6385496536808807	0.30373686995768207	0.4041764416705068	0.242090175988623	0.26084780531475565	0.7666758657379432	0.3344875685573655	0.5957045958306136	0.5506728048825248	0.9211887318583654	0.43031509550150854
349	0.3433110109677301	0.47029261851621473	0.3633230823094414	0.21794865640839592	0.5140042640108003	0.5906708335724075	0.5446727714714193	0.6383541098029974	0.30688401725923314	0.7308022667537649	0.46861244131129054	0.4917917099165596	0.2519570461036697	0.755726232909746	0.5529790553476687	0.7303526579107211	0.24867537402745885	0.5720597765661528	0.7098073443093847	0.3217113012257105	0.6090087495442918	0.24947357119784377	0.22113654198317872	0.4320064047464987	0.7842596773899269	0.4827350293717811	0.8471621531667789	0.7950022066772627	0.11327125663307469	0.9358925775327394	0.7643276483468128	0.5549948211854642	0.08750451504647158	0.6374434173311748	0.4631502460962152	0.5616355300620531	0.90043751257307	0.7236761846443144	0.3072155793832437	0.6385496536808807	0.30373686995768207	0.4041764416705068	0.242090175988623	0.26084780531475565	0.7666758657379432	0.3344875685573655	0.5957045958306136	0.5506728048825248	0.9211887318583654	0.43031509550150854
350	0.3433110109677301	0.47029261851621473	0.3633230823094414	0.21794865640839592	0.5140042640108003	0.5906708335724075	0.5446727714714193	0.6383541098029974	0.30688401725923314	0.7308022667537649	0.46861244131129054	0.4917917099165596	0.2519570461036697	0.755726232909746	0.5529790553476687	0.7303526579107211	0.24867537402745885	0.5720597765661528	0.7098073443093847	0.3217113012257105	0.6090087495442918	0.24947357119784377	0.22113654198317872	0.4320064047464987	0.7842596773899269	0.4827350293717811	0.8471621531667789	0.7950022066772627	0.11327125663307469	0.9358925775327394	0.7643276483468128	0.5549948211854642	0.08750451504647158	0.6374434173311748	0.4631502460962152	0.5616355300620531	0.90043751257307	0.7236761846443144	0.3072155793832437	0.6385496536808807	0.30373686995768207	0.4041764416705068	0.242090175988623	0.26084780531475565	0.7666758657379432	0.3344875685573655	0.5957045958306136	0.5506728048825248	0.9211887318583654	0.43031509550150854
351	0.3433110109677301	0.47029261851621473	0.3633230823094414	0.21794865640839592	0.5140042640108003	0.5906708335724075	0.5446727714714193	0.6383541098029974	0.30688401725923314	0.7308022667537649	0.46861244131129054	0.4917917099165596	0.2519570461036697	0.755726232909746	0.5529790553476687	0.7303526579107211	0.24867537402745885	0.5720597765661528	0.7098073443093847	0.3217113012257105	0.6090087495442918	0.24947357119784377	0.22113654198317872	0.4320064047464987	0.7842596773899269	0.4827350293717811	0.8471621531667789	0.7950022066772627	0.11327125663307469	0.9358925775327394	0.7643276483468128	0.5549948211854642	0.08750451504647158	0.6374434173311748	0.4631502460962152	0.5616355300620531	0.90043751257307	0.7236761846443144	0.3072155793832437	0.6385496536808807	0.30373686995768207	0.4041764416705068	0.242090175988623	0.26084780531475565	0.7666758657379432	0.3344875685573655	0.5957045958306136	0.5506728048825248	0.9211887318583654	0.43031509550150854
352	0.3433110109677301	0.47029261851621473	0.3633230823094414	0.21794865640839592	0.5140042640108003	0.5906708335724075	0.5446727714714193	0.6383541098029974	0.30688401725923314	0.7308022667537649	0.46861244131129054	0.4917917099165596	0.2519570461036697	0.755726232909746	0.5529790553476687	0.7303526579107211	0.24867537402745885	0.5720597765661528	0.7098073443093847	0.3217113012257105	0.6090087495442918	0.24947357119784377	0.22113654198317872	0.4320064047464987	0.7842596773899269	0.4827350293717811	0.8471621531667789	0.7950022066772627	0.11327125663307469	0.9358925775327394	0.7643276483468128	0.5549948211854642	0.08750451504647158	0.6374434173311748	0.4631502460962152	0.5616355300620531	0.90043751257307	0.7236761846443144	0.3072155793832437	0.6385496536808807	0.30373686995768207	0.4041764416705068	0.242090175988623	0.26084780531475565	0.7666758657379432	0.3344875685573655	0.5957045958306136	0.5506728048825248	0.9211887318583654	0.43031509550150854
353	0.3433110109677301	0.47029261851621473	0.3633230823094414	0.21794865640839592	0.5140042640108003	0.5906708335724075	0.5446727714714193	0.6383541098029974	0.30688401725923314	0.7308022667537649	0.46861244131129054	0.4917917099165596	0.2519570461036697	0.755726232909746	0.5529790553476687	0.7303526579107211	0.24867537402745885	0.5720597765661528	0.7098073443093847	0.3217113012257105	0.6090087495442918	0.24947357119784377	0.22113654198317872	0.4320064047464987	0.7842596773899269	0.4827350293717811	0.8471621531667789	0.7950022066772627	0.11327125663307469	0.9358925775327394	0.7643276483468128	0.5549948211854642	0.08750451504647158	0.6374434173311748	0.4631502460962152	0.5616355300620531	0.90043751257307	0.7236761846443144	0.3072155793832437	0.6385496536808807	0.30373686995768207	0.4041764416705068	0.242090175988623	0.26084780531475565	0.7666758657379432	0.3344875685573655	0.5957045958306136	0.5506728048825248	0.9211887318583654	0.43031509550150854
354	0.3433110109677301	0.47029261851621473	0.3633230823094414	0.21794865640839592	0.5140042640108003	0.5906708335724075	0.5446727714714193	0.6383541098029974	0.30688401725923314	0.7308022667537649	0.46861244131129054	0.4917917099165596	0.2519570461036697	0.755726232909746	0.5529790553476687	0.7303526579107211	0.24867537402745885	0.5720597765661528	0.7098073443093847	0.3217113012257105	0.6090087495442918	0.24947357119784377	0.22113654198317872	0.4320064047464987	0.7842596773899269	0.4827350293717811	0.8471621531667789	0.7950022066772627	0.11327125663307469	0.9358925775327394	0.7643276483468128	0.5549948211854642	0.08750451504647158	0.6374434173311748	0.4631502460962152	0.5616355300620531	0.90043751257307	0.7236761846443144	0.3072155793832437	0.6385496536808807	0.30373686995768207	0.4041764416705068	0.242090175988623	0.26084780531475565	0.7666758657379432	0.3344875685573655	0.5957045958306136	0.5506728048825248	0.9211887318583654	0.43031509550150854
355	0.3433110109677301	0.47029261851621473	0.3633230823094414	0.21794865640839592	0.5140042640108003	0.5906708335724075	0.5446727714714193	0.6383541098029974	0.30688401725923314	0.7308022667537649	0.46861244131129054	0.4917917099165596	0.2519570461036697	0.755726232909746	0.5529790553476687	0.7303526579107211	0.24867537402745885	0.5720597765661528	0.7098073443093847	0.3217113012257105	0.6090087495442918	0.24947357119784377	0.22113654198317872	0.4320064047464987	0.7842596773899269	0.4827350293717811	0.8471621531667789	0.7950022066772627	0.11327125663307469	0.9358925775327394	0.7643276483468128	0.5549948211854642	0.08750451504647158	0.6374434173311748	0.4631502460962152	0.5616355300620531	0.90043751257307	0.7236761846443144	0.3072155793832437	0.6385496536808807	0.30373686995768207	0.4041764416705068	0.242090175988623	0.26084780531475565	0.7666758657379432	0.3344875685573655	0.5957045958306136	0.5506728048825248	0.9211887318583654	0.43031509550150854
356	0.3433110109677301	0.47029261851621473	0.3633230823094414	0.21794865640839592	0.5140042640108003	0.5906708335724075	0.5446727714714193	0.6383541098029974	0.30688401725923314	0.7308022667537649	0.46861244131129054	0.4917917099165596	0.2519570461036697	0.755726232909746	0.5529790553476687	0.7303526579107211	0.24867537402745885	0.5720597765661528	0.7098073443093847	0.3217113012257105	0.6090087495442918	0.24947357119784377	0.22113654198317872	0.4320064047464987	0.7842596773899269	0.4827350293717811	0.8471621531667789	0.7950022066772627	0.11327125663307469	0.9358925775327394	0.7643276483468128	0.5549948211854642	0.08750451504647158	0.6374434173311748	0.4631502460962152	0.5616355300620531	0.90043751257307	0.7236761846443144	0.3072155793832437	0.6385496536808807	0.30373686995768207	0.4041764416705068	0.242090175988623	0.26084780531475565	0.7666758657379432	0.3344875685573655	0.5957045958306136	0.5506728048825248	0.9211887318583654	0.43031509550150854
357	0.3433110109677301	0.47029261851621473	0.3633230823094414	0.21794865640839592	0.5140042640108003	0.5906708335724075	0.5446727714714193	0.6383541098029974	0.30688401725923314	0.7308022667537649	0.46861244131129054	0.4917917099165596	0.2519570461036697	0.755726232909746	0.5529790553476687	0.7303526579107211	0.24867537402745885	0.5720597765661528	0.7098073443093847	0.3217113012257105	0.6090087495442918	0.24947357119784377	0.22113654198317872	0.4320064047464987	0.7842596773899269	0.4827350293717811	0.8471621531667789	0.7950022066772627	0.11327125663307469	0.9358925775327394	0.7643276483468128	0.5549948211854642	0.08750451504647158	0.6374434173311748	0.4631502460962152	0.5616355300620531	0.90043751257307	0.7236761846443144	0.3072155793832437	0.6385496536808807	0.30373686995768207	0.4041764416705068	0.242090175988623	0.26084780531475565	0.7666758657379432	0.3344875685573655	0.5957045958306136	0.5506728048825248	0.9211887318583654	0.43031509550150854
358	0.3433110109677301	0.47029261851621473	0.3633230823094414	0.21794865640839592	0.5140042640108003	0.5906708335724075	0.5446727714714193	0.6383541098029974	0.30688401725923314	0.7308022667537649	0.46861244131129054	0.4917917099165596	0.2519570461036697	0.755726232909746	0.5529790553476687	0.7303526579107211	0.24867537402745885	0.5720597765661528	0.7098073443093847	0.3217113012257105	0.6090087495442918	0.24947357119784377	0.22113654198317872	0.4320064047464987	0.7842596773899269	0.4827350293717811	0.8471621531667789	0.7950022066772627	0.11327125663307469	0.9358925775327394	0.7643276483468128	0.5549948211854642	0.08750451504647158	0.6374434173311748	0.4631502460962152	0.5616355300620531	0.90043751257307	0.7236761846443144	0.3072155793832437	0.6385496536808807	0.30373686995768207	0.4041764416705068	0.242090175988623	0.26084780531475565	0.7666758657379432	0.3344875685573655	0.5957045958306136	0.5506728048825248	0.9211887318583654	0.43031509550150854
359	0.3433110109677301	0.47029261851621473	0.3633230823094414	0.21794865640839592	0.5140042640108003	0.5906708335724075	0.5446727714714193	0.6383541098029974	0.30688401725923314	0.7308022667537649	0.46861244131129054	0.4917917099165596	0.2519570461036697	0.755726232909746	0.5529790553476687	0.7303526579107211	0.24867537402745885	0.5720597765661528	0.7098073443093847	0.3217113012257105	0.6090087495442918	0.24947357119784377	0.22113654198317872	0.4320064047464987	0.7842596773899269	0.4827350293717811	0.8471621531667789	0.7950022066772627	0.11327125663307469	0.9358925775327394	0.7643276483468128	0.5549948211854642	0.08750451504647158	0.6374434173311748	0.4631502460962152	0.5616355300620531	0.90043751257307	0.7236761846443144	0.3072155793832437	0.6385496536808807	0.30373686995768207	0.4041764416705068	0.242090175988623	0.26084780531475565	0.7666758657379432	0.3344875685573655	0.5957045958306136	0.5506728048825248	0.9211887318583654	0.43031509550150854
360	0.3433110109677301	0.47029261851621473	0.3633230823094414	0.21794865640839592	0.5140042640108003	0.5906708335724075	0.5446727714714193	0.6383541098029974	0.30688401725923314	0.7308022667537649	0.46861244131129054	0.4917917099165596	0.2519570461036697	0.755726232909746	0.5529790553476687	0.7303526579107211	0.24867537402745885	0.5720597765661528	0.7098073443093847	0.3217113012257105	0.6090087495442918	0.24947357119784377	0.22113654198317872	0.4320064047464987	0.7842596773899269	0.4827350293717811	0.8471621531667789	0.7950022066772627	0.11327125663307469	0.9358925775327394	0.7643276483468128	0.5549948211854642	0.08750451504647158	0.6374434173311748	0.4631502460962152	0.5616355300620531	0.90043751257307	0.7236761846443144	0.3072155793832437	0.6385496536808807	0.30373686995768207	0.4041764416705068	0.242090175988623	0.26084780531475565	0.7666758657379432	0.3344875685573655	0.5957045958306136	0.5506728048825248	0.9211887318583654	0.43031509550150854
361	0.3433110109677301	0.47029261851621473	0.3633230823094414	0.21794865640839592	0.5140042640108003	0.5906708335724075	0.5446727714714193	0.6383541098029974	0.30688401725923314	0.7308022667537649	0.46861244131129054	0.4917917099165596	0.2519570461036697	0.755726232909746	0.5529790553476687	0.7303526579107211	0.24867537402745885	0.5720597765661528	0.7098073443093847	0.3217113012257105	0.6090087495442918	0.24947357119784377	0.22113654198317872	0.4320064047464987	0.7842596773899269	0.4827350293717811	0.8471621531667789	0.7950022066772627	0.11327125663307469	0.9358925775327394	0.7643276483468128	0.5549948211854642	0.08750451504647158	0.6374434173311748	0.4631502460962152	0.5616355300620531	0.90043751257307	0.7236761846443144	0.3072155793832437	0.6385496536808807	0.30373686995768207	0.4041764416705068	0.242090175988623	0.26084780531475565	0.7666758657379432	0.3344875685573655	0.5957045958306136	0.5506728048825248	0.9211887318583654	0.43031509550150854
362	0.3433110109677301	0.47029261851621473	0.3633230823094414	0.21794865640839592	0.5140042640108003	0.5906708335724075	0.5446727714714193	0.6383541098029974	0.30688401725923314	0.7308022667537649	0.46861244131129054	0.4917917099165596	0.2519570461036697	0.755726232909746	0.5529790553476687	0.7303526579107211	0.24867537402745885	0.5720597765661528	0.7098073443093847	0.3217113012257105	0.6090087495442918	0.24947357119784377	0.22113654198317872	0.4320064047464987	0.7842596773899269	0.4827350293717811	0.8471621531667789	0.7950022066772627	0.11327125663307469	0.9358925775327394	0.7643276483468128	0.5549948211854642	0.08750451504647158	0.6374434173311748	0.4631502460962152	0.5616355300620531	0.90043751257307	0.7236761846443144	0.3072155793832437	0.6385496536808807	0.30373686995768207	0.4041764416705068	0.242090175988623	0.26084780531475565	0.7666758657379432	0.3344875685573655	0.5957045958306136	0.5506728048825248	0.9211887318583654	0.43031509550150854
363	0.3433110109677301	0.47029261851621473	0.3633230823094414	0.21794865640839592	0.5140042640108003	0.5906708335724075	0.5446727714714193	0.6383541098029974	0.30688401725923314	0.7308022667537649	0.46861244131129054	0.4917917099165596	0.2519570461036697	0.755726232909746	0.5529790553476687	0.7303526579107211	0.24867537402745885	0.5720597765661528	0.7098073443093847	0.3217113012257105	0.6090087495442918	0.24947357119784377	0.22113654198317872	0.4320064047464987	0.7842596773899269	0.4827350293717811	0.8471621531667789	0.7950022066772627	0.11327125663307469	0.9358925775327394	0.7643276483468128	0.5549948211854642	0.08750451504647158	0.6374434173311748	0.4631502460962152	0.5616355300620531	0.90043751257307	0.7236761846443144	0.3072155793832437	0.6385496536808807	0.30373686995768207	0.4041764416705068	0.242090175988623	0.26084780531475565	0.7666758657379432	0.3344875685573655	0.5957045958306136	0.5506728048825248	0.9211887318583654	0.43031509550150854
364	0.3433110109677301	0.47029261851621473	0.3633230823094414	0.21794865640839592	0.5140042640108003	0.5906708335724075	0.5446727714714193	0.6383541098029974	0.30688401725923314	0.7308022667537649	0.46861244131129054	0.4917917099165596	0.2519570461036697	0.755726232909746	0.5529790553476687	0.7303526579107211	0.24867537402745885	0.5720597765661528	0.7098073443093847	0.3217113012257105	0.6090087495442918	0.24947357119784377	0.22113654198317872	0.4320064047464987	0.7842596773899269	0.4827350293717811	0.8471621531667789	0.7950022066772627	0.11327125663307469	0.9358925775327394	0.7643276483468128	0.5549948211854642	0.08750451504647158	0.6374434173311748	0.4631502460962152	0.5616355300620531	0.90043751257307	0.7236761846443144	0.3072155793832437	0.6385496536808807	0.30373686995768207	0.4041764416705068	0.242090175988623	0.26084780531475565	0.7666758657379432	0.3344875685573655	0.5957045958306136	0.5506728048825248	0.9211887318583654	0.43031509550150854
365	0.3433110109677301	0.47029261851621473	0.3633230823094414	0.21794865640839592	0.5140042640108003	0.5906708335724075	0.5446727714714193	0.6383541098029974	0.30688401725923314	0.7308022667537649	0.46861244131129054	0.4917917099165596	0.2519570461036697	0.755726232909746	0.5529790553476687	0.7303526579107211	0.24867537402745885	0.5720597765661528	0.7098073443093847	0.3217113012257105	0.6090087495442918	0.24947357119784377	0.22113654198317872	0.4320064047464987	0.7842596773899269	0.4827350293717811	0.8471621531667789	0.7950022066772627	0.11327125663307469	0.9358925775327394	0.7643276483468128	0.5549948211854642	0.08750451504647158	0.6374434173311748	0.4631502460962152	0.5616355300620531	0.90043751257307	0.7236761846443144	0.3072155793832437	0.6385496536808807	0.30373686995768207	0.4041764416705068	0.242090175988623	0.26084780531475565	0.7666758657379432	0.3344875685573655	0.5957045958306136	0.5506728048825248	0.9211887318583654	0.43031509550150854
366	0.3433110109677301	0.47029261851621473	0.3633230823094414	0.21794865640839592	0.5140042640108003	0.5906708335724075	0.5446727714714193	0.6383541098029974	0.30688401725923314	0.7308022667537649	0.46861244131129054	0.4917917099165596	0.2519570461036697	0.755726232909746	0.5529790553476687	0.7303526579107211	0.24867537402745885	0.5720597765661528	0.7098073443093847	0.3217113012257105	0.6090087495442918	0.24947357119784377	0.22113654198317872	0.4320064047464987	0.7842596773899269	0.4827350293717811	0.8471621531667789	0.7950022066772627	0.11327125663307469	0.9358925775327394	0.7643276483468128	0.5549948211854642	0.08750451504647158	0.6374434173311748	0.4631502460962152	0.5616355300620531	0.90043751257307	0.7236761846443144	0.3072155793832437	0.6385496536808807	0.30373686995768207	0.4041764416705068	0.242090175988623	0.26084780531475565	0.7666758657379432	0.3344875685573655	0.5957045958306136	0.5506728048825248	0.9211887318583654	0.43031509550150854
367	0.3433110109677301	0.47029261851621473	0.3633230823094414	0.21794865640839592	0.5140042640108003	0.5906708335724075	0.5446727714714193	0.6383541098029974	0.30688401725923314	0.7308022667537649	0.46861244131129054	0.4917917099165596	0.2519570461036697	0.755726232909746	0.5529790553476687	0.7303526579107211	0.24867537402745885	0.5720597765661528	0.7098073443093847	0.3217113012257105	0.6090087495442918	0.24947357119784377	0.22113654198317872	0.4320064047464987	0.7842596773899269	0.4827350293717811	0.8471621531667789	0.7950022066772627	0.11327125663307469	0.9358925775327394	0.7643276483468128	0.5549948211854642	0.08750451504647158	0.6374434173311748	0.4631502460962152	0.5616355300620531	0.90043751257307	0.7236761846443144	0.3072155793832437	0.6385496536808807	0.30373686995768207	0.4041764416705068	0.242090175988623	0.26084780531475565	0.7666758657379432	0.3344875685573655	0.5957045958306136	0.5506728048825248	0.9211887318583654	0.43031509550150854
368	0.3433110109677301	0.47029261851621473	0.3633230823094414	0.21794865640839592	0.5140042640108003	0.5906708335724075	0.5446727714714193	0.6383541098029974	0.30688401725923314	0.7308022667537649	0.46861244131129054	0.4917917099165596	0.2519570461036697	0.755726232909746	0.5529790553476687	0.7303526579107211	0.24867537402745885	0.5720597765661528	0.7098073443093847	0.3217113012257105	0.6090087495442918	0.24947357119784377	0.22113654198317872	0.4320064047464987	0.7842596773899269	0.4827350293717811	0.8471621531667789	0.7950022066772627	0.11327125663307469	0.9358925775327394	0.7643276483468128	0.5549948211854642	0.08750451504647158	0.6374434173311748	0.4631502460962152	0.5616355300620531	0.90043751257307	0.7236761846443144	0.3072155793832437	0.6385496536808807	0.30373686995768207	0.4041764416705068	0.242090175988623	0.26084780531475565	0.7666758657379432	0.3344875685573655	0.5957045958306136	0.5506728048825248	0.9211887318583654	0.43031509550150854
369	0.3433110109677301	0.47029261851621473	0.3633230823094414	0.21794865640839592	0.5140042640108003	0.5906708335724075	0.5446727714714193	0.6383541098029974	0.30688401725923314	0.7308022667537649	0.46861244131129054	0.4917917099165596	0.2519570461036697	0.755726232909746	0.5529790553476687	0.7303526579107211	0.24867537402745885	0.5720597765661528	0.7098073443093847	0.3217113012257105	0.6090087495442918	0.24947357119784377	0.22113654198317872	0.4320064047464987	0.7842596773899269	0.4827350293717811	0.8471621531667789	0.7950022066772627	0.11327125663307469	0.9358925775327394	0.7643276483468128	0.5549948211854642	0.08750451504647158	0.6374434173311748	0.4631502460962152	0.5616355300620531	0.90043751257307	0.7236761846443144	0.3072155793832437	0.6385496536808807	0.30373686995768207	0.4041764416705068	0.242090175988623	0.26084780531475565	0.7666758657379432	0.3344875685573655	0.5957045958306136	0.5506728048825248	0.9211887318583654	0.43031509550150854
370	0.3433110109677301	0.47029261851621473	0.3633230823094414	0.21794865640839592	0.5140042640108003	0.5906708335724075	0.5446727714714193	0.6383541098029974	0.30688401725923314	0.7308022667537649	0.46861244131129054	0.4917917099165596	0.2519570461036697	0.755726232909746	0.5529790553476687	0.7303526579107211	0.24867537402745885	0.5720597765661528	0.7098073443093847	0.3217113012257105	0.6090087495442918	0.24947357119784377	0.22113654198317872	0.4320064047464987	0.7842596773899269	0.4827350293717811	0.8471621531667789	0.7950022066772627	0.11327125663307469	0.9358925775327394	0.7643276483468128	0.5549948211854642	0.08750451504647158	0.6374434173311748	0.4631502460962152	0.5616355300620531	0.90043751257307	0.7236761846443144	0.3072155793832437	0.6385496536808807	0.30373686995768207	0.4041764416705068	0.242090175988623	0.26084780531475565	0.7666758657379432	0.3344875685573655	0.5957045958306136	0.5506728048825248	0.9211887318583654	0.43031509550150854
371	0.3433110109677301	0.47029261851621473	0.3633230823094414	0.21794865640839592	0.5140042640108003	0.5906708335724075	0.5446727714714193	0.6383541098029974	0.30688401725923314	0.7308022667537649	0.46861244131129054	0.4917917099165596	0.2519570461036697	0.755726232909746	0.5529790553476687	0.7303526579107211	0.24867537402745885	0.5720597765661528	0.7098073443093847	0.3217113012257105	0.6090087495442918	0.24947357119784377	0.22113654198317872	0.4320064047464987	0.7842596773899269	0.4827350293717811	0.8471621531667789	0.7950022066772627	0.11327125663307469	0.9358925775327394	0.7643276483468128	0.5549948211854642	0.08750451504647158	0.6374434173311748	0.4631502460962152	0.5616355300620531	0.90043751257307	0.7236761846443144	0.3072155793832437	0.6385496536808807	0.30373686995768207	0.4041764416705068	0.242090175988623	0.26084780531475565	0.7666758657379432	0.3344875685573655	0.5957045958306136	0.5506728048825248	0.9211887318583654	0.43031509550150854
372	0.3433110109677301	0.47029261851621473	0.3633230823094414	0.21794865640839592	0.5140042640108003	0.5906708335724075	0.5446727714714193	0.6383541098029974	0.30688401725923314	0.7308022667537649	0.46861244131129054	0.4917917099165596	0.2519570461036697	0.755726232909746	0.5529790553476687	0.7303526579107211	0.24867537402745885	0.5720597765661528	0.7098073443093847	0.3217113012257105	0.6090087495442918	0.24947357119784377	0.22113654198317872	0.4320064047464987	0.7842596773899269	0.4827350293717811	0.8471621531667789	0.7950022066772627	0.11327125663307469	0.9358925775327394	0.7643276483468128	0.5549948211854642	0.08750451504647158	0.6374434173311748	0.4631502460962152	0.5616355300620531	0.90043751257307	0.7236761846443144	0.3072155793832437	0.6385496536808807	0.30373686995768207	0.4041764416705068	0.242090175988623	0.26084780531475565	0.7666758657379432	0.3344875685573655	0.5957045958306136	0.5506728048825248	0.9211887318583654	0.43031509550150854
373	0.3433110109677301	0.47029261851621473	0.3633230823094414	0.21794865640839592	0.5140042640108003	0.5906708335724075	0.5446727714714193	0.6383541098029974	0.30688401725923314	0.7308022667537649	0.46861244131129054	0.4917917099165596	0.2519570461036697	0.755726232909746	0.5529790553476687	0.7303526579107211	0.24867537402745885	0.5720597765661528	0.7098073443093847	0.3217113012257105	0.6090087495442918	0.24947357119784377	0.22113654198317872	0.4320064047464987	0.7842596773899269	0.4827350293717811	0.8471621531667789	0.7950022066772627	0.11327125663307469	0.9358925775327394	0.7643276483468128	0.5549948211854642	0.08750451504647158	0.6374434173311748	0.4631502460962152	0.5616355300620531	0.90043751257307	0.7236761846443144	0.3072155793832437	0.6385496536808807	0.30373686995768207	0.4041764416705068	0.242090175988623	0.26084780531475565	0.7666758657379432	0.3344875685573655	0.5957045958306136	0.5506728048825248	0.9211887318583654	0.43031509550150854
374	0.3433110109677301	0.47029261851621473	0.3633230823094414	0.21794865640839592	0.5140042640108003	0.5906708335724075	0.5446727714714193	0.6383541098029974	0.30688401725923314	0.7308022667537649	0.46861244131129054	0.4917917099165596	0.2519570461036697	0.755726232909746	0.5529790553476687	0.7303526579107211	0.24867537402745885	0.5720597765661528	0.7098073443093847	0.3217113012257105	0.6090087495442918	0.24947357119784377	0.22113654198317872	0.4320064047464987	0.7842596773899269	0.4827350293717811	0.8471621531667789	0.7950022066772627	0.11327125663307469	0.9358925775327394	0.7643276483468128	0.5549948211854642	0.08750451504647158	0.6374434173311748	0.4631502460962152	0.5616355300620531	0.90043751257307	0.7236761846443144	0.3072155793832437	0.6385496536808807	0.30373686995768207	0.4041764416705068	0.242090175988623	0.26084780531475565	0.7666758657379432	0.3344875685573655	0.5957045958306136	0.5506728048825248	0.9211887318583654	0.43031509550150854
375	0.3433110109677301	0.47029261851621473	0.3633230823094414	0.21794865640839592	0.5140042640108003	0.5906708335724075	0.5446727714714193	0.6383541098029974	0.30688401725923314	0.7308022667537649	0.46861244131129054	0.4917917099165596	0.2519570461036697	0.755726232909746	0.5529790553476687	0.7303526579107211	0.24867537402745885	0.5720597765661528	0.7098073443093847	0.3217113012257105	0.6090087495442918	0.24947357119784377	0.22113654198317872	0.4320064047464987	0.7842596773899269	0.4827350293717811	0.8471621531667789	0.7950022066772627	0.11327125663307469	0.9358925775327394	0.7643276483468128	0.5549948211854642	0.08750451504647158	0.6374434173311748	0.4631502460962152	0.5616355300620531	0.90043751257307	0.7236761846443144	0.3072155793832437	0.6385496536808807	0.30373686995768207	0.4041764416705068	0.242090175988623	0.26084780531475565	0.7666758657379432	0.3344875685573655	0.5957045958306136	0.5506728048825248	0.9211887318583654	0.43031509550150854
376	0.3433110109677301	0.47029261851621473	0.3633230823094414	0.21794865640839592	0.5140042640108003	0.5906708335724075	0.5446727714714193	0.6383541098029974	0.30688401725923314	0.7308022667537649	0.46861244131129054	0.4917917099165596	0.2519570461036697	0.755726232909746	0.5529790553476687	0.7303526579107211	0.24867537402745885	0.5720597765661528	0.7098073443093847	0.3217113012257105	0.6090087495442918	0.24947357119784377	0.22113654198317872	0.4320064047464987	0.7842596773899269	0.4827350293717811	0.8471621531667789	0.7950022066772627	0.11327125663307469	0.9358925775327394	0.7643276483468128	0.5549948211854642	0.08750451504647158	0.6374434173311748	0.4631502460962152	0.5616355300620531	0.90043751257307	0.7236761846443144	0.3072155793832437	0.6385496536808807	0.30373686995768207	0.4041764416705068	0.242090175988623	0.26084780531475565	0.7666758657379432	0.3344875685573655	0.5957045958306136	0.5506728048825248	0.9211887318583654	0.43031509550150854
377	0.3433110109677301	0.47029261851621473	0.3633230823094414	0.21794865640839592	0.5140042640108003	0.5906708335724075	0.5446727714714193	0.6383541098029974	0.30688401725923314	0.7308022667537649	0.46861244131129054	0.4917917099165596	0.2519570461036697	0.755726232909746	0.5529790553476687	0.7303526579107211	0.24867537402745885	0.5720597765661528	0.7098073443093847	0.3217113012257105	0.6090087495442918	0.24947357119784377	0.22113654198317872	0.4320064047464987	0.7842596773899269	0.4827350293717811	0.8471621531667789	0.7950022066772627	0.11327125663307469	0.9358925775327394	0.7643276483468128	0.5549948211854642	0.08750451504647158	0.6374434173311748	0.4631502460962152	0.5616355300620531	0.90043751257307	0.7236761846443144	0.3072155793832437	0.6385496536808807	0.30373686995768207	0.4041764416705068	0.242090175988623	0.26084780531475565	0.7666758657379432	0.3344875685573655	0.5957045958306136	0.5506728048825248	0.9211887318583654	0.43031509550150854
378	0.3433110109677301	0.47029261851621473	0.3633230823094414	0.21794865640839592	0.5140042640108003	0.5906708335724075	0.5446727714714193	0.6383541098029974	0.30688401725923314	0.7308022667537649	0.46861244131129054	0.4917917099165596	0.2519570461036697	0.755726232909746	0.5529790553476687	0.7303526579107211	0.24867537402745885	0.5720597765661528	0.7098073443093847	0.3217113012257105	0.6090087495442918	0.24947357119784377	0.22113654198317872	0.4320064047464987	0.7842596773899269	0.4827350293717811	0.8471621531667789	0.7950022066772627	0.11327125663307469	0.9358925775327394	0.7643276483468128	0.5549948211854642	0.08750451504647158	0.6374434173311748	0.4631502460962152	0.5616355300620531	0.90043751257307	0.7236761846443144	0.3072155793832437	0.6385496536808807	0.30373686995768207	0.4041764416705068	0.242090175988623	0.26084780531475565	0.7666758657379432	0.3344875685573655	0.5957045958306136	0.5506728048825248	0.9211887318583654	0.43031509550150854
379	0.3433110109677301	0.47029261851621473	0.3633230823094414	0.21794865640839592	0.5140042640108003	0.5906708335724075	0.5446727714714193	0.6383541098029974	0.30688401725923314	0.7308022667537649	0.46861244131129054	0.4917917099165596	0.2519570461036697	0.755726232909746	0.5529790553476687	0.7303526579107211	0.24867537402745885	0.5720597765661528	0.7098073443093847	0.3217113012257105	0.6090087495442918	0.24947357119784377	0.22113654198317872	0.4320064047464987	0.7842596773899269	0.4827350293717811	0.8471621531667789	0.7950022066772627	0.11327125663307469	0.9358925775327394	0.7643276483468128	0.5549948211854642	0.08750451504647158	0.6374434173311748	0.4631502460962152	0.5616355300620531	0.90043751257307	0.7236761846443144	0.3072155793832437	0.6385496536808807	0.30373686995768207	0.4041764416705068	0.242090175988623	0.26084780531475565	0.7666758657379432	0.3344875685573655	0.5957045958306136	0.5506728048825248	0.9211887318583654	0.43031509550150854
380	0.3433110109677301	0.47029261851621473	0.3633230823094414	0.21794865640839592	0.5140042640108003	0.5906708335724075	0.5446727714714193	0.6383541098029974	0.30688401725923314	0.7308022667537649	0.46861244131129054	0.4917917099165596	0.2519570461036697	0.755726232909746	0.5529790553476687	0.7303526579107211	0.24867537402745885	0.5720597765661528	0.7098073443093847	0.3217113012257105	0.6090087495442918	0.24947357119784377	0.22113654198317872	0.4320064047464987	0.7842596773899269	0.4827350293717811	0.8471621531667789	0.7950022066772627	0.11327125663307469	0.9358925775327394	0.7643276483468128	0.5549948211854642	0.08750451504647158	0.6374434173311748	0.4631502460962152	0.5616355300620531	0.90043751257307	0.7236761846443144	0.3072155793832437	0.6385496536808807	0.30373686995768207	0.4041764416705068	0.242090175988623	0.26084780531475565	0.7666758657379432	0.3344875685573655	0.5957045958306136	0.5506728048825248	0.9211887318583654	0.43031509550150854
381	0.3433110109677301	0.47029261851621473	0.3633230823094414	0.21794865640839592	0.5140042640108003	0.5906708335724075	0.5446727714714193	0.6383541098029974	0.30688401725923314	0.7308022667537649	0.46861244131129054	0.4917917099165596	0.2519570461036697	0.755726232909746	0.5529790553476687	0.7303526579107211	0.24867537402745885	0.5720597765661528	0.7098073443093847	0.3217113012257105	0.6090087495442918	0.24947357119784377	0.22113654198317872	0.4320064047464987	0.7842596773899269	0.4827350293717811	0.8471621531667789	0.7950022066772627	0.11327125663307469	0.9358925775327394	0.7643276483468128	0.5549948211854642	0.08750451504647158	0.6374434173311748	0.4631502460962152	0.5616355300620531	0.90043751257307	0.7236761846443144	0.3072155793832437	0.6385496536808807	0.30373686995768207	0.4041764416705068	0.242090175988623	0.26084780531475565	0.7666758657379432	0.3344875685573655	0.5957045958306136	0.5506728048825248	0.9211887318583654	0.43031509550150854
382	0.3433110109677301	0.47029261851621473	0.3633230823094414	0.21794865640839592	0.5140042640108003	0.5906708335724075	0.5446727714714193	0.6383541098029974	0.30688401725923314	0.7308022667537649	0.46861244131129054	0.4917917099165596	0.2519570461036697	0.755726232909746	0.5529790553476687	0.7303526579107211	0.24867537402745885	0.5720597765661528	0.7098073443093847	0.3217113012257105	0.6090087495442918	0.24947357119784377	0.22113654198317872	0.4320064047464987	0.7842596773899269	0.4827350293717811	0.8471621531667789	0.7950022066772627	0.11327125663307469	0.9358925775327394	0.7643276483468128	0.5549948211854642	0.08750451504647158	0.6374434173311748	0.4631502460962152	0.5616355300620531	0.90043751257307	0.7236761846443144	0.3072155793832437	0.6385496536808807	0.30373686995768207	0.4041764416705068	0.242090175988623	0.26084780531475565	0.7666758657379432	0.3344875685573655	0.5957045958306136	0.5506728048825248	0.9211887318583654	0.43031509550150854
383	0.3433110109677301	0.47029261851621473	0.3633230823094414	0.21794865640839592	0.5140042640108003	0.5906708335724075	0.5446727714714193	0.6383541098029974	0.30688401725923314	0.7308022667537649	0.46861244131129054	0.4917917099165596	0.2519570461036697	0.755726232909746	0.5529790553476687	0.7303526579107211	0.24867537402745885	0.5720597765661528	0.7098073443093847	0.3217113012257105	0.6090087495442918	0.24947357119784377	0.22113654198317872	0.4320064047464987	0.7842596773899269	0.4827350293717811	0.8471621531667789	0.7950022066772627	0.11327125663307469	0.9358925775327394	0.7643276483468128	0.5549948211854642	0.08750451504647158	0.6374434173311748	0.4631502460962152	0.5616355300620531	0.90043751257307	0.7236761846443144	0.3072155793832437	0.6385496536808807	0.30373686995768207	0.4041764416705068	0.242090175988623	0.26084780531475565	0.7666758657379432	0.3344875685573655	0.5957045958306136	0.5506728048825248	0.9211887318583654	0.43031509550150854
384	0.3433110109677301	0.47029261851621473	0.3633230823094414	0.21794865640839592	0.5140042640108003	0.5906708335724075	0.5446727714714193	0.6383541098029974	0.30688401725923314	0.7308022667537649	0.46861244131129054	0.4917917099165596	0.2519570461036697	0.755726232909746	0.5529790553476687	0.7303526579107211	0.24867537402745885	0.5720597765661528	0.7098073443093847	0.3217113012257105	0.6090087495442918	0.24947357119784377	0.22113654198317872	0.4320064047464987	0.7842596773899269	0.4827350293717811	0.8471621531667789	0.7950022066772627	0.11327125663307469	0.9358925775327394	0.7643276483468128	0.5549948211854642	0.08750451504647158	0.6374434173311748	0.4631502460962152	0.5616355300620531	0.90043751257307	0.7236761846443144	0.3072155793832437	0.6385496536808807	0.30373686995768207	0.4041764416705068	0.242090175988623	0.26084780531475565	0.7666758657379432	0.3344875685573655	0.5957045958306136	0.5506728048825248	0.9211887318583654	0.43031509550150854
385	0.3433110109677301	0.47029261851621473	0.3633230823094414	0.21794865640839592	0.5140042640108003	0.5906708335724075	0.5446727714714193	0.6383541098029974	0.30688401725923314	0.7308022667537649	0.46861244131129054	0.4917917099165596	0.2519570461036697	0.755726232909746	0.5529790553476687	0.7303526579107211	0.24867537402745885	0.5720597765661528	0.7098073443093847	0.3217113012257105	0.6090087495442918	0.24947357119784377	0.22113654198317872	0.4320064047464987	0.7842596773899269	0.4827350293717811	0.8471621531667789	0.7950022066772627	0.11327125663307469	0.9358925775327394	0.7643276483468128	0.5549948211854642	0.08750451504647158	0.6374434173311748	0.4631502460962152	0.5616355300620531	0.90043751257307	0.7236761846443144	0.3072155793832437	0.6385496536808807	0.30373686995768207	0.4041764416705068	0.242090175988623	0.26084780531475565	0.7666758657379432	0.3344875685573655	0.5957045958306136	0.5506728048825248	0.9211887318583654	0.43031509550150854
386	0.3433110109677301	0.47029261851621473	0.3633230823094414	0.21794865640839592	0.5140042640108003	0.5906708335724075	0.5446727714714193	0.6383541098029974	0.30688401725923314	0.7308022667537649	0.46861244131129054	0.4917917099165596	0.2519570461036697	0.755726232909746	0.5529790553476687	0.7303526579107211	0.24867537402745885	0.5720597765661528	0.7098073443093847	0.3217113012257105	0.6090087495442918	0.24947357119784377	0.22113654198317872	0.4320064047464987	0.7842596773899269	0.4827350293717811	0.8471621531667789	0.7950022066772627	0.11327125663307469	0.9358925775327394	0.7643276483468128	0.5549948211854642	0.08750451504647158	0.6374434173311748	0.4631502460962152	0.5616355300620531	0.90043751257307	0.7236761846443144	0.3072155793832437	0.6385496536808807	0.30373686995768207	0.4041764416705068	0.242090175988623	0.26084780531475565	0.7666758657379432	0.3344875685573655	0.5957045958306136	0.5506728048825248	0.9211887318583654	0.43031509550150854
387	0.3433110109677301	0.47029261851621473	0.3633230823094414	0.21794865640839592	0.5140042640108003	0.5906708335724075	0.5446727714714193	0.6383541098029974	0.30688401725923314	0.7308022667537649	0.46861244131129054	0.4917917099165596	0.2519570461036697	0.755726232909746	0.5529790553476687	0.7303526579107211	0.24867537402745885	0.5720597765661528	0.7098073443093847	0.3217113012257105	0.6090087495442918	0.24947357119784377	0.22113654198317872	0.4320064047464987	0.7842596773899269	0.4827350293717811	0.8471621531667789	0.7950022066772627	0.11327125663307469	0.9358925775327394	0.7643276483468128	0.5549948211854642	0.08750451504647158	0.6374434173311748	0.4631502460962152	0.5616355300620531	0.90043751257307	0.7236761846443144	0.3072155793832437	0.6385496536808807	0.30373686995768207	0.4041764416705068	0.242090175988623	0.26084780531475565	0.7666758657379432	0.3344875685573655	0.5957045958306136	0.5506728048825248	0.9211887318583654	0.43031509550150854
388	0.3433110109677301	0.47029261851621473	0.3633230823094414	0.21794865640839592	0.5140042640108003	0.5906708335724075	0.5446727714714193	0.6383541098029974	0.30688401725923314	0.7308022667537649	0.46861244131129054	0.4917917099165596	0.2519570461036697	0.755726232909746	0.5529790553476687	0.7303526579107211	0.24867537402745885	0.5720597765661528	0.7098073443093847	0.3217113012257105	0.6090087495442918	0.24947357119784377	0.22113654198317872	0.4320064047464987	0.7842596773899269	0.4827350293717811	0.8471621531667789	0.7950022066772627	0.11327125663307469	0.9358925775327394	0.7643276483468128	0.5549948211854642	0.08750451504647158	0.6374434173311748	0.4631502460962152	0.5616355300620531	0.90043751257307	0.7236761846443144	0.3072155793832437	0.6385496536808807	0.30373686995768207	0.4041764416705068	0.242090175988623	0.26084780531475565	0.7666758657379432	0.3344875685573655	0.5957045958306136	0.5506728048825248	0.9211887318583654	0.43031509550150854
389	0.3433110109677301	0.47029261851621473	0.3633230823094414	0.21794865640839592	0.5140042640108003	0.5906708335724075	0.5446727714714193	0.6383541098029974	0.30688401725923314	0.7308022667537649	0.46861244131129054	0.4917917099165596	0.2519570461036697	0.755726232909746	0.5529790553476687	0.7303526579107211	0.24867537402745885	0.5720597765661528	0.7098073443093847	0.3217113012257105	0.6090087495442918	0.24947357119784377	0.22113654198317872	0.4320064047464987	0.7842596773899269	0.4827350293717811	0.8471621531667789	0.7950022066772627	0.11327125663307469	0.9358925775327394	0.7643276483468128	0.5549948211854642	0.08750451504647158	0.6374434173311748	0.4631502460962152	0.5616355300620531	0.90043751257307	0.7236761846443144	0.3072155793832437	0.6385496536808807	0.30373686995768207	0.4041764416705068	0.242090175988623	0.26084780531475565	0.7666758657379432	0.3344875685573655	0.5957045958306136	0.5506728048825248	0.9211887318583654	0.43031509550150854
390	0.3433110109677301	0.47029261851621473	0.3633230823094414	0.21794865640839592	0.5140042640108003	0.5906708335724075	0.5446727714714193	0.6383541098029974	0.30688401725923314	0.7308022667537649	0.46861244131129054	0.4917917099165596	0.2519570461036697	0.755726232909746	0.5529790553476687	0.7303526579107211	0.24867537402745885	0.5720597765661528	0.7098073443093847	0.3217113012257105	0.6090087495442918	0.24947357119784377	0.22113654198317872	0.4320064047464987	0.7842596773899269	0.4827350293717811	0.8471621531667789	0.7950022066772627	0.11327125663307469	0.9358925775327394	0.7643276483468128	0.5549948211854642	0.08750451504647158	0.6374434173311748	0.4631502460962152	0.5616355300620531	0.90043751257307	0.7236761846443144	0.3072155793832437	0.6385496536808807	0.30373686995768207	0.4041764416705068	0.242090175988623	0.26084780531475565	0.7666758657379432	0.3344875685573655	0.5957045958306136	0.5506728048825248	0.9211887318583654	0.43031509550150854
391	0.3433110109677301	0.47029261851621473	0.3633230823094414	0.21794865640839592	0.5140042640108003	0.5906708335724075	0.5446727714714193	0.6383541098029974	0.30688401725923314	0.7308022667537649	0.46861244131129054	0.4917917099165596	0.2519570461036697	0.755726232909746	0.5529790553476687	0.7303526579107211	0.24867537402745885	0.5720597765661528	0.7098073443093847	0.3217113012257105	0.6090087495442918	0.24947357119784377	0.22113654198317872	0.4320064047464987	0.7842596773899269	0.4827350293717811	0.8471621531667789	0.7950022066772627	0.11327125663307469	0.9358925775327394	0.7643276483468128	0.5549948211854642	0.08750451504647158	0.6374434173311748	0.4631502460962152	0.5616355300620531	0.90043751257307	0.7236761846443144	0.3072155793832437	0.6385496536808807	0.30373686995768207	0.4041764416705068	0.242090175988623	0.26084780531475565	0.7666758657379432	0.3344875685573655	0.5957045958306136	0.5506728048825248	0.9211887318583654	0.43031509550150854
392	0.3433110109677301	0.47029261851621473	0.3633230823094414	0.21794865640839592	0.5140042640108003	0.5906708335724075	0.5446727714714193	0.6383541098029974	0.30688401725923314	0.7308022667537649	0.46861244131129054	0.4917917099165596	0.2519570461036697	0.755726232909746	0.5529790553476687	0.7303526579107211	0.24867537402745885	0.5720597765661528	0.7098073443093847	0.3217113012257105	0.6090087495442918	0.24947357119784377	0.22113654198317872	0.4320064047464987	0.7842596773899269	0.4827350293717811	0.8471621531667789	0.7950022066772627	0.11327125663307469	0.9358925775327394	0.7643276483468128	0.5549948211854642	0.08750451504647158	0.6374434173311748	0.4631502460962152	0.5616355300620531	0.90043751257307	0.7236761846443144	0.3072155793832437	0.6385496536808807	0.30373686995768207	0.4041764416705068	0.242090175988623	0.26084780531475565	0.7666758657379432	0.3344875685573655	0.5957045958306136	0.5506728048825248	0.9211887318583654	0.43031509550150854
393	0.3433110109677301	0.47029261851621473	0.3633230823094414	0.21794865640839592	0.5140042640108003	0.5906708335724075	0.5446727714714193	0.6383541098029974	0.30688401725923314	0.7308022667537649	0.46861244131129054	0.4917917099165596	0.2519570461036697	0.755726232909746	0.5529790553476687	0.7303526579107211	0.24867537402745885	0.5720597765661528	0.7098073443093847	0.3217113012257105	0.6090087495442918	0.24947357119784377	0.22113654198317872	0.4320064047464987	0.7842596773899269	0.4827350293717811	0.8471621531667789	0.7950022066772627	0.11327125663307469	0.9358925775327394	0.7643276483468128	0.5549948211854642	0.08750451504647158	0.6374434173311748	0.4631502460962152	0.5616355300620531	0.90043751257307	0.7236761846443144	0.3072155793832437	0.6385496536808807	0.30373686995768207	0.4041764416705068	0.242090175988623	0.26084780531475565	0.7666758657379432	0.3344875685573655	0.5957045958306136	0.5506728048825248	0.9211887318583654	0.43031509550150854
394	0.3433110109677301	0.47029261851621473	0.3633230823094414	0.21794865640839592	0.5140042640108003	0.5906708335724075	0.5446727714714193	0.6383541098029974	0.30688401725923314	0.7308022667537649	0.46861244131129054	0.4917917099165596	0.2519570461036697	0.755726232909746	0.5529790553476687	0.7303526579107211	0.24867537402745885	0.5720597765661528	0.7098073443093847	0.3217113012257105	0.6090087495442918	0.24947357119784377	0.22113654198317872	0.4320064047464987	0.7842596773899269	0.4827350293717811	0.8471621531667789	0.7950022066772627	0.11327125663307469	0.9358925775327394	0.7643276483468128	0.5549948211854642	0.08750451504647158	0.6374434173311748	0.4631502460962152	0.5616355300620531	0.90043751257307	0.7236761846443144	0.3072155793832437	0.6385496536808807	0.30373686995768207	0.4041764416705068	0.242090175988623	0.26084780531475565	0.7666758657379432	0.3344875685573655	0.5957045958306136	0.5506728048825248	0.9211887318583654	0.43031509550150854
395	0.3433110109677301	0.47029261851621473	0.3633230823094414	0.21794865640839592	0.5140042640108003	0.5906708335724075	0.5446727714714193	0.6383541098029974	0.30688401725923314	0.7308022667537649	0.46861244131129054	0.4917917099165596	0.2519570461036697	0.755726232909746	0.5529790553476687	0.7303526579107211	0.24867537402745885	0.5720597765661528	0.7098073443093847	0.3217113012257105	0.6090087495442918	0.24947357119784377	0.22113654198317872	0.4320064047464987	0.7842596773899269	0.4827350293717811	0.8471621531667789	0.7950022066772627	0.11327125663307469	0.9358925775327394	0.7643276483468128	0.5549948211854642	0.08750451504647158	0.6374434173311748	0.4631502460962152	0.5616355300620531	0.90043751257307	0.7236761846443144	0.3072155793832437	0.6385496536808807	0.30373686995768207	0.4041764416705068	0.242090175988623	0.26084780531475565	0.7666758657379432	0.3344875685573655	0.5957045958306136	0.5506728048825248	0.9211887318583654	0.43031509550150854
396	0.3433110109677301	0.47029261851621473	0.3633230823094414	0.21794865640839592	0.5140042640108003	0.5906708335724075	0.5446727714714193	0.6383541098029974	0.30688401725923314	0.7308022667537649	0.46861244131129054	0.4917917099165596	0.2519570461036697	0.755726232909746	0.5529790553476687	0.7303526579107211	0.24867537402745885	0.5720597765661528	0.7098073443093847	0.3217113012257105	0.6090087495442918	0.24947357119784377	0.22113654198317872	0.4320064047464987	0.7842596773899269	0.4827350293717811	0.8471621531667789	0.7950022066772627	0.11327125663307469	0.9358925775327394	0.7643276483468128	0.5549948211854642	0.08750451504647158	0.6374434173311748	0.4631502460962152	0.5616355300620531	0.90043751257307	0.7236761846443144	0.3072155793832437	0.6385496536808807	0.30373686995768207	0.4041764416705068	0.242090175988623	0.26084780531475565	0.7666758657379432	0.3344875685573655	0.5957045958306136	0.5506728048825248	0.9211887318583654	0.43031509550150854
397	0.3433110109677301	0.47029261851621473	0.3633230823094414	0.21794865640839592	0.5140042640108003	0.5906708335724075	0.5446727714714193	0.6383541098029974	0.30688401725923314	0.7308022667537649	0.46861244131129054	0.4917917099165596	0.2519570461036697	0.755726232909746	0.5529790553476687	0.7303526579107211	0.24867537402745885	0.5720597765661528	0.7098073443093847	0.3217113012257105	0.6090087495442918	0.24947357119784377	0.22113654198317872	0.4320064047464987	0.7842596773899269	0.4827350293717811	0.8471621531667789	0.7950022066772627	0.11327125663307469	0.9358925775327394	0.7643276483468128	0.5549948211854642	0.08750451504647158	0.6374434173311748	0.4631502460962152	0.5616355300620531	0.90043751257307	0.7236761846443144	0.3072155793832437	0.6385496536808807	0.30373686995768207	0.4041764416705068	0.242090175988623	0.26084780531475565	0.7666758657379432	0.3344875685573655	0.5957045958306136	0.5506728048825248	0.9211887318583654	0.43031509550150854
398	0.3433110109677301	0.47029261851621473	0.3633230823094414	0.21794865640839592	0.5140042640108003	0.5906708335724075	0.5446727714714193	0.6383541098029974	0.30688401725923314	0.7308022667537649	0.46861244131129054	0.4917917099165596	0.2519570461036697	0.755726232909746	0.5529790553476687	0.7303526579107211	0.24867537402745885	0.5720597765661528	0.7098073443093847	0.3217113012257105	0.6090087495442918	0.24947357119784377	0.22113654198317872	0.4320064047464987	0.7842596773899269	0.4827350293717811	0.8471621531667789	0.7950022066772627	0.11327125663307469	0.9358925775327394	0.7643276483468128	0.5549948211854642	0.08750451504647158	0.6374434173311748	0.4631502460962152	0.5616355300620531	0.90043751257307	0.7236761846443144	0.3072155793832437	0.6385496536808807	0.30373686995768207	0.4041764416705068	0.242090175988623	0.26084780531475565	0.7666758657379432	0.3344875685573655	0.5957045958306136	0.5506728048825248	0.9211887318583654	0.43031509550150854
399	0.3433110109677301	0.47029261851621473	0.3633230823094414	0.21794865640839592	0.5140042640108003	0.5906708335724075	0.5446727714714193	0.6383541098029974	0.30688401725923314	0.7308022667537649	0.46861244131129054	0.4917917099165596	0.2519570461036697	0.755726232909746	0.5529790553476687	0.7303526579107211	0.24867537402745885	0.5720597765661528	0.7098073443093847	0.3217113012257105	0.6090087495442918	0.24947357119784377	0.22113654198317872	0.4320064047464987	0.7842596773899269	0.4827350293717811	0.8471621531667789	0.7950022066772627	0.11327125663307469	0.9358925775327394	0.7643276483468128	0.5549948211854642	0.08750451504647158	0.6374434173311748	0.4631502460962152	0.5616355300620531	0.90043751257307	0.7236761846443144	0.3072155793832437	0.6385496536808807	0.30373686995768207	0.4041764416705068	0.242090175988623	0.26084780531475565	0.7666758657379432	0.3344875685573655	0.5957045958306136	0.5506728048825248	0.9211887318583654	0.43031509550150854
400	0.3433110109677301	0.47029261851621473	0.3633230823094414	0.21794865640839592	0.5140042640108003	0.5906708335724075	0.5446727714714193	0.6383541098029974	0.30688401725923314	0.7308022667537649	0.46861244131129054	0.4917917099165596	0.2519570461036697	0.755726232909746	0.5529790553476687	0.7303526579107211	0.24867537402745885	0.5720597765661528	0.7098073443093847	0.3217113012257105	0.6090087495442918	0.24947357119784377	0.22113654198317872	0.4320064047464987	0.7842596773899269	0.4827350293717811	0.8471621531667789	0.7950022066772627	0.11327125663307469	0.9358925775327394	0.7643276483468128	0.5549948211854642	0.08750451504647158	0.6374434173311748	0.4631502460962152	0.5616355300620531	0.90043751257307	0.7236761846443144	0.3072155793832437	0.6385496536808807	0.30373686995768207	0.4041764416705068	0.242090175988623	0.26084780531475565	0.7666758657379432	0.3344875685573655	0.5957045958306136	0.5506728048825248	0.9211887318583654	0.43031509550150854
