world_seed	cell_seed	time	gene_id	X	P
1016	1069	0	0	0.36436686	0.36436686
1016	1069	0	1	0.88167278	0.88167278
1016	1069	0	2	0.61605681	0.61605681
1016	1069	0	3	0.90404929	0.90404929
1016	1069	0	4	0.89793633	0.89793633
1016	1069	0	5	0.28673268	0.28673268
1016	1069	0	6	0.36691392	0.36691392
1016	1069	0	7	0.09705241	0.09705241
1016	1069	0	8	0.33822742	0.33822742
1016	1069	0	9	0.82066455	0.82066455
1016	1069	0	10	0.79261977	0.79261977
1016	1069	0	11	0.58174676	0.58174676
1016	1069	0	12	0.94628694	0.94628694
1016	1069	0	13	0.22302587	0.22302587
1016	1069	0	14	0.76138387	0.76138387
1016	1069	0	15	0.87984193	0.87984193
1016	1069	0	16	0.12794033	0.12794033
1016	1069	0	17	0.14855070	0.14855070
1016	1069	0	18	0.85556121	0.85556121
1016	1069	0	19	0.55751274	0.55751274
1016	1069	1	0	0.37487351	0.63453053
1016	1069	1	1	0.50739060	1.60387927
1016	1069	1	2	1.22930771	1.16369845
1016	1069	1	3	1.69907896	1.64377889
1016	1069	1	4	1.36666320	1.65604284
1016	1069	1	5	1.73070623	0.51559601
1016	1069	1	6	1.73249341	0.64088927
1016	1069	1	7	0.36823933	0.17383758
1016	1069	1	8	0.21042435	0.62751924
1016	1069	1	9	0.78741727	1.44522130
1016	1069	1	10	1.25856551	1.42086440
1016	1069	1	11	0.44979651	1.03808019
1016	1069	1	12	1.75188376	1.80703493
1016	1069	1	13	0.19026827	0.40406288
1016	1069	1	14	0.76205706	1.39869299
1016	1069	1	15	2.46109059	1.59133499
1016	1069	1	16	0.10346561	0.24030353
1016	1069	1	17	0.65645134	0.27864419
1016	1069	1	18	2.34539463	1.55274192
1016	1069	1	19	0.47801345	1.06533248
1016	1069	2	0	0.60086764	0.84535291
1016	1069	2	1	0.31164775	1.82117960
1016	1069	2	2	1.60338757	2.26377355
1016	1069	2	3	2.17257133	3.04408516
1016	1069	2	4	1.66442140	2.76482117
1016	1069	2	5	2.50694044	2.14224291
1016	1069	2	6	2.76714425	2.21104670
1016	1069	2	7	0.94246036	0.50577479
1016	1069	2	8	0.19837326	0.74715251
1016	1069	2	9	0.94517302	1.88728534
1016	1069	2	10	1.54532671	2.38476810
1016	1069	2	11	0.61358722	1.26408672
1016	1069	2	12	2.03303761	3.39557304
1016	1069	2	13	0.21830536	0.51825864
1016	1069	2	14	0.99891889	1.93281972
1016	1069	2	15	3.38244642	3.74793971
1016	1069	2	16	0.16126088	0.31451145
1016	1069	2	17	1.02064987	0.90047440
1016	1069	2	18	3.20229415	3.61069477
1016	1069	2	19	0.43123025	1.44838922
1016	1069	3	0	1.16245031	1.22766354
1016	1069	3	1	0.21887043	1.80343443
1016	1069	3	2	1.87927866	3.61576147
1016	1069	3	3	2.25683602	4.66336461
1016	1069	3	4	1.73210772	3.99869480
1016	1069	3	5	2.90427287	4.21682866
1016	1069	3	6	3.36377387	4.41813718
1016	1069	3	7	1.78373505	1.34261529
1016	1069	3	8	0.34116627	0.83742586
1016	1069	3	9	1.12830203	2.38146853
1016	1069	3	10	1.70772161	3.43553665
1016	1069	3	11	1.15728269	1.60516134
1016	1069	3	12	1.87985218	5.12167020
1016	1069	3	13	0.40714230	0.63899196
1016	1069	3	14	1.39411766	2.61676726
1016	1069	3	15	3.88262487	6.41325572
1016	1069	3	16	0.26156866	0.43747959
1016	1069	3	17	1.27830937	1.80924165
1016	1069	3	18	3.63365400	6.14458130
1016	1069	3	19	0.41395080	1.75051960
1016	1069	4	0	1.82419953	2.07271448
1016	1069	4	1	0.20929941	1.69612147
1016	1069	4	2	2.11984580	5.09349769
1016	1069	4	3	2.06721759	6.07258907
1016	1069	4	4	1.65153082	5.10811157
1016	1069	4	5	3.03698025	6.27004695
1016	1069	4	6	3.56865308	6.66280563
1016	1069	4	7	2.52386915	2.84597489
1016	1069	4	8	0.58579878	1.05743122
1016	1069	4	9	1.27336556	2.94068965
1016	1069	4	10	1.74594457	4.43078954
1016	1069	4	11	1.79379944	2.41640234
1016	1069	4	12	1.52251549	6.53855260
1016	1069	4	13	0.78313390	0.92583188
1016	1069	4	14	2.04525463	3.58445781
1016	1069	4	15	4.02080189	9.06876888
1016	1069	4	16	0.45537555	0.64578376
1016	1069	4	17	1.44422661	2.86275540
1016	1069	4	18	3.64177189	8.64075756
1016	1069	4	19	0.45068484	2.00844062
1016	1069	5	0	2.42425175	3.36103570
1016	1069	5	1	0.32827302	1.59864696
1016	1069	5	2	2.34869473	6.64769348
1016	1069	5	3	1.76856670	7.03605495
1016	1069	5	4	1.51633995	5.96418912
1016	1069	5	5	2.86465932	8.04158518
1016	1069	5	6	3.54704325	8.54378319
1016	1069	5	7	3.05791687	4.77552523
1016	1069	5	8	0.83001106	1.49023817
1016	1069	5	9	1.36505539	3.51134159
1016	1069	5	10	1.60874027	5.25786778
1016	1069	5	11	2.30910674	3.68927225
1016	1069	5	12	1.17886664	7.47002022
1016	1069	5	13	1.27885247	1.53466034
1016	1069	5	14	3.02606235	5.04559094
1016	1069	5	15	3.69452559	11.35435344
1016	1069	5	16	0.83479097	1.02253314
1016	1069	5	17	1.49825405	3.95128887
1016	1069	5	18	3.17310935	10.68296246
1016	1069	5	19	0.62191578	2.28010631
1016	1069	6	0	2.91649967	4.91632737
1016	1069	6	1	0.59553680	1.63777606
1016	1069	6	2	2.56587042	8.25813954
1016	1069	6	3	1.45836517	7.52575072
1016	1069	6	4	1.37355850	6.55176436
1016	1069	6	5	2.41338116	9.28326466
1016	1069	6	6	3.42955836	9.92670302
1016	1069	6	7	3.41362330	6.83617946
1016	1069	6	8	1.02055692	2.10463778
1016	1069	6	9	1.41507695	4.03731913
1016	1069	6	10	1.34319456	5.77622051
1016	1069	6	11	2.66513587	5.20304337
1016	1069	6	12	0.92637036	7.97363963
1016	1069	6	13	1.81107233	2.52458384
1016	1069	6	14	4.09198632	7.24942626
1016	1069	6	15	3.02832371	12.87633819
1016	1069	6	16	1.27658793	1.73282755
1016	1069	6	17	1.42767419	4.95860110
1016	1069	6	18	2.50973325	11.87845422
1016	1069	6	19	0.96923525	2.69878845
1016	1069	7	0	3.30270508	6.56176281
1016	1069	7	1	0.93221235	1.93709176
1016	1069	7	2	2.74406258	9.90691586
1016	1069	7	3	1.17816142	7.61623802
1016	1069	7	4	1.24277356	6.90505886
1016	1069	7	5	1.87039561	9.82306604
1016	1069	7	6	3.28940142	10.84184710
1016	1069	7	7	3.64004052	8.82221814
1016	1069	7	8	1.14860720	2.82069036
1016	1069	7	9	1.46589068	4.48762949
1016	1069	7	10	1.05686462	5.92153047
1016	1069	7	11	2.88936712	6.74650390
1016	1069	7	12	0.76617897	8.17923844
1016	1069	7	13	2.32274718	3.86035529
1016	1069	7	14	5.06847644	10.16004962
1016	1069	7	15	2.31358889	13.44090464
1016	1069	7	16	1.63435147	2.79843839
1016	1069	7	17	1.27217191	5.77017641
1016	1069	7	18	1.89500680	12.18926184
1016	1069	7	19	1.42878640	3.42747149
1016	1069	8	0	3.59888099	8.16799381
1016	1069	8	1	1.24831149	2.51894640
1016	1069	8	2	2.83569403	11.55078220
1016	1069	8	3	0.94097556	7.41007462
1016	1069	8	4	1.13199835	7.07255213
1016	1069	8	5	1.38752095	9.71093733
1016	1069	8	6	3.16541270	11.38503005
1016	1069	8	7	3.77760695	10.61993386
1016	1069	8	8	1.22217984	3.56119292
1016	1069	8	9	1.58088132	4.88114644
1016	1069	8	10	0.80762779	5.75037581
1016	1069	8	11	3.01708807	8.18145549
1016	1069	8	12	0.67950735	8.20606090
1016	1069	8	13	2.78429401	5.45631723
1016	1069	8	14	5.90673538	13.57284933
1016	1069	8	15	1.70858035	13.18271218
1016	1069	8	16	1.87948245	4.09207137
1016	1069	8	17	1.08699961	6.32541240
1016	1069	8	18	1.40208073	11.82780666
1016	1069	8	19	1.91849798	4.55075568
1016	1069	9	0	3.82298011	9.65512676
1016	1069	9	1	1.50353940	3.31166136
1016	1069	9	2	2.81097715	13.10372312
1016	1069	9	3	0.74739882	7.00419755
1016	1069	9	4	1.04459670	7.10318755
1016	1069	9	5	1.01449687	9.13856416
1016	1069	9	6	3.07900943	11.66663711
1016	1069	9	7	3.85442069	12.17980291
1016	1069	9	8	1.25203125	4.26813032
1016	1069	9	9	1.79750722	5.29561835
1016	1069	9	10	0.60952550	5.36547873
1016	1069	9	11	3.07563791	9.43478028
1016	1069	9	12	0.64827210	8.14378714
1016	1069	9	13	3.18406176	7.21335585
1016	1069	9	14	6.60768116	17.26775981
1016	1069	9	15	1.24626042	12.36891371
1016	1069	9	16	2.03565703	5.47333152
1016	1069	9	17	0.90756805	6.62648885
1016	1069	9	18	1.02926753	11.04033758
1016	1069	9	19	2.38926623	6.06362930
1016	1069	10	0	3.99095300	10.98187640
1016	1069	10	1	1.69420979	4.21622753
1016	1069	10	2	2.68537078	14.45948786
1016	1069	10	3	0.59320782	6.47851582
1016	1069	10	4	0.98215974	7.04165067
1016	1069	10	5	0.74548912	8.30868519
1016	1069	10	6	3.04277975	11.79051038
1016	1069	10	7	3.88845159	13.49074162
1016	1069	10	8	1.24711457	4.90263764
1016	1069	10	9	2.09690696	5.82767306
1016	1069	10	10	0.45871938	4.86230011
1016	1069	10	11	3.08288769	10.47646236
1016	1069	10	12	0.65970133	8.05590733
1016	1069	10	13	3.52037426	9.03936630
1016	1069	10	14	7.18676661	21.06149526
1016	1069	10	15	0.90974922	11.24850742
1016	1069	10	16	2.13216856	6.84259357
1016	1069	10	17	0.74938562	6.71072542
1016	1069	10	18	0.75485632	10.02583066
1016	1069	10	19	2.81935987	7.91242360
1016	1069	11	0	4.11589895	12.13358190
1016	1069	11	1	1.83103018	5.14785713
1016	1069	11	2	2.49871078	15.53908400
1016	1069	11	3	0.47263402	5.89419083
1016	1069	11	4	0.94573299	6.92725957
1016	1069	11	5	0.55797931	7.37728745
1016	1069	11	6	3.06442229	11.84677712
1016	1069	11	7	3.89034508	14.56195072
1016	1069	11	8	1.21398146	5.44042615
1016	1069	11	9	2.43291037	6.53198654
1016	1069	11	10	0.34646964	4.31266561
1016	1069	11	11	3.04924995	11.30082775
1016	1069	11	12	0.70587004	7.98740058
1016	1069	11	13	3.79691449	10.85790809
1016	1069	11	14	7.66218592	24.81609089
1016	1069	11	15	0.67077604	10.00596836
1016	1069	11	16	2.19126480	8.14165527
1016	1069	11	17	0.61666445	6.62631330
1016	1069	11	18	0.55567421	8.92471687
1016	1069	11	19	3.20176268	10.02652220
1016	1069	12	0	4.20822015	13.11247213
1016	1069	12	1	1.92727225	6.04780522
1016	1069	12	2	2.28621071	16.31212737
1016	1069	12	3	0.37975405	5.29549874
1016	1069	12	4	0.93629981	6.79425510
1016	1069	12	5	0.42928816	6.44635773
1016	1069	12	6	3.14826893	11.91043415
1016	1069	12	7	3.86566125	15.41135502
1016	1069	12	8	1.15748289	5.86727294
1016	1069	12	9	2.76740923	7.40399916
1016	1069	12	10	0.26394941	3.76476570
1016	1069	12	11	2.98007804	11.91383819
1016	1069	12	12	0.78204053	7.97125515
1016	1069	12	13	4.02011691	12.61061506
1016	1069	12	14	8.05109774	28.43425876
1016	1069	12	15	0.50318967	8.76220341
1016	1069	12	16	2.22757297	9.34164846
1016	1069	12	17	0.50841231	6.41966808
1016	1069	12	18	0.41218862	7.82825787
1016	1069	12	19	3.53646642	12.33458680
1016	1069	13	0	4.27600270	13.93060188
1016	1069	13	1	1.99442998	6.88122368
1016	1069	13	2	2.07025856	16.78682161
1016	1069	13	3	0.30914596	4.71274475
1016	1069	13	4	0.95485672	6.67252938
1016	1069	13	5	0.34137794	5.57462023
1016	1069	13	6	3.29554423	12.04181362
1016	1069	13	7	3.81648891	16.05869622
1016	1069	13	8	1.08172963	6.17586388
1016	1069	13	9	3.07883445	8.40213259
1016	1069	13	10	0.20370673	3.24797019
1016	1069	13	11	2.87776761	12.32552355
1016	1069	13	12	0.88495478	8.03273968
1016	1069	13	13	4.19742928	14.25654406
1016	1069	13	14	8.36853596	31.85172357
1016	1069	13	15	0.38634063	7.58883396
1016	1069	13	16	2.25014416	10.43184693
1016	1069	13	17	0.42163237	6.13044610
1016	1069	13	18	0.30925008	6.79128849
1016	1069	13	19	3.82657834	14.77162947
1016	1069	14	0	4.32542181	14.60499542
1016	1069	14	1	2.04126431	7.63106122
1016	1069	14	2	1.86308791	16.99284732
1016	1069	14	3	0.25617940	4.16530384
1016	1069	14	4	1.00221297	6.58831613
1016	1069	14	5	0.28119732	4.79090951
1016	1069	14	6	3.50407464	12.28719023
1016	1069	14	7	3.74263066	16.52168221
1016	1069	14	8	0.99089038	6.36405384
1016	1069	14	9	3.35783531	9.47317510
1016	1069	14	10	0.15989314	2.77810612
1016	1069	14	11	2.74354763	12.54614709
1016	1069	14	12	1.01138970	8.19158059
1016	1069	14	13	4.33617397	15.76990802
1016	1069	14	14	8.62725557	35.02971821
1016	1069	14	15	0.30499270	6.52312786
1016	1069	14	16	2.26442582	11.41188158
1016	1069	14	17	0.35283519	5.79037958
1016	1069	14	18	0.23555185	5.84334314
1016	1069	14	19	4.07642432	17.28156215
1016	1069	15	0	4.36112506	15.15445079
1016	1069	15	1	2.07406160	8.29211155
1016	1069	15	2	1.67067339	16.96882252
1016	1069	15	3	0.21707812	3.66439904
1016	1069	15	4	1.07859486	6.56457312
1016	1069	15	5	0.23972791	4.10518932
1016	1069	15	6	3.76800091	12.67894384
1016	1069	15	7	3.64258588	16.81412559
1016	1069	15	8	0.88962730	6.43417675
1016	1069	15	9	3.60206556	10.56727982
1016	1069	15	10	0.12808360	2.36186984
1016	1069	15	11	2.57903309	12.58498850
1016	1069	15	12	1.15711764	8.46249812
1016	1069	15	13	4.44293762	17.13709715
1016	1069	15	14	8.83790245	37.94854800
1016	1069	15	15	0.24828582	5.57998593
1016	1069	15	16	2.27366000	12.28687565
1016	1069	15	17	0.29869822	5.42376864
1016	1069	15	18	0.18282557	4.99718211
1016	1069	15	19	4.29062865	19.81762196
1016	1069	16	0	4.38656966	15.59755356
1016	1069	16	1	2.09719372	8.86639639
1016	1069	16	2	1.49543734	16.75505124
1016	1069	16	3	0.18885904	3.21543725
1016	1069	16	4	1.18316046	6.62090935
1016	1069	16	5	0.21088285	3.51639408
1016	1069	16	6	4.07792131	13.23539330
1016	1069	16	7	3.51451855	16.94545387
1016	1069	16	8	0.78309139	6.39289102
1016	1069	16	9	3.81274857	11.64416514
1016	1069	16	10	0.10499805	2.00014397
1016	1069	16	11	2.38748915	12.45094190
1016	1069	16	12	1.31642010	8.85465418
1016	1069	16	13	4.52333230	18.35365060
1016	1069	16	14	9.00928087	40.60237359
1016	1069	16	15	0.20862527	4.76059780
1016	1069	16	16	2.27977408	13.06457067
1016	1069	16	17	0.25631507	5.04857160
1016	1069	16	18	0.14509534	4.25493514
1016	1069	16	19	4.47367396	22.34183846
1016	1069	17	0	4.40430211	15.95154142
1016	1069	17	1	2.11365331	9.35994366
1016	1069	17	2	1.33785245	16.38978393
1016	1069	17	3	0.16922086	2.81985952
1016	1069	17	4	1.31358331	6.77303830
1016	1069	17	5	0.19059896	3.01758642
1016	1069	17	6	4.42167087	13.96081561
1016	1069	17	7	3.35730625	16.92128982
1016	1069	17	8	0.67653453	6.25104270
1016	1069	17	9	3.99273719	12.67439860
1016	1069	17	10	0.08823463	1.69034802
1016	1069	17	11	2.17460088	12.15424922
1016	1069	17	12	1.48225733	9.37066404
1016	1069	17	13	4.58196915	19.42155943
1016	1069	17	14	9.14863170	42.99511149
1016	1069	17	15	0.18075606	4.05833076
1016	1069	17	16	2.28392079	13.75369300
1016	1069	17	17	0.22325416	4.67760909
1016	1069	17	18	0.11807250	3.61236183
1016	1069	17	19	4.62970197	24.82410825
1016	1069	18	0	4.41618049	16.23174193
1016	1069	18	1	2.12547562	9.78068366
1016	1069	18	2	1.19735156	15.90749589
1016	1069	18	3	0.15642374	2.47654368
1016	1069	18	4	1.46588451	7.03190004
1016	1069	18	5	0.17617246	2.59916591
1016	1069	18	6	4.78564113	14.84623944
1016	1069	18	7	3.17162169	16.74495959
1016	1069	18	8	0.57472679	6.02316050
1016	1069	18	9	4.14547863	13.63843384
1016	1069	18	10	0.07604756	1.42803477
1016	1069	18	11	1.94850082	11.70862945
1016	1069	18	12	1.64702511	10.00586678
1016	1069	18	13	4.62253471	20.34705097
1016	1069	18	14	9.26188879	45.13728081
1016	1069	18	15	0.16106217	3.46256622
1016	1069	18	16	2.28679766	14.36305929
1016	1069	18	17	0.19753383	4.31967721
1016	1069	18	18	0.09869237	3.06171811
1016	1069	18	19	4.76243712	27.24115289
1016	1069	19	0	4.42354612	16.45137795
1016	1069	19	1	2.13404438	10.13714762
1016	1069	19	2	1.07284121	15.33826667
1016	1069	19	3	0.14917896	2.18283169
1016	1069	19	4	1.63463013	7.40275210
1016	1069	19	5	0.16580004	2.25076594
1016	1069	19	6	5.15630309	15.87135743
1016	1069	19	7	2.96082641	16.41976747
1016	1069	19	8	0.48142257	5.72644113
1016	1069	19	9	4.27448165	14.52484256
1016	1069	19	10	0.06717362	1.20793352
1016	1069	19	11	1.71897285	11.13297662
1016	1069	19	12	1.80361049	10.74841859
1016	1069	19	13	4.64790701	21.13886671
1016	1069	19	14	9.35390333	47.04362036
1016	1069	19	15	0.14706053	2.96110132
1016	1069	19	16	2.28883372	14.90111022
1016	1069	19	17	0.17756573	3.98049752
1016	1069	19	18	0.08477037	2.59362878
1016	1069	19	19	4.87517296	29.57549325
1016	1069	20	0	4.42735364	16.62159504
1016	1069	20	1	2.14030416	10.43770745
1016	1069	20	2	0.96299259	14.70774190
1016	1069	20	3	0.14655543	1.93525991
1016	1069	20	4	1.81347192	7.88459940
1016	1069	20	5	0.15827144	1.96230881
1016	1069	20	6	5.52153806	17.00747701
1016	1069	20	7	2.73134748	15.95168923
1016	1069	20	8	0.39906049	5.37934765
1016	1069	20	9	4.38305584	15.32843614
1016	1069	20	10	0.06070104	1.02460338
1016	1069	20	11	1.49606693	10.45189541
1016	1069	20	12	1.94634897	11.58043334
1016	1069	20	13	4.66027898	21.80698038
1016	1069	20	14	9.42863468	48.73131828
1016	1069	20	15	0.13704541	2.54158502
1016	1069	20	16	2.29029822	15.37568785
1016	1069	20	17	0.16209071	3.66349231
1016	1069	20	18	0.07475123	2.19826960
1016	1069	20	19	4.97079003	31.81450175
1016	1069	21	0	4.42826815	16.75161183
1016	1069	21	1	2.14490438	10.69016543
1016	1069	21	2	0.86640631	14.03739041
1016	1069	21	3	0.14790395	1.73006316
1016	1069	21	4	1.99586913	8.47025350
1016	1069	21	5	0.15276703	1.72454047
1016	1069	21	6	5.87150786	18.22105471
1016	1069	21	7	2.49228016	15.35187983
1016	1069	21	8	0.32875303	5.00011046
1016	1069	21	9	4.47419705	16.04857542
1016	1069	21	10	0.05597248	0.87282005
1016	1069	21	11	1.28861723	9.69473620
1016	1069	21	12	2.07157305	12.47997717
1016	1069	21	13	4.66127433	22.36168093
1016	1069	21	14	9.48931045	50.21872112
1016	1069	21	15	0.12984248	2.19232381
1016	1069	21	16	2.29136399	15.79394868
1016	1069	21	17	0.15011813	3.37039950
1016	1069	21	18	0.06752817	1.86607972
1016	1069	21	19	5.05178831	33.94955686
1016	1069	22	0	4.42673713	16.84892867
1016	1069	22	1	2.14829552	10.90156209
1016	1069	22	2	0.78170465	13.34489743
1016	1069	22	3	0.15279733	1.56351142
1016	1069	22	4	2.17577428	9.14710468
1016	1069	22	5	0.14872561	1.52925493
1016	1069	22	6	6.19899673	19.47720538
1016	1069	22	7	2.25423881	14.63826002
1016	1069	22	8	0.27050462	4.60543482
1016	1069	22	9	4.55055081	16.68776987
1016	1069	22	10	0.05251409	0.74778529
1016	1069	22	11	1.10316406	8.89335614
1016	1069	22	12	2.17765958	13.42343145
1016	1069	22	13	4.65205042	22.81294392
1016	1069	22	14	9.53855927	51.52441329
1016	1069	22	15	0.12464026	1.90268727
1016	1069	22	16	2.29214471	16.16235075
1016	1069	22	17	0.14087284	3.10175046
1016	1069	22	18	0.06231333	1.58816138
1016	1069	22	19	5.12032541	35.97530551
1016	1069	23	0	4.42304327	16.91955425
1016	1069	23	1	2.15079325	11.07811502
1016	1069	23	2	0.70758144	12.64460645
1016	1069	23	3	0.16098372	1.43212544
1016	1069	23	4	2.34811591	9.89845935
1016	1069	23	5	0.14575835	1.36934115
1016	1069	23	6	6.49931666	20.74266443
1016	1069	23	7	2.02781685	13.83562254
1016	1069	23	8	0.22354367	4.20961343
1016	1069	23	9	4.61441603	17.25057477
1016	1069	23	10	0.04998417	0.64522212
1016	1069	23	11	0.94354292	8.07928492
1016	1069	23	12	2.26468521	14.38768937
1016	1069	23	13	4.63338734	23.17002415
1016	1069	23	14	9.57852047	52.66657933
1016	1069	23	15	0.12087543	1.66326754
1016	1069	23	16	2.29271688	16.48667944
1016	1069	23	17	0.13375069	2.85723538
1016	1069	23	18	0.05854550	1.35647612
1016	1069	23	19	5.17825551	37.88902939
1016	1069	24	0	4.41734319	16.96822648
1016	1069	24	1	2.15262090	11.22523293
1016	1069	24	2	0.64282699	11.94796193
1016	1069	24	3	0.17235043	1.33280654
1016	1069	24	4	2.50901724	10.70515202
1016	1069	24	5	0.14359277	1.23873445
1016	1069	24	6	6.76993684	21.98790513
1016	1069	24	7	1.82218191	12.97417616
1016	1069	24	8	0.18666282	3.82409953
1016	1069	24	9	4.66776880	17.74275582
1016	1069	24	10	0.04813606	0.56139879
1016	1069	24	11	0.81110098	7.28109055
1016	1069	24	12	2.33388969	15.35180951
1016	1069	24	13	4.60576490	23.44121418
1016	1069	24	14	9.61093407	53.66257975
1016	1069	24	15	0.11815489	1.46589352
1016	1069	24	16	2.29313312	16.77209229
1016	1069	24	17	0.12828233	2.63597878
1016	1069	24	18	0.05582453	1.16391235
1016	1069	24	19	5.22716666	39.69010663
1016	1069	25	0	4.40969574	16.99861495
1016	1069	25	1	2.15393785	11.34756958
1016	1069	25	2	0.58633823	11.26392766
1016	1069	25	3	0.18689550	1.26290650
1016	1069	25	4	2.65578247	11.54712498
1016	1069	25	5	0.14203595	1.13232166
1016	1069	25	6	7.00999152	23.18834899
1016	1069	25	7	1.64421677	12.08698882
1016	1069	25	8	0.15850192	3.45748192
1016	1069	25	9	4.71229458	18.17067696
1016	1069	25	10	0.04679155	0.49311080
1016	1069	25	11	0.70530852	6.52252948
1016	1069	25	12	2.38712785	16.29798317
1016	1069	25	13	4.56942985	23.63372508
1016	1069	25	14	9.63721459	54.52868602
1016	1069	25	15	0.11620291	1.30356449
1016	1069	25	16	2.29343028	17.02317148
1016	1069	25	17	0.12410414	2.43674464
1016	1069	25	18	0.05386475	1.00427477
1016	1069	25	19	5.26841518	41.37955888
1016	1069	26	0	4.40008284	17.01349935
1016	1069	26	1	2.15485853	11.44909641
1016	1069	26	2	0.53712011	10.59936894
1016	1069	26	3	0.20470505	1.22025655
1016	1069	26	4	2.78672810	12.40474815
1016	1069	26	5	0.14095027	1.04582863
1016	1069	26	6	7.21977740	24.32477748
1016	1069	26	7	1.49832966	11.20710577
1016	1069	26	8	0.13774947	3.11574657
1016	1069	26	9	4.74942292	18.54086692
1016	1069	26	10	0.04582180	0.43764001
1016	1069	26	11	0.62449945	5.82170702
1016	1069	26	12	2.42641975	17.21186628
1016	1069	26	13	4.52445615	23.75365710
1016	1069	26	14	9.65851141	55.27993256
1016	1069	26	15	0.11482521	1.17034349
1016	1069	26	16	2.29363445	17.24397817
1016	1069	26	17	0.12093513	2.25808685
1016	1069	26	18	0.05246208	0.87222934
1016	1069	26	19	5.30315658	42.95967301
1016	1069	27	0	4.38842513	17.01492264
1016	1069	27	1	2.15546523	11.53318097
1016	1069	27	2	0.49428205	9.95939356
1016	1069	27	3	0.22593414	1.20316819
1016	1069	27	4	2.90094024	13.25976482
1016	1069	27	5	0.14023726	0.97570624
1016	1069	27	6	7.40030348	25.38313676
1016	1069	27	7	1.38679373	10.36507969
1016	1069	27	8	0.12326678	2.80270191
1016	1069	27	9	4.78036121	18.85972382
1016	1069	27	10	0.04513363	0.39270312
1016	1069	27	11	0.56654743	5.19115924
1016	1069	27	12	2.45363600	18.08243148
1016	1069	27	13	4.47080051	23.80603594
1016	1069	27	14	9.67575799	55.93005315
1016	1069	27	15	0.11388455	1.06123530
1016	1069	27	16	2.29376426	17.43810513
1016	1069	27	17	0.11855890	2.09845802
1016	1069	27	18	0.05147064	0.76322534
1016	1069	27	19	5.33237314	44.43368759
1016	1069	28	0	4.37459418	17.00432025
1016	1069	28	1	2.15581691	11.60266403
1016	1069	28	2	0.45703167	9.34765155
1016	1069	28	3	0.25078991	1.21041489
1016	1069	28	4	2.99801868	14.09584740
1016	1069	28	5	0.13982668	0.91902317
1016	1069	28	6	7.55291922	26.35394179
1016	1069	28	7	1.31035377	9.58735618
1016	1069	28	8	0.11415184	2.52046666
1016	1069	28	9	4.80612593	19.13332427
1016	1069	28	10	0.04465979	0.35639716
1016	1069	28	11	0.52938164	4.63859332
1016	1069	28	12	2.47030923	18.90151879
1016	1069	28	13	4.40835509	23.79489782
1016	1069	28	14	9.68971204	56.49147698
1016	1069	28	15	0.11328397	0.97206319
1016	1069	28	16	2.29383291	17.60872634
1016	1069	28	17	0.11680939	1.95628660
1016	1069	28	18	0.05078620	0.67340859
1016	1069	28	19	5.35689801	45.80553478
1016	1069	29	0	4.35842251	16.98262804
1016	1069	29	1	2.15595525	11.65993152
1016	1069	29	2	0.42466710	8.76659516
1016	1069	29	3	0.27951543	1.24120021
1016	1069	29	4	3.07784533	14.89881068
1016	1069	29	5	0.13966907	0.87336949
1016	1069	29	6	7.67902339	27.23145957
1016	1069	29	7	1.26885110	8.89560303
1016	1069	29	8	0.10976267	2.26995097
1016	1069	29	9	4.82757071	19.36730928
1016	1069	29	10	0.04435189	0.32714658
1016	1069	29	11	0.51132286	4.16798412
1016	1069	29	12	2.47754222	19.66323851
1016	1069	29	13	4.33699846	23.72341126
1016	1069	29	14	9.70098826	56.97536551
1016	1069	29	15	0.11295539	0.89935269
1016	1069	29	16	2.29384965	17.75864255
1016	1069	29	17	0.11555989	1.83003027
1016	1069	29	18	0.05033451	0.59953418
1016	1069	29	19	5.37743633	47.07962944
1016	1069	30	0	4.33971262	16.95037245
1016	1069	30	1	2.15590889	11.70697950
1016	1069	30	2	0.39656888	8.21770246
1016	1069	30	3	0.31237342	1.29511551
1016	1069	30	4	3.14039559	15.65656031
1016	1069	30	5	0.13973060	0.83677219
1016	1069	30	6	7.77984514	28.01280799
1016	1069	30	7	1.26169749	8.30680452
1016	1069	30	8	0.10971642	2.05129137
1016	1069	30	9	4.84541099	19.56682550
1016	1069	30	10	0.04417536	0.30365412
1016	1069	30	11	0.51125967	3.78077036
1016	1069	30	12	2.47598160	20.36333610
1016	1069	30	13	4.25664484	23.59402676
1016	1069	30	14	9.71008498	57.39167602
1016	1069	30	15	0.11285165	0.84022602
1016	1069	30	16	2.29382069	17.89032274
1016	1069	30	17	0.11471445	1.71821160
1016	1069	30	18	0.05006290	0.53888362
1016	1069	30	19	5.39458344	48.26069801
1016	1069	31	0	4.31824581	16.90774631
1016	1069	31	1	2.15569638	11.74547165
1016	1069	31	2	0.37219184	7.70166791
1016	1069	31	3	0.34962910	1.37208918
1016	1069	31	4	3.18560108	16.35886074
1016	1069	31	5	0.13998939	0.80762260
1016	1069	31	6	7.85628586	28.69706416
1016	1069	31	7	1.28811681	7.83380992
1016	1069	31	8	0.11387538	1.86422174
1016	1069	31	9	4.86024545	19.73650516
1016	1069	31	10	0.04410590	0.28485706
1016	1069	31	11	0.52869574	3.47696919
1016	1069	31	12	2.46583363	20.99858824
1016	1069	31	13	4.16729101	23.40864774
1016	1069	31	14	9.71740579	57.74924149
1016	1069	31	15	0.11294105	0.79230891
1016	1069	31	16	2.29374990	18.00594149
1016	1069	31	17	0.11420124	1.61944079
1016	1069	31	18	0.04993445	0.48918902
1016	1069	31	19	5.40884062	49.35364103
1016	1069	32	0	4.29379139	16.85467390
1016	1069	32	1	2.15532841	11.77678930
1016	1069	32	2	0.35105738	7.21856369
1016	1069	32	3	0.39153186	1.47232782
1016	1069	32	4	3.21326690	16.99700194
1016	1069	32	5	0.14043302	0.78461488
1016	1069	32	6	7.90881242	29.28444031
1016	1069	32	7	1.34714327	7.48600910
1016	1069	32	8	0.12232581	1.70837678
1016	1069	32	9	4.87257442	19.88047227
1016	1069	32	10	0.04412682	0.26988872
1016	1069	32	11	0.56369368	3.25609774
1016	1069	32	12	2.44690850	21.56626925
1016	1069	32	13	4.06905897	23.16881601
1016	1069	32	14	9.72327725	58.05585909
1016	1069	32	15	0.11320349	0.75364965
1016	1069	32	16	2.29363928	18.10741252
1016	1069	32	17	0.11396746	1.53242890
1016	1069	32	18	0.04992371	0.44856536
1016	1069	32	19	5.42062868	50.36342349
1016	1069	33	0	4.26611678	16.79086838
1016	1069	33	1	2.15480926	11.80207462
1016	1069	33	2	0.33274614	6.76797536
1016	1069	33	3	0.43829580	1.59624988
1016	1069	33	4	3.22304638	17.56343535
1016	1069	33	5	0.14105662	0.76669428
1016	1069	33	6	7.93739718	29.77556180
1016	1069	33	7	1.43741819	7.26986522
1016	1069	33	8	0.13535091	1.58353030
1016	1069	33	9	4.88281554	20.00236565
1016	1069	33	10	0.04422716	0.25804546
1016	1069	33	11	0.61673079	3.11783984
1016	1069	33	12	2.41868911	22.06370999
1016	1069	33	13	3.96223196	22.87590511
1016	1069	33	14	9.72796314	58.31838189
1016	1069	33	15	0.11362777	0.72264989
1016	1069	33	16	2.29348931	18.19641852
1016	1069	33	17	0.11397531	1.45599433
1016	1069	33	18	0.05001377	0.41545117
1016	1069	33	19	5.43029950	51.29498867
1016	1069	34	0	4.23499864	16.71588448
1016	1069	34	1	2.15413804	11.82226749
1016	1069	34	2	0.31689133	6.34911514
1016	1069	34	3	0.49007971	1.74441185
1016	1069	34	4	3.21447557	18.05144122
1016	1069	34	5	0.14186152	0.75301408
1016	1069	34	6	7.94150556	30.17086795
1016	1069	34	7	1.55687083	7.18913313
1016	1069	34	8	0.15339599	1.48977203
1016	1069	34	9	4.89131711	20.10537224
1016	1069	34	10	0.04440039	0.24875862
1016	1069	34	11	0.68847568	3.06242476
1016	1069	34	12	2.38042691	22.48796553
1016	1069	34	13	3.84728106	22.53131325
1016	1069	34	14	9.73167615	58.54280999
1016	1069	34	15	0.11420967	0.69800590
1016	1069	34	16	2.29329919	18.27443779
1016	1069	34	17	0.11419898	1.38906449
1016	1069	34	18	0.05019407	0.38855711
1016	1069	34	19	5.43814596	52.15319108
1016	1069	35	0	4.20023516	16.62916874
1016	1069	35	1	2.15330947	11.83813689
1016	1069	35	2	0.30317261	5.96091593
1016	1069	35	3	0.54696721	1.91742786
1016	1069	35	4	3.18706746	18.45488227
1016	1069	35	5	0.14285424	0.74289976
1016	1069	35	6	7.92013711	30.47015221
1016	1069	35	7	1.70240249	7.24471278
1016	1069	35	8	0.17702193	1.42762401
1016	1069	35	9	4.89836934	20.19226573
1016	1069	35	10	0.04464335	0.24157093
1016	1069	35	11	0.77949768	3.09070100
1016	1069	35	12	2.33126967	22.83560860
1016	1069	35	13	3.72487949	22.13664645
1016	1069	35	14	9.73458734	58.73437841
1016	1069	35	15	0.11495057	0.67865919
1016	1069	35	16	2.29306706	18.34276786
1016	1069	35	17	0.11462225	1.33067425
1016	1069	35	18	0.05045889	0.36682194
1016	1069	35	19	5.44441044	52.94274545
1016	1069	36	0	4.16165905	16.53010894
1016	1069	36	1	2.15231460	11.85030746
1016	1069	36	2	0.29131066	5.60210883
1016	1069	36	3	0.60894864	2.11588404
1016	1069	36	4	3.14045886	18.76808993
1016	1069	36	5	0.14404571	0.73581946
1016	1069	36	6	7.87192847	30.67225991
1016	1069	36	7	1.86970483	7.43421752
1016	1069	36	8	0.20684249	1.39809367
1016	1069	36	9	4.90421384	20.26544718
1016	1069	36	10	0.04495559	0.23611680
1016	1069	36	11	0.88993434	3.20390343
1016	1069	36	12	2.27042372	23.10266948
1016	1069	36	13	3.59590268	21.69388161
1016	1069	36	14	9.73683382	58.89764012
1016	1069	36	15	0.11585641	0.66375518
1016	1069	36	16	2.29279010	18.40254640
1016	1069	36	17	0.11523667	1.27996218
1016	1069	36	18	0.05080623	0.34937518
1016	1069	36	19	5.44929205	53.66818863
1016	1069	37	0	4.11915099	16.41808390
1016	1069	37	1	2.15114133	11.85928190
1016	1069	37	2	0.28106217	5.27128651
1016	1069	37	3	0.67590592	2.34025032
1016	1069	37	4	3.07459167	18.98591519
1016	1069	37	5	0.14545065	0.73135960
1016	1069	37	6	7.79532502	30.77496548
1016	1069	37	7	2.05331598	7.75145073
1016	1069	37	8	0.24344306	1.40265642
1016	1069	37	9	4.90905155	20.32698553
1016	1069	37	10	0.04533879	0.23210600
1016	1069	37	11	1.01916515	3.40313826
1016	1069	37	12	2.19734418	23.28474362
1016	1069	37	13	3.46141315	21.20549885
1016	1069	37	14	9.73852499	59.03654326
1016	1069	37	15	0.11693695	0.65260874
1016	1069	37	16	2.29246471	18.45476977
1016	1069	37	17	0.11604008	1.23616544
1016	1069	37	18	0.05123698	0.33550548
1016	1069	37	19	5.45295281	54.33385220
1016	1069	38	0	4.07265259	16.29251368
1016	1069	38	1	2.14977484	11.86545987
1016	1069	38	2	0.27221553	4.96695463
1016	1069	38	3	0.74760218	2.59079314
1016	1069	38	4	2.98989667	19.10395273
1016	1069	38	5	0.14708700	0.72920479
1016	1069	38	6	7.68882019	30.77505248
1016	1069	38	7	2.24694748	8.18604797
1016	1069	38	8	0.28728265	1.44315959
1016	1069	38	9	4.91304949	20.37865626
1016	1069	38	10	0.04579638	0.22931017
1016	1069	38	11	1.16555938	3.68865274
1016	1069	38	12	2.11193373	23.37727976
1016	1069	38	13	3.32263106	20.67457390
1016	1069	38	14	9.73974767	59.15450198
1016	1069	38	15	0.11820515	0.64467560
1016	1069	38	16	2.29208656	18.50030938
1016	1069	38	17	0.11703549	1.19861378
1016	1069	38	18	0.05175437	0.32463407
1016	1069	38	19	5.45552293	54.94384367
1016	1069	39	0	4.02217804	16.15290991
1016	1069	39	1	2.14819808	11.86915396
1016	1069	39	2	0.26458689	4.68757319
1016	1069	39	3	0.82367747	2.86749365
1016	1069	39	4	2.88743888	19.11891405
1016	1069	39	5	0.14897549	0.72912122
1016	1069	39	6	7.55124736	30.66861262
1016	1069	39	7	2.44402304	8.72352070
1016	1069	39	8	0.33858780	1.52164224
1016	1069	39	9	4.91634629	20.42197758
1016	1069	39	10	0.04633317	0.22755173
1016	1069	39	11	1.32637143	4.05901005
1016	1069	39	12	2.01471584	23.37604071
1016	1069	39	13	3.18089254	20.10482357
1016	1069	39	14	9.74057020	59.25446089
1016	1069	39	15	0.11967666	0.63952859
1016	1069	39	16	2.29165071	18.53992625
1016	1069	39	17	0.11823010	1.16672328
1016	1069	39	18	0.05236345	0.31629256
1016	1069	39	19	5.45710541	55.50203463
1016	1069	40	0	3.96782347	15.99892466
1016	1069	40	1	2.14639211	11.87060315
1016	1069	40	2	0.25801673	4.43158934
1016	1069	40	3	0.90365158	3.16997645
1016	1069	40	4	2.76898429	19.02908775
1016	1069	40	5	0.15113909	0.73094301
1016	1069	40	6	7.38209127	30.45156093
1016	1069	40	7	2.63829738	9.34582971
1016	1069	40	8	0.39725405	1.64007498
1016	1069	40	9	4.91905691	20.45824354
1016	1069	40	10	0.04695517	0.22669475
1016	1069	40	11	1.49783409	4.51033756
1016	1069	40	12	1.90694021	23.27769577
1016	1069	40	13	3.03759966	19.50060104
1016	1069	40	14	9.74104585	59.33895308
1016	1069	40	15	0.12136937	0.63683792
1016	1069	40	16	2.29115174	18.57428381
1016	1069	40	17	0.11963455	1.13998973
1016	1069	40	18	0.05307078	0.31010430
1016	1069	40	19	5.45777998	56.01205462
1016	1069	41	0	3.90977299	15.83039609
1016	1069	41	1	2.14433660	11.86998425
1016	1069	41	2	0.25236683	4.19746321
1016	1069	41	3	0.98693423	3.49745420
1016	1069	41	4	2.63696364	18.83479493
1016	1069	41	5	0.15360255	0.73456072
1016	1069	41	6	7.18176999	30.12033192
1016	1069	41	7	2.82440406	10.03245761
1016	1069	41	8	0.46277582	1.80003881
1016	1069	41	9	4.92127651	20.48855392
1016	1069	41	10	0.04766928	0.22663750
1016	1069	41	11	1.67545096	5.03583026
1016	1069	41	12	1.79058321	23.08046502
1016	1069	41	13	2.89416658	18.86684201
1016	1069	41	14	9.74121558	59.41015211
1016	1069	41	15	0.12330294	0.63635478
1016	1069	41	16	2.29058380	18.60395925
1016	1069	41	17	0.12126219	1.11798223
1016	1069	41	18	0.05388409	0.30576894
1016	1069	41	19	5.45760654	56.47728935
1016	1069	42	0	3.84830061	15.64738832
1016	1069	42	1	2.14201026	11.86742178
1016	1069	42	2	0.24751760	3.98368767
1016	1069	42	3	1.07284230	3.84869236
1016	1069	42	4	2.49433393	18.53873743
1016	1069	42	5	0.15639184	0.73991175
1016	1069	42	6	6.95183181	29.67268129
1016	1069	42	7	2.99821951	10.76180518
1016	1069	42	8	0.53422486	2.00238044
1016	1069	42	9	4.92308378	20.51384088
1016	1069	42	10	0.04848308	0.22730622
1016	1069	42	11	1.85443091	5.62565378
1016	1069	42	12	1.66822698	22.78470581
1016	1069	42	13	2.75196655	18.20896708
1016	1069	42	14	9.74111035	59.46991831
1016	1069	42	15	0.12549840	0.63789766
1016	1069	42	16	2.28994074	18.62945367
1016	1069	42	17	0.12312844	1.10033678
1016	1069	42	18	0.05481199	0.30304943
1016	1069	42	19	5.45662821	56.90088269
1016	1069	43	0	3.78376760	15.45022288
1016	1069	43	1	2.13939139	11.86299645
1016	1069	43	2	0.24336570	3.78880339
1016	1069	43	3	1.16062282	4.22199765
1016	1069	43	4	2.34436543	18.14615334
1016	1069	43	5	0.15953355	0.74697210
1016	1069	43	6	6.69502093	29.10848149
1016	1069	43	7	3.15700074	11.51266011
1016	1069	43	8	0.61028951	2.24689581
1016	1069	43	9	4.92454359	20.53489248
1016	1069	43	10	0.04940467	0.22865006
1016	1069	43	11	2.03016580	6.26730274
1016	1069	43	12	1.54283272	22.39332531
1016	1069	43	13	2.61228419	17.53274958
1016	1069	43	14	9.74075297	59.51983980
1016	1069	43	15	0.12797761	0.64134078
1016	1069	43	16	2.28921627	18.65120101
1016	1069	43	17	0.12525018	1.08674999
1016	1069	43	18	0.05586375	0.30176126
1016	1069	43	19	5.45487409	57.28574138
1016	1069	44	0	3.71661505	15.23949946
1016	1069	44	1	2.13645840	11.85675264
1016	1069	44	2	0.23982200	3.61140977
1016	1069	44	3	1.24948005	4.61523162
1016	1069	44	4	2.19039791	17.66473534
1016	1069	44	5	0.16305423	0.75574922
1016	1069	44	6	6.41519069	28.43038151
1016	1069	44	7	3.29932101	12.26549686
1016	1069	44	8	0.68937304	2.53209873
1016	1069	44	9	4.92570932	20.55237335
1016	1069	44	10	0.05044241	0.23063681
1016	1069	44	11	2.19864683	6.94635949
1016	1069	44	12	1.41745364	21.91192912
1016	1069	44	13	2.47627634	16.84416051
1016	1069	44	14	9.74015976	59.56126874
1016	1069	44	15	0.13076280	0.64660431
1016	1069	44	16	2.28840407	18.66957608
1016	1069	44	17	0.12764515	1.07697309
1016	1069	44	18	0.05704903	0.30176332
1016	1069	44	19	5.45236175	57.63454219
1016	1069	45	0	3.64735206	15.01610379
1016	1069	45	1	2.13319052	11.84870515
1016	1069	45	2	0.23680975	3.45017260
1016	1069	45	3	1.33860430	5.02584875
1016	1069	45	4	2.03561176	17.10431795
1016	1069	45	5	0.16697962	0.76627559
1016	1069	45	6	6.11707635	27.64421268
1016	1069	45	7	3.42486711	13.00344060
1016	1069	45	8	0.76973415	2.85512130
1016	1069	45	9	4.92662472	20.56684268
1016	1069	45	10	0.05160467	0.23324928
1016	1069	45	11	2.35674485	7.64750581
1016	1069	45	12	1.29494820	21.34866933
1016	1069	45	13	2.34494348	16.14920356
1016	1069	45	14	9.73934183	59.59535322
1016	1069	45	15	0.13387589	0.65364591
1016	1069	45	16	2.28749798	18.68490172
1016	1069	45	17	0.13033128	1.07080592
1016	1069	45	18	0.05837759	0.30295028
1016	1069	45	19	5.44909951	57.94974085
1016	1069	46	0	3.57654027	14.78120171
1016	1069	46	1	2.12956843	11.83884531
1016	1069	46	2	0.23426302	3.30382911
1016	1069	46	3	1.42720038	5.45095650
1016	1069	46	4	1.88284743	16.47638458
1016	1069	46	5	0.17133386	0.77860288
1016	1069	46	6	5.80596965	26.75906452
1016	1069	46	7	3.53417115	13.71282724
1016	1069	46	8	0.84964242	3.21176925
1016	1069	46	9	4.92732552	20.57876979
1016	1069	46	10	0.05289963	0.23648223
1016	1069	46	11	2.50232728	8.35559658
1016	1069	46	12	1.17774873	20.71381956
1016	1069	46	13	2.21911248	15.45375261
1016	1069	46	14	9.73830626	59.62306539
1016	1069	46	15	0.13733795	0.66245325
1016	1069	46	16	2.28649214	18.69745533
1016	1069	46	17	0.13332606	1.06809115
1016	1069	46	18	0.05985898	0.30524606
1016	1069	46	19	5.44508868	58.23358255
1016	1069	47	0	3.50477584	14.53621928
1016	1069	47	1	2.12557506	11.82714671
1016	1069	47	2	0.23212527	3.17119082
1016	1069	47	3	1.51451351	5.88739289
1016	1069	47	4	1.73448972	15.79347090
1016	1069	47	5	0.17613859	0.79279648
1016	1069	47	6	5.48735386	25.78701594
1016	1069	47	7	3.62833680	14.38337823
1016	1069	47	8	0.92751979	3.59672474
1016	1069	47	9	4.92784079	20.58854757
1016	1069	47	10	0.05433496	0.24033968
1016	1069	47	11	2.63422882	9.05661913
1016	1069	47	12	1.06771904	20.01915713
1016	1069	47	13	2.09943016	14.76340251
1016	1069	47	14	9.73705712	59.64522602
1016	1069	47	15	0.14116844	0.67303746
1016	1069	47	16	2.28538124	18.70747466
1016	1069	47	17	0.13664584	1.06870846
1016	1069	47	18	0.06150231	0.30859825
1016	1069	47	19	5.44032558	58.48811363
1016	1069	48	0	3.43267010	14.28281002
1016	1069	48	1	2.12119631	11.81357064
1016	1069	48	2	0.23034813	3.05114471
1016	1069	48	3	1.59985116	6.33181588
1016	1069	48	4	1.59241651	15.06854526
1016	1069	48	5	0.18141202	0.80893022
1016	1069	48	6	5.16655750	24.74256956
1016	1069	48	7	3.70879846	15.00806517
1016	1069	48	8	1.00204581	4.00386126
1016	1069	48	9	4.92819399	20.59650411
1016	1069	48	10	0.05591756	0.24483250
1016	1069	48	11	2.75211942	9.73841634
1016	1069	48	12	0.96610750	19.27725853
1016	1069	48	13	1.98636634	14.08334161
1016	1069	48	14	9.73559633	59.66252623
1016	1069	48	15	0.14538449	0.68542699
1016	1069	48	16	2.28416069	18.71516320
1016	1069	48	17	0.14030513	1.07256885
1016	1069	48	18	0.06331584	0.31297321
1016	1069	48	19	5.43480358	58.71519439
1016	1069	49	0	3.36083042	14.02281130
1016	1069	49	1	2.11642192	11.79807129
1016	1069	49	2	0.22889036	2.94265299
1016	1069	49	3	1.68259965	6.78079835
1016	1069	49	4	1.45800101	14.31443440
1016	1069	49	5	0.18716794	0.82708122
1016	1069	49	6	4.84847038	23.64188302
1016	1069	49	7	3.77713135	15.58276172
1016	1069	49	8	1.07221639	4.42661825
1016	1069	49	9	4.92840395	20.60291253
1016	1069	49	10	0.05765328	0.24997619
1016	1069	49	11	2.85631973	10.39112189
1016	1069	49	12	0.87358018	18.50081178
1016	1069	49	13	1.88022445	13.41825128
1016	1069	49	14	9.73392449	59.67554642
1016	1069	49	15	0.15000008	0.69966194
1016	1069	49	16	2.28282688	18.72069509
1016	1069	49	17	0.14431586	1.07960889
1016	1069	49	18	0.06530668	0.31835182
1016	1069	49	19	5.42851503	58.91651267
1016	1069	50	0	3.28984221	13.75819280
1016	1069	50	1	2.11124625	11.78060090
1016	1069	50	2	0.22771685	2.84475186
1016	1069	50	3	1.76223521	7.23092241
1016	1069	50	4	1.33215188	13.54334086
1016	1069	50	5	0.19341474	0.84732484
1016	1069	50	6	4.53734513	22.50191109
1016	1069	50	7	3.83491543	16.10577853
1016	1069	50	8	1.13735698	4.85838027
1016	1069	50	9	4.92848566	20.60799953
1016	1069	50	10	0.05954653	0.25578889
1016	1069	50	11	2.94760659	11.00731706
1016	1069	50	12	0.79030734	17.70202408
1016	1069	50	13	1.78115759	12.77223496
1016	1069	50	14	9.73204159	59.68477300
1016	1069	50	15	0.15502527	0.71578877
1016	1069	50	16	2.28137738	18.72421965
1016	1069	50	17	0.14868663	1.08978493
1016	1069	50	18	0.06748038	0.32472558
1016	1069	50	19	5.42145319	59.09359822
1016	1069	51	0	3.22025350	13.49100040
1016	1069	51	1	2.10566902	11.76111466
1016	1069	51	2	0.22679780	2.75654947
1016	1069	51	3	1.83832951	7.67886764
1016	1069	51	4	1.21537539	12.76647562
1016	1069	51	5	0.20015449	0.86972962
1016	1069	51	6	4.23668760	21.33956655
1016	1069	51	7	3.88364703	16.57735895
1016	1069	51	8	1.19709976	5.29281445
1016	1069	51	9	4.92845095	20.61195265
1016	1069	51	10	0.06160006	0.26228938
1016	1069	51	11	3.02703714	11.58195937
1016	1069	51	12	0.71607512	16.89216939
1016	1069	51	13	1.68918800	12.14877662
1016	1069	51	14	9.72994770	59.69061313
1016	1069	51	15	0.16046536	0.73385509
1016	1069	51	16	2.27981118	18.72586558
1016	1069	51	17	0.15342202	1.10306739
1016	1069	51	18	0.06984065	0.33209314
1016	1069	51	19	5.41361399	59.24783769
1016	1069	52	0	3.15256232	13.22329904
1016	1069	52	1	2.09969604	11.73957563
1016	1069	52	2	0.22610797	2.67722320
1016	1069	52	3	1.91055014	8.12148880
1016	1069	52	4	1.10784685	11.99381010
1016	1069	52	5	0.20738200	0.89435235
1016	1069	52	6	3.94922558	20.17098407
1016	1069	52	7	3.92468844	16.99919184
1016	1069	52	8	1.25133768	5.72413637
1016	1069	52	9	4.92830907	20.61492641
1016	1069	52	10	0.06381459	0.26949533
1016	1069	52	11	3.09580591	12.11215047
1016	1069	52	12	0.65039984	16.08128873
1016	1069	52	13	1.60422810	11.55072657
1016	1069	52	14	9.72764353	59.69340765
1016	1069	52	15	0.16632012	0.75390469
1016	1069	52	16	2.27812893	18.72574492
1016	1069	52	17	0.15852190	1.11943491
1016	1069	52	18	0.07238891	0.34045709
1016	1069	52	19	5.40499784	59.38049008
1016	1069	53	0	3.08720772	12.95711784
1016	1069	53	1	2.09333981	11.71595934
1016	1069	53	2	0.22562604	2.60601655
1016	1069	53	3	1.97865714	8.55587992
1016	1069	53	4	1.00948205	11.23393826
1016	1069	53	5	0.21508411	0.92123314
1016	1069	53	6	3.67693758	19.01093919
1016	1069	53	7	3.95924529	17.37397569
1016	1069	53	8	1.30016802	6.14729146
1016	1069	53	9	4.92806715	20.61704768
1016	1069	53	10	0.06618856	0.27742142
1016	1069	53	11	3.15513895	12.59681142
1016	1069	53	12	0.59263015	15.27803177
1016	1069	53	13	1.52610165	10.98031092
1016	1069	53	14	9.72513108	59.69344262
1016	1069	53	15	0.17258308	0.77597276
1016	1069	53	16	2.27633307	18.72395669
1016	1069	53	17	0.16398080	1.13886867
1016	1069	53	18	0.07512399	0.34982098
1016	1069	53	19	5.39561118	59.49270254
1016	1069	54	0	3.02456414	12.69440037
1016	1069	54	1	2.08661990	11.69025824
1016	1069	54	2	0.22533398	2.54223571
1016	1069	54	3	2.04249613	8.97942325
1016	1069	54	4	0.92000297	10.49403156
1016	1069	54	5	0.22323905	0.95039087
1016	1069	54	6	3.42112221	17.87244340
1016	1069	54	7	3.98836249	17.70505108
1016	1069	54	8	1.34383521	6.55805374
1016	1069	54	9	4.92773071	20.61842012
1016	1069	54	10	0.06871785	0.28607775
1016	1069	54	11	3.20622193	13.03632189
1016	1069	54	12	0.54202983	14.48961497
1016	1069	54	13	1.45456385	10.43916040
1016	1069	54	14	9.72241402	59.69095943
1016	1069	54	15	0.17924092	0.80008129
1016	1069	54	16	2.27442810	18.72059033
1016	1069	54	17	0.16978745	1.16134672
1016	1069	54	18	0.07804183	0.36018651
1016	1069	54	19	5.38546797	59.58552647
1016	1069	55	0	2.96493902	12.43696213
1016	1069	55	1	2.07956327	11.66248575
1016	1069	55	2	0.22521654	2.48524589
1016	1069	55	3	2.10198947	9.38982248
1016	1069	55	4	0.83899472	9.77986667
1016	1069	55	5	0.23181608	0.98181883
1016	1069	55	6	3.18249004	16.76651098
1016	1069	55	7	4.01293174	17.99610592
1016	1069	55	8	1.38267949	6.95305308
1016	1069	55	9	4.92730395	20.61912816
1016	1069	55	10	0.07139562	0.29546820
1016	1069	55	11	3.25015622	13.43216541
1016	1069	55	12	0.49783953	13.72186624
1016	1069	55	13	1.38931969	9.92835394
1016	1069	55	14	9.71949825	59.68616385
1016	1069	55	15	0.18627301	0.82623474
1016	1069	55	16	2.27242058	18.71572886
1016	1069	55	17	0.17592436	1.18683855
1016	1069	55	18	0.08113523	0.37155104
1016	1069	55	19	5.37459095	59.65993348
1016	1069	56	0	2.90857339	12.18645669
1016	1069	56	1	2.07220420	11.63267977
1016	1069	56	2	0.22526075	2.43446753
1016	1069	56	3	2.15712608	9.78512103
1016	1069	56	4	0.76595286	9.09590583
1016	1069	56	5	0.24077537	1.01548093
1016	1069	56	6	2.96126409	15.70207688
1016	1069	56	7	4.03370530	18.25094965
1016	1069	56	8	1.41709448	7.32974719
1016	1069	56	9	4.92679018	20.61924025
1016	1069	56	10	0.07421215	0.30558901
1016	1069	56	11	3.28793609	13.78660702
1016	1069	56	12	0.45931926	12.97932731
1016	1069	56	13	1.33004014	9.44847234
1016	1069	56	14	9.71639215	59.67923398
1016	1069	56	15	0.19365118	0.85441608
1016	1069	56	16	2.27031929	18.70945177
1016	1069	56	17	0.18236769	1.21529997
1016	1069	56	18	0.08439366	0.38390517
1016	1069	56	19	5.36301258	59.71683132
1016	1069	57	0	2.85564463	11.94435114
1016	1069	57	1	2.06458415	11.60090567
1016	1069	57	2	0.22545553	2.38937250
1016	1069	57	3	2.20795079	10.16370687
1016	1069	57	4	0.70032103	8.44541194
1016	1069	57	5	0.25006817	1.05130851
1016	1069	57	6	2.75727890	14.68603589
1016	1069	57	7	4.05131253	18.47334848
1016	1069	57	8	1.44749464	7.68635524
1016	1069	57	9	4.92619203	20.61881178
1016	1069	57	10	0.07715481	0.31642747
1016	1069	57	11	3.32044071	14.10241775
1016	1069	57	12	0.42577498	12.26538940
1016	1069	57	13	1.27637585	8.99965802
1016	1069	57	14	9.71310689	59.67032729
1016	1069	57	15	0.20133961	0.88458337
1016	1069	57	16	2.26813515	18.70183764
1016	1069	57	17	0.18908719	1.24666843
1016	1069	57	18	0.08780316	0.39723075
1016	1069	57	19	5.35077573	59.75707929
1016	1069	58	0	2.80627106	11.71191065
1016	1069	58	1	2.05675116	11.56725843
1016	1069	58	2	0.22579121	2.34948020
1016	1069	58	3	2.25455386	10.52430578
1016	1069	58	4	0.64152014	7.83058344
1016	1069	58	5	0.25963734	1.08919805
1016	1069	58	6	2.57007191	13.72337089
1016	1069	58	7	4.06627686	18.66691147
1016	1069	58	8	1.47429191	8.02176848
1016	1069	58	9	4.92551178	20.61788755
1016	1069	58	10	0.08020810	0.32796090
1016	1069	58	11	3.34843575	14.38265044
1016	1069	58	12	0.39657319	11.58244312
1016	1069	58	13	1.22796849	8.58167724
1016	1069	58	14	9.70965662	59.65958678
1016	1069	58	15	0.20929512	0.91666688
1016	1069	58	16	2.26588119	18.69296642
1016	1069	58	17	0.19604647	1.28085891
1016	1069	58	18	0.09134641	0.41149901
1016	1069	58	19	5.33793402	59.78150297
1016	1069	59	0	2.76051771	11.49019161
1016	1069	59	1	2.04875917	11.53186391
1016	1069	59	2	0.22625928	2.31435375
1016	1069	59	3	2.29706117	10.86596543
1016	1069	59	4	0.58897002	7.25269733
1016	1069	59	5	0.26941819	1.12900976
1016	1069	59	6	2.39896369	12.81734003
1016	1069	59	7	4.07903188	18.83501744
1016	1069	59	8	1.49788016	8.33545056
1016	1069	59	9	4.92475158	20.61650392
1016	1069	59	10	0.08335379	0.34015578
1016	1069	59	11	3.37258065	14.63046543
1016	1069	59	12	0.37114687	10.93202950
1016	1069	59	13	1.18445985	8.19398192
1016	1069	59	14	9.70605848	59.64714626
1016	1069	59	15	0.21746764	0.95056705
1016	1069	59	16	2.26357234	18.68292133
1016	1069	59	17	0.20320339	1.31776054
1016	1069	59	18	0.09500282	0.42666921
1016	1069	59	19	5.32455176	59.79090797
1016	1069	60	0	2.71840269	11.28004233
1016	1069	60	1	2.04066694	11.49487912
1016	1069	60	2	0.22685200	2.28359629
1016	1069	60	3	2.33562528	11.18803244
1016	1069	60	4	0.54210500	6.71225156
1016	1069	60	5	0.27933961	1.17056740
1016	1069	60	6	2.24312596	11.96969679
1016	1069	60	7	4.08993599	18.98077323
1016	1069	60	8	1.51862578	8.62733656
1016	1069	60	9	4.92391366	20.61469073
1016	1069	60	10	0.08657116	0.35296736
1016	1069	60	11	3.39343882	14.84900119
1016	1069	60	12	0.34899575	10.31498325
1016	1069	60	13	1.14549875	7.83576898
1016	1069	60	14	9.70233256	59.63313490
1016	1069	60	15	0.22580092	0.98615328
1016	1069	60	16	2.26122523	18.67179042
1016	1069	60	17	0.21051077	1.35723413
1016	1069	60	18	0.09874878	0.44268752
1016	1069	60	19	5.31070348	59.78609242
1016	1069	61	0	2.67990384	11.08210989
1016	1069	61	1	2.03253687	11.45649147
1016	1069	61	2	0.22756210	2.25684726
1016	1069	61	3	2.37041763	11.49012478
1016	1069	61	4	0.50038463	6.20910092
1016	1069	61	5	0.28932551	1.21365915
1016	1069	61	6	2.10163718	11.18092217
1016	1069	61	7	4.09928508	19.10699527
1016	1069	61	8	1.53686288	8.89773738
1016	1069	61	9	4.92300051	20.61247291
1016	1069	61	10	0.08983740	0.36633942
1016	1069	61	11	3.41148902	15.04128306
1016	1069	61	12	0.32968301	9.73156334
1016	1069	61	13	1.11074624	7.50603532
1016	1069	61	14	9.69850175	59.61768092
1016	1069	61	15	0.23423361	1.02326373
1016	1069	61	16	2.25885786	18.65966763
1016	1069	61	17	0.21791720	1.39911057
1016	1069	61	18	0.10255806	0.45948649
1016	1069	61	19	5.29647311	59.76785781
1016	1069	62	0	2.64496518	10.89685192
1016	1069	62	1	2.02443362	11.41691685
1016	1069	62	2	0.22838261	2.23377890
1016	1069	62	3	2.40162191	11.77210126
1016	1069	62	4	0.46330046	5.74258230
1016	1069	62	5	0.29929645	1.25803987
1016	1069	62	6	1.97352690	10.45045383
1016	1069	62	7	4.10732344	19.21620771
1016	1069	62	8	1.55289161	9.14725301
1016	1069	62	9	4.92201505	20.60987190
1016	1069	62	10	0.09312795	0.38020459
1016	1069	62	11	3.42713653	15.21016288
1016	1069	62	12	0.31283010	9.18156851
1016	1069	62	13	1.07987920	7.20362778
1016	1069	62	14	9.69459139	59.60091449
1016	1069	62	15	0.24270044	1.06170616
1016	1069	62	16	2.25648919	18.64665344
1016	1069	62	17	0.22536807	1.44319034
1016	1069	62	18	0.10640230	0.47698495
1016	1069	62	19	5.28195276	59.73701814
1016	1069	63	0	2.61350310	10.72455178
1016	1069	63	1	2.01642261	11.37639675
1016	1069	63	2	0.22930655	2.21409287
1016	1069	63	3	2.42942863	12.03403008
1016	1069	63	4	0.43037999	5.31162746
1016	1069	63	5	0.30917147	1.30343447
1016	1069	63	6	1.85781006	9.77690141
1016	1069	63	7	4.11425297	19.31065191
1016	1069	63	8	1.56697872	9.37669682
1016	1069	63	9	4.92096075	20.60690698
1016	1069	63	10	0.09641712	0.39448493
1016	1069	63	11	3.44072374	15.35828300
1016	1069	63	12	0.29811070	8.66443717
1016	1069	63	13	1.05259263	6.92728716
1016	1069	63	14	9.69062893	59.58296996
1016	1069	63	15	0.25113365	1.10125985
1016	1069	63	16	2.25413878	18.63285511
1016	1069	63	17	0.23280676	1.48924413
1016	1069	63	18	0.11025153	0.49508835
1016	1069	63	19	5.26724120	59.69440697
1016	1069	64	0	2.58541182	10.56533593
1016	1069	64	1	2.00856852	11.33519443
1016	1069	64	2	0.23032680	2.19751698
1016	1069	64	3	2.45403075	12.27615752
1016	1069	64	4	0.40118840	4.91486196
1016	1069	64	5	0.31886993	1.34954240
1016	1069	64	6	1.75351271	9.15824164
1016	1069	64	7	4.12024078	19.39230307
1016	1069	64	8	1.57935936	9.58703124
1016	1069	64	9	4.91984174	20.60359627
1016	1069	64	10	0.09967854	0.40909294
1016	1069	64	11	3.45253960	15.48805849
1016	1069	64	12	0.28524448	8.17933217
1016	1069	64	13	1.02860093	6.67568636
1016	1069	64	14	9.68664339	59.56398719
1016	1069	64	15	0.25946451	1.14167855
1016	1069	64	16	2.25182630	18.61838635
1016	1069	64	17	0.24017585	1.53701451
1016	1069	64	18	0.11407486	0.51368970
1016	1069	64	19	5.25244208	59.64088232
1016	1069	65	0	2.56056832	10.41919236
1016	1069	65	1	2.00093384	11.29359019
1016	1069	65	2	0.23143595	2.18380215
1016	1069	65	3	2.47562033	12.49887808
1016	1069	65	4	0.37532870	4.55069061
1016	1069	65	5	0.32831335	1.39604313
1016	1069	65	6	1.65969066	8.59198982
1016	1069	65	7	4.12542548	19.46289100
1016	1069	65	8	1.59023960	9.77931457
1016	1069	65	9	4.91866289	20.59995768
1016	1069	65	10	0.10288585	0.42393294
1016	1069	65	11	3.46282801	15.60167277
1016	1069	65	12	0.27399109	7.72521166
1016	1069	65	13	1.00763824	6.44746248
1016	1069	65	14	9.68266487	59.54411231
1016	1069	65	15	0.26762489	1.18269440
1016	1069	65	16	2.24957106	18.60336674
1016	1069	65	17	0.24741833	1.58621857
1016	1069	65	18	0.11784118	0.53267092
1016	1069	65	19	5.23766193	59.57732939
1016	1069	66	0	2.53883653	10.28598917
1016	1069	66	1	1.99357749	11.25187615
1016	1069	66	2	0.23262615	2.17271955
1016	1069	66	3	2.49438613	12.70270661
1016	1069	66	4	0.35244081	4.21736961
1016	1069	66	5	0.33742722	1.44260235
1016	1069	66	6	1.57544247	8.07534641
1016	1069	66	7	4.12992234	19.52392290
1016	1069	66	8	1.59979928	9.95465810
1016	1069	66	9	4.91742983	20.59600973
1016	1069	66	10	0.10601323	0.43890269
1016	1069	66	11	3.47179497	15.70108242
1016	1069	66	12	0.26414470	7.30088767
1016	1069	66	13	0.98945831	6.24124340
1016	1069	66	14	9.67872386	59.52349771
1016	1069	66	15	0.27554879	1.22402267
1016	1069	66	16	2.24739160	18.58792056
1016	1069	66	17	0.25447891	1.63655158
1016	1069	66	18	0.12151982	0.55190468
1016	1069	66	19	5.22300811	59.50466099
1016	1069	67	0	2.52007082	10.16549245
1016	1069	67	1	1.98655358	11.21035049
1016	1069	67	2	0.23388910	2.16405790
1016	1069	67	3	2.51051184	12.88825314
1016	1069	67	4	0.33219987	3.91306665
1016	1069	67	5	0.34614254	1.48887870
1016	1069	67	6	1.49991780	7.60531958
1016	1069	67	7	4.13382752	19.57670651
1016	1069	67	8	1.60819495	10.11419216
1016	1069	67	9	4.91614896	20.59177213
1016	1069	67	10	0.10903598	0.45389537
1016	1069	67	11	3.47961471	15.78802823
1016	1069	67	12	0.25552904	6.90507376
1016	1069	67	13	0.97383370	6.05566904
1016	1069	67	14	9.67485070	59.50230145
1016	1069	67	15	0.28317385	1.26536708
1016	1069	67	16	2.24530522	18.57217555
1016	1069	67	17	0.26130512	1.68769137
1016	1069	67	18	0.12508125	0.57125655
1016	1069	67	19	5.20858670	59.42381596
1016	1069	68	0	2.50411883	10.05738317
1016	1069	68	1	1.97991041	11.16931157
1016	1069	68	2	0.23521595	2.15762111
1016	1069	68	3	2.52417506	13.05620050
1016	1069	68	4	0.31431413	3.63590989
1016	1069	68	5	0.35439720	1.53453072
1016	1069	68	6	1.43232227	7.17882494
1016	1069	68	7	4.13722146	19.62237261
1016	1069	68	8	1.61556266	10.25904010
1016	1069	68	9	4.91482745	20.58726628
1016	1069	68	10	0.11193108	0.46880158
1016	1069	68	11	3.48643490	15.86404995
1016	1069	68	12	0.24799307	6.53642351
1016	1069	68	13	0.96055478	5.88940798
1016	1069	68	14	9.67107488	59.48068615
1016	1069	68	15	0.29044261	1.30642572
1016	1069	68	16	2.24332766	18.55626115
1016	1069	68	17	0.26784835	1.73930333
1016	1069	68	18	0.12849777	0.59058745
1016	1069	68	19	5.19450043	59.33575550
1016	1069	69	0	2.49082381	9.96127241
1016	1069	69	1	1.97368969	11.12905211
1016	1069	69	2	0.23659736	2.15322600
1016	1069	69	3	2.53554672	13.20728503
1016	1069	69	4	0.29852250	3.38402722
1016	1069	69	5	0.36213712	1.57922376
1016	1069	69	6	1.37191960	6.79276502
1016	1069	69	7	4.14017170	19.66189630
1016	1069	69	8	1.62202055	10.39029878
1016	1069	69	9	4.91347315	20.58251565
1016	1069	69	10	0.11467763	0.48351162
1016	1069	69	11	3.49238095	15.93050305
1016	1069	69	12	0.24140720	6.19356117
1016	1069	69	13	0.94942843	5.74116979
1016	1069	69	14	9.66742449	59.45881745
1016	1069	69	15	0.29730369	1.34689696
1016	1069	69	16	2.24147277	18.54030683
1016	1069	69	17	0.27406475	1.79104580
1016	1069	69	18	0.13174403	0.60975636
1016	1069	69	19	5.18084684	59.24145791
1016	1069	70	0	2.48002631	9.87671504
1016	1069	70	1	1.96792592	11.08985357
1016	1069	70	2	0.23802348	2.15070039
1016	1069	70	3	2.54479086	13.34228015
1016	1069	70	4	0.28459210	3.15557699
1016	1069	70	5	0.36931701	1.62263661
1016	1069	70	6	1.31803182	6.44409065
1016	1069	70	7	4.14273517	19.69611658
1016	1069	70	8	1.62767126	10.50902451
1016	1069	70	9	4.91209454	20.57754594
1016	1069	70	10	0.11725722	0.49791760
1016	1069	70	11	3.49755966	15.98857620
1016	1069	70	12	0.23566008	5.87510576
1016	1069	70	13	0.94027664	5.60971392
1016	1069	70	14	9.66392567	59.43686208
1016	1069	70	15	0.30371271	1.38648552
1016	1069	70	16	2.23975227	18.52444011
1016	1069	70	17	0.27991591	1.84257575
1016	1069	70	18	0.13479753	0.62862300
1016	1069	70	19	5.16771651	59.14191180
1016	1069	71	0	2.47156562	9.80322158
1016	1069	71	1	1.96264610	11.05198103
1016	1069	71	2	0.23948405	2.14988138
1016	1069	71	3	2.55206476	13.46198274
1016	1069	71	4	0.27231571	2.94877144
1016	1069	71	5	0.37590096	1.66446763
1016	1069	71	6	1.27003797	6.12984703
1016	1069	71	7	4.14495999	19.72575417
1016	1069	71	8	1.63260396	10.61622341
1016	1069	71	9	4.91070061	20.57238520
1016	1069	71	10	0.11965427	0.51191564
1016	1069	71	11	3.50206224	16.03930862
1016	1069	71	12	0.23065581	5.57968978
1016	1069	71	13	0.93293502	5.49385532
1016	1069	71	14	9.66060210	59.41498572
1016	1069	71	15	0.30963290	1.42490823
1016	1069	71	16	2.23817556	18.50878470
1016	1069	71	17	0.28536944	1.89355434
1016	1069	71	18	0.13763907	0.64705058
1016	1069	71	19	5.15519160	59.03810824
1016	1069	72	0	2.46528078	9.74026838
1016	1069	72	1	1.95786960	11.01567858
1016	1069	72	2	0.24096847	2.15061389
1016	1069	72	3	2.55751923	13.56720213
1016	1069	72	4	0.26150929	2.76189399
1016	1069	72	5	0.38186260	1.70444011
1016	1069	72	6	1.22737181	5.84720685
1016	1069	72	7	4.14688706	19.75142744
1016	1069	72	8	1.63689630	10.71284521
1016	1069	72	9	4.90930072	20.56706375
1016	1069	72	10	0.12185621	0.52540778
1016	1069	72	11	3.50596683	16.08360669
1016	1069	72	12	0.22631160	5.30597344
1016	1069	72	13	0.92725135	5.39246768
1016	1069	72	14	9.65747465	59.39335076
1016	1069	72	15	0.31503558	1.46189933
1016	1069	72	16	2.23674967	18.49345868
1016	1069	72	17	0.29039925	1.94365245
1016	1069	72	18	0.14025294	0.66490839
1016	1069	72	19	5.14334466	58.93103213
1016	1069	73	0	2.46101141	9.68730623
1016	1069	73	1	1.95360825	10.98116558
1016	1069	73	2	0.24246595	2.15274948
1016	1069	73	3	2.56129899	13.65875135
1016	1069	73	4	0.25200973	2.59331134
1016	1069	73	5	0.38718513	1.74230686
1016	1069	73	6	1.18951883	5.59349270
1016	1069	73	7	4.14855122	19.77366649
1016	1069	73	8	1.64061599	10.79977986
1016	1069	73	9	4.90790444	20.56161403
1016	1069	73	10	0.12385359	0.53830383
1016	1069	73	11	3.50934060	16.12225954
1016	1069	73	12	0.22255579	5.05265531
1016	1069	73	13	0.92308413	5.30448452
1016	1069	73	14	9.65456102	59.37211397
1016	1069	73	15	0.31990030	1.49721523
1016	1069	73	16	2.23547922	18.47857276
1016	1069	73	17	0.29498574	1.99255574
1016	1069	73	18	0.14262714	0.68207426
1016	1069	73	19	5.13223770	58.82165314
1016	1069	74	0	2.45859828	9.64376750
1016	1069	74	1	1.94986663	10.94863353
1016	1069	74	2	0.24396558	2.15614538
1016	1069	74	3	2.56354315	13.73744037
1016	1069	74	4	0.24367257	2.44148142
1016	1069	74	5	0.39186102	1.77785374
1016	1069	74	6	1.15601292	5.36619086
1016	1069	74	7	4.14998232	19.79292556
1016	1069	74	8	1.64382220	10.87785626
1016	1069	74	9	4.90652145	20.55607031
1016	1069	74	10	0.12564012	0.55052285
1016	1069	74	11	3.51224155	16.15595336
1016	1069	74	12	0.21932610	4.81847987
1016	1069	74	13	0.92030131	5.22889865
1016	1069	74	14	9.65187556	59.35142429
1016	1069	74	15	0.32421482	1.53063852
1016	1069	74	16	2.23436647	18.46422880
1016	1069	74	17	0.29911579	2.03996937
1016	1069	74	18	0.14475347	0.69843661
1016	1069	74	19	5.12192161	58.71091651
1016	1069	75	0	2.45788390	9.60907212
1016	1069	75	1	1.94664248	10.91824386
1016	1069	75	2	0.24545656	2.16066378
1016	1069	75	3	2.56438567	13.80407106
1016	1069	75	4	0.23637003	2.30495784
1016	1069	75	5	0.39589155	1.81090232
1016	1069	75	6	1.12643276	5.16295823
1016	1069	75	7	4.15120603	19.80959391
1016	1069	75	8	1.64656684	10.94784259
1016	1069	75	9	4.90516130	20.55046834
1016	1069	75	10	0.12721261	0.56199440
1016	1069	75	11	3.51471989	16.18528438
1016	1069	75	12	0.21656825	4.60224287
1016	1069	75	13	0.91877899	5.16476043
1016	1069	75	14	9.64942914	59.33142072
1016	1069	75	15	0.32797484	1.56198112
1016	1069	75	16	2.23341139	18.45051851
1016	1069	75	17	0.30278259	2.08562197
1016	1069	75	18	0.14662742	0.71389631
1016	1069	75	19	5.11243580	58.59973412
1016	1069	76	0	2.45871295	9.58263249
1016	1069	76	1	1.94392721	10.89012656
1016	1069	76	2	0.24692827	2.16617138
1016	1069	76	3	2.56395577	13.85943350
1016	1069	76	4	0.22998912	2.18239165
1016	1069	76	5	0.39928615	1.84131146
1016	1069	76	6	1.10039816	4.98162386
1016	1069	76	7	4.15224454	19.82400514
1016	1069	76	8	1.64889557	11.01044776
1016	1069	76	9	4.90383328	20.54484488
1016	1069	76	10	0.12857084	0.57265944
1016	1069	76	11	3.51681937	16.21077056
1016	1069	76	12	0.21423471	4.40279461
1016	1069	76	13	0.91840038	5.11117513
1016	1069	76	14	9.64722911	59.31223050
1016	1069	76	15	0.33118354	1.59108665
1016	1069	76	16	2.23261188	18.43752241
1016	1069	76	17	0.30598535	2.12926910
1016	1069	76	18	0.14824807	0.72836808
1016	1069	76	19	5.10380818	58.48897599
1016	1069	77	0	2.46093272	9.56385759
1016	1069	77	1	1.94170656	10.86437950
1016	1069	77	2	0.24837048	2.17253906
1016	1069	77	3	2.56237830	13.90430338
1016	1069	77	4	0.22442992	2.07253100
1016	1069	77	5	0.40206165	1.86897792
1016	1069	77	6	1.07756645	4.82018653
1016	1069	77	7	4.15311713	19.83644542
1016	1069	77	8	1.65084874	11.06632378
1016	1069	77	9	4.90254628	20.53923719
1016	1069	77	10	0.12971736	0.58247098
1016	1069	77	11	3.51857824	16.23286188
1016	1069	77	12	0.21228365	4.21904180
1016	1069	77	13	0.91905487	5.06729967
1016	1069	77	14	9.64527941	59.29396749
1016	1069	77	15	0.33385108	1.61783183
1016	1069	77	16	2.23196388	18.42530911
1016	1069	77	17	0.30872893	2.17069591
1016	1069	77	18	0.14961791	0.74178150
1016	1069	77	19	5.09605534	58.37946249
1016	1069	78	0	2.46439356	9.55215651
1016	1069	78	1	1.93996127	10.84106861
1016	1069	78	2	0.24977347	2.17964179
1016	1069	78	3	2.55977398	13.93944025
1016	1069	78	4	0.21960410	1.97421903
1016	1069	78	5	0.40424140	1.89383614
1016	1069	78	6	1.05762896	4.67680925
1016	1069	78	7	4.15384066	19.84716041
1016	1069	78	8	1.65246218	11.11606870
1016	1069	78	9	4.90130859	20.53368252
1016	1069	78	10	0.13065725	0.59139430
1016	1069	78	11	3.52003014	16.25194961
1016	1069	78	12	0.21067809	4.04994812
1016	1069	78	13	0.92063720	5.03233909
1016	1069	78	14	9.64358063	59.27673091
1016	1069	78	15	0.33599385	1.64212713
1016	1069	78	16	2.23146165	18.41393482
1016	1069	78	17	0.31102330	2.20971907
1016	1069	78	18	0.15074250	0.75408168
1016	1069	78	19	5.08918299	58.27195746
1016	1069	79	0	2.46894936	9.54694146
1016	1069	79	1	1.93866779	10.82022862
1016	1069	79	2	0.25112816	2.18735872
1016	1069	79	3	2.55625959	13.96558634
1016	1069	79	4	0.21543347	1.88639074
1016	1069	79	5	0.40585439	1.91585715
1016	1069	79	6	1.04030767	4.54981165
1016	1069	79	7	4.15442993	19.85636134
1016	1069	79	8	1.65376786	11.16022983
1016	1069	79	9	4.90012780	20.52821752
1016	1069	79	10	0.13139788	0.59940697
1016	1069	79	11	3.52120486	16.26837430
1016	1069	79	12	0.20938515	3.89453400
1016	1069	79	13	0.92304685	5.00554284
1016	1069	79	14	9.64213026	59.26060441
1016	1069	79	15	0.33763371	1.66391654
1016	1069	79	16	2.23109799	18.40344315
1016	1069	79	17	0.31288307	2.24618803
1016	1069	79	18	0.15163019	0.76522945
1016	1069	79	19	5.08318655	58.16716237
1016	1069	80	0	2.47445803	9.54763051
1016	1069	80	1	1.93779906	10.80186443
1016	1069	80	2	0.25242628	2.19557336
1016	1069	80	3	2.55194806	13.98346574
1016	1069	80	4	0.21184877	1.80806874
1016	1069	80	5	0.40693423	1.93504678
1016	1069	80	6	1.02535208	4.43766101
1016	1069	80	7	4.15489808	19.86423014
1016	1069	80	8	1.65479449	11.19930730
1016	1069	80	9	4.89901070	20.52287767
1016	1069	80	10	0.13194854	0.60649859
1016	1069	80	11	3.52212892	16.28243287
1016	1069	80	12	0.20837537	3.75187548
1016	1069	80	13	0.92618751	4.98620113
1016	1069	80	14	9.64092293	59.24565550
1016	1069	80	15	0.33879721	1.68317663
1016	1069	80	16	2.23086447	18.39386522
1016	1069	80	17	0.31432683	2.27998554
1016	1069	80	18	0.15229176	0.77520126
1016	1069	80	19	5.07805191	58.06571158
1016	1069	81	0	2.48078202	9.55365008
1016	1069	81	1	1.93732518	10.78595301
1016	1069	81	2	0.25366042	2.20417386
1016	1069	81	3	2.54694839	13.99378386
1016	1069	81	4	0.20878857	1.73835863
1016	1069	81	5	0.40751827	1.95144334
1016	1069	81	6	1.01253628	4.33896231
1016	1069	81	7	4.15525678	19.87092385
1016	1069	81	8	1.65556801	11.23375756
1016	1069	81	9	4.89796311	20.51769673
1016	1069	81	10	0.13232020	0.61267020
1016	1069	81	11	3.52282610	16.29438474
1016	1069	81	12	0.20762220	3.62110270
1016	1069	81	13	0.92996680	4.97364153
1016	1069	81	14	9.63995070	59.23193534
1016	1069	81	15	0.33951471	1.69991499
1016	1069	81	16	2.23075173	18.38521991
1016	1069	81	17	0.31537661	2.31102753
1016	1069	81	18	0.15274002	0.78398866
1016	1069	81	19	5.07375635	57.96816880
1016	1069	82	0	2.48778884	9.56443735
1016	1069	82	1	1.93721418	10.77244557
1016	1069	82	2	0.25482414	2.21305338
1016	1069	82	3	2.54136559	13.99722688
1016	1069	82	4	0.20619825	1.67644381
1016	1069	82	5	0.40764665	1.96511474
1016	1069	82	6	1.00165621	4.25244800
1016	1069	82	7	4.15551654	19.87657843
1016	1069	82	8	1.65611201	11.26399699
1016	1069	82	9	4.89698992	20.51270626
1016	1069	82	10	0.13252513	0.61793358
1016	1069	82	11	3.52331789	16.30445719
1016	1069	82	12	0.20710156	3.50139787
1016	1069	82	13	0.93429596	4.96722581
1016	1069	82	14	9.63920339	59.21947877
1016	1069	82	15	0.33981955	1.71416813
1016	1069	82	16	2.23074966	18.37751446
1016	1069	82	17	0.31605720	2.33926238
1016	1069	82	18	0.15298941	0.79159761
1016	1069	82	19	5.07026951	57.87502479
1016	1069	83	0	2.49535161	9.57944251
1016	1069	83	1	1.93743266	10.76127020
1016	1069	83	2	0.25591204	2.22211052
1016	1069	83	3	2.53530052	13.99446131
1016	1069	83	4	0.20402916	1.62158028
1016	1069	83	5	0.40736138	1.97615530
1016	1069	83	6	0.99252724	4.17696753
1016	1069	83	7	4.15568687	19.88131194
1016	1069	83	8	1.65644814	11.29040531
1016	1069	83	9	4.89609493	20.50793512
1016	1069	83	10	0.13257659	0.62231036
1016	1069	83	11	3.52362389	16.31285002
1016	1069	83	12	0.20679138	3.39199303
1016	1069	83	13	0.93908979	4.96634712
1016	1069	83	14	9.63866893	59.20830482
1016	1069	83	15	0.33974727	1.72599892
1016	1069	83	16	2.23084770	18.37074510
1016	1069	83	17	0.31639558	2.36466968
1016	1069	83	18	0.15305564	0.79804739
1016	1069	83	19	5.06755439	57.78669618
1016	1069	84	0	2.50334955	9.59813100
1016	1069	84	1	1.93794644	10.75233457
1016	1069	84	2	0.25691979	2.23124973
1016	1069	84	3	2.52884958	13.98613333
1016	1069	84	4	0.20223782	1.57309120
1016	1069	84	5	0.40670557	1.98468236
1016	1069	84	6	0.98498187	4.11147714
1016	1069	84	7	4.15577646	19.88522730
1016	1069	84	8	1.65659634	11.31332893
1016	1069	84	9	4.89528093	20.50340913
1016	1069	84	10	0.13248857	0.62583094
1016	1069	84	11	3.52376205	16.31973951
1016	1069	84	12	0.20667136	3.29216758
1016	1069	84	13	0.94426663	4.97042770
1016	1069	84	14	9.63833368	59.19841730
1016	1069	84	15	0.33933477	1.73549373
1016	1069	84	16	2.23103501	18.36489796
1016	1069	84	17	0.31642032	2.38725854
1016	1069	84	18	0.15295531	0.80336943
1016	1069	84	19	5.06556846	57.70352549
1016	1069	85	0	2.51166850	9.61998573
1016	1069	85	1	1.93872112	10.74552889
1016	1069	85	2	0.25784414	2.24038175
1016	1069	85	3	2.52210452	13.97286811
1016	1069	85	4	0.20078526	1.53036167
1016	1069	85	5	0.40572263	1.99083264
1016	1069	85	6	0.97886774	4.05502996
1016	1069	85	7	4.15579328	19.88841460
1016	1069	85	8	1.65657518	11.33308411
1016	1069	85	9	4.89454961	20.49915066
1016	1069	85	10	0.13227544	0.62853339
1016	1069	85	11	3.52374900	16.32528192
1016	1069	85	12	0.20672261	3.20124576
1016	1069	85	13	0.94974843	4.97891687
1016	1069	85	14	9.63818282	59.18980581
1016	1069	85	15	0.33861965	1.74275930
1016	1069	85	16	2.23130071	18.35995005
1016	1069	85	17	0.31616100	2.40706550
1016	1069	85	18	0.15270553	0.80760592
1016	1069	85	19	5.06426468	57.62578214
1016	1069	86	0	2.52020134	9.64450910
1016	1069	86	1	1.93972261	10.74072882
1016	1069	86	2	0.25868292	2.24942398
1016	1069	86	3	2.51515211	13.95526891
1016	1069	86	4	0.19963642	1.49283357
1016	1069	86	5	0.40445560	1.99475872
1016	1069	86	6	0.97404581	4.00676662
1016	1069	86	7	4.15574476	19.89095313
1016	1069	86	8	1.65640201	11.34995990
1016	1069	86	9	4.89390168	20.49517850
1016	1069	86	10	0.13195173	0.63046227
1016	1069	86	11	3.52360022	16.32961644
1016	1069	86	12	0.20692749	3.11859401
1016	1069	86	13	0.95546085	4.99128958
1016	1069	86	14	9.63820065	59.18244677
1016	1069	86	15	0.33763954	1.74791956
1016	1069	86	16	2.23163402	18.35587025
1016	1069	86	17	0.31564773	2.42415216
1016	1069	86	18	0.15232363	0.81080838
1016	1069	86	19	5.06359258	57.55366455
1016	1069	87	0	2.52884837	9.67122505
1016	1069	87	1	1.94091760	10.73779841
1016	1069	87	2	0.25943503	2.25830082
1016	1069	87	3	2.50807387	13.93391612
1016	1069	87	4	0.19875962	1.46000065
1016	1069	87	5	0.40294657	1.99662539
1016	1069	87	6	0.97038876	3.96590636
1016	1069	87	7	4.15563780	19.89291303
1016	1069	87	8	1.65609317	11.36422089
1016	1069	87	9	4.89333685	20.49150760
1016	1069	87	10	0.13153188	0.63166743
1016	1069	87	11	3.52333026	16.33286775
1016	1069	87	12	0.20726940	3.04361838
1016	1069	87	13	0.96133350	5.00704533
1016	1069	87	14	9.63837091	59.17630479
1016	1069	87	15	0.33643149	1.75111234
1016	1069	87	16	2.23202445	18.35262049
1016	1069	87	17	0.31491066	2.43860256
1016	1069	87	18	0.15182684	0.81303610
1016	1069	87	19	5.06349923	57.48730294
1016	1069	88	0	2.53751765	9.69968091
1016	1069	88	1	1.94227391	10.73659302
1016	1069	88	2	0.26010036	2.26694397
1016	1069	88	3	2.50094576	13.90936617
1016	1069	88	4	0.19812614	1.43140378
1016	1069	88	5	0.40123614	1.99660628
1016	1069	88	6	0.96777954	3.93173886
1016	1069	88	7	4.15547892	19.89435668
1016	1069	88	8	1.65566411	11.37610971
1016	1069	88	9	4.89285389	20.48814907
1016	1069	88	10	0.13103002	0.63220281
1016	1069	88	11	3.52295282	16.33514818
1016	1069	88	12	0.20773262	2.97576204
1016	1069	88	13	0.96730006	5.02570740
1016	1069	88	14	9.63867712	59.17133396
1016	1069	88	15	0.33503155	1.75248618
1016	1069	88	16	2.23246192	18.35015684
1016	1069	88	17	0.31397955	2.45052045
1016	1069	88	18	0.15123207	0.81435465
1016	1069	88	19	5.06393021	57.42676301
1016	1069	89	0	2.54612518	9.72944909
1016	1069	89	1	1.94376087	10.73696195
1016	1069	89	2	0.26067974	2.27529259
1016	1069	89	3	2.49383800	13.88215030
1016	1069	89	4	0.19770978	1.40662664
1016	1069	89	5	0.39936303	1.99488060
1016	1069	89	6	0.96611019	3.90361671
1016	1069	89	7	4.15527428	19.89533998
1016	1069	89	8	1.65512953	11.38584938
1016	1069	89	9	4.89245078	20.48511015
1016	1069	89	10	0.13045983	0.63212530
1016	1069	89	11	3.52248092	16.33655955
1016	1069	89	12	0.20830222	2.91450274
1016	1069	89	13	0.97329856	5.04682255
1016	1069	89	14	9.63910277	59.16747938
1016	1069	89	15	0.33347425	1.75219719
1016	1069	89	16	2.23293686	18.34843061
1016	1069	89	17	0.31288339	2.46002644
1016	1069	89	18	0.15055564	0.81483433
1016	1069	89	19	5.06483046	57.37205020
1016	1069	90	0	2.55459510	9.76012855
1016	1069	90	1	1.94534950	10.73875111
1016	1069	90	2	0.26117489	2.28329346
1016	1069	90	3	2.48681480	13.85277341
1016	1069	90	4	0.19748660	1.38529152
1016	1069	90	5	0.39736376	1.99163011
1016	1069	90	6	0.96528076	3.88094849
1016	1069	90	7	4.15502971	19.89591330
1016	1069	90	8	1.65450343	11.39364530
1016	1069	90	9	4.89212470	20.48239430
1016	1069	90	10	0.12983432	0.63149367
1016	1069	90	11	3.52192694	16.33719475
1016	1069	90	12	0.20896396	2.85935053
1016	1069	90	13	0.97927152	5.06996086
1016	1069	90	14	9.63963163	59.16467860
1016	1069	90	15	0.33179235	1.75040621
1016	1069	90	16	2.23344027	18.34738949
1016	1069	90	17	0.31165012	2.46725517
1016	1069	90	18	0.14981314	0.81454879
1016	1069	90	19	5.06614506	57.32311438
1016	1069	91	0	2.56285969	9.79134608
1016	1069	91	1	1.94701279	10.74180530
1016	1069	91	2	0.26158830	2.29090095
1016	1069	91	3	2.47993428	13.82171286
1016	1069	91	4	0.19743456	1.36705561
1016	1069	91	5	0.39527233	1.98703636
1016	1069	91	6	0.96519836	3.86319266
1016	1069	91	7	4.15475079	19.89612232
1016	1069	91	8	1.65379918	11.39968720
1016	1069	91	9	4.89187221	20.48000136
1016	1069	91	10	0.12916581	0.63036752
1016	1069	91	11	3.52130271	16.33713904
1016	1069	91	12	0.20970423	2.80984550
1016	1069	91	13	0.98516619	5.09471591
1016	1069	91	14	9.64024791	59.16286309
1016	1069	91	15	0.33001653	1.74727601
1016	1069	91	16	2.23396384	18.34697855
1016	1069	91	17	0.31030635	2.47235247
1016	1069	91	18	0.14901928	0.81357360
1016	1069	91	19	5.06781996	57.27985497
1016	1069	92	0	2.57085940	9.82275725
1016	1069	92	1	1.94872580	10.74597038
1016	1069	92	2	0.26192315	2.29807702
1016	1069	92	3	2.47324831	13.78941734
1016	1069	92	4	0.19753335	1.35160741
1016	1069	92	5	0.39312011	1.98127831
1016	1069	92	6	0.96577645	3.84985194
1016	1069	92	7	4.15444285	19.89600878
1016	1069	92	8	1.65302955	11.40415068
1016	1069	92	9	4.89168930	20.47792775
1016	1069	92	10	0.12846577	0.62880641
1016	1069	92	11	3.52061953	16.33647110
1016	1069	92	12	0.21051003	2.76555573
1016	1069	92	13	0.99093465	5.12070501
1016	1069	92	14	9.64093644	59.16195972
1016	1069	92	15	0.32817521	1.74296893
1016	1069	92	16	2.23449992	18.34714120
1016	1069	92	17	0.30887716	2.47547267
1016	1069	92	18	0.14818776	0.81198508
1016	1069	92	19	5.06980256	57.24212632
1016	1069	93	0	2.57854269	9.85404710
1016	1069	93	1	1.95046572	10.75109513
1016	1069	93	2	0.26218319	2.30479101
1016	1069	93	3	2.46680255	13.75630588
1016	1069	93	4	0.19776416	1.33866366
1016	1069	93	5	0.39093571	1.97453015
1016	1069	93	6	0.96693416	3.84046849
1016	1069	93	7	4.15411095	19.89561100
1016	1069	93	8	1.65220673	11.40719874
1016	1069	93	9	4.89157153	20.47616674
1016	1069	93	10	0.12774477	0.62686900
1016	1069	93	11	3.51988821	16.33526399
1016	1069	93	12	0.21136894	2.72607529
1016	1069	93	13	0.99653399	5.14756965
1016	1069	93	14	9.64168281	59.16189209
1016	1069	93	15	0.32629443	1.73764464
1016	1069	93	16	2.23504161	18.34782014
1016	1069	93	17	0.30738591	2.47677600
1016	1069	93	18	0.14733122	0.80985910
1016	1069	93	19	5.07204224	57.20974316
1016	1069	94	0	2.58586585	9.88493058
1016	1069	94	1	1.95221198	10.75703291
1016	1069	94	2	0.26237270	2.31101943
1016	1069	94	3	2.46063641	13.72276698
1016	1069	94	4	0.19810950	1.32796636
1016	1069	94	5	0.38874493	1.96695953
1016	1069	94	6	0.96859582	3.83461957
1016	1069	94	7	4.15375995	19.89496439
1016	1069	94	8	1.65134236	11.40898299
1016	1069	94	9	4.89151409	20.47470878
1016	1069	94	10	0.12701246	0.62461237
1016	1069	94	11	3.51911904	16.33358578
1016	1069	94	12	0.21226909	2.69102257
1016	1069	94	13	1.00192627	5.17497583
1016	1069	94	14	9.64247348	59.16258185
1016	1069	94	15	0.32439778	1.73145832
1016	1069	94	16	2.23558270	18.34895811
1016	1069	94	17	0.30585418	2.47642614
1016	1069	94	18	0.14646119	0.80727015
1016	1069	94	19	5.07449076	57.18248610
1016	1069	95	0	2.59279276	9.91515262
1016	1069	95	1	1.95394620	10.76364299
1016	1069	95	2	0.26249631	2.31674566
1016	1069	95	3	2.45478323	13.68915797
1016	1069	95	4	0.19855312	1.31928022
1016	1069	95	5	0.38657074	1.95872605
1016	1069	95	6	0.97069049	3.83191382
1016	1069	95	7	4.15339446	19.89410180
1016	1069	95	8	1.65044748	11.40964471
1016	1069	95	9	4.89151194	20.47354178
1016	1069	95	10	0.12627756	0.62209142
1016	1069	95	11	3.51832185	16.33150020
1016	1069	95	12	0.21319921	2.66003856
1016	1069	95	13	1.00707865	5.20261457
1016	1069	95	14	9.64329587	59.16394987
1016	1069	95	15	0.32250640	1.72455904
1016	1069	95	16	2.23611771	18.35049861
1016	1069	95	17	0.30430169	2.47458802
1016	1069	95	18	0.14558807	0.80429043
1016	1069	95	19	5.07710264	57.16010707
1016	1069	96	0	2.59929452	9.94448798
1016	1069	96	1	1.95565214	10.77079174
1016	1069	96	2	0.26255897	2.32195959
1016	1069	96	3	2.44927038	13.65580453
1016	1069	96	4	0.19907986	1.31239034
1016	1069	96	5	0.38443341	1.94998010
1016	1069	96	6	0.97315166	3.83198810
1016	1069	96	7	4.15301888	19.89305387
1016	1069	96	8	1.64953253	11.40931582
1016	1069	96	9	4.89155988	20.47265150
1016	1069	96	10	0.12554783	0.61935838
1016	1069	96	11	3.51750593	16.32906703
1016	1069	96	12	0.21414866	2.63278546
1016	1069	96	13	1.01196328	5.23020217
1016	1069	96	14	9.64413838	59.16591736
1016	1069	96	15	0.32063896	1.71708848
1016	1069	96	16	2.23664184	18.35238656
1016	1069	96	17	0.30274623	2.47142580
1016	1069	96	18	0.14472109	0.80098919
1016	1069	96	19	5.07983537	57.14233464
1016	1069	97	0	2.60534911	9.97274076
1016	1069	97	1	1.95731570	10.77835345
1016	1069	97	2	0.26256582	2.32665716
1016	1069	97	3	2.44411949	13.62300056
1016	1069	97	4	0.19967560	1.30710012
1016	1069	97	5	0.38235048	1.94086194
1016	1069	97	6	0.97591700	3.83450474
1016	1069	97	7	4.15263735	19.89184919
1016	1069	97	8	1.64860735	11.40811956
1016	1069	97	9	4.89165263	20.47202190
1016	1069	97	10	0.12483011	0.61646238
1016	1069	97	11	3.51668003	16.32634249
1016	1069	97	12	0.21510737	2.60894532
1016	1069	97	13	1.01655722	5.25748050
1016	1069	97	14	9.64499046	59.16840673
1016	1069	97	15	0.31881179	1.70917990
1016	1069	97	16	2.23715098	18.35456877
1016	1069	97	17	0.30120371	2.46710102
1016	1069	97	18	0.14386841	0.79743209
1016	1069	97	19	5.08264963	57.12887906
1016	1069	98	0	2.61094097	9.99974367
1016	1069	98	1	1.95892478	10.78621105
1016	1069	98	2	0.26252212	2.33083989
1016	1069	98	3	2.43934672	13.59100813
1016	1069	98	4	0.20032715	1.30322945
1016	1069	98	5	0.38033700	1.93150112
1016	1069	98	6	0.97892819	3.83914926
1016	1069	98	7	4.15225374	19.89051455
1016	1069	98	8	1.64768111	11.40617120
1016	1069	98	9	4.89178493	20.47163550
1016	1069	98	10	0.12413032	0.61344924
1016	1069	98	11	3.51585238	16.32337940
1016	1069	98	12	0.21606599	2.58821892
1016	1069	98	13	1.02084234	5.28421712
1016	1069	98	14	9.64584260	59.17134251
1016	1069	98	15	0.31703895	1.70095739
1016	1069	98	16	2.23764163	18.35699444
1016	1069	98	17	0.29968816	2.46177106
1016	1069	98	18	0.14303709	0.79368080
1016	1069	98	19	5.08550936	57.11943708
1016	1069	99	0	2.61606051	10.02535713
1016	1069	99	1	1.96046918	10.79425654
1016	1069	99	2	0.26243317	2.33451442
1016	1069	99	3	2.43496304	13.56005786
1016	1069	99	4	0.20102227	1.30061308
1016	1069	99	5	0.37840558	1.92201606
1016	1069	99	6	0.98213075	3.84562852
1016	1069	99	7	4.15187169	19.88907501
1016	1069	99	8	1.64676233	11.40357849
1016	1069	99	9	4.89195159	20.47147373
1016	1069	99	10	0.12345357	0.61036119
1016	1069	99	11	3.51503061	16.32022746
1016	1069	99	12	0.21701580	2.57032468
1016	1069	99	13	1.02480510	5.31020518
1016	1069	99	14	9.64668633	59.17465203
1016	1069	99	15	0.31533231	1.69253532
1016	1069	99	16	2.23811090	18.35961542
1016	1069	99	17	0.29821183	2.45558780
1016	1069	99	18	0.14223317	0.78979262
1016	1069	99	19	5.08838184	57.11369642
1016	1069	100	0	2.62070368	10.04946804
1016	1069	100	1	1.96194051	10.80239126
1016	1069	100	2	0.26230425	2.33769194
1016	1069	100	3	2.43097461	13.53034943
1016	1069	100	4	0.20174958	1.29909926
1016	1069	100	5	0.37656657	1.91251388
1016	1069	100	6	0.98547399	3.85366916
1016	1069	100	7	4.15149455	19.88755404
1016	1069	100	8	1.64585882	11.40044213
1016	1069	100	9	4.89214756	20.47151728
1016	1069	100	10	0.12280411	0.60723679
1016	1069	100	11	3.51422174	16.31693324
1016	1069	100	12	0.21794883	2.55499779
1016	1069	100	13	1.02843631	5.33526325
1016	1069	100	14	9.64751418	59.17826596
1016	1069	100	15	0.31370174	1.68401810
1016	1069	100	16	2.23855643	18.36238656
1016	1069	100	17	0.29678518	2.44869646
1016	1069	100	18	0.14146172	0.78582030
1016	1069	100	19	5.09123767	57.11133993
1016	1069	101	0	2.62487144	10.07198851
1016	1069	101	1	1.96333205	10.81052600
1016	1069	101	2	0.26214051	2.34038766
1016	1069	101	3	2.42738312	13.50205237
1016	1069	101	4	0.20249857	1.29854849
1016	1069	101	5	0.37482824	1.90309045
1016	1069	101	6	0.98891093	3.86301636
1016	1069	101	7	4.15112538	19.88597356
1016	1069	101	8	1.64497767	11.39685603
1016	1069	101	9	4.89236798	20.47174639
1016	1069	101	10	0.12218545	0.60411087
1016	1069	101	11	3.51343216	16.31354031
1016	1069	101	12	0.21885784	2.54198939
1016	1069	101	13	1.03173091	5.35923487
1016	1069	101	14	9.64831967	59.18211881
1016	1069	101	15	0.31215519	1.67549998
1016	1069	101	16	2.23897640	18.36526583
1016	1069	101	17	0.29541707	2.44123472
1016	1069	101	18	0.14072690	0.78181189
1016	1069	101	19	5.09405076	57.11204932
1016	1069	102	0	2.62856928	10.09285430
1016	1069	102	1	1.96463861	10.81858097
1016	1069	102	2	0.26194700	2.34262027
1016	1069	102	3	2.42418616	13.47530707
1016	1069	102	4	0.20325955	1.29883248
1016	1069	102	5	0.37319692	1.89383055
1016	1069	102	6	0.99239826	3.87343287
1016	1069	102	7	4.15076695	19.88435395
1016	1069	102	8	1.64412523	11.39290762
1016	1069	102	9	4.89260822	20.47214118
1016	1069	102	10	0.12160040	0.60101456
1016	1069	102	11	3.51266763	16.31008926
1016	1069	102	12	0.21973635	2.53106589
1016	1069	102	13	1.03468767	5.38198798
1016	1069	102	14	9.64909726	59.18614930
1016	1069	102	15	0.31069890	1.66706518
1016	1069	102	16	2.23936942	18.36821452
1016	1069	102	17	0.29411476	2.43333197
1016	1069	102	18	0.14003203	0.77781068
1016	1069	102	19	5.09679818	57.11550856
1016	1069	103	0	2.63180671	10.11202330
1016	1069	103	1	1.96585641	10.82648562
1016	1069	103	2	0.26172853	2.34441143
1016	1069	103	3	2.42137767	13.45022604
1016	1069	103	4	0.20402368	1.29983323
1016	1069	103	5	0.37167719	1.88480820
1016	1069	103	6	0.99589631	3.88469823
1016	1069	103	7	4.15042171	19.88271412
1016	1069	103	8	1.64330709	11.38867804
1016	1069	103	9	4.89286391	20.47268186
1016	1069	103	10	0.12105112	0.59797531
1016	1069	103	11	3.51193323	16.30661765
1016	1069	103	12	0.22057864	2.52200831
1016	1069	103	13	1.03730883	5.40341414
1016	1069	103	14	9.64984228	59.19030057
1016	1069	103	15	0.30933749	1.65878799
1016	1069	103	16	2.23973455	18.37119721
1016	1069	103	17	0.29288410	2.42510882
1016	1069	103	18	0.13937965	0.77385530
1016	1069	103	19	5.09946011	57.12140690
1016	1069	104	0	2.63459677	10.12947379
1016	1069	104	1	1.96698294	10.83417837
1016	1069	104	2	0.26148972	2.34578521
1016	1069	104	3	2.41894829	13.42689523
1016	1069	104	4	0.20478290	1.30144226
1016	1069	104	5	0.37027204	1.87608704
1016	1069	104	6	0.99936904	3.89660815
1016	1069	104	7	4.15009182	19.88107150
1016	1069	104	8	1.64252810	11.38424227
1016	1069	104	9	4.89313097	20.47334904
1016	1069	104	10	0.12053916	0.59501707
1016	1069	104	11	3.51123338	16.30316006
1016	1069	104	12	0.22137979	2.51461178
1016	1069	104	13	1.03959983	5.42342759
1016	1069	104	14	9.65055090	59.19452036
1016	1069	104	15	0.30807415	1.65073315
1016	1069	104	16	2.24007121	18.37418189
1016	1069	104	17	0.29172958	2.41667672
1016	1069	104	18	0.13877160	0.76997976
1016	1069	104	19	5.10201963	57.12944141
1016	1069	105	0	2.63695559	10.14520270
1016	1069	105	1	1.96801686	10.84160628
1016	1069	105	2	0.26123491	2.34676761
1016	1069	105	3	2.41688581	13.40537564
1016	1069	105	4	0.20552999	1.30355995
1016	1069	105	5	0.36898304	1.86772086
1016	1069	105	6	1.00278399	3.90897404
1016	1069	105	7	4.14977912	19.87944201
1016	1069	105	8	1.64179234	11.37966928
1016	1069	105	9	4.89340562	20.47412384
1016	1069	105	10	0.12006555	0.59216035
1016	1069	105	11	3.51057182	16.29974801
1016	1069	105	12	0.22213564	2.50868500
1016	1069	105	13	1.04156893	5.44196412
1016	1069	105	14	9.65122007	59.19876112
1016	1069	105	15	0.30691077	1.64295618
1016	1069	105	16	2.24037915	18.37713982
1016	1069	105	17	0.29065447	2.40813779
1016	1069	105	18	0.13820910	0.76621360
1016	1069	105	19	5.10446265	57.13931931
1016	1069	106	0	2.63890184	10.15922389
1016	1069	106	1	1.96895781	10.84872463
1016	1069	106	2	0.26096817	2.34738611
1016	1069	106	3	2.41517554	13.38570496
1016	1069	106	4	0.20625849	1.30609496
1016	1069	106	5	0.36781048	1.85975418
1016	1069	106	6	1.00611225	3.92162262
1016	1069	106	7	4.14948514	19.87784010
1016	1069	106	8	1.64110315	11.37502217
1016	1069	106	9	4.89368440	20.47498814
1016	1069	106	10	0.11963084	0.58942245
1016	1069	106	11	3.50995164	16.29640997
1016	1069	106	12	0.22284283	2.50404983
1016	1069	106	13	1.04322685	5.45897989
1016	1069	106	14	9.65184746	59.20297999
1016	1069	106	15	0.30584808	1.63550387
1016	1069	106	16	2.24065843	18.38004556
1016	1069	106	17	0.28966092	2.39958469
1016	1069	106	18	0.13769276	0.76258213
1016	1069	106	19	5.10677767	57.15075978
1016	1069	107	0	2.64045638	10.17156630
1016	1069	107	1	1.96980639	10.85549645
1016	1069	107	2	0.26069325	2.34766917
1016	1069	107	3	2.41380074	13.36789936
1016	1069	107	4	0.20696275	1.30896371
1016	1069	107	5	0.36675353	1.85222280
1016	1069	107	6	1.00932840	3.93439560
1016	1069	107	7	4.14921113	19.87627875
1016	1069	107	8	1.64046313	11.37035822
1016	1069	107	9	4.89396417	20.47592469
1016	1069	107	10	0.11923515	0.58681764
1016	1069	107	11	3.50937525	16.29317137
1016	1069	107	12	0.22349873	2.50054084
1016	1069	107	13	1.04458647	5.47445005
1016	1069	107	14	9.65243136	59.20713873
1016	1069	107	15	0.30488578	1.62841480
1016	1069	107	16	2.24090937	18.38287680
1016	1069	107	17	0.28875007	2.39110075
1016	1069	107	18	0.13722274	0.75910658
1016	1069	107	19	5.10895563	57.16349554
1016	1069	108	0	2.64164179	10.18227225
1016	1069	108	1	1.97056397	10.86189205
1016	1069	108	2	0.26041364	2.34764589
1016	1069	108	3	2.41274293	13.35195529
1016	1069	108	4	0.20763785	1.31208998
1016	1069	108	5	0.36581038	1.84515447
1016	1069	108	6	1.01241046	3.94714937
1016	1069	108	7	4.14895799	19.87476943
1016	1069	108	8	1.63987420	11.36572904
1016	1069	108	9	4.89424211	20.47691721
1016	1069	108	10	0.11887822	0.58435733
1016	1069	108	11	3.50884446	16.29005456
1016	1069	108	12	0.22410143	2.49800493
1016	1069	108	13	1.04566246	5.48836727
1016	1069	108	14	9.65297069	59.21120367
1016	1069	108	15	0.30402267	1.62171986
1016	1069	108	16	2.24113251	18.38561426
1016	1069	108	17	0.28792216	2.38276008
1016	1069	108	18	0.13679870	0.75580439
1016	1069	108	19	5.11098971	57.17727408
1016	1069	109	0	2.64248198	10.19139570
1016	1069	109	1	1.97123261	10.86788847
1016	1069	109	2	0.26013246	2.34734557
1016	1069	109	3	2.41198231	13.33785140
1016	1069	109	4	0.20827963	1.31540451
1016	1069	109	5	0.36497837	1.83856956
1016	1069	109	6	1.01533978	3.95975469
1016	1069	109	7	4.14872639	19.87332216
1016	1069	109	8	1.63933759	11.36118070
1016	1069	109	9	4.89451572	20.47795050
1016	1069	109	10	0.11855946	0.58205031
1016	1069	109	11	3.50836044	16.28707888
1016	1069	109	12	0.22464973	2.49630096
1016	1069	109	13	1.04647095	5.50074030
1016	1069	109	14	9.65346489	59.21514552
1016	1069	109	15	0.30325677	1.61544282
1016	1069	109	16	2.24132859	18.38824157
1016	1069	109	17	0.28717663	2.37462781
1016	1069	109	18	0.13641994	0.75268946
1016	1069	109	19	5.11287518	57.19185857
1016	1069	110	0	2.64300183	10.19900057
1016	1069	110	1	1.97181497	10.87346897
1016	1069	110	2	0.25985258	2.34679744
1016	1069	110	3	2.41149806	13.32555041
1016	1069	110	4	0.20888464	1.31884468
1016	1069	110	5	0.36425409	1.83248161
1016	1069	110	6	1.01810094	3.97209642
1016	1069	110	7	4.14851669	19.87194552
1016	1069	110	8	1.63885389	11.35675380
1016	1069	110	9	4.89478279	20.47901048
1016	1069	110	10	0.11827799	0.57990297
1016	1069	110	11	3.50792382	16.28426068
1016	1069	110	12	0.22514308	2.49529932
1016	1069	110	13	1.04702922	5.51159236
1016	1069	110	14	9.65391389	59.21893921
1016	1069	110	15	0.30258542	1.60960092
1016	1069	110	16	2.24149851	18.39074508
1016	1069	110	17	0.28651221	2.36676044
1016	1069	110	18	0.13608540	0.74977240
1016	1069	110	19	5.11460916	57.20702856
1016	1069	111	0	2.64322688	10.20515914
1016	1069	111	1	1.97231422	10.87862250
1016	1069	111	2	0.25957652	2.34603029
1016	1069	111	3	2.41126867	13.31500099
1016	1069	111	4	0.20945014	1.32235415
1016	1069	111	5	0.36363355	1.82689809
1016	1069	111	6	1.02068161	3.98407317
1016	1069	111	7	4.14832902	19.87064666
1016	1069	111	8	1.63842313	11.35248371
1016	1069	111	9	4.89504144	20.48008423
1016	1069	111	10	0.11803268	0.57791947
1016	1069	111	11	3.50753466	16.28161341
1016	1069	111	12	0.22558153	2.49488158
1016	1069	111	13	1.04735542	5.52095959
1016	1069	111	14	9.65431803	59.22256368
1016	1069	111	15	0.30200538	1.60420546
1016	1069	111	16	2.24164331	18.39311369
1016	1069	111	17	0.28592701	2.35920615
1016	1069	111	18	0.13579376	0.74706081
1016	1069	111	19	5.11619050	57.22258038
1016	1069	112	0	2.64318296	10.20995052
1016	1069	112	1	1.97273395	10.88334317
1016	1069	112	2	0.25930652	2.34507228
1016	1069	112	3	2.41127221	13.30613964
1016	1069	112	4	0.20997401	1.32588260
1016	1069	112	5	0.36311220	1.82182090
1016	1069	112	6	1.02307242	3.99559691
1016	1069	112	7	4.14816326	19.86943138
1016	1069	112	8	1.63804477	11.34840067
1016	1069	112	9	4.89529003	20.48116005
1016	1069	112	10	0.11782221	0.57610202
1016	1069	112	11	3.50719256	16.27914768
1016	1069	112	12	0.22596570	2.49494004
1016	1069	112	13	1.04746825	5.52888945
1016	1069	112	14	9.65467803	59.22600164
1016	1069	112	15	0.30151292	1.59926233
1016	1069	112	16	2.24176416	18.39533872
1016	1069	112	17	0.28541863	2.35200527
1016	1069	112	18	0.13554342	0.74455954
1016	1069	112	19	5.11761958	57.23832736
1016	1069	113	0	2.64289597	10.21345922
1016	1069	113	1	1.97307808	10.88762975
1016	1069	113	2	0.25904453	2.34395065
1016	1069	113	3	2.41148661	13.29889246
1016	1069	113	4	0.21045478	1.32938547
1016	1069	113	5	0.36268511	1.81724707
1016	1069	113	6	1.02526681	4.00659252
1016	1069	113	7	4.14801908	19.86830411
1016	1069	113	8	1.63771779	11.34453000
1016	1069	113	9	4.89552722	20.48222738
1016	1069	113	10	0.11764507	0.57445100
1016	1069	113	11	3.50689664	16.27687141
1016	1069	113	12	0.22629671	2.49537740
1016	1069	113	13	1.04738677	5.53543921
1016	1069	113	14	9.65499495	59.22923936
1016	1069	113	15	0.30110395	1.59477256
1016	1069	113	16	2.24186230	18.39741370
1016	1069	113	17	0.28498420	2.34519071
1016	1069	113	18	0.13533259	0.74227096
1016	1069	113	19	5.11889812	57.25409983
1016	1069	114	0	2.64239158	10.21577379
1016	1069	114	1	1.97335083	10.89148515
1016	1069	114	2	0.25879221	2.34269160
1016	1069	114	3	2.41188990	13.29317693
1016	1069	114	4	0.21089154	1.33282362
1016	1069	114	5	0.36234699	1.81316925
1016	1069	114	6	1.02726080	4.01699736
1016	1069	114	7	4.14789594	19.86726807
1016	1069	114	8	1.63744072	11.34089238
1016	1069	114	9	4.89575192	20.48327685
1016	1069	114	10	0.11749960	0.57296522
1016	1069	114	11	3.50664564	16.27478995
1016	1069	114	12	0.22657613	2.49610622
1016	1069	114	13	1.04713009	5.54067436
1016	1069	114	14	9.65527011	59.23226638
1016	1069	114	15	0.30077401	1.59073288
1016	1069	114	16	2.24193905	18.39933418
1016	1069	114	17	0.28462048	2.33878842
1016	1069	114	18	0.13515932	0.74019521
1016	1069	114	19	5.12002905	57.26974498
1016	1069	115	0	2.64169505	10.21698556
1016	1069	115	1	1.97355661	10.89491599
1016	1069	115	2	0.25855098	2.34132005
1016	1069	115	3	2.41246041	13.28890354
1016	1069	115	4	0.21128393	1.33616314
1016	1069	115	5	0.36209229	1.80957630
1016	1069	115	6	1.02905282	4.02676065
1016	1069	115	7	4.14779316	19.86632524
1016	1069	115	8	1.63721174	11.33750399
1016	1069	115	9	4.89596325	20.48430023
1016	1069	115	10	0.11738404	0.57164210
1016	1069	115	11	3.50643794	16.27290621
1016	1069	115	12	0.22680592	2.49704859
1016	1069	115	13	1.04671722	5.54466722
1016	1069	115	14	9.65550510	59.23507528
1016	1069	115	15	0.30051843	1.58713622
1016	1069	115	16	2.24199580	18.40109759
1016	1069	115	17	0.28432393	2.33281789
1016	1069	115	18	0.13502151	0.73833045
1016	1069	115	19	5.12101636	57.28512657
1016	1069	116	0	2.64083099	10.21718751
1016	1069	116	1	1.97370001	10.89793208
1016	1069	116	2	0.25832199	2.33985959
1016	1069	116	3	2.41317694	13.28597739
1016	1069	116	4	0.21163207	1.33937500
1016	1069	116	5	0.36191531	1.80645380
1016	1069	116	6	1.03064355	4.03584295
1016	1069	116	7	4.14770989	19.86547653
1016	1069	116	8	1.63702868	11.33437686
1016	1069	116	9	4.89616057	20.48529039
1016	1069	116	10	0.11729655	0.57047781
1016	1069	116	11	3.50627162	16.27122086
1016	1069	116	12	0.22698837	2.49813556
1016	1069	116	13	1.04616686	5.54749548
1016	1069	116	14	9.65570168	59.23766144
1016	1069	116	15	0.30033234	1.58397217
1016	1069	116	16	2.24203395	18.40270305
1016	1069	116	17	0.28409075	2.32729264
1016	1069	116	18	0.13491698	0.73667308
1016	1069	116	19	5.12186492	57.30012445
1016	1069	117	0	2.63982322	10.21647319
1016	1069	117	1	1.97378567	10.90054605
1016	1069	117	2	0.25810617	2.33833233
1016	1069	117	3	2.41401898	13.28429964
1016	1069	117	4	0.21193653	1.34243483
1016	1069	117	5	0.36181019	1.80378451
1016	1069	117	6	1.03203562	4.04421544
1016	1069	117	7	4.14764516	19.86472178
1016	1069	117	8	1.63688908	11.33151910
1016	1069	117	9	4.89634343	20.48624126
1016	1069	117	10	0.11723521	0.56946749
1016	1069	117	11	3.50614451	16.26973253
1016	1069	117	12	0.22712606	2.49930672
1016	1069	117	13	1.04549723	5.54924091
1016	1069	117	14	9.65586180	59.24002273
1016	1069	117	15	0.30021075	1.58122744
1016	1069	117	16	2.24205494	18.40415118
1016	1069	117	17	0.28391697	2.32222071
1016	1069	117	18	0.13484347	0.73521800
1016	1069	117	19	5.12258038	57.31463408
1016	1069	118	0	2.63869462	10.21493578
1016	1069	118	1	1.97381834	10.90277291
1016	1069	118	2	0.25790422	2.33675885
1016	1069	118	3	2.41496679	13.28376887
1016	1069	118	4	0.21219829	1.34532265
1016	1069	118	5	0.36177105	1.80154883
1016	1069	118	6	1.03323348	4.05185927
1016	1069	118	7	4.14759789	19.86405990
1016	1069	118	8	1.63679030	11.32893522
1016	1069	118	9	4.89651156	20.48714777
1016	1069	118	10	0.11719806	0.56860534
1016	1069	118	11	3.50605423	16.26843794
1016	1069	118	12	0.22722179	2.50050971
1016	1069	118	13	1.04472595	5.54998809
1016	1069	118	14	9.65598751	59.24215935
1016	1069	118	15	0.30014858	1.57888629
1016	1069	118	16	2.24206022	18.40544400
1016	1069	118	17	0.28379845	2.31760518
1016	1069	118	18	0.13479865	0.73395877
1016	1069	118	19	5.12316902	57.32856587
1016	1069	119	0	2.63746700	10.21266726
1016	1069	119	1	1.97380275	10.90462967
1016	1069	119	2	0.25771666	2.33515816
1016	1069	119	3	2.41600151	13.28428238
1016	1069	119	4	0.21241867	1.34802252
1016	1069	119	5	0.36179198	1.79972522
1016	1069	119	6	1.03424315	4.05876479
1016	1069	119	7	4.14756693	19.86348898
1016	1069	119	8	1.63672950	11.32662640
1016	1069	119	9	4.89666485	20.48800579
1016	1069	119	10	0.11718315	0.56788485
1016	1069	119	11	3.50599825	16.26733215
1016	1069	119	12	0.22727851	2.50169968
1016	1069	119	13	1.04386990	5.54982332
1016	1069	119	14	9.65608099	59.24407349
1016	1069	119	15	0.30014075	1.57693093
1016	1069	119	16	2.24205122	18.40658469
1016	1069	119	17	0.28373101	2.31344460
1016	1069	119	18	0.13478021	0.73288783
1016	1069	119	19	5.12363765	57.34184452
1016	1069	120	0	2.63616098	10.20975761
1016	1069	120	1	1.97374358	10.90613500
1016	1069	120	2	0.25754379	2.33354767
1016	1069	120	3	2.41710533	13.28573727
1016	1069	120	4	0.21259927	1.35052233
1016	1069	120	5	0.36186711	1.79829059
1016	1069	120	6	1.03507199	4.06493083
1016	1069	120	7	4.14755106	19.86300632
1016	1069	120	8	1.63670374	11.32459083
1016	1069	120	9	4.89680336	20.48881207
1016	1069	120	10	0.11718849	0.56729886
1016	1069	120	11	3.50597391	16.26640877
1016	1069	120	12	0.22729932	2.50283880
1016	1069	120	13	1.04294514	5.54883352
1016	1069	120	14	9.65614448	59.24576919
1016	1069	120	15	0.30018218	1.57534188
1016	1069	120	16	2.24202938	18.40757750
1016	1069	120	17	0.28371040	2.30973353
1016	1069	120	18	0.13478579	0.73199669
1016	1069	120	19	5.12399347	57.35440822
1016	1069	121	0	2.63479597	10.20629420
1016	1069	121	1	1.97364548	10.90730890
1016	1069	121	2	0.25738580	2.33194317
1016	1069	121	3	2.41826146	13.28803154
1016	1069	121	4	0.21274199	1.35281347
1016	1069	121	5	0.36199068	1.79722063
1016	1069	121	6	1.03572853	4.07036386
1016	1069	121	7	4.14754904	19.86260858
1016	1069	121	8	1.63670998	11.32282400
1016	1069	121	9	4.89692726	20.48956418
1016	1069	121	10	0.11721211	0.56683973
1016	1069	121	11	3.50597850	16.26566012
1016	1069	121	12	0.22728737	2.50389577
1016	1069	121	13	1.04196682	5.54710531
1016	1069	121	14	9.65618026	59.24725204
1016	1069	121	15	0.30026786	1.57409830
1016	1069	121	16	2.24199610	18.40842759
1016	1069	121	17	0.28373235	2.30646294
1016	1069	121	18	0.13481307	0.73127610
1016	1069	121	19	5.12424402	57.36620790
1016	1069	122	0	2.63339004	10.20236121
1016	1069	122	1	1.97351297	10.90817238
1016	1069	122	2	0.25724266	2.33035885
1016	1069	122	3	2.41945428	13.29106494
1016	1069	122	4	0.21284891	1.35489055
1016	1069	122	5	0.36215702	1.79649017
1016	1069	122	6	1.03622224	4.07507726
1016	1069	122	7	4.14755959	19.86229189
1016	1069	122	8	1.63674517	11.32131905
1016	1069	122	9	4.89703682	20.49026047
1016	1069	122	10	0.11725209	0.56649944
1016	1069	122	11	3.50600926	16.26507745
1016	1069	122	12	0.22724586	2.50484524
1016	1069	122	13	1.04094914	5.54472415
1016	1069	122	14	9.65619065	59.24852904
1016	1069	122	15	0.30039285	1.57317835
1016	1069	122	16	2.24195274	18.40914089
1016	1069	122	17	0.28379266	2.30362067
1016	1069	122	18	0.13485977	0.73071619
1016	1069	122	19	5.12439701	57.37720638
1016	1069	123	0	2.63195993	10.19803912
1016	1069	123	1	1.97335048	10.90874717
1016	1069	123	2	0.25711427	2.32880735
1016	1069	123	3	2.42066931	13.29473981
1016	1069	123	4	0.21292228	1.35675109
1016	1069	123	5	0.36236065	1.79607349
1016	1069	123	6	1.03656333	4.07909047
1016	1069	123	7	4.14758142	19.86205188
1016	1069	123	8	1.63680624	11.32006703
1016	1069	123	9	4.89713246	20.49089993
1016	1069	123	10	0.11730652	0.56626970
1016	1069	123	11	3.50606343	16.26465115
1016	1069	123	12	0.22717797	2.50566738
1016	1069	123	13	1.03990528	5.54177361
1016	1069	123	14	9.65617796	59.24960832
1016	1069	123	15	0.30055236	1.57255941
1016	1069	123	16	2.24190063	18.40972399
1016	1069	123	17	0.28388717	2.30119186
1016	1069	123	18	0.13492365	0.73030664
1016	1069	123	19	5.12446031	57.38737752
1016	1069	124	0	2.63052102	10.19340436
1016	1069	124	1	1.97316225	10.90905551
1016	1069	124	2	0.25700036	2.32729974
1016	1069	124	3	2.42189326	13.29896176
1016	1069	124	4	0.21296448	1.35839527
1016	1069	124	5	0.36259627	1.79594453
1016	1069	124	6	1.03676260	4.08242823
1016	1069	124	7	4.14761326	19.86188382
1016	1069	124	8	1.63689017	11.31905722
1016	1069	124	9	4.89721463	20.49148222
1016	1069	124	10	0.11737358	0.56614203
1016	1069	124	11	3.50613828	16.26437092
1016	1069	124	12	0.22708683	2.50634730
1016	1069	124	13	1.03884739	5.53833471
1016	1069	124	14	9.65614448	59.25049904
1016	1069	124	15	0.30074173	1.57221841
1016	1069	124	16	2.24184105	18.41018398
1016	1069	124	17	0.28401182	2.29915934
1016	1069	124	18	0.13500252	0.73003677
1016	1069	124	19	5.12444183	57.39670537
1016	1069	125	0	2.62908729	10.18852895
1016	1069	125	1	1.97295239	10.90911986
1016	1069	125	2	0.25690057	2.32584566
1016	1069	125	3	2.42311404	13.30364028
1016	1069	125	4	0.21297799	1.35982561
1016	1069	125	5	0.36285877	1.79607722
1016	1069	125	6	1.03683123	4.08511982
1016	1069	125	7	4.14765386	19.86178270
1016	1069	125	8	1.63699400	11.31827744
1016	1069	125	9	4.89728390	20.49200755
1016	1069	125	10	0.11745147	0.56610790
1016	1069	125	11	3.50623115	16.26422596
1016	1069	125	12	0.22697553	2.50687463
1016	1069	125	13	1.03778656	5.53448535
1016	1069	125	14	9.65609247	59.25121112
1016	1069	125	15	0.30095649	1.57213203
1016	1069	125	16	2.24177524	18.41052840
1016	1069	125	17	0.28416265	2.29750400
1016	1069	125	18	0.13509428	0.72989574
1016	1069	125	19	5.12434944	57.40518332
1016	1069	126	0	2.62767135	10.18348030
1016	1069	126	1	1.97272478	10.90896270
1016	1069	126	2	0.25681447	2.32445327
1016	1069	126	3	2.42432077	13.30868923
1016	1069	126	4	0.21296533	1.36104673
1016	1069	126	5	0.36314330	1.79644562
1016	1069	126	6	1.03678067	4.08719826
1016	1069	126	7	4.14770201	19.86174329
1016	1069	126	8	1.63711485	11.31771431
1016	1069	126	9	4.89734088	20.49247661
1016	1069	126	10	0.11753849	0.56615874
1016	1069	126	11	3.50633943	16.26420511
1016	1069	126	12	0.22684702	2.50724299
1016	1069	126	13	1.03673284	5.53029988
1016	1069	126	14	9.65602414	59.25175515
1016	1069	126	15	0.30119233	1.57227693
1016	1069	126	16	2.24170436	18.41076507
1016	1069	126	17	0.28433586	2.29620517
1016	1069	126	18	0.13519691	0.72987257
1016	1069	126	19	5.12419095	57.41281322
1016	1069	127	0	2.62628444	10.17832098
1016	1069	127	1	1.97248312	10.90860636
1016	1069	127	2	0.25674152	2.32312940
1016	1069	127	3	2.42550371	13.31402720
1016	1069	127	4	0.21292904	1.36206503
1016	1069	127	5	0.36344527	1.79702421
1016	1069	127	6	1.03662243	4.08869967
1016	1069	127	7	4.14775653	19.86176027
1016	1069	127	8	1.63724997	11.31735351
1016	1069	127	9	4.89738623	20.49289056
1016	1069	127	10	0.11763301	0.56628605
1016	1069	127	11	3.50646064	16.26429704
1016	1069	127	12	0.22670415	2.50744954
1016	1069	127	13	1.03569525	5.52584868
1016	1069	127	14	9.65594163	59.25214220
1016	1069	127	15	0.30144520	1.57262996
1016	1069	127	16	2.24162950	18.41090204
1016	1069	127	17	0.28452781	2.29524092
1016	1069	127	18	0.13530847	0.72995631
1016	1069	127	19	5.12397399	57.41960454
1016	1069	128	0	2.62493650	10.17310864
1016	1069	128	1	1.97223090	10.90807282
1016	1069	128	2	0.25668112	2.32187961
1016	1069	128	3	2.42665431	13.31957789
1016	1069	128	4	0.21287167	1.36288847
1016	1069	128	5	0.36376033	1.79778799
1016	1069	128	6	1.03636800	4.08966254
1016	1069	128	7	4.14781630	19.86182821
1016	1069	128	8	1.63739674	11.31718003
1016	1069	128	9	4.89742065	20.49325094
1016	1069	128	10	0.11773348	0.56648148
1016	1069	128	11	3.50659241	16.26449037
1016	1069	128	12	0.22654966	2.50749455
1016	1069	128	13	1.03468175	5.52119791
1016	1069	128	14	9.65584703	59.25238367
1016	1069	128	15	0.30171124	1.57316830
1016	1069	128	16	2.24155172	18.41094748
1016	1069	128	17	0.28473500	2.29458843
1016	1069	128	18	0.13542713	0.73013612
1016	1069	128	19	5.12370602	57.42557357
1016	1069	129	0	2.62363614	10.16789596
1016	1069	129	1	1.97197136	10.90738355
1016	1069	129	2	0.25663262	2.32070820
1016	1069	129	3	2.42776511	13.32527028
1016	1069	129	4	0.21279570	1.36352631
1016	1069	129	5	0.36408445	1.79871269
1016	1069	129	6	1.03602874	4.09012710
1016	1069	129	7	4.14788025	19.86194174
1016	1069	129	8	1.63755265	11.31717842
1016	1069	129	9	4.89744487	20.49355962
1016	1069	129	10	0.11783846	0.56673686
1016	1069	129	11	3.50673248	16.26477378
1016	1069	129	12	0.22638608	2.50738100
1016	1069	129	13	1.03369934	5.51640924
1016	1069	129	14	9.65574229	59.25249118
1016	1069	129	15	0.30198685	1.57386968
1016	1069	129	16	2.24147199	18.41090960
1016	1069	129	17	0.28495416	2.29422420
1016	1069	129	18	0.13555118	0.73040130
1016	1069	129	19	5.12339424	57.43074258
1016	1069	130	0	2.62239072	10.16273059
1016	1069	130	1	1.97170752	10.90655940
1016	1069	130	2	0.25659534	2.31961840
1016	1069	130	3	2.42882974	13.33103883
1016	1069	130	4	0.21270359	1.36398885
1016	1069	130	5	0.36441386	1.79977488
1016	1069	130	6	1.03561571	4.09013471
1016	1069	130	7	4.14794739	19.86209551
1016	1069	130	8	1.63771539	11.31733295
1016	1069	130	9	4.89745964	20.49381875
1016	1069	130	10	0.11794657	0.56704425
1016	1069	130	11	3.50687876	16.26513617
1016	1069	130	12	0.22621583	2.50711414
1016	1069	130	13	1.03275405	5.51153972
1016	1069	130	14	9.65562933	59.25247644
1016	1069	130	15	0.30226864	1.57471246
1016	1069	130	16	2.24139119	18.41079660
1016	1069	130	17	0.28518220	2.29412439
1016	1069	130	18	0.13567899	0.73074144
1016	1069	130	19	5.12304557	57.43513909
1016	1069	131	0	2.62120643	10.15765526
1016	1069	131	1	1.97144216	10.90562048
1016	1069	131	2	0.25656854	2.31861233
1016	1069	131	3	2.42984287	13.33682352
1016	1069	131	4	0.21259770	1.36428725
1016	1069	131	5	0.36474510	1.80095210
1016	1069	131	6	1.03513967	4.08972737
1016	1069	131	7	4.14801679	19.86228432
1016	1069	131	8	1.63788278	11.31762786
1016	1069	131	9	4.89746573	20.49403074
1016	1069	131	10	0.11805655	0.56739600
1016	1069	131	11	3.50702928	16.26556671
1016	1069	131	12	0.22604112	2.50670114
1016	1069	131	13	1.03185097	5.50664169
1016	1069	131	14	9.65550992	59.25235114
1016	1069	131	15	0.30255352	1.57567578
1016	1069	131	16	2.24131015	18.41061657
1016	1069	131	17	0.28541622	2.29426501
1016	1069	131	18	0.13580907	0.73114643
1016	1069	131	19	5.12266661	57.43879504
1016	1069	132	0	2.62008829	10.15270781
1016	1069	132	1	1.97117782	10.90458602
1016	1069	132	2	0.25655148	2.31769120
1016	1069	132	3	2.43080015	13.34256992
1016	1069	132	4	0.21248032	1.36443330
1016	1069	132	5	0.36507502	1.80222298
1016	1069	132	6	1.03461093	4.08894717
1016	1069	132	7	4.14808757	19.86250308
1016	1069	132	8	1.63805282	11.31804750
1016	1069	132	9	4.89746390	20.49419816
1016	1069	132	10	0.11816724	0.56778479
1016	1069	132	11	3.50718223	16.26605496
1016	1069	132	12	0.22586401	2.50615078
1016	1069	132	13	1.03099433	5.50176273
1016	1069	132	14	9.65538574	59.25212685
1016	1069	132	15	0.30283863	1.57673965
1016	1069	132	16	2.24122964	18.41037741
1016	1069	132	17	0.28565356	2.29462218
1016	1069	132	18	0.13594004	0.73160653
1016	1069	132	19	5.12226365	57.44174618
1016	1069	133	0	2.61904025	10.14792133
1016	1069	133	1	1.97091680	10.90347432
1016	1069	133	2	0.25654338	2.31685529
1016	1069	133	3	2.43169813	13.34822913
1016	1069	133	4	0.21235360	1.36443921
1016	1069	133	5	0.36540074	1.80356727
1016	1069	133	6	1.03403933	4.08783585
1016	1069	133	7	4.14815896	19.86274695
1016	1069	133	8	1.63822369	11.31857646
1016	1069	133	9	4.89745492	20.49432374
1016	1069	133	10	0.11827757	0.56820364
1016	1069	133	11	3.50733597	16.26659090
1016	1069	133	12	0.22568638	2.50547305
1016	1069	133	13	1.03018751	5.49694568
1016	1069	133	14	9.65525837	59.25181493
1016	1069	133	15	0.30312136	1.57788507
1016	1069	133	16	2.24115032	18.41008686
1016	1069	133	17	0.28589177	2.29517232
1016	1069	133	18	0.13607062	0.73211241
1016	1069	133	19	5.12184256	57.44403131
1016	1069	134	0	2.61806525	10.14332431
1016	1069	134	1	1.97066115	10.90230267
1016	1069	134	2	0.25654347	2.31610412
1016	1069	134	3	2.43253427	13.35375771
1016	1069	134	4	0.21221959	1.36431749
1016	1069	134	5	0.36571972	1.80496598
1016	1069	134	6	1.03343418	4.08643443
1016	1069	134	7	4.14823023	19.86301128
1016	1069	134	8	1.63839372	11.31919975
1016	1069	134	9	4.89743954	20.49441033
1016	1069	134	10	0.11838658	0.56864596
1016	1069	134	11	3.50748899	16.26716503
1016	1069	134	12	0.22550990	2.50467895
1016	1069	134	13	1.02943312	5.49222871
1016	1069	134	14	9.65512924	59.25142646
1016	1069	134	15	0.30339940	1.57909406
1016	1069	134	16	2.24107281	18.40975237
1016	1069	134	17	0.28612860	2.29589231
1016	1069	134	18	0.13619968	0.73265524
1016	1069	134	19	5.12140886	57.44569166
1016	1069	135	0	2.61716529	10.13894080
1016	1069	135	1	1.97041270	10.90108729
1016	1069	135	2	0.25655098	2.31543646
1016	1069	135	3	2.43330680	13.35911755
1016	1069	135	4	0.21208022	1.36408072
1016	1069	135	5	0.36602968	1.80640138
1016	1069	135	6	1.03280420	4.08478283
1016	1069	135	7	4.14830073	19.86329168
1016	1069	135	8	1.63856142	11.31990290
1016	1069	135	9	4.89741851	20.49446086
1016	1069	135	10	0.11849340	0.56910556
1016	1069	135	11	3.50763995	16.26776842
1016	1069	135	12	0.22533611	2.50378016
1016	1069	135	13	1.02873305	5.48764541
1016	1069	135	14	9.65499969	59.25097217
1016	1069	135	15	0.30367064	1.58034976
1016	1069	135	16	2.24099764	18.40938109
1016	1069	135	17	0.28636204	2.29675967
1016	1069	135	18	0.13632619	0.73322663
1016	1069	135	19	5.12096766	57.44677032
1016	1069	136	0	2.61634150	10.13479064
1016	1069	136	1	1.97017302	10.89984327
1016	1069	136	2	0.25656514	2.31485045
1016	1069	136	3	2.43401473	13.36427572
1016	1069	136	4	0.21193728	1.36374144
1016	1069	136	5	0.36632864	1.80785704
1016	1069	136	6	1.03215753	4.08291960
1016	1069	136	7	4.14836989	19.86358402
1016	1069	136	8	1.63872549	11.32067202
1016	1069	136	9	4.89739255	20.49447828
1016	1069	136	10	0.11859727	0.56957667
1016	1069	136	11	3.50778766	16.26839269
1016	1069	136	12	0.22516633	2.50278882
1016	1069	136	13	1.02808849	5.48322493
1016	1069	136	14	9.65487094	59.25046237
1016	1069	136	15	0.30393326	1.58163644
1016	1069	136	16	2.24092527	18.40897985
1016	1069	136	17	0.28659028	2.29775271
1016	1069	136	18	0.13644924	0.73381877
1016	1069	136	19	5.12052368	57.44731165
1016	1069	137	0	2.61559419	10.13088967
1016	1069	137	1	1.96994349	10.89858459
1016	1069	137	2	0.25658519	2.31434368
1016	1069	137	3	2.43465771	13.36920427
1016	1069	137	4	0.21179240	1.36331206
1016	1069	137	5	0.36661492	1.80931787
1016	1069	137	6	1.03150168	4.08088166
1016	1069	137	7	4.14843720	19.86388447
1016	1069	137	8	1.63888475	11.32149393
1016	1069	137	9	4.89736235	20.49446557
1016	1069	137	10	0.11869752	0.57005395
1016	1069	137	11	3.50793107	16.26903008
1016	1069	137	12	0.22500175	2.50171731
1016	1069	137	13	1.02750004	5.47899214
1016	1069	137	14	9.65474409	59.24990689
1016	1069	137	15	0.30418568	1.58293954
1016	1069	137	16	2.24085611	18.40855509
1016	1069	137	17	0.28681174	2.29885060
1016	1069	137	18	0.13656803	0.73442433
1016	1069	137	19	5.12008121	57.44736074
1016	1069	138	0	2.61492297	10.12724994
1016	1069	138	1	1.96972526	10.89732403
1016	1069	138	2	0.25661041	2.31391324
1016	1069	138	3	2.43523605	13.37387999
1016	1069	138	4	0.21164711	1.36280467
1016	1069	138	5	0.36688707	1.81077015
1016	1069	138	6	1.03084351	4.07870407
1016	1069	138	7	4.14850222	19.86418949
1016	1069	138	8	1.63903821	11.32235618
1016	1069	138	9	4.89732859	20.49442571
1016	1069	138	10	0.11879357	0.57053250
1016	1069	138	11	3.50806928	16.26967348
1016	1069	138	12	0.22484338	2.50057809
1016	1069	138	13	1.02696771	5.47496780
1016	1069	138	14	9.65462009	59.24931508
1016	1069	138	15	0.30442654	1.58424573
1016	1069	138	16	2.24079048	18.40811288
1016	1069	138	17	0.28702504	2.30003355
1016	1069	138	18	0.13668188	0.73503659
1016	1069	138	19	5.11964413	57.44696298
1016	1069	139	0	2.61432677	10.12388000
1016	1069	139	1	1.96951925	10.89607322
1016	1069	139	2	0.25664006	2.31355582
1016	1069	139	3	2.43575060	13.37828419
1016	1069	139	4	0.21150277	1.36223100
1016	1069	139	5	0.36714394	1.81220149
1016	1069	139	6	1.03018925	4.07641988
1016	1069	139	7	4.14856457	19.86449583
1016	1069	139	8	1.63918503	11.32324715
1016	1069	139	9	4.89729191	20.49436161
1016	1069	139	10	0.11888494	0.57100785
1016	1069	139	11	3.50820153	16.27031639
1016	1069	139	12	0.22469206	2.49938347
1016	1069	139	13	1.02649102	5.47116879
1016	1069	139	14	9.65449983	59.24869571
1016	1069	139	15	0.30465473	1.58554285
1016	1069	139	16	2.24072866	18.40765889
1016	1069	139	17	0.28722898	2.30128281
1016	1069	139	18	0.13679021	0.73564935
1016	1069	139	19	5.11921592	57.44616360
1016	1069	140	0	2.61380395	10.12078512
1016	1069	140	1	1.96932621	10.89484264
1016	1069	140	2	0.25667348	2.31326775
1016	1069	140	3	2.43620273	13.38240244
1016	1069	140	4	0.21136061	1.36160233
1016	1069	140	5	0.36738461	1.81360081
1016	1069	140	6	1.02954451	4.07406002
1016	1069	140	7	4.14862395	19.86480056
1016	1069	140	8	1.63932450	11.32415602
1016	1069	140	9	4.89725291	20.49427614
1016	1069	140	10	0.11897123	0.57147600
1016	1069	140	11	3.50832718	16.27095295
1016	1069	140	12	0.22454851	2.49814552
1016	1069	140	13	1.02606901	5.46760832
1016	1069	140	14	9.65438405	59.24805702
1016	1069	140	15	0.30486934	1.58681997
1016	1069	140	16	2.24067086	18.40719835
1016	1069	140	17	0.28742259	2.30258079
1016	1069	140	18	0.13689255	0.73625701
1016	1069	140	19	5.11879966	57.44500726
1016	1069	141	0	2.61335236	10.11796758
1016	1069	141	1	1.96914669	10.89364160
1016	1069	141	2	0.25671000	2.31304508
1016	1069	141	3	2.43659420	13.38622428
1016	1069	141	4	0.21122171	1.36092939
1016	1069	141	5	0.36760838	1.81495839
1016	1069	141	6	1.02891426	4.07165317
1016	1069	141	7	4.14868009	19.86510103
1016	1069	141	8	1.63945604	11.32507286
1016	1069	141	9	4.89721216	20.49417210
1016	1069	141	10	0.11905213	0.57193336
1016	1069	141	11	3.50844571	16.27157793
1016	1069	141	12	0.22441328	2.49687592
1016	1069	141	13	1.02570034	5.46429617
1016	1069	141	14	9.65427338	59.24740662
1016	1069	141	15	0.30506968	1.58806734
1016	1069	141	16	2.24061723	18.40673608
1016	1069	141	17	0.28760507	2.30391112
1016	1069	141	18	0.13698851	0.73685452
1016	1069	141	19	5.11839802	57.44353772
1016	1069	142	0	2.61296940	10.11542689
1016	1069	142	1	1.96898108	10.89247827
1016	1069	142	2	0.25674900	2.31288367
1016	1069	142	3	2.43692721	13.38974295
1016	1069	142	4	0.21108704	1.36022234
1016	1069	142	5	0.36781478	1.81626575
1016	1069	142	6	1.02830286	4.06922572
1016	1069	142	7	4.14873279	19.86539489
1016	1069	142	8	1.63957922	11.32598860
1016	1069	142	9	4.89717020	20.49405217
1016	1069	142	10	0.11912740	0.57237676
1016	1069	142	11	3.50855673	16.27218670
1016	1069	142	12	0.22428682	2.49558586
1016	1069	142	13	1.02538329	5.46123893
1016	1069	142	14	9.65416835	59.24675154
1016	1069	142	15	0.30525524	1.58927637
1016	1069	142	16	2.24056787	18.40627647
1016	1069	142	17	0.28777578	2.30525862
1016	1069	142	18	0.13707783	0.73743738
1016	1069	142	19	5.11801331	57.44179754
1016	1069	143	0	2.61265207	10.11316011
1016	1069	143	1	1.96882959	10.89135974
1016	1069	143	2	0.25678988	2.31277917
1016	1069	143	3	2.43720425	13.39295507
1016	1069	143	4	0.21095741	1.35949073
1016	1069	143	5	0.36800356	1.81751565
1016	1069	143	6	1.02771409	4.06680173
1016	1069	143	7	4.14878191	19.86568009
1016	1069	143	8	1.63969372	11.32689502
1016	1069	143	9	4.89712752	20.49391894
1016	1069	143	10	0.11919688	0.57280348
1016	1069	143	11	3.50865995	16.27277526
1016	1069	143	12	0.22416944	2.49428595
1016	1069	143	13	1.02511586	5.45844022
1016	1069	143	14	9.65406941	59.24609819
1016	1069	143	15	0.30542570	1.59043962
1016	1069	143	16	2.24052284	18.40582345
1016	1069	143	17	0.28793426	2.30660942
1016	1069	143	18	0.13716029	0.73800166
1016	1069	143	19	5.11764746	57.43982775
1016	1069	144	0	2.61239709	10.11116205
1016	1069	144	1	1.96869229	10.89029202
1016	1069	144	2	0.25683211	2.31272717
1016	1069	144	3	2.43742809	13.39586039
1016	1069	144	4	0.21083352	1.35874341
1016	1069	144	5	0.36817461	1.81870207
1016	1069	144	6	1.02715114	4.06440297
1016	1069	144	7	4.14882733	19.86595485
1016	1069	144	8	1.63979932	11.32778480
1016	1069	144	9	4.89708457	20.49377486
1016	1069	144	10	0.11926046	0.57321118
1016	1069	144	11	3.50875516	16.27334015
1016	1069	144	12	0.22406133	2.49298616
1016	1069	144	13	1.02489578	5.45590099
1016	1069	144	14	9.65397689	59.24545236
1016	1069	144	15	0.30558092	1.59155077
1016	1069	144	16	2.24048214	18.40538055
1016	1069	144	17	0.28808022	2.30795086
1016	1069	144	18	0.13723578	0.73854394
1016	1069	144	19	5.11730204	57.43766768
1016	1069	145	0	2.61220090	10.10942559
1016	1069	145	1	1.96856910	10.88928012
1016	1069	145	2	0.25687517	2.31272317
1016	1069	145	3	2.43760171	13.39846148
1016	1069	145	4	0.21071596	1.35798858
1016	1069	145	5	0.36832804	1.81982010
1016	1069	145	6	1.02661668	4.06204885
1016	1069	145	7	4.14886901	19.86621765
1016	1069	145	8	1.63989592	11.32865145
1016	1069	145	9	4.89704178	20.49362227
1016	1069	145	10	0.11931813	0.57359792
1016	1069	145	11	3.50884228	16.27387848
1016	1069	145	12	0.22396259	2.49169575
1016	1069	145	13	1.02472055	5.45361973
1016	1069	145	14	9.65389103	59.24481926
1016	1069	145	15	0.30572090	1.59260453
1016	1069	145	16	2.24044575	18.40495089
1016	1069	145	17	0.28821347	2.30927158
1016	1069	145	18	0.13730427	0.73906132
1016	1069	145	19	5.11697831	57.43535473
1016	1069	146	0	2.61205972	10.10794188
1016	1069	146	1	1.96845984	10.88832805
1016	1069	146	2	0.25691860	2.31276268
1016	1069	146	3	2.43772829	13.40076342
1016	1069	146	4	0.21060518	1.35723373
1016	1069	146	5	0.36846409	1.82086591
1016	1069	146	6	1.02611285	4.05975657
1016	1069	146	7	4.14890691	19.86646725
1016	1069	146	8	1.63998350	11.32948931
1016	1069	146	9	4.89699951	20.49346334
1016	1069	146	10	0.11936989	0.57396212
1016	1069	146	11	3.50892129	16.27438787
1016	1069	146	12	0.22387322	2.49042326
1016	1069	146	13	1.02458754	5.45159274
1016	1069	146	14	9.65381200	59.24420347
1016	1069	146	15	0.30584577	1.59359664
1016	1069	146	16	2.24041359	18.40453714
1016	1069	146	17	0.28833401	2.31056147
1016	1069	146	18	0.13736578	0.73955142
1016	1069	146	19	5.11667719	57.43292421
1016	1069	147	0	2.61196966	10.10670059
1016	1069	147	1	1.96836421	10.88743892
1016	1069	147	2	0.25696195	2.31284122
1016	1069	147	3	2.43781113	13.40277355
1016	1069	147	4	0.21050155	1.35648566
1016	1069	147	5	0.36858313	1.82183670
1016	1069	147	6	1.02564132	4.05754110
1016	1069	147	7	4.14894106	19.86670263
1016	1069	147	8	1.64006212	11.33029352
1016	1069	147	9	4.89695811	20.49330014
1016	1069	147	10	0.11941584	0.57430256
1016	1069	147	11	3.50899224	16.27486646
1016	1069	147	12	0.22379314	2.48917642
1016	1069	147	13	1.02449395	5.44981436
1016	1069	147	14	9.65373988	59.24360899
1016	1069	147	15	0.30595581	1.59452379
1016	1069	147	16	2.24038556	18.40414161
1016	1069	147	17	0.28844190	2.31181161
1016	1069	147	18	0.13742039	0.74001230
1016	1069	147	19	5.11639932	57.43040920
1016	1069	148	0	2.61192672	10.10569017
1016	1069	148	1	1.96828179	10.88661496
1016	1069	148	2	0.25700484	2.31295439
1016	1069	148	3	2.43785359	13.40450114
1016	1069	148	4	0.21040533	1.35575045
1016	1069	148	5	0.36868568	1.82273061
1016	1069	148	6	1.02520328	4.05541526
1016	1069	148	7	4.14897150	19.86692300
1016	1069	148	8	1.64013192	11.33105999
1016	1069	148	9	4.89691787	20.49313452
1016	1069	148	10	0.11945610	0.57461834
1016	1069	148	11	3.50905526	16.27531282
1016	1069	148	12	0.22372220	2.48796221
1016	1069	148	13	1.02443690	5.44827720
1016	1069	148	14	9.65367469	59.24303928
1016	1069	148	15	0.30605140	1.59538358
1016	1069	148	16	2.24036154	18.40376621
1016	1069	148	17	0.28853735	2.31301433
1016	1069	148	18	0.13746826	0.74044247
1016	1069	148	19	5.11614507	57.42784051
1016	1069	149	0	2.61192682	10.10489803
1016	1069	149	1	1.96821211	10.88585762
1016	1069	149	2	0.25704692	2.31309789
1016	1069	149	3	2.43785911	13.40595719
1016	1069	149	4	0.21031669	1.35503351
1016	1069	149	5	0.36877233	1.82354665
1016	1069	149	6	1.02479954	4.05338986
1016	1069	149	7	4.14899831	19.86712780
1016	1069	149	8	1.64019311	11.33178537
1016	1069	149	9	4.89687905	20.49296825
1016	1069	149	10	0.11949082	0.57490889
1016	1069	149	11	3.50911052	16.27572597
1016	1069	149	12	0.22366016	2.48678681
1016	1069	149	13	1.02441346	5.44697239
1016	1069	149	14	9.65361637	59.24249721
1016	1069	149	15	0.30613301	1.59617445
1016	1069	149	16	2.24034137	18.40341250
1016	1069	149	17	0.28862064	2.31416305
1016	1069	149	18	0.13750957	0.74084088
1016	1069	149	19	5.11591456	57.42524652
1016	1069	150	0	2.61196590	10.10431079
1016	1069	150	1	1.96815461	10.88516758
1016	1069	150	2	0.25708789	2.31326753
1016	1069	150	3	2.43783113	13.40715412
1016	1069	150	4	0.21023571	1.35433957
1016	1069	150	5	0.36884378	1.82428464
1016	1069	150	6	1.02443050	4.05147375
1016	1069	150	7	4.14902160	19.86731664
1016	1069	150	8	1.64024595	11.33246699
1016	1069	150	9	4.89684187	20.49280288
1016	1069	150	10	0.11952021	0.57517391
1016	1069	150	11	3.50915828	16.27610532
1016	1069	150	12	0.22360674	2.48565562
1016	1069	150	13	1.02442066	5.44588980
1016	1069	150	14	9.65356482	59.24198516
1016	1069	150	15	0.30620120	1.59689560
1016	1069	150	16	2.24032487	18.40308168
1016	1069	150	17	0.28869217	2.31525235
1016	1069	150	18	0.13754456	0.74120685
1016	1069	150	19	5.11570766	57.42265323
1016	1069	151	0	2.61203991	10.10391445
1016	1069	151	1	1.96810867	10.88454484
1016	1069	151	2	0.25712747	2.31345930
1016	1069	151	3	2.43777309	13.40810551
1016	1069	151	4	0.21016239	1.35367272
1016	1069	151	5	0.36890081	1.82494514
1016	1069	151	6	1.02409620	4.04967395
1016	1069	151	7	4.14904148	19.86748933
1016	1069	151	8	1.64029076	11.33310284
1016	1069	151	9	4.89680652	20.49263985
1016	1069	151	10	0.11954450	0.57541336
1016	1069	151	11	3.50919881	16.27645065
1016	1069	151	12	0.22356160	2.48457326
1016	1069	151	13	1.02445554	5.44501822
1016	1069	151	14	9.65351988	59.24150500
1016	1069	151	15	0.30625662	1.59754696
1016	1069	151	16	2.24031185	18.40277464
1016	1069	151	17	0.28875236	2.31627782
1016	1069	151	18	0.13757351	0.74154006
1016	1069	151	19	5.11552406	57.42008419
1016	1069	152	0	2.61214488	10.10369460
1016	1069	152	1	1.96807363	10.88398881
1016	1069	152	2	0.25716543	2.31366935
1016	1069	152	3	2.43768834	13.40882593
1016	1069	152	4	0.21009668	1.35303639
1016	1069	152	5	0.36894425	1.82552937
1016	1069	152	6	1.02379637	4.04799573
1016	1069	152	7	4.14905811	19.86764584
1016	1069	152	8	1.64032790	11.33369150
1016	1069	152	9	4.89677314	20.49248043
1016	1069	152	10	0.11956395	0.57562745
1016	1069	152	11	3.50923242	16.27676205
1016	1069	152	12	0.22352437	2.48354361
1016	1069	152	13	1.02451516	5.44434562
1016	1069	152	14	9.65348133	59.24105815
1016	1069	152	15	0.30629995	1.59812910
1016	1069	152	16	2.24030210	18.40249196
1016	1069	152	17	0.28880175	2.31723608
1016	1069	152	18	0.13759671	0.74184053
1016	1069	152	19	5.11536325	57.41756053
1016	1069	153	0	2.61227691	10.10363656
1016	1069	153	1	1.96804878	10.88349829
1016	1069	153	2	0.25720157	2.31389404
1016	1069	153	3	2.43758019	13.40933066
1016	1069	153	4	0.21003844	1.35243344
1016	1069	153	5	0.36897499	1.82603913
1016	1069	153	6	1.02353047	4.04644277
1016	1069	153	7	4.14907163	19.86778629
1016	1069	153	8	1.64035774	11.33423212
1016	1069	153	9	4.89674187	20.49232573
1016	1069	153	10	0.11957883	0.57581658
1016	1069	153	11	3.50925948	16.27703994
1016	1069	153	12	0.22349464	2.48256980
1016	1069	153	13	1.02459663	5.44385926
1016	1069	153	14	9.65344892	59.24064556
1016	1069	153	15	0.30633193	1.59864319
1016	1069	153	16	2.24029540	18.40223395
1016	1069	153	17	0.28884089	2.31812466
1016	1069	153	18	0.13761449	0.74210859
1016	1069	153	19	5.11522456	57.41510101
1016	1069	154	0	2.61243224	10.10372556
1016	1069	154	1	1.96803339	10.88307165
1016	1069	154	2	0.25723574	2.31412992
1016	1069	154	3	2.43745185	13.40963550
1016	1069	154	4	0.20998749	1.35186614
1016	1069	154	5	0.36899393	1.82647675
1016	1069	154	6	1.02329768	4.04501728
1016	1069	154	7	4.14908223	19.86791094
1016	1069	154	8	1.64038073	11.33472438
1016	1069	154	9	4.89671278	20.49217672
1016	1069	154	10	0.11958944	0.57598138
1016	1069	154	11	3.50928036	16.27728498
1016	1069	154	12	0.22347195	2.48165428
1016	1069	154	13	1.02469715	5.44354594
1016	1069	154	14	9.65342239	59.24026781
1016	1069	154	15	0.30635334	1.59909090
1016	1069	154	16	2.24029153	18.40200065
1016	1069	154	17	0.28887039	2.31894198
1016	1069	154	18	0.13762721	0.74234480
1016	1069	154	19	5.11510719	57.41272203
1016	1069	155	0	2.61260723	10.10394687
1016	1069	155	1	1.96802670	10.88270677
1016	1069	155	2	0.25726781	2.31437377
1016	1069	155	3	2.43730639	13.40975659
1016	1069	155	4	0.20994361	1.35133624
1016	1069	155	5	0.36900202	1.82684498
1016	1069	155	6	1.02309697	4.04372006
1016	1069	155	7	4.14909008	19.86802016
1016	1069	155	8	1.64039729	11.33516839
1016	1069	155	9	4.89668595	20.49203423
1016	1069	155	10	0.11959608	0.57612260
1016	1069	155	11	3.50929545	16.27749808
1016	1069	155	12	0.22345586	2.48079884
1016	1069	155	13	1.02481399	5.44339212
1016	1069	155	14	9.65340142	59.23992508
1016	1069	155	15	0.30636499	1.59947435
1016	1069	155	16	2.24029026	18.40179189
1016	1069	155	17	0.28889089	2.31968725
1016	1069	155	18	0.13763521	0.74255000
1016	1069	155	19	5.11501020	57.41043772
1016	1069	156	0	2.61279842	10.10428595
1016	1069	156	1	1.96802795	10.88240120
1016	1069	156	2	0.25729767	2.31462260
1016	1069	156	3	2.43714677	13.40971022
1016	1069	156	4	0.20990651	1.35084497
1016	1069	156	5	0.36900021	1.82714699
1016	1069	156	6	1.02292712	4.04255072
1016	1069	156	7	4.14909538	19.86811442
1016	1069	156	8	1.64040789	11.33556474
1016	1069	156	9	4.89666140	20.49189897
1016	1069	156	10	0.11959907	0.57624118
1016	1069	156	11	3.50930517	16.27768032
1016	1069	156	12	0.22344588	2.48000463
1016	1069	156	13	1.02494455	5.44338411
1016	1069	156	14	9.65338567	59.23961723
1016	1069	156	15	0.30636767	1.59979607
1016	1069	156	16	2.24029134	18.40160727
1016	1069	156	17	0.28890304	2.32036042
1016	1069	156	18	0.13763888	0.74272522
1016	1069	156	19	5.11493256	57.40826002
1016	1069	157	0	2.61300251	10.10472856
1016	1069	157	1	1.96803639	10.88215216
1016	1069	157	2	0.25732527	2.31487367
1016	1069	157	3	2.43697580	13.40951265
1016	1069	157	4	0.20987590	1.35039311
1016	1069	157	5	0.36898945	1.82738623
1016	1069	157	6	1.02278673	4.04150772
1016	1069	157	7	4.14909831	19.86819429
1016	1069	157	8	1.64041300	11.33591433
1016	1069	157	9	4.89663915	20.49177147
1016	1069	157	10	0.11959872	0.57633815
1016	1069	157	11	3.50930993	16.27783299
1016	1069	157	12	0.22344152	2.47927223
1016	1069	157	13	1.02508632	5.44350817
1016	1069	157	14	9.65337481	59.23934380
1016	1069	157	15	0.30636223	1.60005893
1016	1069	157	16	2.24029455	18.40144622
1016	1069	157	17	0.28890753	2.32096210
1016	1069	157	18	0.13763858	0.74287167
1016	1069	157	19	5.11487316	57.40619879
1016	1069	158	0	2.61321642	10.10526083
1016	1069	158	1	1.96805125	10.88195660
1016	1069	158	2	0.25735055	2.31512445
1016	1069	158	3	2.43679611	13.40918003
1016	1069	158	4	0.20985144	1.34998100
1016	1069	158	5	0.36897069	1.82756643
1016	1069	158	6	1.02267430	4.04058852
1016	1069	158	7	4.14909908	19.86826041
1016	1069	158	8	1.64041309	11.33621846
1016	1069	158	9	4.89661919	20.49165220
1016	1069	158	10	0.11959535	0.57641467
1016	1069	158	11	3.50931017	16.27795752
1016	1069	158	12	0.22344228	2.47860168
1016	1069	158	13	1.02523696	5.44375064
1016	1069	158	14	9.65336846	59.23910407
1016	1069	158	15	0.30634947	1.60026604
1016	1069	158	16	2.24029966	18.40130798
1016	1069	158	17	0.28890504	2.32149351
1016	1069	158	18	0.13763470	0.74299071
1016	1069	158	19	5.11483082	57.40426189
1016	1069	159	0	2.61343725	10.10586940
1016	1069	159	1	1.96807180	10.88181127
1016	1069	159	2	0.25737352	2.31537266
1016	1069	159	3	2.43661018	13.40872817
1016	1069	159	4	0.20983275	1.34960860
1016	1069	159	5	0.36894485	1.82769150
1016	1069	159	6	1.02258818	4.03978972
1016	1069	159	7	4.14909787	19.86831349
1016	1069	159	8	1.64040862	11.33647866
1016	1069	159	9	4.89660147	20.49154146
1016	1069	159	10	0.11958928	0.57647194
1016	1069	159	11	3.50930631	16.27805544
1016	1069	159	12	0.22344769	2.47799250
1016	1069	159	13	1.02539424	5.44409810
1016	1069	159	14	9.65336627	59.23889705
1016	1069	159	15	0.30633021	1.60042077
1016	1069	159	16	2.24030645	18.40119169
1016	1069	159	17	0.28889624	2.32195639
1016	1069	159	18	0.13762761	0.74308384
1016	1069	159	19	5.11480433	57.40245529
1016	1069	160	0	2.61366232	10.10654146
1016	1069	160	1	1.96809729	10.88171276
1016	1069	160	2	0.25739417	2.31561628
1016	1069	160	3	2.43642030	13.40817251
1016	1069	160	4	0.20981947	1.34927551
1016	1069	160	5	0.36891286	1.82776549
1016	1069	160	6	1.02252667	4.03910714
1016	1069	160	7	4.14909490	19.86835429
1016	1069	160	8	1.64040009	11.33669676
1016	1069	160	9	4.89658597	20.49143947
1016	1069	160	10	0.11958082	0.57651127
1016	1069	160	11	3.50929878	16.27812839
1016	1069	160	12	0.22345725	2.47744380
1016	1069	160	13	1.02555610	5.44453743
1016	1069	160	14	9.65336785	59.23872158
1016	1069	160	15	0.30630523	1.60052662
1016	1069	160	16	2.24031467	18.40109633
1016	1069	160	17	0.28888183	2.32235298
1016	1069	160	18	0.13761768	0.74315263
1016	1069	160	19	5.11479242	57.40078323
1016	1069	161	0	2.61388915	10.10726483
1016	1069	161	1	1.96812703	10.88165757
1016	1069	161	2	0.25741253	2.31585349
1016	1069	161	3	2.43622859	13.40752796
1016	1069	161	4	0.20981121	1.34898101
1016	1069	161	5	0.36887557	1.82779255
1016	1069	161	6	1.02248798	4.03853594
1016	1069	161	7	4.14909036	19.86838359
1016	1069	161	8	1.64038794	11.33687477
1016	1069	161	9	4.89657260	20.49134634
1016	1069	161	10	0.11957028	0.57653399
1016	1069	161	11	3.50928798	16.27817808
1016	1069	161	12	0.22347047	2.47695426
1016	1069	161	13	1.02572061	5.44505590
1016	1069	161	14	9.65337284	59.23857628
1016	1069	161	15	0.30627532	1.60058725
1016	1069	161	16	2.24032414	18.40102082
1016	1069	161	17	0.28886245	2.32268587
1016	1069	161	18	0.13760527	0.74319876
1016	1069	161	19	5.11479384	57.39924830
1016	1069	162	0	2.61411550	10.10802802
1016	1069	162	1	1.96816034	10.88164210
1016	1069	162	2	0.25742866	2.31608273
1016	1069	162	3	2.43603699	13.40680887
1016	1069	162	4	0.20980755	1.34872411
1016	1069	162	5	0.36883385	1.82777686
1016	1069	162	6	1.02247032	4.03807074
1016	1069	162	7	4.14908442	19.86840223
1016	1069	162	8	1.64037264	11.33701488
1016	1069	162	9	4.89656129	20.49126209
1016	1069	162	10	0.11955794	0.57654145
1016	1069	162	11	3.50927433	16.27820626
1016	1069	162	12	0.22348690	2.47652219
1016	1069	162	13	1.02588602	5.44564127
1016	1069	162	14	9.65338087	59.23845965
1016	1069	162	15	0.30624121	1.60060637
1016	1069	162	16	2.24033464	18.40096397
1016	1069	162	17	0.28883877	2.32295803
1016	1069	162	18	0.13759072	0.74322393
1016	1069	162	19	5.11480730	57.39785159
1016	1069	163	0	2.61433932	10.10882023
1016	1069	163	1	1.96819658	10.88166275
1016	1069	163	2	0.25744260	2.31630263
1016	1069	163	3	2.43584725	13.40602887
1016	1069	163	4	0.20980811	1.34850355
1016	1069	163	5	0.36878849	1.82772262
1016	1069	163	6	1.02247183	4.03770571
1016	1069	163	7	4.14907729	19.86841104
1016	1069	163	8	1.64035461	11.33711941
1016	1069	163	9	4.89655195	20.49118667
1016	1069	163	10	0.11954410	0.57653503
1016	1069	163	11	3.50925822	16.27821471
1016	1069	163	12	0.22350607	2.47614560
1016	1069	163	13	1.02605071	5.44628184
1016	1069	163	14	9.65339157	59.23837006
1016	1069	163	15	0.30620363	1.60058772
1016	1069	163	16	2.24034597	18.40092453
1016	1069	163	17	0.28881141	2.32317269
1016	1069	163	18	0.13757439	0.74322991
1016	1069	163	19	5.11483154	57.39659284
1016	1069	164	0	2.61455880	10.10963145
1016	1069	164	1	1.96823513	10.88171589
1016	1069	164	2	0.25745445	2.31651205
1016	1069	164	3	2.43566093	13.40520091
1016	1069	164	4	0.20981247	1.34831790
1016	1069	164	5	0.36874026	1.82763397
1016	1069	164	6	1.02249070	4.03743465
1016	1069	164	7	4.14906914	19.86841088
1016	1069	164	8	1.64033428	11.33719079
1016	1069	164	9	4.89654448	20.49111993
1016	1069	164	10	0.11952902	0.57651610
1016	1069	164	11	3.50924003	16.27820524
1016	1069	164	12	0.22352756	2.47582223
1016	1069	164	13	1.02621326	5.44696651
1016	1069	164	14	9.65340460	59.23830577
1016	1069	164	15	0.30616323	1.60053505
1016	1069	164	16	2.24035796	18.40090123
1016	1069	164	17	0.28878096	2.32333331
1016	1069	164	18	0.13755658	0.74321844
1016	1069	164	19	5.11486531	57.39547052
1016	1069	165	0	2.61477234	10.11045242
1016	1069	165	1	1.96827543	10.88179798
1016	1069	165	2	0.25746428	2.31671006
1016	1069	165	3	2.43547942	13.40433711
1016	1069	165	4	0.20982023	1.34816552
1016	1069	165	5	0.36868988	1.82751499
1016	1069	165	6	1.02252510	4.03725112
1016	1069	165	7	4.14906013	19.86840260
1016	1069	165	8	1.64031206	11.33723152
1016	1069	165	9	4.89653877	20.49106168
1016	1069	165	10	0.11951297	0.57648602
1016	1069	165	11	3.50922013	16.27817962
1016	1069	165	12	0.22355094	2.47554957
1016	1069	165	13	1.02637235	5.44768482
1016	1069	165	14	9.65341962	59.23826499
1016	1069	165	15	0.30612067	1.60045207
1016	1069	165	16	2.24037043	18.40089276
1016	1069	165	17	0.28874800	2.32344353
1016	1069	165	18	0.13753759	0.74319128
1016	1069	165	19	5.11490742	57.39448202
1016	1069	166	0	2.61497852	10.11127467
1016	1069	166	1	1.96831692	10.88190551
1016	1069	166	2	0.25747220	2.31689592
1016	1069	166	3	2.43530394	13.40344881
1016	1069	166	4	0.20983100	1.34804462
1016	1069	166	5	0.36863801	1.82736963
1016	1069	166	6	1.02257324	4.03714848
1016	1069	166	7	4.14905044	19.86838705
1016	1069	166	8	1.64028833	11.33724413
1016	1069	166	9	4.89653472	20.49101163
1016	1069	166	10	0.11949617	0.57644612
1016	1069	166	11	3.50919885	16.27813961
1016	1069	166	12	0.22357584	2.47532495
1016	1069	166	13	1.02652687	5.44842699
1016	1069	166	14	9.65343629	59.23824586
1016	1069	166	15	0.30607654	1.60034240
1016	1069	166	16	2.24038322	18.40089778
1016	1069	166	17	0.28871308	2.32350710
1016	1069	166	18	0.13751773	0.74315017
1016	1069	166	19	5.11495667	57.39362374
1016	1069	167	0	2.61517615	10.11209053
1016	1069	167	1	1.96835912	10.88203509
1016	1069	167	2	0.25747832	2.31706905
1016	1069	167	3	2.43513554	13.40254649
1016	1069	167	4	0.20984439	1.34795333
1016	1069	167	5	0.36858528	1.82720174
1016	1069	167	6	1.02263338	4.03711997
1016	1069	167	7	4.14904022	19.86836505
1016	1069	167	8	1.64026345	11.33723119
1016	1069	167	9	4.89653219	20.49096949
1016	1069	167	10	0.11947886	0.57639769
1016	1069	167	11	3.50917653	16.27808696
1016	1069	167	12	0.22360186	2.47514553
1016	1069	167	13	1.02667582	5.44918395
1016	1069	167	14	9.65345431	59.23824653
1016	1069	167	15	0.30603139	1.60020958
1016	1069	167	16	2.24039617	18.40091498
1016	1069	167	17	0.28867670	2.32352785
1016	1069	167	18	0.13749725	0.74309680
1016	1069	167	19	5.11501194	57.39289120
1016	1069	168	0	2.61536422	10.11289308
1016	1069	168	1	1.96840157	10.88218343
1016	1069	168	2	0.25748275	2.31722908
1016	1069	168	3	2.43497508	13.40163976
1016	1069	168	4	0.20986005	1.34788964
1016	1069	168	5	0.36853224	1.82701500
1016	1069	168	6	1.02270384	4.03715884
1016	1069	168	7	4.14902960	19.86833743
1016	1069	168	8	1.64023774	11.33719523
1016	1069	168	9	4.89653107	20.49093489
1016	1069	168	10	0.11946124	0.57634200
1016	1069	168	11	3.50915346	16.27802333
1016	1069	168	12	0.22362868	2.47500835
1016	1069	168	13	1.02681835	5.44994734
1016	1069	168	14	9.65347338	59.23826511
1016	1069	168	15	0.30598574	1.60005703
1016	1069	168	16	2.24040917	18.40094305
1016	1069	168	17	0.28863933	2.32350964
1016	1069	168	18	0.13747640	0.74303284
1016	1069	168	19	5.11507214	57.39227923
1016	1069	169	0	2.61554191	10.11367621
1016	1069	169	1	1.96844386	10.88234740
1016	1069	169	2	0.25748561	2.31737577
1016	1069	169	3	2.43482330	13.40073739
1016	1069	169	4	0.20987759	1.34785153
1016	1069	169	5	0.36847942	1.82681291
1016	1069	169	6	1.02278299	4.03725831
1016	1069	169	7	4.14901873	19.86830495
1016	1069	169	8	1.64021154	11.33713877
1016	1069	169	9	4.89653124	20.49090745
1016	1069	169	10	0.11944351	0.57628024
1016	1069	169	11	3.50912993	16.27795036
1016	1069	169	12	0.22365596	2.47491039
1016	1069	169	13	1.02695377	5.45070955
1016	1069	169	14	9.65349323	59.23829973
1016	1069	169	15	0.30594006	1.59988802
1016	1069	169	16	2.24042208	18.40098069
1016	1069	169	17	0.28860141	2.32345632
1016	1069	169	18	0.13745540	0.74295986
1016	1069	169	19	5.11513627	57.39178201
1016	1069	170	0	2.61570856	10.11443456
1016	1069	170	1	1.96848561	10.88252399
1016	1069	170	2	0.25748702	2.31750902
1016	1069	170	3	2.43468077	13.39984725
1016	1069	170	4	0.20989670	1.34783690
1016	1069	170	5	0.36842729	1.82659879
1016	1069	170	6	1.02286927	4.03741173
1016	1069	170	7	4.14900773	19.86826839
1016	1069	170	8	1.64018512	11.33706428
1016	1069	170	9	4.89653257	20.49088673
1016	1069	170	10	0.11942584	0.57621356
1016	1069	170	11	3.50910620	16.27786958
1016	1069	170	12	0.22368342	2.47484857
1016	1069	170	13	1.02708149	5.45146367
1016	1069	170	14	9.65351361	59.23834856
1016	1069	170	15	0.30589477	1.59970567
1016	1069	170	16	2.24043479	18.40102666
1016	1069	170	17	0.28856335	2.32337171
1016	1069	170	18	0.13743448	0.74287940
1016	1069	170	19	5.11520335	57.39139323
1016	1069	171	0	2.61586368	10.11516349
1016	1069	171	1	1.96852649	10.88271040
1016	1069	171	2	0.25748710	2.31762888
1016	1069	171	3	2.43454794	13.39897638
1016	1069	171	4	0.20991704	1.34784365
1016	1069	171	5	0.36837626	1.82637576
1016	1069	171	6	1.02296123	4.03761258
1016	1069	171	7	4.14899671	19.86822846
1016	1069	171	8	1.64015875	11.33697415
1016	1069	171	9	4.89653494	20.49087229
1016	1069	171	10	0.11940838	0.57614303
1016	1069	171	11	3.50908250	16.27778248
1016	1069	171	12	0.22371079	2.47481979
1016	1069	171	13	1.02720108	5.45220354
1016	1069	171	14	9.65353426	59.23840981
1016	1069	171	15	0.30585025	1.59951292
1016	1069	171	16	2.24044720	18.40107974
1016	1069	171	17	0.28852550	2.32325955
1016	1069	171	18	0.13741380	0.74279290
1016	1069	171	19	5.11527248	57.39110619
1016	1069	172	0	2.61600694	10.11585909
1016	1069	172	1	1.96856620	10.88290397
1016	1069	172	2	0.25748598	2.31773552
1016	1069	172	3	2.43442509	13.39813096
1016	1069	172	4	0.20993831	1.34786969
1016	1069	172	5	0.36832669	1.82614670
1016	1069	172	6	1.02305749	4.03785452
1016	1069	172	7	4.14898577	19.86818585
1016	1069	172	8	1.64013266	11.33687068
1016	1069	172	9	4.89653824	20.49086367
1016	1069	172	10	0.11939128	0.57606967
1016	1069	172	11	3.50905904	16.27769046
1016	1069	172	12	0.22373782	2.47482099
1016	1069	172	13	1.02731219	5.45292369
1016	1069	172	14	9.65355499	59.23848173
1016	1069	172	15	0.30580684	1.59931253
1016	1069	172	16	2.24045924	18.40113878
1016	1069	172	17	0.28848820	2.32312347
1016	1069	172	18	0.13739354	0.74270174
1016	1069	172	19	5.11534285	57.39091386
1016	1069	173	0	2.61613814	10.11651810
1016	1069	173	1	1.96860450	10.88310224
1016	1069	173	2	0.25748379	2.31782920
1016	1069	173	3	2.43431243	13.39731636
1016	1069	173	4	0.20996022	1.34791294
1016	1069	173	5	0.36827890	1.82591430
1016	1069	173	6	1.02315674	4.03813142
1016	1069	173	7	4.14897501	19.86814120
1016	1069	173	8	1.64010707	11.33675610
1016	1069	173	9	4.89654233	20.49086041
1016	1069	173	10	0.11937466	0.57599443
1016	1069	173	11	3.50903603	16.27759483
1016	1069	173	12	0.22376430	2.47484910
1016	1069	173	13	1.02741461	5.45361938
1016	1069	173	14	9.65357558	59.23856266
1016	1069	173	15	0.30576483	1.59910708
1016	1069	173	16	2.24047081	18.40120266
1016	1069	173	17	0.28845174	2.32296701
1016	1069	173	18	0.13737384	0.74260720
1016	1069	173	19	5.11541367	57.39080905
1016	1069	174	0	2.61625721	10.11713794
1016	1069	174	1	1.96864115	10.88330294
1016	1069	174	2	0.25748064	2.31791028
1016	1069	174	3	2.43421002	13.39653715
1016	1069	174	4	0.20998252	1.34797137
1016	1069	174	5	0.36823317	1.82568102
1016	1069	174	6	1.02325780	4.03843744
1016	1069	174	7	4.14896451	19.86809511
1016	1069	174	8	1.64008217	11.33663250
1016	1069	174	9	4.89654712	20.49086202
1016	1069	174	10	0.11935863	0.57591817
1016	1069	174	11	3.50901363	16.27749680
1016	1069	174	12	0.22379003	2.47490115
1016	1069	174	13	1.02750822	5.45428651
1016	1069	174	14	9.65359587	59.23865099
1016	1069	174	15	0.30572448	1.59889892
1016	1069	174	16	2.24048187	18.40127033
1016	1069	174	17	0.28841636	2.32279352
1016	1069	174	18	0.13735484	0.74251046
1016	1069	174	19	5.11548426	57.39078440
1016	1069	175	0	2.61636421	10.11771659
1016	1069	175	1	1.96867599	10.88350400
1016	1069	175	2	0.25747666	2.31797921
1016	1069	175	3	2.43411784	13.39579717
1016	1069	175	4	0.21000497	1.34804301
1016	1069	175	5	0.36818971	1.82544909
1016	1069	175	6	1.02335956	4.03876701
1016	1069	175	7	4.14895434	19.86804815
1016	1069	175	8	1.64005812	11.33650189
1016	1069	175	9	4.89655248	20.49086803
1016	1069	175	10	0.11934328	0.57584170
1016	1069	175	11	3.50899199	16.27739750
1016	1069	175	12	0.22381485	2.47497423
1016	1069	175	13	1.02759298	5.45492165
1016	1069	175	14	9.65361569	59.23874521
1016	1069	175	15	0.30568600	1.59869024
1016	1069	175	16	2.24049235	18.40134082
1016	1069	175	17	0.28838231	2.32260621
1016	1069	175	18	0.13733664	0.74241263
1016	1069	175	19	5.11555400	57.39083254
1016	1069	176	0	2.61645930	10.11825264
1016	1069	176	1	1.96870886	10.88370353
1016	1069	176	2	0.25747196	2.31803650
1016	1069	176	3	2.43403577	13.39509951
1016	1069	176	4	0.21002733	1.34812593
1016	1069	176	5	0.36814872	1.82522051
1016	1069	176	6	1.02346103	4.03911486
1016	1069	176	7	4.14894457	19.86800082
1016	1069	176	8	1.64003505	11.33636612
1016	1069	176	9	4.89655832	20.49087797
1016	1069	176	10	0.11932869	0.57576573
1016	1069	176	11	3.50897123	16.27729797
1016	1069	176	12	0.22383862	2.47506552
1016	1069	176	13	1.02766896	5.45552198
1016	1069	176	14	9.65363491	59.23884391
1016	1069	176	15	0.30564956	1.59848301
1016	1069	176	16	2.24050222	18.40141322
1016	1069	176	17	0.28834976	2.32240812
1016	1069	176	18	0.13731933	0.74231471
1016	1069	176	19	5.11562231	57.39094612
1016	1069	177	0	2.61654272	10.11874519
1016	1069	177	1	1.96873964	10.88389984
1016	1069	177	2	0.25746665	2.31808273
1016	1069	177	3	2.43396360	13.39444657
1016	1069	177	4	0.21004943	1.34821831
1016	1069	177	5	0.36811033	1.82499707
1016	1069	177	6	1.02356130	4.03947607
1016	1069	177	7	4.14893523	19.86795360
1016	1069	177	8	1.64001310	11.33622693
1016	1069	177	9	4.89656454	20.49089137
1016	1069	177	10	0.11931491	0.57569093
1016	1069	177	11	3.50895147	16.27719913
1016	1069	177	12	0.22386122	2.47517233
1016	1069	177	13	1.02773628	5.45608526
1016	1069	177	14	9.65365341	59.23894574
1016	1069	177	15	0.30561531	1.59827899
1016	1069	177	16	2.24051144	18.40148666
1016	1069	177	17	0.28831886	2.32220209
1016	1069	177	18	0.13730299	0.74221760
1016	1069	177	19	5.11568870	57.39111789
1016	1069	178	0	2.61661482	10.11919382
1016	1069	178	1	1.96876826	10.88409143
1016	1069	178	2	0.25746084	2.31811852
1016	1069	178	3	2.43390107	13.39384015
1016	1069	178	4	0.21007107	1.34831839
1016	1069	178	5	0.36807466	1.82478034
1016	1069	178	6	1.02365955	4.03984605
1016	1069	178	7	4.14892639	19.86790691
1016	1069	178	8	1.63999236	11.33608593
1016	1069	178	9	4.89657104	20.49090779
1016	1069	178	10	0.11930200	0.57561786
1016	1069	178	11	3.50893278	16.27710184
1016	1069	178	12	0.22388255	2.47529209
1016	1069	178	13	1.02779514	5.45660981
1016	1069	178	14	9.65367108	59.23904947
1016	1069	178	15	0.30558336	1.59807976
1016	1069	178	16	2.24051999	18.40156039
1016	1069	178	17	0.28828976	2.32199077
1016	1069	178	18	0.13728768	0.74212213
1016	1069	178	19	5.11575276	57.39134074
1016	1069	179	0	2.61667599	10.11959855
1016	1069	179	1	1.96879465	10.88427698
1016	1069	179	2	0.25745463	2.31814452
1016	1069	179	3	2.43384784	13.39328143
1016	1069	179	4	0.21009210	1.34842453
1016	1069	179	5	0.36804177	1.82457168
1016	1069	179	6	1.02375508	4.04022057
1016	1069	179	7	4.14891808	19.86786113
1016	1069	179	8	1.63997289	11.33594458
1016	1069	179	9	4.89657774	20.49092679
1016	1069	179	10	0.11929000	0.57554704
1016	1069	179	11	3.50891525	16.27700684
1016	1069	179	12	0.22390253	2.47542235
1016	1069	179	13	1.02784581	5.45709447
1016	1069	179	14	9.65368784	59.23915397
1016	1069	179	15	0.30555378	1.59788670
1016	1069	179	16	2.24052786	18.40163369
1016	1069	179	17	0.28826254	2.32177660
1016	1069	179	18	0.13727343	0.74202902
1016	1069	179	19	5.11581410	57.39160779
1016	1069	180	0	2.61672672	10.11995983
1016	1069	180	1	1.96881878	10.88445536
1016	1069	180	2	0.25744811	2.31816142
1016	1069	180	3	2.43380352	13.39277102
1016	1069	180	4	0.21011238	1.34853517
1016	1069	180	5	0.36801170	1.82437223
1016	1069	180	6	1.02384727	4.04059576
1016	1069	180	7	4.14891031	19.86781660
1016	1069	180	8	1.63995477	11.33580422
1016	1069	180	9	4.89658455	20.49094794
1016	1069	180	10	0.11927893	0.57547890
1016	1069	180	11	3.50889892	16.27691478
1016	1069	180	12	0.22392111	2.47556081
1016	1069	180	13	1.02788858	5.45753855
1016	1069	180	14	9.65370363	59.23925820
1016	1069	180	15	0.30552661	1.59770099
1016	1069	180	16	2.24053503	18.40170593
1016	1069	180	17	0.28823728	2.32156182
1016	1069	180	18	0.13726029	0.74193890
1016	1069	180	19	5.11587243	57.39191237
1016	1069	181	0	2.61676752	10.12027842
1016	1069	181	1	1.96884064	10.88462561
1016	1069	181	2	0.25744138	2.31816993
1016	1069	181	3	2.43376767	13.39230907
1016	1069	181	4	0.21013181	1.34864887
1016	1069	181	5	0.36798446	1.82418298
1016	1069	181	6	1.02393558	4.04096810
1016	1069	181	7	4.14890312	19.86777360
1016	1069	181	8	1.63993804	11.33566605
1016	1069	181	9	4.89659141	20.49097086
1016	1069	181	10	0.11926880	0.57541382
1016	1069	181	11	3.50888383	16.27682625
1016	1069	181	12	0.22393825	2.47570534
1016	1069	181	13	1.02792382	5.45794179
1016	1069	181	14	9.65371839	59.23936124
1016	1069	181	15	0.30550189	1.59752366
1016	1069	181	16	2.24054151	18.40177655
1016	1069	181	17	0.28821402	2.32134847
1016	1069	181	18	0.13724826	0.74185232
1016	1069	181	19	5.11592748	57.39224813
1016	1069	182	0	2.61679896	10.12055545
1016	1069	182	1	1.96886025	10.88478693
1016	1069	182	2	0.25743451	2.31817076
1016	1069	182	3	2.43373983	13.39189523
1016	1069	182	4	0.21015028	1.34876429
1016	1069	182	5	0.36796003	1.82400467
1016	1069	182	6	1.02401956	4.04133443
1016	1069	182	7	4.14889651	19.86773238
1016	1069	182	8	1.63992270	11.33553113
1016	1069	182	9	4.89659824	20.49099515
1016	1069	182	10	0.11925961	0.57535210
1016	1069	182	11	3.50887001	16.27674171
1016	1069	182	12	0.22395393	2.47585395
1016	1069	182	13	1.02795190	5.45830436
1016	1069	182	14	9.65373208	59.23946224
1016	1069	182	15	0.30547960	1.59735553
1016	1069	182	16	2.24054730	18.40184505
1016	1069	182	17	0.28819279	2.32113836
1016	1069	182	18	0.13723735	0.74176974
1016	1069	182	19	5.11597907	57.39260902
1016	1069	183	0	2.61682164	10.12079230
1016	1069	183	1	1.96887765	10.88493869
1016	1069	183	2	0.25742758	2.31816463
1016	1069	183	3	2.43371949	13.39152877
1016	1069	183	4	0.21016770	1.34888020
1016	1069	183	5	0.36793838	1.82383793
1016	1069	183	6	1.02409885	4.04169195
1016	1069	183	7	4.14889049	19.86769317
1016	1069	183	8	1.63990878	11.33540040
1016	1069	183	9	4.89660499	20.49102048
1016	1069	183	10	0.11925137	0.57529400
1016	1069	183	11	3.50885745	16.27666157
1016	1069	183	12	0.22396814	2.47600480
1016	1069	183	13	1.02797325	5.45862674
1016	1069	183	14	9.65374467	59.23956047
1016	1069	183	15	0.30545972	1.59719728
1016	1069	183	16	2.24055242	18.40191100
1016	1069	183	17	0.28817360	2.32093314
1016	1069	183	18	0.13722755	0.74169154
1016	1069	183	19	5.11602705	57.39298934
1016	1069	184	0	2.61683616	10.12099059
1016	1069	184	1	1.96889287	10.88508038
1016	1069	184	2	0.25742067	2.31815225
1016	1069	184	3	2.43370613	13.39120858
1016	1069	184	4	0.21018403	1.34899549
1016	1069	184	5	0.36791943	1.82368319
1016	1069	184	6	1.02417317	4.04203821
1016	1069	184	7	4.14888506	19.86765612
1016	1069	184	8	1.63989627	11.33527466
1016	1069	184	9	4.89661160	20.49104650
1016	1069	184	10	0.11924405	0.57523970
1016	1069	184	11	3.50884616	16.27658615
1016	1069	184	12	0.22398088	2.47615622
1016	1069	184	13	1.02798831	5.45890979
1016	1069	184	14	9.65375617	59.23965530
1016	1069	184	15	0.30544221	1.59704944
1016	1069	184	16	2.24055688	18.40197404
1016	1069	184	17	0.28815641	2.32073421
1016	1069	184	18	0.13721886	0.74161802
1016	1069	184	19	5.11607133	57.39338373
1016	1069	185	0	2.61684318	10.12115213
1016	1069	185	1	1.96890599	10.88521168
1016	1069	185	2	0.25741382	2.31813433
1016	1069	185	3	2.43369921	13.39093322
1016	1069	185	4	0.21019922	1.34910916
1016	1069	185	5	0.36790311	1.82354073
1016	1069	185	6	1.02424230	4.04237108
1016	1069	185	7	4.14888021	19.86762138
1016	1069	185	8	1.63988515	11.33515461
1016	1069	185	9	4.89661803	20.49107291
1016	1069	185	10	0.11923764	0.57518935
1016	1069	185	11	3.50883612	16.27651570
1016	1069	185	12	0.22399219	2.47630670
1016	1069	185	13	1.02799754	5.45915460
1016	1069	185	14	9.65376656	59.23974616
1016	1069	185	15	0.30542699	1.59691236
1016	1069	185	16	2.24056070	18.40203386
1016	1069	185	17	0.28814121	2.32054282
1016	1069	185	18	0.13721124	0.74154941
1016	1069	185	19	5.11611183	57.39378725
1016	1069	186	0	2.61684333	10.12127893
1016	1069	186	1	1.96891708	10.88533234
1016	1069	186	2	0.25740711	2.31811156
1016	1069	186	3	2.43369819	13.39070100
1016	1069	186	4	0.21021322	1.34922030
1016	1069	186	5	0.36788931	1.82341070
1016	1069	186	6	1.02430609	4.04268876
1016	1069	186	7	4.14887594	19.86758904
1016	1069	186	8	1.63987539	11.33504080
1016	1069	186	9	4.89662422	20.49109944
1016	1069	186	10	0.11923212	0.57514303
1016	1069	186	11	3.50882730	16.27645039
1016	1069	186	12	0.22400209	2.47645489
1016	1069	186	13	1.02800139	5.45936255
1016	1069	186	14	9.65377585	59.23983260
1016	1069	186	15	0.30541400	1.59678631
1016	1069	186	16	2.24056391	18.40209023
1016	1069	186	17	0.28812795	2.32036001
1016	1069	186	18	0.13720466	0.74148589
1016	1069	186	19	5.11614855	57.39419530
1016	1069	187	0	2.61683727	10.12137310
1016	1069	187	1	1.96892624	10.88544228
1016	1069	187	2	0.25740058	2.31808461
1016	1069	187	3	2.43370252	13.39050996
1016	1069	187	4	0.21022603	1.34932815
1016	1069	187	5	0.36787793	1.82329312
1016	1069	187	6	1.02436446	4.04298977
1016	1069	187	7	4.14887222	19.86755919
1016	1069	187	8	1.63986696	11.33493370
1016	1069	187	9	4.89663016	20.49112582
1016	1069	187	10	0.11922744	0.57510080
1016	1069	187	11	3.50881968	16.27639035
1016	1069	187	12	0.22401062	2.47659957
1016	1069	187	13	1.02800035	5.45953520
1016	1069	187	14	9.65378406	59.23991425
1016	1069	187	15	0.30540314	1.59667138
1016	1069	187	16	2.24056654	18.40214294
1016	1069	187	17	0.28811655	2.32018665
1016	1069	187	18	0.13719909	0.74142755
1016	1069	187	19	5.11618152	57.39460370
1016	1069	188	0	2.61682564	10.12143686
1016	1069	188	1	1.96893357	10.88554149
1016	1069	188	2	0.25739427	2.31805411
1016	1069	188	3	2.43371165	13.39035798
1016	1069	188	4	0.21023764	1.34943201
1016	1069	188	5	0.36786884	1.82318789
1016	1069	188	6	1.02441739	4.04327290
1016	1069	188	7	4.14886904	19.86753185
1016	1069	188	8	1.63985980	11.33483366
1016	1069	188	9	4.89663580	20.49115183
1016	1069	188	10	0.11922357	0.57506264
1016	1069	188	11	3.50881320	16.27633563
1016	1069	188	12	0.22401784	2.47673972
1016	1069	188	13	1.02799488	5.45967431
1016	1069	188	14	9.65379122	59.23999081
1016	1069	188	15	0.30539432	1.59656758
1016	1069	188	16	2.24056861	18.40219186
1016	1069	188	17	0.28810696	2.32002343
1016	1069	188	18	0.13719448	0.74137443
1016	1069	188	19	5.11621077	57.39500867
1016	1069	189	0	2.61680906	10.12147250
1016	1069	189	1	1.96893916	10.88563008
1016	1069	189	2	0.25738821	2.31802069
1016	1069	189	3	2.43372505	13.39024276
1016	1069	189	4	0.21024805	1.34953130
1016	1069	189	5	0.36786191	1.82309480
1016	1069	189	6	1.02446491	4.04353725
1016	1069	189	7	4.14886638	19.86750704
1016	1069	189	8	1.63985385	11.33474093
1016	1069	189	9	4.89664112	20.49117727
1016	1069	189	10	0.11922047	0.57502852
1016	1069	189	11	3.50880782	16.27628622
1016	1069	189	12	0.22402379	2.47687441
1016	1069	189	13	1.02798546	5.45978176
1016	1069	189	14	9.65379737	59.24006205
1016	1069	189	15	0.30538741	1.59647482
1016	1069	189	16	2.24057017	18.40223689
1016	1069	189	17	0.28809909	2.31987090
1016	1069	189	18	0.13719078	0.74132654
1016	1069	189	19	5.11623640	57.39540679
1016	1069	190	0	2.61678817	10.12148235
1016	1069	190	1	1.96894314	10.88570824
1016	1069	190	2	0.25738245	2.31798493
1016	1069	190	3	2.43374219	13.39016187
1016	1069	190	4	0.21025729	1.34962554
1016	1069	190	5	0.36785699	1.82301357
1016	1069	190	6	1.02450708	4.04378215
1016	1069	190	7	4.14886422	19.86748476
1016	1069	190	8	1.63984907	11.33465568
1016	1069	190	9	4.89664611	20.49120195
1016	1069	190	10	0.11921809	0.57499838
1016	1069	190	11	3.50880349	16.27624209
1016	1069	190	12	0.22402856	2.47700288
1016	1069	190	13	1.02797254	5.45985956
1016	1069	190	14	9.65380253	59.24012782
1016	1069	190	15	0.30538230	1.59639289
1016	1069	190	16	2.24057124	18.40227801
1016	1069	190	17	0.28809284	2.31972945
1016	1069	190	18	0.13718795	0.74128382
1016	1069	190	19	5.11625851	57.39579505
1016	1069	191	0	2.61676356	10.12146877
1016	1069	191	1	1.96894561	10.88577625
1016	1069	191	2	0.25737700	2.31794738
1016	1069	191	3	2.43376255	13.39011283
1016	1069	191	4	0.21026537	1.34971435
1016	1069	191	5	0.36785395	1.82294382
1016	1069	191	6	1.02454402	4.04400719
1016	1069	191	7	4.14886252	19.86746496
1016	1069	191	8	1.63984539	11.33457799
1016	1069	191	9	4.89665074	20.49122572
1016	1069	191	10	0.11921639	0.57497211
1016	1069	191	11	3.50880014	16.27620314
1016	1069	191	12	0.22403220	2.47712450
1016	1069	191	13	1.02795658	5.45990979
1016	1069	191	14	9.65380677	59.24018805
1016	1069	191	15	0.30537887	1.59632153
1016	1069	191	16	2.24057186	18.40231518
1016	1069	191	17	0.28808813	2.31959933
1016	1069	191	18	0.13718591	0.74124617
1016	1069	191	19	5.11627723	57.39617082
1016	1069	192	0	2.61673581	10.12143408
1016	1069	192	1	1.96894670	10.88583442
1016	1069	192	2	0.25737189	2.31790855
1016	1069	192	3	2.43378565	13.39009306
1016	1069	192	4	0.21027234	1.34979741
1016	1069	192	5	0.36785263	1.82288510
1016	1069	192	6	1.02457589	4.04421217
1016	1069	192	7	4.14886126	19.86744760
1016	1069	192	8	1.63984273	11.33450784
1016	1069	192	9	4.89665502	20.49124844
1016	1069	192	10	0.11921533	0.57494960
1016	1069	192	11	3.50879771	16.27616924
1016	1069	192	12	0.22403478	2.47723877
1016	1069	192	13	1.02793800	5.45993460
1016	1069	192	14	9.65381012	59.24024269
1016	1069	192	15	0.30537698	1.59626040
1016	1069	192	16	2.24057207	18.40234846
1016	1069	192	17	0.28808484	2.31948066
1016	1069	192	18	0.13718463	0.74121345
1016	1069	192	19	5.11629271	57.39653181
1016	1069	193	0	2.61670546	10.12138061
1016	1069	193	1	1.96894654	10.88588317
1016	1069	193	2	0.25736713	2.31786892
1016	1069	193	3	2.43381102	13.39009998
1016	1069	193	4	0.21027823	1.34987450
1016	1069	193	5	0.36785287	1.82283691
1016	1069	193	6	1.02460288	4.04439710
1016	1069	193	7	4.14886041	19.86743260
1016	1069	193	8	1.63984102	11.33444519
1016	1069	193	9	4.89665893	20.49127002
1016	1069	193	10	0.11921484	0.57493068
1016	1069	193	11	3.50879615	16.27614022
1016	1069	193	12	0.22403639	2.47734530
1016	1069	193	13	1.02791724	5.45993617
1016	1069	193	14	9.65381264	59.24029178
1016	1069	193	15	0.30537652	1.59620908
1016	1069	193	16	2.24057191	18.40237789
1016	1069	193	17	0.28808288	2.31937345
1016	1069	193	18	0.13718403	0.74118551
1016	1069	193	19	5.11630512	57.39687611
1016	1069	194	0	2.61667306	10.12131062
1016	1069	194	1	1.96894523	10.88592293
1016	1069	194	2	0.25736273	2.31782893
1016	1069	194	3	2.43383820	13.39013102
1016	1069	194	4	0.21028310	1.34994549
1016	1069	194	5	0.36785454	1.82279869
1016	1069	194	6	1.02462519	4.04456218
1016	1069	194	7	4.14885993	19.86741988
1016	1069	194	8	1.63984019	11.33438989
1016	1069	194	9	4.89666248	20.49129035
1016	1069	194	10	0.11921488	0.57491521
1016	1069	194	11	3.50879537	16.27611589
1016	1069	194	12	0.22403711	2.47744380
1016	1069	194	13	1.02789468	5.45991667
1016	1069	194	14	9.65381438	59.24033539
1016	1069	194	15	0.30537735	1.59616712
1016	1069	194	16	2.24057141	18.40240358
1016	1069	194	17	0.28808214	2.31927760
1016	1069	194	18	0.13718406	0.74116213
1016	1069	194	19	5.11631463	57.39720213
1016	1069	195	0	2.61663908	10.12122632
1016	1069	195	1	1.96894290	10.88595419
1016	1069	195	2	0.25735870	2.31778899
1016	1069	195	3	2.43386678	13.39018359
1016	1069	195	4	0.21028699	1.35001028
1016	1069	195	5	0.36785748	1.82276986
1016	1069	195	6	1.02464307	4.04470775
1016	1069	195	7	4.14885981	19.86740935
1016	1069	195	8	1.63984016	11.33434177
1016	1069	195	9	4.89666566	20.49130937
1016	1069	195	10	0.11921540	0.57490298
1016	1069	195	11	3.50879532	16.27609603
1016	1069	195	12	0.22403700	2.47753412
1016	1069	195	13	1.02787069	5.45987829
1016	1069	195	14	9.65381541	59.24037364
1016	1069	195	15	0.30537935	1.59613401
1016	1069	195	16	2.24057061	18.40242564
1016	1069	195	17	0.28808251	2.31919292
1016	1069	195	18	0.13718466	0.74114312
1016	1069	195	19	5.11632142	57.39750860
1016	1069	196	0	2.61660399	10.12112984
1016	1069	196	1	1.96893967	10.88597747
1016	1069	196	2	0.25735504	2.31774945
1016	1069	196	3	2.43389636	13.39025518
1016	1069	196	4	0.21028996	1.35006888
1016	1069	196	5	0.36786155	1.82274978
1016	1069	196	6	1.02465676	4.04483433
1016	1069	196	7	4.14885999	19.86740089
1016	1069	196	8	1.63984086	11.33430058
1016	1069	196	9	4.89666849	20.49132703
1016	1069	196	10	0.11921635	0.57489381
1016	1069	196	11	3.50879593	16.27608040
1016	1069	196	12	0.22403615	2.47761616
1016	1069	196	13	1.02784565	5.45982315
1016	1069	196	14	9.65381578	59.24040668
1016	1069	196	15	0.30538237	1.59610924
1016	1069	196	16	2.24056954	18.40244422
1016	1069	196	17	0.28808387	2.31911912
1016	1069	196	18	0.13718577	0.74112823
1016	1069	196	19	5.11632570	57.39779455
1016	1069	197	0	2.61656821	10.12102321
1016	1069	197	1	1.96893565	10.88599331
1016	1069	197	2	0.25735175	2.31771063
1016	1069	197	3	2.43392657	13.39034335
1016	1069	197	4	0.21029207	1.35012132
1016	1069	197	5	0.36786659	1.82273782
1016	1069	197	6	1.02466655	4.04494254
1016	1069	197	7	4.14886046	19.86739438
1016	1069	197	8	1.63984222	11.33426605
1016	1069	197	9	4.89667096	20.49134329
1016	1069	197	10	0.11921768	0.57488749
1016	1069	197	11	3.50879712	16.27606875
1016	1069	197	12	0.22403463	2.47768993
1016	1069	197	13	1.02781987	5.45975334
1016	1069	197	14	9.65381554	59.24043471
1016	1069	197	15	0.30538630	1.59609222
1016	1069	197	16	2.24056825	18.40245946
1016	1069	197	17	0.28808614	2.31905586
1016	1069	197	18	0.13718733	0.74111720
1016	1069	197	19	5.11632766	57.39805928
1016	1069	198	0	2.61653214	10.12090837
1016	1069	198	1	1.96893095	10.88600226
1016	1069	198	2	0.25734882	2.31767284
1016	1069	198	3	2.43395708	13.39044569
1016	1069	198	4	0.21029339	1.35016771
1016	1069	198	5	0.36787248	1.82273332
1016	1069	198	6	1.02467270	4.04503313
1016	1069	198	7	4.14886119	19.86738970
1016	1069	198	8	1.63984415	11.33423787
1016	1069	198	9	4.89667309	20.49135814
1016	1069	198	10	0.11921934	0.57488381
1016	1069	198	11	3.50879884	16.27606080
1016	1069	198	12	0.22403253	2.47775552
1016	1069	198	13	1.02779367	5.45967091
1016	1069	198	14	9.65381477	59.24045793
1016	1069	198	15	0.30539102	1.59608240
1016	1069	198	16	2.24056675	18.40247155
1016	1069	198	17	0.28808919	2.31900273
1016	1069	198	18	0.13718929	0.74110978
1016	1069	198	19	5.11632750	57.39830239
1016	1069	199	0	2.61649615	10.12078715
1016	1069	199	1	1.96892569	10.88600490
1016	1069	199	2	0.25734625	2.31763632
1016	1069	199	3	2.43398758	13.39055995
1016	1069	199	4	0.21029397	1.35020819
1016	1069	199	5	0.36787907	1.82273561
1016	1069	199	6	1.02467550	4.04510691
1016	1069	199	7	4.14886213	19.86738672
1016	1069	199	8	1.63984658	11.33421569
1016	1069	199	9	4.89667490	20.49137158
1016	1069	199	10	0.11922129	0.57488256
1016	1069	199	11	3.50880101	16.27605629
1016	1069	199	12	0.22402991	2.47781308
1016	1069	199	13	1.02776732	5.45957779
1016	1069	199	14	9.65381351	59.24047660
1016	1069	199	15	0.30539640	1.59607917
1016	1069	199	16	2.24056509	18.40248068
1016	1069	199	17	0.28809292	2.31895924
1016	1069	199	18	0.13719158	0.74110568
1016	1069	199	19	5.11632543	57.39852366
1016	1069	200	0	2.61646054	10.12066128
1016	1069	200	1	1.96891995	10.88600179
1016	1069	200	2	0.25734402	2.31760127
1016	1069	200	3	2.43401779	13.39068394
1016	1069	200	4	0.21029388	1.35024294
1016	1069	200	5	0.36788624	1.82274403
1016	1069	200	6	1.02467525	4.04516482
1016	1069	200	7	4.14886327	19.86738530
1016	1069	200	8	1.63984945	11.33419916
1016	1069	200	9	4.89667639	20.49138361
1016	1069	200	10	0.11922348	0.57488351
1016	1069	200	11	3.50880358	16.27605492
1016	1069	200	12	0.22402686	2.47786282
1016	1069	200	13	1.02774108	5.45947585
1016	1069	200	14	9.65381183	59.24049097
1016	1069	200	15	0.30540235	1.59608195
1016	1069	200	16	2.24056330	18.40248703
1016	1069	200	17	0.28809724	2.31892489
1016	1069	200	18	0.13719416	0.74110464
1016	1069	200	19	5.11632164	57.39872314
