world_seed	cell_seed	time	gene_id	X	P
1000	1022	0	0	0.17352906	0.17352906
1000	1022	0	1	0.47826944	0.47826944
1000	1022	0	2	0.88555568	0.88555568
1000	1022	0	3	0.36454837	0.36454837
1000	1022	0	4	0.02296083	0.02296083
1000	1022	0	5	0.96887107	0.96887107
1000	1022	0	6	0.05121269	0.05121269
1000	1022	0	7	0.09125199	0.09125199
1000	1022	0	8	0.91770872	0.91770872
1000	1022	0	9	0.76397575	0.76397575
1000	1022	0	10	0.15747798	0.15747798
1000	1022	0	11	0.76808795	0.76808795
1000	1022	0	12	0.78427865	0.78427865
1000	1022	0	13	0.95586867	0.95586867
1000	1022	0	14	0.27440584	0.27440584
1000	1022	0	15	0.13594784	0.13594784
1000	1022	0	16	0.45336138	0.45336138
1000	1022	0	17	0.66827477	0.66827477
1000	1022	0	18	0.87750738	0.87750738
1000	1022	0	19	0.74712227	0.74712227
1000	1022	1	0	0.26052921	0.33562044
1000	1022	1	1	0.41275297	0.93252732
1000	1022	1	2	1.52733764	1.65682306
1000	1022	1	3	1.30221096	0.70094111
1000	1022	1	4	1.65941561	0.04198739
1000	1022	1	5	2.47784292	1.84203163
1000	1022	1	6	1.04613569	0.09801610
1000	1022	1	7	0.15141942	0.17274595
1000	1022	1	8	0.86557338	1.73553970
1000	1022	1	9	0.65202821	1.33513251
1000	1022	1	10	0.77678681	0.27470843
1000	1022	1	11	0.59557736	1.38019726
1000	1022	1	12	1.21534674	1.49830589
1000	1022	1	13	0.88442368	1.82144196
1000	1022	1	14	0.27863939	0.47929102
1000	1022	1	15	1.33611439	0.23724189
1000	1022	1	16	0.31931171	0.79480419
1000	1022	1	17	0.93226311	1.28830433
1000	1022	1	18	2.63956952	1.63896414
1000	1022	1	19	0.63240855	1.30996103
1000	1022	2	0	0.57954708	0.57402818
1000	1022	2	1	0.39071520	1.29846270
1000	1022	2	2	2.04754397	2.97033395
1000	1022	2	3	1.50877756	1.94901540
1000	1022	2	4	2.52438958	1.69420859
1000	1022	2	5	3.55235317	4.13790834
1000	1022	2	6	1.63601716	1.13571287
1000	1022	2	7	0.38367963	0.30569280
1000	1022	2	8	0.96997526	2.41222768
1000	1022	2	9	0.62598546	1.65018811
1000	1022	2	10	1.24982650	0.98128646
1000	1022	2	11	0.49109277	1.69549253
1000	1022	2	12	1.46896103	2.57944256
1000	1022	2	13	0.91961212	2.53380457
1000	1022	2	14	0.40072244	0.63650215
1000	1022	2	15	2.26107143	1.51288212
1000	1022	2	16	0.23660459	0.91790741
1000	1022	2	17	1.08990529	2.12756005
1000	1022	2	18	3.97541825	4.06178017
1000	1022	2	19	0.54542374	1.61925750
1000	1022	3	0	1.14409987	1.11573981
1000	1022	3	1	0.45101176	1.62398850
1000	1022	3	2	2.45629345	4.63453169
1000	1022	3	3	1.25147282	3.30726222
1000	1022	3	4	2.31329211	3.92830067
1000	1022	3	5	4.30442082	7.28149573
1000	1022	3	6	1.59616052	2.67394822
1000	1022	3	7	1.07846869	0.65668319
1000	1022	3	8	1.59454062	3.11967102
1000	1022	3	9	0.68185832	1.85968443
1000	1022	3	10	1.60398842	1.98032004
1000	1022	3	11	0.61757805	1.84227496
1000	1022	3	12	1.41676555	3.81735119
1000	1022	3	13	1.14777300	3.21406285
1000	1022	3	14	0.74487097	0.87596694
1000	1022	3	15	2.86330669	3.38831222
1000	1022	3	16	0.20542256	0.92791377
1000	1022	3	17	1.17536664	3.06386900
1000	1022	3	18	4.96488051	7.50002679
1000	1022	3	19	0.49685929	1.76527879
1000	1022	4	0	1.72593649	2.18629884
1000	1022	4	1	0.74783364	1.99346781
1000	1022	4	2	2.76697979	6.49270039
1000	1022	4	3	0.89688729	4.30330110
1000	1022	4	4	1.82380636	5.56849041
1000	1022	4	5	4.77120698	10.86660960
1000	1022	4	6	1.33806631	4.03988901
1000	1022	4	7	1.68605996	1.66492951
1000	1022	4	8	2.37168803	4.37468595
1000	1022	4	9	0.80951663	2.07217906
1000	1022	4	10	1.83709328	3.07818690
1000	1022	4	11	0.99560229	2.08573498
1000	1022	4	12	1.20174768	4.89217922
1000	1022	4	13	1.54290411	4.05822195
1000	1022	4	14	1.54051648	1.39891190
1000	1022	4	15	2.99028452	5.38792093
1000	1022	4	16	0.27701905	0.90426788
1000	1022	4	17	1.18501886	4.01804374
1000	1022	4	18	5.59432863	11.47302653
1000	1022	4	19	0.55258160	1.82671834
1000	1022	5	0	2.19541084	3.76813161
1000	1022	5	1	1.41238753	2.64121927
1000	1022	5	2	2.98310182	8.42174335
1000	1022	5	3	0.60588519	4.86782614
1000	1022	5	4	1.39241747	6.43815286
1000	1022	5	5	4.87492624	14.56435198
1000	1022	5	6	1.08083578	5.03013178
1000	1022	5	7	2.10384642	3.17295034
1000	1022	5	8	3.11890862	6.27026024
1000	1022	5	9	1.01649947	2.35870072
1000	1022	5	10	1.90061066	4.12857059
1000	1022	5	11	1.46059618	2.65777886
1000	1022	5	12	0.98091956	5.65571215
1000	1022	5	13	2.01947723	5.21776934
1000	1022	5	14	2.66019865	2.58501441
1000	1022	5	15	2.74677212	7.00479705
1000	1022	5	16	0.53514306	0.95805581
1000	1022	5	17	1.07684424	4.91298534
1000	1022	5	18	5.70930881	15.55004400
1000	1022	5	19	0.88662491	1.92872566
1000	1022	6	0	2.53610821	5.71517669
1000	1022	6	1	2.24856487	3.92100421
1000	1022	6	2	3.07757989	10.31794936
1000	1022	6	3	0.40200365	5.09774842
1000	1022	6	4	1.07000619	6.72741241
1000	1022	6	5	4.56029501	18.00052991
1000	1022	6	6	0.87251302	5.67788679
1000	1022	6	7	2.37230643	4.93749753
1000	1022	6	8	3.79314895	8.70675254
1000	1022	6	9	1.37381687	2.77989033
1000	1022	6	10	1.78469682	4.97401918
1000	1022	6	11	1.89837645	3.57864942
1000	1022	6	12	0.80185216	6.13002385
1000	1022	6	13	2.51313797	6.74435413
1000	1022	6	14	3.77881220	4.59030032
1000	1022	6	15	2.40039057	7.96601085
1000	1022	6	16	0.90972615	1.25668945
1000	1022	6	17	0.87206006	5.63514321
1000	1022	6	18	5.29398105	19.20285489
1000	1022	6	19	1.58805750	2.33961539
1000	1022	7	0	2.77137048	7.87458517
1000	1022	7	1	3.06976869	5.97271482
1000	1022	7	2	3.01031407	12.06391232
1000	1022	7	3	0.26810997	5.10603127
1000	1022	7	4	0.84487614	6.64469693
1000	1022	7	5	3.96815666	20.78263170
1000	1022	7	6	0.71649578	6.06154909
1000	1022	7	7	2.53901938	6.78181299
1000	1022	7	8	4.38718241	11.55231244
1000	1022	7	9	2.00486648	3.45209377
1000	1022	7	10	1.56724021	5.48747786
1000	1022	7	11	2.26256515	4.75029545
1000	1022	7	12	0.67023478	6.38278188
1000	1022	7	13	2.98962620	8.62039203
1000	1022	7	14	4.77854870	7.20616111
1000	1022	7	15	2.06072438	8.33582483
1000	1022	7	16	1.27526403	1.85618429
1000	1022	7	17	0.65413767	6.10038168
1000	1022	7	18	4.59841413	21.95725268
1000	1022	7	19	2.51571055	3.35058856
1000	1022	8	0	2.92957923	10.12692460
1000	1022	8	1	3.80845215	8.74262298
1000	1022	8	2	2.81216779	13.51727847
1000	1022	8	3	0.18285074	4.97978073
1000	1022	8	4	0.69579079	6.35102446
1000	1022	8	5	3.29650177	22.69776353
1000	1022	8	6	0.60580806	6.25616185
1000	1022	8	7	2.63912444	8.59561965
1000	1022	8	8	4.90369731	14.68221266
1000	1022	8	9	2.89169248	4.58569014
1000	1022	8	10	1.32493438	5.65225240
1000	1022	8	11	2.54115032	6.04819940
1000	1022	8	12	0.58030210	6.48128185
1000	1022	8	13	3.43292082	10.79569973
1000	1022	8	14	5.64146564	10.15903072
1000	1022	8	15	1.75626759	8.27170516
1000	1022	8	16	1.57870251	2.67322337
1000	1022	8	17	0.47167527	6.31411049
1000	1022	8	18	3.85087943	23.65181363
1000	1022	8	19	3.49778702	5.03985039
1000	1022	9	0	3.03408384	12.38901618
1000	1022	9	1	4.45078244	12.11215118
1000	1022	9	2	2.55463245	14.58492938
1000	1022	9	3	0.12960037	4.77802182
1000	1022	9	4	0.60382859	5.95858652
1000	1022	9	5	2.66667579	23.75205301
1000	1022	9	6	0.53206577	6.32333126
1000	1022	9	7	2.69602206	10.31557207
1000	1022	9	8	5.34827354	17.98798882
1000	1022	9	9	3.87464085	6.32000538
1000	1022	9	10	1.09716104	5.53260875
1000	1022	9	11	2.73691107	7.36111806
1000	1022	9	12	0.52426728	6.48102605
1000	1022	9	13	3.83641130	13.20881333
1000	1022	9	14	6.37677574	13.22670851
1000	1022	9	15	1.49162082	7.91947312
1000	1022	9	16	1.81388673	3.59200345
1000	1022	9	17	0.33431913	6.32994704
1000	1022	9	18	3.16200855	24.37473369
1000	1022	9	19	4.43652857	7.29451912
1000	1022	10	0	3.10208755	14.60651299
1000	1022	10	1	5.00100138	15.95484229
1000	1022	10	2	2.28651001	15.25725575
1000	1022	10	3	0.09688422	4.53859524
1000	1022	10	4	0.55443277	5.54142943
1000	1022	10	5	2.12654040	24.07236790
1000	1022	10	6	0.48786635	6.31097528
1000	1022	10	7	2.72469880	11.90849911
1000	1022	10	8	5.72712283	21.37856100
1000	1022	10	9	4.82245534	8.59954709
1000	1022	10	10	0.89834599	5.21576977
1000	1022	10	11	2.85848056	8.60317790
1000	1022	10	12	0.49505633	6.42475835
1000	1022	10	13	4.19854830	15.79746454
1000	1022	10	14	6.99984271	16.25250101
1000	1022	10	15	1.26454111	7.39238005
1000	1022	10	16	1.99037713	4.51915408
1000	1022	10	17	0.23601700	6.20728415
1000	1022	10	18	2.56892698	24.31317648
1000	1022	10	19	5.29085603	9.93179783
1000	1022	11	0	3.14564838	16.74585346
1000	1022	11	1	5.46877327	20.15482978
1000	1022	11	2	2.03041408	15.57469038
1000	1022	11	3	0.07717586	4.28494445
1000	1022	11	4	0.53701647	5.14635512
1000	1022	11	5	1.68442976	23.82090489
1000	1022	11	6	0.46726385	6.25548369
1000	1022	11	7	2.73457421	13.35976335
1000	1022	11	8	6.04628525	24.77897357
1000	1022	11	9	5.67483484	11.25157229
1000	1022	11	10	0.73115447	4.78109206
1000	1022	11	11	2.91639794	9.71457726
1000	1022	11	12	0.48691562	6.34431984
1000	1022	11	13	4.52047051	18.50371787
1000	1022	11	14	7.52632190	19.13477673
1000	1022	11	15	1.07093123	6.77256597
1000	1022	11	16	2.12063968	5.39391506
1000	1022	11	17	0.16740350	5.99517462
1000	1022	11	18	2.07556834	23.66667866
1000	1022	11	19	6.04872103	12.77289870
1000	1022	12	0	3.17292108	18.78774618
1000	1022	12	1	5.86478907	24.61172852
1000	1022	12	2	1.79501156	15.59506152
1000	1022	12	3	0.06571769	4.03117583
1000	1022	12	4	0.54407874	4.80155928
1000	1022	12	5	1.33189535	23.15217218
1000	1022	12	6	0.46566820	6.18416728
1000	1022	12	7	2.73150673	14.66571215
1000	1022	12	8	6.31134391	28.12846870
1000	1022	12	9	6.41498878	14.08663530
1000	1022	12	10	0.59342910	4.29031587
1000	1022	12	11	2.92135776	10.65819775
1000	1022	12	12	0.49535244	6.26294587
1000	1022	12	13	4.80456702	21.27624934
1000	1022	12	14	7.97049602	21.81330782
1000	1022	12	15	0.90643233	6.11713576
1000	1022	12	16	2.21592533	6.18299166
1000	1022	12	17	0.12007336	5.72976455
1000	1022	12	18	1.67292420	22.61232173
1000	1022	12	19	6.71137690	15.67108494
1000	1022	13	0	3.18927370	20.72232600
1000	1022	13	1	6.19921495	29.24088417
1000	1022	13	2	1.58270414	15.37740107
1000	1022	13	3	0.05958790	3.78554866
1000	1022	13	4	0.57036330	4.52290543
1000	1022	13	5	1.05505090	22.19696621
1000	1022	13	6	0.47959261	6.11739537
1000	1022	13	7	2.71911874	15.82894192
1000	1022	13	8	6.52734760	31.37848417
1000	1022	13	9	7.04580878	16.94631384
1000	1022	13	10	0.48135634	3.78724474
1000	1022	13	11	2.88344364	11.41515334
1000	1022	13	12	0.51689555	6.19729775
1000	1022	13	13	5.05367850	24.07097232
1000	1022	13	14	8.34488351	24.25740785
1000	1022	13	15	0.76695683	5.46427914
1000	1022	13	16	2.28529551	6.87255936
1000	1022	13	17	0.08755302	5.43618526
1000	1022	13	18	1.34800873	21.29475967
1000	1022	13	19	7.28575029	18.51706688
1000	1022	14	0	3.19816424	22.54574608
1000	1022	14	1	6.48117927	33.97205864
1000	1022	14	2	1.39318817	14.97552409
1000	1022	14	3	0.05703567	3.55276254
1000	1022	14	4	0.61217583	4.31828264
1000	1022	14	5	0.83958693	21.05927640
1000	1022	14	6	0.50638579	6.07029675
1000	1022	14	7	2.69965161	16.85539381
1000	1022	14	8	6.69882776	34.49079177
1000	1022	14	9	7.57776196	19.71506129
1000	1022	14	10	0.39084523	3.30067358
1000	1022	14	11	2.81182137	11.98047686
1000	1022	14	12	0.54883698	6.15907315
1000	1022	14	13	5.27068264	26.85080550
1000	1022	14	14	8.66026254	26.45668326
1000	1022	14	15	0.64885326	4.83836349
1000	1022	14	16	2.33569001	7.46126784
1000	1022	14	17	0.06517786	5.13128019
1000	1022	14	18	1.08763388	19.82653012
1000	1022	14	19	7.78083552	21.23543864
1000	1022	15	0	3.20177172	24.25787111
1000	1022	15	1	6.71866020	38.74766850
1000	1022	15	2	1.22503125	14.43599669
1000	1022	15	3	0.05704205	3.33540325
1000	1022	15	4	0.66685728	4.19053386
1000	1022	15	5	0.67272960	19.81850998
1000	1022	15	6	0.54399016	6.05404638
1000	1022	15	7	2.67451539	17.75261500
1000	1022	15	8	6.82986364	37.43585523
1000	1022	15	9	8.02346722	22.31696082
1000	1022	15	10	0.31809394	2.84794705
1000	1022	15	11	2.71465054	12.35937562
1000	1022	15	12	0.58900606	6.15621393
1000	1022	15	13	5.45828534	29.58504808
1000	1022	15	14	8.92582945	28.41415183
1000	1022	15	15	0.54893365	4.25389334
1000	1022	15	16	2.37228637	7.95503994
1000	1022	15	17	0.04969974	4.82601218
1000	1022	15	18	0.87987885	18.29209952
1000	1022	15	19	8.20599424	23.77838810
1000	1022	16	0	3.20142699	25.86075373
1000	1022	16	1	6.91853090	43.52099950
1000	1022	16	2	1.07638214	13.79794285
1000	1022	16	3	0.05904399	3.13483792
1000	1022	16	4	0.73238280	4.13935591
1000	1022	16	5	0.54380892	18.53345610
1000	1022	16	6	0.59073521	6.07679948
1000	1022	16	7	2.64464612	18.52875568
1000	1022	16	8	6.92417449	40.19143209
1000	1022	16	9	8.39538115	24.70787508
1000	1022	16	10	0.25978911	2.43817510
1000	1022	16	11	2.59909752	12.56415910
1000	1022	16	12	0.63558778	6.19377990
1000	1022	16	13	5.61891781	32.24860530
1000	1022	16	14	9.14939173	30.14126314
1000	1022	16	15	0.46444856	3.71848799
1000	1022	16	16	2.39888973	8.36351387
1000	1022	16	17	0.03889900	4.52730445
1000	1022	16	18	0.71454097	16.75284278
1000	1022	16	19	8.57016855	26.11925802
1000	1022	17	0	3.19789674	27.35764214
1000	1022	17	1	7.08666302	48.25455581
1000	1022	17	2	0.94529767	13.09358604
1000	1022	17	3	0.06276671	2.95176504
1000	1022	17	4	0.80705477	4.16247265
1000	1022	17	5	0.44423080	17.24642636
1000	1022	17	6	0.64516499	6.14433866
1000	1022	17	7	2.61074409	19.19203054
1000	1022	17	8	6.98522797	42.74141986
1000	1022	17	9	8.70487797	26.86726308
1000	1022	17	10	0.21314082	2.07482605
1000	1022	17	11	2.47139225	12.61180338
1000	1022	17	12	0.68698490	6.27456263
1000	1022	17	13	5.75468840	34.82118417
1000	1022	17	14	9.33755799	31.65437352
1000	1022	17	15	0.39304357	3.23507509
1000	1022	17	16	2.41827121	8.69775368
1000	1022	17	17	0.03127455	4.23936079
1000	1022	17	18	0.58314607	15.25181533
1000	1022	17	19	8.88154245	28.24690848
1000	1022	18	0	3.19156613	28.75233711
1000	1022	18	1	7.22804656	52.91859573
1000	1022	18	2	0.82989402	12.34904785
1000	1022	18	3	0.06812462	2.78655439
1000	1022	18	4	0.88926601	4.25630039
1000	1022	18	5	0.36722312	15.98695851
1000	1022	18	6	0.70589595	6.26049267
1000	1022	18	7	2.57343876	19.75047611
1000	1022	18	8	7.01635765	45.07493624
1000	1022	18	9	8.96195424	28.79114236
1000	1022	18	10	0.17584766	1.75769187
1000	1022	18	11	2.33690168	12.52206707
1000	1022	18	12	0.74171876	6.39950641
1000	1022	18	13	5.86736258	37.28651701
1000	1022	18	14	9.49591152	32.97230404
1000	1022	18	15	0.33271137	2.80348160
1000	1022	18	16	2.43243741	8.96886322
1000	1022	18	17	0.02581645	3.96458039
1000	1022	18	18	0.47878187	13.81790430
1000	1022	18	19	9.14742668	30.16113130
1000	1022	19	0	3.18255348	30.04877411
1000	1022	19	1	7.34690779	57.48986077
1000	1022	19	2	0.72841406	11.58519484
1000	1022	19	3	0.07516456	2.63946156
1000	1022	19	4	0.97731659	4.41626226
1000	1022	19	5	0.30752327	14.77490028
1000	1022	19	6	0.77150260	6.42737710
1000	1022	19	7	2.53340795	20.21189901
1000	1022	19	8	7.02088357	47.18561682
1000	1022	19	9	9.17521138	30.48653215
1000	1022	19	10	0.14603585	1.48431631
1000	1022	19	11	2.20020885	12.31606330
1000	1022	19	12	0.79836286	6.56799227
1000	1022	19	13	5.95835775	39.63163832
1000	1022	19	14	9.62916349	34.11469071
1000	1022	19	15	0.28174551	2.42157128
1000	1022	19	16	2.44283616	9.18721179
1000	1022	19	17	0.02184627	3.70417929
1000	1022	19	18	0.39587538	12.46926423
1000	1022	19	19	9.37425510	31.86908041
1000	1022	20	0	3.17078025	31.25074747
1000	1022	20	1	7.44681780	61.95048637
1000	1022	20	2	0.63925336	10.81844343
1000	1022	20	3	0.08403499	2.51076927
1000	1022	20	4	1.06927534	4.63686574
1000	1022	20	5	0.26107886	13.62287610
1000	1022	20	6	0.84042927	6.64549988
1000	1022	20	7	2.49146617	20.58394888
1000	1022	20	8	7.00222946	49.07110990
1000	1022	20	9	9.35195652	31.96728154
1000	1022	20	10	0.12219310	1.25099707
1000	1022	20	11	2.06519407	12.01520069
1000	1022	20	12	0.85550301	6.77803018
1000	1022	20	13	6.02874607	41.84622476
1000	1022	20	14	9.74128582	35.10090599
1000	1022	20	15	0.23869819	2.08604598
1000	1022	20	16	2.45050989	9.36205672
1000	1022	20	17	0.01890775	3.45860732
1000	1022	20	18	0.32996840	11.21607572
1000	1022	20	19	9.56763471	33.38257902
1000	1022	21	0	3.15601205	32.36172291
1000	1022	21	1	7.53078912	66.28707600
1000	1022	21	2	0.56096552	10.06148695
1000	1022	21	3	0.09497088	2.40088688
1000	1022	21	4	1.16288250	4.91162823
1000	1022	21	5	0.22478822	12.53821092
1000	1022	21	6	0.91092808	6.91376955
1000	1022	21	7	2.44862882	20.87427184
1000	1022	21	8	6.96402928	50.73274348
1000	1022	21	9	9.49834678	33.25105137
1000	1022	21	10	0.10310626	1.05346580
1000	1022	21	11	1.93511897	11.64042066
1000	1022	21	12	0.91171796	7.02639419
1000	1022	21	13	6.07926267	43.92200038
1000	1022	21	14	9.83562510	35.94938621
1000	1022	21	15	0.20234268	1.79300047
1000	1022	21	16	2.45620834	9.50141247
1000	1022	21	17	0.01669302	3.22782557
1000	1022	21	18	0.27751385	10.06271478
1000	1022	21	19	9.73241917	34.71614104
1000	1022	22	0	3.13788109	33.38470335
1000	1022	22	1	7.60136003	70.48991818
1000	1022	22	2	0.49225712	9.32393414
1000	1022	22	3	0.10828811	2.31042705
1000	1022	22	4	1.25549398	5.23291817
1000	1022	22	5	0.19628674	11.52440440
1000	1022	22	6	0.98102354	7.22944073
1000	1022	22	7	2.40615294	21.09071178
1000	1022	22	8	6.91021465	52.17533496
1000	1022	22	9	9.61954199	34.35720222
1000	1022	22	10	0.08780634	0.88733186
1000	1022	22	11	1.81271484	11.21167358
1000	1022	22	12	0.96557421	7.30872606
1000	1022	22	13	6.11031870	45.85220609
1000	1022	22	14	9.91499981	36.67724346
1000	1022	22	15	0.17164069	1.53829823
1000	1022	22	16	2.46047062	9.61206477
1000	1022	22	17	0.01499324	3.01149007
1000	1022	22	18	0.23570040	9.00943162
1000	1022	22	19	9.87278995	35.88555407
1000	1022	23	0	3.11589726	34.32212596
1000	1022	23	1	7.66066728	74.55232732
1000	1022	23	2	0.43197778	8.61286025
1000	1022	23	3	0.12438370	2.24027105
1000	1022	23	4	1.34406985	5.59176753
1000	1022	23	5	0.17377620	10.58224589
1000	1022	23	6	1.04850490	7.58802894
1000	1022	23	7	2.36555115	21.24153085
1000	1022	23	8	6.84507410	53.40710909
1000	1022	23	9	9.71984986	35.30536809
1000	1022	23	10	0.07552179	0.74835779
1000	1022	23	11	1.70027711	10.74758973
1000	1022	23	12	1.01562933	7.61962443
1000	1022	23	13	6.12202066	47.63113248
1000	1022	23	14	9.98178286	37.30007297
1000	1022	23	15	0.14571401	1.31781889
1000	1022	23	16	2.46368447	9.69966329
1000	1022	23	17	0.01366575	2.80907283
1000	1022	23	18	0.20230599	8.05363201
1000	1022	23	19	9.99233676	36.90689307
1000	1022	24	0	3.08945283	35.17577716
1000	1022	24	1	7.71050836	78.47009018
1000	1022	24	2	0.37910816	7.93327699
1000	1022	24	3	0.14373891	2.19162908
1000	1022	24	4	1.42521104	5.97770502
1000	1022	24	5	0.15589104	9.71064854
1000	1022	24	6	1.11094696	7.98322502
1000	1022	24	7	2.32857316	21.33562030
1000	1022	24	8	6.77327443	54.43968399
1000	1022	24	9	9.80285691	36.11453530
1000	1022	24	10	0.06563969	0.63261755
1000	1022	24	11	1.59976734	10.26531148
1000	1022	24	12	1.06043864	7.95272933
1000	1022	24	13	6.11419865	49.25371596
1000	1022	24	14	10.03797152	37.83189184
1000	1022	24	15	0.12382032	1.12761418
1000	1022	24	16	2.46612904	9.76885074
1000	1022	24	17	0.01261231	2.61994134
1000	1022	24	18	0.17557792	7.19084278
1000	1022	24	19	10.09413296	37.79585767
1000	1022	25	0	3.05782510	35.94671794
1000	1022	25	1	7.75239455	82.24100259
1000	1022	25	2	0.33274740	7.28852997
1000	1022	25	3	0.16692334	2.16609916
1000	1022	25	4	1.49524876	6.37865448
1000	1022	25	5	0.14159502	8.90726729
1000	1022	25	6	1.16576064	8.40683786
1000	1022	25	7	2.29714808	21.38267032
1000	1022	25	8	6.69983467	55.28808016
1000	1022	25	9	9.87154330	36.80248475
1000	1022	25	10	0.05767402	0.53657561
1000	1022	25	11	1.51292336	9.78046161
1000	1022	25	12	1.09856225	8.30080583
1000	1022	25	13	6.08644710	50.71520138
1000	1022	25	14	10.08524653	38.28516319
1000	1022	25	15	0.10533244	0.96399992
1000	1022	25	16	2.46800554	9.82340288
1000	1022	25	17	0.01176464	2.44341050
1000	1022	25	18	0.15413581	6.41542961
1000	1022	25	19	10.18080431	38.56734844
1000	1022	26	0	3.02018052	36.63521660
1000	1022	26	1	7.78759588	85.86448228
1000	1022	26	2	0.29210094	6.68063213
1000	1022	26	3	0.19459765	2.16572545
1000	1022	26	4	1.55039198	6.78094018
1000	1022	26	5	0.13010204	8.16895253
1000	1022	26	6	1.21027543	8.84879245
1000	1022	26	7	2.27328148	21.39326396
1000	1022	26	8	6.63004226	55.97070238
1000	1022	26	9	9.92838161	37.38548979
1000	1022	26	10	0.05123988	0.45711397
1000	1022	26	11	1.44137721	9.30722813
1000	1022	26	12	1.12857188	8.65582713
1000	1022	26	13	6.03818204	52.01087718
1000	1022	26	14	10.12502201	38.67087336
1000	1022	26	15	0.08972064	0.82360389
1000	1022	26	16	2.46945923	9.86636456
1000	1022	26	17	0.01107482	2.27877641
1000	1022	26	18	0.13689379	5.72112295
1000	1022	26	19	10.25459023	39.23521636
1000	1022	27	0	2.97558441	37.24069024
1000	1022	27	1	7.81717922	89.34124627
1000	1022	27	2	0.25646900	6.11054210
1000	1022	27	3	0.22751278	2.19305491
1000	1022	27	4	1.58693924	7.16943868
1000	1022	27	5	0.12081587	7.49207966
1000	1022	27	6	1.24185833	9.29721074
1000	1022	27	7	2.25890399	21.37885817
1000	1022	27	8	6.56930123	56.50923981
1000	1022	27	9	9.97542102	37.87818915
1000	1022	27	10	0.04603288	0.39152665
1000	1022	27	11	1.38677925	8.85854988
1000	1022	27	12	1.14906121	9.00905719
1000	1022	27	13	5.96871860	53.13589293
1000	1022	27	14	10.15848760	38.99863945
1000	1022	27	15	0.07653771	0.70338372
1000	1022	27	16	2.47059513	9.90017423
1000	1022	27	17	0.01050888	2.12533803
1000	1022	27	18	0.12299865	5.10139653
1000	1022	27	19	10.31739780	39.81213539
1000	1022	28	0	2.92302036	37.76165968
1000	1022	28	1	7.84204044	92.67304244
1000	1022	28	2	0.22523590	5.57839496
1000	1022	28	3	0.26650258	2.25118874
1000	1022	28	4	1.60156040	7.52791640
1000	1022	28	5	0.11328456	6.87278592
1000	1022	28	6	1.25807542	9.73860432
1000	1022	28	7	2.25567398	21.35161538
1000	1022	28	8	6.52290267	56.92842514
1000	1022	28	9	10.01435831	38.29357607
1000	1022	28	10	0.04181263	0.33749486
1000	1022	28	11	1.35092281	8.44638853
1000	1022	28	12	1.15866851	9.35113617
1000	1022	28	13	5.87737087	54.08517152
1000	1022	28	14	10.18664393	39.27683166
1000	1022	28	15	0.06540615	0.60062535
1000	1022	28	16	2.47148929	9.92677342
1000	1022	28	17	0.01004260	1.98241099
1000	1022	28	18	0.11178074	4.54973398
1000	1022	28	19	10.37084885	40.30956042
1000	1022	29	0	2.86142402	38.19572683
1000	1022	29	1	7.86293154	95.86242679
1000	1022	29	2	0.19786050	5.08369273
1000	1022	29	3	0.31246641	2.34382244
1000	1022	29	4	1.59164701	7.83959122
1000	1022	29	5	0.10716602	6.30713817
1000	1022	29	6	1.25690169	10.15821219
1000	1022	29	7	2.26474778	21.32405578
1000	1022	29	8	6.49571311	57.25559036
1000	1022	29	9	10.04659752	38.64306124
1000	1022	29	10	0.03838958	0.29305203
1000	1022	29	11	1.33585826	8.08206997
1000	1022	29	12	1.15612532	9.67218086
1000	1022	29	13	5.76357320	54.85342952
1000	1022	29	14	10.21033255	39.51270029
1000	1022	29	15	0.05600747	0.51292905
1000	1022	29	16	2.47219684	9.94770039
1000	1022	29	17	0.00965858	1.84933609
1000	1022	29	18	0.10271531	4.05981105
1000	1022	29	19	10.41632074	40.73774275
1000	1022	30	0	2.78973558	38.53958734
1000	1022	30	1	7.88048346	98.91257899
1000	1022	30	2	0.17386745	4.62546053
1000	1022	30	3	0.36633786	2.47526547
1000	1022	30	4	1.55571152	8.08794811
1000	1022	30	5	0.10220222	5.79124973
1000	1022	30	6	1.23697595	10.54051924
1000	1022	30	7	2.28654730	21.30851707
1000	1022	30	8	6.49179103	57.51995940
1000	1022	30	9	10.07329985	38.93657944
1000	1022	30	10	0.03561462	0.25654465
1000	1022	30	11	1.34397516	7.77667047
1000	1022	30	12	1.14034825	9.96192494
1000	1022	30	13	5.62701753	55.43531698
1000	1022	30	14	10.23026109	39.71250027
1000	1022	30	15	0.04807303	0.43818831
1000	1022	30	16	2.47275765	9.96416879
1000	1022	30	17	0.00934438	1.72548434
1000	1022	30	18	0.09539203	3.62561515
1000	1022	30	19	10.45498149	41.10578247
1000	1022	31	0	2.70697451	38.78909481
1000	1022	31	1	7.89522530	101.82715002
1000	1022	31	2	0.15283942	4.20237395
1000	1022	31	3	0.42903577	2.65042805
1000	1022	31	4	1.49378077	8.25781431
1000	1022	31	5	0.09819984	5.32135985
1000	1022	31	6	1.19787714	10.86998493
1000	1022	31	7	2.32057467	21.31643951
1000	1022	31	8	6.51396847	57.75163406
1000	1022	31	9	10.09542531	39.18271925
1000	1022	31	10	0.03337086	0.22659270
1000	1022	31	11	1.37801713	7.54140654
1000	1022	31	12	1.11058707	10.20993825
1000	1022	31	13	5.46779553	55.82568123
1000	1022	31	14	10.24702446	39.88160952
1000	1022	31	15	0.04137631	0.37456491
1000	1022	31	16	2.47320050	9.97713255
1000	1022	31	17	0.00909120	1.61025969
1000	1022	31	18	0.08949120	3.24151850
1000	1022	31	19	10.48781991	41.42170307
1000	1022	32	0	2.61233732	38.93939563
1000	1022	32	1	7.90760051	104.61013667
1000	1022	32	2	0.13441018	3.81286216
1000	1022	32	3	0.50139466	2.87475999
1000	1022	32	4	1.40768693	8.33664371
1000	1022	32	5	0.09501580	4.89388594
1000	1022	32	6	1.14036755	11.13198571
1000	1022	32	7	2.36533658	21.35754213
1000	1022	32	8	6.56347137	57.98027212
1000	1022	32	9	10.11376728	39.38886155
1000	1022	32	10	0.03156721	0.20205199
1000	1022	32	11	1.44097952	7.38796056
1000	1022	32	12	1.06662675	10.40597470
1000	1022	32	13	5.28652902	56.01994803
1000	1022	32	14	10.26112272	40.02463836
1000	1022	32	15	0.03572644	0.32046273
1000	1022	32	16	2.47354595	9.98733887
1000	1022	32	17	0.00889301	1.50310036
1000	1022	32	18	0.08476505	2.90231792
1000	1022	32	19	10.51567139	41.69253783
1000	1022	33	0	2.50531486	38.98515260
1000	1022	33	1	7.91798039	107.26577850
1000	1022	33	2	0.11825850	3.45519086
1000	1022	33	3	0.58407443	3.15412471
1000	1022	33	4	1.30113254	8.31587208
1000	1022	33	5	0.09254660	4.50545626
1000	1022	33	6	1.06651991	11.31391934
1000	1022	33	7	2.41843324	21.43901135
1000	1022	33	8	6.63968088	58.23352953
1000	1022	33	9	10.12898134	39.56131781
1000	1022	33	10	0.03013322	0.18197963
1000	1022	33	11	1.53583256	7.32863784
1000	1022	33	12	1.00901153	10.54049096
1000	1022	33	13	5.08446847	56.01459706
1000	1022	33	14	10.27297601	40.14552913
1000	1022	33	15	0.03096266	0.27450159
1000	1022	33	16	2.47380844	9.99537108
1000	1022	33	17	0.00874597	1.40347906
1000	1022	33	18	0.08102326	2.60325056
1000	1022	33	19	10.53923976	41.92442056
1000	1022	34	0	2.38581949	38.92087118
1000	1022	34	1	7.92667552	109.79847355
1000	1022	34	2	0.10410262	3.12752832
1000	1022	34	3	0.67745316	3.49459267
1000	1022	34	4	1.17943072	8.19210522
1000	1022	34	5	0.09072037	4.15292864
1000	1022	34	6	0.97964409	11.40634133
1000	1022	34	7	2.47682753	21.56486532
1000	1022	34	8	6.74013402	58.53543348
1000	1022	34	9	10.14160910	39.70546208
1000	1022	34	10	0.02901522	0.16560329
1000	1022	34	11	1.66503037	7.37621506
1000	1022	34	12	0.93922193	10.60534276
1000	1022	34	13	4.86354006	55.80769101
1000	1022	34	14	10.28293725	40.24764555
1000	1022	34	15	0.02694970	0.23549240
1000	1022	34	16	2.47399775	10.00168291
1000	1022	34	17	0.00864803	1.31090275
1000	1022	34	18	0.07812167	2.33999317
1000	1022	34	19	10.55911598	42.12267599
1000	1022	35	0	2.25430499	38.74133131
1000	1022	35	1	7.93394527	112.21270961
1000	1022	35	2	0.09169554	2.82799748
1000	1022	35	3	0.78151312	3.90214357
1000	1022	35	4	1.04891223	7.96784362
1000	1022	35	5	0.08949107	3.83339945
1000	1022	35	6	0.88397436	11.40393022
1000	1022	35	7	2.53724805	21.73565541
1000	1022	35	8	6.86080838	58.90493322
1000	1022	35	9	10.15209794	39.82585370
1000	1022	35	10	0.02817315	0.15229435
1000	1022	35	11	1.82982608	7.54332840
1000	1022	35	12	0.85971469	10.59459589
1000	1022	35	13	4.62632704	55.39940177
1000	1022	35	14	10.29130268	40.33385204
1000	1022	35	15	0.02357389	0.20241389
1000	1022	35	16	2.47412002	10.00662589
1000	1022	35	17	0.00859867	1.22491192
1000	1022	35	18	0.07595354	2.10865004
1000	1022	35	19	10.57579385	42.29190640
1000	1022	36	0	2.11185666	38.44211081
1000	1022	36	1	7.94000580	114.51300853
1000	1022	36	2	0.08082074	2.55471650
1000	1022	36	3	0.89573651	4.38227755
1000	1022	36	4	0.91611701	7.65149007
1000	1022	36	5	0.08883425	3.54420584
1000	1022	36	6	0.78416195	11.30605697
1000	1022	36	7	2.59662581	21.94860259
1000	1022	36	8	6.99664603	59.35489326
1000	1022	36	9	10.16081743	39.92634865
1000	1022	36	10	0.02757821	0.14154477
1000	1022	36	11	2.02951840	7.84130109
1000	1022	36	12	0.77375745	10.50530443
1000	1022	36	13	4.37598156	54.79246823
1000	1022	36	14	10.29832081	40.40658356
1000	1022	36	15	0.02073982	0.17439146
1000	1022	36	16	2.47417854	10.01047090
1000	1022	36	17	0.00859871	1.14507971
1000	1022	36	18	0.07444288	1.90573399
1000	1022	36	19	10.58968331	42.43607268
1000	1022	37	0	1.96022630	38.02016425
1000	1022	37	1	7.94503674	116.70388133
1000	1022	37	2	0.07128843	2.30582989
1000	1022	37	3	1.01903263	4.93955213
1000	1022	37	4	0.78697900	7.25654752
1000	1022	37	5	0.08874405	3.28292357
1000	1022	37	6	0.68469707	11.11679792
1000	1022	37	7	2.65245150	22.19815603
1000	1022	37	8	7.14219171	59.89172007
1000	1022	37	9	10.16807284	40.01019928
1000	1022	37	10	0.02721102	0.13294759
1000	1022	37	11	2.26086637	8.27845560
1000	1022	37	12	0.68506111	10.33805397
1000	1022	37	13	4.11607540	53.99252271
1000	1022	37	14	10.30419990	40.46790671
1000	1022	37	15	0.01836759	0.15067801
1000	1022	37	16	2.47417416	10.01342522
1000	1022	37	17	0.00865028	1.07101094
1000	1022	37	18	0.07353929	1.72814298
1000	1022	37	19	10.60112167	42.55856868
1000	1022	38	0	1.80179219	37.47439875
1000	1022	38	1	7.94918683	118.78979216
1000	1022	38	2	0.06293231	2.07953185
1000	1022	38	3	1.14971955	5.57708214
1000	1022	38	4	0.66621002	6.80013916
1000	1022	38	5	0.08923107	3.04736203
1000	1022	38	6	0.58941061	10.84436870
1000	1022	38	7	2.70297657	22.47684919
1000	1022	38	8	7.29219355	60.51566766
1000	1022	38	9	10.17411633	40.08014236
1000	1022	38	10	0.02706022	0.12618045
1000	1022	38	11	2.51794420	8.85818340
1000	1022	38	12	0.59730069	10.09708855
1000	1022	38	13	3.85040916	53.00823724
1000	1022	38	14	10.30911422	40.51957274
1000	1022	38	15	0.01639047	0.13063701
1000	1022	38	16	2.47410574	10.01564586
1000	1022	38	17	0.00875668	1.00234102
1000	1022	38	18	0.07321409	1.57313485
1000	1022	38	19	10.61038296	42.66228846
1000	1022	39	0	1.63943569	36.80617172
1000	1022	39	1	7.95257850	120.77512979
1000	1022	39	2	0.05560667	1.87408333
1000	1022	39	3	1.28557727	6.29605992
1000	1022	39	4	0.55699870	6.30116601
1000	1022	39	5	0.09032096	2.83555760
1000	1022	39	6	0.50116392	10.50010844
1000	1022	39	7	2.74724322	22.77626538
1000	1022	39	8	7.44205055	61.22171050
1000	1022	39	9	10.17915621	40.13847606
1000	1022	39	10	0.02712138	0.12099202
1000	1022	39	11	2.79259741	9.57726143
1000	1022	39	12	0.51366397	9.78994708
1000	1022	39	13	3.58280621	51.85126529
1000	1022	39	14	10.31320937	40.56306351
1000	1022	39	15	0.01475298	0.11372744
1000	1022	39	16	2.47397031	10.01724988
1000	1022	39	17	0.00892241	0.93873504
1000	1022	39	18	0.07345738	1.43830139
1000	1022	39	19	10.61768579	42.74968623
1000	1022	40	0	1.47634410	36.01963250
1000	1022	40	1	7.95531182	122.66418508
1000	1022	40	2	0.04918384	1.68782401
1000	1022	40	3	1.42397717	7.09536571
1000	1022	40	4	0.46102045	5.77847908
1000	1022	40	5	0.09205349	2.64576629
1000	1022	40	6	0.42175716	10.09724136
1000	1022	40	7	2.78498160	23.08793016
1000	1022	40	8	7.58806049	62.00076901
1000	1022	40	9	10.18336461	40.18712687
1000	1022	40	10	0.02739629	0.11719079
1000	1022	40	11	3.07542893	10.42496666
1000	1022	40	12	0.43654625	9.42668095
1000	1022	40	13	3.31691768	50.53598282
1000	1022	40	14	10.31660668	40.59963107
1000	1022	40	15	0.01340917	0.09949072
1000	1022	40	16	2.47376321	10.01832249
1000	1022	40	17	0.00915317	0.87988673
1000	1022	40	18	0.07427596	1.32154298
1000	1022	40	19	10.62319982	42.82282950
1000	1022	41	0	1.31576666	35.12184421
1000	1022	41	1	7.95746774	124.46113356
1000	1022	41	2	0.04355197	1.51918017
1000	1022	41	3	1.56207509	7.97133761
1000	1022	41	4	0.37866934	5.24937471
1000	1022	41	5	0.09448215	2.47645616
1000	1022	41	6	0.35201683	9.64965329
1000	1022	41	7	2.81643630	23.40400548
1000	1022	41	8	7.72748543	62.84104955
1000	1022	41	9	10.18688374	40.22770716
1000	1022	41	10	0.02789234	0.11463597
1000	1022	41	11	3.35702414	11.38335657
1000	1022	41	12	0.36743945	9.01883650
1000	1022	41	13	3.05606032	49.07905893
1000	1022	41	14	10.31940691	40.63033155
1000	1022	41	15	0.01232133	0.08753920
1000	1022	41	16	2.47347817	10.01892321
1000	1022	41	17	0.00945592	0.82551767
1000	1022	41	18	0.07569182	1.22104449
1000	1022	41	19	10.62705110	42.88344544
1000	1022	42	0	1.16076258	34.12265365
1000	1022	42	1	7.95911068	126.17002204
1000	1022	42	2	0.03861308	1.36666934
1000	1022	42	3	1.69703967	8.91775239
1000	1022	42	4	0.30939550	4.72857965
1000	1022	42	5	0.09767407	2.32630009
1000	1022	42	6	0.29198982	9.17086101
1000	1022	42	7	2.84217933	23.71773601
1000	1022	42	8	7.85848705	63.72930409
1000	1022	42	9	10.18983116	40.26156456
1000	1022	42	10	0.02862223	0.11323015
1000	1022	42	11	3.62905453	12.42871768
1000	1022	42	12	0.30699128	8.57841773
1000	1022	42	13	2.80309985	47.49890485
1000	1022	42	14	10.32169336	40.65605430
1000	1022	42	15	0.01145877	0.07754634
1000	1022	42	16	2.47310735	10.01909061
1000	1022	42	17	0.00983889	0.77537645
1000	1022	42	18	0.07774122	1.13525281
1000	1022	42	19	10.62932634	42.93296126
1000	1022	43	0	1.01398104	33.03431784
1000	1022	43	1	7.96029077	127.79475860
1000	1022	43	2	0.03428135	1.22890241
1000	1022	43	3	1.82627790	9.92603611
1000	1022	43	4	0.25205046	4.22774740
1000	1022	43	5	0.10171035	2.19416920
1000	1022	43	6	0.24117274	8.67326445
1000	1022	43	7	2.86294763	24.02366081
1000	1022	43	8	7.97999018	64.65188813
1000	1022	43	9	10.19230403	40.28982415
1000	1022	43	10	0.02960375	0.11291352
1000	1022	43	11	3.88500394	13.53382359
1000	1022	43	12	0.25517025	8.11700111
1000	1022	43	13	2.56038388	45.81505829
1000	1022	43	14	10.32353446	40.67754665
1000	1022	43	15	0.01079694	0.06923815
1000	1022	43	16	2.47264122	10.01884585
1000	1022	43	17	0.01031172	0.72923807
1000	1022	43	18	0.08047423	1.06285651
1000	1022	43	19	10.63007629	42.97253886
1000	1022	44	0	0.87750412	31.87093506
1000	1022	44	1	7.96104562	129.33910526
1000	1022	44	2	0.03048159	1.10458371
1000	1022	44	3	1.94762149	10.98568403
1000	1022	44	4	0.20518098	3.75538620
1000	1022	44	5	0.10668664	2.07912722
1000	1022	44	6	0.19872634	8.16769254
1000	1022	44	7	2.87952171	24.31763986
1000	1022	44	8	8.09152148	65.59556696
1000	1022	44	9	10.19438272	40.31342420
1000	1022	44	10	0.03085976	0.11365932
1000	1022	44	11	4.12044515	14.67046069
1000	1022	44	12	0.21146875	7.64509464
1000	1022	44	13	2.32972076	44.04755900
1000	1022	44	14	10.32498590	40.69543501
1000	1022	44	15	0.01031660	0.06238593
1000	1022	44	16	2.47206854	10.01819539
1000	1022	44	17	0.01088558	0.68690343
1000	1022	44	18	0.08395469	1.00276765
1000	1022	44	19	10.62931826	43.00310429
1000	1022	45	0	0.75276790	30.64775647
1000	1022	45	1	7.96140168	130.80667273
1000	1022	45	2	0.02714797	0.99250961
1000	1022	45	3	2.05944811	12.08483442
1000	1022	45	4	0.16724735	3.31709317
1000	1022	45	5	0.11271414	1.98042603
1000	1022	45	6	0.16364886	7.66320260
1000	1022	45	7	2.89264677	24.59675636
1000	1022	45	8	8.19305376	66.54807292
1000	1022	45	9	10.19613368	40.33314655
1000	1022	45	10	0.03241833	0.11547052
1000	1022	45	11	4.33294458	15.81171764
1000	1022	45	12	0.17509503	7.17175748
1000	1022	45	13	2.11239584	42.21636201
1000	1022	45	14	10.32609239	40.71024281
1000	1022	45	15	0.01000323	0.05680004
1000	1022	45	16	2.47137618	10.01713283
1000	1022	45	17	0.01157333	0.64819894
1000	1022	45	18	0.08826055	0.95410602
1000	1022	45	19	10.62703787	43.02537248
1000	1022	46	0	0.64055986	29.38046401
1000	1022	46	1	7.96137535	132.20091694
1000	1022	46	2	0.02422279	0.89156598
1000	1022	46	3	2.16072818	13.21091937
1000	1022	46	4	0.13676718	2.91596669
1000	1022	46	5	0.11992082	1.89750258
1000	1022	46	6	0.13490132	7.16707040
1000	1022	46	7	2.90298909	24.85915061
1000	1022	46	8	8.28487145	67.49844631
1000	1022	46	9	10.19761192	40.34964216
1000	1022	46	10	0.03431296	0.11837740
1000	1022	46	11	4.52173893	16.93371447
1000	1022	46	12	0.14512805	6.70444556
1000	1022	46	13	1.90921481	40.34082267
1000	1022	46	14	10.32688915	40.72240554
1000	1022	46	15	0.00984649	0.05232465
1000	1022	46	16	2.47054893	10.01564020
1000	1022	46	17	0.01238967	0.61297642
1000	1022	46	18	0.09348460	0.91618576
1000	1022	46	19	10.62319011	43.03986767
1000	1022	47	0	0.54107817	28.08449352
1000	1022	47	1	7.96097380	133.52513670
1000	1022	47	2	0.02165556	0.80072480
1000	1022	47	3	2.25100312	14.35131206
1000	1022	47	4	0.11239731	2.55309185
1000	1022	47	5	0.12845299	1.82997746
1000	1022	47	6	0.11148885	6.68490630
1000	1022	47	7	2.91111816	25.10382808
1000	1022	47	8	8.36746250	68.43720464
1000	1022	47	9	10.19886296	40.36345270
1000	1022	47	10	0.03658297	0.12243599
1000	1022	47	11	4.68732210	18.01665734
1000	1022	47	12	0.12062800	6.24902592
1000	1022	47	13	1.72056368	38.43927364
1000	1022	47	14	10.32740305	40.73228361
1000	1022	47	15	0.00983989	0.04883332
1000	1022	47	16	2.46956929	10.01368881
1000	1022	47	17	0.01335143	0.58111308
1000	1022	47	18	0.09973557	0.88850453
1000	1022	47	19	10.61769970	43.04693975
1000	1022	48	0	0.45403140	26.77446158
1000	1022	48	1	7.96019551	134.78247237
1000	1022	48	2	0.01940202	0.71904018
1000	1022	48	3	2.33031243	15.49390231
1000	1022	48	4	0.09297069	2.22802463
1000	1022	48	5	0.13847712	1.77765502
1000	1022	48	6	0.09250688	6.22084276
1000	1022	48	7	2.91750518	25.33047004
1000	1022	48	8	8.44143596	69.35638537
1000	1022	48	9	10.19992451	40.37502866
1000	1022	48	10	0.03927398	0.12772731
1000	1022	48	11	4.83103959	19.04526591
1000	1022	48	12	0.10070650	5.80990024
1000	1022	48	13	1.54647647	36.52870180
1000	1022	48	14	10.32765354	40.74017297
1000	1022	48	15	0.00998045	0.04622535
1000	1022	48	16	2.46841718	10.01123950
1000	1022	48	17	0.01447782	0.55251183
1000	1022	48	18	0.10713946	0.87073511
1000	1022	48	19	10.61046085	43.04677703
1000	1022	49	0	0.37875696	25.46372992
1000	1022	49	1	7.95903062	135.97590514
1000	1022	49	2	0.01742341	0.64564410
1000	1022	49	3	2.39909084	16.62755477
1000	1022	49	4	0.07750349	1.93923007
1000	1022	49	5	0.15018185	1.74052541
1000	1022	49	6	0.07716228	5.77775188
1000	1022	49	7	2.92253086	25.53926308
1000	1022	49	8	8.50746184	70.24950162
1000	1022	49	9	10.20082779	40.38474451
1000	1022	49	10	0.04243850	0.13435730
1000	1022	49	11	4.95474326	20.00870838
1000	1022	49	12	0.08456490	5.39018755
1000	1022	49	13	1.38670390	34.62452341
1000	1022	49	14	10.32765342	40.74631406
1000	1022	49	15	0.01026853	0.04442272
1000	1022	49	16	2.46706959	10.00824274
1000	1022	49	17	0.01579070	0.52710180
1000	1022	49	18	0.11584130	0.86271960
1000	1022	49	19	10.60133651	43.03941559
1000	1022	50	0	0.31433991	24.16411700
1000	1022	50	1	7.95746100	137.10825665
1000	1022	50	2	0.01568580	0.57974178
1000	1022	50	3	2.45805592	17.74242883
1000	1022	50	4	0.06518478	1.68445238
1000	1022	50	5	0.16378026	1.71876841
1000	1022	50	6	0.06477768	5.35746531
1000	1022	50	7	2.92649746	25.73075454
1000	1022	50	8	8.56622886	71.11144250
1000	1022	50	9	10.20159872	40.39291149
1000	1022	50	10	0.04613666	0.14245734
1000	1022	50	11	5.06052483	20.90020447
1000	1022	50	12	0.07151004	4.99192882
1000	1022	50	13	1.24077830	32.74044915
1000	1022	50	14	10.32740934	40.75089918
1000	1022	50	15	0.01070776	0.04336768
1000	1022	50	16	2.46550020	10.00463817
1000	1022	50	17	0.01731497	0.50483909
1000	1022	50	18	0.12600713	0.86446598
1000	1022	50	19	10.59015700	43.02474558
1000	1022	51	0	0.25971968	22.88574735
1000	1022	51	1	7.95546024	138.18218875
1000	1022	51	2	0.01415945	0.52060710
1000	1022	51	3	2.50810170	18.83016152
1000	1022	51	4	0.05535726	1.46101136
1000	1022	51	5	0.17951218	1.71275910
1000	1022	51	6	0.05478596	4.96097969
1000	1022	51	7	2.92964188	25.90573546
1000	1022	51	8	8.61841588	71.93834210
1000	1022	51	9	10.20225877	40.39978813
1000	1022	51	10	0.05043699	0.15218537
1000	1022	51	11	5.15052613	21.71644249
1000	1022	51	12	0.06095561	4.61628909
1000	1022	51	13	1.10807188	30.88842686
1000	1022	51	14	10.32692221	40.75407858
1000	1022	51	15	0.01130492	0.04302079
1000	1022	51	16	2.46367896	10.00035405
1000	1022	51	17	0.01907893	0.48570788
1000	1022	51	18	0.13782623	0.87614722
1000	1022	51	19	10.57671828	43.00251453
1000	1022	52	0	0.21377789	21.63701759
1000	1022	52	1	7.95299339	139.20020327
1000	1022	52	2	0.01281832	0.46757788
1000	1022	52	3	2.55020777	19.88392976
1000	1022	52	4	0.04749486	1.26602877
1000	1022	52	5	0.19764662	1.72307534
1000	1022	52	6	0.04671932	4.58863869
1000	1022	52	7	2.93214815	26.06514924
1000	1022	52	8	8.66467359	72.72743408
1000	1022	52	9	10.20282577	40.40558924
1000	1022	52	10	0.05541731	0.16372749
1000	1022	52	11	5.22681435	22.45692516
1000	1022	52	12	0.05241498	4.26374268
1000	1022	52	13	0.98784704	29.07864798
1000	1022	52	14	10.32618743	40.75596536
1000	1022	52	15	0.01207010	0.04335950
1000	1022	52	16	2.46157158	9.99530628
1000	1022	52	17	0.02111467	0.46972178
1000	1022	52	18	0.15151370	0.89810272
1000	1022	52	19	10.56077968	42.97232821
1000	1022	53	0	0.17540495	20.42465255
1000	1022	53	1	7.95001649	140.16464145
1000	1022	53	2	0.01163960	0.42005140
1000	1022	53	3	2.58536833	20.89841706
1000	1022	53	4	0.04118041	1.09659345
1000	1022	53	5	0.21848415	1.75050693
1000	1022	53	6	0.04019632	4.24028860
1000	1022	53	7	2.93415837	26.21002238
1000	1022	53	8	8.70561345	73.47690387
1000	1022	53	9	10.20331454	40.41049321
1000	1022	53	10	0.06116565	0.17730004
1000	1022	53	11	5.29130737	23.12332332
1000	1022	53	12	0.04549004	3.93423483
1000	1022	53	13	0.87929824	27.31960358
1000	1022	53	14	10.32519496	40.75663933
1000	1022	53	15	0.01301670	0.04437704
1000	1022	53	16	2.45913901	9.98939725
1000	1022	53	17	0.02345858	0.45692552
1000	1022	53	18	0.16731314	0.93084207
1000	1022	53	19	10.54206138	42.93364899
1000	1022	54	0	0.14354651	19.25382418
1000	1022	54	1	7.94647601	141.07768305
1000	1022	54	2	0.01060332	0.37747988
1000	1022	54	3	2.61454137	21.86971175
1000	1022	54	4	0.03608535	0.94987590
1000	1022	54	5	0.24235913	1.79606619
1000	1022	54	6	0.03490863	3.91540752
1000	1022	54	7	2.93578187	26.34141375
1000	1022	54	8	8.74180188	74.18574588
1000	1022	54	9	10.20373738	40.41464824
1000	1022	54	10	0.06778130	0.19315212
1000	1022	54	11	5.34573559	23.71888640
1000	1022	54	12	0.03985851	3.62731756
1000	1022	54	13	0.78158588	25.61817712
1000	1022	54	14	10.32392936	40.75615009
1000	1022	54	15	0.01416171	0.04608181
1000	1022	54	16	2.45633681	9.98251438
1000	1022	54	17	0.02615176	0.44739698
1000	1022	54	18	0.18549956	0.97505107
1000	1022	54	19	10.52024149	42.88579200
1000	1022	55	0	0.11723265	18.12830922
1000	1022	55	1	7.94230804	141.94134486
1000	1022	55	2	0.00969197	0.33936629
1000	1022	55	3	2.63861573	22.79516226
1000	1022	55	4	0.03195209	0.82320291
1000	1022	55	5	0.26964165	1.86099984
1000	1022	55	6	0.03060863	3.61321013
1000	1022	55	7	2.93710262	26.46037828
1000	1022	55	8	8.77375790	74.85363034
1000	1022	55	9	10.20410454	40.41817743
1000	1022	55	10	0.07537581	0.21156844
1000	1022	55	11	5.39162850	24.24793436
1000	1022	55	12	0.03526159	3.34226073
1000	1022	55	13	0.69386291	23.97976221
1000	1022	55	14	10.32236957	40.75451919
1000	1022	55	15	0.01552590	0.04849703
1000	1022	55	16	2.45311450	9.97452844
1000	1022	55	17	0.02924056	0.44124951
1000	1022	55	18	0.20638247	1.03159984
1000	1022	55	19	10.49495304	42.82791942
1000	1022	56	0	0.09559321	17.05066554
1000	1022	56	1	7.93743738	142.75747850
1000	1022	56	2	0.00889021	0.30526022
1000	1022	56	3	2.65839277	23.67321066
1000	1022	56	4	0.02857924	0.71410169
1000	1022	56	5	0.30073905	1.94680149
1000	1022	56	6	0.02709847	3.33273112
1000	1022	56	7	2.93818519	26.56794210
1000	1022	56	8	8.80195318	75.48078241
1000	1022	56	9	10.20442454	40.42118304
1000	1022	56	10	0.08407408	0.23287251
1000	1022	56	11	5.43031731	24.71543937
1000	1022	56	12	0.03149258	3.07814082
1000	1022	56	13	0.61529494	22.40839588
1000	1022	56	14	10.32048870	40.75174170
1000	1022	56	15	0.01713420	0.05166079
1000	1022	56	16	2.44941480	9.96529162
1000	1022	56	17	0.03277713	0.43863466
1000	1022	56	18	0.23030892	1.10155292
1000	1022	56	19	10.46578075	42.75903311
1000	1022	57	0	0.07786301	16.02241225
1000	1022	57	1	7.93177638	143.52776744
1000	1022	57	2	0.00818463	0.27475407
1000	1022	57	3	2.67457895	24.50322068
1000	1022	57	4	0.02580955	0.62032177
1000	1022	57	5	0.33609668	2.05522458
1000	1022	57	6	0.02422052	3.07289043
1000	1022	57	7	2.93907926	26.66508615
1000	1022	57	8	8.82681363	76.06787441
1000	1022	57	9	10.20470450	40.42375008
1000	1022	57	10	0.09401530	0.25743005
1000	1022	57	11	5.46294695	25.12669511
1000	1022	57	12	0.02838705	2.83391032
1000	1022	57	13	0.54507511	20.90689947
1000	1022	57	14	10.31825361	40.74778701
1000	1022	57	15	0.01901607	0.05562639
1000	1022	57	16	2.44517288	9.95463534
1000	1022	57	17	0.03681991	0.43974515
1000	1022	57	18	0.25766658	1.18618114
1000	1022	57	19	10.43225792	42.67796585
1000	1022	58	0	0.06337997	15.04420319
1000	1022	58	1	7.92522362	144.25372297
1000	1022	58	2	0.00756345	0.24747941
1000	1022	58	3	2.68778607	25.28531169
1000	1022	58	4	0.02352025	0.53984107
1000	1022	58	5	0.37619773	2.18829466
1000	1022	58	6	0.02184956	2.83254339
1000	1022	58	7	2.93982320	26.75273619
1000	1022	58	8	8.84872185	76.61593140
1000	1022	58	9	10.20495035	40.42594919
1000	1022	58	10	0.10535392	0.28565249
1000	1022	58	11	5.49049320	25.48706518
1000	1022	58	12	0.02581447	2.60845113
1000	1022	58	13	0.48243440	19.47702089
1000	1022	58	14	10.31562439	40.74259915
1000	1022	58	15	0.02120603	0.06046301
1000	1022	58	16	2.44031551	9.94236780
1000	1022	58	17	0.04143422	0.44481825
1000	1022	58	18	0.28888663	1.28697491
1000	1022	58	19	10.39386356	42.58337163
1000	1022	59	0	0.05157866	14.11598697
1000	1022	59	1	7.91766241	144.93667910
1000	1022	59	2	0.00701637	0.22310359
1000	1022	59	3	2.69853640	26.02020560
1000	1022	59	4	0.02161539	0.47086120
1000	1022	59	5	0.42156180	2.34832038
1000	1022	59	6	0.01988614	2.61051861
1000	1022	59	7	2.94044676	26.83175732
1000	1022	59	8	8.86802016	77.12624948
1000	1022	59	9	10.20516703	40.42783911
1000	1022	59	10	0.11826040	0.31800060
1000	1022	59	11	5.51378174	25.80179972
1000	1022	59	12	0.02367136	2.40061477
1000	1022	59	13	0.42664838	18.11957395
1000	1022	59	14	10.31255379	40.73609641
1000	1022	59	15	0.02374420	0.06625671
1000	1022	59	16	2.43476013	9.92827130
1000	1022	59	17	0.04669272	0.45413941
1000	1022	59	18	0.32444629	1.40565873
1000	1022	59	19	10.35001994	42.47371545
1000	1022	60	0	0.04198149	13.23715020
1000	1022	60	1	7.90895913	145.57778616
1000	1022	60	2	0.00653435	0.20132659
1000	1022	60	3	2.70727060	26.70909085
1000	1022	60	4	0.02001982	0.41179595
1000	1022	60	5	0.47274179	2.53790193
1000	1022	60	6	0.01825136	2.40564614
1000	1022	60	7	2.94097310	26.90295189
1000	1022	60	8	8.88501381	77.60032600
1000	1022	60	9	10.20535869	40.42946872
1000	1022	60	10	0.13292172	0.35498779
1000	1022	60	11	5.53350745	26.07590843
1000	1022	60	12	0.02187563	2.20925214
1000	1022	60	13	0.37704121	16.83457114
1000	1022	60	14	10.30898639	40.72817055
1000	1022	60	15	0.02667700	0.07311174
1000	1022	60	16	2.42841393	9.91209934
1000	1022	60	17	0.05267589	0.46804614
1000	1022	60	18	0.36487077	1.54420623
1000	1022	60	19	10.30009095	42.34726320
1000	1022	61	0	0.03418861	12.40664230
1000	1022	61	1	7.89896126	146.17800311
1000	1022	61	2	0.00610950	0.18187808
1000	1022	61	3	2.71435700	27.35350476
1000	1022	61	4	0.01867449	0.36125578
1000	1022	61	5	0.53031872	2.75993554
1000	1022	61	6	0.01688255	2.21677786
1000	1022	61	7	2.94142036	26.96705961
1000	1022	61	8	8.89997428	78.03980062
1000	1022	61	9	10.20552878	40.43087869
1000	1022	61	10	0.14954154	0.39718328
1000	1022	61	11	5.55025263	26.31407850
1000	1022	61	12	0.02036211	2.03323501
1000	1022	61	13	0.33298734	15.62134793
1000	1022	61	14	10.30485771	40.71868529
1000	1022	61	15	0.03005792	0.08115219
1000	1022	61	16	2.42117290	9.89357345
1000	1022	61	17	0.05947240	0.48693207
1000	1022	61	18	0.41073441	1.70485526
1000	1022	61	19	10.24338154	42.20207239
1000	1022	62	0	0.02786779	11.62308210
1000	1022	62	1	7.88749536	146.73808827
1000	1022	62	2	0.00573487	0.16451470
1000	1022	62	3	2.72010106	27.95523425
1000	1022	62	4	0.01753288	0.31803019
1000	1022	62	5	0.59489409	3.01761236
1000	1022	62	6	0.01572990	2.04280182
1000	1022	62	7	2.94180284	27.02475924
1000	1022	62	8	8.91314249	78.44640602
1000	1022	62	9	10.20568020	40.43210289
1000	1022	62	10	0.16833992	0.44521444
1000	1022	62	11	5.56450374	26.52062763
1000	1022	62	12	0.01907897	1.87147102
1000	1022	62	13	0.29391171	14.47867702
1000	1022	62	14	10.30009316	40.70747444
1000	1022	62	15	0.03394843	0.09052400
1000	1022	62	16	2.41292085	9.87237990
1000	1022	62	17	0.06717930	0.51125106
1000	1022	62	18	0.46266061	1.89012206
1000	1022	62	19	10.17913874	42.03598462
1000	1022	63	0	0.02274468	10.88484724
1000	1022	63	1	7.87436479	147.25858842
1000	1022	63	2	0.00540441	0.14901759
1000	1022	63	3	2.72475449	28.51623367
1000	1022	63	4	0.01655813	0.28106956
1000	1022	63	5	0.66707930	3.31440979
1000	1022	63	6	0.01475369	1.88265200
1000	1022	63	7	2.94213186	27.07667123
1000	1022	63	8	8.92473181	78.82192721
1000	1022	63	9	10.20581537	40.43316954
1000	1022	63	10	0.18955239	0.49976839
1000	1022	63	11	5.57666624	26.69948312
1000	1022	63	12	0.01798486	1.72291381
1000	1022	63	13	0.25928863	13.40487198
1000	1022	63	14	10.29460685	40.69433931
1000	1022	63	15	0.03841895	0.10139741
1000	1022	63	16	2.40352853	9.84816623
1000	1022	63	17	0.07590212	0.54152128
1000	1022	63	18	0.52132015	2.10281346
1000	1022	63	19	10.10655468	41.84662089
1000	1022	64	0	0.01859391	10.19014794
1000	1022	64	1	7.85934721	147.73982625
1000	1022	64	2	0.00511278	0.13519004
1000	1022	64	3	2.72852366	29.03855815
1000	1022	64	4	0.01572096	0.24946728
1000	1022	64	5	0.74748180	3.65407312
1000	1022	64	6	0.01392224	1.73531444
1000	1022	64	7	2.94241647	27.12336104
1000	1022	64	8	8.93493098	79.16816832
1000	1022	64	9	10.20593632	40.43410215
1000	1022	64	10	0.21342821	0.56159216
1000	1022	64	11	5.58707752	26.85418021
1000	1022	64	12	0.01704671	1.58656945
1000	1022	64	13	0.22863995	12.39788001
1000	1022	64	14	10.28830011	40.67904565
1000	1022	64	15	0.04355006	0.11396965
1000	1022	64	16	2.39285280	9.82053772
1000	1022	64	17	0.08575455	0.57832899
1000	1022	64	18	0.58742748	2.34603591
1000	1022	64	19	10.02477224	41.63138113
1000	1022	65	0	0.01523114	9.53708702
1000	1022	65	1	7.84219208	148.18188593
1000	1022	65	2	0.00485535	0.12285543
1000	1022	65	3	2.73157703	29.52431046
1000	1022	65	4	0.01499792	0.22244278
1000	1022	65	5	0.83668767	4.04058510
1000	1022	65	6	0.01321015	1.59983079
1000	1022	65	7	2.94266394	27.16534270
1000	1022	65	8	8.94390668	79.48692586
1000	1022	65	9	10.20604476	40.43492033
1000	1022	65	10	0.24022769	0.63149109
1000	1022	65	11	5.59601814	26.98787364
1000	1022	65	12	0.01623794	1.46149992
1000	1022	65	13	0.20153251	11.45536405
1000	1022	65	14	10.28106000	40.66131989
1000	1022	65	15	0.04943374	0.12846827
1000	1022	65	16	2.38073594	9.78905396
1000	1022	65	17	0.09685794	0.62233186
1000	1022	65	18	0.66173440	2.62319944
1000	1022	65	19	9.93289390	41.38744950
1000	1022	66	0	0.01250610	8.92370799
1000	1022	66	1	7.82261795	148.58459684
1000	1022	66	2	0.00462802	0.11185526
1000	1022	66	3	2.73405162	29.97559942
1000	1022	66	4	0.01437018	0.19932581
1000	1022	66	5	0.93524068	4.47812113
1000	1022	66	6	0.01259700	1.47529982
1000	1022	66	7	2.94288014	27.20308252
1000	1022	66	8	8.95180601	79.77996750
1000	1022	66	9	10.20614210	40.43564045
1000	1022	66	10	0.27021833	0.71032504
1000	1022	66	11	5.60372128	27.10335804
1000	1022	66	12	0.01553713	1.34682467
1000	1022	66	13	0.17757539	10.57477467
1000	1022	66	14	10.27275749	40.64084484
1000	1022	66	15	0.05617485	0.14515480
1000	1022	66	16	2.36700525	9.75322554
1000	1022	66	17	0.10934025	0.67426139
1000	1022	66	18	0.74502069	2.93801494
1000	1022	66	19	9.82999431	41.11180715
1000	1022	67	0	0.01029671	8.34803307
1000	1022	67	1	7.80030974	148.94751549
1000	1022	67	2	0.00442723	0.10204743
1000	1022	67	3	2.73605860	30.39450800
1000	1022	67	4	0.01382251	0.17954212
1000	1022	67	5	1.04361781	4.97098790
1000	1022	67	6	0.01206631	1.36087749
1000	1022	67	7	2.94306986	27.23700283
1000	1022	67	8	8.95875862	80.04901563
1000	1022	67	9	10.20622952	40.43627616
1000	1022	67	10	0.30366968	0.79900160
1000	1022	67	11	5.61038078	27.20309370
1000	1022	67	12	0.01492692	1.24172059
1000	1022	67	13	0.15641690	9.75341236
1000	1022	67	14	10.26324543	40.61725463
1000	1022	67	15	0.06389273	0.16432896
1000	1022	67	16	2.35147298	9.71251119
1000	1022	67	17	0.12333450	0.73492425
1000	1022	67	18	0.83808095	3.29448228
1000	1022	67	19	9.71513726	40.80125454
1000	1022	68	0	0.00850395	7.80809274
1000	1022	68	1	7.77491614	149.26990558
1000	1022	68	2	0.00424987	0.09330460
1000	1022	68	3	2.73768796	30.78306947
1000	1022	68	4	0.01334251	0.16260063
1000	1022	68	5	1.16220202	5.52354367
1000	1022	68	6	0.01160475	1.25577592
1000	1022	68	7	2.94323702	27.26748560
1000	1022	68	8	8.96487874	80.29573485
1000	1022	68	9	10.20630801	40.43683884
1000	1022	68	10	0.34084666	0.89846593
1000	1022	68	11	5.61615789	27.28923516
1000	1022	68	12	0.01439315	1.14542094
1000	1022	68	13	0.13774149	8.98848089
1000	1022	68	14	10.25235639	40.59012893
1000	1022	68	15	0.07272297	0.18633340
1000	1022	68	16	2.33393664	9.66631546
1000	1022	68	17	0.13897659	0.80520188
1000	1022	68	18	0.94170750	3.69686698
1000	1022	68	19	9.58739738	40.45244510
1000	1022	69	0	0.00704775	7.30194830
1000	1022	69	1	7.74604713	149.55071646
1000	1022	69	2	0.00409320	0.08551274
1000	1022	69	3	2.73901239	31.14325005
1000	1022	69	4	0.01292006	0.14808202
1000	1022	69	5	1.29125300	6.14009910
1000	1022	69	6	0.01120144	1.15926176
1000	1022	69	7	2.94338484	27.29487584
1000	1022	69	8	8.97026692	80.52172279
1000	1022	69	9	10.20637837	40.43733800
1000	1022	69	10	0.38200140	1.00968658
1000	1022	69	11	5.62118687	27.36366065
1000	1022	69	12	0.01392425	1.05721352
1000	1022	69	13	0.12126674	8.27713266
1000	1022	69	14	10.23990019	40.55898649
1000	1022	69	15	0.08281943	0.21155904
1000	1022	69	16	2.31418002	9.61398745
1000	1022	69	17	0.15640238	0.88604800
1000	1022	69	18	1.05666867	4.14966272
1000	1022	69	19	9.44588680	40.06193234
1000	1022	70	0	0.00586339	6.82770874
1000	1022	70	1	7.71327185	149.78856020
1000	1022	70	2	0.00395483	0.07856980
1000	1022	70	3	2.74009057	31.47693679
1000	1022	70	4	0.01254681	0.13562868
1000	1022	70	5	1.43087752	6.82479870
1000	1022	70	6	0.01084749	1.07065389
1000	1022	70	7	2.94351602	27.31948494
1000	1022	70	8	8.97501163	80.72850378
1000	1022	70	9	10.20644126	40.43778153
1000	1022	70	10	0.42736360	1.13363669
1000	1022	70	11	5.62557965	27.42800123
1000	1022	70	12	0.01351071	0.97643835
1000	1022	70	13	0.10674042	7.61650662
1000	1022	70	14	10.22566119	40.52327777
1000	1022	70	15	0.09435628	0.24045099
1000	1022	70	16	2.29197492	9.55482073
1000	1022	70	17	0.17574401	0.97848334
1000	1022	70	18	1.18368261	4.65753727
1000	1022	70	19	9.28978673	39.62623200
1000	1022	71	0	0.00489865	6.38354298
1000	1022	71	1	7.67611704	149.98168770
1000	1022	71	2	0.00383269	0.07238455
1000	1022	71	3	2.74096978	31.78592965
1000	1022	71	4	0.01221584	0.12493593
1000	1022	71	5	1.58100119	7.58148436
1000	1022	71	6	0.01053559	0.98932096
1000	1022	71	7	2.94363280	27.34159365
1000	1022	71	8	8.97919067	80.91752472
1000	1022	71	9	10.20649721	40.43817601
1000	1022	71	10	0.47712941	1.27127036
1000	1022	71	11	5.62942972	27.48366870
1000	1022	71	12	0.01314465	0.90248504
1000	1022	71	13	0.09393769	7.00375978
1000	1022	71	14	10.20939539	40.48237685
1000	1022	71	15	0.10753041	0.27351510
1000	1022	71	16	2.26708380	9.48805503
1000	1022	71	17	0.19712531	1.08358706
1000	1022	71	18	1.32338677	5.22525919
1000	1022	71	19	9.11838340	39.14190048
1000	1022	72	0	0.00411144	5.96768842
1000	1022	72	1	7.63406628	150.12796440
1000	1022	72	2	0.00372495	0.06687541
1000	1022	72	3	2.74168813	32.07193690
1000	1022	72	4	0.01192141	0.11574438
1000	1022	72	5	1.74134373	8.41354403
1000	1022	72	6	0.01025970	0.91467869
1000	1022	72	7	2.94373706	27.36145494
1000	1022	72	8	8.98287245	81.09015282
1000	1022	72	9	10.20654665	40.43852688
1000	1022	72	10	0.53144942	1.42349403
1000	1022	72	11	5.63281531	27.53188163
1000	1022	72	12	0.01281950	0.83479000
1000	1022	72	13	0.08265844	6.43609285
1000	1022	72	14	10.19082735	40.43557236
1000	1022	72	15	0.12256383	0.31132513
1000	1022	72	16	2.23926355	9.41288026
1000	1022	72	17	0.22065650	1.20248426
1000	1022	72	18	1.47630365	5.85760388
1000	1022	72	19	8.93110729	38.60562977
1000	1022	73	0	0.00346784	5.57845653
1000	1022	73	1	7.58656030	150.22484652
1000	1022	73	2	0.00363005	0.06196953
1000	1022	73	3	2.74227630	32.33657294
1000	1022	73	4	0.01165868	0.10783334
1000	1022	73	5	1.91140049	9.32375073
1000	1022	73	6	0.01001482	0.84618702
1000	1022	73	7	2.94383039	27.37929662
1000	1022	73	8	8.98611709	81.24767493
1000	1022	73	9	10.20658987	40.43883864
1000	1022	73	10	0.59041599	1.59113306
1000	1022	73	11	5.63580202	27.57368935
1000	1022	73	12	0.01252979	0.77283356
1000	1022	73	13	0.07272485	5.91077088
1000	1022	73	14	10.16964680	40.38205774
1000	1022	73	15	0.13970625	0.35453060
1000	1022	73	16	2.20827052	9.32844317
1000	1022	73	17	0.24642804	1.33632902
1000	1022	73	18	1.64280412	6.55923768
1000	1022	73	19	8.72757421	38.01435828
1000	1022	74	0	0.00294050	5.21423615
1000	1022	74	1	7.53299880	150.26935868
1000	1022	74	2	0.00354662	0.05760190
1000	1022	74	3	2.74275899	32.58135818
1000	1022	74	4	0.01142360	0.10101510
1000	1022	74	5	2.09043230	10.31409887
1000	1022	74	6	0.00979674	0.78334742
1000	1022	74	7	2.94391414	27.39532374
1000	1022	74	8	8.98897742	81.39129795
1000	1022	74	9	10.20662710	40.43911493
1000	1022	74	10	0.65405078	1.77489420
1000	1022	74	11	5.63844502	27.60999373
1000	1022	74	12	0.01227091	0.71613713
1000	1022	74	13	0.06397912	5.42513944
1000	1022	74	14	10.14550527	40.32092049
1000	1022	74	15	0.15923781	0.40386520
1000	1022	74	16	2.17386697	9.23385753
1000	1022	74	17	0.27450407	1.48628258
1000	1022	74	18	1.82306987	7.33458068
1000	1022	74	19	8.50762580	37.36539542
1000	1022	75	0	0.00250742	4.87349499
1000	1022	75	1	7.47274407	150.25807461
1000	1022	75	2	0.00347347	0.05371452
1000	1022	75	3	2.74315611	32.80772030
1000	1022	75	4	0.01121272	0.09513007
1000	1022	75	5	2.27746597	11.38564669
1000	1022	75	6	0.00960196	0.72570007
1000	1022	75	7	2.94398946	27.40972074
1000	1022	75	8	8.99149984	81.52215026
1000	1022	75	9	10.20665846	40.43935871
1000	1022	75	10	0.72229326	1.97532525
1000	1022	75	11	5.64079081	27.64156863
1000	1022	75	12	0.01203897	0.66426038
1000	1022	75	13	0.05628134	4.97663706
1000	1022	75	14	10.11801252	40.25113082
1000	1022	75	15	0.18147172	0.46015572
1000	1022	75	16	2.13582891	9.12821812
1000	1022	75	17	0.30491555	1.65348648
1000	1022	75	18	2.01705747	8.18765008
1000	1022	75	19	8.27136704	36.65655589
1000	1022	76	0	0.00215087	4.55477975
1000	1022	76	1	7.40512699	150.18710233
1000	1022	76	2	0.00340958	0.05025568
1000	1022	76	3	2.74348368	33.01699664
1000	1022	76	4	0.01102311	0.09004254
1000	1022	76	5	2.47130660	12.53837467
1000	1022	76	6	0.00942752	0.67282121
1000	1022	76	7	2.94405734	27.42265353
1000	1022	76	8	8.99372512	81.64128384
1000	1022	76	9	10.20668402	40.43957234
1000	1022	76	10	0.79499127	2.19277349
1000	1022	76	11	5.64287870	27.66907728
1000	1022	76	12	0.01183065	0.61679852
1000	1022	76	13	0.04950764	4.56280432
1000	1022	76	14	10.08673311	40.17152959
1000	1022	76	15	0.20675692	0.52433141
1000	1022	76	16	2.09395541	9.01061921
1000	1022	76	17	0.33765357	1.83903079
1000	1022	76	18	2.22446666	9.12188840
1000	1022	76	19	8.01919747	35.88629839
1000	1022	77	0	0.00185656	4.25671518
1000	1022	77	1	7.32945573	150.05207613
1000	1022	77	2	0.00335409	0.04717935
1000	1022	77	3	2.74375462	33.21043724
1000	1022	77	4	0.01085226	0.08563713
1000	1022	77	5	2.67056238	13.77107035
1000	1022	77	6	0.00927088	0.62432064
1000	1022	77	7	2.94411863	27.43427123
1000	1022	77	8	8.99568907	81.74967694
1000	1022	77	9	10.20670372	40.43975760
1000	1022	77	10	0.87189453	2.42734527
1000	1022	77	11	5.64474204	27.69308754
1000	1022	77	12	0.01164314	0.57337972
1000	1022	77	13	0.04354840	4.18129027
1000	1022	77	14	10.05118307	40.08081590
1000	1022	77	15	0.23548048	0.59743359
1000	1022	77	16	2.04807916	8.88017773
1000	1022	77	17	0.37266334	2.04391801
1000	1022	77	18	2.44471585	10.13998261
1000	1022	77	19	7.75183320	35.05386131
1000	1022	78	0	0.00161294	3.97800237
1000	1022	78	1	7.24502763	149.84815767
1000	1022	78	2	0.00330626	0.04444456
1000	1022	78	3	2.74397935	33.38920854
1000	1022	78	4	0.01069802	0.08181573
1000	1022	78	5	2.87368104	15.08124923
1000	1022	78	6	0.00912993	0.57983920
1000	1022	78	7	2.94417407	27.44470788
1000	1022	78	8	8.99742313	81.84823715
1000	1022	78	9	10.20671748	40.43991581
1000	1022	78	10	0.95265212	2.67886948
1000	1022	78	11	5.64640920	27.71408528
1000	1022	78	12	0.01147401	0.53366263
1000	1022	78	13	0.03830676	3.82985640
1000	1022	78	14	10.01082699	39.97753446
1000	1022	78	15	0.26806968	0.68062521
1000	1022	78	16	1.99807795	8.73606130
1000	1022	78	17	0.40983945	2.26902344
1000	1022	78	18	2.67692793	11.24368275
1000	1022	78	19	7.47031690	34.15938704
1000	1022	79	0	0.00141074	3.71741652
1000	1022	79	1	7.15114466	149.57004885
1000	1022	79	2	0.00326547	0.04201488
1000	1022	79	3	2.74416630	33.55439731
1000	1022	79	4	0.01055853	0.07849488
1000	1022	79	5	3.07899611	16.46511995
1000	1022	79	6	0.00900280	0.53904654
1000	1022	79	7	2.94422429	27.45408393
1000	1022	79	8	8.99895490	81.93780473
1000	1022	79	9	10.20672509	40.44004784
1000	1022	79	10	1.03681461	2.94686782
1000	1022	79	11	5.64790437	27.73248608
1000	1022	79	12	0.01132117	0.49733405
1000	1022	79	13	0.03369710	3.50637881
1000	1022	79	14	9.96507570	39.86006327
1000	1022	79	15	0.30499360	0.77520008
1000	1022	79	16	1.94388660	8.57752080
1000	1022	79	17	0.44902291	2.51505379
1000	1022	79	18	2.91992878	12.43363031
1000	1022	79	19	7.17601350	33.20402551
1000	1022	80	0	0.00124242	3.47380424
1000	1022	80	1	7.04713254	149.21201954
1000	1022	80	2	0.00323121	0.03985798
1000	1022	80	3	2.74432226	33.70701479
1000	1022	80	4	0.01043216	0.07560355
1000	1022	80	5	3.28478030	17.91759924
1000	1022	80	6	0.00888794	0.50163889
1000	1022	80	7	2.94426986	27.46250757
1000	1022	80	8	9.00030866	82.01915611
1000	1022	80	9	10.20672630	40.44015417
1000	1022	80	10	1.12384127	3.23053480
1000	1022	80	11	5.64924829	27.74864533
1000	1022	80	12	0.01118282	0.46410675
1000	1022	80	13	0.02964389	3.20884862
1000	1022	80	14	9.91328480	39.72660208
1000	1022	80	15	0.34676375	0.88259124
1000	1022	80	16	1.88550865	8.40392688
1000	1022	80	17	0.49000064	2.78250577
1000	1022	80	18	3.17226032	13.70920779
1000	1022	80	19	6.87059052	32.19000793
1000	1022	81	0	0.00110192	3.24608066
1000	1022	81	1	6.93236361	148.76795299
1000	1022	81	2	0.00320308	0.03794519
1000	1022	81	3	2.74445273	33.84800093
1000	1022	81	4	0.01031751	0.07308127
1000	1022	81	5	3.48930220	19.43237867
1000	1022	81	6	0.00878397	0.46733708
1000	1022	81	7	2.94431126	27.47007600
1000	1022	81	8	9.00150570	82.09300747
1000	1022	81	9	10.20672076	40.44023486
1000	1022	81	10	1.21311234	3.52873007
1000	1022	81	11	5.65045877	27.76286698
1000	1022	81	12	0.01105739	0.43371742
1000	1022	81	13	0.02608046	2.93537117
1000	1022	81	14	9.85475456	39.57516235
1000	1022	81	15	0.39393376	1.00437800
1000	1022	81	16	1.82302694	8.21480910
1000	1022	81	17	0.53250764	3.07162715
1000	1022	81	18	3.43220878	15.06842132
1000	1022	81	19	6.55598305	31.12068268
1000	1022	82	0	0.00098431	3.03322633
1000	1022	82	1	6.80628315	148.23141190
1000	1022	82	2	0.00318075	0.03625113
1000	1022	82	3	2.74456219	33.97822860
1000	1022	82	4	0.01021336	0.07087653
1000	1022	82	5	3.69088253	21.00204160
1000	1022	82	6	0.00868971	0.43588459
1000	1022	82	7	2.94434892	27.47687650
1000	1022	82	8	9.00256472	82.16001834
1000	1022	82	9	10.20670804	40.44028965
1000	1022	82	10	1.30394580	3.83998496
1000	1022	82	11	5.65155118	27.77541107
1000	1022	82	12	0.01094351	0.40592477
1000	1022	82	13	0.02294803	2.68416412
1000	1022	82	14	9.78873144	39.40355960
1000	1022	82	15	0.44709755	1.14229071
1000	1022	82	16	1.75661207	8.00989596
1000	1022	82	17	0.57623218	3.38238279
1000	1022	82	18	3.69784745	16.50782691
1000	1022	82	19	6.23434494	30.00050736
1000	1022	83	0	0.00088562	2.83428409
1000	1022	83	1	6.66843841	147.59572742
1000	1022	83	2	0.00316399	0.03475337
1000	1022	83	3	2.74465424	34.09850767
1000	1022	83	4	0.01011862	0.06894541
1000	1022	83	5	3.88794619	22.61822477
1000	1022	83	6	0.00860413	0.40704581
1000	1022	83	7	2.94438321	27.48298745
1000	1022	83	8	9.00350217	82.22079518
1000	1022	83	9	10.20668764	40.44031790
1000	1022	83	10	1.39561779	4.16252415
1000	1022	83	11	5.65253880	27.78650018
1000	1022	83	12	0.01083997	0.38050775
1000	1022	83	13	0.02019479	2.45355471
1000	1022	83	14	9.71441183	39.20940924
1000	1022	83	15	0.50688558	1.29821256
1000	1022	83	16	1.68652784	7.78915362
1000	1022	83	17	0.62082388	3.71442839
1000	1022	83	18	3.96709186	18.02250936
1000	1022	83	19	5.90798871	28.83499388
1000	1022	84	0	0.00080259	2.64835588
1000	1022	84	1	6.51850926	146.85411279
1000	1022	84	2	0.00315265	0.03343214
1000	1022	84	3	2.74473183	34.20958914
1000	1022	84	4	0.01003234	0.06725044
1000	1022	84	5	4.07906682	24.27181596
1000	1022	84	6	0.00852632	0.38060440
1000	1022	84	7	2.94441447	27.48847921
1000	1022	84	8	9.00433249	82.27589490
1000	1022	84	9	10.20665893	40.44031861
1000	1022	84	10	1.48738530	4.49430217
1000	1022	84	11	5.65343317	27.79632501
1000	1022	84	12	0.01074573	0.35726391
1000	1022	84	13	0.01777510	2.24197640
1000	1022	84	14	9.63094855	38.99012721
1000	1022	84	15	0.57395894	1.47417717
1000	1022	84	16	1.61313270	7.55282037
1000	1022	84	17	0.66590427	4.06709411
1000	1022	84	18	4.23776401	19.60611900
1000	1022	84	19	5.57931802	27.63060713
1000	1022	85	0	0.00073261	2.47459957
1000	1022	85	1	6.35633896	145.99980182
1000	1022	85	2	0.00314666	0.03227010
1000	1022	85	3	2.74479735	34.31216890
1000	1022	85	4	0.00995368	0.06575962
1000	1022	85	5	4.26300164	25.95317677
1000	1022	85	6	0.00845549	0.35636170
1000	1022	85	7	2.94444300	27.49341498
1000	1022	85	8	9.00506837	82.32582823
1000	1022	85	9	10.20662122	40.44029043
1000	1022	85	10	1.57850970	4.83305331
1000	1022	85	11	5.65424434	27.80504904
1000	1022	85	12	0.01065985	0.33600789
1000	1022	85	13	0.01564877	2.04796498
1000	1022	85	14	9.53746070	38.74293695
1000	1022	85	15	0.64900059	1.67236087
1000	1022	85	16	1.53687649	7.30143413
1000	1022	85	17	0.71107923	4.43937998
1000	1022	85	18	4.50766161	21.25096796
1000	1022	85	19	5.25075697	26.39462105
1000	1022	86	0	0.00067352	2.31222593
1000	1022	86	1	6.18196306	145.02621128
1000	1022	86	2	0.00314600	0.03125203
1000	1022	86	3	2.74485276	34.40689151
1000	1022	86	4	0.00988190	0.06444559
1000	1022	86	5	4.43871518	27.65237817
1000	1022	86	6	0.00839094	0.33413541
1000	1022	86	7	2.94446905	27.49785146
1000	1022	86	8	9.00572094	82.37106299
1000	1022	86	9	10.20657371	40.44023166
1000	1022	86	10	1.66827949	5.17635232
1000	1022	86	11	5.65498108	27.81281261
1000	1022	86	12	0.01058151	0.31656998
1000	1022	86	13	0.01378039	1.87015436
1000	1022	86	14	9.43304734	38.46488443
1000	1022	86	15	0.73270356	1.89506818
1000	1022	86	16	1.45829226	7.03584988
1000	1022	86	17	0.75595254	4.82996414
1000	1022	86	18	4.77462744	22.94818276
1000	1022	86	19	4.92468056	25.13493950
1000	1022	87	0	0.00062359	2.16049560
1000	1022	87	1	5.99563414	143.92712402
1000	1022	87	2	0.00315076	0.03036470
1000	1022	87	3	2.74489964	34.49435370
1000	1022	87	4	0.00981634	0.06328493
1000	1022	87	5	4.60539163	29.35943646
1000	1022	87	6	0.00833206	0.31375819
1000	1022	87	7	2.94449287	27.50183959
1000	1022	87	8	9.00630003	82.41202727
1000	1022	87	9	10.20651548	40.44014021
1000	1022	87	10	1.75603091	5.52168225
1000	1022	87	11	5.65565112	27.81973635
1000	1022	87	12	0.01050999	0.29879489
1000	1022	87	13	0.01213884	1.70727210
1000	1022	87	14	9.31680557	38.15286309
1000	1022	87	15	0.82575563	2.14470925
1000	1022	87	16	1.37798308	6.75724457
1000	1022	87	17	0.80013938	5.23722392
1000	1022	87	18	5.03661461	24.68790622
1000	1022	87	19	4.60335050	23.85989179
1000	1022	88	0	0.00058138	2.01871622
1000	1022	88	1	5.79784017	142.69688760
1000	1022	88	2	0.00316106	0.02959664
1000	1022	88	3	2.74493930	34.57510770
1000	1022	88	4	0.00975641	0.06225759
1000	1022	88	5	4.76243658	31.06453842
1000	1022	88	6	0.00827829	0.29507652
1000	1022	88	7	2.94451465	27.50542506
1000	1022	88	8	9.00681425	82.44911233
1000	1022	88	9	10.20644549	40.44001361
1000	1022	88	10	1.84116521	5.86650569
1000	1022	88	11	5.65626121	27.82592409
1000	1022	88	12	0.01044464	0.28254046
1000	1022	88	13	0.01069671	1.55813484
1000	1022	88	14	9.18785333	37.80365050
1000	1022	88	15	0.92882032	2.42376761
1000	1022	88	16	1.29660460	6.46710769
1000	1022	88	17	0.84327901	5.65926895
1000	1022	88	18	5.29174356	26.45953791
1000	1022	88	19	4.28885956	22.57801444
1000	1022	89	0	0.00054575	1.88623962
1000	1022	89	1	5.58931414	141.33062130
1000	1022	89	2	0.00317710	0.02893801
1000	1022	89	3	2.74497280	34.64966438
1000	1022	89	4	0.00970159	0.06134635
1000	1022	89	5	4.90946932	32.75824581
1000	1022	89	6	0.00822916	0.27794952
1000	1022	89	7	2.94453459	27.50864890
1000	1022	89	8	9.00727118	82.48267550
1000	1022	89	9	10.20636261	40.43984897
1000	1022	89	10	1.92316178	6.20833495
1000	1022	89	11	5.65681733	27.83146536
1000	1022	89	12	0.01038487	0.26767666
1000	1022	89	13	0.00942989	1.42164357
1000	1022	89	14	9.04535699	37.41395860
1000	1022	89	15	1.04251435	2.73475726
1000	1022	89	16	1.21484423	6.16721666
1000	1022	89	17	0.88504572	6.09398465
1000	1022	89	18	5.53834802	28.25199974
1000	1022	89	19	3.98308705	21.29783118
1000	1022	90	0	0.00051574	1.76245921
1000	1022	90	1	5.37103330	139.82442246
1000	1022	90	2	0.00319916	0.02838042
1000	1022	90	3	2.74500099	34.71849623
1000	1022	90	4	0.00965140	0.06053643
1000	1022	90	5	5.04630773	34.43167203
1000	1022	90	6	0.00818422	0.26224797
1000	1022	90	7	2.94455286	27.51154795
1000	1022	90	8	9.00767748	82.51304279
1000	1022	90	9	10.20626554	40.43964300
1000	1022	90	10	2.00158693	6.54479755
1000	1022	90	11	5.65732478	27.83643746
1000	1022	90	12	0.01033017	0.25408451
1000	1022	90	13	0.00831720	1.29677903
1000	1022	90	14	8.88856349	36.98049870
1000	1022	90	15	1.16738166	3.08016811
1000	1022	90	16	1.13339842	5.85959753
1000	1022	90	17	0.92515734	6.53908334
1000	1022	90	18	5.77500799	30.05401241
1000	1022	90	19	3.68766641	20.02764256
1000	1022	91	0	0.00049057	1.64680743
1000	1022	91	1	5.14420683	138.17556159
1000	1022	91	2	0.00322759	0.02791685
1000	1022	91	3	2.74502459	34.78204009
1000	1022	91	4	0.00960543	0.05981510
1000	1022	91	5	5.17294763	36.07662623
1000	1022	91	6	0.00814308	0.24785334
1000	1022	91	7	2.94456960	27.51415524
1000	1022	91	8	9.00803904	82.54051140
1000	1022	91	9	10.20615286	40.43939195
1000	1022	91	10	2.07609804	6.87369366
1000	1022	91	11	5.65778824	27.84090730
1000	1022	91	12	0.01028007	0.24165517
1000	1022	91	13	0.00734000	1.18259702
1000	1022	91	14	8.71683643	36.50006225
1000	1022	91	15	1.30386489	3.46239928
1000	1022	91	16	1.05294962	5.54647266
1000	1022	91	17	0.96338107	6.99216035
1000	1022	91	18	6.00056929	31.85436835
1000	1022	91	19	3.40396550	18.77533520
1000	1022	92	0	0.00046964	1.53875334
1000	1022	92	1	4.91025192	136.38265541
1000	1022	92	2	0.00326278	0.02754154
1000	1022	92	3	2.74504417	34.84069979
1000	1022	92	4	0.00956330	0.05917140
1000	1022	92	5	5.28953869	37.68572255
1000	1022	92	6	0.00810541	0.23465692
1000	1022	92	7	2.94458495	27.51650047
1000	1022	92	8	9.00836100	82.56535205
1000	1022	92	9	10.20602299	40.43909158
1000	1022	92	10	2.14644371	7.19304303
1000	1022	92	11	5.65821188	27.84493290
1000	1022	92	12	0.01023417	0.23028909
1000	1022	92	13	0.00648191	1.07822393
1000	1022	92	14	8.52969475	35.96961720
1000	1022	92	15	1.45227528	3.88368102
1000	1022	92	16	0.97414433	5.23019823
1000	1022	92	17	0.99953640	7.45075180
1000	1022	92	18	6.21415019	33.64218798
1000	1022	92	19	3.13307865	17.54821828
1000	1022	93	0	0.00045242	1.43780039
1000	1022	93	1	4.67075886	134.44580730
1000	1022	93	2	0.00330521	0.02724985
1000	1022	93	3	2.74506018	34.89484853
1000	1022	93	4	0.00952466	0.05859585
1000	1022	93	5	5.39635874	39.25245437
1000	1022	93	6	0.00807089	0.22255901
1000	1022	93	7	2.94459903	27.51861026
1000	1022	93	8	9.00864794	82.58781116
1000	1022	93	9	10.20587421	40.43873715
1000	1022	93	10	2.21246032	7.50112016
1000	1022	93	11	5.65859943	27.84856464
1000	1022	93	12	0.01019208	0.21989522
1000	1022	93	13	0.00572856	0.98285227
1000	1022	93	14	8.32685232	35.38641859
1000	1022	93	15	1.61276264	4.34598630
1000	1022	93	16	0.89757397	4.91319526
1000	1022	93	17	1.03349544	7.91239120
1000	1022	93	18	6.41513635	35.40714883
1000	1022	93	19	2.87582938	16.35289243
1000	1022	94	0	0.00043852	1.34348425
1000	1022	94	1	4.42744731	132.36670570
1000	1022	94	2	0.00335545	0.02703824
1000	1022	94	3	2.74507300	34.94483115
1000	1022	94	4	0.00948921	0.05808029
1000	1022	94	5	5.49378795	40.77123569
1000	1022	94	6	0.00803923	0.21146817
1000	1022	94	7	2.94461196	27.52050853
1000	1022	94	8	9.00890384	82.60811290
1000	1022	94	9	10.20570462	40.43832340
1000	1022	94	10	2.27406579	7.79647689
1000	1022	94	11	5.65895422	27.85184642
1000	1022	94	12	0.01015348	0.21039029
1000	1022	94	13	0.00506729	0.89573647
1000	1022	94	14	8.10825612	34.74813076
1000	1022	94	15	1.78528722	4.85093498
1000	1022	94	16	0.82375930	4.59787853
1000	1022	94	17	1.06518074	8.37466219
1000	1022	94	18	6.60316627	37.13967925
1000	1022	94	19	2.63278192	15.19515374
1000	1022	95	0	0.00042762	1.25537080
1000	1022	95	1	4.18211609	130.14867399
1000	1022	95	2	0.00341412	0.02690419
1000	1022	95	3	2.74508290	34.99096621
1000	1022	95	4	0.00945667	0.05761762
1000	1022	95	5	5.58228419	42.23741249
1000	1022	95	6	0.00801019	0.20130056
1000	1022	95	7	2.94462383	27.52221673
1000	1022	95	8	9.00913225	82.62646102
1000	1022	95	9	10.20551210	40.43784448
1000	1022	95	10	2.33125125	8.07795311
1000	1022	95	11	5.65927922	27.85481654
1000	1022	95	12	0.01011805	0.20169815
1000	1022	95	13	0.00448702	0.81618872
1000	1022	95	14	7.87412025	34.05295680
1000	1022	95	15	1.96959569	5.39969425
1000	1022	95	16	0.75313941	4.28658746
1000	1022	95	17	1.09456141	8.83524545
1000	1022	95	18	6.77810935	38.83111192
1000	1022	95	19	2.40425952	14.07993283
1000	1022	96	0	0.00041947	1.17305419
1000	1022	96	1	3.93658988	127.79666749
1000	1022	96	2	0.00348194	0.02684610
1000	1022	96	3	2.74509011	35.03354797
1000	1022	96	4	0.00942679	0.05720168
1000	1022	96	5	5.66236040	43.64724837
1000	1022	96	6	0.00798354	0.19197932
1000	1022	96	7	2.94463473	27.52375413
1000	1022	96	8	9.00933628	82.64304065
1000	1022	96	9	10.20529439	40.43729392
1000	1022	96	10	2.38407147	8.34467632
1000	1022	96	11	5.65957712	27.85750852
1000	1022	96	12	0.01008552	0.19374918
1000	1022	96	13	0.00397800	0.74357513
1000	1022	96	14	7.62495272	33.29976911
1000	1022	96	15	2.16520361	5.99288047
1000	1022	96	16	0.68606526	3.98152303
1000	1022	96	17	1.12164779	9.29195820
1000	1022	96	18	6.94003899	40.47379520
1000	1022	96	19	2.19036776	13.01126744
1000	1022	97	0	0.00041390	1.09615511
1000	1022	97	1	3.69266614	125.31721741
1000	1022	97	2	0.00355968	0.02686333
1000	1022	97	3	2.74509477	35.07284817
1000	1022	97	4	0.00939934	0.05682714
1000	1022	97	5	5.73456443	44.99788897
1000	1022	97	6	0.00795907	0.18343395
1000	1022	97	7	2.94464475	27.52513804
1000	1022	97	8	9.00951867	82.65801989
1000	1022	97	9	10.20504896	40.43666460
1000	1022	97	10	2.43263467	8.59605179
1000	1022	97	11	5.65985032	27.85995172
1000	1022	97	12	0.01005564	0.18647970
1000	1022	97	13	0.00353169	0.67731190
1000	1022	97	14	7.36157223	32.48823379
1000	1022	97	15	2.37138641	6.63046844
1000	1022	97	16	0.62279787	3.68469386
1000	1022	97	17	1.14648536	9.74278556
1000	1022	97	18	7.08920286	42.06116277
1000	1022	97	19	1.99102077	11.99230491
1000	1022	98	0	0.00041079	1.02431904
1000	1022	98	1	3.45206539	122.71832454
1000	1022	98	2	0.00364825	0.02695607
1000	1022	98	3	2.74509699	35.10911770
1000	1022	98	4	0.00937412	0.05648932
1000	1022	98	5	5.79946189	46.28730975
1000	1022	98	6	0.00793659	0.17559985
1000	1022	98	7	2.94465396	27.52638397
1000	1022	98	8	9.00968186	82.67155128
1000	1022	98	9	10.20477305	40.43594868
1000	1022	98	10	2.47709235	8.83174503
1000	1022	98	11	5.66010099	27.86217197
1000	1022	98	12	0.01002819	0.17983151
1000	1022	98	13	0.00314059	0.61686186
1000	1022	98	14	7.08511240	31.61892026
1000	1022	98	15	2.58718056	7.31171480
1000	1022	98	16	0.56351041	3.39787372
1000	1022	98	17	1.16914829	10.18590361
1000	1022	98	18	7.22599220	43.58776438
1000	1022	98	19	1.80596890	11.02533042
1000	1022	99	0	0.00041006	0.95721473
1000	1022	99	1	3.21638761	120.00930851
1000	1022	99	2	0.00374863	0.02712542
1000	1022	99	3	2.74509680	35.14258820
1000	1022	99	4	0.00935093	0.05618417
1000	1022	99	5	5.85762168	47.51425178
1000	1022	99	6	0.00791593	0.16841776
1000	1022	99	7	2.94466243	27.52750588
1000	1022	99	8	9.00982798	82.68377318
1000	1022	99	9	10.20446367	40.43513755
1000	1022	99	10	2.51762940	9.05165848
1000	1022	99	11	5.66033110	27.86419202
1000	1022	99	12	0.01000296	0.17375137
1000	1022	99	13	0.00279813	0.56173108
1000	1022	99	14	6.79701156	30.69338725
1000	1022	99	15	2.81139603	8.03510215
1000	1022	99	16	0.50829368	3.12257166
1000	1022	99	17	1.18973314	10.61969428
1000	1022	99	18	7.35091185	45.04926182
1000	1022	99	19	1.63482647	10.11181585
1000	1022	100	0	0.00041171	0.89453268
1000	1022	100	1	2.98707666	117.20062103
1000	1022	100	2	0.00386190	0.02737329
1000	1022	100	3	2.74509422	35.17347345
1000	1022	100	4	0.00932962	0.05590812
1000	1022	100	5	5.90960452	48.67814940
1000	1022	100	6	0.00789694	0.16183338
1000	1022	100	7	2.94467021	27.52851629
1000	1022	100	8	9.00995892	82.69481104
1000	1022	100	9	10.20411750	40.43422175
1000	1022	100	10	2.55445512	9.25590446
1000	1022	100	11	5.66054242	27.86603196
1000	1022	100	12	0.00997976	0.16819063
1000	1022	100	13	0.00249856	0.51146572
1000	1022	100	14	6.49898777	29.71423697
1000	1022	100	15	3.04264012	8.79830986
1000	1022	100	16	0.45716408	2.86001502
1000	1022	100	17	1.20835278	11.04275286
1000	1022	100	18	7.46455193	46.44239543
1000	1022	100	19	1.47709842	9.25248431
1000	1022	101	0	0.00041576	0.83598380
1000	1022	101	1	2.76539391	114.30363292
1000	1022	101	2	0.00398928	0.02770244
1000	1022	101	3	2.74508919	35.20197072
1000	1022	101	4	0.00931001	0.05565805
1000	1022	101	5	5.95595391	49.77905352
1000	1022	101	6	0.00787949	0.15579691
1000	1022	101	7	2.94467738	27.52942644
1000	1022	101	8	9.01007636	82.70477856
1000	1022	101	9	10.20373091	40.43319092
1000	1022	101	10	2.58779508	9.44477587
1000	1022	101	11	5.66073654	27.86770957
1000	1022	101	12	0.00995843	0.16310480
1000	1022	101	13	0.00223686	0.46564908
1000	1022	101	14	6.19299932	28.68513037
1000	1022	101	15	3.27935166	9.59821614
1000	1022	101	16	0.41007323	2.61114455
1000	1022	101	17	1.22513108	11.45388895
1000	1022	101	18	7.56756222	47.76492679
1000	1022	101	19	1.33220538	8.44738553
1000	1022	102	0	0.00042229	0.78129804
1000	1022	102	1	2.55240152	111.33040555
1000	1022	102	2	0.00413208	0.02811649
1000	1022	102	3	2.74508161	35.22826199
1000	1022	102	4	0.00929198	0.05543122
1000	1022	102	5	5.99718949	50.81755355
1000	1022	102	6	0.00786344	0.15026270
1000	1022	102	7	2.94468397	27.53024642
1000	1022	102	8	9.01018177	82.71377871
1000	1022	102	9	10.20329995	40.43203368
1000	1022	102	10	2.61788409	9.61871631
1000	1022	102	11	5.66091494	27.86924063
1000	1022	102	12	0.00993882	0.15845319
1000	1022	102	13	0.00200864	0.42389878
1000	1022	102	14	5.88119281	27.61075920
1000	1022	102	15	3.51984398	10.43093380
1000	1022	102	16	0.36691840	2.37662037
1000	1022	102	17	1.24019812	11.85212191
1000	1022	102	18	7.66062954	49.01556328
1000	1022	102	19	1.19950628	7.69597758
1000	1022	103	0	0.00043143	0.73022328
1000	1022	103	1	2.34895482	108.29345686
1000	1022	103	2	0.00429180	0.02861991
1000	1022	103	3	2.74507132	35.25251509
1000	1022	103	4	0.00927539	0.05522523
1000	1022	103	5	6.03380238	51.79470031
1000	1022	103	6	0.00784867	0.14518893
1000	1022	103	7	2.94469003	27.53098530
1000	1022	103	8	9.01027646	82.72190475
1000	1022	103	9	10.20282022	40.43073754
1000	1022	103	10	2.64496023	9.77829081
1000	1022	103	11	5.66107892	27.87063916
1000	1022	103	12	0.00992077	0.15419863
1000	1022	103	13	0.00181007	0.38586416
1000	1022	103	14	5.56584191	26.49677320
1000	1022	103	15	3.76235376	11.29187982
1000	1022	103	16	0.32755314	2.15683692
1000	1022	103	17	1.25368630	12.23667202
1000	1022	103	18	7.74445834	50.19387003
1000	1022	103	19	1.07831854	6.99721115
1000	1022	104	0	0.00044337	0.68252410
1000	1022	104	1	2.15570309	105.20553167
1000	1022	104	2	0.00447003	0.02921807
1000	1022	104	3	2.74505812	35.27488473
1000	1022	104	4	0.00926012	0.05503794
1000	1022	104	5	6.06625219	52.71193192
1000	1022	104	6	0.00783509	0.14053722
1000	1022	104	7	2.94469561	27.53165124
1000	1022	104	8	9.01036160	82.72924110
1000	1022	104	9	10.20228693	40.42928881
1000	1022	104	10	2.66925999	9.92415811
1000	1022	104	11	5.66122969	27.87191767
1000	1022	104	12	0.00990416	0.15030713
1000	1022	104	13	0.00163784	0.35122388
1000	1022	104	14	5.24928036	25.34966436
1000	1022	104	15	4.00509294	12.17587610
1000	1022	104	16	0.29179756	1.95194482
1000	1022	104	17	1.26572711	12.60694823
1000	1022	104	18	7.81975471	51.30017418
1000	1022	104	19	0.96793553	6.34961315
1000	1022	105	0	0.00045835	0.63798082
1000	1022	105	1	1.97309722	102.07938424
1000	1022	105	2	0.00466859	0.02991727
1000	1022	105	3	2.74504174	35.29551347
1000	1022	105	4	0.00924607	0.05486748
1000	1022	105	5	6.09496542	53.57100407
1000	1022	105	6	0.00782259	0.13627244
1000	1022	105	7	2.94470075	27.53225155
1000	1022	105	8	9.01043820	82.73586414
1000	1022	105	9	10.20169480	40.42767244
1000	1022	105	10	2.69101439	10.05704503
1000	1022	105	11	5.66136834	27.87308732
1000	1022	105	12	0.00988888	0.14674759
1000	1022	105	13	0.00148906	0.31968363
1000	1022	105	14	4.93383377	24.17661370
1000	1022	105	15	4.24630023	13.07727643
1000	1022	105	16	0.25944779	1.76187760
1000	1022	105	17	1.27644863	12.96253366
1000	1022	105	18	7.88721334	52.33546564
1000	1022	105	19	0.86764141	5.75136722
1000	1022	106	0	0.00047667	0.59638846
1000	1022	106	1	1.80140306	98.92757937
1000	1022	106	2	0.00488944	0.03072479
1000	1022	106	3	2.74502185	35.31453259
1000	1022	106	4	0.00923314	0.05471217
1000	1022	106	5	6.12033496	54.37392549
1000	1022	106	6	0.00781109	0.13236234
1000	1022	106	7	2.94470547	27.53279280
1000	1022	106	8	9.01050717	82.74184296
1000	1022	106	9	10.20103798	40.42587188
1000	1022	106	10	2.71044602	10.17772370
1000	1022	106	11	5.66149587	27.87415810
1000	1022	106	12	0.00987481	0.14349162
1000	1022	106	13	0.00136126	0.29097403
1000	1022	106	14	4.62175424	22.98530854
1000	1022	106	15	4.48428926	13.99011253
1000	1022	106	16	0.23028449	1.58638136
1000	1022	106	17	1.28597367	13.30316959
1000	1022	106	18	7.94750746	53.30129813
1000	1022	106	19	0.77672341	5.20038919
1000	1022	107	0	0.00049871	0.55755586
1000	1022	107	1	1.64071859	95.76231691
1000	1022	107	2	0.00513478	0.03164894
1000	1022	107	3	2.74499803	35.33206289
1000	1022	107	4	0.00922124	0.05457055
1000	1022	107	5	6.14272041	55.12289937
1000	1022	107	6	0.00780051	0.12877739
1000	1022	107	7	2.94470983	27.53328090
1000	1022	107	8	9.01056933	82.74724007
1000	1022	107	9	10.20031007	40.42386895
1000	1022	107	10	2.72776682	10.28699147
1000	1022	107	11	5.66161319	27.87513896
1000	1022	107	12	0.00986187	0.14051324
1000	1022	107	13	0.00125233	0.26484866
1000	1022	107	14	4.31516146	21.78374072
1000	1022	107	15	4.71749080	14.90825111
1000	1022	107	16	0.20408011	1.42504551
1000	1022	107	17	1.29441846	13.62873882
1000	1022	107	18	8.00128126	54.19969310
1000	1022	107	19	0.69448178	4.69439617
1000	1022	108	0	0.00052495	0.52130486
1000	1022	108	1	1.49099372	92.59528219
1000	1022	108	2	0.00540701	0.03269916
1000	1022	108	3	2.74496978	35.34821543
1000	1022	108	4	0.00921029	0.05444129
1000	1022	108	5	6.16244912	55.82027086
1000	1022	108	6	0.00779077	0.12549052
1000	1022	108	7	2.94471383	27.53372115
1000	1022	108	8	9.01062539	82.75211195
1000	1022	108	9	10.19950396	40.42164362
1000	1022	108	10	2.74317667	10.38565386
1000	1022	108	11	5.66172111	27.87603794
1000	1022	108	12	0.00984996	0.13778870
1000	1022	108	13	0.00116048	0.24108226
1000	1022	108	14	4.01599321	20.57999701
1000	1022	108	15	4.94448709	15.82555304
1000	1022	108	16	0.18060500	1.27733329
1000	1022	108	17	1.30189180	13.93924881
1000	1022	108	18	8.04914460	55.03304887
1000	1022	108	19	0.62023762	4.23096863
1000	1022	109	0	0.00055594	0.48746947
1000	1022	109	1	1.35205140	89.43752378
1000	1022	109	2	0.00570880	0.03388608
1000	1022	109	3	2.74493648	35.36309219
1000	1022	109	4	0.00920021	0.05432323
1000	1022	109	5	6.17981759	56.46848080
1000	1022	109	6	0.00778181	0.12247689
1000	1022	109	7	2.94471752	27.53411833
1000	1022	109	8	9.01067598	82.75650966
1000	1022	109	9	10.19861183	40.41917384
1000	1022	109	10	2.75686239	10.47451039
1000	1022	109	11	5.66182040	27.87686230
1000	1022	109	12	0.00983900	0.13529630
1000	1022	109	13	0.00108422	0.21946910
1000	1022	109	14	3.72596717	19.38205321
1000	1022	109	15	5.16403731	16.73602635
1000	1022	109	16	0.15963233	1.14261077
1000	1022	109	17	1.30849457	14.23481528
1000	1022	109	18	8.09166950	55.80405643
1000	1022	109	19	0.55333884	3.80760494
1000	1022	110	0	0.00059237	0.45589524
1000	1022	110	1	1.22360877	86.29935851
1000	1022	110	2	0.00604311	0.03522160
1000	1022	110	3	2.74489741	35.37678666
1000	1022	110	4	0.00919094	0.05421532
1000	1022	110	5	6.19509322	57.07002539
1000	1022	110	6	0.00777356	0.11971377
1000	1022	110	7	2.94472091	27.53447672
1000	1022	110	8	9.01072168	82.76047934
1000	1022	110	9	10.19762504	40.41643527
1000	1022	110	10	2.76899736	10.55434308
1000	1022	110	11	5.66191175	27.87761853
1000	1022	110	12	0.00982891	0.13301619
1000	1022	110	13	0.00102235	0.19982134
1000	1022	110	14	3.44655476	18.19758214
1000	1022	110	15	5.37509383	17.63396561
1000	1022	110	16	0.14094191	1.02017371
1000	1022	110	17	1.31431959	14.51564649
1000	1022	110	18	8.12938824	56.51562292
1000	1022	110	19	0.49316447	3.42176842
1000	1022	111	0	0.00063506	0.42643856
1000	1022	111	1	1.10529783	83.19030241
1000	1022	111	2	0.00641319	0.03671907
1000	1022	111	3	2.74485167	35.38938436
1000	1022	111	4	0.00918240	0.05411663
1000	1022	111	5	6.20851627	57.62742167
1000	1022	111	6	0.00776598	0.11718030
1000	1022	111	7	2.94472403	27.53480018
1000	1022	111	8	9.01076297	82.76406268
1000	1022	111	9	10.19653403	40.41340110
1000	1022	111	10	2.77974140	10.62590745
1000	1022	111	11	5.66199577	27.87831255
1000	1022	111	12	0.00981963	0.13093023
1000	1022	111	13	0.00097392	0.18196773
1000	1022	111	14	3.17896696	17.03378409
1000	1022	111	15	5.57680948	18.51407211
1000	1022	111	16	0.12432307	0.90927153
1000	1022	111	17	1.31945168	14.78202850
1000	1022	111	18	8.16279268	57.17080326
1000	1022	111	19	0.43912757	3.07092710
1000	1022	112	0	0.00068497	0.39896612
1000	1022	112	1	0.99668467	80.11902572
1000	1022	112	2	0.00682265	0.03839336
1000	1022	112	3	2.74479823	35.40096337
1000	1022	112	4	0.00917456	0.05402631
1000	1022	112	5	6.22030189	58.14317828
1000	1022	112	6	0.00775900	0.11485737
1000	1022	112	7	2.94472689	27.53509217
1000	1022	112	8	9.01080032	82.76729732
1000	1022	112	9	10.19532822	40.41004170
1000	1022	112	10	2.78924101	10.68992575
1000	1022	112	11	5.66207305	27.87894965
1000	1022	112	12	0.00981110	0.12902185
1000	1022	112	13	0.00093824	0.16575222
1000	1022	112	14	2.92415117	15.89724619
1000	1022	112	15	5.76853695	19.37155065
1000	1022	112	16	0.10957660	0.80912825
1000	1022	112	17	1.32396784	15.03431150
1000	1022	112	18	8.19233456	57.77274026
1000	1022	112	19	0.39067704	2.75258662
1000	1022	113	0	0.00074329	0.37335437
1000	1022	113	1	0.89728715	77.09332952
1000	1022	113	2	0.00727548	0.04026103
1000	1022	113	3	2.74473582	35.41159463
1000	1022	113	4	0.00916735	0.05394362
1000	1022	113	5	6.23064214	58.61977118
1000	1022	113	6	0.00775258	0.11272746
1000	1022	113	7	2.94472953	27.53535581
1000	1022	113	8	9.01083411	82.77021728
1000	1022	113	9	10.19399594	40.40632436
1000	1022	113	10	2.79762978	10.74708215
1000	1022	113	11	5.66214411	27.87953465
1000	1022	113	12	0.00980325	0.12727587
1000	1022	113	13	0.00091487	0.15103281
1000	1022	113	14	2.68279765	14.79383408
1000	1022	113	15	5.94982139	20.20218103
1000	1022	113	16	0.09651613	0.71896027
1000	1022	113	17	1.32793770	15.27289744
1000	1022	113	18	8.21842651	58.32461278
1000	1022	113	19	0.34729843	2.46431676
1000	1022	114	0	0.00081143	0.34948906
1000	1022	114	1	0.80659050	74.12014107
1000	1022	114	2	0.00777610	0.04234050
1000	1022	114	3	2.74466292	35.42134239
1000	1022	114	4	0.00916072	0.05386789
1000	1022	114	5	6.23970803	59.05962381
1000	1022	114	6	0.00774669	0.11077451
1000	1022	114	7	2.94473195	27.53559389
1000	1022	114	8	9.01086471	82.77285324
1000	1022	114	9	10.19252426	40.40221296
1000	1022	114	10	2.80502897	10.79801952
1000	1022	114	11	5.66220941	27.88007190
1000	1022	114	12	0.00979604	0.12567844
1000	1022	114	13	0.00090361	0.13768048
1000	1022	114	14	2.45535374	13.72861762
1000	1022	114	15	6.12038764	21.00236395
1000	1022	114	16	0.08496874	0.63799104
1000	1022	114	17	1.33142385	15.49822883
1000	1022	114	18	8.24144365	58.82959195
1000	1022	114	19	0.30851395	2.20377230
1000	1022	115	0	0.00089106	0.32726491
1000	1022	115	1	0.72406099	71.20552510
1000	1022	115	2	0.00832938	0.04465220
1000	1022	115	3	2.74457772	35.43026438
1000	1022	115	4	0.00915464	0.05379851
1000	1022	115	5	6.24765145	59.46509121
1000	1022	115	6	0.00774128	0.10898382
1000	1022	115	7	2.94473417	27.53580893
1000	1022	115	8	9.01089242	82.77523291
1000	1022	115	9	10.19089890	40.39766756
1000	1022	115	10	2.81154823	10.84333774
1000	1022	115	11	5.66226940	27.88056536
1000	1022	115	12	0.00978943	0.12421690
1000	1022	115	13	0.00090452	0.12557821
1000	1022	115	14	2.24204394	12.70582958
1000	1022	115	15	6.28012370	21.76914243
1000	1022	115	16	0.07477528	0.56546281
1000	1022	115	17	1.33448239	15.71077888
1000	1022	115	18	8.26172555	59.29080462
1000	1022	115	19	0.27388194	1.96870867
1000	1022	116	0	0.00098420	0.30658523
1000	1022	116	1	0.64915744	68.35470809
1000	1022	116	2	0.00894074	0.04721885
1000	1022	116	3	2.74447807	35.43841209
1000	1022	116	4	0.00914906	0.05373494
1000	1022	116	5	6.25460705	59.83844771
1000	1022	116	6	0.00773631	0.10734188
1000	1022	116	7	2.94473621	27.53600319
1000	1022	116	8	9.01091754	82.77738131
1000	1022	116	9	10.18910405	40.39264401
1000	1022	116	10	2.81728634	10.88359299
1000	1022	116	11	5.66232446	27.88101860
1000	1022	116	12	0.00978336	0.12287965
1000	1022	116	13	0.00091795	0.11462008
1000	1022	116	14	2.04289388	11.72885483
1000	1022	116	15	6.42906161	22.50020124
1000	1022	116	16	0.06579019	0.50064572
1000	1022	116	17	1.33716340	15.91104271
1000	1022	116	18	8.27957839	59.71130367
1000	1022	116	19	0.24299586	1.75699331
1000	1022	117	0	0.00109328	0.28736173
1000	1022	117	1	0.58134089	65.57211299
1000	1022	117	2	0.00961615	0.05006561
1000	1022	117	3	2.74436135	35.44583087
1000	1022	117	4	0.00914395	0.05367668
1000	1022	117	5	6.26069392	60.18187755
1000	1022	117	6	0.00773176	0.10583635
1000	1022	117	7	2.94473807	27.53617872
1000	1022	117	8	9.01094030	82.77932100
1000	1022	117	9	10.18712223	40.38709349
1000	1022	117	10	2.82233196	10.91929808
1000	1022	117	11	5.66237495	27.88143486
1000	1022	117	12	0.00977780	0.12165612
1000	1022	117	13	0.00094452	0.10471054
1000	1022	117	14	1.85775669	10.80024633
1000	1022	117	15	6.56735717	23.19384737
1000	1022	117	16	0.05788113	0.44284454
1000	1022	117	17	1.33951148	16.09952977
1000	1022	117	18	8.29527732	60.09404445
1000	1022	117	19	0.21548288	1.56661311
1000	1022	118	0	0.00122119	0.26951437
1000	1022	118	1	0.52008238	62.86140170
1000	1022	118	2	0.01036223	0.05322037
1000	1022	118	3	2.74422444	35.45255994
1000	1022	118	4	0.00913928	0.05362330
1000	1022	118	5	6.26601722	60.49746834
1000	1022	118	6	0.00772760	0.10445589
1000	1022	118	7	2.94473977	27.53633735
1000	1022	118	8	9.01096094	82.78107235
1000	1022	118	9	10.18493411	40.38096204
1000	1022	118	10	2.82676449	10.95092344
1000	1022	118	11	5.66242119	27.88181708
1000	1022	118	12	0.00977271	0.12053663
1000	1022	118	13	0.00098520	0.09576366
1000	1022	118	14	1.68634004	9.92176336
1000	1022	118	15	6.69526934	23.84897514
1000	1022	118	16	0.05092840	0.39140332
1000	1022	118	17	1.34156617	16.27675734
1000	1022	118	18	8.30906878	60.44186656
1000	1022	118	19	0.19100228	1.39567869
1000	1022	119	0	0.00137142	0.25297127
1000	1022	119	1	0.46486906	60.22552334
1000	1022	119	2	0.01118630	0.05671407
1000	1022	119	3	2.74406360	35.45863239
1000	1022	119	4	0.00913503	0.05357439
1000	1022	119	5	6.27066966	60.78720660
1000	1022	119	6	0.00772380	0.10319012
1000	1022	119	7	2.94474133	27.53648071
1000	1022	119	8	9.01097964	82.78265373
1000	1022	119	9	10.18251832	40.37418998
1000	1022	119	10	2.83065478	10.97889866
1000	1022	119	11	5.66246347	27.88216791
1000	1022	119	12	0.00976808	0.11951233
1000	1022	119	13	0.00104131	0.08770263
1000	1022	119	14	1.52823293	9.09442718
1000	1022	119	15	6.81314024	24.46501968
1000	1022	119	16	0.04482427	0.34570836
1000	1022	119	17	1.34336250	16.44324489
1000	1022	119	18	8.32117292	60.75748056
1000	1022	119	19	0.16924370	1.24242597
1000	1022	120	0	0.00154817	0.23766881
1000	1022	120	1	0.41520897	57.66676611
1000	1022	120	2	0.01209645	0.06058095
1000	1022	120	3	2.74387430	35.46407500
1000	1022	120	4	0.00913115	0.05352961
1000	1022	120	5	6.27473282	61.05297533
1000	1022	120	6	0.00772034	0.10202953
1000	1022	120	7	2.94474273	27.53661029
1000	1022	120	8	9.01099660	82.78408172
1000	1022	120	9	10.17985125	40.36671132
1000	1022	120	10	2.83406592	11.00361438
1000	1022	120	11	5.66250203	27.88248978
1000	1022	120	12	0.00976386	0.11857514
1000	1022	120	13	0.00111460	0.08045918
1000	1022	120	14	1.38293113	8.31858929
1000	1022	120	15	6.92137636	25.04190225
1000	1022	120	16	0.03947212	0.30518970
1000	1022	120	17	1.34493142	16.59950943
1000	1022	120	18	8.33178580	61.04345865
1000	1022	120	19	0.14992523	1.10521564
1000	1022	121	0	0.00175649	0.22355171
1000	1022	121	1	0.37063441	55.18681136
1000	1022	121	2	0.01310163	0.06485892
1000	1022	121	3	2.74365113	35.46890796
1000	1022	121	4	0.00912765	0.05348863
1000	1022	121	5	6.27827840	61.29655310
1000	1022	121	6	0.00771720	0.10096541
1000	1022	121	7	2.94474401	27.53672743
1000	1022	121	8	9.01101196	82.78537125
1000	1022	121	9	10.17690681	40.35845313
1000	1022	121	10	2.83705396	11.02542451
1000	1022	121	11	5.66253710	27.88278485
1000	1022	121	12	0.00976003	0.11771768
1000	1022	121	13	0.00120730	0.07397326
1000	1022	121	14	1.24986080	7.59400794
1000	1022	121	15	7.02043124	25.57997064
1000	1022	121	16	0.03478570	0.26932149
1000	1022	121	17	1.34630015	16.74606158
1000	1022	121	18	8.34108165	61.30222894
1000	1022	121	19	0.13279156	0.98253084
1000	1022	122	0	0.00200247	0.21057342
1000	1022	122	1	0.33070435	52.78678833
1000	1022	122	2	0.01421175	0.06958998
1000	1022	122	3	2.74338753	35.47314447
1000	1022	122	4	0.00912449	0.05345116
1000	1022	122	5	6.28136926	61.51961447
1000	1022	122	6	0.00771437	0.09998976
1000	1022	122	7	2.94474515	27.53683331
1000	1022	122	8	9.01102587	82.78653579
1000	1022	122	9	10.17365617	40.34933477
1000	1022	122	10	2.83966853	11.04464854
1000	1022	122	11	5.66256887	27.88305507
1000	1022	122	12	0.00975658	0.11693320
1000	1022	122	13	0.00132223	0.06819274
1000	1022	122	14	1.12839989	6.91992876
1000	1022	122	15	7.11078998	26.07993756
1000	1022	122	16	0.03068828	0.23762144
1000	1022	122	17	1.34749267	16.88340233
1000	1022	122	18	8.34921486	61.53607263
1000	1022	122	19	0.11761205	0.87297353
1000	1022	123	0	0.00229343	0.19869654
1000	1022	123	1	0.29500598	50.46732856
1000	1022	123	2	0.01543775	0.07482057
1000	1022	123	3	2.74307561	35.47679018
1000	1022	123	4	0.00912167	0.05341696
1000	1022	123	5	6.28406047	61.72373145
1000	1022	123	6	0.00771183	0.09909528
1000	1022	123	7	2.94474617	27.53692901
1000	1022	123	8	9.01103844	82.78758750
1000	1022	123	9	10.17006751	40.33926714
1000	1022	123	10	2.84195353	11.06157395
1000	1022	123	11	5.66259751	27.88330219
1000	1022	123	12	0.00975350	0.11621555
1000	1022	123	13	0.00146288	0.06307319
1000	1022	123	14	1.01789703	6.29516646
1000	1022	123	15	7.19295558	26.54281910
1000	1022	123	16	0.02711185	0.20964956
1000	1022	123	17	1.34852994	17.01202046
1000	1022	123	18	8.35632191	61.74712363
1000	1022	123	19	0.10417888	0.77525987
1000	1022	124	0	0.00263823	0.18789345
1000	1022	124	1	0.26315546	48.22861905
1000	1022	124	2	0.01679170	0.08060210
1000	1022	124	3	2.74270586	35.47984239
1000	1022	124	4	0.00911917	0.05338579
1000	1022	124	5	6.28640012	61.91037582
1000	1022	124	6	0.00770957	0.09827527
1000	1022	124	7	2.94474706	27.53701549
1000	1022	124	8	9.01104978	82.78853732
1000	1022	124	9	10.16610571	40.32815181
1000	1022	124	10	2.84394764	11.07645863
1000	1022	124	11	5.66262314	27.88352776
1000	1022	124	12	0.00975076	0.11555909
1000	1022	124	13	0.00163356	0.05857791
1000	1022	124	14	0.91768808	5.71818468
1000	1022	124	15	7.26743721	26.96987539
1000	1022	124	16	0.02399638	0.18500650
1000	1022	124	17	1.34943031	17.13239045
1000	1022	124	18	8.36252314	61.93737013
1000	1022	124	19	0.09230532	0.68821488
1000	1022	125	0	0.00304756	0.17814721
1000	1022	125	1	0.23479819	46.07045357
1000	1022	125	2	0.01828696	0.08699143
1000	1022	125	3	2.74226677	35.48228912
1000	1022	125	4	0.00911698	0.05335746
1000	1022	125	5	6.28843011	62.08092206
1000	1022	125	6	0.00770758	0.09752360
1000	1022	125	7	2.94474784	27.53709363
1000	1022	125	8	9.01105999	82.78939511
1000	1022	125	9	10.16173206	40.31588007
1000	1022	125	10	2.84568486	11.08953327
1000	1022	125	11	5.66264585	27.88373315
1000	1022	125	12	0.00974836	0.11495869
1000	1022	125	13	0.00183953	0.05467795
1000	1022	125	14	0.82711029	5.18717212
1000	1022	125	15	7.33474005	27.36255449
1000	1022	125	16	0.02128909	0.16333144
1000	1022	125	17	1.35020973	17.24497085
1000	1022	125	18	8.36792429	62.10865770
1000	1022	125	19	0.08182398	0.61076665
1000	1022	126	0	0.00353433	0.16945270
1000	1022	126	1	0.20960874	43.99228166
1000	1022	126	2	0.01993827	0.09405143
1000	1022	126	3	2.74174445	35.48410779
1000	1022	126	4	0.00911512	0.05333181
1000	1022	126	5	6.29018677	62.23665078
1000	1022	126	6	0.00770586	0.09683466
1000	1022	126	7	2.94474850	27.53716419
1000	1022	126	8	9.01106915	82.79016975
1000	1022	126	9	10.15690386	40.30233193
1000	1022	126	10	2.84719497	11.10100356
1000	1022	126	11	5.66266571	27.88391954
1000	1022	126	12	0.00974630	0.11440968
1000	1022	126	13	0.00208723	0.05135237
1000	1022	126	14	0.74551448	4.70011367
1000	1022	126	15	7.39535681	27.72244054
1000	1022	126	16	0.01894386	0.14429988
1000	1022	126	17	1.35088200	17.35020309
1000	1022	126	18	8.37261796	62.26269359
1000	1022	126	19	0.07258529	0.54194029
1000	1022	127	0	0.00411417	0.16181804
1000	1022	127	1	0.18729039	41.99325506
1000	1022	127	2	0.02176188	0.10185158
1000	1022	127	3	2.74112211	35.48526368
1000	1022	127	4	0.00911357	0.05330868
1000	1022	127	5	6.29170151	62.37875240
1000	1022	127	6	0.00770442	0.09620332
1000	1022	127	7	2.94474904	27.53722786
1000	1022	127	8	9.01107731	82.79086924
1000	1022	127	9	10.15157410	40.28737498
1000	1022	127	10	2.84850392	11.11105244
1000	1022	127	11	5.66268274	27.88408794
1000	1022	127	12	0.00974458	0.11390779
1000	1022	127	13	0.00238451	0.04858865
1000	1022	127	14	0.67227537	4.25485555
1000	1022	127	15	7.44976043	28.05120657
1000	1022	127	16	0.01692066	0.12762131
1000	1022	127	17	1.35145900	17.44851051
1000	1022	127	18	8.37668483	62.40105185
1000	1022	127	19	0.06445603	0.48085180
1000	1022	128	0	0.00480594	0.15526643
1000	1022	128	1	0.16757469	40.07227137
1000	1022	128	2	0.02377572	0.11046867
1000	1022	128	3	2.74037946	35.48570795
1000	1022	128	4	0.00911234	0.05328797
1000	1022	128	5	6.29300118	62.50833117
1000	1022	128	6	0.00770325	0.09562490
1000	1022	128	7	2.94474945	27.53728526
1000	1022	128	8	9.01108453	82.79150076
1000	1022	128	9	10.14569105	40.27086324
1000	1022	128	10	2.84963420	11.11984202
1000	1022	128	11	5.66269692	27.88423917
1000	1022	128	12	0.00974321	0.11344913
1000	1022	128	13	0.00274089	0.04638327
1000	1022	128	14	0.60680055	3.84916435
1000	1022	128	15	7.49839786	28.35057209
1000	1022	128	16	0.01518508	0.11303687
1000	1022	128	17	1.35195079	17.54029775
1000	1022	128	18	8.38019474	62.52517906
1000	1022	128	19	0.05731805	0.42670199
1000	1022	129	0	0.00563249	0.14983842
1000	1022	129	1	0.15022095	38.22801508
1000	1022	129	2	0.02599954	0.11998749
1000	1022	129	3	2.73949192	35.48537526
1000	1022	129	4	0.00911146	0.05326958
1000	1022	129	5	6.29410853	62.62640909
1000	1022	129	6	0.00770237	0.09509510
1000	1022	129	7	2.94474973	27.53733693
1000	1022	129	8	9.01109087	82.79207078
1000	1022	129	9	10.13919786	40.25263584
1000	1022	129	10	2.85060508	11.12751547
1000	1022	129	11	5.66270819	27.88437388
1000	1022	129	12	0.00974220	0.11303019
1000	1022	129	13	0.00316796	0.04474260
1000	1022	129	14	0.54853860	3.48078009
1000	1022	129	15	7.54168441	28.62226525
1000	1022	129	16	0.01370798	0.10031723
1000	1022	129	17	1.35236574	17.62595032
1000	1022	129	18	8.38320754	62.63640033
1000	1022	129	19	0.05106712	0.37877068
1000	1022	130	0	0.00662148	0.14559473
1000	1022	130	1	0.13501596	36.45899607
1000	1022	130	2	0.02845507	0.13050165
1000	1022	130	3	2.73842980	35.48418072
1000	1022	130	4	0.00911093	0.05325345
1000	1022	130	5	6.29504240	62.73392996
1000	1022	130	6	0.00770179	0.09461004
1000	1022	130	7	2.94474988	27.53738336
1000	1022	130	8	9.01109633	82.79258509
1000	1022	130	9	10.13203208	40.23251564
1000	1022	130	10	2.85143286	11.13419866
1000	1022	130	11	5.66271643	27.88449250
1000	1022	130	12	0.00974157	0.11264776
1000	1022	130	13	0.00367976	0.04368398
1000	1022	130	14	0.49698681	3.14746394
1000	1022	130	15	7.57999840	28.86798899
1000	1022	130	16	0.01246524	0.08926050
1000	1022	130	17	1.35271064	17.70583427
1000	1022	130	18	8.38577377	62.73592535
1000	1022	130	19	0.04561200	0.33641106
1000	1022	131	0	0.00780634	0.14261975
1000	1022	131	1	0.12177401	34.76358577
1000	1022	131	2	0.03116621	0.14211440
1000	1022	131	3	2.73715718	35.48201632
1000	1022	131	4	0.00911079	0.05323956
1000	1022	131	5	6.29581787	62.83176319
1000	1022	131	6	0.00770152	0.09416615
1000	1022	131	7	2.94474987	27.53742497
1000	1022	131	8	9.01110094	82.79304889
1000	1022	131	9	10.12412526	40.21030777
1000	1022	131	10	2.85213101	11.14000157
1000	1022	131	11	5.66272147	27.88459527
1000	1022	131	12	0.00974135	0.11229896
1000	1022	131	13	0.00429337	0.04323718
1000	1022	131	14	0.45169937	2.84704156
1000	1022	131	15	7.61367546	29.08939049
1000	1022	131	16	0.01143775	0.07969054
1000	1022	131	17	1.35299065	17.78029601
1000	1022	131	18	8.38793501	62.82485439
1000	1022	131	19	0.04087373	0.29904466
1000	1022	132	0	0.00922754	0.14102571
1000	1022	132	1	0.11033755	33.14005170
1000	1022	132	2	0.03415921	0.15493957
1000	1022	132	3	2.73563063	35.47874646
1000	1022	132	4	0.00911107	0.05322791
1000	1022	132	5	6.29644626	62.92070736
1000	1022	132	6	0.00770161	0.09376023
1000	1022	132	7	2.94474969	27.53746212
1000	1022	132	8	9.01110470	82.79346683
1000	1022	132	9	10.11540247	40.18579810
1000	1022	132	10	2.85271017	11.14501954
1000	1022	132	11	5.66272305	27.88468221
1000	1022	132	12	0.00974158	0.11198118
1000	1022	132	13	0.00502945	0.04344618
1000	1022	132	14	0.41229668	2.57744367
1000	1022	132	15	7.64300196	29.28803269
1000	1022	132	16	0.01061146	0.07145557
1000	1022	132	17	1.35320926	17.84966209
1000	1022	132	18	8.38972401	62.90418377
1000	1022	132	19	0.03678513	0.26615670
1000	1022	133	0	0.01093401	0.14095794
1000	1022	133	1	0.10057866	31.58659081
1000	1022	133	2	0.03746284	0.16910254
1000	1022	133	3	2.73379768	35.47420260
1000	1022	133	4	0.00911183	0.05321855
1000	1022	133	5	6.29693492	63.00149353
1000	1022	133	6	0.00770209	0.09338934
1000	1022	133	7	2.94474933	27.53749513
1000	1022	133	8	9.01110759	82.79384304
1000	1022	133	9	10.10578189	40.15875161
1000	1022	133	10	2.85317809	11.14933420
1000	1022	133	11	5.66272084	27.88475307
1000	1022	133	12	0.00974230	0.11169209
1000	1022	133	13	0.00591311	0.04437152
1000	1022	133	14	0.37847721	2.33674566
1000	1022	133	15	7.66820668	29.46536648
1000	1022	133	16	0.00997784	0.06442723
1000	1022	133	17	1.35336811	17.91423899
1000	1022	133	18	8.39116442	62.97481082
1000	1022	133	19	0.03329073	0.23729221
1000	1022	134	0	0.01298490	0.14260111
1000	1022	134	1	0.09240179	30.10136264
1000	1022	134	2	0.04110857	0.18474130
1000	1022	134	3	2.73159498	35.46817674
1000	1022	134	4	0.00911312	0.05321154
1000	1022	134	5	6.29728676	63.07478786
1000	1022	134	6	0.00770300	0.09305086
1000	1022	134	7	2.94474876	27.53752424
1000	1022	134	8	9.01110958	82.79418119
1000	1022	134	9	10.09517434	40.12891078
1000	1022	134	10	2.85353942	11.15301407
1000	1022	134	11	5.66271441	27.88480734
1000	1022	134	12	0.00974359	0.11142962
1000	1022	134	13	0.00697474	0.04609311
1000	1022	134	14	0.35003319	2.12320895
1000	1022	134	15	7.68944958	29.62270171
1000	1022	134	16	0.00953456	0.05850031
1000	1022	134	17	1.35346668	17.97431270
1000	1022	134	18	8.39226993	63.03753783
1000	1022	134	19	0.03034711	0.21205297
1000	1022	135	0	0.01545163	0.14618686
1000	1022	135	1	0.08574830	28.68252357
1000	1022	135	2	0.04513076	0.20200748
1000	1022	135	3	2.72894611	35.46041358
1000	1022	135	4	0.00911502	0.05320702
1000	1022	135	5	6.29749946	63.14119359
1000	1022	135	6	0.00770442	0.09274244
1000	1022	135	7	2.94474794	27.53754966
1000	1022	135	8	9.01111062	82.79448454
1000	1022	135	9	10.08348301	40.09599389
1000	1022	135	10	2.85379520	11.15611478
1000	1022	135	11	5.66270323	27.88484416
1000	1022	135	12	0.00974552	0.11119195
1000	1022	135	13	0.00825119	0.04871370
1000	1022	135	14	0.32687235	1.93532770
1000	1022	135	15	7.70680630	29.76117430
1000	1022	135	16	0.00928679	0.05359325
1000	1022	135	17	1.35350183	18.03014804
1000	1022	135	18	8.39304288	63.09307469
1000	1022	135	19	0.02792376	0.19009556
1000	1022	136	0	0.01842033	0.15200299
1000	1022	136	1	0.08060361	27.32826392
1000	1022	136	2	0.04956676	0.22106750
1000	1022	136	3	2.72575905	35.45060112
1000	1022	136	4	0.00911763	0.05320519
1000	1022	136	5	6.29756419	63.20125209
1000	1022	136	6	0.00770640	0.09246198
1000	1022	136	7	2.94474684	27.53757155
1000	1022	136	8	9.01111063	82.79475590
1000	1022	136	9	10.07060318	40.05969353
1000	1022	136	10	2.85394216	11.15867880
1000	1022	136	11	5.66268659	27.88486231
1000	1022	136	12	0.00974819	0.11097750
1000	1022	136	13	0.00978709	0.05236318
1000	1022	136	14	0.30904843	1.77188527
1000	1022	136	15	7.72024617	29.88170623
1000	1022	136	16	0.00924907	0.04964980
1000	1022	136	17	1.35346704	18.08198757
1000	1022	136	18	8.39347177	63.14203972
1000	1022	136	19	0.02600488	0.17113077
1000	1022	137	0	0.02199475	0.16040448
1000	1022	137	1	0.07700800	26.03685028
1000	1022	137	2	0.05445704	0.24210366
1000	1022	137	3	2.72192321	35.43835947
1000	1022	137	4	0.00912107	0.05320627
1000	1022	137	5	6.29746371	63.25544241
1000	1022	137	6	0.00770905	0.09220765
1000	1022	137	7	2.94474540	27.53759000
1000	1022	137	8	9.01110951	82.79499775
1000	1022	137	9	10.05642222	40.01967514
1000	1022	137	10	2.85397155	11.16073448
1000	1022	137	11	5.66266366	27.88486014
1000	1022	137	12	0.00975172	0.11078493
1000	1022	137	13	0.01163645	0.05720382
1000	1022	137	14	0.29680426	1.63202702
1000	1022	137	15	7.72960121	29.98495383
1000	1022	137	16	0.00944822	0.04664212
1000	1022	137	17	1.35335128	18.13004982
1000	1022	137	18	8.39352755	63.18495801
1000	1022	137	19	0.02459226	0.15492492
1000	1022	138	0	0.02629956	0.17182662
1000	1022	138	1	0.07507260	24.80667653
1000	1022	138	2	0.05984515	0.26531522
1000	1022	138	3	2.71730599	35.42322745
1000	1022	138	4	0.00912548	0.05321061
1000	1022	138	5	6.29716946	63.30417902
1000	1022	138	6	0.00771248	0.09197787
1000	1022	138	7	2.94474358	27.53760504
1000	1022	138	8	9.01110713	82.79521215
1000	1022	138	9	10.04081988	39.97557599
1000	1022	138	10	2.85386742	11.16229417
1000	1022	138	11	5.66263337	27.88483548
1000	1022	138	12	0.00975627	0.11061314
1000	1022	138	13	0.01386461	0.06343656
1000	1022	138	14	0.29063246	1.51535765
1000	1022	138	15	7.73452227	30.07123814
1000	1022	138	16	0.00992763	0.04457609
1000	1022	138	17	1.35313741	18.17452653
1000	1022	138	18	8.39315799	63.22225612
1000	1022	138	19	0.02370967	0.14130374
1000	1022	139	0	0.03148420	0.18680072
1000	1022	139	1	0.07500275	23.63632832
1000	1022	139	2	0.06577762	0.29091924
1000	1022	139	3	2.71174891	35.40464692
1000	1022	139	4	0.00913103	0.05321861
1000	1022	139	5	6.29663737	63.34780691
1000	1022	139	6	0.00771683	0.09177130
1000	1022	139	7	2.94474129	27.53761664
1000	1022	139	8	9.01110331	82.79540084
1000	1022	139	9	10.02366910	39.92700463
1000	1022	139	10	2.85360401	11.16335111
1000	1022	139	11	5.66259444	27.88478554
1000	1022	139	12	0.00976202	0.11046129
1000	1022	139	13	0.01655046	0.07130869
1000	1022	139	14	0.29136011	1.42207463
1000	1022	139	15	7.73441758	30.14044920
1000	1022	139	16	0.01075342	0.04349949
1000	1022	139	17	1.35279979	18.21557843
1000	1022	139	18	8.39227939	63.25425199
1000	1022	139	19	0.02340967	0.13015974
1000	1022	140	0	0.03772718	0.20597247
1000	1022	140	1	0.07713175	22.52466768
1000	1022	140	2	0.07230351	0.31915132
1000	1022	140	3	2.70506334	35.38194437
1000	1022	140	4	0.00913796	0.05323080
1000	1022	140	5	6.29580168	63.38659290
1000	1022	140	6	0.00772228	0.09158687
1000	1022	140	7	2.94473845	27.53762472
1000	1022	140	8	9.01109785	82.79556517
1000	1022	140	9	10.00483760	39.87354137
1000	1022	140	10	2.85314205	11.16387452
1000	1022	140	11	5.66254528	27.88470681
1000	1022	140	12	0.00976919	0.11032879
1000	1022	140	13	0.01978919	0.08112303
1000	1022	140	14	0.30026530	1.35315250
1000	1022	140	15	7.72836803	30.19191332
1000	1022	140	16	0.01202343	0.04351446
1000	1022	140	17	1.35230081	18.25332902
1000	1022	140	18	8.39076447	63.28113779
1000	1022	140	19	0.02378355	0.12146450
1000	1022	141	0	0.04524088	0.23012356
1000	1022	141	1	0.08196877	21.47094704
1000	1022	141	2	0.07947374	0.35026571
1000	1022	141	3	2.69702587	35.35430967
1000	1022	141	4	0.00914651	0.05324782
1000	1022	141	5	6.29456604	63.42071171
1000	1022	141	6	0.00772903	0.09142376
1000	1022	141	7	2.94473495	27.53762909
1000	1022	141	8	9.01109048	82.79570617
1000	1022	141	9	9.98419074	39.81474014
1000	1022	141	10	2.85242330	11.16380219
1000	1022	141	11	5.66248396	27.88459491
1000	1022	141	12	0.00977807	0.11021533
1000	1022	141	13	0.02369535	0.09324899
1000	1022	141	14	0.31923373	1.31059695
1000	1022	141	15	7.71501258	30.22420943
1000	1022	141	16	0.01388006	0.04479573
1000	1022	141	17	1.35158598	18.28785527
1000	1022	141	18	8.38842487	63.30295303
1000	1022	141	19	0.02497583	0.11528788
1000	1022	142	0	0.05427656	0.26019649
1000	1022	142	1	0.09026626	20.47496553
1000	1022	142	2	0.08733968	0.38453476
1000	1022	142	3	2.68737362	35.32077183
1000	1022	142	4	0.00915702	0.05327048
1000	1022	142	5	6.29279068	63.45022443
1000	1022	142	6	0.00773734	0.09128145
1000	1022	142	7	2.94473066	27.53762949
1000	1022	142	8	9.01108088	82.79582444
1000	1022	142	9	9.96159631	39.75013283
1000	1022	142	10	2.85136273	11.16302959
1000	1022	142	11	5.66240814	27.88444441
1000	1022	142	12	0.00978898	0.11012091
1000	1022	142	13	0.02840650	0.10813565
1000	1022	142	14	0.35096196	1.29779128
1000	1022	142	15	7.69239860	30.23491764
1000	1022	142	16	0.01652854	0.04761734
1000	1022	142	17	1.35057686	18.31917413
1000	1022	142	18	8.38498595	63.31954358
1000	1022	142	19	0.02720536	0.11182706
1000	1022	143	0	0.06512941	0.29732294
1000	1022	143	1	0.10311296	19.53728482
1000	1022	143	2	0.09595086	0.42224704
1000	1022	143	3	2.67579988	35.28017202
1000	1022	143	4	0.00916987	0.05329977
1000	1022	143	5	6.29027406	63.47504636
1000	1022	143	6	0.00774752	0.09115970
1000	1022	143	7	2.94472541	27.53762556
1000	1022	143	8	9.01106863	82.79592024
1000	1022	143	9	9.93693234	39.67923725
1000	1022	143	10	2.84983742	11.16139389
1000	1022	143	11	5.66231495	27.88424865
1000	1022	143	12	0.00980233	0.11004586
1000	1022	143	13	0.03408725	0.12632719
1000	1022	143	14	0.39920655	1.31995814
1000	1022	143	15	7.65779617	30.22028230
1000	1022	143	16	0.02026243	0.05239087
1000	1022	143	17	1.34916104	18.34722284
1000	1022	143	18	8.38005094	63.33050111
1000	1022	143	19	0.03079541	0.11144940
1000	1022	144	0	0.07814312	0.34285514
1000	1022	144	1	0.12205900	18.65952714
1000	1022	144	2	0.10535130	0.46370342
1000	1022	144	3	2.66195058	35.23113416
1000	1022	144	4	0.00918553	0.05333688
1000	1022	144	5	6.28672677	63.49489962
1000	1022	144	6	0.00775995	0.09105862
1000	1022	144	7	2.94471903	27.53761681
1000	1022	144	8	9.01105326	82.79599337
1000	1022	144	9	9.91009957	39.60157096
1000	1022	144	10	2.84767070	11.15865091
1000	1022	144	11	5.66220094	27.88399946
1000	1022	144	12	0.00981862	0.10999089
1000	1022	144	13	0.04093375	0.14848105
1000	1022	144	14	0.46906104	1.38475363
1000	1022	144	15	7.60748739	30.17477514
1000	1022	144	16	0.02549901	0.05971989
1000	1022	144	17	1.34717813	18.37183079
1000	1022	144	18	8.37305014	63.33507450
1000	1022	144	19	0.03621661	0.11475495
1000	1022	145	0	0.09371308	0.39839993
1000	1022	145	1	0.14927802	17.84478337
1000	1022	145	2	0.11557352	0.50920995
1000	1022	145	3	2.64542278	35.17203440
1000	1022	145	4	0.00920458	0.05338330
1000	1022	145	5	6.28173476	63.50924437
1000	1022	145	6	0.00777507	0.09097866
1000	1022	145	7	2.94471127	27.53760261
1000	1022	145	8	9.01103416	82.79604316
1000	1022	145	9	9.88104087	39.51667401
1000	1022	145	10	2.84461012	11.15444226
1000	1022	145	11	5.66206193	27.88368686
1000	1022	145	12	0.00983843	0.10995712
1000	1022	145	13	0.04917835	0.17538866
1000	1022	145	14	0.56720767	1.50298770
1000	1022	145	15	7.53656581	30.09055921
1000	1022	145	16	0.03282686	0.07047621
1000	1022	145	17	1.34440047	18.39267929
1000	1022	145	18	8.36317013	63.33204225
1000	1022	145	19	0.04414716	0.12266635
1000	1022	146	0	0.11228697	0.46585360
1000	1022	146	1	0.18776505	17.09816288
1000	1022	146	2	0.12662929	0.55906571
1000	1022	146	3	2.62576666	35.10097137
1000	1022	146	4	0.00922770	0.05344082
1000	1022	146	5	6.27470828	63.51718005
1000	1022	146	6	0.00779344	0.09092072
1000	1022	146	7	2.94470187	27.53758217
1000	1022	146	8	9.01101062	82.79606845
1000	1022	146	9	9.84977108	39.42414541
1000	1022	146	10	2.84029705	11.14824865
1000	1022	146	11	5.66189290	27.88329874
1000	1022	146	12	0.00986247	0.10994619
1000	1022	146	13	0.05909416	0.20799905
1000	1022	146	14	0.70203266	1.68941381
1000	1022	146	15	7.43882263	29.95688877
1000	1022	146	16	0.04306789	0.08590504
1000	1022	146	17	1.34050719	18.40924501
1000	1022	146	18	8.34925661	63.31953100
1000	1022	146	19	0.05555624	0.13655690
1000	1022	147	0	0.13436054	0.54743515
1000	1022	147	1	0.24155440	16.42751356
1000	1022	147	2	0.13849564	0.61354293
1000	1022	147	3	2.60249319	35.01574072
1000	1022	147	4	0.00925570	0.05351160
1000	1022	147	5	6.26481219	63.51730532
1000	1022	147	6	0.00781571	0.09088613
1000	1022	147	7	2.94469048	27.53755451
1000	1022	147	8	9.01098177	82.79606744
1000	1022	147	9	9.81642143	39.32370020
1000	1022	147	10	2.83422588	11.13932491
1000	1022	147	11	5.66168780	27.88282040
1000	1022	147	12	0.00989161	0.10996029
1000	1022	147	13	0.07099889	0.24744474
1000	1022	147	14	0.88341716	1.96343392
1000	1022	147	15	7.30685374	29.75954842
1000	1022	147	16	0.05735371	0.10776607
1000	1022	147	17	1.33505045	18.42072150
1000	1022	147	18	8.32968455	63.29476086
1000	1022	147	19	0.07181692	0.15843032
1000	1022	148	0	0.16046588	0.64571304
1000	1022	148	1	0.31591324	15.84432358
1000	1022	148	2	0.15109446	0.67285577
1000	1022	148	3	2.57509077	34.91381933
1000	1022	148	4	0.00928958	0.05359825
1000	1022	148	5	6.25087336	63.50752213
1000	1022	148	6	0.00784265	0.09087679
1000	1022	148	7	2.94467670	27.53751841
1000	1022	148	8	9.01094655	82.79603768
1000	1022	148	9	9.78130334	39.21525661
1000	1022	148	10	2.82569109	11.12661070
1000	1022	148	11	5.66143940	27.88223410
1000	1022	148	12	0.00992687	0.11000226
1000	1022	148	13	0.08525677	0.29506896
1000	1022	148	14	1.12195379	2.34941559
1000	1022	148	15	7.13257394	29.48054224
1000	1022	148	16	0.07721113	0.13851623
1000	1022	148	17	1.32741409	18.42591272
1000	1022	148	18	8.30219092	63.25369452
1000	1022	148	19	0.09485451	0.19116917
1000	1022	149	0	0.19114773	0.76361857
1000	1022	149	1	0.41742046	15.36477153
1000	1022	149	2	0.16426458	0.73711261
1000	1022	149	3	2.54305489	34.79236734
1000	1022	149	4	0.00933050	0.05370394
1000	1022	149	5	6.23126248	63.48476654
1000	1022	149	6	0.00787521	0.09089520
1000	1022	149	7	2.94466007	27.53747241
1000	1022	149	8	9.01090373	82.79597595
1000	1022	149	9	9.74499453	39.09906488
1000	1022	149	10	2.81372232	11.10861114
1000	1022	149	11	5.66113909	27.88151845
1000	1022	149	12	0.00996945	0.11007572
1000	1022	149	13	0.10227681	0.35245227
1000	1022	149	14	1.42737582	2.87614554
1000	1022	149	15	6.90831386	29.09837635
1000	1022	149	16	0.10464104	0.18153269
1000	1022	149	17	1.31676750	18.42309282
1000	1022	149	18	8.26367204	63.19056557
1000	1022	149	19	0.12733222	0.23887032
1000	1022	150	0	0.22692279	0.90443453
1000	1022	150	1	0.55378211	15.01080264
1000	1022	150	2	0.17772690	0.80624669
1000	1022	150	3	2.50593593	34.64825972
1000	1022	150	4	0.00937983	0.05383243
1000	1022	150	5	6.20375233	63.44464801
1000	1022	150	6	0.00791448	0.09094458
1000	1022	150	7	2.94464003	27.53741469
1000	1022	150	8	9.01085181	82.79587811
1000	1022	150	9	9.70844408	38.97588984
1000	1022	150	10	2.79701166	11.08324305
1000	1022	150	11	5.66077671	27.88064783
1000	1022	150	12	0.01002079	0.11018519
1000	1022	150	13	0.12250480	0.42143496
1000	1022	150	14	1.80623196	3.57485062
1000	1022	150	15	6.62851721	28.58936641
1000	1022	150	16	0.14215732	0.24135986
1000	1022	150	17	1.30202321	18.40982990
1000	1022	150	18	8.20996175	63.09726658
1000	1022	150	19	0.17286663	0.30728332
1000	1022	151	0	0.26821585	1.07174407
1000	1022	151	1	0.73319362	14.81096643
1000	1022	151	2	0.19104795	0.87992077
1000	1022	151	3	2.46340991	34.47816319
1000	1022	151	4	0.00943918	0.05398823
1000	1022	151	5	6.16536520	63.38098246
1000	1022	151	6	0.00796175	0.09102898
1000	1022	151	7	2.94461593	27.53734310
1000	1022	151	8	9.01078904	82.79573900
1000	1022	151	9	9.67307810	38.84725237
1000	1022	151	10	2.77384587	11.04764777
1000	1022	151	11	5.66034032	27.87959163
1000	1022	151	12	0.01008258	0.11033619
1000	1022	151	13	0.14640497	0.50412924
1000	1022	151	14	2.25932306	4.47539508
1000	1022	151	15	6.29170994	27.93030903
1000	1022	151	16	0.19272809	0.32393414
1000	1022	151	17	1.28181642	18.38278019
1000	1022	151	18	8.13563473	62.96259610
1000	1022	151	19	0.23624523	0.40435613
1000	1022	152	0	0.31526808	1.26931894
1000	1022	152	1	0.96310210	14.80057453
1000	1022	152	2	0.20361551	0.95740765
1000	1022	152	3	2.41537504	34.27867792
1000	1022	152	4	0.00951041	0.05417669
1000	1022	152	5	6.11224172	63.28521901
1000	1022	152	6	0.00801850	0.09115337
1000	1022	152	7	2.94458701	27.53725506
1000	1022	152	8	9.01071337	82.79555225
1000	1022	152	9	9.64086140	38.71571558
1000	1022	152	10	2.74206925	10.99798399
1000	1022	152	11	5.65981610	27.87831353
1000	1022	152	12	0.01015674	0.11053546
1000	1022	152	13	0.17442662	0.60291204
1000	1022	152	14	2.77990216	5.60087794
1000	1022	152	15	5.90202273	27.10244145
1000	1022	152	16	0.25954068	0.43669457
1000	1022	152	17	1.25453711	18.33747651
1000	1022	152	18	8.03392359	62.77140883
1000	1022	152	19	0.32358425	0.54086378
1000	1022	153	0	0.36801725	1.50092344
1000	1022	153	1	1.24842758	15.02061283
1000	1022	153	2	0.21464986	1.03746177
1000	1022	153	3	2.36207047	34.04656486
1000	1022	153	4	0.00959563	0.05440409
1000	1022	153	5	6.03959370	63.14579214
1000	1022	153	6	0.00808643	0.09132381
1000	1022	153	7	2.94455244	27.53714753
1000	1022	153	8	9.01062245	82.79531017
1000	1022	153	9	9.61424030	38.58516052
1000	1022	153	10	2.69912129	10.92923644
1000	1022	153	11	5.65918825	27.87677076
1000	1022	153	12	0.01024548	0.11079104
1000	1022	153	13	0.20695072	0.72038505
1000	1022	153	14	3.35365502	6.96179910
1000	1022	153	15	5.46945791	26.09591431
1000	1022	153	16	0.34551729	0.58843112
1000	1022	153	17	1.21845735	18.26816415
1000	1022	153	18	7.89689356	62.50379498
1000	1022	153	19	0.44231711	0.73103977
1000	1022	154	0	0.42596113	1.77001156
1000	1022	154	1	1.58967052	15.51492957
1000	1022	154	2	0.22327802	1.11821859
1000	1022	154	3	2.30420187	33.77907433
1000	1022	154	4	0.00969717	0.05467774
1000	1022	154	5	5.94184026	62.94749061
1000	1022	154	6	0.00816742	0.09154750
1000	1022	154	7	2.94451128	27.53701692
1000	1022	154	8	9.01051360	82.79500351
1000	1022	154	9	9.59588188	38.46093500
1000	1022	154	10	2.64220747	10.83511113
1000	1022	154	11	5.65843912	27.87491343
1000	1022	154	12	0.01035125	0.11111246
1000	1022	154	13	0.24421374	0.85928517
1000	1022	154	14	3.96076118	8.55168409
1000	1022	154	15	5.00855703	24.91339123
1000	1022	154	16	0.45257795	0.78868598
1000	1022	154	17	1.17199366	18.16777595
1000	1022	154	18	7.71605894	62.13454311
1000	1022	154	19	0.60085719	0.99304024
1000	1022	155	0	0.48803216	2.07930737
1000	1022	155	1	1.98166383	16.32567205
1000	1022	155	2	0.22868177	1.19718122
1000	1022	155	3	2.24304090	33.47437462
1000	1022	155	4	0.00981756	0.05500605
1000	1022	155	5	5.81305069	62.67102498
1000	1022	155	6	0.00826353	0.09183293
1000	1022	155	7	2.94446252	27.53685912
1000	1022	155	8	9.01038386	82.79462138
1000	1022	155	9	9.58818124	38.34970421
1000	1022	155	10	2.56865648	10.70812813
1000	1022	155	11	5.65754950	27.87268415
1000	1022	155	12	0.01047667	0.11151086
1000	1022	155	13	0.28621295	1.02232721
1000	1022	155	14	4.57929574	10.34587828
1000	1022	155	15	4.53591729	23.57139840
1000	1022	155	16	0.58079783	1.04656581
1000	1022	155	17	1.11410830	18.02817145
1000	1022	155	18	7.48359046	61.63329030
1000	1022	155	19	0.80777268	1.34895634
1000	1022	156	0	0.55253091	2.43028786
1000	1022	156	1	2.41367928	17.48770446
1000	1022	156	2	0.23028756	1.27135682
1000	1022	156	3	2.18045149	33.13204719
1000	1022	156	4	0.00995936	0.05539848
1000	1022	156	5	5.64778999	62.29308060
1000	1022	156	6	0.00837686	0.09218990
1000	1022	156	7	2.94440516	27.53666943
1000	1022	156	8	9.01023004	82.79415110
1000	1022	156	9	9.59264663	38.25884619
1000	1022	156	10	2.47646788	10.54004791
1000	1022	156	11	5.65649932	27.87001795
1000	1022	156	12	0.01062447	0.11199899
1000	1022	156	13	0.33260837	1.21196684
1000	1022	156	14	5.18866594	12.30404839
1000	1022	156	15	4.06752207	22.09884662
1000	1022	156	16	0.72777920	1.36900429
1000	1022	156	17	1.04477312	17.84076014
1000	1022	156	18	7.19408041	60.96585984
1000	1022	156	19	1.07040977	1.82399845
1000	1022	157	0	0.61717080	2.82263321
1000	1022	157	1	2.87103159	19.02341240
1000	1022	157	2	0.22792110	1.33756524
1000	1022	157	3	2.11879698	32.75356976
1000	1022	157	4	0.01012506	0.05586548
1000	1022	157	5	5.44233743	61.78721099
1000	1022	157	6	0.00850947	0.09262946
1000	1022	157	7	2.94433824	27.53644267
1000	1022	157	8	9.01004888	82.79357818
1000	1022	157	9	9.60941872	38.19538512
1000	1022	157	10	2.36495088	10.32273630
1000	1022	157	11	5.65526876	27.86684301
1000	1022	157	12	0.01079725	0.11259120
1000	1022	157	13	0.38264907	1.43008772
1000	1022	157	14	5.77203248	14.37548681
1000	1022	157	15	3.61674680	20.53326053
1000	1022	157	16	0.88860407	1.75882571
1000	1022	157	17	0.96532347	17.59754357
1000	1022	157	18	6.84649161	60.09718721
1000	1022	157	19	1.39314283	2.44450482
1000	1022	158	0	0.67926328	3.25375810
1000	1022	158	1	3.33758681	20.93937234
1000	1022	158	2	0.22184859	1.39286245
1000	1022	158	3	2.06071499	32.34266924
1000	1022	158	4	0.01031678	0.05641816
1000	1022	158	5	5.19602183	61.12586145
1000	1022	158	6	0.00866317	0.09316378
1000	1022	158	7	2.94426096	27.53617324
1000	1022	158	8	9.00983719	82.79288644
1000	1022	158	9	9.63718069	38.16471300
1000	1022	158	10	2.23523957	10.04944724
1000	1022	158	11	5.65383986	27.86308226
1000	1022	158	12	0.01099729	0.11330314
1000	1022	158	13	0.43515649	1.67764469
1000	1022	158	14	6.31736618	16.50549336
1000	1022	158	15	3.19339189	18.91597502
1000	1022	158	16	1.05652762	2.21323915
1000	1022	158	17	0.87849624	17.29243603
1000	1022	158	18	6.44557606	58.99580798
1000	1022	158	19	1.77574709	3.23469153
1000	1022	159	0	0.73601921	3.71855911
1000	1022	159	1	3.79823064	23.22569661
1000	1022	159	2	0.21268658	1.43495059
1000	1022	159	3	2.00880206	31.90542232
1000	1022	159	4	0.01053603	0.05706787
1000	1022	159	5	4.91219599	60.28352813
1000	1022	159	6	0.00883931	0.09380580
1000	1022	159	7	2.94417281	27.53585534
1000	1022	159	8	9.00959217	82.79205831
1000	1022	159	9	9.67351283	38.16954415
1000	1022	159	10	2.09043541	9.71629290
1000	1022	159	11	5.65219852	27.85865632
1000	1022	159	12	0.01122623	0.11415136
1000	1022	159	13	0.48858505	1.95432380
1000	1022	159	14	6.81737630	18.64119699
1000	1022	159	15	2.80361733	17.28758887
1000	1022	159	16	1.22420011	2.72339786
1000	1022	159	17	0.78805175	16.92252810
1000	1022	159	18	6.00202093	57.63917094
1000	1022	159	19	2.21255842	4.21257679
1000	1022	160	0	0.78488788	4.20947999
1000	1022	160	1	4.24057613	25.85787965
1000	1022	160	2	0.20123493	1.46244490
1000	1022	160	3	1.96529666	31.45003292
1000	1022	160	4	0.01078333	0.05782549
1000	1022	160	5	4.59835591	59.24057938
1000	1022	160	6	0.00903852	0.09456868
1000	1022	160	7	2.94407367	27.53548328
1000	1022	160	8	9.00931167	82.79107528
1000	1022	160	9	9.71549758	38.20948812
1000	1022	160	10	1.93525068	9.32348053
1000	1022	160	11	5.65033681	27.85348784
1000	1022	160	12	0.01148471	0.11515253
1000	1022	160	13	0.54115513	2.25829520
1000	1022	160	14	7.26877564	20.73583078
1000	1022	160	15	2.45043785	15.68451206
1000	1022	160	16	1.38494328	3.27528926
1000	1022	160	17	0.69808608	16.48888068
1000	1022	160	18	5.53104814	56.01839442
1000	1022	160	19	2.69287954	5.38607039
1000	1022	161	0	0.82383924	4.71691188
1000	1022	161	1	4.65569389	28.80025927
1000	1022	161	2	0.18831165	1.47493919
1000	1022	161	3	1.93184919	30.98630977
1000	1022	161	4	0.01105798	0.05870060
1000	1022	161	5	4.26521423	57.98681886
1000	1022	161	6	0.00926046	0.09546509
1000	1022	161	7	2.94396396	27.53505186
1000	1022	161	8	9.00899451	82.78991874
1000	1022	161	9	9.76029753	38.28133542
1000	1022	161	10	1.77525550	8.87587670
1000	1022	161	11	5.64825516	27.84750723
1000	1022	161	12	0.01177212	0.11632251
1000	1022	161	13	0.59102675	2.58612226
1000	1022	161	14	7.67130251	22.75118897
1000	1022	161	15	2.13444718	14.13688819
1000	1022	161	16	1.53364772	3.85168176
1000	1022	161	17	0.61230078	15.99657418
1000	1022	161	18	5.04992186	54.14099328
1000	1022	161	19	3.20255496	6.75043379
1000	1022	162	0	0.85152663	5.22984918
1000	1022	162	1	5.03804860	32.01003427
1000	1022	162	2	0.17464029	1.47289770
1000	1022	162	3	1.90942385	30.52495447
1000	1022	162	4	0.01135779	0.05970040
1000	1022	162	5	3.92501193	56.52377016
1000	1022	162	6	0.00950365	0.09650627
1000	1022	162	7	2.94384470	27.53455687
1000	1022	162	8	9.00864083	82.78857091
1000	1022	162	9	9.80553081	38.37984921
1000	1022	162	10	1.61600547	8.38267433
1000	1022	162	11	5.64596424	27.84065948
1000	1022	162	12	0.01208631	0.11767510
1000	1022	162	13	0.63647280	2.93285302
1000	1022	162	14	8.02677020	24.65848354
1000	1022	162	15	1.85454762	12.66777082
1000	1022	162	16	1.66711816	4.43448817
1000	1022	162	17	0.53348626	15.45402379
1000	1022	162	18	4.57527937	52.03075272
1000	1022	162	19	3.72612948	8.28794177
1000	1022	163	0	0.86732084	5.73666507
1000	1022	163	1	5.38497530	35.44101703
1000	1022	163	2	0.16079851	1.45744833
1000	1022	163	3	1.89832169	30.07680625
1000	1022	163	4	0.01167899	0.06082871
1000	1022	163	5	3.58966747	54.86504731
1000	1022	163	6	0.00976536	0.09770099
1000	1022	163	7	2.94371756	27.53399555
1000	1022	163	8	9.00825224	82.78701609
1000	1022	163	9	9.84941939	38.49873250
1000	1022	163	10	1.46233015	7.85627244
1000	1022	163	11	5.64348612	27.83291140
1000	1022	163	12	0.01242347	0.11922071
1000	1022	163	13	0.67601860	3.29227618
1000	1022	163	14	8.33827340	26.43803321
1000	1022	163	15	1.60857206	11.29323938
1000	1022	163	16	1.78395230	5.00689114
1000	1022	163	17	0.46332806	14.87182758
1000	1022	163	18	4.12110639	49.72494961
1000	1022	163	19	4.24886884	9.96978597
1000	1022	164	0	0.87124633	6.22586982
1000	1022	164	1	5.69599041	39.04667378
1000	1022	164	2	0.14721172	1.43015105
1000	1022	164	3	1.89828100	29.65216827
1000	1022	164	4	0.01201625	0.06208489
1000	1022	164	5	3.26932454	53.03483793
1000	1022	164	6	0.01004155	0.09905456
1000	1022	164	7	2.94358484	27.53336712
1000	1022	164	8	9.00783207	82.78524190
1000	1022	164	9	9.89077477	38.63149955
1000	1022	164	10	1.31792951	7.31073073
1000	1022	164	11	5.64085463	27.82425864
1000	1022	164	12	0.01277819	0.12096504
1000	1022	164	13	0.70853192	3.65729252
1000	1022	164	14	8.60958685	28.07823762
1000	1022	164	15	1.39376228	10.02310741
1000	1022	164	16	1.88415619	5.55482261
1000	1022	164	17	0.40248928	14.26150404
1000	1022	164	18	3.69771439	47.26991667
1000	1022	164	19	4.75816227	11.75952958
1000	1022	165	0	0.86386445	6.68675552
1000	1022	165	1	5.97212495	42.78232341
1000	1022	165	2	0.13417113	1.39278992
1000	1022	165	3	1.90860762	29.26028620
1000	1022	165	4	0.01236280	0.06346308
1000	1022	165	5	2.97157060	51.06508396
1000	1022	165	6	0.01032705	0.10056778
1000	1022	165	7	2.94344934	27.53267317
1000	1022	165	8	9.00738530	82.78324062
1000	1022	165	9	9.92890157	38.77211304
1000	1022	165	10	1.18527410	6.76021555
1000	1022	165	11	5.63811475	27.81473154
1000	1022	165	12	0.01314350	0.12290784
1000	1022	165	13	0.73326309	4.02034120
1000	1022	165	14	8.84474201	29.57421011
1000	1022	165	15	1.20711030	8.86192875
1000	1022	165	16	1.96868668	6.06769344
1000	1022	165	17	0.35084729	13.63440320
1000	1022	165	18	3.31162547	44.71617055
1000	1022	165	19	5.24418946	13.61711244
1000	1022	166	0	0.84614069	7.10988136
1000	1022	166	1	6.21536773	46.60655905
1000	1022	166	2	0.12186042	1.34720996
1000	1022	166	3	1.92830175	28.90899747
1000	1022	166	4	0.01271073	0.06495167
1000	1022	166	5	2.70129452	48.99215939
1000	1022	166	6	0.01061567	0.10223621
1000	1022	166	7	2.94331434	27.53191793
1000	1022	166	8	9.00691854	82.78101038
1000	1022	166	9	9.96347782	38.91536406
1000	1022	166	10	1.06571810	6.21774324
1000	1022	166	11	5.63532112	27.80439926
1000	1022	166	12	0.01351126	0.12504193
1000	1022	166	13	0.74984380	4.37382594
1000	1022	166	14	9.04774794	30.92633352
1000	1022	166	15	1.04558647	7.81008844
1000	1022	166	16	2.03904064	6.53848546
1000	1022	166	17	0.30776908	13.00093308
1000	1022	166	18	2.96604752	42.11406921
1000	1022	166	19	5.69998995	15.50253523
1000	1022	167	0	0.81931932	7.48739429
1000	1022	167	1	6.42824112	50.48204146
1000	1022	167	2	0.11038228	1.29520176
1000	1022	167	3	1.95616527	28.60453439
1000	1022	167	4	0.01305136	0.06653313
1000	1022	167	5	2.46098359	46.85373385
1000	1022	167	6	0.01090052	0.10404962
1000	1022	167	7	2.94318333	27.53110844
1000	1022	167	8	9.00643984	82.77855612
1000	1022	167	9	9.99444358	39.05703636
1000	1022	167	10	0.95971894	5.69435763
1000	1022	167	11	5.63253577	27.79337157
1000	1022	167	12	0.01387246	0.12735262
1000	1022	167	13	0.75825641	4.71049974
1000	1022	167	14	9.22241988	32.13890273
1000	1022	167	15	0.90628216	6.86484373
1000	1022	167	16	2.09694092	6.96340987
1000	1022	167	17	0.27235275	12.37011728
1000	1022	167	18	2.66161206	39.51051859
1000	1022	167	19	6.12116215	17.37870432
1000	1022	168	0	0.78481531	7.81320316
1000	1022	168	1	6.61349843	54.37582842
1000	1022	168	2	0.09978120	1.23842752
1000	1022	168	3	1.99088636	28.35144981
1000	1022	168	4	0.01337572	0.06818424
1000	1022	168	5	2.25123469	44.68624304
1000	1022	168	6	0.01117438	0.10599175
1000	1022	168	7	2.94305990	27.53025451
1000	1022	168	8	9.00595830	82.77589026
1000	1022	168	9	10.02191048	39.19391790
1000	1022	168	10	0.86708250	5.19873747
1000	1022	168	11	5.62982511	27.78179796
1000	1022	168	12	0.01421770	0.12981752
1000	1022	168	13	0.75878474	5.02378252
1000	1022	168	14	9.37228387	33.21893978
1000	1022	168	15	0.78649148	6.02124238
1000	1022	168	16	2.14412388	7.34133605
1000	1022	168	17	0.24360655	11.74942604
1000	1022	168	18	2.39714160	36.94685284
1000	1022	168	19	6.50539466	19.21327391
1000	1022	169	0	0.74412519	8.08303324
1000	1022	169	1	6.77391987	58.25938487
1000	1022	169	2	0.09006134	1.17837937
1000	1022	169	3	2.03110483	28.15263312
1000	1022	169	4	0.01367498	0.06987679
1000	1022	169	5	2.07130746	42.52312021
1000	1022	169	6	0.01143002	0.10804052
1000	1022	169	7	2.94294749	27.52936847
1000	1022	169	8	9.00548376	82.77303299
1000	1022	169	9	10.04609380	39.32371896
1000	1022	169	10	0.78718618	4.73714931
1000	1022	169	11	5.62725654	27.76986399
1000	1022	169	12	0.01453774	0.13240688
1000	1022	169	13	0.75195538	5.30799962
1000	1022	169	14	9.50053232	34.17521371
1000	1022	169	15	0.68375170	5.27288862
1000	1022	169	16	2.18221172	7.67314885
1000	1022	169	17	0.22056469	11.14479857
1000	1022	169	18	2.17032025	34.45776219
1000	1022	169	19	6.85196734	20.97956516
1000	1022	170	0	0.69875497	8.29438811
1000	1022	170	1	6.91218251	62.10838856
1000	1022	170	2	0.08120007	1.11636109
1000	1022	170	3	2.07546357	28.00939035
1000	1022	170	4	0.01394104	0.07157860
1000	1022	170	5	1.91961950	40.39375555
1000	1022	170	6	0.01166067	0.11016854
1000	1022	170	7	2.94284919	27.52846476
1000	1022	170	8	9.00502624	82.77001215
1000	1022	170	9	10.06726420	39.44494300
1000	1022	170	10	0.71915989	4.31363553
1000	1022	170	11	5.62489483	27.75778493
1000	1022	170	12	0.01482400	0.13508433
1000	1022	170	13	0.73847631	5.55853903
1000	1022	170	14	9.61001254	35.01746434
1000	1022	170	15	0.59585672	4.61255425
1000	1022	170	16	2.21264686	7.96113687
1000	1022	170	17	0.20235220	10.56077951
1000	1022	170	18	1.97822083	32.07103317
1000	1022	170	19	7.16129706	22.65675962
1000	1022	171	0	0.65016217	8.44644191
1000	1022	171	1	7.03078316	65.90241540
1000	1022	171	2	0.07315773	1.05348550
1000	1022	171	3	2.12265050	27.92156957
1000	1022	171	4	0.01416696	0.07325487
1000	1022	171	5	1.79414125	38.32305350
1000	1022	171	6	0.01186040	0.11234400
1000	1022	171	7	2.94276760	27.52755940
1000	1022	171	8	9.00459555	82.76686257
1000	1022	171	9	10.08571490	39.55674184
1000	1022	171	10	0.66202136	3.93033526
1000	1022	171	11	5.62279859	27.74579710
1000	1022	171	12	0.01506904	0.13780821
1000	1022	171	13	0.71917758	5.77193236
1000	1022	171	14	9.70323524	35.75581119
1000	1022	171	15	0.52085389	4.03264748
1000	1022	171	16	2.23666772	8.20846617
1000	1022	171	17	0.18821386	10.00071043
1000	1022	171	18	1.81768817	29.80785035
1000	1022	171	19	7.43455902	24.22959074
1000	1022	172	0	0.59970972	8.53988070
1000	1022	172	1	7.13199765	69.62456353
1000	1022	172	2	0.06588467	0.99068218
1000	1022	172	3	2.17143374	27.88771850
1000	1022	172	4	0.01434731	0.07486983
1000	1022	172	5	1.69268504	36.33142875
1000	1022	172	6	0.01202438	0.11453189
1000	1022	172	7	2.94270461	27.52666925
1000	1022	172	8	9.00420072	82.76362507
1000	1022	172	9	10.10174040	39.65877459
1000	1022	172	10	0.61477084	3.58785867
1000	1022	172	11	5.62101720	27.73414745
1000	1022	172	12	0.01526699	0.14053315
1000	1022	172	13	0.69495728	5.94586893
1000	1022	172	14	9.78239463	36.40032077
1000	1022	172	15	0.45703107	3.52555907
1000	1022	172	16	2.25530957	8.41875966
1000	1022	172	17	0.17752057	9.46693644
1000	1022	172	18	1.68559954	27.68344147
1000	1022	172	19	7.67338892	25.68773280
1000	1022	173	0	0.54863057	8.57670829
1000	1022	173	1	7.21786416	73.26105546
1000	1022	173	2	0.05932612	0.92871110
1000	1022	173	3	2.22069091	27.90526513
1000	1022	173	4	0.01447851	0.07638842
1000	1022	173	5	1.61310096	34.43509165
1000	1022	173	6	0.01214921	0.11669539
1000	1022	173	7	2.94266140	27.52581130
1000	1022	173	8	9.00384962	82.76034509
1000	1022	173	9	10.11562328	39.75108091
1000	1022	173	10	0.57645323	3.28566022
1000	1022	173	11	5.61958836	27.72308215
1000	1022	173	12	0.01541383	0.14321194
1000	1022	173	13	0.66673479	6.07915442
1000	1022	173	14	9.84939416	36.96070340
1000	1022	173	15	0.40289847	3.08390724
1000	1022	173	16	2.26941909	8.59578112
1000	1022	173	17	0.16976300	8.96100426
1000	1022	173	18	1.57902925	25.70789767
1000	1022	173	19	7.87965843	27.02504268
1000	1022	174	0	0.49800225	8.56002934
1000	1022	174	1	7.29018196	76.80084359
1000	1022	174	2	0.05342555	0.86817935
1000	1022	174	3	2.26943240	27.97071372
1000	1022	174	4	0.01455887	0.07777800
1000	1022	174	5	1.55339873	32.64650128
1000	1022	174	6	0.01223298	0.11879744
1000	1022	174	7	2.94263834	27.52500189
1000	1022	174	8	9.00354864	82.75707099
1000	1022	174	9	10.12762668	39.83397302
1000	1022	174	10	0.54619562	3.02237874
1000	1022	174	11	5.61853660	27.71283509
1000	1022	174	12	0.01550752	0.14579762
1000	1022	174	13	0.63541230	6.17162670
1000	1022	174	14	9.90587447	37.44611275
1000	1022	174	15	0.35716845	2.70070211
1000	1022	174	16	2.27967510	8.74321188
1000	1022	174	17	0.16453911	8.48383960
1000	1022	174	18	1.49534297	23.88704983
1000	1022	174	19	8.05531200	28.23876419
1000	1022	175	0	0.44873136	8.49382142
1000	1022	175	1	7.35051949	80.23523423
1000	1022	175	2	0.04812685	0.80955916
1000	1022	175	3	2.31681767	28.07984893
1000	1022	175	4	0.01458865	0.07900985
1000	1022	175	5	1.51181464	30.97489566
1000	1022	175	6	0.01227531	0.12080228
1000	1022	175	7	2.94263505	27.52425598
1000	1022	175	8	9.00330242	82.75385223
1000	1022	175	9	10.13799059	39.90794748
1000	1022	175	10	0.52322732	2.79612797
1000	1022	175	11	5.61787267	27.70361717
1000	1022	175	12	0.01554804	0.14824539
1000	1022	175	13	0.60184484	6.22404118
1000	1022	175	14	9.95324128	37.86502408
1000	1022	175	15	0.31873489	2.36944788
1000	1022	175	16	2.28661100	8.86450331
1000	1022	175	17	0.16153970	8.03589932
1000	1022	175	18	1.43224327	22.22332337
1000	1022	175	19	8.20225241	29.32876542
1000	1022	176	0	0.40154735	8.38270652
1000	1022	176	1	7.40022755	83.55753860
1000	1022	176	2	0.04337586	0.75320568
1000	1022	176	3	2.36216407	28.22794044
1000	1022	176	4	0.01456984	0.08006040
1000	1022	176	5	1.48684003	29.42683651
1000	1022	176	6	0.01227728	0.12267684
1000	1022	176	7	2.94265047	27.52358653
1000	1022	176	8	9.00311382	82.75073758
1000	1022	176	9	10.14693055	39.97361552
1000	1022	176	10	0.50688791	2.60473309
1000	1022	176	11	5.61759401	27.69560725
1000	1022	176	12	0.01553717	0.15051441
1000	1022	176	13	0.56681861	6.23793690
1000	1022	176	14	9.99269182	38.22517115
1000	1022	176	15	0.28665346	2.08419848
1000	1022	176	16	2.29063625	8.96278816
1000	1022	176	17	0.16053415	7.61729807
1000	1022	176	18	1.38778257	20.71652554
1000	1022	176	19	8.32226375	30.29684978
1000	1022	177	0	0.35700499	8.23173144
1000	1022	177	1	7.44045509	86.76275452
1000	1022	177	2	0.03912122	0.69937411
1000	1022	177	3	2.40494790	28.40994061
1000	1022	177	4	0.01450590	0.08091213
1000	1022	177	5	1.47722381	28.00672872
1000	1022	177	6	0.01224122	0.12439197
1000	1022	177	7	2.94268298	27.52300409
1000	1022	177	8	9.00298386	82.74777329
1000	1022	177	9	10.15463799	40.03164964
1000	1022	177	10	0.49662735	2.44591467
1000	1022	177	11	5.61768597	27.68894527
1000	1022	177	12	0.01547831	0.15256933
1000	1022	177	13	0.53103669	6.21549375
1000	1022	177	14	10.02523913	38.53352558
1000	1022	177	15	0.26012326	1.83957917
1000	1022	177	16	2.29205563	9.04083528
1000	1022	177	17	0.16135759	7.22791163
1000	1022	177	18	1.36035532	19.36454146
1000	1022	177	19	8.41696269	31.14615994
1000	1022	178	0	0.31549413	8.04616509
1000	1022	178	1	7.47216552	89.84727991
1000	1022	178	2	0.03531487	0.64823530
1000	1022	178	3	2.44479832	28.62066796
1000	1022	178	4	0.01440148	0.08155399
1000	1022	178	5	1.48195824	26.71729092
1000	1022	178	6	0.01217046	0.12592338
1000	1022	178	7	2.94273058	27.52251645
1000	1022	178	8	9.00291192	82.74500166
1000	1022	178	9	10.16128140	40.08274403
1000	1022	178	10	0.49200112	2.31742581
1000	1022	178	11	5.61812371	27.68372812
1000	1022	178	12	0.01537608	0.15438131
1000	1022	178	13	0.49511130	6.15938875
1000	1022	178	14	10.05173396	38.79630582
1000	1022	178	15	0.23847028	1.63078436
1000	1022	178	16	2.29108586	9.10103476
1000	1022	178	17	0.16389972	6.86745985
1000	1022	178	18	1.34867781	18.16393043
1000	1022	178	19	8.48777084	31.88068009
1000	1022	179	0	0.27725529	7.83131896
1000	1022	179	1	7.49615281	92.80865693
1000	1022	179	2	0.03191233	0.59989003
1000	1022	179	3	2.48148516	28.85497037
1000	1022	179	4	0.01426196	0.08198143
1000	1022	179	5	1.50025434	25.55996543
1000	1022	179	6	0.01206908	0.12725217
1000	1022	179	7	2.94279099	27.52212856
1000	1022	179	8	9.00289591	82.74245974
1000	1022	179	9	10.16700810	40.12758617
1000	1022	179	10	0.49266231	2.21714935
1000	1022	179	11	5.61887449	27.68000818
1000	1022	179	12	0.01523598	0.15592876
1000	1022	179	13	0.45956146	6.07265828
1000	1022	179	14	10.07288401	39.01900557
1000	1022	179	15	0.22113265	1.45355944
1000	1022	179	16	2.28786953	9.14540339
1000	1022	179	17	0.16809550	6.53557254
1000	1022	179	18	1.35176085	17.11042306
1000	1022	179	19	8.53590274	32.50483328
1000	1022	180	0	0.24239905	7.59239497
1000	1022	180	1	7.51305639	95.64534511
1000	1022	180	2	0.02887271	0.55438158
1000	1022	180	3	2.51490225	29.10786344
1000	1022	180	4	0.01409319	0.08219613
1000	1022	180	5	1.53151113	24.53526315
1000	1022	180	6	0.01194161	0.12836518
1000	1022	180	7	2.94286183	27.52184256
1000	1022	180	8	9.00293251	82.74017846
1000	1022	180	9	10.17194624	40.16683736
1000	1022	180	10	0.49835192	2.14316230
1000	1022	180	11	5.61990009	27.67779445
1000	1022	180	12	0.01506400	0.15719749
1000	1022	180	13	0.42481480	5.95857089
1000	1022	180	14	10.08927075	39.20643445
1000	1022	180	15	0.20764781	1.30417241
1000	1022	180	16	2.28248656	9.17560267
1000	1022	180	17	0.17391726	6.23184117
1000	1022	180	18	1.36887881	16.19932538
1000	1022	180	19	8.56236564	33.02316614
1000	1022	181	0	0.21092757	7.33436273
1000	1022	181	1	7.52337472	98.35652077
1000	1022	181	2	0.02615868	0.51170675
1000	1022	181	3	2.54504795	29.37464160
1000	1022	181	4	0.01390107	0.08220526
1000	1022	181	5	1.57528110	23.64304348
1000	1022	181	6	0.01179274	0.12925490
1000	1022	181	7	2.94294073	27.52165797
1000	1022	181	8	9.00301749	82.73818206
1000	1022	181	9	10.17620676	40.20112012
1000	1022	181	10	0.50888818	2.09377414
1000	1022	181	11	5.62115919	27.67705587
1000	1022	181	12	0.01486628	0.15818059
1000	1022	181	13	0.39121249	5.82051401
1000	1022	181	14	10.10136380	39.36276501
1000	1022	181	15	0.19764146	1.17938006
1000	1022	181	16	2.27496354	9.19296388
1000	1022	181	17	0.18136808	5.95585904
1000	1022	181	18	1.39953693	15.42583860
1000	1022	181	19	8.56796825	33.44011106
1000	1022	182	0	0.18275660	7.06186649
1000	1022	182	1	7.52747731	100.94190000
1000	1022	182	2	0.02373632	0.47182543
1000	1022	182	3	2.57200462	29.65096104
1000	1022	182	4	0.01369134	0.08202071
1000	1022	182	5	1.63123374	22.88273224
1000	1022	182	6	0.01162715	0.12991914
1000	1022	182	7	2.94302546	27.52157203
1000	1022	182	8	9.00314596	82.73648791
1000	1022	182	9	10.17988540	40.23101081
1000	1022	182	10	0.52415524	2.06754465
1000	1022	182	11	5.62260949	27.67772637
1000	1022	182	12	0.01464885	0.15887792
1000	1022	182	13	0.35901637	5.66189626
1000	1022	182	14	10.10953310	39.49158231
1000	1022	182	15	0.19081814	1.07639155
1000	1022	182	16	2.26528141	9.19851621
1000	1022	182	17	0.19047611	5.70725187
1000	1022	182	18	1.44343781	14.78530381
1000	1022	182	19	8.55333667	33.75981589
1000	1022	183	0	0.15773649	6.77916010
1000	1022	183	1	7.52561530	103.40158269
1000	1022	183	2	0.02157493	0.43466876
1000	1022	183	3	2.59591850	29.93289583
1000	1022	183	4	0.01346936	0.08165805
1000	1022	183	5	1.69911787	22.25348145
1000	1022	183	6	0.01144927	0.13036061
1000	1022	183	7	2.94311395	27.52158001
1000	1022	183	8	9.00331262	82.73510661
1000	1022	183	9	10.18306458	40.25703607
1000	1022	183	10	0.54409142	2.06328585
1000	1022	183	11	5.62420949	27.67971101
1000	1022	183	12	0.01441735	0.15929535
1000	1022	183	13	0.32841727	5.48606609
1000	1022	183	14	10.11405910	39.59593308
1000	1022	183	15	0.18695345	0.99283203
1000	1022	183	16	2.25338177	9.19301574
1000	1022	183	17	0.20128949	5.48570061
1000	1022	183	18	1.50044735	14.27338081
1000	1022	183	19	8.51893625	33.98603146
1000	1022	184	0	0.13567143	6.49006738
1000	1022	184	1	7.51793056	105.73591484
1000	1022	184	2	0.01964682	0.40014609
1000	1022	184	3	2.61698103	30.21696948
1000	1022	184	4	0.01323996	0.08113555
1000	1022	184	5	1.77872358	21.75427571
1000	1022	184	6	0.01126317	0.13058618
1000	1022	184	7	2.94320440	27.52167562
1000	1022	184	8	9.00351204	82.73404230
1000	1022	184	9	10.18581505	40.27967202
1000	1022	184	10	0.56867702	2.08005167
1000	1022	184	11	5.62591994	27.68289263
1000	1022	184	12	0.01417694	0.15944389
1000	1022	184	13	0.29954399	5.29624648
1000	1022	184	14	10.11514103	39.67837261
1000	1022	184	15	0.18588751	0.92670755
1000	1022	184	16	2.23917234	9.17697350
1000	1022	184	17	0.21387152	5.29095732
1000	1022	184	18	1.57056006	13.88616931
1000	1022	184	19	8.46509854	34.12204878
1000	1022	185	0	0.11633620	6.19796434
1000	1022	185	1	7.50446368	107.94536696
1000	1022	185	2	0.01792707	0.36815074
1000	1022	185	3	2.63541245	30.50016543
1000	1022	185	4	0.01300735	0.08047318
1000	1022	185	5	1.86984427	21.38399002
1000	1022	185	6	0.01107249	0.13060623
1000	1022	185	7	2.94329526	27.52185147
1000	1022	185	8	9.00373881	82.73329324
1000	1022	185	9	10.18819744	40.29934538
1000	1022	185	10	0.59792175	2.11711815
1000	1022	185	11	5.62770477	27.68713858
1000	1022	185	12	0.01393215	0.15933872
1000	1022	185	13	0.27247231	5.09548474
1000	1022	185	14	10.11290363	39.74100803
1000	1022	185	15	0.18751985	0.87637260
1000	1022	185	16	2.22253183	9.15068207
1000	1022	185	17	0.22829596	5.12285529
1000	1022	185	18	1.65386343	13.62027936
1000	1022	185	19	8.39205290	34.17067866
1000	1022	186	0	0.09949005	5.90577921
1000	1022	186	1	7.48516091	110.03042651
1000	1022	186	2	0.01639332	0.33856490
1000	1022	186	3	2.65144803	30.77992038
1000	1022	186	4	0.01277512	0.07969170
1000	1022	186	5	1.97223982	21.14140392
1000	1022	186	6	0.01088038	0.13043387
1000	1022	186	7	2.94338523	27.52209936
1000	1022	186	8	9.00398770	82.73285248
1000	1022	186	9	10.19026367	40.31643580
1000	1022	186	10	0.63185160	2.17395607
1000	1022	186	11	5.62953182	27.69230713
1000	1022	186	12	0.01368685	0.15899818
1000	1022	186	13	0.24723376	4.88661613
1000	1022	186	14	10.10740231	39.78553739
1000	1022	186	15	0.19180534	0.84050063
1000	1022	186	16	2.20331466	9.11424054
1000	1022	186	17	0.24464214	4.98131360
1000	1022	186	18	1.75050107	13.47285680
1000	1022	186	19	8.29996207	34.13426796
1000	1022	187	0	0.08488796	5.61600650
1000	1022	187	1	7.45988053	111.99150274
1000	1022	187	2	0.01502554	0.31126362
1000	1022	187	3	2.66532701	31.05410425
1000	1022	187	4	0.01254620	0.07881189
1000	1022	187	5	2.08560159	21.02517738
1000	1022	187	6	0.01068949	0.13008424
1000	1022	187	7	2.94347328	27.52241071
1000	1022	187	8	9.00425380	82.73270858
1000	1022	187	9	10.19205807	40.33127900
1000	1022	187	10	0.67049539	2.25019746
1000	1022	187	11	5.63137305	27.69825313
1000	1022	187	12	0.01344427	0.15844284
1000	1022	187	13	0.22382367	4.67223956
1000	1022	187	14	10.09862706	39.81328393
1000	1022	187	15	0.19875110	0.81805810
1000	1022	187	16	2.18135572	9.06757794
1000	1022	187	17	0.26298976	4.86633650
1000	1022	187	18	1.86063450	13.44156857
1000	1022	187	19	8.18896135	34.01474741
1000	1022	188	0	0.07228911	5.33073125
1000	1022	188	1	7.42839886	113.82884264
1000	1022	188	2	0.01380582	0.28611801
1000	1022	188	3	2.67728417	31.32099071
1000	1022	188	4	0.01232295	0.07785391
1000	1022	188	5	2.20952078	21.03379412
1000	1022	188	6	0.01050199	0.12957383
1000	1022	188	7	2.94355862	27.52277683
1000	1022	188	8	9.00453257	82.73284645
1000	1022	188	9	10.19361854	40.34417035
1000	1022	188	10	0.71387086	2.34559719
1000	1022	188	11	5.63320472	27.70483288
1000	1022	188	12	0.01320700	0.15769466
1000	1022	188	13	0.20220864	4.45470383
1000	1022	188	14	10.08650518	39.82522563
1000	1022	188	15	0.20841438	0.80828204
1000	1022	188	16	2.15647562	9.01047571
1000	1022	188	17	0.28341339	4.77800764
1000	1022	188	18	1.98440359	13.52455164
1000	1022	188	19	8.05920027	33.81370682
1000	1022	189	0	0.06146307	5.05166025
1000	1022	189	1	7.39041632	115.54245709
1000	1022	189	2	0.01271815	0.26299792
1000	1022	189	3	2.68754369	31.57922155
1000	1022	189	4	0.01210715	0.07683683
1000	1022	189	5	2.34346161	21.16547884
1000	1022	189	6	0.01031959	0.12891986
1000	1022	189	7	2.94364064	27.52318913
1000	1022	189	8	9.00481989	82.73324807
1000	1022	189	9	10.19497739	40.35536854
1000	1022	189	10	0.76197079	2.45999055
1000	1022	189	11	5.63500718	27.71190812
1000	1022	189	12	0.01297706	0.15677623
1000	1022	189	13	0.18233298	4.23610240
1000	1022	189	14	10.07090309	39.82202003
1000	1022	189	15	0.22090111	0.81066123
1000	1022	189	16	2.12848654	8.94258987
1000	1022	189	17	0.30597644	4.71647919
1000	1022	189	18	2.12188639	13.72032927
1000	1022	189	19	7.91088585	33.53249336
1000	1022	190	0	0.05219402	4.78015739
1000	1022	190	1	7.34556400	117.13205688
1000	1022	190	2	0.01174828	0.24177401
1000	1022	190	3	2.69631513	31.82776765
1000	1022	190	4	0.01190014	0.07577822
1000	1022	190	5	2.48674093	21.41809584
1000	1022	190	6	0.01014360	0.12813980
1000	1022	190	7	2.94371894	27.52363937
1000	1022	190	8	9.00511209	82.73389330
1000	1022	190	9	10.19616216	40.36509928
1000	1022	190	10	0.81474943	2.59324768
1000	1022	190	11	5.63676465	27.71934903
1000	1022	190	12	0.01275597	0.15571013
1000	1022	190	13	0.16412449	4.01827533
1000	1022	190	14	10.05162720	39.80402448
1000	1022	190	15	0.23636511	0.82492068
1000	1022	190	16	2.09719899	8.86347351
1000	1022	190	17	0.33072490	4.68195576
1000	1022	190	18	2.27305903	14.02769804
1000	1022	190	19	7.74432575	33.17232898
1000	1022	191	0	0.04428328	4.51728084
1000	1022	191	1	7.29341118	118.59699839
1000	1022	191	2	0.01088351	0.22231935
1000	1022	191	3	2.70379093	32.06588891
1000	1022	191	4	0.01170282	0.07469399
1000	1022	191	5	2.63851593	21.78903723
1000	1022	191	6	0.00997499	0.12725091
1000	1022	191	7	2.94379325	27.52411975
1000	1022	191	8	9.00540599	82.73476052
1000	1022	191	9	10.19719632	40.37355886
1000	1022	191	10	0.87210978	2.74522617
1000	1022	191	11	5.63846483	27.72703635
1000	1022	191	12	0.01254478	0.15451844
1000	1022	191	13	0.14749926	3.80281663
1000	1022	191	14	10.02842417	39.77131221
1000	1022	191	15	0.25500781	0.85100932
1000	1022	191	16	2.06242951	8.77260057
1000	1022	191	17	0.35768087	4.67467316
1000	1022	191	18	2.43775733	14.44558985
1000	1022	191	19	7.55996927	32.73444184
1000	1022	192	0	0.03755052	4.26382030
1000	1022	192	1	7.23347422	119.93623959
1000	1022	192	2	0.01011254	0.20451071
1000	1022	192	3	2.71014532	32.29309486
1000	1022	192	4	0.01151575	0.07359822
1000	1022	192	5	2.79778130	22.27510995
1000	1022	192	6	0.00981439	0.12626994
1000	1022	192	7	2.94386342	27.52462308
1000	1022	192	8	9.00569880	82.73582725
1000	1022	192	9	10.19809983	40.38091750
1000	1022	192	10	0.93389255	2.91572301
1000	1022	192	11	5.64009856	27.73486276
1000	1022	192	12	0.01234420	0.15322230
1000	1022	192	13	0.13236569	3.59108582
1000	1022	192	14	10.00098071	39.72368455
1000	1022	192	15	0.27707829	0.88909053
1000	1022	192	16	2.02400951	8.66939141
1000	1022	192	17	0.38683623	4.69487229
1000	1022	192	18	2.61564182	14.97291363
1000	1022	192	19	7.35844414	32.22020649
1000	1022	193	0	0.03183405	4.02033314
1000	1022	193	1	7.16522740	121.14830715
1000	1022	193	2	0.00942534	0.18822944
1000	1022	193	3	2.71553409	32.50910712
1000	1022	193	4	0.01133922	0.07250314
1000	1022	193	5	2.96337652	22.87243106
1000	1022	193	6	0.00966221	0.12521283
1000	1022	193	7	2.94392941	27.52514274
1000	1022	193	8	9.00598820	82.73707070
1000	1022	193	9	10.19888968	40.38732240
1000	1022	193	10	0.99986738	3.10442779
1000	1022	193	11	5.64165936	27.74273356
1000	1022	193	12	0.01215459	0.15184168
1000	1022	193	13	0.11862788	3.38422244
1000	1022	193	14	9.96892304	39.66067989
1000	1022	193	15	0.30287354	0.93953514
1000	1022	193	16	1.98179506	8.55324086
1000	1022	193	17	0.41814673	4.74276852
1000	1022	193	18	2.80616852	15.60838318
1000	1022	193	19	7.14058646	31.63128616
1000	1022	194	0	0.02699038	3.78717828
1000	1022	194	1	7.08811609	122.23127596
1000	1022	194	2	0.00881299	0.17336221
1000	1022	194	3	2.72009513	32.71382460
1000	1022	194	4	0.01117329	0.07141917
1000	1022	194	5	3.13400357	23.57634066
1000	1022	194	6	0.00951862	0.12409455
1000	1022	194	7	2.94399125	27.52567283
1000	1022	194	8	9.00627224	82.73846822
1000	1022	194	9	10.19958027	40.39290063
1000	1022	194	10	1.06972715	3.31087905
1000	1022	194	11	5.64314302	27.75056680
1000	1022	194	12	0.01197609	0.15039512
1000	1022	194	13	0.10618829	3.18316243
1000	1022	194	14	9.93181627	39.58157977
1000	1022	194	15	0.33273866	1.00291641
1000	1022	194	16	1.93567744	8.42354925
1000	1022	194	17	0.45152710	4.81851746
1000	1022	194	18	3.00856763	16.35033839
1000	1022	194	19	6.90746139	30.96976992
1000	1022	195	0	0.02289328	3.56454749
1000	1022	195	1	7.00157264	123.18276293
1000	1022	195	2	0.00826762	0.15980137
1000	1022	195	3	2.72394942	32.90729192
1000	1022	195	4	0.01101783	0.07035500
1000	1022	195	5	3.30825422	24.38134117
1000	1022	195	6	0.00938364	0.12292897
1000	1022	195	7	2.94404904	27.52620808
1000	1022	195	8	9.00654932	82.73999767
1000	1022	195	9	10.20018384	40.39776157
1000	1022	195	10	1.14308615	3.53442617
1000	1022	195	11	5.64454728	27.75829299
1000	1022	195	12	0.01180863	0.14889964
1000	1022	195	13	0.09494982	2.98865581
1000	1022	195	14	9.88916406	39.48541288
1000	1022	195	15	0.36706687	1.08000659
1000	1022	195	16	1.88559421	8.27975620
1000	1022	195	17	0.48684743	4.92217817
1000	1022	195	18	3.22183245	17.19656893
1000	1022	195	19	6.66037263	30.23829674
1000	1022	196	0	0.01943255	3.35249369
1000	1022	196	1	6.90503532	123.99993699
1000	1022	196	2	0.00778222	0.14744530
1000	1022	196	3	2.72720233	33.08967123
1000	1022	196	4	0.01087259	0.06931771
1000	1022	196	5	3.48464537	25.28106987
1000	1022	196	6	0.00925716	0.12172876
1000	1022	196	7	2.94410290	27.52674388
1000	1022	196	8	9.00681817	82.74163775
1000	1022	196	9	10.20071073	40.40199922
1000	1022	196	10	1.21948231	3.77419908
1000	1022	196	11	5.64587141	27.76585444
1000	1022	196	12	0.01165200	0.14737065
1000	1022	196	13	0.08481748	2.80128462
1000	1022	196	14	9.84040877	39.37095763
1000	1022	196	15	0.40629898	1.17177430
1000	1022	196	16	1.83154004	8.12137723
1000	1022	196	17	0.52393148	5.05367556
1000	1022	196	18	3.44472017	18.14415003
1000	1022	196	19	6.40085917	29.44015835
1000	1022	197	0	0.01651260	3.15095608
1000	1022	197	1	6.79797036	124.67954745
1000	1022	197	2	0.00735065	0.13619848
1000	1022	197	3	2.72994497	33.26121751
1000	1022	197	4	0.01073722	0.06831292
1000	1022	197	5	3.66166008	26.26830948
1000	1022	197	6	0.00913896	0.12050540
1000	1022	197	7	2.94415300	27.52727624
1000	1022	197	8	9.00707783	82.74336819
1000	1022	197	9	10.20116966	40.40569423
1000	1022	197	10	1.29838404	4.02908805
1000	1022	197	11	5.64711593	27.77320449
1000	1022	197	12	0.01150585	0.14582199
1000	1022	197	13	0.07569960	2.62148097
1000	1022	197	14	9.78493246	39.23674430
1000	1022	197	15	0.45092215	1.27938207
1000	1022	197	16	1.77357695	7.94804216
1000	1022	197	17	0.56255722	5.21276373
1000	1022	197	18	3.67576570	19.18930098
1000	1022	197	19	6.13067862	28.57937354
1000	1022	198	0	0.01405101	2.95978230
1000	1022	198	1	6.67989688	125.21797306
1000	1022	198	2	0.00696745	0.12597159
1000	1022	198	3	2.73225576	33.42225719
1000	1022	198	4	0.01061130	0.06734492
1000	1022	198	5	3.83779147	27.33503873
1000	1022	198	6	0.00902876	0.11926917
1000	1022	198	7	2.94419952	27.52780178
1000	1022	198	8	9.00732755	82.74516995
1000	1022	198	9	10.20156797	40.40891559
1000	1022	198	10	1.37920111	4.29773533
1000	1022	198	11	5.64828235	27.78030645
1000	1022	198	12	0.01136978	0.14426590
1000	1022	198	13	0.06750865	2.44954445
1000	1022	198	14	9.72205930	39.08105757
1000	1022	198	15	0.50146739	1.40418324
1000	1022	198	16	1.71184277	7.75953417
1000	1022	198	17	0.60245988	5.39899247
1000	1022	198	18	3.91330846	20.32727593
1000	1022	198	19	5.85177778	27.66072744
1000	1022	199	0	0.01197707	2.77874762
1000	1022	199	1	6.55041433	125.61129351
1000	1022	199	2	0.00662785	0.11668136
1000	1022	199	3	2.73420180	33.57316988
1000	1022	199	4	0.01049436	0.06641687
1000	1022	199	5	4.01158639	28.47252188
1000	1022	199	6	0.00892620	0.11802918
1000	1022	199	7	2.94424266	27.52831764
1000	1022	199	8	9.00756684	82.74702534
1000	1022	199	9	10.20191180	40.41172223
1000	1022	199	10	1.46129928	4.57853998
1000	1022	199	11	5.64937291	27.78713261
1000	1022	199	12	0.01124331	0.14271313
1000	1022	199	13	0.06016190	2.28565882
1000	1022	199	14	9.65105972	38.90194089
1000	1022	199	15	0.55850563	1.54771720
1000	1022	199	16	1.64655729	7.55582782
1000	1022	199	17	0.64333750	5.61167935
1000	1022	199	18	4.15553107	21.55229612
1000	1022	199	19	5.56625176	26.68977171
1000	1022	200	0	0.01023034	2.60757138
1000	1022	200	1	6.40923142	125.85538472
1000	1022	200	2	0.00632764	0.10825051
1000	1022	200	3	2.73584031	33.71437298
1000	1022	200	4	0.01038593	0.06553090
1000	1022	200	5	4.18168598	29.67143299
1000	1022	200	6	0.00883093	0.11679339
1000	1022	200	7	2.94428261	27.52882148
1000	1022	200	8	9.00779536	82.74891809
1000	1022	200	9	10.20220624	40.41416433
1000	1022	200	10	1.54401779	4.86967597
1000	1022	200	11	5.65039041	27.79366311
1000	1022	200	12	0.01112595	0.14117298
1000	1022	200	13	0.05358173	2.12990778
1000	1022	200	14	9.57115687	38.69720379
1000	1022	200	15	0.62264180	1.71170186
1000	1022	200	16	1.57802514	7.33712375
1000	1022	200	17	0.68485892	5.84988920
1000	1022	200	18	4.40050797	22.85752964
1000	1022	200	19	5.27629429	25.67278374
