time	gene_0	gene_1	gene_2	gene_3	gene_4	gene_5	gene_6	gene_7	gene_8	gene_9	gene_10	gene_11	gene_12	gene_13	gene_14	gene_15	gene_16	gene_17	gene_18	gene_19	gene_20	gene_21	gene_22	gene_23	gene_24	gene_25	gene_26	gene_27	gene_28	gene_29	gene_30	gene_31	gene_32	gene_33	gene_34	gene_35	gene_36	gene_37	gene_38	gene_39	gene_40	gene_41	gene_42	gene_43	gene_44	gene_45	gene_46	gene_47	gene_48	gene_49
0	0.7509112767382908	0.7539173810764264	0.015358254958906747	0.35706004860688634	0.3051019573245206	0.8082753516007429	0.44937357700514313	0.7257066096271478	0.8970890279860189	0.506689085402074	0.3709199375604586	0.15890500343278824	0.5507146394234098	0.07236422016868582	0.32810461704368643	0.8538642961816548	0.5679966443261661	0.1966213607244126	0.9457526718912236	0.8257569229793856	0.7207881469523575	0.21275659362463373	0.8566170726398306	0.8996926724078215	0.8491392215189928	0.33842426256116553	0.9502319188240357	0.5575279074773227	0.2959155435368003	0.34043714681312187	0.14502419957383428	0.4594743828158846	0.6706540941601716	0.7564485533515021	0.2913474733662039	0.6248892309094104	0.4611116233415532	0.8929319312471169	0.09307402953560018	0.8947745667416412	0.9274421613590013	0.7137803643904185	0.09718127371506768	0.3417662598314035	0.11610992180434476	0.165344694192315	0.052855530537701534	0.644199383145064	0.13322494602524626	0.17622202797833297
1	0.029072819579848766	0.03037330409688404	0.0005750816541146451	0.015290900438738392	0.01146058648386936	0.030936820207875224	0.018805648139591055	0.02946345534253184	0.03623209099373168	0.019390009852461094	0.014311549494605629	0.006340743848442519	0.02137503486631685	0.0029009402630009885	0.012304957187312475	0.033453432774058246	0.022049321371287442	0.00748907077924604	0.04007543863481758	0.03420830003232602	0.029695851992340497	0.008316224472275752	0.03614829675698979	0.03463943207717506	0.03368018879330643	0.012773011977080122	0.039975245286363016	0.02315792301037241	0.01131967194619572	0.013983502535197211	0.0060964518895240205	0.01774511094687307	0.025927082731800895	0.029200831029452593	0.011629976047129127	0.023631149912620275	0.01759203139279016	0.035049642832470945	0.0035079006275574843	0.03349094455486025	0.03908279680465397	0.027777691031763117	0.004157522898094898	0.013506053587150148	0.0047597986736043745	0.006451525673532119	0.002267914461118542	0.025466709388205885	0.005499954233567268	0.007360056394874926
2	0.0154681720509824	0.01908941177732243	0.0071447584790484036	0.01804801400086595	0.014019378253383646	0.017992345584058177	0.019125037333287367	0.02539989215264179	0.027596962298037753	0.012082966184121859	0.00818569207551228	0.007813300891379965	0.032038817085922926	0.0013798816330166735	0.03066039384593186	0.030505922530311178	0.029828935140212152	0.020638057829575156	0.02598407439621407	0.05102986492040777	0.019177804145448205	0.004585812411971579	0.027415510813852472	0.025325925427281466	0.031743660234662976	0.02227531714673969	0.020704890749921878	0.038504696944186095	0.008785813701421159	0.009886444229385928	0.005852943089565419	0.0111833999568517	0.02805908581274751	0.02882218186951175	0.02548290882161937	0.012873224020293242	0.03401941063816388	0.026763298962885748	0.020178972921772485	0.030726884069450015	0.02150126914746549	0.020689683138464466	0.006596686176640847	0.014275784974091264	0.024037225644652726	0.00452987682617576	0.003020499909639563	0.017600351015612335	0.015727584447277627	0.02562097429001349
3	0.009041237431857163	0.01371306877852	0.010980535099928395	0.019061278142395655	0.015686378125511786	0.010808337927801427	0.02009801005005256	0.023214757187942213	0.023142007625366362	0.007635852572046953	0.00476107928815938	0.008689736767676768	0.03723640300876731	0.0006775136673696839	0.04054840593336497	0.028921701831661373	0.035602221559671195	0.026024659720762986	0.018581594597892746	0.060535599127660204	0.013382625754051913	0.0025873538994317085	0.022394838206067157	0.01974721109815338	0.030243868834444562	0.027845403486450402	0.011670076821107893	0.04666697468057219	0.0069225517845679825	0.0075250409241513945	0.005780559505975848	0.008055897512217271	0.029238515315164044	0.027836769501079512	0.034821921674245505	0.0069959892819166465	0.0439811370972595	0.021213766558838373	0.02663084689840207	0.02707560889835757	0.012887005554562236	0.015860490431926853	0.00784978289447369	0.01501649704669131	0.034414331886885884	0.0034716635100133795	0.003590422304172607	0.01310979453642242	0.02241205122929484	0.03581062442869271
4	0.008614922833063726	0.011182131784625916	0.012863254034892009	0.01697776331942093	0.01668984329637088	0.007100454279207236	0.021630698264742277	0.022459667575771225	0.026273332438402304	0.005015278339134591	0.0031963367753420867	0.007462845276393884	0.0407936932898295	0.00036891026426257766	0.036268488413298876	0.028094611735693987	0.03839438097176627	0.02993873651376632	0.016038441462556095	0.06904685205456171	0.010143505315463748	0.001967774335037147	0.022141104527701946	0.014019608667670899	0.02347278136609963	0.0316863350145385	0.007073659586835403	0.049779589497902996	0.005829962802720279	0.006676522137149085	0.0047430585260259915	0.00756037680895638	0.02732646244262496	0.027609564848290895	0.0406970875807166	0.005031892801371438	0.051684304843739926	0.018201758124622713	0.02995168225087426	0.019250418436789797	0.008206829619083249	0.013299587424270728	0.01983700908174735	0.01604149051606535	0.04087952779734908	0.002649379717249435	0.0029508118136292987	0.012728110013150103	0.021491522232999986	0.03865763894622038
5	0.008904627610411346	0.009984789815681287	0.013646284797360115	0.014143116842742207	0.017250015975933695	0.004985297321000527	0.023705878303592283	0.022412004133920853	0.029070660295116218	0.003405036955131731	0.0022044105455295187	0.0062200440007533315	0.04399874792945429	0.00023182714699921514	0.030376442983013462	0.027521461240850715	0.039388393022972014	0.03257667109615467	0.0158031169842942	0.07739210574701284	0.008185743195078263	0.0015685031886806284	0.02390766084836175	0.00937294472529081	0.017077961477252223	0.034722776923431474	0.00450214002512919	0.04865766549219181	0.005197632363785316	0.007407774104424055	0.003638759271327399	0.007926599819266078	0.024455532758805163	0.028144189070568336	0.043857860063097096	0.004118789463166907	0.058792425130456315	0.016785478952425603	0.03221598716508698	0.013459092271214038	0.005449749909358105	0.012081791781692088	0.028166173948643368	0.016973617335308933	0.04500454541863206	0.0019792359187441265	0.002341049639283143	0.014185601068022741	0.019430940778955144	0.03717084514439636
6	0.009286677040225733	0.009310252645652049	0.014126195924780644	0.012073704718258162	0.017701771194909045	0.0037188122827749607	0.026024161746004706	0.022669381178420975	0.03128410533253702	0.0023588367149115345	0.0015804225328801581	0.005288708110766999	0.04686127355163779	0.00016472931732512827	0.025344518600717732	0.026590870468705587	0.03924680322342517	0.03385305193140239	0.015924305548859416	0.08507483595153849	0.006700869840742951	0.0013961837384968178	0.026290040832162277	0.0064646216763647405	0.012377488724848193	0.037267585040026426	0.002936009382045188	0.04615261119985492	0.004785835583026354	0.008967161342404792	0.0028704496651163485	0.007496103193380381	0.021816851144902536	0.02897829725622512	0.044665070484222254	0.0037706893841309074	0.06539428177926541	0.015907361027890147	0.033905496737151784	0.009636672498936094	0.0036888332120817552	0.011386142926304662	0.032660317381357606	0.017280707674745946	0.04803100639358432	0.0014294426312506227	0.0018607563098765193	0.016138642895526124	0.017495862373535197	0.03376518965480998
7	0.00967672094081338	0.008878824638431098	0.014555657675367258	0.010635737383974221	0.01798875893263238	0.002905978304461434	0.02849333089765572	0.023114615840901406	0.03317739992525894	0.001655951496178257	0.0011853118254986942	0.0045871695447956785	0.049520231315434274	0.00012629093242390817	0.02125975038587165	0.025378461756807177	0.0383635059971144	0.03414073670783663	0.015752161968949668	0.09220717012596559	0.005478892391014092	0.0013646485512207812	0.0287389107872157	0.004675134790830978	0.009254653958473627	0.03960369541427138	0.0019462931104238196	0.04344582929673577	0.004495520077100276	0.010843237596097746	0.00234239398059437	0.006378868971848726	0.01953236104135708	0.0300141399411271	0.0439682875039072	0.003712465867392874	0.07164408875558212	0.015139830797099832	0.03530490805092121	0.007081611225955064	0.0025248591810727496	0.010884581540267816	0.034191246668904315	0.01700712551389815	0.05035076930647747	0.001011041552889306	0.0014907491711737971	0.018109410526555667	0.015826421993427507	0.030034255839791704
8	0.01004901172165062	0.008561119952058924	0.014962359031195898	0.009624854307188443	0.018116237221502383	0.002366800145101417	0.030993639435835656	0.02362968915999215	0.03486090622488452	0.0011710135527884962	0.000933071564032749	0.004042644762142864	0.051953636220074886	0.0001025449509616358	0.017883117397489046	0.024008232452305548	0.03702977772621575	0.03394188005121636	0.015318792502918085	0.0987201310914784	0.004468107828348266	0.0014181457044811212	0.03108198857358106	0.0035553588126017105	0.007225161214704316	0.04176883257214755	0.0013059640268981156	0.04081713712959856	0.00427294703464159	0.01286507179294453	0.0019737898466574404	0.005168765721390261	0.017559285771915782	0.03114180903977405	0.042365092063272845	0.0038047590752313897	0.07747764097493919	0.014387125282123015	0.03649511673871155	0.005346188795657894	0.0017361635437583823	0.010458414795088177	0.033766672335090016	0.01636909770311486	0.05208634943218015	0.0007077917641237392	0.0012006166631224268	0.02001322441529059	0.014349946038626249	0.026543975838951284
9	0.010392686471245671	0.008289487115264262	0.015353050551234168	0.00889736286246097	0.01811529369373459	0.002003792798665092	0.0334525358908602	0.024147427658820327	0.03639328195256315	0.00083184871224547	0.0007739848556370475	0.0036156796685568315	0.054158544544017195	8.742531627955841e-05	0.015048751918580098	0.02255667834551846	0.03542228078713401	0.033540129640583186	0.014736812781572796	0.1045646742149638	0.003634538463421597	0.0015291149346997753	0.033169738854522283	0.002845797365308191	0.00591309899364984	0.04375490127681663	0.0008860589303680662	0.03837581218976016	0.00409570386913737	0.014986237330146845	0.0017163287918721263	0.0041180929259473364	0.015861841384545997	0.03229522201898696	0.04023935449599814	0.00398062736446313	0.08286296759450162	0.013637017661982808	0.03752756714187071	0.004169002505647919	0.0011952253262774643	0.010072755955152876	0.03218467901786027	0.015518864163167091	0.05336376796608647	0.0004927101467763819	0.0009704842964898566	0.021733692084667817	0.013013202213524222	0.02347386495641328
10	0.010702996947338552	0.008035879186983095	0.015736047852650932	0.00836136257152249	0.018018904611312166	0.001757721645610136	0.03582682458854984	0.02462971499031334	0.03780061125025559	0.0005932148011981919	0.0006763359520630215	0.003282620632778537	0.05614766844686326	7.762862156610139e-05	0.012651057720283538	0.0210763277184324	0.033656565049739656	0.03308089620972185	0.014092097427889068	0.10973770696665305	0.002949692754557938	0.0016796464493408609	0.03490490120350797	0.002393828953317913	0.005057681277940316	0.04555347996940472	0.000608658197634381	0.036176780606073496	0.003953305284307301	0.017177735349267965	0.001538485746674395	0.003286269485226071	0.014408041423469593	0.033436747623264415	0.037840994756879395	0.004200860869809895	0.08779975323732166	0.012893078672669957	0.0384356671173955	0.0033831711443323555	0.0008224298602532073	0.009716765764862245	0.03001828698089821	0.01456077536723079	0.05430022599283071	0.0003419692367783359	0.0007868846775995171	0.02318932624919692	0.011787640531081636	0.02085473202514763
11	0.01098013087388282	0.0077956145355562185	0.016115811625337994	0.00795927916472159	0.017854885384542725	0.0015900449655674212	0.03808826699469432	0.025056783002631682	0.039090214253753745	0.0004249921712184725	0.0006187178287167879	0.0030269002397785164	0.05793459564573044	7.11828583890935e-05	0.010616938610278754	0.019604583075721306	0.03181234397355136	0.032634206385564246	0.013440959750214523	0.11426765971779707	0.002389214022063102	0.001856849266437076	0.03625130142324364	0.002107080347061134	0.00448287638316556	0.04716578748827156	0.0004246646360638782	0.03424482639452731	0.003840225903345498	0.019414424597203057	0.0014181525667969948	0.0026570167857155077	0.01316551046745478	0.03453894156664018	0.03533183738197565	0.004441539641521007	0.0922958419051161	0.012162230821656971	0.03924085282795986	0.002874653649045168	0.0005652439533422538	0.009387840612885563	0.02766101099954959	0.013566170987238113	0.0549925930856662	0.0002371591037380442	0.0006399170033458573	0.02434706348658735	0.010658092774560706	0.018656968860173435
12	0.011226180527644972	0.0075734930394990106	0.016493515412384623	0.00765435519936952	0.017645006814192225	0.0014749348004286522	0.040217658467363956	0.025419814782868606	0.040262724492215025	0.0003064357881956861	0.0005865820841836624	0.0028353836966454413	0.059531982066598176	6.687936607382693e-05	0.008891096512128077	0.018168105188436406	0.029946257817043114	0.032228451625365466	0.012818670244753165	0.11819740259078597	0.0019323047559462827	0.002051369562563435	0.03721559703412787	0.0019283601596966728	0.004075518921424717	0.04859918655370198	0.0003023450217717613	0.03258569892933898	0.0037533556415007985	0.02167560609527002	0.0013392225912404545	0.0021921802714783144	0.012103293470849229	0.035581165432511955	0.03281611095975504	0.004688149915419344	0.0963623232590167	0.011451719658147319	0.03995637977832544	0.002562417771255952	0.00038796712028755495	0.009086489144870554	0.025365769642228038	0.0125828994189654	0.05551706710887788	0.00016471907526328635	0.0005220043588117393	0.02520866127301805	0.00961595222535067	0.016831234332809003
13	0.011443574500644189	0.007375192579608949	0.016868638645563025	0.007421909910446541	0.017406299348775998	0.0013950165026483873	0.04220235432162725	0.025716719293614798	0.04131910944205782	0.0002230003152666865	0.0005702897627317174	0.0026970244164633466	0.06095188369363959	6.396676186615605e-05	0.0074289480419736	0.01678566817996803	0.028099188445495193	0.03187118142639812	0.01224630804789956	0.12157506705199361	0.0015612786042891128	0.0022564309183460887	0.03782926346663629	0.001821468918652527	0.0037680016652424913	0.04986403247850473	0.00022088033019857629	0.031192572303249066	0.003690731061750555	0.023943547595559937	0.0012899006791035846	0.0018530138798492244	0.011194552241357158	0.03654881515274122	0.03036053073014761	0.004931933543643754	0.10001319420132533	0.010768104349857482	0.04059062836566556	0.002387985524901861	0.0002659931621312285	0.008814090967202507	0.023278496601109127	0.01164186525357899	0.05593081131371076	0.00011489111236883439	0.0004272763656429386	0.025796262149902622	0.008655746553947572	0.015326359820700687
14	0.011634632456394981	0.007203415119526578	0.017239513234932745	0.0072439660683262744	0.01715230234083829	0.0013386533811552495	0.04403525196845805	0.02594978833252542	0.042263612568891384	0.00016439617490276296	0.0005637013160089661	0.0026023018338304144	0.06220630431737441	6.197350137694861e-05	0.006193112301512317	0.015470195485380768	0.0263007849940932	0.03156111144948883	0.011735549037735564	0.12445045401363473	0.0012611638770727788	0.002467042271352113	0.03813608518541104	0.001762785596237913	0.0035230864553671953	0.05097232780680571	0.00016649893246114408	0.030048866762601916	0.003650893725535834	0.026202376420602136	0.0012615804939300453	0.0016070618363727561	0.01041744257990674	0.03743288988520252	0.028007338519927052	0.005167615582824227	0.10326622521203639	0.01011696798684149	0.04114974405773935	0.002308939641865163	0.00018226156591499005	0.008571971333145627	0.021469024696322673	0.010761782715539707	0.056274262807620566	8.075209142624249e-05	0.0003511565965098868	0.026142224135728257	0.007773441420044731	0.014095169911265984
15	0.011801567132986695	0.007057397187251394	0.017603438102704275	0.0071065059515325706	0.016893781554321224	0.0012980855891704963	0.045714130985051164	0.026124195986042754	0.043103826824275465	0.00012331718337218456	0.0005630576947226586	0.002542934091763429	0.06330748591715028	6.060112947401785e-05	0.005151516936941781	0.014230163314600922	0.024572322074285127	0.0312938959827137	0.011291737710424308	0.12687372624542353	0.0010193380687469303	0.00267942398558516	0.03818470544107841	0.001736361769074713	0.0033215741452813775	0.05193712352305082	0.0001300584259458171	0.0291305291160751	0.0036325685212450953	0.02843773547443873	0.0012479972694914685	0.001429211420975045	0.009754436596121959	0.038229325414307416	0.025782526451840516	0.005392052945038837	0.10614337477807377	0.009502801727670951	0.04163927198508289	0.002294492596341593	0.00012492341287509206	0.008361019075996649	0.019957062629471122	0.009952688902462932	0.056574092974886296	5.7438243797392025e-05	0.00029004163830479644	0.026283173111192035	0.006965544957222304	0.013095417804116641
16	0.01194659406677436	0.0069340391367363535	0.017956885224720005	0.0069983476103080205	0.01663902777149222	0.0012681262552939126	0.04724102948792014	0.026246909151423477	0.04384934682754848	9.457332651427993e-05	0.0005661062032002342	0.002511720491315707	0.06426806382510565	5.965647636854585e-05	0.004276307773641216	0.013070585842505639	0.022928582451742716	0.031064036139812668	0.01091569197650141	0.12889497930946844	0.0008252000638607664	0.0028906056732261455	0.03802443147097251	0.0017311226340481595	0.0031535532784073175	0.05277219092881588	0.00010548804224265068	0.028408628233351416	0.003634487869000228	0.03063665072297734	0.001244574988835135	0.001300686860192699	0.009190996273839479	0.03893817297026038	0.02370101525628154	0.005603430096680311	0.1086705756945045	0.008928907852843325	0.042064928063882456	0.0023223601028543395	8.575466325527936e-05	0.008181481287199322	0.018731894279440393	0.009218531116309173	0.056846457401561905	4.155809488550307e-05	0.00024105492038307337	0.026256741097984676	0.006228639094991014	0.012289271618519637
17	0.012071998883480067	0.006829309960328251	0.018295888225167766	0.006910736486511541	0.01639400551379921	0.001245271465427102	0.04862153279096301	0.02632582523491496	0.0445102201818864	7.44840923399294e-05	0.000571472822160145	0.0025024509388759265	0.06510108915524551	5.900877559758659e-05	0.00354317132492218	0.011993732435236047	0.02137916514220519	0.030865294297826466	0.010604818384188391	0.1305638684466547	0.0006698831904588651	0.0030981507077198485	0.03770270870542597	0.0017392600293091632	0.0030131383964361208	0.05349172353899396	8.876436715841931e-05	0.0278520387372784	0.0036552797821859124	0.03278735374801034	0.0012479429417846175	0.0012076180589185804	0.00871436756269151	0.0395627157904523	0.021769963891816155	0.005800771549330974	0.11087697573181426	0.008397329442577855	0.0424327942147466	0.0023765253375516507	5.9058484394060476e-05	0.00803283802052992	0.017766164571020954	0.008559069848102141	0.057100076428919795	3.0761119459209756e-05	0.00020186934402866846	0.026099571700115065	0.005559151731795135	0.011642788469243121
18	0.012180124957844277	0.006739255618565779	0.018616515853275825	0.0068370953010960705	0.01616255953765666	0.0012271225433687796	0.04986396414507686	0.026369078707174042	0.045095883075242274	6.044715856959323e-05	0.0005782623029571658	0.0025098460891481485	0.06581988712512653	5.856421892040015e-05	0.0029308755756606406	0.010999681866219331	0.0199294661567608	0.030691011611786046	0.010353977730436215	0.13192892851650087	0.0005460073575963059	0.0032999882784798223	0.037263336563644806	0.001755262881067687	0.0028958856166744294	0.05410997671245516	7.722861262197318e-05	0.027429824603766435	0.0036933961046865236	0.03487909571572644	0.0012556008755434636	0.0011397879482070003	0.00831285465539165	0.040108587466814394	0.019990950356062617	0.005983647897249266	0.11279381843746807	0.007908850788871167	0.04274921897709323	0.0024456252910107995	4.089938106848882e-05	0.007913766459363097	0.017024889973989196	0.007971282904329503	0.05733884958091487	2.342658589949991e-05	0.00017058537001272741	0.025845790699214905	0.004953272916556254	0.011125742896834
19	0.012273300065471456	0.006660488093905884	0.018915316933249913	0.006772716411469372	0.015946746160910682	0.00121202666089165	0.05097853827360813	0.02638450475749909	0.04561472301554469	5.062910410891184e-05	0.0005858361012297123	0.0025295035019503444	0.06643778450601341	5.825217266528515e-05	0.0024209281518660537	0.01008678408592599	0.018581484490159884	0.030534676768256722	0.010156302268766348	0.13303659482354024	0.0004474649754683451	0.0034943343061693928	0.03674509221497551	0.0017752845066546406	0.002797847818055563	0.054640857076096304	6.912864990319485e-05	0.027113086849367213	0.0037470801476870716	0.03690205345154356	0.0012656990467518126	0.0010896904484189245	0.007975569736666537	0.04058295447413703	0.01836148738885719	0.006152001727788403	0.11445319947313772	0.007463089878424106	0.04302061062305916	0.0025217687847798997	2.8567057603108084e-05	0.00782220494085172	0.016471004639820146	0.007450407020582969	0.05756389295195072	1.8441969010267838e-05	0.00014564745399867518	0.025525732364989208	0.00440696078668545	0.010711702889532318
20	0.012353742539112127	0.006590304178968102	0.019189656237208877	0.006714388956229866	0.01574724834645071	0.0011988540095974212	0.05197655861494322	0.026379257114801297	0.04607408430491974	4.3743049493066856e-05	0.0005937058831955451	0.002557834641767715	0.06696777995476541	5.801828179502331e-05	0.001997296739664603	0.009252068059096502	0.017334533234649434	0.030390549262275187	0.01000398308560545	0.13393013908760132	0.00036923428316335243	0.00367967465666176	0.03618078378388538	0.001796699699546068	0.0027154080090512306	0.05509752318968441	6.331194098225744e-05	0.026876196090699196	0.0038143748071434837	0.038847373597386534	0.0012768933529043736	0.001051852838389406	0.007692473532305184	0.04099380733549648	0.016876152926362183	0.006306045783101005	0.11588689378034218	0.007058671219569378	0.043253218937309344	0.00259965153663933	2.020103456888606e-05	0.007755499305471402	0.01606860900698487	0.006990710470220855	0.05777500315736393	1.504668134047424e-05	0.0001257838870918773	0.02516503297579415	0.00391600148059309	0.010378125117807214
21	0.012423482282545419	0.0065266255584870555	0.019437901081596973	0.006660023090318917	0.015563795514607676	0.0011868520990939858	0.05286972222316846	0.0263595703472864	0.04648046095613358	3.888906067450616e-05	0.000601488931649974	0.0025919865765085346	0.06742222675616145	5.7821037106098075e-05	0.0016461612325255487	0.008491608447451844	0.01618588263452558	0.03025408273762258	0.009888968767052558	0.13464876097079667	0.0003072147555755355	0.0038547814752915993	0.03559683488003028	0.001817781381304596	0.002645357319106437	0.055492058076993915	5.902074858269453e-05	0.02669743677659325	0.0038931667336234263	0.040707332637500114	0.0012882416634728412	0.001022340343714429	0.00745451014153786	0.04134938130331554	0.015527487289019743	0.006446202348595705	0.11712536995294286	0.006693447173368072	0.04345294589269767	0.0026758778181592228	1.4528288418196072e-05	0.0077105960330875745	0.015784793622111902	0.006586058225319777	0.0579716096306175	1.2722718443236472e-05	0.00010995994741659875	0.024784230830951756	0.003476096015544896	0.010106305671349042
22	0.012484313656871143	0.0064678890034321375	0.01965945728065689	0.006608324348547329	0.015395525011181266	0.0011755419709775438	0.05366956510122555	0.026330647490366208	0.04683969915893379	3.5440057929833056e-05	0.0006088901303824525	0.002629749957385831	0.06781257134371055	5.762977532461826e-05	0.0013556821338943112	0.007800849228455086	0.015131332724686183	0.03012205259175537	0.009803518027517664	0.13522698872130492	0.0002580812086423082	0.004018737966408968	0.03501341516449557	0.0018374595819471563	0.0025849742049962945	0.055835247147958234	5.5756561370892696e-05	0.026559160431906766	0.003981256267904173	0.04247554825862753	0.0012991202428136875	0.0009983790759855878	0.007253711808335621	0.04165770905774123	0.014306726655164189	0.006573063733101054	0.11819703743930568	0.00636473249407083	0.043625199835806934	0.0027484323853786503	1.0680435097883738e-05	0.007684245278725461	0.015590598530815203	0.00623031206899649	0.0581533096270114	1.1118609953391166e-05	9.733887406983178e-05	0.02439888499688025	0.0030829537019392236	0.009881140640010862
23	0.012537780217059135	0.006412942717290816	0.01985468280477374	0.006558539436679522	0.015241257387289976	0.0011646392871963365	0.054387053930309695	0.026296647710825818	0.04715713601346495	3.296063671791371e-05	0.0006156923641995272	0.0026694597309306735	0.06814916652957619	5.742313039854598e-05	0.0011157793174999004	0.00717487834815538	0.014165705010648396	0.029992441051757593	0.009740582883643949	0.1356944318204478	0.00021915490556324299	0.004170954858567233	0.03444501362847015	0.001855139372175387	0.002532039913971988	0.05613646668332129	5.319092108670886e-05	0.026447582030495687	0.004076439685683949	0.04414716928382808	0.0013091511929642827	0.000978060290832874	0.0070832286216359	0.04192629802463235	0.013204399030705631	0.0066873610512115	0.11912772974818699	0.0060695241737953225	0.043774797881109405	0.002816269326069553	8.066810800401069e-06	0.007673185824116289	0.015461426231989489	0.005917598626124049	0.05832009671309387	9.996798228940022e-06	8.724825858124534e-05	0.024020093839761277	0.002732378265591543	0.00969073767853933
24	0.012585182443817238	0.006360960846484208	0.020024722297592765	0.006510270417602722	0.015099686850483424	0.0011539932502051865	0.055032313616280346	0.026260746844939623	0.047437670673257507	3.1149558992631124e-05	0.0006217482389596494	0.0027098964262163463	0.06844116301048948	5.7187569350942084e-05	0.0009179207493547359	0.006608649931774775	0.013283246584178166	0.029864192143218886	0.009694031955149831	0.13607584756104876	0.00018829085025108495	0.004311169792075052	0.03390128478422453	0.0018705618115142824	0.002484801673205015	0.056403669669756344	5.1106989556328245e-05	0.02635235665694906	0.004176590542497687	0.04571898992588633	0.0013181391067914828	0.0009601071757146259	0.006937288061232251	0.04216192019990029	0.012210793360444464	0.006789934095673851	0.1199404067501614	0.005804689561858738	0.043905916198286266	0.0028789968403829854	6.286708646643926e-06	0.007674295653027427	0.015377082125642566	0.005642473831175279	0.05847239221381896	9.19737587240284e-06	7.915098549574256e-05	0.023655235592564838	0.0024203389436221624	0.009525951554374634
25	0.012627598397592487	0.006311372512077376	0.02017130579884641	0.006463343806900635	0.014969502971927028	0.0011435402217775054	0.05561447182623661	0.026225245097099184	0.047685791007781905	2.9799167069561677e-05	0.0006269712790879661	0.0027501945816398926	0.06869647400983746	5.691593699485582e-05	0.0007549232352728797	0.006097154981189456	0.012477947645938276	0.029736936588501618	0.00965874260924887	0.13639144477975332	0.00016378060932689366	0.004439427387308297	0.03338799742714152	0.0018836971867294055	0.0024419107571795576	0.05664344761302481	4.936128439244887e-05	0.02626605184426808	0.004279729838188921	0.04718946433458641	0.0013260176649318794	0.0009436936055993281	0.00681110772107502	0.042370499218904414	0.011316311599330463	0.0068816995665071014	0.12065504906425834	0.005567115380544847	0.04402208370164053	0.0029366419398929233	5.068932392493744e-06	0.007684701967778698	0.015321550938370523	0.00540000927287341	0.058610971642940456	8.61318188263123e-06	7.262036634665694e-05	0.023308767189019215	0.0021430235793166684	0.009379908729474744
26	0.01266590982144283	0.006263800907704607	0.020296545936659856	0.006417720168631972	0.014849462685026566	0.0011332697740153946	0.056141598254012	0.02619169973507058	0.04790557994526923	2.876683683514988e-05	0.0006313265352070846	0.0027897623965766017	0.06892180248833396	5.660604278600028e-05	0.000620767754952881	0.00563554522138372	0.011743779772891077	0.029610746852244987	0.009630596462794285	0.1366573411903509	0.00014426976689247705	0.004556042350079147	0.03290795647642057	0.0018946634735760232	0.0024023548781934106	0.05686114537477835	4.785858408879949e-05	0.026183598681434498	0.004384078891111275	0.048558625118189064	0.0013328067221301516	0.0009283066275765566	0.006700784159995736	0.0425570767713888	0.010511717454054595	0.006963618100862233	0.1212887105890534	0.005353817055111896	0.04412621115358695	0.0029894805272089008	4.2303234064470025e-06	0.007701851516218011	0.01528259431372577	0.00518582248596952	0.058736851973299066	8.172750919613853e-06	6.731915299333054e-05	0.022982969104698454	0.0018968739145941958	0.009247562926253039
27	0.012700829364747337	0.006218010921914813	0.020402755768460262	0.006373432689463067	0.014738428674579123	0.001123200872611813	0.05662071562331313	0.026161065246718188	0.04810071761085758	2.795496494163975e-05	0.000634820909631469	0.002828214256347085	0.06912271692454079	5.6259348438605576e-05	0.0005104314122610604	0.005219216938712456	0.011074865937613709	0.029485945980838098	0.009606410435552094	0.13688610087149589	0.00012868879591318766	0.004661550642970858	0.03246182030030848	0.0019036651722457235	0.002365394074300143	0.05706100785526812	4.653543292067642e-05	0.0261017738170897	0.004488092848382039	0.04982792690022312	0.0013385794203135402	0.0009136447819101324	0.006603174081163103	0.04272583896915114	0.009788298767409607	0.007036662184773655	0.12185569073421008	0.005162011873798037	0.044220645665827805	0.0030379191291354623	3.647407281431398e-06	0.007723546204227944	0.015251244521310995	0.004996069376883036	0.05885117938050757	7.828674117364628e-06	6.298204013327443e-05	0.02267857894839309	0.0016786050872545407	0.009125302159537963
28	0.012732926808800789	0.006173865525546102	0.020492298622208853	0.006330546454476673	0.014635385901831293	0.0011133659038549829	0.05705786060009686	0.026133828316679195	0.04827448737821317	2.7296987242496033e-05	0.0006374935564213177	0.0028653160037917505	0.06930376026739492	5.587980712820896e-05	0.00041973711687532804	0.004843862401740535	0.010465594559234946	0.02936297130317247	0.009583829843329334	0.137087294497333	0.00011619589593763377	0.004756654714782261	0.032048779715983154	0.0019109488055031806	0.0023305031546097922	0.057246340664602456	4.534927930422248e-05	0.026018740558660335	0.004590475819603429	0.051000042208829574	0.0013434380652473483	0.0008995447378343145	0.006515777618016291	0.04288018361127133	0.009137961485632088	0.007101787301782123	0.12236778711066175	0.004989161595873662	0.04430724034509469	0.003082415899149387	3.2370737598894165e-06	0.007747950814960286	0.015221258070133787	0.0048274129626779	0.05895513647433538	7.549678691903575e-06	5.94012187742007e-05	0.022395297354506273	0.0014852121635337003	0.009010613744875438
29	0.01276265332754268	0.006131291235785493	0.02056747340731417	0.006289132565288218	0.014539444309772625	0.001103800499347444	0.05745817542631766	0.026110129523091868	0.04842978871445604	2.6747647185503143e-05	0.0006394067418480208	0.0029009418043824684	0.0694685773156227	5.547288627279686e-05	0.00034522118403493946	0.004505496214891941	0.009910689542763149	0.02924228414196393	0.009561203705648355	0.13726804119589123	0.00010613024697736667	0.004842168427056533	0.031667094195001536	0.001916771914036336	0.0022973214511656753	0.05741967088299918	4.4271318631357996e-05	0.025933661030688615	0.004690180468337828	0.052078635348037104	0.001347497170248525	0.0008859295832190718	0.0064366292480907755	0.04302281141835747	0.008553272082923368	0.007159908089765302	0.12283459271126498	0.004832990880627765	0.04438743006180508	0.0031234304306450586	2.943451482962162e-06	0.007773579992974401	0.015188578345689213	0.004676978912085752	0.05904987467674831	7.315256594922259e-06	5.641454568779773e-05	0.022132173244129538	0.0013139667204958671	0.008901806504811248
30	0.01279036331517986	0.006090252241150758	0.020630433911538085	0.006249252824914568	0.01444983314300883	0.0010945374871903415	0.05782601468468293	0.026089867450564925	0.048569156916653554	2.6276249227048616e-05	0.0006406375514625325	0.0029350409992698625	0.06962004800622147	5.504478559893424e-05	0.0002840182706454299	0.004200463154306041	0.009405247053712384	0.029124314422444023	0.009537456714479337	0.13743350525170778	9.797414670488433e-05	0.0049189661464254875	0.03131449711177122	0.0019213827133870737	0.0022656100812863227	0.05758289805379413	4.32817790251744e-05	0.025846381147905453	0.0047863956894466445	0.053068134451723495	0.001350872092483116	0.0008727732598588888	0.006364199363717111	0.04315582758173842	0.008027463056556498	0.007211880381072123	0.12326380789766946	0.0046914877882340686	0.04446230637494843	0.0031613940479325565	2.729015259413872e-06	0.007799271100633612	0.015150840569514441	0.004542305266976191	0.059136470272259524	7.112035970204125e-06	5.389592831016203e-05	0.02188788585296369	0.0011624062967200395	0.008797786061753432
31	0.012816333541415129	0.006050732071095757	0.020683137895042603	0.006210951774277465	0.01436589057352665	0.0010856036842160216	0.05816505552981441	0.026072783798324946	0.04869478855338039	2.5862001244319698e-05	0.0006412707607916618	0.002967613242250615	0.06976041712362535	5.4601844915360754e-05	0.00023376251481797912	0.003925432986319359	0.008944748162737111	0.02900943019124361	0.00951196752952324	0.1375873325817745	9.132259577909882e-05	0.0049879389698804875	0.030988489118222367	0.001925007887613161	0.002235216744980236	0.057737429264980544	4.23668201448584e-05	0.025757184051743827	0.004878526056085133	0.05397351570758009	0.0013536718832953402	0.0008600767987701834	0.006297307998352265	0.04328084360259214	0.007554413404252305	0.0072584891726645145	0.1236615450977547	0.004562891944596275	0.044532686898574994	0.0031966942145942286	2.568575412450226e-06	0.00782414856342954	0.015106938154559095	0.004421291269373896	0.05921589973208422	6.931340984265078e-06	5.174756912235072e-05	0.02166094346516953	0.0010283191353396457	0.008697877601731893
32	0.012840779553962494	0.006012721350456647	0.020727320611963418	0.00617425364892378	0.014287051133858175	0.001077018575963263	0.05847840342070022	0.02605853004595668	0.048808570925009974	2.5490813265093224e-05	0.0006413930579717895	0.0029986903058036095	0.0698914140524417	5.415012360977744e-05	0.00019250340740562983	0.0036773866728765326	0.008525054783396968	0.028897924132085324	0.009484459265422405	0.13773202092650474	8.585903935668239e-05	0.0050499595886734075	0.03068654058927679	0.001927846344835431	0.002206047797955548	0.057884295267653194	4.1516497103157534e-05	0.025666604256002836	0.004966166342317334	0.05480010833821072	0.0013559952174824498	0.0008478530219626569	0.006235051135126184	0.04339907276527944	0.007128613338712605	0.0073004419852353095	0.12403261150381419	0.004445675025219884	0.04459917641468165	0.0032296683451484014	2.445223760548455e-06	0.007847584182183578	0.01505665837866521	0.004312148378895384	0.05928902934782525	6.7675595880674795e-06	4.9893757526523726e-05	0.021449817590314214	0.0009097261742180931	0.00860168978539703
33	0.012863869391479845	0.005976210171632702	0.020764487179274167	0.006139162450350303	0.014212832610506305	0.0010687941936989831	0.05876868850967673	0.02604671745010528	0.048912113769898014	2.515310745302059e-05	0.0006410886600928281	0.0030283231176810406	0.07001435891699542	5.3695126610682225e-05	0.00015863476447339304	0.003453597343868834	0.008142394698285297	0.028790011159309136	0.009454905146987169	0.137869224162618	8.133613573982752e-05	0.005105856094467798	0.030406223087267044	0.0019300671375382225	0.0021780469852063764	0.058024246920994074	4.072342720425573e-05	0.02557529317905579	0.0050490738451547945	0.055553424828330096	0.0013579284982351422	0.0008361171961491766	0.006176739224639411	0.043511415368231623	0.006745120132816757	0.007338366744642173	0.12438076132564282	0.004338517193252907	0.04466221861784452	0.003260603600570347	2.347604465761124e-06	0.007869156776739885	0.015000387460868259	0.004213355240996363	0.05935661472818843	6.617058700336214e-06	4.827593778158632e-05	0.021253028700766455	0.0008048617733542222	0.008509013244158306
34	0.012885734790413057	0.005941183803560446	0.020795918587818544	0.006105663833528016	0.014142823432310738	0.0010609356982581475	0.059038150247179885	0.026036952757593757	0.04900678159346206	2.4842327499003428e-05	0.0006404362397485805	0.0030565727988716746	0.07013025357258257	5.3241648705540335e-05	0.0001308351453062223	0.003251608526200138	0.007793340028074219	0.028685832800135386	0.00942345022395775	0.13799999536855423	7.756058819935604e-05	0.005156394172220437	0.03014528744427635	0.0019318101242219905	0.0021511799352497136	0.05815783285390217	3.998191994114608e-05	0.02548392644100049	0.005127140592969647	0.05623901801279105	0.0013595454362370766	0.0008248817668820092	0.006121846976982519	0.043618531931899455	0.006399510020233238	0.007372813202994222	0.12470891395134781	0.0042402821586879445	0.04472213848156598	0.00328974023704587	2.268079925382439e-06	0.0078886135305679	0.01493888015703391	0.004123617449608014	0.05941930659007627	6.477468807622618e-06	4.6848818900247474e-05	0.021069196722452208	0.0007121542551520507	0.008419747255067923
35	0.012906480151546041	0.005907620708130394	0.020822686845344093	0.006073727912535579	0.014076671144049804	0.0010534423315529927	0.059288709470019116	0.02602886220774436	0.04909372528019536	2.4553929744414074e-05	0.0006395069942235545	0.0030835046870481535	0.07023985741822023	5.279370955341035e-05	0.00010801812891554544	0.003069211387197174	0.00747478229183571	0.02858546533847354	0.009390348631149802	0.1381249756677371	7.438123239462455e-05	0.0052022665992952416	0.029901703205823103	0.0019331882910844347	0.002125423377549843	0.05828546019762198	3.928741186920525e-05	0.025393143848497227	0.005200366923900963	0.05686236472282135	0.0013609075712969134	0.0008141538012480744	0.0060699731570917565	0.043720904066876363	0.006087829511079462	0.007404256940143842	0.1250193377429277	0.004149992687452628	0.04477917592372688	0.003317276822408266	2.2015001267266745e-06	0.007905834570013348	0.014873086235348863	0.004041832339998045	0.05947766016677135	6.347216633795144e-06	4.557732701371086e-05	0.0208970667093334	0.0006302069895831287	0.008333848674851336
36	0.012926189572802966	0.005875492077973542	0.02084567556984799	0.006043312389834315	0.014014072247807367	0.0010463085093843595	0.05952202835944684	0.02602210630882198	0.0491739119868057	2.4284704644367974e-05	0.0006383636485763964	0.0031091845304114483	0.07034374897104703	5.235455431329351e-05	8.929098687026774e-05	0.0029044221747817206	0.0071839062429054235	0.028488929650234467	0.009355915017679173	0.13824453689329705	7.167971330311012e-05	0.005244088722229264	0.029673671289858598	0.0019342909464150249	0.0021007580508472044	0.05840744071638078	3.8636101621322855e-05	0.02530351403080755	0.005268837394255783	0.05742877446039622	0.0013620653451166277	0.0008039341528128965	0.006020808970749209	0.04381888362836647	0.005806548287550644	0.00743310508874503	0.1253138013701579	0.004066807712993875	0.04483351181417118	0.003343376190211244	2.1443781532873195e-06	0.007920801645694819	0.01480402502200603	0.003967058666663211	0.05953214632516123	6.22522338207193e-06	4.443423254500547e-05	0.020735517707644837	0.0005577804872745312	0.008251297926999489
37	0.012944932261033748	0.005844762315652032	0.020865603186773666	0.006014365636317602	0.013954763491994135	0.001039524912035471	0.05973955931655692	0.02601638762656039	0.04924815264820034	2.4032323644496958e-05	0.0006370601769281402	0.003133676215759515	0.07044237469517212	5.192669853639841e-05	7.392044380229682e-05	0.002755460602974689	0.006918163924675651	0.028396201373910065	0.009320488317812674	0.13835888618602868	6.936320932000501e-05	0.005282398538138758	0.029459619051776277	0.001935187240445935	0.0020771643720780765	0.05852402478873449	3.802471577975425e-05	0.025215516955231946	0.005332699551745383	0.05794332082702078	0.0013630594469599719	0.0007942176565874371	0.005974113630971175	0.043912731329129706	0.005552514966783521	0.0074597030643962755	0.12559369584195182	0.003990001689488994	0.04488528750744706	0.0033681714093265753	2.094338600480871e-06	0.007933571278075445	0.014732699108293558	0.00389849080118053	0.05958316309687157	6.110712655838922e-06	4.33983132474841e-05	0.020583560783936625	0.0004937757630354677	0.008172077656420102
38	0.012962766618192461	0.005815390038702732	0.02088304664704585	0.0059868295056954655	0.013898514562507592	0.0010330794884738286	0.0599425841329585	0.026011453500106103	0.049317126718843945	2.379503900812077e-05	0.0006356420418701453	0.0031570405471343186	0.070536086827239	5.151200009094002e-05	6.130437940314263e-05	0.0026207296163245452	0.006675249843611696	0.028307220580314728	0.009284405877296857	0.13846814011157837	6.735876661785751e-05	0.005317660096990021	0.029258184638490392	0.001935929650997238	0.002054620084104246	0.05863542559421928	3.745035977610898e-05	0.025129538845047098	0.005392145783091871	0.058410793029087776	0.001363922242739343	0.0007849938821706798	0.005929695789422549	0.04400264624300978	0.005322916398142467	0.007484341729302615	0.12586013098614213	0.003918946457229514	0.044934619078504635	0.0033917713398711542	2.0497490863102517e-06	0.007944252365724942	0.014660038884869133	0.00383543697572295	0.059631046792960836	6.0030903527229645e-06	4.245293944293381e-05	0.02044033054880826	0.00043721908951860117	0.00809616049215813
39	0.012979743266814534	0.005787329322364055	0.020898464234163267	0.005960641773856266	0.013845122059229822	0.0010269583310929986	0.06013224493980397	0.026007095258253395	0.049381404003055164	2.3571486745982602e-05	0.0006341467796890795	0.0031793347166938664	0.07062517198406787	5.111174489303155e-05	5.094848430241294e-05	0.002498796746741861	0.006453077766499128	0.028221900473259065	0.00924798598470378	0.13857237503345457	6.560889484843943e-05	0.005350269106080251	0.02906819560685461	0.0019365572160888992	0.0020330992585528306	0.058741835632712944	3.691042355046727e-05	0.02504587522770283	0.005447398211289992	0.05883566461847927	0.001364679165448868	0.000776248134755495	0.0058873996620810234	0.04408878769595466	0.005115240742269593	0.007507264557389772	0.12611401026778582	0.003853095641377709	0.04498160734913712	0.0034142655503589707	2.0094744121738225e-06	0.007952988009912669	0.01458687052132404	0.0037773010616245486	0.05967608221131163	5.901871236176286e-06	4.158498952958252e-05	0.02030507322274691	0.0003872481636499241	0.008023503121848546
40	0.012995907243645088	0.005760530988608237	0.020912216554577808	0.005935738164705534	0.013794404606200034	0.001021146405224942	0.06030956837968237	0.026003145181104113	0.04944146359769509	2.3360558512241372e-05	0.0006326047914575342	0.0032006122091656785	0.07070987224988637	5.0726736802983624e-05	4.2447029358518304e-05	0.002388377128654633	0.0062497593806775725	0.028140134904177286	0.009211517011447273	0.1386716594946835	6.406814752163442e-05	0.005380559815952426	0.02888864526394645	0.0019370983963104672	0.0020125721764590997	0.058843437415182547	3.640252204908015e-05	0.024964738893202047	0.005498696460748337	0.059222076634718616	0.0013653499943644361	0.0007679625091983087	0.00584709484232709	0.04417129098123012	0.004927244309009417	0.007528674492471081	0.12635608768498705	0.0037919714484037255	0.04502634466029377	0.003435728507817976	1.9727127554275276e-06	0.007959941158906142	0.014513901126856651	0.0037235673815637776	0.05971851168554193	5.806635332601257e-06	4.078402214826947e-05	0.02017713331249168	0.00034309964598880366	0.007954044545954282
41	0.013011299553548367	0.0057349438221230556	0.020924585210774498	0.005912053968779618	0.013746198932588693	0.0010156281348240397	0.06047548432337485	0.025999472158444743	0.049497710086840396	2.3161319213982935e-05	0.0006310402320817823	0.0032209229584291114	0.07079040027751997	5.035738506661904e-05	3.546703982770156e-05	0.0022883181442932546	0.0060635848792923025	0.028061804648421815	0.009175251581071875	0.13876607336584265	6.270046896451076e-05	0.0054088124681692	0.028718669018909054	0.0019375735199790333	0.0019930057347397343	0.058940409859387616	3.592445753334013e-05	0.02488627042027507	0.005546288013260572	0.05957383244285339	0.001365949985502861	0.0007601168827787921	0.005808668958738824	0.04425027820225722	0.004756921968804281	0.007548740295301715	0.1265870101591836	0.003735153635809609	0.04506891919772048	0.0034562230398732584	1.9388866381865385e-06	0.007965283597279665	0.014441715966473638	0.00367378808936956	0.05975854288754829	5.717003025951064e-06	4.004164658098132e-05	0.020055940241342864	0.00030409799581421725	0.007887706933525229
42	0.013025958241233702	0.005710515646036105	0.020935788954581723	0.005889525287299326	0.013700356765144047	0.0010103878557106546	0.060630840288897134	0.025995976744853933	0.049550487201056065	2.2972954595488644e-05	0.0006294719183756367	0.0032403136330562765	0.07086694973879493	5.0003785099725197e-05	2.9735281352850847e-05	0.0021975856148882754	0.005893005423284277	0.027986782493291815	0.009139404429588207	0.13885571758456702	6.147713675559226e-05	0.005435260771716375	0.028557522164861758	0.0019379968102215313	0.0019743641285012736	0.05903293163079067	3.5474195262362085e-05	0.024810549633788107	0.005590420829527518	0.05989440177055694	0.0013664908397244358	0.0007526897866323583	0.005772022488087819	0.04432586537715255	0.004602480864395182	0.0075676022595257625	0.12680734842838956	0.0036822703900330177	0.04510941753269671	0.0034758031195685863	1.907570410655994e-06	0.007969187780118374	0.014370783675711964	0.003627572700086041	0.05979635540229277	5.632621583003604e-06	3.9351045377807126e-05	0.019940995752577132	0.0002696455049123665	0.007824397947034505
43	0.013039919107292547	0.005687194226621957	0.020945997326809924	0.005868089947936665	0.013656742384972708	0.0010054101528287013	0.06077641254170553	0.02599258610470403	0.049600089194282916	2.2794738225436516e-05	0.0006279142018459392	0.003258827970598201	0.07093970225081707	4.966579026331822e-05	2.5027564025521207e-05	0.002115251423757503	0.005736617368200947	0.02791493724648359	0.00910415285866405	0.13894071748080233	6.0375165924997704e-05	0.005460099036602523	0.028404559879573164	0.0019383780213167805	0.001956609639062437	0.059121182403361824	3.504984715841075e-05	0.024737606906570068	0.005631337896832418	0.06018693170823871	0.0013669815103658394	0.0007456591312921318	0.0057370651707503665	0.04439816675877377	0.004462317111783953	0.007585377241765151	0.12701761901462727	0.0036329908388261557	0.04514792590556145	0.0034945160508683556	1.8784420324438716e-06	0.00797182102301852	0.014301466364983617	0.0035845794062517936	0.05983210615872893	5.553158430975998e-06	3.870661325577983e-05	0.019831862535791014	0.00023921342501127273	0.007764013752401031
44	0.013053216168135056	0.005664928000564039	0.02095534192623294	0.005847688143609213	0.013615230718200392	0.001000680099797214	0.06091291468024287	0.025989249175576233	0.049646770208040265	2.2626010851135467e-05	0.0006263777717705997	0.003276507111279772	0.07100883170361401	4.934307362822374e-05	2.1159955093509572e-05	0.0020404824448485566	0.005593148111976775	0.02784613680233984	0.009069638906883781	0.13902122196953856	5.9376070773663726e-05	0.005483488726705699	0.028259219793928474	0.001938723727010611	0.0019397034180963116	0.059205342784737096	3.4649660075472836e-05	0.024667433634047848	0.005669273372773291	0.0604542627230938	0.00136742886167707	0.0007390027838401611	0.005703713593760416	0.044467297149042205	0.004334995173315183	0.007602162999503719	0.12721829940809978	0.003587018936000869	0.04518453066197206	0.003512404143513234	1.8512509931734217e-06	0.007973341593323451	0.014234032310646669	0.0035445078690944085	0.05986593383677651	5.478298230605619e-06	3.810368436073013e-05	0.019728154273611753	0.00021233408335582238	0.007706442195416845
45	0.013065881936719134	0.005643666633597329	0.02096392553265227	0.0058282628451637114	0.013575705848451669	0.0009961834188286676	0.061041004350596076	0.025985932251723527	0.0496907518926253	2.246616748956285e-05	0.0006248703695230012	0.0032933899033444785	0.07107450673077202	4.9035179664826616e-05	1.7981561799759748e-05	0.0019725306489282606	0.005461443408599994	0.027780250412050952	0.009035972562626515	0.13909740030037454	5.846490340877309e-05	0.00550556429916991	0.028121007183302113	0.0019390383100621141	0.0019236062026912041	0.05928559345738362	3.427200660675968e-05	0.02459999151369166	0.005704450019227209	0.060698948032912876	0.0013678381943902662	0.0007326990069692514	0.005671889605913011	0.04453337282609299	0.004219229598670101	0.0076180418644905545	0.12740983821317992	0.003544088479604106	0.0452193181520122	0.003529505966147726	1.825796933830451e-06	0.007973896296186321	0.014168669591275952	0.003507093222485833	0.059897962385962594	5.4077419211548595e-06	3.753832637238057e-05	0.019629527140445902	0.00018859388505861925	0.007651565821899514
46	0.013077947582257301	0.005623361428031791	0.02097182934955335	0.005809760035074036	0.013538059857378491	0.0009919065776939477	0.06116128859324117	0.025982615094669773	0.049732229543599016	2.231464925006678e-05	0.0006233974064482279	0.003309513166864204	0.0711368919031571	4.8741566403564844e-05	1.5368605062795314e-05	0.0019107242648206712	0.00534045599418942	0.02771715030002273	0.009003235511824874	0.13916943757414202	5.7629506286600595e-05	0.005526438277010719	0.027989482651835002	0.001939324703014557	0.001908278927550434	0.05936211393070415	3.391537721639309e-05	0.02453522047520483	0.005737077653528348	0.06092327497340216	0.0013682136568312553	0.000726726776825195	0.005641519310784576	0.04459651156228221	0.004113868852834742	0.007633083801701541	0.12759266164720112	0.003503959053346336	0.045252374320048985	0.0035458572606292785	1.8019153509388787e-06	0.007973619203486644	0.014105499553453072	0.003472101071518706	0.05992830379339551	5.341206650341286e-06	3.7007184963793623e-05	0.019535672682081538	0.00016762710755348077	0.007599264559623142
47	0.013089443011982078	0.005603965600731627	0.02097911864346982	0.005792128803809346	0.013502191916548872	0.0009878368384138624	0.06127432820554586	0.02597928761022585	0.049771376993096514	2.2170937971835967e-05	0.0006219624855606398	0.0033249119122462705	0.07119614808827682	4.846163897218067e-05	1.3219553919498575e-05	0.0018544598818717795	0.005229235380998133	0.027656712757102842	0.008971485054611261	0.13923752985926294	5.6859930242188535e-05	0.005546205558527371	0.027864252073522333	0.0019395849273349404	0.0018936832218766609	0.059435081175106846	3.3578373019246604e-05	0.024473045251316296	0.0057673523804654256	0.06112928726290743	0.0013685585601135395	0.0007210659990139498	0.005612532449051621	0.04465683209198163	0.004017880977990006	0.007647348916901505	0.12776717747732444	0.0034664127114540496	0.045283784147259115	0.0035614915910988014	1.7794679822481645e-06	0.007972631229153263	0.014044589397053601	0.003439323305887379	0.05995706023201378	5.278425972894621e-06	3.650736605716859e-05	0.01944631194679865	0.00014911040036621052	0.007549417977589264
48	0.013100396906088302	0.005585434454122902	0.020985847049055158	0.005775321344374943	0.013468007569270106	0.0009839622701323684	0.061380641405567114	0.025975947084824272	0.04980835047239495	2.2034552480125006e-05	0.0006205678325661922	0.0033396195153802015	0.07125243230386813	4.819477559390826e-05	1.145113139073897e-05	0.0018031953901828724	0.005126918687575762	0.027598818825862584	0.008940757938297936	0.13930187945067568	5.614798051486519e-05	0.005564947005507085	0.027744958503497993	0.0019398204732179755	0.0018797817921948562	0.059504668313752465	3.325969886596713e-05	0.024413380669841916	0.005795456405821233	0.061318807313431055	0.0013688756148732078	0.0007156976421586267	0.00558486203314828	0.04471445329008127	0.0039303408651680544	0.007660889481737909	0.12793377722368515	0.003431251256531796	0.04531363105708841	0.0035764407907093215	1.7583362840185473e-06	0.007971040307571738	0.013985963473369367	0.0034085745809227398	0.05998432570811769	5.219149995596504e-06	3.6036346366831746e-05	0.019361190711354715	0.00013275791164082257	0.00750190710284474
49	0.01311083672767452	0.005567725461856215	0.020992059788344564	0.0057592928743695464	0.013435418154104935	0.0009802717364193424	0.061480707004109944	0.025972595944361743	0.04984329163696768	2.1905045736314642e-05	0.0006192146448329651	0.0033536678544877734	0.0713058973021647	4.794034718136952e-05	9.995036069067499e-06	0.0017564436658659972	0.005032722387393131	0.027543354676143498	0.008911073943063773	0.13936269059779066	5.5486861830150014e-05	0.00558273237584491	0.027631275759937183	0.001940032556598245	0.0018665387005113757	0.05957104347647192	3.295815658862001e-05	0.024356135799399777	0.005821558267570202	0.061493457952333436	0.0013691671052436353	0.0007106038069408736	0.005558444137251554	0.04476949324363322	0.0038504189392929338	0.007673751545970144	0.12809283724588824	0.0033982939870276147	0.045341996354480815	0.0035907352581388977	1.738416949977436e-06	0.007968941980315662	0.013929613108567586	0.0033796893465144044	0.06001018731260418	5.163145324894076e-06	3.5591905068333245e-05	0.019280075638475752	0.00011831697089930875	0.0074566158153882975
50	0.013120788722420722	0.005550798288682507	0.02099779602527489	0.005744001509148184	0.013404340332913938	0.0009767548652037986	0.06157496723070513	0.025969239981596396	0.04987632991961672	2.1782002459450286e-05	0.0006179033684810147	0.0033670874151142632	0.07135669104858769	4.769773162691659e-05	8.795251452469184e-06	0.001713766918901984	0.004945934872212461	0.027490211752239462	0.008882439124448286	0.13942016587142614	5.4870900214109434e-05	0.005599622678555661	0.027522903388059697	0.0019402222839836243	0.0018539195514225074	0.0596343688688485	3.2672638374043244e-05	0.02430121710509778	0.005845813353152841	0.06165468310329577	0.0013694350136999635	0.0007057677463765754	0.005533217775869467	0.04482206833787766	0.003777371086727342	0.007685976203483467	0.12824471916032718	0.0033673758147557075	0.04536895874043682	0.003604404145919835	1.7196187804859597e-06	0.00796642023927141	0.013875504916883673	0.0033525193268085923	0.060034726164881834	5.110194776413577e-06	3.517207122859413e-05	0.019202751208719532	0.00010556426507908155	0.007413431864579506
51	0.013130277917451125	0.005534614761484522	0.021003090546201388	0.005729408104551048	0.013374695695336909	0.0009734020077266833	0.06166383031255825	0.025965886990161523	0.04990758435240749	2.1665036986888023e-05	0.0006166339141910031	0.0033799073699480853	0.07140495620261471	4.746632380409212e-05	7.805837870307638e-06	0.0016747716307321072	0.004865909739553019	0.027439286757406613	0.008854848666712305	0.13947450323071175	5.429532432461265e-05	0.0056156720332262025	0.02741956274291105	0.0019403907500675857	0.001841891603340764	0.05969480007367135	3.240212028893825e-05	0.024248530775517026	0.005868364599728804	0.061803767128154906	0.0013696811082716939	0.0007011738506225483	0.00550912482679189	0.04487229243149652	0.0037105296771788327	0.0076976005734395074	0.12838976990251708	0.003338345673387418	0.04539459392240453	0.003617475473611982	1.7018604477426554e-06	0.007963548510880344	0.013823587667591794	0.0033269313721125517	0.060058018123343	5.060096861348171e-06	3.477508299670886e-05	0.019129017283345755	9.430245184315089e-05	0.0073722475612145386
52	0.01313932812497694	0.005519138805633021	0.021007974926673376	0.005715476083249732	0.013346410418906645	0.00097020419135509	0.06174767287106638	0.025962545741673993	0.04993716497486448	2.1553791257402287e-05	0.0006154058220047396	0.0033921556397282105	0.07145082966659916	4.7245542180689924e-05	6.9891206185615775e-06	0.0016391040173164707	0.004792059725353085	0.02739048152743735	0.008828289336600037	0.13952589377879238	5.3756093022653896e-05	0.005630929114247793	0.027320993959913314	0.0019405390879582186	0.0018304238188512581	0.059752485578371504	3.2145656004280667e-05	0.02419798437515259	0.005889343298704626	0.0619418526547561	0.0013699070015834966	0.0006968076071780549	0.00548610997047617	0.04492027616183309	0.0036492955516751174	0.007708658551285093	0.12852832164623254	0.0033110651559340935	0.04541897432644829	0.0036299761911102917	1.6850688594216875e-06	0.007960390696759962	0.013773797830018183	0.003302805619483157	0.060080134322280626	5.012665090944058e-06	3.439935558519283e-05	0.019058687172329333	8.435716044577588e-05	0.0073329602021210945
53	0.013147961953583727	0.005504336358153283	0.021012478315909203	0.005702171255083192	0.013319414969703654	0.0009671530698168461	0.06182684217580783	0.025959225245068017	0.04996517392474896	2.1447932867634875e-05	0.000614218384592862	0.003403858940707035	0.07149444223776515	4.703483281847639e-05	6.314203352184948e-06	0.0016064459610085216	0.004723851213227787	0.02734370283303906	0.008802741551017264	0.1395745201517381	5.3249758940251964e-05	0.005645438254687466	0.027226953616820197	0.0019406684874028592	0.0018194868680353733	0.05980756650765193	3.190237077078327e-05	0.024149487962148372	0.00590886994618786	0.06206995681264353	0.0013701141893301618	0.0006926555450988781	0.005464120629464527	0.04496612639664073	0.0035931308654298224	0.007719181377140463	0.1286606917144484	0.003285407333256975	0.04544216890759168	0.0036419322109277883	1.6691779260850311e-06	0.007957002210770617	0.0137260639522527	0.003280033910604439	0.060101141582679714	4.967727149077428e-06	3.404345584423532e-05	0.01899158610032439	7.557433606791405e-05	0.007295472281753863
54	0.013156200828163133	0.005490175266740896	0.02101662794432491	0.005689461638766219	0.013293643832853204	0.0009642408733784805	0.06190165827886543	0.025955934232521502	0.04999170628902262	2.134715318966797e-05	0.0006130707374076475	0.003415042823192926	0.07153591837717552	4.683367140940107e-05	5.7557484631168464e-06	0.0015765113612671029	0.00466079926059315	0.027298862140749093	0.008778181087241328	0.1396205554609075	5.2773360135596445e-05	0.005659240276964175	0.02713721292457384	0.0019407801926242996	0.00180905309689248	0.059860176532852624	3.167145569089586e-05	0.02410295479326951	0.005927055097594991	0.06218898587145141	0.001370304074166515	0.0006887051698663605	0.005443106899317386	0.045009945832565	0.0035415526890402176	0.007729198061869677	0.12878718256105345	0.003261255716892651	0.04546424304894793	0.0036533684230632534	1.6541276051279207e-06	0.007953430972246135	0.013680310040289988	0.003258518425282733	0.060121102733579915	4.925123981884055e-06	3.370608180764571e-05	0.018927549981587466	6.781788854978252e-05	0.007259691540004225
55	0.013164065018276367	0.005476625181529186	0.021020449436656	0.005677317289983436	0.013269035265469341	0.0009614603606736511	0.06197241604112251	0.025952680822942893	0.05001685077640113	2.1251165555501322e-05	0.0006119619229753937	0.003425731704738024	0.07157537609513778	4.6641563880323046e-05	5.2929765911413066e-06	0.001549042860036866	0.00460246308948184	0.02725587535398098	0.008754580472716142	0.13966416269913834	5.232433372137086e-05	0.005672373108755653	0.027051556315769804	0.0019408754882947379	0.0017990964710831335	0.05991044192665975	3.145216232182935e-05	0.02405830171906703	0.005944000197816931	0.06229974832973542	0.0013704779796107594	0.0006849448938793143	0.005423021467728136	0.04505183273019205	0.0034941272838903813	0.007738735704277248	0.1289080818627274	0.0032385033383592375	0.045485258537208834	0.0036643087019241575	1.6398631379908754e-06	0.007949718330276257	0.013636458101752305	0.0032381704966572785	0.06014007687171036	4.884708847413421e-06	3.338604601617296e-05	0.018866424431620003	6.096761089427431e-05	0.007225530888777994
56	0.013171573674005623	0.005463657444709204	0.021023966993831227	0.005665710139049708	0.01324553106707692	0.0009588047732623922	0.06203938705526192	0.025949472321082436	0.05004069025918066	2.115970352100878e-05	0.0006108909354183796	0.003435948900645592	0.0716129269435581	4.645804599209069e-05	4.908845973914379e-06	0.0015238089026731654	0.004548441996270383	0.027214662549346378	0.008731910095088155	0.13970549452088746	5.190044673278595e-05	0.005684872233612869	0.02696978032700689	0.0019409556797001185	0.0017895925033226186	0.05995848173202097	3.124379763175568e-05	0.02401544935372743	0.005959798368564041	0.06240296653815073	0.0013706371574139114	0.0006813639661598256	0.0054038195217018855	0.04509188076957735	0.0034504649781875586	0.007747819726613919	0.12902366273354018	0.003217051923990389	0.04550527360094783	0.003674775911582591	1.626334425933983e-06	0.007945899905311965	0.013594430007183213	0.0032189095804190113	0.06015811957975353	4.846346360288255e-06	3.308226173859212e-05	0.018808063958085895	5.49173368517177e-05	0.007192908252849338
57	0.013178744867964092	0.005451244981628808	0.0210272034907112	0.005654613839937962	0.01322307636427846	0.0009562677935328077	0.06210282146637484	0.02594631511733323	0.050063302220634216	2.1072519222506425e-05	0.0006098567501992006	0.003445716653691364	0.07164867610076132	4.6282682266205204e-05	4.589379373380765e-06	0.0015006010996691924	0.004498371639936632	0.027175147718403733	0.008710139073373329	0.13974469331225367	5.149974056382674e-05	0.005696771017168263	0.026891692694949742	0.0019410220712157962	0.0017805181709995516	0.060004408016380975	3.1045719319593756e-05	0.023974322087142775	0.005974535142227504	0.06249928696359755	0.0013707827909202833	0.0006779524037619956	0.005385458644509927	0.045130179007449985	0.0034102155790280463	0.007756474050039665	0.12913418405762941	0.0031968111495900473	0.04552434299836861	0.003684791913243034	1.6134955081485079e-06	0.007942006342630622	0.013554148805903653	0.003200662355267989	0.060175283117742374	4.809911558081839e-06	3.279373144173451e-05	0.018752331286212103	4.957331037967856e-05	0.007161746353702956
58	0.013185595641989567	0.005439362195824152	0.02103018052383712	0.005644003631466536	0.013201619407636709	0.0009538435062166929	0.06216294968938609	0.025943214659820312	0.05008475913501802	2.0989381836504467e-05	0.0006088583430902821	0.0034550561643031446	0.07168272253212252	4.611506449374388e-05	4.323112091004664e-06	0.001479231858255753	0.004451920673030388	0.027137258521217174	0.008689235929158937	0.1397818914760761	5.1120486117604556e-05	0.005708100941948473	0.026817111605491453	0.001941075945743871	0.0017718518290480737	0.06004832618572351	3.085733149862911e-05	0.02393484799180364	0.00598828913724462	0.06258928921316362	0.0013709159962095627	0.0006747009265131584	0.005367898705013006	0.045166811916773825	0.0033730642635332072	0.007764721226931547	0.12923989092519927	0.0031776979631325994	0.04554251814211331	0.0036943775770508615	1.6013041178984674e-06	0.007938063977962135	0.013515539615270434	0.003183361935780043	0.06019161659754505	4.775289008511787e-06	3.251953702913496e-05	0.018699096784409886	4.485274285367086e-05	0.007131972458898703
59	0.013192142057060525	0.005427984869528105	0.021032918433100165	0.005633856210726272	0.013181111379547594	0.000951526363552617	0.062219984022187584	0.02594017547622703	0.050105128799853	2.0910076149429557e-05	0.0006078947015080404	0.003463987621923702	0.0717151592096066	4.595481001618902e-05	4.1006393277326515e-06	0.0014595322562724069	0.004408787683414163	0.02710092605534284	0.008669169093411089	0.1398172118681347	5.076114744648041e-05	0.005718891776837958	0.026745865051241113	0.0019411185466737286	0.001763573121790341	0.06009033533677534	3.067808073602402e-05	0.023896958664402657	0.006001132673945489	0.06267349394096892	0.0013710378222426551	0.0006716008960640382	0.0053511017422078165	0.045201859490268434	0.0033387278986416902	0.0077725825429291835	0.129341015152022	0.0031596359666303388	0.04555984725018033	0.003703552799138074	1.5897213000572624e-06	0.007934095419383636	0.01347853018371109	0.0031669471820063317	0.060207166146946996	4.7423719700253325e-06	3.225883149056497e-05	0.018648237964410324	4.068253663327081e-05	0.0071035181141150885
60	0.013198399245086142	0.005417090070515881	0.021035436313355818	0.00562414961834772	0.013161506212388156	0.0009493111539713065	0.062274120153890423	0.025937201227878487	0.050124474634396496	2.0834401240178457e-05	0.0006069648306194194	0.0034725302378847255	0.07174607337429571	4.5801559915183565e-05	3.9142450404510625e-06	0.0014413501336259624	0.004368698418140428	0.027066084641891603	0.008649907280424227	0.13985076833160495	5.042035214354091e-05	0.005729171701263956	0.026677790265083358	0.001941151063146393	0.0017556628963882005	0.06013052862966002	3.0507452434088445e-05	0.023860589031520434	0.006013132332544583	0.06275236975953347	0.0013711492508038457	0.0006686442597418922	0.0053350318477309614	0.045235397391269735	0.0033069517447806697	0.007780078098333309	0.1294377758610218	0.003142554850388737	0.04557637551363368	0.003712336523973181	1.5787110783479747e-06	0.007930120051904006	0.01344305121031909	0.0031513620926634425	0.06022197506730195	4.711061613052841e-06	3.2010831693722234e-05	0.01859963903700599	3.699815600541299e-05	0.007076318870505969
61	0.013204381461389763	0.00540665606564903	0.021037752026086834	0.005614863134906408	0.013142760416524596	0.0009471929740795469	0.06232553856856599	0.02593429478287726	0.05014285595383446	2.076216927486985e-05	0.0006060677560238791	0.0034807022798298494	0.07177554682768923	4.56549772065788e-05	3.757597646130806e-06	0.0014245483792208083	0.004331403263681993	0.027032671628971137	0.008631419756172716	0.1398826662875165	5.0096867122607614e-05	0.005738967399181033	0.026612733207229927	0.0019411746188649727	0.001748103119682918	0.06016899366701397	3.0344967534842954e-05	0.02382567714029725	0.006024349456629469	0.06282633927183474	0.001371251196715531	0.0006658234993558498	0.005319655048721818	0.045267497137522525	0.00327750650352397	0.007787226875843521	0.1295303801051685	0.003126389874364488	0.04559214527344279	0.003720746771558425	1.5682401637970933e-06	0.007926154472369868	0.013409036487789617	0.003136555270820042	0.060236083986918314	4.6812663050969815e-06	3.177481211392589e-05	0.018553190509777787	3.3742628669640695e-05	0.007050314016315111
62	0.013210102136897812	0.0053966622411281895	0.02103988221690055	0.0056059771875935785	0.013124832917921854	0.0009451672036644489	0.062374405845973556	0.025931458298601308	0.050160328225466184	2.069320441034726e-05	0.0006052025243258413	0.0034885211075255736	0.07180365623961743	4.5514745101899374e-05	3.625500552129507e-06	0.0014090033935171067	0.004296674959209472	0.02700062721193615	0.008613676524120015	0.13991300334854603	4.978957871493028e-05	0.0057483041338657215	0.026550548090476068	0.0019411902643412286	0.0017408767995346177	0.06020581286892947	3.0190179526654797e-05	0.023792163948346653	0.006034840606446062	0.0628957843322229	0.001371344508575913	0.00066313158486706	0.005304939193015559	0.045298226305848656	0.003250185673606418	0.00779404679955793	0.12961902351290763	0.0031110813923882065	0.045607196200361404	0.0037288006687197315	1.5582776980073124e-06	0.007922212862746145	0.013376422921416147	0.003122479452653447	0.06024953101111478	4.652900959779184e-06	3.15500993445989e-05	0.018508788817208882	3.086566283115023e-05	0.0070254463187649375
63	0.013215573929240948	0.005387089029230088	0.02104184234160332	0.005597473266204283	0.013107684905156989	0.0009432294834171473	0.06242087586188379	0.025928693306696143	0.050176943310797535	2.062734180091136e-05	0.0006043682025275189	0.0034960032097731326	0.07183047346275563	4.5380565375988494e-05	3.5136876483485367e-06	0.0013946037088903205	0.004264306521783472	0.026969894269350748	0.008596648447607427	0.13994186993178961	4.949747623669987e-05	0.005757205811296548	0.026491096933731847	0.0019411989722552525	0.001733967911270231	0.060241063835987735	3.004267173027988e-05	0.02375999312208362	0.006044657966693112	0.06296105063492147	0.0013714299701146442	0.0006605619326827917	0.005290853838185234	0.045327648747927184	0.00322480318340491	0.007800554788574837	0.12970389094004672	0.0030965744157364517	0.04562156547316863	0.003736514483598288	1.5487950262538959e-06	0.007918307309706853	0.013345150464866097	0.0031090910912174763	0.06026235186908195	4.62588644781948e-06	3.133606726556911e-05	0.018466335976579182	2.8322866654826196e-05	0.007001661779974023
64	0.013220808772159684	0.0053779178411579535	0.021043646701544575	0.005589333847485746	0.013091279685641406	0.0009413756950739847	0.06246509089160166	0.025926000795907837	0.050192749695816816	2.0564426701379124e-05	0.0006035638768752148	0.0035031642420661384	0.07185606584579936	4.525215686167721e-05	3.4186556680238293e-06	0.0013812487517643353	0.004234109364254332	0.026940418213293425	0.008580307324398023	0.13996934985314824	4.921963835754022e-05	0.005765695037385167	0.02643424913771982	0.0019412016354931638	0.0017273613294819024	0.06027481969507223	2.990205484121576e-05	0.023729110848860775	0.006053849713583722	0.0630224517187942	0.0013715083021598987	0.0006581083682424836	0.00527737014552381	0.045355824809538384	0.003201191271300694	0.00780676680735352	0.12978515711497102	0.0030828182130320245	0.04563528795182652	0.0037439036624273467	1.539765496370176e-06	0.007914448078008587	0.013315162003462373	0.00309634998829512	0.06027458005721743	4.600149066510776e-06	3.113213277140095e-05	0.018425739265204532	2.607505833172982e-05	0.0069789094089606225
65	0.01322581792277295	0.005369131005553214	0.021045308487621376	0.00558154232692355	0.013075582550826371	0.0009396019436863347	0.06250718262110375	0.02592338128979814	0.05020779271062905	2.050431365877964e-05	0.0006027886515688147	0.003510019064613587	0.07188049653924959	4.512925407955143e-05	3.3375267778127424e-06	0.001368847732099438	0.004205911588381574	0.026912146852535256	0.008564625925844872	0.13999552089164405	4.895522173767505e-05	0.0057737931724276955	0.02637988107936083	0.0019411990673861572	0.0017210427651599364	0.06030714942461767	2.976796470560619e-05	0.02369946566558394	0.006062460345735598	0.0630802724669945	0.0013715801651486652	0.000655765092517928	0.005264460779678715	0.04538281154749015	0.0031791985882704756	0.007812697914130659	0.12986298726695913	0.0030697659437890035	0.045648396343140864	0.0037509828677244313	1.5311642800736168e-06	0.007910643844454038	0.013286403207567082	0.0030842189683546375	0.06028624697836268	4.575620063404073e-06	3.0937751980678754e-05	0.018386910916114323	2.4087656340192883e-05	0.006957141010555224
66	0.013230612006412472	0.005360711712182216	0.021046839831586752	0.005574082957105184	0.013060560650121388	0.0009379045417518586	0.06254727307081749	0.025920834917647396	0.05022211473893617	2.0446865784687826e-05	0.0006020416475806825	0.0035165817803536953	0.07190382478941597	4.501160600215245e-05	3.267935951186251e-06	0.0013573186472597674	0.004179556437232499	0.02688503026713729	0.008549578010497775	0.14002045531648685	4.870345150929775e-05	0.00578152038475429	0.026327875723100767	0.001941192003679808	0.0017149987079720793	0.06033811815749764	2.9640060307818673e-05	0.02367100830459292	0.0060705309831111266	0.06313477217045056	0.0013716461620793244	0.000653526652035957	0.0052520998143341675	0.045408662940040256	0.0031586884996695234	0.00781836230808489	0.12993753773004688	0.003057374323153253	0.04566092135735898	0.0037577660171189253	1.5229682138957546e-06	0.007906901898492084	0.01325882237219111	0.003072663589423576	0.06029738207629462	4.552235209507159e-06	3.07524168612643e-05	0.018349767830304335	2.233014066566231e-05	0.006936310991181856
67	0.013235201058846555	0.005352643960309677	0.021048251862949584	0.00556694079187707	0.013046182873206802	0.0009362799949660332	0.06258547543748204	0.025918361477765026	0.05023575541745767	2.03919541002506e-05	0.000601322001714134	0.0035228657726107445	0.07192610621764473	4.4898974946288573e-05	3.207938658508633e-06	0.0013465873885822272	0.004154900892320025	0.026859020693100064	0.008535138319741122	0.14004422037315872	4.8463613262507196e-05	0.005788895704569603	0.026278122248499815	0.0019411811057973695	0.0017092163733936014	0.0603677874609298	2.9518021949058928e-05	0.02364369155635223	0.006078099637812852	0.06318618721513299	0.0013717068417928593	0.00065138791203974	0.0052402626440827054	0.0454334300879472	0.003139537565510726	0.00782377337553505	0.13000895651723018	0.0030456033155580567	0.045672891854807274	0.0037642663221468435	1.5151556572790583e-06	0.007903228314717185	0.013232370253911144	0.003061651886370794	0.06030801296485321	4.529934417197227e-06	3.057565221736135e-05	0.018314231304381586	2.077557679333747e-05	0.0069163761808931365
68	0.01323959456581462	0.005344912511289758	0.021049554769667	0.005560101635593764	0.013032419740378423	0.0009347249893803829	0.06262189485975882	0.025915960493064192	0.05024875182519956	2.0339456946271917e-05	0.0006006288659525067	0.0035288837420868776	0.07194739308292694	4.479113558377571e-05	3.155935210847876e-06	0.001336586940137055	0.004131814402214113	0.0268340724158242	0.008521282561232359	0.14006687872734314	4.823504626315676e-05	0.005795937078309056	0.026230515694001894	0.0019411669650119614	0.0017036836543335495	0.06039621559364019	2.9401549597847876e-05	0.023617470147739215	0.006085201460099109	0.06323473344485572	0.0013717627024697101	0.0006493440324262432	0.00522892590243299	0.04545716140434386	0.003121634180644276	0.007828943735200052	0.1300773838617755	0.003034415855144914	0.04568433498218907	0.0037704963264635306	1.5077063657289522e-06	0.007899628101773692	0.013206999912336013	0.0030511541426643174	0.06031816555117771	4.508661398162168e-06	3.0407012992671286e-05	0.018280226772836413	1.9400195220102874e-05	0.0068972956706888225
69	0.013243801499870887	0.0053375028449375314	0.02105075786091674	0.005553551996840634	0.013019243300526727	0.0009332363797810558	0.06265662911333078	0.025913631259179615	0.05026113866243267	2.028925945120609e-05	0.000599961407098617	0.0035346477429273756	0.07196773452695457	4.4687874059230614e-05	3.1106087539481443e-06	0.001327256660223214	0.00411017773052466	0.026810141671284878	0.008507987384441836	0.14008848886735015	4.8017137683042326e-05	0.0058026614234107194	0.026184956617073804	0.001941150107200767	0.0016983890768780012	0.060423457741132044	2.9290361394754904e-05	0.023592300634311527	0.006091868962551408	0.06328060824403849	0.0013718141952382577	0.000647390446126763	0.005218067385759825	0.04547990279245752	0.0031048773581319107	0.007833885282399564	0.1301429527240121	0.0030237775909091828	0.04569527629854869	0.0037764679430414456	1.5006013771824633e-06	0.007896105331470149	0.013182666560511931	0.0030411426871700775	0.0603278641526503	4.488363356940549e-06	3.024608185066419e-05	0.018247683564411903	1.8183020060258778e-05	0.006879030663954281
70	0.013247830354593466	0.005330401119282308	0.02105186963042537	0.005547279046089966	0.013006627036327994	0.0009318111791270089	0.0626897692411678	0.025911372885667684	0.05027294841927784	2.02412530504919e-05	0.0005993188066737257	0.0035401692176467705	0.07198717680139322	4.458898720301219e-05	3.0708744497408807e-06	0.0013185416370915912	0.004089881912218408	0.02678718655396917	0.0084952303514319	0.1401091054669187	4.780931766506182e-05	0.005809084683156745	0.026141350770963304	0.0019411309979134078	0.0016933217597704258	0.06044956623029939	2.9184192295374137e-05	0.023568141304777645	0.006098132224920157	0.0633239923784159	0.0013718617278044804	0.0006455228396305183	0.005207665982905899	0.045501697810827704	0.003089175640810847	0.00783860923200325	0.13020578926323845	0.003013656654630476	0.045705739891183234	0.0037821924900276888	1.4938229099896718e-06	0.007892663251281191	0.01315932742659614	0.0030315917129868013	0.060337131607281304	4.468990715969191e-06	3.0092466998474138e-05	0.01821653467215196	1.7105541054606184e-05	0.006861544340777521
71	0.013251689176257322	0.005323594133345201	0.021052897819067478	0.005541270576822838	0.012994545776209988	0.0009304465489103722	0.06272140012447137	0.025909184330968286	0.05028421153388156	2.0195335051289134e-05	0.0005987002610291706	0.0035454590307510752	0.07200576347765959	4.449428182765652e-05	3.0358378264924523e-06	0.0013103921112460248	0.004070827308208556	0.02676516693076406	0.008482989905109102	0.1401287797110474	4.761105507965408e-05	0.005815221881121053	0.02609960879825532	0.0019411100475424578	0.0016884713772640613	0.06047459072485864	2.9082792837088357e-05	0.023544952095901437	0.006104019081810222	0.06336505162607887	0.0013719056680278866	0.0006437371353852215	0.00519770161008503	0.04552258782613211	0.0030744461275758746	0.007843126159916836	0.13026601327532247	0.0030040234497451935	0.04571574848197122	0.003787680725031152	1.4873542711084903e-06	0.007889304382866733	0.013136941627690423	0.0030224771156860935	0.06034598937740343	4.450496868427392e-06	2.994580022546953e-05	0.01818671653674204	1.61514239447895e-05	0.006844801733904944
72	0.013255385593098516	0.005317069292624118	0.021053849475707074	0.005535514969714325	0.012982975612650017	0.0009291397903222932	0.06275160099957158	0.025907064431865044	0.05029495654027188	2.0151408237315366e-05	0.0005981049816179841	0.0035505275009362174	0.07202353563986165	4.4403574096892206e-05	3.0047606426131292e-06	0.001302762957445604	0.004052922749051112	0.026744044360110054	0.008471245336493356	0.14014755958792566	4.742185385578072e-05	0.005821087174730944	0.026059645941266946	0.0019410876164343434	0.0016838281250055548	0.06049857840318338	2.8985928016650296e-05	0.023522694516183478	0.006109555295047611	0.06340393822641936	0.001371946347384632	0.0006420294758414448	0.00518815515070557	0.04554261215405119	0.0030606136022904577	0.007847446042907637	0.1303237385972586	0.0029948504594169336	0.04572532352470497	0.003792942877690669	1.4811797732924814e-06	0.00788603060877006	0.013115470055766727	0.00301377634865268	0.060354457646664965	4.43283795555834e-06	2.9805735131370166e-05	0.018158168842743204	1.5306254753557793e-05	0.006828769615149327
73	0.013258926842314717	0.005310814577007598	0.021054731015499362	0.005530001159536678	0.012971893826366288	0.0009278883361255574	0.06278044592575378	0.025905011928177905	0.05030521020609264	2.010938050909471e-05	0.000597532195374539	0.003555384431783037	0.07204053206180214	4.431668895733456e-05	2.977032907598074e-06	0.001295613220229432	0.004036084759403357	0.026723782015846246	0.008459976752031119	0.14016549015019794	4.724124979135319e-05	0.005826693907478025	0.026021381769153844	0.0019410640198224004	0.00167938268863824	0.06052157412014614	2.889337626699502e-05	0.023501331576831905	0.006114764712293636	0.06344079217044162	0.0013719840642735944	0.0006403962089382473	0.005179008399723024	0.04556180818881181	0.003047609754483864	0.007851578296605346	0.130379073480402	0.0029861120721607097	0.045734485294077025	0.00379798868044292	1.4752846602086983e-06	0.007882843249062856	0.013094875275015372	0.0030054682935044515	0.060362555410415505	4.415972665530248e-06	2.9671945522034353e-05	0.01813083432728286	1.4557314024897544e-05	0.0068134163911472995
74	0.01326231979495672	0.005304818510874191	0.02105554827509789	0.00552471860448502	0.012961278815974189	0.0009266897431507502	0.06280800420866472	0.025903025483384357	0.0503149976605146	2.0069164555506415e-05	0.0005969811451550339	0.003560039140904488	0.07205678936909524	4.423345962409445e-05	2.952149948290046e-06	0.0012889056974144236	0.004020236855653182	0.026704344615268983	0.008449165041601514	0.14018261374877491	4.706880776542979e-05	0.005832054659375552	0.02598473992143267	0.001941039532500425	0.001675126214844527	0.06054362055453116	2.880492852297104e-05	0.023480827728732695	0.006119669413241284	0.0634757423524245	0.0013720190871345293	0.0006388338748553539	0.005170244012137161	0.04558021152217463	0.0030353724821145884	0.007855531811556815	0.13043212093438475	0.0029777844234793	0.04574325296699526	0.0038028273974632047	1.469655038560569e-06	0.00787974312938026	0.013075121429607097	0.0029975331438212008	0.06037030055966506	4.3998620512596635e-06	2.9544123953833814e-05	0.01810465860072115	1.3893377533064585e-05	0.006798712007463667
75	0.013265570978868352	0.0052990701351654694	0.02105630656440856	0.005519657257672526	0.012951110032694764	0.0009255416853457545	0.0628343407836019	0.025901103701804318	0.050324342512705685	2.003067755304677e-05	0.0005964510901984786	0.003564500487530469	0.07207234218751735	4.415372711268946e-05	2.9296936092954206e-06	0.0012826065665840504	0.0040053089098184246	0.026685698351006225	0.008438791847593921	0.140198970242264	4.69041192885661e-05	0.005837181295337645	0.025949647867470928	0.0019410143931847576	0.001671050284577544	0.06056475834349712	2.8720387366832024e-05	0.02346114880433062	0.006124289844535884	0.06350890759998713	0.001372051657358849	0.0006373391938818413	0.005161845455265539	0.04559785605268987	0.0030238452676919544	0.00785931498725867	0.13048297904385855	0.002969845252073377	0.04575164469689612	0.003807467851794285	1.4642778164115304e-06	0.007876730641523366	0.013056174160705385	0.002989952300629203	0.06037770995886297	4.38446936494917e-06	2.942198040994844e-05	0.01807958997876861	1.3304540372862232e-05	0.00678462786014496
76	0.013268686599830248	0.005293558981248276	0.02105701071469678	0.005514807540578209	0.012941367919722667	0.000924441947319317	0.0628595165626399	0.025899245142912804	0.05033326696130981	1.999384088968963e-05	0.0005959413065755382	0.003568776898540348	0.07208722327873013	4.4077339810748454e-05	2.909316840871563e-06	0.0012766850500971745	0.0039912365734475035	0.02666781082637623	0.008428839535248221	0.14021459718487533	4.6746800339076726e-05	0.005842085011239165	0.0259160366813675	0.0019409888085364796	0.0016671468882613158	0.06058502620546101	2.8639566245369503e-05	0.0234422619635245	0.006128644944403991	0.06354039759714833	0.0013720819919830673	0.0006359090552728512	0.00515379696444892	0.04561477408605874	0.0030129766199585135	0.007862935764134892	0.13053174126024872	0.0029622737692904725	0.045759677681701035	0.0038119184507102158	1.4591406470103386e-06	0.007873805797592727	0.013038000531536776	0.002982708278280091	0.060384799517793686	4.36975990738821e-06	2.9305241094008694e-05	0.01805557932549542	1.2782061700842232e-05	0.006771136713928205
77	0.013271672561057423	0.005288275046405791	0.021057665122986752	0.005510160318260759	0.01293203385588322	0.0009233884183284583	0.06288358874920315	0.025897448333269936	0.05034179189543027	1.995857991064781e-05	0.0005954510876002282	0.0035728763929729107	0.07210146366449025	4.400415308401212e-05	2.890731062436257e-06	0.0012711131146064306	0.003977960755830847	0.02665065099395317	0.00841929116432371	0.1402295299954012	4.6596489442185476e-05	0.005846776377495703	0.025883840831547045	0.0019409629568332952	0.0016634084027654483	0.06060446105265291	2.856228875149272e-05	0.023424135642854248	0.006132752257845507	0.06357031371290618	0.001372110286162503	0.000634540506984395	0.005146083501871259	0.045630996427418	0.0030027195741548825	0.007866401653464845	0.13057849667066238	0.002955050540579794	0.04576736822602355	0.003816187209384752	1.4542318775102824e-06	0.007870968278445155	0.013020568959378729	0.0029757846195300917	0.060391584257918636	4.355700890327928e-06	2.919364732833522e-05	0.018032579906647285	1.2318227713585521e-05	0.006758212626408428
78	0.013274534481192935	0.005283208770817401	0.021058273792794815	0.00550570687617741	0.012923090103232523	0.0009223790866669831	0.06290661112336196	0.02589571177648549	0.05034993698764398	1.9924823683701087e-05	0.0005949797441865158	0.0035768066050587107	0.0721150927404102	4.393402891203276e-05	2.8736958003643242e-06	0.001265865201489882	0.003965427151360939	0.026634189097105358	0.00841013046208349	0.14024380210959408	4.6452845956530014e-05	0.0058512653800761	0.025852997984320475	0.001940936991294038	0.001659827569984275	0.06062309809446634	2.8488387963883064e-05	0.023406739507409943	0.006136628043139537	0.06359874974613795	0.0013721367154286993	0.0006332307461921561	0.0051386907182056	0.04564655246632329	0.002993031244624838	0.0078697197652998	0.1306233302460042	0.0029481573778192306	0.04577473179818987	0.003820281772949209	1.4495405020535789e-06	0.00786821747713073	0.013003849153424034	0.0029691658187725773	0.06039807837351351	4.342261310470037e-06	2.9086954545610915e-05	0.018010547252669366	1.1906230729433361e-05	0.006745830877557352
79	0.013277277710930582	0.005278351015904721	0.02105884037131524	0.005501438898467865	0.012914519758279164	0.0009214120344184503	0.06292863430081483	0.025894033961568006	0.05035772077958605	1.9892504782070962e-05	0.0005945266051380679	0.0035805748058310837	0.07212813838026662	4.38668355497576e-05	2.8580101893106832e-06	0.0012609179849722395	0.003953585811360838	0.026618396614306414	0.008401341797534583	0.1402574451179971	4.6315548538579596e-05	0.005855561458922821	0.025823448820618825	0.001940911043068139	0.001656397476871533	0.06064097093260621	2.8417705839074596e-05	0.02339004440502177	0.006140287370329964	0.06362579259617115	0.0013721614377382918	0.0006319771105135564	0.005131604916825779	0.04566147025515227	0.00298387242417938	0.007872896834431833	0.13066632307022627	0.002941577241476587	0.04578178308258762	0.0038242094370338647	1.4450561187603215e-06	0.007865552537859883	0.012987812057604211	0.0029628372525054483	0.060404295287957877	4.329411833807839e-06	2.898493136420002e-05	0.01798943903083624	1.1540062488068944e-05	0.006733967904065073
80	0.013279907348389717	0.005273693043935896	0.021059368183230724	0.005497348447581104	0.012906306706530844	0.0009204854325419897	0.06294970596822595	0.025892413369948315	0.05036516076064535	1.9861559083091924e-05	0.0005940910173645695	0.003584187923380045	0.07214062703177564	4.380244721184502e-05	2.843506000524542e-06	0.0012562501550467966	0.003942390756140471	0.026603246206046458	0.008392910156840433	0.14027048889102056	4.6184293760491725e-05	0.005859673543807297	0.02579513686508673	0.0019408852239087312	0.0016531115368000565	0.06065811164892024	2.8350092650949983e-05	0.023374022322396264	0.006143744212288133	0.06365152286716173	0.0013721845953240904	0.0006307770698636154	0.005124813020351189	0.04567577658158663	0.002975207225231534	0.00787593924449857	0.13070755255249364	0.0029352941516581836	0.04578853602780878	0.003827977166891603	1.4407688902199766e-06	0.007862972390966541	0.012972429797585231	0.0029567851162274296	0.06041024770553338	4.31712468922772e-06	2.8887358738528544e-05	0.01796921492589268	1.1214420001830272e-05	0.006722601238046036
81	0.013282428253355188	0.0052692264987927164	0.021059860261354802	0.0054934279451375615	0.012898435580093423	0.0009195975362634479	0.06296987109731633	0.025890848481414718	0.0503722734403013	1.9831925581158755e-05	0.0005936723460222302	0.0035876525618183854	0.07215258380467451	4.374074377711947e-05	2.830041921442384e-06	0.0012518422226100257	0.003931799623440153	0.026588711664192105	0.008384821119814052	0.14028296169282303	4.605879486098873e-05	0.005863610087688207	0.02576800832672045	0.0019408596285519209	0.0016499634721318444	0.06067455088669301	2.828540647320086e-05	0.023358646342950137	0.006147011528894053	0.06367601541339046	0.0013722063163610684	0.0006296282188845259	0.005118302539317351	0.04568949703576952	0.002967002758245246	0.007878853050321035	0.13074709262389506	0.0029292931071839413	0.04579500389100565	0.00383159161520346	1.4366695071337763e-06	0.007860475784267257	0.01295767563127676	0.0029509963670558254	0.060415947659078796	4.30537357042467e-06	2.8794029176982976e-05	0.01794983652862467	1.092462248680284e-05	0.006711709449710652
82	0.013284845060485105	0.0052649433878154735	0.021060319374333232	0.005489670153931389	0.012890891718072778	0.0009187466807476955	0.0629891721398572	0.02588933777915203	0.05037907441461305	1.980354621362444e-05	0.0005932699745793009	0.003590975019032018	0.0721640325518672	4.368161051102753e-05	2.817498860684243e-06	0.0012476763444908125	0.003921773349784554	0.02657476786366011	0.008377060837401293	0.14029489028533723	4.59387806121527e-05	0.005867379097671059	0.025742011950248972	0.001940834336826644	0.0016469472978974198	0.06069031792608399	2.8223512700791572e-05	0.023343890606159393	0.006150101344831182	0.06369933983172084	0.001372226716461014	0.0006285282698967288	0.005112061542788178	0.04570265607267087	0.0029592288435178415	0.007881643998580438	0.13078501392017217	0.0029235600119084087	0.04580119927883369	0.0038350591386639515	1.432749154799495e-06	0.007858061311164111	0.012943523902313788	0.0029454586714442693	0.060421406553835925	4.294133545308806e-06	2.8704746020688497e-05	0.017931267231800798	1.0666538073472394e-05	0.0067012720936552
83	0.013287162191579995	0.005260836064649509	0.021060748051639867	0.005486068160987945	0.012883661129551938	0.000917931277030721	0.06300764920549051	0.025887879754039455	0.05038557842734897	1.9776365698488905e-05	0.0005928833048098307	0.0035941613032876066	0.07217499594431562	4.362493780433226e-05	2.8057760934101756e-06	0.0012437361662986247	0.003912275881601164	0.02656139071628335	0.008369616010070802	0.14030630002359465	4.5823994287756964e-05	0.005870988163689187	0.025717098877483507	0.0019408094155201705	0.0016440573064950598	0.06070544075430548	2.816428360689603e-05	0.023329730268293856	0.0061530248214511606	0.06372156090672428	0.00137224590001005	0.0006274750463258399	0.0051060786307468116	0.045715277070135556	0.0029518577527418567	0.00788431754694422	0.13082138395179524	0.002918081607581849	0.04580713418531502	0.0038383858134406084	1.4289994821672016e-06	0.007855727435797797	0.012929949996074552	0.0029401603574542878	0.0604266352078051	4.283380972184792e-06	2.8619322777314288e-05	0.01791347213295052	1.0436519148572714e-05	0.006691269658466382
84	0.013289383866997314	0.005256897213024746	0.021061148606101306	0.005482615361600178	0.012876730458936008	0.0009171498081923947	0.06302534022409571	0.025886472908330755	0.050391799426214294	1.975033138285813e-05	0.0005925117567205215	0.0035972171487698374	0.07218549554028422	4.357062092658017e-05	2.7947880954465893e-06	0.0012400066812321901	0.0039032739132573028	0.026548557126757296	0.008362473867036707	0.14031721494333518	4.571419272098421e-05	0.005874444485039661	0.025693222517895114	0.0019407849200237886	0.0016412880533302758	0.060719946131059695	2.8107597932153416e-05	0.023316141464444357	0.006155792323131528	0.06374273901334529	0.0013722639613630834	0.0006264664765652391	0.00510034290812019	0.04572738238303308	0.0029448639771732016	0.007886878881752504	0.1308562672625692	0.002912845412614182	0.04581282002691722	0.003841577449597129	1.42541257322634e-06	0.007853472515523749	0.012916930297888088	0.002935090371100085	0.06043164388890768	4.27309342207465e-06	2.8537582504733472e-05	0.017896417943474217	1.0231345314012247e-05	0.0066816835193734625
85	0.0132915141162874	0.005253119831406071	0.02106152315417829	0.005479305444275115	0.01287008695347657	0.0009164008257527373	0.06304228109424057	0.02588511575881566	0.050397750614605136	1.972539310127247e-05	0.0005921547684166193	0.0036001480301191165	0.07219555184948014	4.351855979311603e-05	2.784461941997563e-06	0.0012364741031851054	0.0038947366494421413	0.026536244950564485	0.008355622146251072	0.14032765784174858	4.560914544122121e-05	0.005877754894915313	0.02567033842772129	0.0019407608957821496	0.0016386343433244224	0.060733859649688304	2.8053340503420033e-05	0.023303101271778544	0.006158413478520578	0.06376293048143558	0.0013722809859088552	0.000625500588238751	0.005094843960308889	0.04573899339387887	0.0029382240195735968	0.007889332934374462	0.130889725577829	0.0029078396661676555	0.04581826767511049	0.003844639604564121	1.4219809205119026e-06	0.007851294820957016	0.012904442153160398	0.0029302382363433624	0.0604364423492344	4.263249606629941e-06	2.845935723995734e-05	0.017880072903611585	1.0048173067425767e-05	0.006672495893712203
86	0.013293556788118879	0.005249497218457833	0.021061873634219647	0.005476132376527865	0.01286371843280417	0.0009156829462761235	0.06305850581908798	0.025883806839540724	0.05040344449928436	1.9701503043102826e-05	0.000591811795913325	0.0036029591760379084	0.07220518439256929	4.346865874460801e-05	2.7747351692063794e-06	0.0012331257526593262	0.0038866355895669016	0.026524432953780406	0.008349049075113356	0.14033765035207144	4.550863388113653e-05	0.005880925883076049	0.025648404196946206	0.0019407373795681678	0.0016360912182284454	0.06074720579443036	2.8001401879484425e-05	0.02329058767397977	0.006160897237037559	0.06378218792601212	0.0013722970510185151	0.0006245755028316959	0.005089571830107741	0.045750130560252275	0.0029319162073996887	0.00789168439634028	0.13092181794316238	0.0029030532770614958	0.0458234874866347	0.003847577595735241	1.418697400540998e-06	0.007849192553808428	0.012892463829209196	0.002925594018365026	0.06044103985663581	4.2538293111431595e-06	2.83844874692757e-05	0.017864406702826362	9.884491413762288e-06	0.006663689798990706
87	0.013295515559554884	0.0052460229592706355	0.021062201822891195	0.005473090391466113	0.012857613260313663	0.0009149948481692469	0.06307404663098586	0.02588254470415246	0.050408892934343245	1.967861562829963e-05	0.0005914823128994304	0.0036056555820309123	0.07221441175649614	4.3420826338194866e-05	2.765554015222639e-06	0.00122994995415389	0.003878944332080021	0.026513100774670756	0.008342743351853707	0.1403472130126636	4.541245064650434e-05	0.005883963616801182	0.025627379343545333	0.0019407144006036053	0.0016336539446839967	0.06076000799413542	2.79516780214693e-05	0.023278579526836606	0.006163251920972992	0.06380056054668262	0.0013723122268898217	0.000623689430661889	0.0050845169959150786	0.04576081345929747	0.002925920524983361	0.007893937733349341	0.13095260085449467	0.0028984757770239736	0.04582848933168291	0.00385039651226054	1.4155552510115466e-06	0.007847163862715284	0.012880974478646395	0.0029211482897843967	0.06044544522389142	4.244813332222811e-06	2.831282163598155e-05	0.01784939040519754	9.738082709978056e-06	0.006655249013369425
88	0.013297393944734908	0.005242690912302674	0.021062509349965754	0.0054701739751128	0.0128517603162611	0.0009143352686598621	0.0630889341058355	0.025881327927912676	0.05041410716178144	1.9656687390852558e-05	0.0005911658104597925	0.0036082420223407783	0.0722232516459851	4.3374975149482933e-05	2.7568719724940843e-06	0.001226935943836242	0.003871638396796387	0.026502228886994404	0.008336694127555057	0.14035636533110024	4.532039884228074e-05	0.005886873960259856	0.025607225214430596	0.0019406919815435858	0.0016313180029794378	0.06077228867273597	2.7904069985869008e-05	0.02326705652495836	0.006165485273512058	0.06381809439931842	0.0013723265772981178	0.0006228406661649543	0.005079670351138956	0.04577106082955917	0.002920218462690547	0.007896097198249125	0.13098212838027556	0.002894097277874457	0.045833282620183796	0.0038531012261027314	1.412548049612496e-06	0.007845206857252535	0.012869954104185418	0.0029168920995346925	0.060449666835673106	4.236183419743294e-06	2.8244215682445827e-05	0.017834996379438202	9.606988126760863e-06	0.006647158038386234
89	0.013299195303011638	0.005239495196991665	0.021062797711644595	0.005467377854418937	0.012846148972444104	0.0009137030009443731	0.06310319726821832	0.02588015510942662	0.05041909784900832	1.9635676869382132e-05	0.0005908617967629921	0.003610723061137478	0.0722317209315604	4.333102158471187e-05	2.7486485953410345e-06	0.0012240737864289077	0.003864695063522926	0.026491798564931175	0.008330890988785625	0.14036512584374555	4.5232291449308646e-05	0.005889662492430215	0.025587904892577236	0.0019406701393414087	0.0016290790764528999	0.06078406929674788	2.7858483638371288e-05	0.02325599916959627	0.00616760450298371	0.06383483264273523	0.0013723401602642607	0.0006220275834707389	0.005075023184717862	0.0457808906103751	0.0029147928812626187	0.007898166843072771	0.13101045227642544	0.0028899084322605325	0.045837876326346186	0.003855696402416354	1.40966969431037e-06	0.007843319620295278	0.012859383524779736	0.0029128169441369604	0.060453712673499645	4.227922222720875e-06	2.817853262364657e-05	0.017821198233193277	9.489477183518196e-06	0.006639402063773378
90	0.013300922846587196	0.005236430181996724	0.021063068282564754	0.005464696985922302	0.012840769068349297	0.000913096891493273	0.06311686368815789	0.025879024872117108	0.050423875123540504	1.961554450433928e-05	0.0005905697967201176	0.003613103063015671	0.07223983569438377	4.32888857024809e-05	2.740848516977875e-06	0.0012213543003564645	0.0038580932254284376	0.02648179184955766	0.008325323940818929	0.14037351217121347	4.514795074675572e-05	0.005892334523690099	0.025569383109856368	0.0019406488860082382	0.0016269330414986252	0.06079537042003641	2.781482938678887e-05	0.02324538873755226	0.006169616323618951	0.06385081576285855	0.0013723530286487446	0.000621248632249714	0.005070567162681362	0.04579031997902232	0.0029096278897378283	0.007900150530216601	0.13103762209462655	0.0028859003976135678	0.04584227901161057	0.0038581865093043526	1.4069143849904518e-06	0.007841500218889585	0.012849244343020538	0.0029089147411438384	0.06045759033886118	4.220013238801888e-06	2.811564214955279e-05	0.01780797075129599	9.384020876722272e-06	0.006631966934226833
91	0.013302579647688408	0.005233490474032376	0.021063322326630673	0.005462126545010963	0.012835610888660583	0.0009125158375042447	0.06312995957030146	0.02587793586547179	0.050428448605144234	1.9596252541336015e-05	0.0005902893516201222	0.003615386202850661	0.07224761126817589	4.324849104448288e-05	2.7334406384239935e-06	0.0012187689902981652	0.0038518132557552828	0.02647219151679744	0.008319983391422212	0.14038154107007078	4.50672077760012e-05	0.005894895111193423	0.025551626165137332	0.0019406282292805325	0.001624875958136359	0.06080621172605853	2.7773021931583323e-05	0.023235207251156638	0.006171526993083286	0.06386608177659615	0.0013723652306802823	0.0006205023338100713	0.005066294310682843	0.045799365385790734	0.002904708735522717	0.007902051942831941	0.1310636852844796	0.002882064803020315	0.04584649884613764	0.0038605758270014666	1.4042766063426997e-06	0.007839746713775957	0.012839518913736943	0.0029051778045500075	0.060461307074675105	4.2124407670793575e-06	2.8055420254021814e-05	0.01779528983768922	9.289267978099128e-06	0.006624839118000322
92	0.01330416864531721	0.005230670907259796	0.021063561006794816	0.005459661915753902	0.012830665142031999	0.0009119587844935273	0.0631425098362254	0.02587688676608698	0.05043282743564752	1.9577764940173208e-05	0.0005900200187466938	0.0036175764750599726	0.07225506227846042	4.320976447474191e-05	2.7263974585269457e-06	0.0012163099863814265	0.0038458368866059545	0.026462981046776413	0.00831486013519735	0.1403892284810965	4.4989901842205405e-05	0.005897349073137766	0.025534601847262386	0.0019406081732065625	0.0016229040611067955	0.06081661206777069	2.7732980032604743e-05	0.023225437449296376	0.006173342347031115	0.06388066641741608	0.0013723768104262964	0.0006197872774278688	0.005062196997442605	0.04580804258713996	0.0029000217053373497	0.007903874594499318	0.1310886872899926	0.0028783937187390465	0.04585054362895024	0.0038628684565292543	1.4017511118929896e-06	0.007838057167698004	0.012830190313753499	0.0029015988219886677	0.060464869785220254	4.205189863981031e-06	2.7997748888097978e-05	0.0177831324607433	9.204024128944198e-06	0.0066180056772068225
93	0.013305692651608463	0.005227966533202624	0.021063785393897937	0.005457298681263485	0.012825922941036903	0.0009114247240167905	0.06315453820049483	0.02587587627852779	0.050437020306624905	1.9560047289167447e-05	0.0005897613709810247	0.003619677702313971	0.0722622026793441	4.317263602688558e-05	2.7196945198741534e-06	0.0012139699893317535	0.003840147098659793	0.0264541445945166	0.008309945338460214	0.14039658957437617	4.491588005023369e-05	0.005899701002019612	0.025518279362530667	0.001940588718661926	0.0016210137514588653	0.060826589505371065	2.769462629079478e-05	0.02321606275947335	0.006175067830912996	0.06389460330442444	0.0013723878082119122	0.0006191021168940035	0.005058267919044623	0.04581636667707795	0.0028955540358953356	0.007905621838246724	0.13111267164081905	0.0028748796281161354	0.045854420806833725	0.003865068327863214	1.3993329090894771e-06	0.007836429652618002	0.012821242312766662	0.002898170833552915	0.06046828505468124	4.198246301994866e-06	2.7942515635800426e-05	0.017771476601724304	9.127233400809812e-06	0.006611454239719278
94	0.013307154357824442	0.005225372611157034	0.02106399647466773	0.00545503261455726	0.012821375783213075	0.0009109126915114194	0.06316606724104458	0.025874903136021855	0.050441035485137585	1.9543066724412842e-05	0.0005895129963943618	0.0036216935437356685	0.07226904578802425	4.313703875901681e-05	2.7133099499184136e-06	0.0012117422209665606	0.003834728020785639	0.026445666961905378	0.008305230524645773	0.14040363879147952	4.484499687198162e-05	0.005901955276965398	0.025502629266360658	0.001940569863802755	0.0016192015885972758	0.06083616134202865	2.765788694371375e-05	0.023207067270870827	0.006176708529250932	0.06390792409655673	0.0013723982609933215	0.000618445567263106	0.005054500084034911	0.04582435211688607	0.002891293833302013	0.007907296874967875	0.1311356800386212	0.002871515401683701	0.04585813749208908	0.003867179207648664	1.397017245362126e-06	0.007834862255950644	0.012812659345307046	0.0028948872120981785	0.06047155916442258	4.191596531018993e-06	2.7889613410666357e-05	0.01776030120618813	9.057962031620663e-06	0.006605172972570582
95	0.013308556340012575	0.005222884599067797	0.0210641951589636	0.005452859669888794	0.012817015533130251	0.0009104217642526704	0.06317711846439077	0.025873966101002215	0.05044488083769398	1.9526791853642667e-05	0.0005892744978337175	0.003623627502626692	0.07227560431719733	4.3102908615776356e-05	2.7072240803685557e-06	0.0012096203794846633	0.0038295648386160253	0.026437533570880047	0.008300707560227022	0.1404103898849459	4.477711374246952e-05	0.00590411607521826	0.02548762339882976	0.0019405516044641794	0.0016174642827610365	0.0608453441577375	2.7622691673852468e-05	0.023198435708404894	0.006178269192581668	0.06392065863333278	0.001372408202690725	0.0006178164017906096	0.005050886799273464	0.04583201276330341	0.002887230000263185	0.00790890276129111	0.13115775243889766	0.0028682942732409524	0.04586170047922463	0.0038692047064985656	1.3947995950807911e-06	0.007833353085916912	0.012804426483756815	0.0028917416448970296	0.06047469810910039	4.185227642141474e-06	2.7838940171474083e-05	0.017749586138094936	8.9953840805314e-06	0.0065991505567601205
96	0.013309901064350474	0.005220498144843945	0.021064382286345208	0.005450775974519388	0.012812834405412506	0.0009099510594166978	0.06318771236613138	0.02587306396551317	0.05044856385257968	1.9511192684382433e-05	0.0005890454925036606	0.003625482933753421	0.07228189040552481	4.3070184297211606e-05	2.701419130948789e-06	0.0012075985990607143	0.003824643711238622	0.02642973043777075	0.008296368641136082	0.1404168559552794	4.4712098682351294e-05	0.005906187382852885	0.025473234823815968	0.0019405339345106604	0.0016157986879057995	0.06085415384142133	2.758897342878041e-05	0.023190153407735864	0.006179754262253622	0.06393283506347903	0.0013724176644854412	0.000617213449045321	0.00504742165649532	0.04583936189527232	0.0028833521702941074	0.007910442416944538	0.1311789271285822	0.002865209817741547	0.04586511626066427	0.0038711482859033414	1.3926756473438116e-06	0.007831900276110842	0.012796529412393266	0.002888728116531007	0.06047770761170905	4.179127333671819e-06	2.7790398655710443e-05	0.017739312136455913	8.938768775077917e-06	0.006593376163380854
97	0.013311190892200123	0.005218209078089427	0.02106455863203384	0.0054487778209045415	0.012808824948653623	0.0009094997322439332	0.0631978684871485	0.025872195551491752	0.050452091660690694	1.9496240556110212e-05	0.0005888256115466914	0.003627263050224557	0.07228791564629772	4.303880713408908e-05	2.69587894613058e-06	0.001205671413305286	0.00381995169524206	0.026422244148747297	0.008292206279675914	0.1404230494856372	4.4649825944723035e-05	0.005908173004783828	0.025459437771490866	0.0019405168461439448	0.0016142017949648414	0.06086260562140275	2.7556668252262965e-05	0.02318220629121372	0.006181167893249434	0.06394447996258965	0.0013724266750852361	0.0006166355901857778	0.005044098519539471	0.04584641223933753	0.0028796506482050726	0.007911918631658623	0.13119924079969214	0.0028622559308268923	0.04586839104154257	0.003873013264779912	1.390641294534986e-06	0.007830501989363726	0.012788954402430103	0.002885840892915887	0.060480593137650286	4.173283879261064e-06	2.774389612947358e-05	0.017729460774340372	8.887469350859825e-06	0.006587839430986859
98	0.013312428084891161	0.0052160134022257365	0.021064724912327793	0.00544686165927074	0.012804980030168573	0.0009090669742967635	0.06320760546588444	0.02587135971093653	0.050455471054991645	1.9481908076161593e-05	0.0005886144996243247	0.0036289709299888507	0.07229369111443001	4.3008720969307535e-05	2.690588775489263e-06	0.0012038337221973111	0.003815476675426772	0.026415061836318563	0.008288213291910953	0.14042898237437815	4.4590175684326135e-05	0.0059100765741262815	0.025446207583934767	0.0019405003301736763	0.0016126707254652596	0.060870714094341596	2.7525715125554553e-05	0.023174580844730567	0.006182513975193299	0.06395561844087967	0.0013724352609614594	0.0006160817563895712	0.005040911512207314	0.04585317599378397	0.0028761163562173067	0.007913334071643428	0.13121872861928063	0.002859426809861079	0.04587153075365154	0.003874802825684724	1.388692621592133e-06	0.007829156420982515	0.012781688288028158	0.0028830745063672214	0.060483359907904544	4.167686097960692e-06	2.769934415261433e-05	0.01772001442008539	8.840913207541648e-06	0.006582530444126934
99	0.01331361480825158	0.0052139072869850575	0.021064881789526334	0.0054450240905599525	0.012801292821528665	0.0009086520118058717	0.06321694108702773	0.025870555325974546	0.05045870850870864	1.9468169059136953e-05	0.0005884118145006782	0.0036306095219793776	0.07229922739189766	4.297987204508797e-05	2.6855350900158014e-06	0.001202080762136713	0.0038112073015578343	0.026408171156835608	0.008284382785524723	0.140434665965626	4.4533033647423445e-05	0.00591190156096254	0.025433520663664666	0.0019404843762550646	0.0016112027254776558	0.06087849325273861	2.749605581814071e-05	0.023167264095452614	0.006183796151690154	0.06396627424197686	0.001372443446561149	0.000615550926425624	0.005037855006714939	0.045859664851590924	0.002872740785131805	0.007914691285673974	0.13123742429592594	0.002856716936337216	0.04587454106859836	0.0038765200207132983	1.3868258959352328e-06	0.007827861801431949	0.012774718443247077	0.002880423741622216	0.060486012911376286	4.162323326082895e-06	2.76566583580214e-05	0.017710956200563534	8.798593225741185e-06	0.006577439712974868
100	0.01331475313690234	0.005211887061253797	0.021065029876410263	0.005443261859720614	0.012797756784831985	0.0009082541040999842	0.06322589232691171	0.025869781308836236	0.05046181019235589	1.9454998469586427e-05	0.0005882172266300562	0.003632181651928529	0.07230453459173129	4.29522088956334e-05	2.6807054280891348e-06	0.0012004080788018394	0.003807132930596707	0.026401560268951952	0.008280708148132232	0.14044011107798543	4.4478290880788095e-05	0.005913651280562016	0.02542135442488279	0.0019404689730974309	0.0016097951598790384	0.060885956511091854	2.746763474726256e-05	0.023160243590403397	0.0061850178381323475	0.06397646983360243	0.0013724512544968815	0.0006150421243601505	0.005034923612705881	0.04586589002227323	0.002869515950035177	0.007915992710814048	0.13125536014296893	0.002854121059537552	0.04587742741022761	0.003878167777106768	1.3850375580065083e-06	0.00782661639852328	0.012768032759909115	0.0028778836227420926	0.060488556916477906	4.1571853907356705e-06	2.761575824404631e-05	0.017702269966375625	8.76006010770946e-06	0.006572558153991675
