world_seed	cell_seed	time	gene_id	X	P
1008	1045	0	0	0.33132907	0.33132907
1008	1045	0	1	0.86932393	0.86932393
1008	1045	0	2	0.00699000	0.00699000
1008	1045	0	3	0.09131981	0.09131981
1008	1045	0	4	0.04902839	0.04902839
1008	1045	0	5	0.04623425	0.04623425
1008	1045	0	6	0.82502913	0.82502913
1008	1045	0	7	0.41823429	0.41823429
1008	1045	0	8	0.74595653	0.74595653
1008	1045	0	9	0.58097323	0.58097323
1008	1045	0	10	0.41792583	0.41792583
1008	1045	0	11	0.43608383	0.43608383
1008	1045	0	12	0.57577009	0.57577009
1008	1045	0	13	0.93884034	0.93884034
1008	1045	0	14	0.98873399	0.98873399
1008	1045	0	15	0.22094091	0.22094091
1008	1045	0	16	0.85799604	0.85799604
1008	1045	0	17	0.23293475	0.23293475
1008	1045	0	18	0.40543392	0.40543392
1008	1045	0	19	0.01119102	0.01119102
1008	1045	1	0	0.23772843	0.56372159
1008	1045	1	1	0.59635673	1.59060486
1008	1045	1	2	0.52803982	0.01324494
1008	1045	1	3	1.23979944	0.14633431
1008	1045	1	4	1.64337796	0.07854050
1008	1045	1	5	1.49768558	0.08388758
1008	1045	1	6	1.37368657	1.47016858
1008	1045	1	7	0.23390000	0.75658631
1008	1045	1	8	0.46938700	1.32264397
1008	1045	1	9	0.45566481	1.00993978
1008	1045	1	10	2.15964941	0.72398646
1008	1045	1	11	0.28215170	0.71606188
1008	1045	1	12	2.08166538	1.05487849
1008	1045	1	13	0.58714205	1.71171067
1008	1045	1	14	0.77038952	1.74974515
1008	1045	1	15	0.95771037	0.40654479
1008	1045	1	16	0.63195450	1.48742124
1008	1045	1	17	1.50214970	0.43526325
1008	1045	1	18	1.02969847	0.74569381
1008	1045	1	19	0.03338521	0.01823613
1008	1045	2	0	0.17065664	0.63311989
1008	1045	2	1	0.43370792	1.91608682
1008	1045	2	2	0.82038212	0.53989195
1008	1045	2	3	1.87074673	1.32795676
1008	1045	2	4	2.94294654	1.69065456
1008	1045	2	5	2.53970458	1.56600390
1008	1045	2	6	1.81681784	2.52329903
1008	1045	2	7	0.13528784	0.84597920
1008	1045	2	8	0.30192150	1.49190257
1008	1045	2	9	0.57363110	1.20136246
1008	1045	2	10	3.21169233	2.68984818
1008	1045	2	11	0.18300582	0.74188351
1008	1045	2	12	3.40279121	2.95944829
1008	1045	2	13	0.36721864	1.99625318
1008	1045	2	14	0.60923845	2.11713757
1008	1045	2	15	1.46386195	1.29923284
1008	1045	2	16	0.50554094	1.72312554
1008	1045	2	17	2.20954857	1.88022194
1008	1045	2	18	1.54077964	1.65552102
1008	1045	2	19	0.09462316	0.04486543
1008	1045	3	0	0.27913484	0.61472371
1008	1045	3	1	0.33230086	2.02349146
1008	1045	3	2	0.99503414	1.30350030
1008	1045	3	3	1.99505371	2.67075807
1008	1045	3	4	3.79873385	3.96061762
1008	1045	3	5	3.32299505	3.81506329
1008	1045	3	6	2.03571878	3.78993578
1008	1045	3	7	0.44788338	0.81968599
1008	1045	3	8	0.56341848	1.45528827
1008	1045	3	9	0.74343933	1.46066732
1008	1045	3	10	3.89712708	5.18155539
1008	1045	3	11	0.16358210	0.65931585
1008	1045	3	12	4.30788556	5.86540008
1008	1045	3	13	0.27895251	2.01057030
1008	1045	3	14	0.48754194	2.23876198
1008	1045	3	15	1.84881916	2.55529695
1008	1045	3	16	0.42889097	1.76962446
1008	1045	3	17	2.61266960	3.84272050
1008	1045	3	18	1.96275291	2.93017350
1008	1045	3	19	0.15650556	0.12286737
1008	1045	4	0	0.76326780	0.71029893
1008	1045	4	1	0.26190384	2.01119838
1008	1045	4	2	1.11269273	2.16146141
1008	1045	4	3	1.60434209	3.60401930
1008	1045	4	4	4.10219684	6.18278445
1008	1045	4	5	3.94851469	6.42999509
1008	1045	4	6	1.99866690	4.99929551
1008	1045	4	7	1.16493803	1.11101030
1008	1045	4	8	0.96517554	1.68847930
1008	1045	4	9	0.87881346	1.82193551
1008	1045	4	10	4.40449084	7.69174814
1008	1045	4	11	0.25027817	0.58688137
1008	1045	4	12	4.66334431	9.18858793
1008	1045	4	13	0.41842529	1.93409028
1008	1045	4	14	0.39237506	2.21067764
1008	1045	4	15	2.17658257	3.99542481
1008	1045	4	16	0.37037880	1.72708606
1008	1045	4	17	2.85828760	5.95047941
1008	1045	4	18	2.31476079	4.42189719
1008	1045	4	19	0.19717338	0.23385448
1008	1045	5	0	1.40275544	1.26146787
1008	1045	5	1	0.22643929	1.93060175
1008	1045	5	2	1.20370095	3.04685993
1008	1045	5	3	1.13530343	3.77553952
1008	1045	5	4	4.11375474	7.82385654
1008	1045	5	5	4.38829670	9.18512377
1008	1045	5	6	1.86619548	5.90791409
1008	1045	5	7	1.81464005	2.06374665
1008	1045	5	8	1.27989741	2.27051274
1008	1045	5	9	0.95720244	2.22405509
1008	1045	5	10	4.67369698	10.03740745
1008	1045	5	11	0.37578837	0.62707248
1008	1045	5	12	4.74146907	12.30932964
1008	1045	5	13	0.77026441	2.01060333
1008	1045	5	14	0.32343456	2.09389474
1008	1045	5	15	2.40089574	5.53298363
1008	1045	5	16	0.34911524	1.63736775
1008	1045	5	17	2.97686550	8.02690929
1008	1045	5	18	2.60270434	6.02583224
1008	1045	5	19	0.25218022	0.34439222
1008	1045	6	0	2.00929622	2.28754259
1008	1045	6	1	0.28852656	1.82826591
1008	1045	6	2	1.28398980	3.93016024
1008	1045	6	3	0.76666150	3.40983112
1008	1045	6	4	4.08607345	8.82323989
1008	1045	6	5	4.41264573	11.86869160
1008	1045	6	6	1.74416261	6.48594571
1008	1045	6	7	2.21042076	3.48421347
1008	1045	6	8	1.48419164	3.03519564
1008	1045	6	9	0.98041657	2.59935249
1008	1045	6	10	4.36120340	12.02441598
1008	1045	6	11	0.46866140	0.77838649
1008	1045	6	12	4.77503617	14.98427835
1008	1045	6	13	1.21659618	2.42542938
1008	1045	6	14	0.30923817	1.93506849
1008	1045	6	15	2.35627051	7.04894021
1008	1045	6	16	0.49370832	1.55028691
1008	1045	6	17	2.84955109	9.94908650
1008	1045	6	18	2.80261495	7.65987619
1008	1045	6	19	0.47029170	0.46898608
1008	1045	7	0	2.51974474	3.61376698
1008	1045	7	1	0.49828064	1.80544480
1008	1045	7	2	1.35947406	4.80086362
1008	1045	7	3	0.51143017	2.82087263
1008	1045	7	4	4.14500240	9.39712652
1008	1045	7	5	3.99266221	14.07854706
1008	1045	7	6	1.67810994	6.81591022
1008	1045	7	7	2.34952881	5.02915349
1008	1045	7	8	1.59420993	3.83065438
1008	1045	7	9	0.96350499	2.89967066
1008	1045	7	10	3.60061155	13.16707319
1008	1045	7	11	0.50323424	0.96840737
1008	1045	7	12	4.88221014	17.24371724
1008	1045	7	13	1.65688552	3.21325344
1008	1045	7	14	0.40844050	1.79862634
1008	1045	7	15	2.11177508	8.27781117
1008	1045	7	16	0.98026786	1.63099756
1008	1045	7	17	2.40542773	11.49138660
1008	1045	7	18	2.86435391	9.23115605
1008	1045	7	19	0.95610309	0.76553335
1008	1045	8	0	2.92773164	5.05442255
1008	1045	8	1	0.78448716	1.99626414
1008	1045	8	2	1.42006170	5.65549013
1008	1045	8	3	0.34299535	2.21083044
1008	1045	8	4	4.34314135	9.80150026
1008	1045	8	5	3.40327986	15.45827708
1008	1045	8	6	1.68970446	7.00787647
1008	1045	8	7	2.26615275	6.41811979
1008	1045	8	8	1.62263602	4.55562951
1008	1045	8	9	0.94633550	3.10450156
1008	1045	8	10	2.79992851	13.24328628
1008	1045	8	11	0.48150414	1.12497894
1008	1045	8	12	5.12528187	19.23100996
1008	1045	8	13	2.04180611	4.30209377
1008	1045	8	14	0.64896729	1.79281154
1008	1045	8	15	1.82117024	9.06564247
1008	1045	8	16	1.76548160	2.17676637
1008	1045	8	17	1.84112606	12.38691426
1008	1045	8	18	2.77684434	10.61158958
1008	1045	8	19	1.57280978	1.43803068
1008	1045	9	0	3.24561989	6.47287796
1008	1045	9	1	1.05999072	2.44079408
1008	1045	9	2	1.43909799	6.48083376
1008	1045	9	3	0.23378809	1.67488316
1008	1045	9	4	4.68090151	10.24304758
1008	1045	9	5	2.82324421	15.99255137
1008	1045	9	6	1.78444060	7.16958085
1008	1045	9	7	2.00675606	7.45841908
1008	1045	9	8	1.57313598	5.14452263
1008	1045	9	9	0.99364878	3.23857072
1008	1045	9	10	2.12351786	12.49841656
1008	1045	9	11	0.41988703	1.20377219
1008	1045	9	12	5.52411042	21.12774285
1008	1045	9	13	2.35754323	5.58336739
1008	1045	9	14	0.98952301	2.02886279
1008	1045	9	15	1.54660247	9.43686408
1008	1045	9	16	2.64084668	3.36235567
1008	1045	9	17	1.34051283	12.60047321
1008	1045	9	18	2.58837488	11.68260705
1008	1045	9	19	2.16583518	2.47809584
1008	1045	10	0	3.48974385	7.78566362
1008	1045	10	1	1.28869901	3.08512560
1008	1045	10	2	1.39618068	7.23842248
1008	1045	10	3	0.16328941	1.24280100
1008	1045	10	4	5.11800367	10.84659233
1008	1045	10	5	2.31314366	15.84763045
1008	1045	10	6	1.94952904	7.39076328
1008	1045	10	7	1.63881613	8.04062572
1008	1045	10	8	1.44644567	5.55028675
1008	1045	10	9	1.15285519	3.38487510
1008	1045	10	10	1.59403993	11.27651365
1008	1045	10	11	0.33991721	1.19274255
1008	1045	10	12	6.05536277	23.10487615
1008	1045	10	13	2.60696708	6.95387208
1008	1045	10	14	1.36700305	2.55110299
1008	1045	10	15	1.30454864	9.47414516
1008	1045	10	16	3.45515051	5.10746811
1008	1045	10	17	0.95812014	12.28535856
1008	1045	10	18	2.35434100	12.39298760
1008	1045	10	19	2.67194860	3.72587533
1008	1045	11	0	3.67529382	8.95056879
1008	1045	11	1	1.46610614	3.84843787
1008	1045	11	2	1.29590977	7.87342764
1008	1045	11	3	0.11780615	0.91199970
1008	1045	11	4	5.59687675	11.64699168
1008	1045	11	5	1.88446637	15.21950584
1008	1045	11	6	2.15768386	7.72880746
1008	1045	11	7	1.24323463	8.14369164
1008	1045	11	8	1.25279300	5.73728639
1008	1045	11	9	1.41842343	3.65210660
1008	1045	11	10	1.19264424	9.85219658
1008	1045	11	11	0.25983765	1.10569140
1008	1045	11	12	6.66653381	25.28133581
1008	1045	11	13	2.79853672	8.33152014
1008	1045	11	14	1.73567435	3.33054213
1008	1045	11	15	1.09684852	9.26340970
1008	1045	11	16	4.14786305	7.20198504
1008	1045	11	17	0.68507233	11.62925541
1008	1045	11	18	2.11118340	12.75513968
1008	1045	11	19	3.08102610	5.01750564
1008	1045	12	0	3.81501855	9.95317733
1008	1045	12	1	1.59910522	4.65916771
1008	1045	12	2	1.16105766	8.34138624
1008	1045	12	3	0.08855402	0.66722924
1008	1045	12	4	6.06752343	12.60765642
1008	1045	12	5	1.53193669	14.27928180
1008	1045	12	6	2.37899485	8.20129916
1008	1045	12	7	0.88672333	7.83149058
1008	1045	12	8	1.02001769	5.68820025
1008	1045	12	9	1.74128104	4.11498750
1008	1045	12	10	0.89305263	8.40772732
1008	1045	12	11	0.19036939	0.96972255
1008	1045	12	12	7.30170108	27.70357715
1008	1045	12	13	2.94176056	9.65719454
1008	1045	12	14	2.07157369	4.29913402
1008	1045	12	15	0.92086173	8.87867892
1008	1045	12	16	4.71005415	9.43123352
1008	1045	12	17	0.49630623	10.78631252
1008	1045	12	18	1.87828214	12.81591774
1008	1045	12	19	3.40271924	6.23970551
1008	1045	13	0	3.91922940	10.79612660
1008	1045	13	1	1.69699529	5.46483200
1008	1045	13	2	1.01527178	8.62528331
1008	1045	13	3	0.06992914	0.49051813
1008	1045	13	4	6.49880645	13.65656477
1008	1045	13	5	1.24540177	13.16103058
1008	1045	13	6	2.59106811	8.79207958
1008	1045	13	7	0.60304308	7.22240827
1008	1045	13	8	0.78535642	5.41747721
1008	1045	13	9	2.06703158	4.77961718
1008	1045	13	10	0.67131211	7.05030402
1008	1045	13	11	0.13530043	0.81295847
1008	1045	13	12	7.91930194	30.35433395
1008	1045	13	13	3.04572651	10.89173748
1008	1045	13	14	2.36542753	5.38054149
1008	1045	13	15	0.77274645	8.37949476
1008	1045	13	16	5.15434619	11.62879952
1008	1045	13	17	0.36780099	9.86536122
1008	1045	13	18	1.66461941	12.63402438
1008	1045	13	19	3.65188203	7.33081234
1008	1045	14	0	3.99610255	11.49157778
1008	1045	14	1	1.76830792	6.23118438
1008	1045	14	2	0.87453851	8.73354055
1008	1045	14	3	0.05834102	0.36543579
1008	1045	14	4	6.87699248	14.71922673
1008	1045	14	5	1.01412109	11.96378820
1008	1045	14	6	2.78163769	9.46611928
1008	1045	14	7	0.39631671	6.44597972
1008	1045	14	8	0.57838621	4.97352414
1008	1045	14	9	2.36031190	5.59610270
1008	1045	14	10	0.50797884	5.83447839
1008	1045	14	11	0.09415163	0.65724258
1008	1045	14	12	8.49552737	33.17767609
1008	1045	14	13	3.11850152	12.01200147
1008	1045	14	14	2.61607732	6.50673563
1008	1045	14	15	0.64858298	7.81203426
1008	1045	14	16	5.49990485	13.68522423
1008	1045	14	17	0.28085554	8.93691223
1008	1045	14	18	1.47350495	12.26770789
1008	1045	14	19	3.84313480	8.26686159
1008	1045	15	0	4.05200524	12.05623686
1008	1045	15	1	1.81996414	6.93834211
1008	1045	15	2	0.74715616	8.68968043
1008	1045	15	3	0.05149092	0.27849335
1008	1045	15	4	7.19972334	15.73707055
1008	1045	15	5	0.82826941	10.75746941
1008	1045	15	6	2.94626694	10.18376068
1008	1045	15	7	0.25464682	5.61112175
1008	1045	15	8	0.41261582	4.42334070
1008	1045	15	9	2.60652744	6.49224208
1008	1045	15	10	0.38800868	4.78075659
1008	1045	15	11	0.06459755	0.51611980
1008	1045	15	12	9.02004215	36.10325407
1008	1045	15	13	3.16679831	13.00699803
1008	1045	15	14	2.82633725	7.62419723
1008	1045	15	15	0.54476247	7.21116929
1008	1045	15	16	5.76598503	15.53937441
1008	1045	15	17	0.22206108	8.04351049
1008	1045	15	18	1.30528605	11.76916279
1008	1045	15	19	3.98911009	9.04738713
1008	1045	16	0	4.09180841	12.50818857
1008	1045	16	1	1.85727272	7.57672942
1008	1045	16	2	0.63625329	8.52305020
1008	1045	16	3	0.04792035	0.21926584
1008	1045	16	4	7.47058840	16.67248140
1008	1045	16	5	0.67937680	9.58918775
1008	1045	16	6	3.08511340	10.90955652
1008	1045	16	7	0.16162215	4.79405080
1008	1045	16	8	0.28840154	3.83223200
1008	1045	16	9	2.80456279	7.40012978
1008	1045	16	10	0.30003639	3.88911178
1008	1045	16	11	0.04393408	0.39596094
1008	1045	16	12	9.49064236	39.06219365
1008	1045	16	13	3.19588504	13.87439395
1008	1045	16	14	3.00067999	8.69454769
1008	1045	16	15	0.45810295	6.60258548
1008	1045	16	16	5.96952618	17.16565768
1008	1045	16	17	0.18217999	7.20870197
1008	1045	16	18	1.15882599	11.18254057
1008	1045	16	19	4.10011713	9.68472807
1008	1045	17	0	4.11917527	12.86498836
1008	1045	17	1	1.88418643	8.14371005
1008	1045	17	2	0.54204257	8.26303954
1008	1045	17	3	0.04672006	0.18001438
1008	1045	17	4	7.69562252	17.50640683
1008	1045	17	5	0.56035555	8.48884273
1008	1045	17	6	3.20051183	11.61594602
1008	1045	17	7	0.10233256	4.04001479
1008	1045	17	8	0.19944682	3.25104074
1008	1045	17	9	2.95978512	8.26851175
1008	1045	17	10	0.23558936	3.14815907
1008	1045	17	11	0.02975169	0.29815211
1008	1045	17	12	9.90934464	41.99497942
1008	1045	17	13	3.20969255	14.61753667
1008	1045	17	14	3.14401730	9.69272035
1008	1045	17	15	0.38585921	6.00467836
1008	1045	17	16	6.12453599	18.56223894
1008	1045	17	17	0.15498012	6.44370126
1008	1045	17	18	1.03230481	10.54375857
1008	1045	17	19	4.18432179	10.19696152
1008	1045	18	0	4.13681410	13.14261279
1008	1045	18	1	1.90359841	8.64104946
1008	1045	18	2	0.46329275	7.93616027
1008	1045	18	3	0.04734011	0.15516753
1008	1045	18	4	7.88140668	18.23341327
1008	1045	18	5	0.46537340	7.47369689
1008	1045	18	6	3.29555618	12.28371251
1008	1045	18	7	0.06533668	3.37070919
1008	1045	18	8	0.13769730	2.71277606
1008	1045	18	9	3.07966336	9.06491132
1008	1045	18	10	0.18840130	2.54108835
1008	1045	18	11	0.02014402	0.22117371
1008	1045	18	12	10.28005051	44.85410423
1008	1045	18	13	3.21102251	15.24311268
1008	1045	18	14	3.26109246	10.60433358
1008	1045	18	15	0.32569160	5.43015608
1008	1045	18	16	6.24221134	19.74177965
1008	1045	18	17	0.13630207	5.75201723
1008	1045	18	18	0.92365314	9.88114043
1008	1045	18	19	4.24808124	10.60363342
1008	1045	19	0	4.14668886	13.35497598
1008	1045	19	1	1.91760450	9.07310559
1008	1045	19	2	0.39817942	7.56490503
1008	1045	19	3	0.04946665	0.14081890
1008	1045	19	4	8.03416901	18.85681102
1008	1045	19	5	0.38968026	6.55197664
1008	1045	19	6	3.37338216	12.90092329
1008	1045	19	7	0.04262840	2.79224432
1008	1045	19	8	0.09579784	2.23490246
1008	1045	19	9	3.17156198	9.77281798
1008	1045	19	10	0.15386067	2.04932271
1008	1045	19	11	0.01369927	0.16214375
1008	1045	19	12	10.60729641	47.60393805
1008	1045	19	13	3.20177907	15.75942810
1008	1045	19	14	3.35620493	11.42306141
1008	1045	19	15	0.27562093	4.88735464
1008	1045	19	16	6.33132167	20.72476511
1008	1045	19	17	0.12338273	5.13253834
1008	1045	19	18	0.83078517	9.21638735
1008	1045	19	19	4.29629167	10.92340577
1008	1045	20	0	4.15018846	13.51380121
1008	1045	20	1	1.92771350	9.44559006
1008	1045	20	2	0.34474239	7.16757680
1008	1045	20	3	0.05294263	0.13430127
1008	1045	20	4	8.15942903	19.38482083
1008	1045	20	5	0.32943340	5.72563150
1008	1045	20	6	3.43685214	13.46138317
1008	1045	20	7	0.02891789	2.30155728
1008	1045	20	8	0.06791708	1.82356631
1008	1045	20	9	3.24184697	10.38740552
1008	1045	20	10	0.12858455	1.65464615
1008	1045	20	11	0.00941367	0.11780010
1008	1045	20	12	10.89563446	50.21936894
1008	1045	20	13	3.18318277	16.17522485
1008	1045	20	14	3.43311168	12.14833428
1008	1045	20	15	0.23398094	4.38129758
1008	1045	20	16	6.39864619	21.53499281
1008	1045	20	17	0.11438766	4.58153596
1008	1045	20	18	0.75172005	8.56562623
1008	1045	20	19	4.33269765	11.17292306
1008	1045	21	0	4.14825949	13.62870002
1008	1045	21	1	1.93500759	9.76475065
1008	1045	21	2	0.30111408	6.75859363
1008	1045	21	3	0.05771729	0.13385079
1008	1045	21	4	8.26191032	19.82791060
1008	1045	21	5	0.28153857	4.99240646
1008	1045	21	6	3.48844679	13.96311014
1008	1045	21	7	0.02084504	1.89088039
1008	1045	21	8	0.04977771	1.47768795
1008	1045	21	9	3.29566526	10.91147646
1008	1045	21	10	0.11009651	1.34033558
1008	1045	21	11	0.00659278	0.08504464
1008	1045	21	12	11.14934890	52.68405295
1008	1045	21	13	3.15595232	16.49891994
1008	1045	21	14	3.49501969	12.78347079
1008	1045	21	15	0.19937353	3.91453873
1008	1045	21	16	6.44937979	22.19669971
1008	1045	21	17	0.10809622	4.09393695
1008	1045	21	18	0.68464053	7.94041068
1008	1045	21	19	4.36014931	11.36640812
1008	1045	22	0	4.14150885	13.70736049
1008	1045	22	1	1.94026126	10.03685334
1008	1045	22	2	0.26562065	6.34898987
1008	1045	22	3	0.06381393	0.13835406
1008	1045	22	4	8.34557355	20.19710496
1008	1045	22	5	0.24351261	4.34737075
1008	1045	22	6	3.53025373	14.40703501
1008	1045	22	7	0.01634115	1.55056946
1008	1045	22	8	0.03839798	1.19215538
1008	1045	22	9	3.33702334	11.35224701
1008	1045	22	10	0.09658629	1.09166772
1008	1045	22	11	0.00476575	0.06119382
1008	1045	22	12	11.37234152	54.98867422
1008	1045	22	13	3.12045425	16.73816112
1008	1045	22	14	3.54462243	13.33423220
1008	1045	22	15	0.17062835	3.48782535
1008	1045	22	16	6.48747870	22.73286097
1008	1045	22	17	0.10369290	3.66411412
1008	1045	22	18	0.62791619	7.34861984
1008	1045	22	19	4.38080847	11.51566477
1008	1045	23	0	4.13028298	13.75578190
1008	1045	23	1	1.94402809	10.26787150
1008	1045	23	2	0.23681451	5.94696565
1008	1045	23	3	0.07130904	0.14716365
1008	1045	23	4	8.41369540	20.50300070
1008	1045	23	5	0.21336812	3.78402560
1008	1045	23	6	3.56399678	14.79597329
1008	1045	23	7	0.01417350	1.27075363
1008	1045	23	8	0.03178419	0.96003484
1008	1045	23	9	3.36897143	11.71905178
1008	1045	23	10	0.08673199	0.89604997
1008	1045	23	11	0.00361905	0.04405390
1008	1045	23	12	11.56809851	57.12938266
1008	1045	23	13	3.07682602	16.89961072
1008	1045	23	14	3.58415508	13.80774630
1008	1045	23	15	0.14676754	3.10061485
1008	1045	23	16	6.51594152	23.16428734
1008	1045	23	17	0.10063005	3.28636415
1008	1045	23	18	0.58010675	6.79523580
1008	1045	23	19	4.39631056	11.63028575
1008	1045	24	0	4.11472941	13.77851857
1008	1045	24	1	1.94670332	10.46331486
1008	1045	24	2	0.21347190	5.55841121
1008	1045	24	3	0.08031830	0.15996599
1008	1045	24	4	8.46895819	20.75525316
1008	1045	24	5	0.18951794	3.29509097
1008	1045	24	6	3.59107817	15.13385035
1008	1045	24	7	0.01364363	1.04221465
1008	1045	24	8	0.02866591	0.77397226
1008	1045	24	9	3.39380259	12.02183330
1008	1045	24	10	0.07956916	0.74293844
1008	1045	24	11	0.00294836	0.03190289
1008	1045	24	12	11.73969382	59.10646072
1008	1045	24	13	3.02507912	16.98889071
1008	1045	24	14	3.61545468	14.21173442
1008	1045	24	15	0.12697527	2.75147354
1008	1045	24	16	6.53703182	23.50924421
1008	1045	24	17	0.09853807	2.95518543
1008	1045	24	18	0.53995477	6.28299953
1008	1045	24	19	4.40788988	11.71794539
1008	1045	25	0	4.09484570	13.77891238
1008	1045	25	1	1.94856872	10.62815008
1008	1045	25	2	0.19457380	5.18737363
1008	1045	25	3	0.09098636	0.17668786
1008	1045	25	4	8.51353433	20.96235656
1008	1045	25	5	0.17069719	2.87305083
1008	1045	25	6	3.61262135	15.42513797
1008	1045	25	7	0.01439776	0.85679649
1008	1045	25	8	0.02829638	0.62701187
1008	1045	25	9	3.41322981	12.27022578
1008	1045	25	10	0.07439493	0.62364707
1008	1045	25	11	0.00262515	0.02343091
1008	1045	25	12	11.88980704	60.92321739
1008	1045	25	13	2.96518760	17.01064072
1008	1045	25	14	3.64001833	14.55397657
1008	1045	25	15	0.11057178	2.43838123
1008	1045	25	16	6.55245121	23.78339460
1008	1045	25	17	0.09716671	2.66542965
1008	1045	25	18	0.50637264	5.81295393
1008	1045	25	19	4.41647580	11.78470923
1008	1045	26	0	4.07051990	13.75930489
1008	1045	26	1	1.94982457	10.76677982
1008	1045	26	2	0.17928061	4.83645540
1008	1045	26	3	0.10347837	0.19742980
1008	1045	26	4	8.54915955	21.13159634
1008	1045	26	5	0.15589992	2.51051920
1008	1045	26	6	3.62950875	15.67445630
1008	1045	26	7	0.01631320	0.70754711
1008	1045	26	8	0.03031401	0.51302955
1008	1045	26	9	3.42853037	12.47305571
1008	1045	26	10	0.07069780	0.53111191
1008	1045	26	11	0.00257413	0.01766845
1008	1045	26	12	12.02074452	62.58508573
1008	1045	26	13	2.89716513	16.96865419
1008	1045	26	14	3.65905627	14.84195798
1008	1045	26	15	0.09699141	2.15896107
1008	1045	26	16	6.56347256	23.99993049
1008	1045	26	17	0.09634655	2.41237471
1008	1045	26	18	0.47842741	5.38488664
1008	1045	26	19	4.42276613	11.83532512
1008	1045	27	0	4.04156561	13.72122649
1008	1045	27	1	1.95061238	10.88305721
1008	1045	27	2	0.16690567	4.50714571
1008	1045	27	3	0.11797204	0.22241754
1008	1045	27	4	8.57719299	21.26909361
1008	1045	27	5	0.14432797	2.20047498
1008	1045	27	6	3.64241276	15.88630057
1008	1045	27	7	0.01943452	0.58871963
1008	1045	27	8	0.03465214	0.42692921
1008	1045	27	9	3.44065799	12.63811748
1008	1045	27	10	0.06810643	0.45964828
1008	1045	27	11	0.00275869	0.01391777
1008	1045	27	12	12.13445860	64.09889302
1008	1045	27	13	2.82113140	16.86606766
1008	1045	27	14	3.67353847	15.08265015
1008	1045	27	15	0.08576399	1.91065069
1008	1045	27	16	6.57104169	24.16980239
1008	1045	27	17	0.09596377	2.19174952
1008	1045	27	18	0.45532484	4.99768650
1008	1045	27	19	4.42728281	11.87347976
1008	1045	28	0	4.00775406	13.66556421
1008	1045	28	1	1.95103113	10.98032076
1008	1045	28	2	0.15689033	4.20009052
1008	1045	28	3	0.13464924	0.25196477
1008	1045	28	4	8.59866446	21.37989202
1008	1045	28	5	0.13534985	1.93640201
1008	1045	28	6	3.65181964	16.06485824
1008	1045	28	7	0.02394123	0.49570937
1008	1045	28	8	0.04148374	0.36470451
1008	1045	28	9	3.45032739	12.77211986
1008	1045	28	10	0.06635229	0.40472177
1008	1045	28	11	0.00317181	0.01169428
1008	1045	28	12	12.23256225	65.47227273
1008	1045	28	13	2.73736642	16.70558284
1008	1045	28	14	3.68423466	15.28238887
1008	1045	28	15	0.07649925	1.69082736
1008	1045	28	16	6.57585455	24.30198942
1008	1045	28	17	0.09594343	1.99973040
1008	1045	28	18	0.43639410	4.64962671
1008	1045	28	19	4.43041410	11.90201600
1008	1045	29	0	3.96884473	13.59271142
1008	1045	29	1	1.95114871	11.06143939
1008	1045	29	2	0.14878187	3.91530919
1008	1045	29	3	0.15368675	0.28644234
1008	1045	29	4	8.61431000	21.46805739
1008	1045	29	5	0.12846771	1.71236199
1008	1045	29	6	3.65804693	16.21389001
1008	1045	29	7	0.03013509	0.42497068
1008	1045	29	8	0.05118876	0.32343115
1008	1045	29	9	3.45807713	12.88073106
1008	1045	29	10	0.06524245	0.36274317
1008	1045	29	11	0.00383091	0.01067987
1008	1045	29	12	12.31633815	66.71318974
1008	1045	29	13	2.64635003	16.48970387
1008	1045	29	14	3.69174821	15.44682044
1008	1045	29	15	0.06887377	1.49689759
1008	1045	29	16	6.57841566	24.40377456
1008	1045	29	17	0.09623835	1.83292111
1008	1045	29	18	0.42107325	4.33858725
1008	1045	29	19	4.43244650	11.92311176
1008	1045	30	0	3.92461521	13.50270350
1008	1045	30	1	1.95101013	11.12886138
1008	1045	30	2	0.14221438	3.65236634
1008	1045	30	3	0.17524603	0.32625044
1008	1045	30	4	8.62459740	21.53677311
1008	1045	30	5	0.12329091	1.52302093
1008	1045	30	6	3.66125527	16.33665412
1008	1045	30	7	0.03843876	0.37393687
1008	1045	30	8	0.06433299	0.30122836
1008	1045	30	9	3.46431564	12.96867481
1008	1045	30	10	0.06463969	0.33089103
1008	1045	30	11	0.00477527	0.01068769
1008	1045	30	12	12.38674257	67.82955447
1008	1045	30	13	2.54878310	16.22097200
1008	1045	30	14	3.69654448	15.58089407
1008	1045	30	15	0.06261998	1.32635925
1008	1045	30	16	6.57908224	24.48100518
1008	1045	30	17	0.09682165	1.68832449
1008	1045	30	18	0.40889614	4.06222694
1008	1045	30	19	4.43358875	11.93842462
1008	1045	31	0	3.87489040	13.39534289
1008	1045	31	1	1.95064331	11.18466303
1008	1045	31	2	0.13689264	3.41050644
1008	1045	31	3	0.19946205	0.37179163
1008	1045	31	4	8.62974376	21.58842319
1008	1045	31	5	0.11951493	1.36364414
1008	1045	31	6	3.66145628	16.43585903
1008	1045	31	7	0.04939943	0.34095411
1008	1045	31	8	0.08164783	0.29720797
1008	1045	31	9	3.46935491	13.03984734
1008	1045	31	10	0.06444814	0.30696193
1008	1045	31	11	0.00606514	0.01163707
1008	1045	31	12	12.44440496	68.82890558
1008	1045	31	13	2.44558802	15.90218015
1008	1045	31	14	3.69897445	15.68888446
1008	1045	31	15	0.05751703	1.17684283
1008	1045	31	16	6.57809752	24.53832808
1008	1045	31	17	0.09768168	1.56331031
1008	1045	31	18	0.39948054	3.81811479
1008	1045	31	19	4.43398999	11.94920679
1008	1045	32	0	3.81957012	13.27031589
1008	1045	32	1	1.95006331	11.23059503
1008	1045	32	2	0.13257882	3.18875823
1008	1045	32	3	0.22643170	0.42344338
1008	1045	32	4	8.62972766	21.62465976
1008	1045	32	5	0.11690448	1.23007119
1008	1045	32	6	3.65851831	16.51363429
1008	1045	32	7	0.06369216	0.32523170
1008	1045	32	8	0.10400019	0.31141471
1008	1045	32	9	3.47343503	13.09743745
1008	1045	32	10	0.06460264	0.28924631
1008	1045	32	11	0.00778180	0.01353646
1008	1045	32	12	12.48962570	69.71814557
1008	1045	32	13	2.33788750	15.53654986
1008	1045	32	14	3.69929426	15.77443273
1008	1045	32	15	0.05338313	1.04613694
1008	1045	32	16	6.57561591	24.57939540
1008	1045	32	17	0.09881854	1.45558228
1008	1045	32	18	0.39251759	3.60382840
1008	1045	32	19	4.43375349	11.95639576
1008	1045	33	0	3.75865394	13.12730232
1008	1045	33	1	1.94927530	11.26812496
1008	1045	33	2	0.12908144	2.98601472
1008	1045	33	3	0.25620247	0.48153000
1008	1045	33	4	8.62429920	21.64645586
1008	1045	33	5	0.11528000	1.11867848
1008	1045	33	6	3.65217254	16.57151342
1008	1045	33	7	0.08211710	0.32680498
1008	1045	33	8	0.13234251	0.34475007
1008	1045	33	9	3.47674204	13.14403972
1008	1045	33	10	0.06506112	0.27642709
1008	1045	33	11	0.01002773	0.01647259
1008	1045	33	12	12.52237539	70.50331852
1008	1045	33	13	2.22696325	15.12785588
1008	1045	33	14	3.69768151	15.84059754
1008	1045	33	15	0.05006917	0.93220211
1008	1045	33	16	6.57172214	24.60704074
1008	1045	33	17	0.10024159	1.36314594
1008	1045	33	18	0.38776242	3.41702587
1008	1045	33	19	4.43294694	11.96068494
1008	1045	34	0	3.69226136	12.96607714
1008	1045	34	1	1.94827675	11.29847566
1008	1045	34	2	0.12624646	2.80109386
1008	1045	34	3	0.28876232	0.54629434
1008	1045	34	4	8.61299178	21.65414733
1008	1045	34	5	0.11450694	1.02633542
1008	1045	34	6	3.64202251	16.61042680
1008	1045	34	7	0.10558526	0.34650271
1008	1045	34	8	0.16763487	0.39886345
1008	1045	34	9	3.47942109	13.18175592
1008	1045	34	10	0.06579893	0.26749765
1008	1045	34	11	0.01292635	0.02060359
1008	1045	34	12	12.54230044	71.18942440
1008	1045	34	13	2.11419903	14.68048737
1008	1045	34	14	3.69424883	15.88991068
1008	1045	34	15	0.04745341	0.83317593
1008	1045	34	16	6.56644587	24.62342757
1008	1045	34	17	0.10196771	1.28427824
1008	1045	34	18	0.38502586	3.25549692
1008	1045	34	19	4.43161033	11.96257857
1008	1045	35	0	3.62064557	12.78660203
1008	1045	35	1	1.94705910	11.32265918
1008	1045	35	2	0.12394999	2.63278386
1008	1045	35	3	0.32403176	0.61787067
1008	1045	35	4	8.59513986	21.64746970
1008	1045	35	5	0.11448711	0.95035787
1008	1045	35	6	3.62756029	16.63070545
1008	1045	35	7	0.13508708	0.38590635
1008	1045	35	8	0.21073666	0.47599003
1008	1045	35	9	3.48158604	13.21228304
1008	1045	35	10	0.06680468	0.26169613
1008	1045	35	11	0.01662050	0.02615444
1008	1045	35	12	12.54874078	71.78027020
1008	1045	35	13	2.00101425	14.19944131
1008	1045	35	14	3.68905534	15.92443346
1008	1045	35	15	0.04543698	0.74737212
1008	1045	35	16	6.55977313	24.63017266
1008	1045	35	17	0.10401989	1.21749940
1008	1045	35	18	0.38416704	3.11719741
1008	1045	35	19	4.42976192	11.96243406
1008	1045	36	0	3.54419922	12.58910332
1008	1045	36	1	1.94560899	11.34150668
1008	1045	36	2	0.12209243	2.47987648
1008	1045	36	3	0.36185910	0.69626040
1008	1045	36	4	8.56990745	21.62559826
1008	1045	36	5	0.11515174	0.88846168
1008	1045	36	6	3.60819256	16.63210032
1008	1045	36	7	0.17163986	0.44728577
1008	1045	36	8	0.26227419	0.57871718
1008	1045	36	9	3.48332664	13.23698796
1008	1045	36	10	0.06807716	0.25845324
1008	1045	36	11	0.02126899	0.03341238
1008	1045	36	12	12.54076574	72.27836370
1008	1045	36	13	1.88879582	13.69025072
1008	1045	36	14	3.68211650	15.94581154
1008	1045	36	15	0.04394021	0.67327524
1008	1045	36	16	6.55165529	24.62844811
1008	1045	36	17	0.10642618	1.16154709
1008	1045	36	18	0.38508677	3.00027090
1008	1045	36	19	4.42740289	11.96049468
1008	1045	37	0	3.46345111	12.37413237
1008	1045	37	1	1.94390925	11.35569440
1008	1045	37	2	0.12059373	2.34119092
1008	1045	37	3	0.40201976	0.78131268
1008	1045	37	4	8.53633110	21.58720057
1008	1045	37	5	0.11645587	0.83871784
1008	1045	37	6	3.58327875	16.61382333
1008	1045	37	7	0.21621243	0.53349456
1008	1045	37	8	0.32250249	0.70967147
1008	1045	37	9	3.48471382	13.25696964
1008	1045	37	10	0.06962303	0.25735085
1008	1045	37	11	0.02704085	0.04272068
1008	1045	37	12	12.51723361	72.68486102
1008	1045	37	13	1.77883548	13.15885741
1008	1045	37	14	3.67341276	15.95532704
1008	1045	37	15	0.04289951	0.60953257
1008	1045	37	16	6.54201653	24.61906515
1008	1045	37	17	0.10921873	1.11535286
1008	1045	37	18	0.38772146	2.90306021
1008	1045	37	19	4.42452097	11.95691474
1008	1045	38	0	3.37905372	12.14260473
1008	1045	38	1	1.94193980	11.36576626
1008	1045	38	2	0.11938963	2.21559051
1008	1045	38	3	0.44421993	0.87271205
1008	1045	38	4	8.49337986	21.53051115
1008	1045	38	5	0.11837381	0.79951043
1008	1045	38	6	3.55218187	16.57461765
1008	1045	38	7	0.26963052	0.64781015
1008	1045	38	8	0.39118943	0.87113851
1008	1045	38	9	3.48580368	13.27311046
1008	1045	38	10	0.07145498	0.25808941
1008	1045	38	11	0.03410670	0.05446872
1008	1045	38	12	12.47687775	72.99958243
1008	1045	38	13	1.67227848	12.61144451
1008	1045	38	14	3.66289734	15.95394720
1008	1045	38	15	0.04226470	0.55494413
1008	1045	38	16	6.53076018	24.60254305
1008	1045	38	17	0.11243288	1.07802083
1008	1045	38	18	0.39203756	2.82411095
1008	1045	38	19	4.42109339	11.95177914
1008	1045	39	0	3.29176234	11.89581503
1008	1045	39	1	1.93967836	11.37215346
1008	1045	39	2	0.11842856	2.10199384
1008	1045	39	3	0.48810473	0.96997464
1008	1045	39	4	8.44003208	21.45343633
1008	1045	39	5	0.12089527	0.76949772
1008	1045	39	6	3.51432977	16.51286351
1008	1045	39	7	0.33247172	0.79370968
1008	1045	39	8	0.46755381	1.06465312
1008	1045	39	9	3.48664060	13.28611804
1008	1045	39	10	0.07359031	0.26046223
1008	1045	39	11	0.04262773	0.06907715
1008	1045	39	12	12.41841855	73.22111178
1008	1045	39	13	1.57008746	12.05424732
1008	1045	39	14	3.65050348	15.94236975
1008	1045	39	15	0.04199683	0.50845169
1008	1045	39	16	6.51777447	24.57916611
1008	1045	39	17	0.11610630	1.04880817
1008	1045	39	18	0.39802625	2.76216899
1008	1045	39	19	4.41708935	11.94511853
1008	1045	40	0	3.20240762	11.63542661
1008	1045	40	1	1.93710129	11.37519151
1008	1045	40	2	0.11766923	1.99938167
1008	1045	40	3	0.53327030	1.07245411
1008	1045	40	4	8.37536519	21.35369421
1008	1045	40	5	0.12402218	0.74757673
1008	1045	40	6	3.46928151	16.42672216
1008	1045	40	7	0.40496465	0.97458376
1008	1045	40	8	0.55028131	1.29062064
1008	1045	40	9	3.48725952	13.29655922
1008	1045	40	10	0.07604969	0.26433524
1008	1045	40	11	0.05274260	0.08697720
1008	1045	40	12	12.34069471	73.34699105
1008	1045	40	13	1.47302268	11.49336151
1008	1045	40	14	3.63615140	15.92106493
1008	1045	40	15	0.04206627	0.46912734
1008	1045	40	16	6.50293793	24.54903109
1008	1045	40	17	0.12027795	1.02710729
1008	1045	40	18	0.40569840	2.71617297
1008	1045	40	19	4.41247218	11.93692143
1008	1045	41	0	3.11186383	11.36343677
1008	1045	41	1	1.93418427	11.37513512
1008	1045	41	2	0.11707867	1.90680062
1008	1045	41	3	0.57927886	1.17935719
1008	1045	41	4	8.29865116	21.22898863
1008	1045	41	5	0.12776588	0.73285112
1008	1045	41	6	3.41679085	16.31431485
1008	1045	41	7	0.48691053	1.19340404
1008	1045	41	8	0.63762387	1.54804014
1008	1045	41	9	3.48768775	13.30488746
1008	1045	41	10	0.07885609	0.26963096
1008	1045	41	11	0.06455378	0.10858440
1008	1045	41	12	12.24280230	73.37401356
1008	1045	41	13	1.38163789	10.93456541
1008	1045	41	14	3.61975506	15.89031490
1008	1045	41	15	0.04245108	0.43616191
1008	1045	41	16	6.48612484	24.51208752
1008	1045	41	17	0.12498707	1.01242943
1008	1045	41	18	0.41507948	2.68524302
1008	1045	41	19	4.40720140	11.92714392
1008	1045	42	0	3.02101567	11.08212069
1008	1045	42	1	1.93090320	11.37217131
1008	1045	42	2	0.11663060	1.82336461
1008	1045	42	3	0.62567548	1.28976819
1008	1045	42	4	8.20944715	21.07720944
1008	1045	42	5	0.13214459	0.72460223
1008	1045	42	6	3.35685753	16.17392621
1008	1045	42	7	0.57764422	1.45237578
1008	1045	42	8	0.72756531	1.83438972
1008	1045	42	9	3.48794644	13.31146493
1008	1045	42	10	0.08203378	0.27631559
1008	1045	42	11	0.07811470	0.13426802
1008	1045	42	12	12.12422557	73.29860705
1008	1045	42	13	1.29628925	10.38316958
1008	1045	42	14	3.60122899	15.85025081
1008	1045	42	15	0.04313555	0.40885374
1008	1045	42	16	6.46721073	24.46817266
1008	1045	42	17	0.13027197	1.00438928
1008	1045	42	18	0.42620462	2.66866619
1008	1045	42	19	4.40123459	11.91571788
1008	1045	43	0	2.93072636	10.79395886
1008	1045	43	1	1.92723504	11.36643115
1008	1045	43	2	0.11630423	1.74825447
1008	1045	43	3	0.67200525	1.40268058
1008	1045	43	4	8.10766979	20.89664360
1008	1045	43	5	0.13718108	0.72226302
1008	1045	43	6	3.28975761	16.00421465
1008	1045	43	7	0.67604639	1.75261791
1008	1045	43	8	0.81801878	2.14570359
1008	1045	43	9	3.48805165	13.31658015
1008	1045	43	10	0.08560724	0.28438865
1008	1045	43	11	0.09341960	0.16431853
1008	1045	43	12	11.98494245	73.11728325
1008	1045	43	13	1.21715404	9.84390194
1008	1045	43	14	3.58049503	15.80088811
1008	1045	43	15	0.04410898	0.38659769
1008	1045	43	16	6.44607821	24.41704265
1008	1045	43	17	0.13616864	1.00269045
1008	1045	43	18	0.43911351	2.66587924
1008	1045	43	19	4.39452944	11.90255803
1008	1045	44	0	2.84180925	10.50155431
1008	1045	44	1	1.92315883	11.35800037
1008	1045	44	2	0.11608318	1.68071637
1008	1045	44	3	0.71782932	1.51703305
1008	1045	44	4	7.99364222	20.68617660
1008	1045	44	5	0.14290043	0.72539445
1008	1045	44	6	3.21604740	15.80440714
1008	1045	44	7	0.78060848	2.09391631
1008	1045	44	8	0.90701604	2.47682899
1008	1045	44	9	3.48801532	13.32046223
1008	1045	44	10	0.08960018	0.29387427
1008	1045	44	11	0.11039782	0.19891671
1008	1045	44	12	11.82548984	72.82711740
1008	1045	44	13	1.14425550	9.32083186
1008	1045	44	14	3.55748917	15.74216055
1008	1045	44	15	0.04536449	0.36887467
1008	1045	44	16	6.42262303	24.35840119
1008	1045	44	17	0.14270928	1.00711151
1008	1045	44	18	0.45384526	2.67644918
1008	1045	44	19	4.38704571	11.88756832
1008	1045	45	0	2.75500475	10.20754612
1008	1045	45	1	1.91865670	11.34692911
1008	1045	45	2	0.11595468	1.62005936
1008	1045	45	3	0.76273884	1.63174736
1008	1045	45	4	7.86810720	20.44546071
1008	1045	45	5	0.14932787	0.73366405
1008	1045	45	6	3.13653986	15.57445553
1008	1045	45	7	0.88954157	2.47458919
1008	1045	45	8	0.99285636	2.82181417
1008	1045	45	9	3.48784597	13.32329226
1008	1045	45	10	0.09403439	0.30481384
1008	1045	45	11	0.12891332	0.23810793
1008	1045	45	12	11.64697993	72.42621270
1008	1045	45	13	1.07749073	8.81733259
1008	1045	45	14	3.53216820	15.67395313
1008	1045	45	15	0.04689792	0.35524176
1008	1045	45	16	6.39676041	24.29192668
1008	1045	45	17	0.14992068	1.01749231
1008	1045	45	18	0.47043331	2.70005175
1008	1045	45	19	4.37874742	11.87064810
1008	1045	46	0	2.67096351	9.91452577
1008	1045	46	1	1.91371500	11.33324112
1008	1045	46	2	0.11590886	1.56565240
1008	1045	46	3	0.80636598	1.74576511
1008	1045	46	4	7.73220397	20.17502939
1008	1045	46	5	0.15648653	0.74682627
1008	1045	46	6	3.05225716	15.31513511
1008	1045	46	7	1.00091141	2.89148709
1008	1045	46	8	1.07419763	3.17435719
1008	1045	46	9	3.48754937	13.32521248
1008	1045	46	10	0.09892860	0.31725945
1008	1045	46	11	0.14876995	0.28178529
1008	1045	46	12	11.45106624	71.91410295
1008	1045	46	13	1.01665870	8.33607813
1008	1045	46	14	3.50451604	15.59613410
1008	1045	46	15	0.04870692	0.34532271
1008	1045	46	16	6.36843153	24.21729841
1008	1045	46	17	0.15782242	1.03372053
1008	1045	46	18	0.48890021	2.73644822
1008	1045	46	19	4.36960500	11.85169799
1008	1045	47	0	2.59023606	9.62496155
1008	1045	47	1	1.90832543	11.31694245
1008	1045	47	2	0.11593825	1.51692094
1008	1045	47	3	0.84839153	1.85808085
1008	1045	47	4	7.58741263	19.87634297
1008	1045	47	5	0.16439533	0.76470429
1008	1045	47	6	2.96436693	15.02807431
1008	1045	47	7	1.11277826	3.34012780
1008	1045	47	8	1.15008895	3.52824401
1008	1045	47	9	3.48712907	13.32633369
1008	1045	47	10	0.10429722	0.33126799
1008	1045	47	11	0.16972176	0.32968401
1008	1045	47	12	11.23986601	71.29205374
1008	1045	47	13	0.96148669	7.87906874
1008	1045	47	14	3.47454958	15.50858601
1008	1045	47	15	0.05078989	0.33879910
1008	1045	47	16	6.33760990	24.13422230
1008	1045	47	17	0.16642512	1.05571820
1008	1045	47	18	0.50925275	2.78546080
1008	1045	47	19	4.35959757	11.83062587
1008	1045	48	0	2.51326860	9.34113522
1008	1045	48	1	1.90248617	11.29802981
1008	1045	48	2	0.11603724	1.47334334
1008	1045	48	3	0.88854923	1.96776966
1008	1045	48	4	7.43547395	19.55176060
1008	1045	48	5	0.17306682	0.78717301
1008	1045	48	6	2.87411137	14.71571413
1008	1045	48	7	1.22332191	3.81494551
1008	1045	48	8	1.21995488	3.87771974
1008	1045	48	9	3.48658687	13.32674125
1008	1045	48	10	0.11014914	0.34689551
1008	1045	48	11	0.19148701	0.38138815
1008	1045	48	12	11.01585130	70.56323544
1008	1045	48	13	0.91165370	7.44767834
1008	1045	48	14	3.44232356	15.41123532
1008	1045	48	15	0.05314517	0.33540185
1008	1045	48	16	6.30430731	24.04245610
1008	1045	48	17	0.17572869	1.08342821
1008	1045	48	18	0.53147731	2.84694709
1008	1045	48	19	4.34871518	11.80735287
1008	1045	49	0	2.44040414	9.06509342
1008	1045	49	1	1.89620291	11.27649868
1008	1045	49	2	0.11620177	1.43444726
1008	1045	49	3	0.92662685	2.07400803
1008	1045	49	4	7.27829534	19.20444310
1008	1045	49	5	0.18250507	0.81414309
1008	1045	49	6	2.78273822	14.38120553
1008	1045	49	7	1.33093770	4.30961724
1008	1045	49	8	1.28354756	4.21775996
1008	1045	49	9	3.48592326	13.32649998
1008	1045	49	10	0.11648650	0.36419197
1008	1045	49	11	0.21376411	0.43634890
1008	1045	49	12	10.78172373	69.73275824
1008	1045	49	13	0.86681037	7.04271700
1008	1045	49	14	3.40793431	15.30408018
1008	1045	49	15	0.05577012	0.33490322
1008	1045	49	16	6.26857914	23.94183389
1008	1045	49	17	0.18572070	1.11680085
1008	1045	49	18	0.55553580	2.92077394
1008	1045	49	19	4.33696095	11.78181940
1008	1045	50	0	2.37188777	8.79861464
1008	1045	50	1	1.88948973	11.25235097
1008	1045	50	2	0.11642894	1.39980592
1008	1045	50	3	0.96246479	2.17608766
1008	1045	50	4	7.11785392	18.83820051
1008	1045	50	5	0.19270381	0.84554588
1008	1045	50	6	2.69144050	14.02826016
1008	1045	50	7	1.43429721	4.81742303
1008	1045	50	8	1.34088238	4.54423246
1008	1045	50	9	3.48513783	13.32565823
1008	1045	50	10	0.12330355	0.38319610
1008	1045	50	11	0.23624771	0.49391234
1008	1045	50	12	10.54028744	68.80757601
1008	1045	50	13	0.82659508	6.66450216
1008	1045	50	14	3.37152194	15.18721551
1008	1045	50	15	0.05866036	0.33710930
1008	1045	50	16	6.23052848	23.83228936
1008	1045	50	17	0.19637505	1.15578053
1008	1045	50	18	0.58136239	3.00679152
1008	1045	50	19	4.32435291	11.75399103
1008	1045	51	0	2.30787521	8.54319141
1008	1045	51	1	1.88236979	11.22560235
1008	1045	51	2	0.11671674	1.36903456
1008	1045	51	3	0.99595258	2.27342224
1008	1045	51	4	6.95610633	18.45730335
1008	1045	51	5	0.20364468	0.88131915
1008	1045	51	6	2.60130957	13.66097341
1008	1045	51	7	1.53237409	5.33159802
1008	1045	51	8	1.39217025	4.85395811
1008	1045	51	9	3.48422962	13.32425128
1008	1045	51	10	0.13058566	0.40393048
1008	1045	51	11	0.25864323	0.55335329
1008	1045	51	12	10.29433241	67.79627934
1008	1045	51	13	0.79064655	6.31293360
1008	1045	51	14	3.33327080	15.06085446
1008	1045	51	15	0.06180906	0.34185278
1008	1045	51	16	6.19030873	23.71387692
1008	1045	51	17	0.20765101	1.20029288
1008	1045	51	18	0.60886122	3.10480825
1008	1045	51	19	4.31092561	11.72386415
1008	1045	52	0	2.24844315	8.30002629
1008	1045	52	1	1.87487569	11.19628900
1008	1045	52	2	0.11706380	1.34178684
1008	1045	52	3	1.02702396	2.36554805
1008	1045	52	4	6.79491219	18.06627886
1008	1045	52	5	0.21529587	0.92139388
1008	1045	52	6	2.51330298	13.28363907
1008	1045	52	7	1.62444050	5.84564305
1008	1045	52	8	1.43775497	5.14469008
1008	1045	52	9	3.48319749	13.32230423
1008	1045	52	10	0.13830856	0.42639706
1008	1045	52	11	0.28067876	0.61391157
1008	1045	52	12	10.04653607	66.70880661
1008	1045	52	13	0.75861311	5.98756747
1008	1045	52	14	3.29340794	14.92534544
1008	1045	52	15	0.06520628	0.34898629
1008	1045	52	16	6.14812439	23.58678989
1008	1045	52	17	0.21949268	1.25023251
1008	1045	52	18	0.63790526	3.21456750
1008	1045	52	19	4.29673112	11.69147102
1008	1045	53	0	2.19360067	8.07003945
1008	1045	53	1	1.86704950	11.16447352
1008	1045	53	2	0.11746918	1.31775149
1008	1045	53	3	1.05565125	2.45211950
1008	1045	53	4	6.63597507	17.66971180
1008	1045	53	5	0.22761123	0.96568207
1008	1045	53	6	2.42822674	12.90057228
1008	1045	53	7	1.71004221	6.35357249
1008	1045	53	8	1.47806023	5.41503520
1008	1045	53	9	3.48204048	13.31983449
1008	1045	53	10	0.14643787	0.45057295
1008	1045	53	11	0.30211364	0.67482721
1008	1045	53	12	9.79938743	65.55610511
1008	1045	53	13	0.73015930	5.68768677
1008	1045	53	14	3.25219966	14.78118367
1008	1045	53	15	0.06883854	0.35837610
1008	1045	53	16	6.10422982	23.45137461
1008	1045	53	17	0.23182917	1.30545206
1008	1045	53	18	0.66833653	3.33572683
1008	1045	53	19	4.28183948	11.65688402
1008	1045	54	0	2.14330075	7.85388537
1008	1045	54	1	1.85894239	11.13024992
1008	1045	54	2	0.11793212	1.29664901
1008	1045	54	3	1.08183934	2.53290070
1008	1045	54	4	6.48080209	17.27206546
1008	1045	54	5	0.24052979	1.01406587
1008	1045	54	6	2.34672986	12.51595328
1008	1045	54	7	1.78896062	6.85008970
1008	1045	54	8	1.51354794	5.66434007
1008	1045	54	9	3.48075815	13.31685392
1008	1045	54	10	0.15492899	0.47640706
1008	1045	54	11	0.32274374	0.73537165
1008	1045	54	12	9.55513433	64.34977332
1008	1045	54	13	0.70497009	5.41236575
1008	1045	54	14	3.20994623	14.62901662
1008	1045	54	15	0.07268844	0.36989638
1008	1045	54	16	6.05892569	23.30813950
1008	1045	54	17	0.24457528	1.36575256
1008	1045	54	18	0.69996766	3.46784092
1008	1045	54	19	4.26633849	11.62021876
1008	1045	55	0	2.09745137	7.65197607
1008	1045	55	1	1.85061385	11.09374737
1008	1045	55	2	0.11845189	1.27822856
1008	1045	55	3	1.10561982	2.60775444
1008	1045	55	4	6.33068122	16.87753360
1008	1045	55	5	0.25397596	1.06638836
1008	1045	55	6	2.26930870	12.13369987
1008	1045	55	7	1.86116911	7.33069111
1008	1045	55	8	1.54468756	5.89256151
1008	1045	55	9	3.47935086	13.31337087
1008	1045	55	10	0.16372742	0.50381733
1008	1045	55	11	0.34240357	0.79487297
1008	1045	55	12	9.31575233	63.10171036
1008	1045	55	13	0.68275328	5.16052730
1008	1045	55	14	3.16697500	14.46964288
1008	1045	55	15	0.07673449	0.38342400
1008	1045	55	16	6.01255343	23.15775821
1008	1045	55	17	0.25763296	1.43087606
1008	1045	55	18	0.73258476	3.61034863
1008	1045	55	19	4.25033267	11.58163583
1008	1045	56	0	2.05592565	7.46450854
1008	1045	56	1	1.84213055	11.05513255
1008	1045	56	2	0.11902763	1.26226494
1008	1045	56	3	1.12704552	2.67662965
1008	1045	56	4	6.18667373	16.48992858
1008	1045	56	5	0.26786027	1.12244614
1008	1045	56	6	2.19631808	11.75737198
1008	1045	56	7	1.92678916	7.79170669
1008	1045	56	8	1.57193489	6.10013560
1008	1045	56	9	3.47782007	13.30939183
1008	1045	56	10	0.17276942	0.53268919
1008	1045	56	11	0.36096587	0.85273432
1008	1045	56	12	9.08293180	61.82379326
1008	1045	56	13	0.66324059	4.93099254
1008	1045	56	14	3.12363230	14.30400449
1008	1045	56	15	0.08095115	0.39883409
1008	1045	56	16	5.96548775	23.00106635
1008	1045	56	17	0.27089325	1.50050038
1008	1045	56	18	0.76595147	3.76256514
1008	1045	56	19	4.23394159	11.54134082
1008	1045	57	0	2.01857081	7.29149404
1008	1045	57	1	1.83356487	11.01461040
1008	1045	57	2	0.11965816	1.24855575
1008	1045	57	3	1.14618560	2.73954837
1008	1045	57	4	6.04961879	16.11260647
1008	1045	57	5	0.28208072	1.18198408
1008	1045	57	6	2.12798678	11.39010815
1008	1045	57	7	1.98605000	8.23028888
1008	1045	57	8	1.59571857	6.28785524
1008	1045	57	9	3.47616863	13.30492309
1008	1045	57	10	0.18198318	0.56287499
1008	1045	57	11	0.37833925	0.90844523
1008	1045	57	12	8.85807964	60.52759547
1008	1045	57	13	0.64618754	4.72252269
1008	1045	57	14	3.08027471	14.13317285
1008	1045	57	15	0.08530901	0.41599616
1008	1045	57	16	5.91812758	22.83905165
1008	1045	57	17	0.28423890	1.57423678
1008	1045	57	18	0.79981398	3.92367935
1008	1045	57	19	4.21729743	11.49958276
1008	1045	58	0	1.98521587	7.13278772
1008	1045	58	1	1.82499307	10.97242336
1008	1045	58	2	0.12034188	1.23691872
1008	1045	58	3	1.16312141	2.79659307
1008	1045	58	4	5.92014687	15.74842660
1008	1045	58	5	0.29652473	1.24469243
1008	1045	58	6	2.06443503	11.03459136
1008	1045	58	7	2.03925371	8.64436322
1008	1045	58	8	1.61643250	6.45676207
1008	1045	58	9	3.47440093	13.29997211
1008	1045	58	10	0.19129030	0.59419479
1008	1045	58	11	0.39446457	0.96158658
1008	1045	58	12	8.64233175	59.22415439
1008	1045	58	13	0.63137268	4.53385349
1008	1045	58	14	3.03725999	13.95832914
1008	1045	58	15	0.08977520	0.43477121
1008	1045	58	16	5.87088604	22.67283762
1008	1045	58	17	0.29754727	1.65163029
1008	1045	58	18	0.83390673	4.09275676
1008	1045	58	19	4.20054199	11.45665057
1008	1045	59	0	1.95567796	6.98811696
1008	1045	59	1	1.81649342	10.92884883
1008	1045	59	2	0.12107667	1.22718913
1008	1045	59	3	1.17794297	2.84789476
1008	1045	59	4	5.79869899	15.39974058
1008	1045	59	5	0.31107150	1.31020632
1008	1045	59	6	2.00569260	10.69303985
1008	1045	59	7	2.08674662	9.03255356
1008	1045	59	8	1.63443242	6.60805525
1008	1045	59	9	3.47252316	13.29454882
1008	1045	59	10	0.20060761	0.62643841
1008	1045	59	11	0.40931063	1.01183013
1008	1045	59	12	8.43657269	57.92379029
1008	1045	59	13	0.61859627	4.36372274
1008	1045	59	14	2.99493837	13.78074030
1008	1045	59	15	0.09431389	0.45500959
1008	1045	59	16	5.82417990	22.50366160
1008	1045	59	17	0.31069356	1.73216313
1008	1045	59	18	0.86795852	4.26874750
1008	1045	59	19	4.18382331	11.41286794
1008	1045	60	0	1.92976731	6.85710772
1008	1045	60	1	1.80814416	10.88419526
1008	1045	60	2	0.12185977	1.21921747
1008	1045	60	3	1.19074630	2.89362240
1008	1045	60	4	5.68554920	15.06840496
1008	1045	60	5	0.32559481	1.37810782
1008	1045	60	6	1.95171615	10.36721792
1008	1045	60	7	2.12889695	9.39409289
1008	1045	60	8	1.65003550	6.74301758
1008	1045	60	9	3.47054333	13.28866671
1008	1045	60	10	0.20984919	0.65936878
1008	1045	60	11	0.42286959	1.05893397
1008	1045	60	12	8.24145979	56.63597543
1008	1045	60	13	0.60767860	4.21089162
1008	1045	60	14	2.95364452	13.60173168
1008	1045	60	15	0.09888704	0.47654976
1008	1045	60	16	5.77841907	22.33284808
1008	1045	60	17	0.32355407	1.81526072
1008	1045	60	18	0.90169858	4.45049929
1008	1045	60	19	4.16729196	11.36858671
1008	1045	61	0	1.90729117	6.73930785
1008	1045	61	1	1.80002153	10.83879678
1008	1045	61	2	0.12268773	1.21286719
1008	1045	61	3	1.20163126	2.93397378
1008	1045	61	4	5.58082819	14.75581129
1008	1045	61	5	0.33996596	1.44793034
1008	1045	61	6	1.90240517	10.05846189
1008	1045	61	7	2.16607809	9.72872896
1008	1045	61	8	1.66352176	6.86295795
1008	1045	61	9	3.46847137	13.28234378
1008	1045	61	10	0.21892852	0.69272633
1008	1045	61	11	0.43515252	1.10273490
1008	1045	61	12	8.05744930	55.36924918
1008	1045	61	13	0.59845816	4.07416061
1008	1045	61	14	2.91369055	13.42265804
1008	1045	61	15	0.10345515	0.49921796
1008	1045	61	16	5.73399671	22.16177858
1008	1045	61	17	0.33600938	1.90030030
1008	1045	61	18	0.93486256	4.63677430
1008	1045	61	19	4.15109735	11.32417892
1008	1045	62	0	1.88805655	6.63420748
1008	1045	62	1	1.79219788	10.79300688
1008	1045	62	2	0.12355642	1.20801266
1008	1045	62	3	1.21070006	2.96916795
1008	1045	62	4	5.48454666	14.46292793
1008	1045	62	5	0.35405690	1.51916518
1008	1045	62	6	1.85761607	9.76771616
1008	1045	62	7	2.19865671	10.03663107
1008	1045	62	8	1.67513665	6.96916826
1008	1045	62	9	3.46631911	13.27560322
1008	1045	62	10	0.22776070	0.72623447
1008	1045	62	11	0.44618535	1.14313927
1008	1045	62	12	7.88482278	54.13117354
1008	1045	62	13	0.59078968	3.95238075
1008	1045	62	14	2.87536030	13.24487424
1008	1045	62	15	0.10797815	0.52282875
1008	1045	62	16	5.69128035	21.99185977
1008	1045	62	17	0.34794731	1.98662148
1008	1045	62	18	0.96719787	4.82626934
1008	1045	62	19	4.13538401	11.28002819
1008	1045	63	0	1.87187215	6.54125599
1008	1045	63	1	1.78474006	10.74719121
1008	1045	63	2	0.12446095	1.20453730
1008	1045	63	3	1.21805620	2.99943904
1008	1045	63	4	5.39661715	14.19034846
1008	1045	63	5	0.36774321	1.59127000
1008	1045	63	6	1.81717421	9.49557563
1008	1045	63	7	2.22698480	10.31830285
1008	1045	63	8	1.68509417	7.06289269
1008	1045	63	9	3.46410017	13.26847401
1008	1045	63	10	0.23626451	0.75960575
1008	1045	63	11	0.45600521	1.18011283
1008	1045	63	12	7.72371261	52.92832255
1008	1045	63	13	0.58454217	3.84446088
1008	1045	63	14	2.83890496	13.06970692
1008	1045	63	15	0.11241630	0.54718626
1008	1045	63	16	5.65060431	21.82449111
1008	1045	63	17	0.35926550	2.07353850
1008	1045	63	18	0.99846848	5.01763811
1008	1045	63	19	4.12028826	11.23652057
1008	1045	64	0	1.85854953	6.45987589
1008	1045	64	1	1.77770794	10.70171996
1008	1045	64	2	0.12539574	1.20233193
1008	1045	64	3	1.22380380	3.02503164
1008	1045	64	4	5.31687390	13.93834271
1008	1045	64	5	0.38090699	1.66367871
1008	1045	64	6	1.78088400	9.24233088
1008	1045	64	7	2.25139492	10.57450374
1008	1045	64	8	1.69358029	7.14530711
1008	1045	64	9	3.46182981	13.26099116
1008	1045	64	10	0.24436439	0.79254844
1008	1045	64	11	0.46465743	1.21367076
1008	1045	64	12	7.57412571	51.76629895
1008	1045	64	13	0.57959704	3.74937178
1008	1045	64	14	2.80454017	12.89842839
1008	1045	64	15	0.11673104	0.57208621
1008	1045	64	16	5.61226375	21.66103355
1008	1045	64	17	0.36987353	2.16035333
1008	1045	64	18	1.02845887	5.20951472
1008	1045	64	19	4.10593518	11.19403537
1008	1045	65	0	1.84790373	6.38947368
1008	1045	65	1	1.77115337	10.65696021
1008	1045	65	2	0.12635458	1.20129327
1008	1045	65	3	1.22804717	3.04619717
1008	1045	65	4	5.24509018	13.70690735
1008	1045	65	5	0.39343943	1.73581239
1008	1045	65	6	1.74853698	9.00801350
1008	1045	65	7	2.27219767	10.80618067
1008	1045	65	8	1.70075631	7.21750654
1008	1045	65	9	3.45952473	13.25319578
1008	1045	65	10	0.25199212	0.82477332
1008	1045	65	11	0.47219300	1.24386812
1008	1045	65	12	7.43596504	50.64977181
1008	1045	65	13	0.57584628	3.66614759
1008	1045	65	14	2.77244429	12.73223352
1008	1045	65	15	0.12088586	0.59731842
1008	1045	65	16	5.57651018	21.50278066
1008	1045	65	17	0.37969458	2.24636924
1008	1045	65	18	1.05697712	5.40053730
1008	1045	65	19	4.09243613	11.15293652
1008	1045	66	0	1.83975343	6.32944813
1008	1045	66	1	1.76511936	10.61326832
1008	1045	66	2	0.12733068	1.20132267
1008	1045	66	3	1.23089070	3.06319147
1008	1045	66	4	5.18099311	13.49581363
1008	1045	66	5	0.40524300	1.80709072
1008	1045	66	6	1.71991820	8.79243975
1008	1045	66	7	2.28968106	11.01441032
1008	1045	66	8	1.70676206	7.28049883
1008	1045	66	9	3.45720275	13.24513492
1008	1045	66	10	0.25908820	0.85600037
1008	1045	66	11	0.47866663	1.27079123
1008	1045	66	12	7.30904855	49.58252932
1008	1045	66	13	0.57319080	3.59388517
1008	1045	66	14	2.74275798	12.57222037
1008	1045	66	15	0.12484703	0.62266985
1008	1045	66	16	5.54354874	21.35093289
1008	1045	66	17	0.38866653	2.33090423
1008	1045	66	18	1.08385717	5.58937101
1008	1045	66	19	4.07988676	11.11356443
1008	1045	67	0	1.83392086	6.27919621
1008	1045	67	1	1.75963954	10.57098301
1008	1045	67	2	0.12831677	1.20232508
1008	1045	67	3	1.23243866	3.07627300
1008	1045	67	4	5.12427601	13.30465100
1008	1045	67	5	0.41623326	1.87694361
1008	1045	67	6	1.69481111	8.59525101
1008	1045	67	7	2.30411104	11.20035175
1008	1045	67	8	1.71171893	7.33520294
1008	1045	67	9	3.45488250	13.23686112
1008	1045	67	10	0.26560299	0.88596503
1008	1045	67	11	0.48413526	1.29455026
1008	1045	67	12	7.19312566	48.56754161
1008	1045	67	13	0.57153888	3.53174196
1008	1045	67	14	2.71558465	12.41937476
1008	1045	67	15	0.12858430	0.64792777
1008	1045	67	16	5.51353683	21.20657605
1008	1045	67	17	0.39674255	2.41330376
1008	1045	67	18	1.10896021	5.77472950
1008	1045	67	19	4.06836563	11.07622908
1008	1045	68	0	1.83023153	6.23811720
1008	1045	68	1	1.75473804	10.53041893
1008	1045	68	2	0.12930525	1.20420817
1008	1045	68	3	1.23279523	3.08570176
1008	1045	68	4	5.07460836	13.13286565
1008	1045	68	5	0.42634019	1.94482229
1008	1045	68	6	1.67300108	8.41595028
1008	1045	68	7	2.31573284	11.36520856
1008	1045	68	8	1.71573252	7.38245072
1008	1045	68	9	3.45258306	13.22843185
1008	1045	68	10	0.27149740	0.91442392
1008	1045	68	11	0.48865692	1.31527285
1008	1045	68	12	7.08789118	47.60702962
1008	1045	68	13	0.57080481	3.47893263
1008	1045	68	14	2.69099177	12.27455885
1008	1045	68	15	0.13207137	0.67288323
1008	1045	68	16	5.48658413	21.07066408
1008	1045	68	17	0.40389129	2.49295251
1008	1045	68	18	1.13217542	5.95539440
1008	1045	68	19	4.05793332	11.04120416
1008	1045	69	0	1.82851391	6.20561526
1008	1045	69	1	1.75042948	10.49186128
1008	1045	69	2	0.13028829	1.20688171
1008	1045	69	3	1.23206440	3.09173858
1008	1045	69	4	5.03164366	12.97979367
1008	1045	69	5	0.43550902	2.01020983
1008	1045	69	6	1.65427785	8.25393432
1008	1045	69	7	2.32477284	11.51019970
1008	1045	69	8	1.71889514	7.42299083
1008	1045	69	9	3.45032357	13.21990858
1008	1045	69	10	0.27674330	0.94115970
1008	1045	69	11	0.49229005	1.33309899
1008	1045	69	12	6.99299702	46.70253626
1008	1045	69	13	0.57090769	3.43472497
1008	1045	69	14	2.66901277	12.13850372
1008	1045	69	15	0.13528635	0.69733441
1008	1045	69	16	5.46275378	20.94400647
1008	1045	69	17	0.41009655	2.56928462
1008	1045	69	18	1.15341991	6.13023240
1008	1045	69	19	4.04863219	11.00872255
1008	1045	70	0	1.82859908	6.18110095
1008	1045	70	1	1.74671931	10.45556131
1008	1045	70	2	0.13125802	1.21025715
1008	1045	70	3	1.23034987	3.09464456
1008	1045	70	4	4.99502549	12.84468896
1008	1045	70	5	0.44370069	2.07263049
1008	1045	70	6	1.63843715	8.10852116
1008	1045	70	7	2.33144081	11.63653770
1008	1045	70	8	1.72128793	7.45749439
1008	1045	70	9	3.44812281	13.21135586
1008	1045	70	10	0.28132355	0.96598507
1008	1045	70	11	0.49509293	1.34817701
1008	1045	70	12	6.90806172	45.85499730
1008	1045	70	13	0.57177042	3.39843530
1008	1045	70	14	2.64964938	12.01180547
1008	1045	70	15	0.13821200	0.72108988
1008	1045	70	16	5.44206443	20.82726019
1008	1045	70	17	0.41535667	2.64179240
1008	1045	70	18	1.17263825	6.29820946
1008	1045	70	19	4.04048650	10.97897321
1008	1045	71	0	1.83032055	6.16399191
1008	1045	71	1	1.74360429	10.42173293
1008	1045	71	2	0.13220666	1.21424737
1008	1045	71	3	1.22775486	3.09468071
1008	1045	71	4	4.96439201	12.72674599
1008	1045	71	5	0.45089182	2.13165775
1008	1045	71	6	1.62528150	7.97897323
1008	1045	71	7	2.33593206	11.74541326
1008	1045	71	8	1.72298278	7.48656134
1008	1045	71	9	3.44599884	13.20284013
1008	1045	71	10	0.28523184	0.98874574
1008	1045	71	11	0.49712342	1.36066040
1008	1045	71	12	6.83267818	45.06480995
1008	1045	71	13	0.57331885	3.36942372
1008	1045	71	14	2.63287425	11.89492468
1008	1045	71	15	0.14083588	0.74397158
1008	1045	71	16	5.42449316	20.72092586
1008	1045	71	17	0.41968358	2.71003321
1008	1045	71	18	1.18980134	6.45840232
1008	1045	71	19	4.03350303	10.95209936
1008	1045	72	0	1.83351411	6.15371318
1008	1045	72	1	1.74107313	10.39055039
1008	1045	72	2	0.13312668	1.21876663
1008	1045	72	3	1.22438177	3.09210746
1008	1045	72	4	4.93937920	12.62511802
1008	1045	72	5	0.45707429	2.18692088
1008	1045	72	6	1.61462060	7.86451634
1008	1045	72	7	2.33842973	11.83798496
1008	1045	72	8	1.72404397	7.51072739
1008	1045	72	9	3.44396858	13.19442850
1008	1045	72	10	0.28847211	1.00932241
1008	1045	72	11	0.49843880	1.37070557
1008	1045	72	12	6.76641980	44.33189765
1008	1045	72	13	0.57548114	3.34708930
1008	1045	72	14	2.61863374	11.78818845
1008	1045	72	15	0.14315034	0.76581748
1008	1045	72	16	5.40997888	20.62534782
1008	1045	72	17	0.42310161	2.77363449
1008	1045	72	18	1.20490511	6.61000706
1008	1045	72	19	4.02767209	10.92819795
1008	1045	73	0	1.83801789	6.14969729
1008	1045	73	1	1.73910730	10.36214698
1008	1045	73	2	0.13401093	1.22373066
1008	1045	73	3	1.22033187	3.08718416
1008	1045	73	4	4.91962310	12.53893136
1008	1045	73	5	0.46225448	2.23810982
1008	1045	73	6	1.60627124	7.76435477
1008	1045	73	7	2.33910684	11.91537325
1008	1045	73	8	1.72452964	7.53047099
1008	1045	73	9	3.44204751	13.18618744
1008	1045	73	10	0.29105786	1.02763164
1008	1045	73	11	0.49909568	1.37847024
1008	1045	73	12	6.70884528	43.65577007
1008	1045	73	13	0.57818731	3.33086549
1008	1045	73	14	2.60685083	11.69179494
1008	1045	73	15	0.14515241	0.78648384
1008	1045	73	16	5.39842617	20.54071756
1008	1045	73	17	0.42564615	2.83229697
1008	1045	73	18	1.21796874	6.75234490
1008	1045	73	19	4.02296875	10.90732031
1008	1045	74	0	1.84367262	6.15138434
1008	1045	74	1	1.73768187	10.33661474
1008	1045	74	2	0.13485282	1.22905695
1008	1045	74	3	1.21570476	3.08016828
1008	1045	74	4	4.90476139	12.46729614
1008	1045	74	5	0.46645228	2.28497845
1008	1045	74	6	1.60005702	7.67768311
1008	1045	74	7	2.33812817	11.97865758
1008	1045	74	8	1.72449299	7.54622012
1008	1045	74	9	3.44024934	13.17818152
1008	1045	74	10	0.29301122	1.04362583
1008	1045	74	11	0.49915000	1.38411225
1008	1045	74	12	6.65950242	43.03557793
1008	1045	74	13	0.58136885	3.32021592
1008	1045	74	14	2.59742800	11.60581964
1008	1045	74	15	0.14684358	0.80584691
1008	1045	74	16	5.38970947	20.46708017
1008	1045	74	17	0.42736211	2.88579609
1008	1045	74	18	1.22903279	6.88486539
1008	1045	74	19	4.01935440	10.88947384
1008	1045	75	0	1.85032196	6.15822237
1008	1045	75	1	1.73676647	10.31400514
1008	1045	75	2	0.13564642	1.23466503
1008	1045	75	3	1.21059782	3.07131453
1008	1045	75	4	4.89443432	12.40931439
1008	1045	75	5	0.46969971	2.32734622
1008	1045	75	6	1.59580781	7.60369515
1008	1045	75	7	2.33565183	12.02887600
1008	1045	75	8	1.72398335	7.55835889
1008	1045	75	9	3.43858574	13.17047210
1008	1045	75	10	0.29436191	1.05729226
1008	1045	75	11	0.49865698	1.38778890
1008	1045	75	12	6.61793096	42.47016229
1008	1045	75	13	0.58495866	3.31463055
1008	1045	75	14	2.59025012	11.53022314
1008	1045	75	15	0.14822950	0.82380425
1008	1045	75	16	5.38367735	20.40434313
1008	1045	75	17	0.42830242	2.93398170
1008	1045	75	18	1.23815703	7.00714709
1008	1045	75	19	4.01677842	10.87462456
1008	1045	76	0	1.85781310	6.16966787
1008	1045	76	1	1.73632621	10.29433047
1008	1045	76	2	0.13638657	1.24047697
1008	1045	76	3	1.20510565	3.06087377
1008	1045	76	4	4.88828546	12.36408584
1008	1045	76	5	0.47203956	2.36509810
1008	1045	76	6	1.59335927	7.54159034
1008	1045	76	7	2.33183063	12.06702642
1008	1045	76	8	1.72304703	7.56723354
1008	1045	76	9	3.43706623	13.16311619
1008	1045	76	10	0.29514606	1.06865132
1008	1045	76	11	0.49767116	1.38965639
1008	1045	76	12	6.58366495	41.95809856
1008	1045	76	13	0.58889099	3.31362238
1008	1045	76	14	2.58518727	11.46485997
1008	1045	76	15	0.14931956	0.84027543
1008	1045	76	16	5.38015690	20.35228716
1008	1045	76	17	0.42852636	2.97677631
1008	1045	76	18	1.24541827	7.11889608
1008	1045	76	19	4.01518001	10.86270050
1008	1045	77	0	1.86599735	6.18518682
1008	1045	77	1	1.73632271	10.27756608
1008	1045	77	2	0.13706894	1.24641789
1008	1045	77	3	1.19931936	3.04909168
1008	1045	77	4	4.88596219	12.33071214
1008	1045	77	5	0.47352373	2.39818320
1008	1045	77	6	1.59255227	7.49057835
1008	1045	77	7	2.32681305	12.09406895
1008	1045	77	8	1.72172806	7.57315808
1008	1045	77	9	3.43569795	13.15616538
1008	1045	77	10	0.29540503	1.07775408
1008	1045	77	11	0.49624629	1.38986955
1008	1045	77	12	6.55623461	41.49773533
1008	1045	77	13	0.59310157	3.31672477
1008	1045	77	14	2.58209746	11.40948824
1008	1045	77	15	0.15012648	0.85520228
1008	1045	77	16	5.37895817	20.31057851
1008	1045	77	17	0.42809805	3.01417191
1008	1045	77	18	1.25090805	7.21994252
1008	1045	77	19	4.01449003	10.85359550
1008	1045	78	0	1.87473097	6.20425599
1008	1045	78	1	1.73671502	10.26365311
1008	1045	78	2	0.13769013	1.25241645
1008	1045	78	3	1.19332598	3.03620741
1008	1045	78	4	4.88711620	12.30829995
1008	1045	78	5	0.47421162	2.42661199
1008	1045	78	6	1.59323238	7.44988203
1008	1045	78	7	2.32074399	12.11092882
1008	1045	78	8	1.72006870	7.57641927
1008	1045	78	9	3.43448569	13.14966491
1008	1045	78	10	0.29518417	1.08467930
1008	1045	78	11	0.49443527	1.38858154
1008	1045	78	12	6.53516793	41.08722866
1008	1045	78	13	0.59752779	3.32348929
1008	1045	78	14	2.58082931	11.36377977
1008	1045	78	15	0.15066580	0.86854867
1008	1045	78	16	5.37987835	20.27878233
1008	1045	78	17	0.42708485	3.04622565
1008	1045	78	18	1.25473030	7.31023539
1008	1045	78	19	4.01463293	10.84717364
1008	1045	79	0	1.88387592	6.22636462
1008	1045	79	1	1.73746052	10.25250177
1008	1045	79	2	0.13824769	1.25840541
1008	1045	79	3	1.18720784	3.02245207
1008	1045	79	4	4.89140401	12.29596318
1008	1045	79	5	0.47416841	2.45045237
1008	1045	79	6	1.59524952	7.41873927
1008	1045	79	7	2.31376512	12.11849941
1008	1045	79	8	1.71810993	7.57728109
1008	1045	79	9	3.43343186	13.14365298
1008	1045	79	10	0.29453163	1.08953000
1008	1045	79	11	0.49229002	1.38594358
1008	1045	79	12	6.51999218	40.72457218
1008	1045	79	13	0.60210907	3.33348418
1008	1045	79	14	2.58122458	11.32733062
1008	1045	79	15	0.15095542	0.88029978
1008	1045	79	16	5.38270598	20.25637687
1008	1045	79	17	0.42555591	3.07305450
1008	1045	79	18	1.25699905	7.38983582
1008	1045	79	19	4.01552856	10.84327378
1008	1045	80	0	1.89330074	6.25101646
1008	1045	80	1	1.73851583	10.24399497
1008	1045	80	2	0.13874011	1.26432214
1008	1045	80	3	1.18104200	3.00804719
1008	1045	80	4	4.89848767	12.29282500
1008	1045	80	5	0.47346349	2.46982485
1008	1045	80	6	1.59845762	7.39640402
1008	1045	80	7	2.30601501	12.11764515
1008	1045	80	8	1.71589169	7.57598858
1008	1045	80	9	3.43253652	13.13816017
1008	1045	80	10	0.29349723	1.09242978
1008	1045	80	11	0.48986126	1.38210468
1008	1045	80	12	6.51023537	40.40762360
1008	1045	80	13	0.60678718	3.34629344
1008	1045	80	14	2.58312060	11.29967162
1008	1045	80	15	0.15101504	0.89046105
1008	1045	80	16	5.38722483	20.24276787
1008	1045	80	17	0.42358085	3.09482926
1008	1045	80	18	1.25783610	7.45890912
1008	1045	80	19	4.01709392	10.84171432
1008	1045	81	0	1.90288135	6.27773195
1008	1045	81	1	1.73983758	10.23799217
1008	1045	81	2	0.13916681	1.27010910
1008	1045	81	3	1.17489973	2.99320330
1008	1045	81	4	4.90803555	12.29801967
1008	1045	81	5	0.47216882	2.48489695
1008	1045	81	6	1.60271456	7.38214686
1008	1045	81	7	2.29762903	12.10920394
1008	1045	81	8	1.71345311	7.57277112
1008	1045	81	9	3.43179759	13.13320918
1008	1045	81	10	0.29213138	1.09351898
1008	1045	81	11	0.48719834	1.37721124
1008	1045	81	12	6.50542781	40.13412832
1008	1045	81	13	0.61150661	3.36151636
1008	1045	81	14	2.58635256	11.28027900
1008	1045	81	15	0.15086567	0.89905675
1008	1045	81	16	5.39321750	20.23730317
1008	1045	81	17	0.42122851	3.11176789
1008	1045	81	18	1.25736886	7.51771584
1008	1045	81	19	4.01924485	10.84229795
1008	1045	82	0	1.91250180	6.30605066
1008	1045	82	1	1.74138310	10.23433337
1008	1045	82	2	0.13952814	1.27571422
1008	1045	82	3	1.16884613	2.97811852
1008	1045	82	4	4.91972338	12.31069443
1008	1045	82	5	0.47035748	2.49587703
1008	1045	82	6	1.60788212	7.37525527
1008	1045	82	7	2.28873896	12.09398902
1008	1045	82	8	1.71083254	7.56784517
1008	1045	82	9	3.43121093	13.12881464
1008	1045	82	10	0.29048415	1.09295080
1008	1045	82	11	0.48434899	1.37140660
1008	1045	82	12	6.50510373	39.90174053
1008	1045	82	13	0.61621503	3.37876757
1008	1045	82	14	2.59075568	11.26858480
1008	1045	82	15	0.15052919	0.90612830
1008	1045	82	16	5.40046878	20.23928694
1008	1045	82	17	0.41856593	3.12412855
1008	1045	82	18	1.25572821	7.56660208
1008	1045	82	19	4.02189750	10.84481629
1008	1045	83	0	1.92205497	6.33553372
1008	1045	83	1	1.74311105	10.23284317
1008	1045	83	2	0.13982527	1.28109125
1008	1045	83	3	1.16293982	2.96297727
1008	1045	83	4	4.93323540	12.33001169
1008	1045	83	5	0.46810240	2.50300792
1008	1045	83	6	1.61382616	7.37503389
1008	1045	83	7	2.27947243	12.07279006
1008	1045	83	8	1.70806755	7.56141642
1008	1045	83	9	3.43077062	13.12498324
1008	1045	83	10	0.28860441	1.09088747
1008	1045	83	11	0.48135901	1.36483050
1008	1045	83	12	6.50880307	39.70804250
1008	1045	83	13	0.62086366	3.39767750
1008	1045	83	14	2.59616714	11.26398710
1008	1045	83	15	0.15002785	0.91173235
1008	1045	83	16	5.40876854	20.24799351
1008	1045	83	17	0.41565735	3.13220250
1008	1045	83	18	1.25304648	7.60598913
1008	1045	83	19	4.02496965	10.84905432
1008	1045	84	0	1.93144313	6.36576615
1008	1045	84	1	1.74498196	10.23333470
1008	1045	84	2	0.14006013	1.28619997
1008	1045	84	3	1.15723271	2.94794931
1008	1045	84	4	4.94826564	12.35515152
1008	1045	84	5	0.46547508	2.50656025
1008	1045	84	6	1.62041689	7.38080483
1008	1045	84	7	2.26995229	12.04637355
1008	1045	84	8	1.70519484	7.55368147
1008	1045	84	9	3.43046916	13.12171398
1008	1045	84	10	0.28653913	1.08749668
1008	1045	84	11	0.47827205	1.35761849
1008	1045	84	12	6.51607338	39.55056230
1008	1045	84	13	0.62540764	3.41789313
1008	1045	84	14	2.60242792	11.26585979
1008	1045	84	15	0.14938392	0.91593875
1008	1045	84	16	5.41791435	20.26268040
1008	1045	84	17	0.41256355	3.13630701
1008	1045	84	18	1.24945569	7.63636294
1008	1045	84	19	4.02838190	10.85479444
1008	1045	85	0	1.94057838	6.39635918
1008	1045	85	1	1.74695862	10.23561343
1008	1045	85	2	0.14023536	1.29100633
1008	1045	85	3	1.15176989	2.93318878
1008	1045	85	4	4.96451938	12.38531441
1008	1045	85	5	0.46254467	2.50682597
1008	1045	85	6	1.62752923	7.39190819
1008	1045	85	7	2.26029580	12.01548242
1008	1045	85	8	1.70225006	7.54482899
1008	1045	85	9	3.43029773	13.11899863
1008	1045	85	10	0.28433277	1.08294822
1008	1045	85	11	0.47512930	1.34990121
1008	1045	85	12	6.52647187	39.42679057
1008	1045	85	13	0.62980635	3.43907898
1008	1045	85	14	2.60938439	11.27356194
1008	1045	85	15	0.14861928	0.91882846
1008	1045	85	16	5.42771361	20.28260051
1008	1045	85	17	0.40934121	3.13677841
1008	1045	85	18	1.24508581	7.65826332
1008	1045	85	19	4.03205860	10.86182028
1008	1045	86	0	1.94938298	6.42695224
1008	1045	86	1	1.74900645	10.23948077
1008	1045	86	2	0.14035416	1.29548249
1008	1045	86	3	1.14658967	2.91883365
1008	1045	86	4	4.98171454	12.41972437
1008	1045	86	5	0.45937708	2.50411196
1008	1045	86	6	1.63504327	7.40770291
1008	1045	86	7	2.25061386	11.98083497
1008	1045	86	8	1.69926760	7.53504050
1008	1045	86	9	3.43024648	13.11682231
1008	1045	86	10	0.28202690	1.07741087
1008	1045	86	11	0.47196928	1.34180375
1008	1045	86	12	6.53956751	39.33419644
1008	1045	86	13	0.63402367	3.46091826
1008	1045	86	14	2.61688969	11.28644663
1008	1045	86	15	0.14775515	0.92049135
1008	1045	86	16	5.43798531	20.30701314
1008	1045	86	17	0.40604253	3.13396553
1008	1045	86	18	1.24006330	7.67227331
1008	1045	86	19	4.03592865	10.86991997
1008	1045	87	0	1.95778946	6.45721465
1008	1045	87	1	1.75109366	10.24473733
1008	1045	87	2	0.14042024	1.29960675
1008	1045	87	3	1.14172366	2.90500537
1008	1045	87	4	4.99958317	12.45763223
1008	1045	87	5	0.45603429	2.49873406
1008	1045	87	6	1.64284483	7.42756779
1008	1045	87	7	2.24101020	11.94312320
1008	1045	87	8	1.69628033	7.52449070
1008	1045	87	9	3.43030477	13.11516415
1008	1045	87	10	0.27965978	1.07104982
1008	1045	87	11	0.46882756	1.33344493
1008	1045	87	12	6.55494321	39.27024287
1008	1045	87	13	0.63802821	3.48311408
1008	1045	87	14	2.62480494	11.30386905
1008	1045	87	15	0.14681183	0.92102416
1008	1045	87	16	5.44856138	20.33519392
1008	1045	87	17	0.40271490	3.12822357
1008	1045	87	18	1.23450984	7.67900866
1008	1045	87	19	4.03992604	10.87888903
1008	1045	88	0	1.96574065	6.48684703
1008	1045	88	1	1.75319149	10.25118593
1008	1045	88	2	0.14043767	1.30336340
1008	1045	88	3	1.13719697	2.89180868
1008	1045	88	4	5.01787282	12.49831909
1008	1045	88	5	0.45257390	2.49101150
1008	1045	88	6	1.65082594	7.45090288
1008	1045	88	7	2.23158059	11.90301068
1008	1045	88	8	1.69331935	7.51334754
1008	1045	88	9	3.43046144	13.11399812
1008	1045	88	10	0.27726622	1.06402431
1008	1045	88	11	0.46573663	1.32493662
1008	1045	88	12	6.57219791	39.23240169
1008	1045	88	13	0.64179336	3.50539061
1008	1045	88	14	2.63300015	11.32519402
1008	1045	88	15	0.14580846	0.92052842
1008	1045	88	16	5.45928769	20.36644339
1008	1045	88	17	0.39940075	3.11990844
1008	1045	88	18	1.22854124	7.67910785
1008	1045	88	19	4.04399032	10.88853273
1008	1045	89	0	1.97318956	6.51558222
1008	1045	89	1	1.75527421	10.25863419
1008	1045	89	2	0.14041080	1.30674243
1008	1045	89	3	1.13302844	2.87933180
1008	1045	89	4	5.03634782	12.54109974
1008	1045	89	5	0.44904873	2.48126182
1008	1045	89	6	1.65888538	7.47713109
1008	1045	89	7	2.22241223	11.86112999
1008	1045	89	8	1.69041372	7.50177197
1008	1045	89	9	3.43070505	13.11329384
1008	1045	89	10	0.27487740	1.05648572
1008	1045	89	11	0.46272573	1.31638312
1008	1045	89	12	6.59094870	39.21816807
1008	1045	89	13	0.64529737	3.52749421
1008	1045	89	14	2.64135501	11.34980269
1008	1045	89	15	0.14476290	0.91910860
1008	1045	89	16	5.47002463	20.40009429
1008	1045	89	17	0.39613759	3.10937172
1008	1045	89	18	1.22226649	7.67322248
1008	1045	89	19	4.04806681	10.89866802
1008	1045	90	0	1.98009911	6.54318585
1008	1045	90	1	1.75731917	10.26689675
1008	1045	90	2	0.14034418	1.30973926
1008	1045	90	3	1.12923106	2.86764673
1008	1045	90	4	5.05479042	12.58532610
1008	1045	90	5	0.44550660	2.46979649
1008	1045	90	6	1.66692923	7.50569993
1008	1045	90	7	2.21358314	11.81808011
1008	1045	90	8	1.68759018	7.48991744
1008	1045	90	9	3.43102411	13.11301744
1008	1045	90	10	0.27252091	1.04857616
1008	1045	90	11	0.45982071	1.30788062
1008	1045	90	12	6.61083271	39.22507482
1008	1045	90	13	0.64852332	3.54919430
1008	1045	90	14	2.64975940	11.37709841
1008	1045	90	15	0.14369162	0.91687031
1008	1045	90	16	5.48064742	20.43551750
1008	1045	90	17	0.39295799	3.09695630
1008	1045	90	18	1.21578718	7.66200845
1008	1045	90	19	4.05210675	10.90912501
1008	1045	91	0	1.98644172	6.56945644
1008	1045	91	1	1.75930673	10.27579719
1008	1045	91	2	0.14024244	1.31235434
1008	1045	91	3	1.12581226	2.85680982
1008	1045	91	4	5.07300171	12.63039027
1008	1045	91	5	0.44199028	2.45691695
1008	1045	91	6	1.67487128	7.53608346
1008	1045	91	7	2.20516178	11.77442361
1008	1045	91	8	1.68487292	7.47792935
1008	1045	91	9	3.43140726	13.11313242
1008	1045	91	10	0.27022075	1.04042724
1008	1045	91	11	0.45704406	1.29951677
1008	1045	91	12	6.63150891	39.25070605
1008	1045	91	13	0.65145893	3.57028415
1008	1045	91	14	2.65811371	11.40651184
1008	1045	91	15	0.14260958	0.91391873
1008	1045	91	16	5.49104613	20.47212673
1008	1045	91	17	0.38988977	3.08299258
1008	1045	91	18	1.20919688	7.64611777
1008	1045	91	19	4.05606724	10.91974795
1008	1045	92	0	1.99219888	6.59422512
1008	1045	92	1	1.76122016	10.28516947
1008	1045	92	2	0.14011021	1.31459268
1008	1045	92	3	1.12277444	2.84686246
1008	1045	92	4	5.09080232	12.67572744
1008	1045	92	5	0.43853743	2.44291149
1008	1045	92	6	1.68263339	7.56778420
1008	1045	92	7	2.19720675	11.73068409
1008	1045	92	8	1.68228339	7.46594428
1008	1045	92	9	3.43184348	13.11360047
1008	1045	92	10	0.26799746	1.03215937
1008	1045	92	11	0.45441484	1.29137028
1008	1045	92	12	6.65265963	39.29271046
1008	1045	92	13	0.65409648	3.59058131
1008	1045	92	14	2.66632902	11.43750514
1008	1045	92	15	0.14153027	0.91035718
1008	1045	92	16	5.50112539	20.50938195
1008	1045	92	17	0.38695624	3.06779541
1008	1045	92	18	1.20258087	7.62619124
1008	1045	92	19	4.05991115	10.93039592
1008	1045	93	0	1.99736048	6.61735490
1008	1045	93	1	1.76304550	10.29485911
1008	1045	93	2	0.13995207	1.31646341
1008	1045	93	3	1.12011535	2.83783197
1008	1045	93	4	5.10803290	12.72081827
1008	1045	93	5	0.43518077	2.42805256
1008	1045	93	6	1.69014582	7.60033501
1008	1045	93	7	2.18976670	11.68734374
1008	1045	93	8	1.67984016	7.45408928
1008	1045	93	9	3.43232217	13.11438227
1008	1045	93	10	0.26586827	1.02388124
1008	1045	93	11	0.45194875	1.28351079
1008	1045	93	12	6.67399182	39.34881378
1008	1045	93	13	0.65643246	3.60992785
1008	1045	93	14	2.67432705	11.46957546
1008	1045	93	15	0.14046562	0.90628594
1008	1045	93	16	5.51080398	20.54679160
1008	1045	93	17	0.38417639	3.05166151
1008	1045	93	18	1.19601596	7.60285192
1008	1045	93	19	4.06360693	10.94094307
1008	1045	94	0	2.00192429	6.63873961
1008	1045	94	1	1.76477141	10.30472398
1008	1045	94	2	0.13977244	1.31797927
1008	1045	94	3	1.11782862	2.82973257
1008	1045	94	4	5.12455434	12.76519079
1008	1045	94	5	0.43194821	2.41259473
1008	1045	94	6	1.69734737	7.63330086
1008	1045	94	7	2.18288039	11.64484130
1008	1045	94	8	1.67755879	7.44248113
1008	1045	94	9	3.43283332	13.11543821
1008	1045	94	10	0.26384730	1.01568971
1008	1045	94	11	0.44965824	1.27599869
1008	1045	94	12	6.69523803	39.41683053
1008	1045	94	13	0.65846733	3.62819025
1008	1045	94	14	2.68204000	11.50225744
1008	1045	94	15	0.13942612	0.90180122
1008	1045	94	16	5.52001422	20.58391389
1008	1045	94	17	0.38156528	3.03486767
1008	1045	94	18	1.18957043	7.57669951
1008	1045	94	19	4.06712831	10.95127861
1008	1045	95	0	2.00589515	6.65830255
1008	1045	95	1	1.76638899	10.31463480
1008	1045	95	2	0.13957560	1.31915611
1008	1045	95	3	1.11590424	2.82256646
1008	1045	95	4	5.14024768	12.80842177
1008	1045	95	5	0.42886308	2.39677327
1008	1045	95	6	1.70418548	7.66628037
1008	1045	95	7	2.17657686	11.60357046
1008	1045	95	8	1.67545179	7.43122568
1008	1045	95	9	3.43336759	13.11672903
1008	1045	95	10	0.26194577	1.00766982
1008	1045	95	11	0.44755262	1.26888521
1008	1045	95	12	6.71615710	39.49467468
1008	1045	95	13	0.66020517	3.64525906
1008	1045	95	14	2.68941026	11.53512514
1008	1045	95	15	0.13842077	0.89699427
1008	1045	95	16	5.52870117	20.62035700
1008	1045	95	17	0.37913427	3.01766933
1008	1045	95	18	1.18330415	7.54830561
1008	1045	95	19	4.07045401	10.96130655
1008	1045	96	0	2.00928432	6.67599476
1008	1045	96	1	1.76789157	10.32447543
1008	1045	96	2	0.13936555	1.32001234
1008	1045	96	3	1.11432903	2.81632494
1008	1045	96	4	5.15501390	12.85013753
1008	1045	96	5	0.42594442	2.38080309
1008	1045	96	6	1.71061617	7.69890713
1008	1045	96	7	2.17087584	11.56387878
1008	1045	96	8	1.67352863	7.42041727
1008	1045	96	9	3.43391635	13.11821638
1008	1045	96	10	0.26017224	0.99989506
1008	1045	96	11	0.44563819	1.26221252
1008	1045	96	12	6.73653449	39.58036922
1008	1045	96	13	0.66165329	3.66104825
1008	1045	96	14	2.69639000	11.56779309
1008	1045	96	15	0.13745721	0.89195079
1008	1045	96	16	5.53682187	20.65577859
1008	1045	96	17	0.37689140	3.00029974
1008	1045	96	18	1.17726877	7.51820978
1008	1045	96	19	4.07356738	10.97094515
1008	1045	97	0	2.01210868	6.69179315
1008	1045	97	1	1.76927453	10.33414280
1008	1045	97	2	0.13914608	1.32056850
1008	1045	97	3	1.11308713	2.81098961
1008	1045	97	4	5.16877334	12.89001410
1008	1045	97	5	0.42320722	2.36487825
1008	1045	97	6	1.71660390	7.73085063
1008	1045	97	7	2.16578815	11.52606715
1008	1045	97	8	1.67179582	7.41013829
1008	1045	97	9	3.43447173	13.11986334
1008	1045	97	10	0.25853284	0.99242783
1008	1045	97	11	0.44391850	1.25601404
1008	1045	97	12	6.75618232	39.67205455
1008	1045	97	13	0.66282184	3.67549431
1008	1045	97	14	2.70294069	11.59991677
1008	1045	97	15	0.13654175	0.88675040
1008	1045	97	16	5.54434439	20.68988453
1008	1045	97	17	0.37484169	2.98296954
1008	1045	97	18	1.17150798	7.48691652
1008	1045	97	19	4.07645605	10.98012633
1008	1045	98	0	2.01439000	6.70569841
1008	1045	98	1	1.77053508	10.34354682
1008	1045	98	2	0.13892067	1.32084670
1008	1045	98	3	1.11216044	2.80653350
1008	1045	98	4	5.18146502	12.92777681
1008	1045	98	5	0.42066281	2.34917182
1008	1045	98	6	1.72212131	7.76181688
1008	1045	98	7	2.16131634	11.49038980
1008	1045	98	8	1.67025699	7.40045897
1008	1045	98	9	3.43502667	13.12163477
1008	1045	98	10	0.25703148	0.98531992
1008	1045	98	11	0.44239451	1.25031475
1008	1045	98	12	6.77493913	39.76799535
1008	1045	98	13	0.66372343	3.68855512
1008	1045	98	14	2.70903257	11.63119250
1008	1045	98	15	0.13567947	0.88146629
1008	1045	98	16	5.55124694	20.72242716
1008	1045	98	17	0.37298748	2.96586671
1008	1045	98	18	1.16605792	7.45489290
1008	1045	98	19	4.07911150	10.98879484
1008	1045	99	0	2.01615422	6.71773283
1008	1045	99	1	1.77167210	10.35260992
1008	1045	99	2	0.13869248	1.32087023
1008	1045	99	3	1.11152910	2.80292229
1008	1045	99	4	5.19304568	12.96319934
1008	1045	99	5	0.41831911	2.33383603
1008	1045	99	6	1.72714892	7.79154865
1008	1045	99	7	2.15745532	11.45705496
1008	1045	99	8	1.66891306	7.39143720
1008	1045	99	9	3.43557487	13.12349766
1008	1045	99	10	0.25567016	0.97861322
1008	1045	99	11	0.44106486	1.24513166
1008	1045	99	12	6.79266928	39.86658618
1008	1045	99	13	0.66437272	3.70020861
1008	1045	99	14	2.71464399	11.66135676
1008	1045	99	15	0.13487432	0.87616504
1008	1045	99	16	5.55751691	20.75320295
1008	1045	99	17	0.37132874	2.94915689
1008	1045	99	18	1.16094753	7.42256706
1008	1045	99	19	4.08152875	10.99690739
1008	1045	100	0	2.01743068	6.72793792
1008	1045	100	1	1.77268590	10.36126661
1008	1045	100	2	0.13846440	1.32066310
1008	1045	100	3	1.11117186	2.80011541
1008	1045	100	4	5.20348876	12.99610220
1008	1045	100	5	0.41618100	2.31900282
1008	1045	100	6	1.73167466	7.81982530
1008	1045	100	7	2.15419315	11.42622604
1008	1045	100	8	1.66776243	7.38311867
1008	1045	100	9	3.43611082	13.12542133
1008	1045	100	10	0.25444910	0.97234035
1008	1045	100	11	0.43992607	1.24047433
1008	1045	100	12	6.80926217	39.96635549
1008	1045	100	13	0.66478599	3.71045125
1008	1045	100	14	2.71976083	11.69018507
1008	1045	100	15	0.13412920	0.87090651
1008	1045	100	16	5.56314992	20.78205001
1008	1045	100	17	0.36986331	2.93298390
1008	1045	100	18	1.15619905	7.39032725
1008	1045	100	19	4.08370595	11.00443175
1008	1045	101	0	2.01825143	6.73637217
1008	1045	101	1	1.77357809	10.36946291
1008	1045	101	2	0.13823899	1.32024967
1008	1045	101	3	1.11106651	2.79806721
1008	1045	101	4	5.21278317	13.02635080
1008	1045	101	5	0.41425058	2.30478450
1008	1045	101	6	1.73569338	7.84646224
1008	1045	101	7	2.15151174	11.39802322
1008	1045	101	8	1.66680124	7.37553712
1008	1045	101	9	3.43662979	13.12737765
1008	1045	101	10	0.25336703	0.96652548
1008	1045	101	11	0.43897279	1.23634539
1008	1045	101	12	6.82463117	40.06596818
1008	1045	101	13	0.66498083	3.71929647
1008	1045	101	14	2.72437583	11.71749055
1008	1045	101	15	0.13344601	0.86574390
1008	1045	101	16	5.56814896	20.80884520
1008	1045	101	17	0.36858728	2.91747051
1008	1045	101	18	1.15182846	7.35852155
1008	1045	101	19	4.08564402	11.01134577
1008	1045	102	0	2.01865063	6.74310868
1008	1045	102	1	1.77435139	10.37715559
1008	1045	102	2	0.13801849	1.31965430
1008	1045	102	3	1.11119018	2.79672793
1008	1045	102	4	5.22093204	13.05385303
1008	1045	102	5	0.41252754	2.29127463
1008	1045	102	6	1.73920634	7.87130997
1008	1045	102	7	2.14938773	11.37252570
1008	1045	102	8	1.66602357	7.36871476
1008	1045	102	9	3.43712774	13.12934108
1008	1045	102	10	0.25242133	0.96118498
1008	1045	102	11	0.43819810	1.23274122
1008	1045	102	12	6.83871238	40.16422664
1008	1045	102	13	0.66497571	3.72677284
1008	1045	102	14	2.72848795	11.74312211
1008	1045	102	15	0.13282584	0.86072382
1008	1045	102	16	5.57252349	20.83350118
1008	1045	102	17	0.36749514	2.90271947
1008	1045	102	18	1.14784604	7.32745807
1008	1045	102	19	4.08734635	11.01763645
1008	1045	103	0	2.01866387	6.74823283
1008	1045	103	1	1.77500946	10.38431153
1008	1045	103	2	0.13780485	1.31890104
1008	1045	103	3	1.11151973	2.79604478
1008	1045	103	4	5.22795128	13.07855656
1008	1045	103	5	0.41100939	2.27854911
1008	1045	103	6	1.74222056	7.89425285
1008	1045	103	7	2.14779325	11.34977417
1008	1045	103	8	1.66542173	7.36266282
1008	1045	103	9	3.43760133	13.13128875
1008	1045	103	10	0.25160827	0.95632827
1008	1045	103	11	0.43759368	1.22965256
1008	1045	103	12	6.85146319	40.26007045
1008	1045	103	13	0.66478967	3.73292240
1008	1045	103	14	2.73210169	11.76696238
1008	1045	103	15	0.13226897	0.85588646
1008	1045	103	16	5.57628858	20.85596331
1008	1045	103	17	0.36658009	2.88881448
1008	1045	103	18	1.14425680	7.29740567
1008	1045	103	19	4.08881842	11.02329895
1008	1045	104	0	2.01832760	6.75184011
1008	1045	104	1	1.77555679	10.39090691
1008	1045	104	2	0.13759973	1.31801335
1008	1045	104	3	1.11203201	2.79596277
1008	1045	104	4	5.23386826	13.10044583
1008	1045	104	5	0.40969177	2.26666725
1008	1045	104	6	1.74474826	7.91520748
1008	1045	104	7	2.14669676	11.32977368
1008	1045	104	8	1.66498654	7.35738232
1008	1045	104	9	3.43804788	13.13320042
1008	1045	104	10	0.25092312	0.95195848
1008	1045	104	11	0.43715009	1.22706513
1008	1045	104	12	6.86286075	40.35257457
1008	1045	104	13	0.66444203	3.73779879
1008	1045	104	14	2.73522648	11.78892557
1008	1045	104	15	0.13177498	0.85126592
1008	1045	104	16	5.57946418	20.87620660
1008	1045	104	17	0.36583420	2.87582147
1008	1045	104	18	1.14106103	7.26859499
1008	1045	104	19	4.09006753	11.02833575
1008	1045	105	0	2.01767868	6.75403398
1008	1045	105	1	1.77599850	10.39692644
1008	1045	105	2	0.13740451	1.31701389
1008	1045	105	3	1.11270412	2.79642564
1008	1045	105	4	5.23872034	13.11953881
1008	1045	105	5	0.40856870	2.25567301
1008	1045	105	6	1.74680618	7.93412086
1008	1045	105	7	2.14606380	11.31249677
1008	1045	105	8	1.66470758	7.35286486
1008	1045	105	9	3.43846528	13.13505846
1008	1045	105	10	0.25036038	0.94807319
1008	1045	105	11	0.43685697	1.22496033
1008	1045	105	12	6.87290026	40.44094643
1008	1045	105	13	0.66395210	3.74146549
1008	1045	105	14	2.73787603	11.80895503
1008	1045	105	15	0.13134285	0.84689038
1008	1045	105	16	5.58207434	20.89423267
1008	1045	105	17	0.36524869	2.86378978
1008	1045	105	18	1.13825481	7.24121989
1008	1045	105	19	4.09110255	11.03275569
1008	1045	106	0	2.01675384	6.75492382
1008	1045	106	1	1.77634031	10.40236258
1008	1045	106	2	0.13722033	1.31592431
1008	1045	106	3	1.11351365	2.79737661
1008	1045	106	4	5.24255346	13.13588370
1008	1045	106	5	0.40763280	2.24559618
1008	1045	106	6	1.74841495	7.95096827
1008	1045	106	7	2.14585772	11.29788676
1008	1045	106	8	1.66457347	7.34909352
1008	1045	106	9	3.43885200	13.13684777
1008	1045	106	10	0.24991386	0.94466512
1008	1045	106	11	0.43670329	1.22331587
1008	1045	106	12	6.88159333	40.52452172
1008	1045	106	13	0.66333892	3.74399405
1008	1045	106	14	2.74006778	11.82702091
1008	1045	106	15	0.13097102	0.84278254
1008	1045	106	16	5.58414652	20.91006673
1008	1045	106	17	0.36481401	2.85275347
1008	1045	106	18	1.13583043	7.21543916
1008	1045	106	19	4.09193361	11.03657320
1008	1045	107	0	2.01558929	6.75462311
1008	1045	107	1	1.77658834	10.40721478
1008	1045	107	2	0.13704805	1.31476512
1008	1045	107	3	1.11443889	2.79875904
1008	1045	107	4	5.24542079	13.14955546
1008	1045	107	5	0.40687557	2.23645369
1008	1045	107	6	1.74959847	7.96575103
1008	1045	107	7	2.14604041	11.28586117
1008	1045	107	8	1.66457214	7.34604384
1008	1045	107	9	3.43920697	13.13855563
1008	1045	107	10	0.24957684	0.94172276
1008	1045	107	11	0.43667750	1.22210640
1008	1045	107	12	6.88896612	40.60275926
1008	1045	107	13	0.66262107	3.74546242
1008	1045	107	14	2.74182228	11.84311765
1008	1045	107	15	0.13065750	0.83895987
1008	1045	107	16	5.58571098	20.92375477
1008	1045	107	17	0.36452010	2.84273259
1008	1045	107	18	1.13377696	7.19137833
1008	1045	107	19	4.09257188	11.03980750
1008	1045	108	0	2.01422036	6.75324764
1008	1045	108	1	1.77674904	10.41148868
1008	1045	108	2	0.13688834	1.31355556
1008	1045	108	3	1.11545896	2.80051710
1008	1045	108	4	5.24738133	13.16065234
1008	1045	108	5	0.40628752	2.22825078
1008	1045	108	6	1.75038329	7.97849408
1008	1045	108	7	2.14657291	11.27631514
1008	1045	108	8	1.66469104	7.34368485
1008	1045	108	9	3.43952962	13.14017162
1008	1045	108	10	0.24934219	0.93923096
1008	1045	108	11	0.43676777	1.22130410
1008	1045	108	12	6.89505766	40.67523487
1008	1045	108	13	0.66181649	3.74595337
1008	1045	108	14	2.74316270	11.85726152
1008	1045	108	15	0.13039987	0.83543508
1008	1045	108	16	5.58680016	20.93536076
1008	1045	108	17	0.36435648	2.83373448
1008	1045	108	18	1.13208060	7.16913184
1008	1045	108	19	4.09302937	11.04248187
1008	1045	109	0	2.01268119	6.75091397
1008	1045	109	1	1.77682912	10.41519546
1008	1045	109	2	0.13674165	1.31231348
1008	1045	109	3	1.11655401	2.80259630
1008	1045	109	4	5.24849871	13.16929254
1008	1045	109	5	0.40585843	2.22098226
1008	1045	109	6	1.75079803	7.98924344
1008	1045	109	7	2.14741600	11.26912489
1008	1045	109	8	1.66491739	7.34198006
1008	1045	109	9	3.43981976	13.14168746
1008	1045	109	10	0.24920249	0.93717148
1008	1045	109	11	0.43696210	1.22087927
1008	1045	109	12	6.89991804	40.74163464
1008	1045	109	13	0.66094228	3.74555294
1008	1045	109	14	2.74411428	11.86948823
1008	1045	109	15	0.13019539	0.83221640
1008	1045	109	16	5.58744816	20.94496409
1008	1045	109	17	0.36431241	2.82575505
1008	1045	109	18	1.13072519	7.14876515
1008	1045	109	19	4.09331870	11.04462295
1008	1045	110	0	2.01100445	6.74773798
1008	1045	110	1	1.77683542	10.41835107
1008	1045	110	2	0.13660825	1.31105533
1008	1045	110	3	1.11770531	2.80494394
1008	1045	110	4	5.24883990	13.17561078
1008	1045	110	5	0.40557747	2.21463366
1008	1045	110	6	1.75087280	7.99806375
1008	1045	110	7	2.14853074	11.26415107
1008	1045	110	8	1.66523837	7.34088846
1008	1045	110	9	3.44007756	13.14309682
1008	1045	110	10	0.24915008	0.93552355
1008	1045	110	11	0.43724853	1.22080085
1008	1045	110	12	6.90360674	40.80174745
1008	1045	110	13	0.66001466	3.74434909
1008	1045	110	14	2.74470392	11.87985050
1008	1045	110	15	0.13004109	0.82930804
1008	1045	110	16	5.58769025	20.95265709
1008	1045	110	17	0.36437701	2.81878000
1008	1045	110	18	1.12969257	7.13031702
1008	1045	110	19	4.09345295	11.04626016
1008	1045	111	0	2.00922113	6.74383361
1008	1045	111	1	1.77677485	10.42097558
1008	1045	111	2	0.13648822	1.30979608
1008	1045	111	3	1.11889530	2.80750953
1008	1045	111	4	5.24847418	13.17975518
1008	1045	111	5	0.40543341	2.20918238
1008	1045	111	6	1.75063873	8.00503566
1008	1045	111	7	2.14987890	11.26124198
1008	1045	111	8	1.66564128	7.34036553
1008	1045	111	9	3.44030352	13.14439524
1008	1045	111	10	0.24917722	0.93426432
1008	1045	111	11	0.43761522	1.22103693
1008	1045	111	12	6.90619095	40.85545706
1008	1045	111	13	0.65904881	3.74243045
1008	1045	111	14	2.74495966	11.88841579
1008	1045	111	15	0.12993375	0.82671054
1008	1045	111	16	5.58756238	20.95854275
1008	1045	111	17	0.36453936	2.81278603
1008	1045	111	18	1.12896297	7.11380183
1008	1045	111	19	4.09344547	11.04742509
1008	1045	112	0	2.00736035	6.73931178
1008	1045	112	1	1.77665435	10.42309258
1008	1045	112	2	0.13638152	1.30854921
1008	1045	112	3	1.12010776	2.81024515
1008	1045	112	4	5.24747201	13.18188413
1008	1045	112	5	0.40541472	2.20459878
1008	1045	112	6	1.75012742	8.01025333
1008	1045	112	7	2.15142336	11.26023669
1008	1045	112	8	1.66611374	7.34036418
1008	1045	112	9	3.44049841	13.14557990
1008	1045	112	10	0.24927611	0.93336928
1008	1045	112	11	0.43805062	1.22155519
1008	1045	112	12	6.90774399	40.90273398
1008	1045	112	13	0.65805879	3.73988513
1008	1045	112	14	2.74491037	11.89526409
1008	1045	112	15	0.12987000	0.82442114
1008	1045	112	16	5.58710081	20.96273260
1008	1045	112	17	0.36478862	2.80774198
1008	1045	112	18	1.12851538	7.09921187
1008	1045	112	19	4.09330975	11.04815097
1008	1045	113	0	2.00544925	6.73427942
1008	1045	113	1	1.77648077	10.42472857
1008	1045	113	2	0.13628795	1.30732676
1008	1045	113	3	1.12132774	2.81310564
1008	1045	113	4	5.24590415	13.18216346
1008	1045	113	5	0.40550974	2.20084719
1008	1045	113	6	1.74937059	8.01382203
1008	1045	113	7	2.15312847	11.26096786
1008	1045	113	8	1.66664377	7.34083560
1008	1045	113	9	3.44066323	13.14664948
1008	1045	113	10	0.24943898	0.93281270
1008	1045	113	11	0.43854355	1.22232333
1008	1045	113	12	6.90834387	40.94362697
1008	1045	113	13	0.65705757	3.73679976
1008	1045	113	14	2.74458530	11.90048581
1008	1045	113	15	0.12984637	0.82243415
1008	1045	113	16	5.58634171	20.96534470
1008	1045	113	17	0.36511412	2.80360995
1008	1045	113	18	1.12832788	7.08651967
1008	1045	113	19	4.09305925	11.04847221
1008	1045	114	0	2.00351288	6.72883865
1008	1045	114	1	1.77626087	10.42591237
1008	1045	114	2	0.13620722	1.30613930
1008	1045	114	3	1.12254169	2.81604889
1008	1045	114	4	5.24384082	13.18076374
1008	1045	114	5	0.40570678	2.19788690
1008	1045	114	6	1.74839963	8.01585579
1008	1045	114	7	2.15496030	11.26326449
1008	1045	114	8	1.66721995	7.34173007
1008	1045	114	9	3.44079922	13.14760405
1008	1045	114	10	0.24965819	0.93256797
1008	1045	114	11	0.43908326	1.22330942
1008	1045	114	12	6.90807186	40.97825463
1008	1045	114	13	0.65605691	3.73325860
1008	1045	114	14	2.74401380	11.90417981
1008	1045	114	15	0.12985931	0.82074133
1008	1045	114	16	5.58532084	20.96650183
1008	1045	114	17	0.36550541	2.80034634
1008	1045	114	18	1.12837795	7.07568027
1008	1045	114	19	4.09270733	11.04842395
1008	1045	115	0	2.00157411	6.72308614
1008	1045	115	1	1.77600120	10.42667466
1008	1045	115	2	0.13613891	1.30499597
1008	1045	115	3	1.12373739	2.81903596
1008	1045	115	4	5.24135089	13.17785786
1008	1045	115	5	0.40599424	2.19567308
1008	1045	115	6	1.74724527	8.01647513
1008	1045	115	7	2.15688687	11.26695429
1008	1045	115	8	1.66783146	7.34299776
1008	1045	115	9	3.44090774	13.14844484
1008	1045	115	10	0.24992623	0.93260796
1008	1045	115	11	0.43965958	1.22448224
1008	1045	115	12	6.90701123	41.00679690
1008	1045	115	13	0.65506741	3.72934280
1008	1045	115	14	2.74322499	11.90645152
1008	1045	115	15	0.12990524	0.81933220
1008	1045	115	16	5.58407325	20.96632983
1008	1045	115	17	0.36595237	2.79790284
1008	1045	115	18	1.12864276	7.06663339
1008	1045	115	19	4.09226708	11.04804165
1008	1045	116	0	1.99965366	6.71711260
1008	1045	116	1	1.77570815	10.42704748
1008	1045	116	2	0.13608253	1.30390457
1008	1045	116	3	1.12490401	2.82203119
1008	1045	116	4	5.23850129	13.17361877
1008	1045	116	5	0.40636070	2.19415759
1008	1045	116	6	1.74593733	8.01580508
1008	1045	116	7	2.15887834	11.27186591
1008	1045	116	8	1.66846820	7.34458930
1008	1045	116	9	3.44099032	13.14917417
1008	1045	116	10	0.25023583	0.93290529
1008	1045	116	11	0.44026289	1.22581153
1008	1045	116	12	6.90524607	41.02948680
1008	1045	116	13	0.65409850	3.72512975
1008	1045	116	14	2.74224747	11.90741119
1008	1045	116	15	0.12998058	0.81819436
1008	1045	116	16	5.58263299	20.96495606
1008	1045	116	17	0.36644526	2.79622737
1008	1045	116	18	1.12909939	7.05930561
1008	1045	116	19	4.09175126	11.04736072
1008	1045	117	0	1.99777002	6.71100234
1008	1045	117	1	1.77538782	10.42706375
1008	1045	117	2	0.13603753	1.30287156
1008	1045	117	3	1.12603204	2.82500224
1008	1045	117	4	5.23535641	13.16821749
1008	1045	117	5	0.40679502	2.19328984
1008	1045	117	6	1.74450440	8.01397319
1008	1045	117	7	2.16090712	11.27783090
1008	1045	117	8	1.66912078	7.34645643
1008	1045	117	9	3.44104861	13.14979526
1008	1045	117	10	0.25057995	0.93343263
1008	1045	117	11	0.44088423	1.22726829
1008	1045	117	12	6.90286027	41.04660230
1008	1045	117	13	0.65315843	3.72069257
1008	1045	117	14	2.74110914	11.90717233
1008	1045	117	15	0.13008182	0.81731386
1008	1045	117	16	5.58103290	20.96250800
1008	1045	117	17	0.36697478	2.79526493
1008	1045	117	18	1.12972512	7.05361241
1008	1045	117	19	4.09117222	11.04641625
1008	1045	118	0	1.99593953	6.70483299
1008	1045	118	1	1.77504603	10.42675692
1008	1045	118	2	0.13600327	1.30190217
1008	1045	118	3	1.12711330	2.82792015
1008	1045	118	4	5.23197766	13.16182138
1008	1045	118	5	0.40728640	2.19301745
1008	1045	118	6	1.74297367	8.01110779
1008	1045	118	7	2.16294793	11.28468536
1008	1045	118	8	1.66978060	7.34855246
1008	1045	118	9	3.44108431	13.15031214
1008	1045	118	10	0.25095187	0.93416293
1008	1045	118	11	0.44151531	1.22882491
1008	1045	118	12	6.89993654	41.05845861
1008	1045	118	13	0.65225435	3.71609973
1008	1045	118	14	2.73983693	11.90585015
1008	1045	118	15	0.13020548	0.81667543
1008	1045	118	16	5.57930442	20.95911203
1008	1045	118	17	0.36753208	2.79495847
1008	1045	118	18	1.13049760	7.04946013
1008	1045	118	19	4.09054178	11.04524262
1008	1045	119	0	1.99417638	6.69867534
1008	1045	119	1	1.77468829	10.42616055
1008	1045	119	2	0.13597907	1.30100046
1008	1045	119	3	1.12814087	2.83075927
1008	1045	119	4	5.22842305	13.15459256
1008	1045	119	5	0.40782448	2.19328700
1008	1045	119	6	1.74137077	8.00733643
1008	1045	119	7	2.16497788	11.29227143
1008	1045	119	8	1.67043986	7.35083269
1008	1045	119	9	3.44109920	13.15072947
1008	1045	119	10	0.25134520	0.93506968
1008	1045	119	11	0.44214853	1.23045538
1008	1045	119	12	6.89655559	41.06540072
1008	1045	119	13	0.65139231	3.71141475
1008	1045	119	14	2.73845661	11.90356027
1008	1045	119	15	0.13034820	0.81626276
1008	1045	119	16	5.57747736	20.95489226
1008	1045	119	17	0.36810887	2.79524957
1008	1045	119	18	1.13139508	7.04674782
1008	1045	119	19	4.08987121	11.04387335
1008	1045	120	0	1.99249270	6.69259326
1008	1045	120	1	1.77431978	10.42530801
1008	1045	120	2	0.13596424	1.30016938
1008	1045	120	3	1.12910905	2.83349723
1008	1045	120	4	5.22474689	13.14668663
1008	1045	120	5	0.40839937	2.19404460
1008	1045	120	6	1.73971962	8.00278448
1008	1045	120	7	2.16697645	11.30043852
1008	1045	120	8	1.67109156	7.35325477
1008	1045	120	9	3.44109510	13.15105251
1008	1045	120	10	0.25175392	0.93612705
1008	1045	120	11	0.44277701	1.23213541
1008	1045	120	12	6.89279547	41.06779643
1008	1045	120	13	0.65057733	3.70669594
1008	1045	120	14	2.73699271	11.90041748
1008	1045	120	15	0.13050673	0.81605882
1008	1045	120	16	5.57557981	20.94996958
1008	1045	120	17	0.36869740	2.79607922
1008	1045	120	18	1.13239652	7.04536899
1008	1045	120	19	4.08917115	11.04234078
1008	1045	121	0	1.99089861	6.68664363
1008	1045	121	1	1.77394529	10.42423214
1008	1045	121	2	0.13595804	1.29941087
1008	1045	121	3	1.13001330	2.83611485
1008	1045	121	4	5.22099958	13.13825159
1008	1045	121	5	0.40900172	2.19523649
1008	1045	121	6	1.73804232	7.99757389
1008	1045	121	7	2.16892551	11.30904428
1008	1045	121	8	1.67172946	7.35577893
1008	1045	121	9	3.44107385	13.15128693
1008	1045	121	10	0.25217239	0.93731012
1008	1045	121	11	0.44339457	1.23384252
1008	1045	121	12	6.88873088	41.06602981
1008	1045	121	13	0.64981343	3.70199636
1008	1045	121	14	2.73546832	11.89653463
1008	1045	121	15	0.13067795	0.81604602
1008	1045	121	16	5.57363801	20.94446076
1008	1045	121	17	0.36929050	2.79738839
1008	1045	121	18	1.13348177	7.04521325
1008	1045	121	19	4.08845156	11.04067592
1008	1045	122	0	1.98940235	6.68087651
1008	1045	122	1	1.77356926	10.42296499
1008	1045	122	2	0.13595971	1.29872591
1008	1045	122	3	1.13085020	2.83859607
1008	1045	122	4	5.21722744	13.12942690
1008	1045	122	5	0.40962274	2.19680951
1008	1045	122	6	1.73635913	7.99182212
1008	1045	122	7	2.17080921	11.31795540
1008	1045	122	8	1.67234814	7.35836822
1008	1045	122	9	3.44103727	13.15143876
1008	1045	122	10	0.25259540	0.93859500
1008	1045	122	11	0.44399574	1.23555608
1008	1045	122	12	6.88443274	41.06049520
1008	1045	122	13	0.64910371	3.69736367
1008	1045	122	14	2.73390499	11.89202167
1008	1045	122	15	0.13085892	0.81620649
1008	1045	122	16	5.57167623	20.93847769
1008	1045	122	17	0.36988160	2.79911864
1008	1045	122	18	1.13463169	7.04616780
1008	1045	122	19	4.08772171	11.03890825
1008	1045	123	0	1.98801030	6.67533521
1008	1045	123	1	1.77319574	10.42153761
1008	1045	123	2	0.13596849	1.29811465
1008	1045	123	3	1.13161733	2.84092774
1008	1045	123	4	5.21347258	13.12034283
1008	1045	123	5	0.41025426	2.19871160
1008	1045	123	6	1.73468838	7.98564128
1008	1045	123	7	2.17261400	11.32704822
1008	1045	123	8	1.67294292	7.36098865
1008	1045	123	9	3.44098717	13.15151429
1008	1045	123	10	0.25301813	0.93995895
1008	1045	123	11	0.44457575	1.23725741
1008	1045	123	12	6.87996774	41.05159161
1008	1045	123	13	0.64845041	3.69284025
1008	1045	123	14	2.73232271	11.88698480
1008	1045	123	15	0.13104684	0.81652226
1008	1045	123	16	5.56971673	20.93212673
1008	1045	123	17	0.37046475	2.80121265
1008	1045	123	18	1.13582825	7.04811883
1008	1045	123	19	4.08699011	11.03706558
1008	1045	124	0	1.98672718	6.67005652
1008	1045	124	1	1.77282837	10.41997978
1008	1045	124	2	0.13598363	1.29757645
1008	1045	124	3	1.13231323	2.84309956
1008	1045	124	4	5.20977291	13.11111992
1008	1045	124	5	0.41088875	2.20089219
1008	1045	124	6	1.73304652	7.97913736
1008	1045	124	7	2.17432844	11.33620910
1008	1045	124	8	1.67350985	7.36360924
1008	1045	124	9	3.44092534	13.15151996
1008	1045	124	10	0.25343623	0.94138056
1008	1045	124	11	0.44513053	1.23892972
1008	1045	124	12	6.87539803	41.03971777
1008	1045	124	13	0.64785495	3.68846318
1008	1045	124	14	2.73073978	11.88152573
1008	1045	124	15	0.13123913	0.81697545
1008	1045	124	16	5.56777973	20.92550818
1008	1045	124	17	0.37103461	2.80361467
1008	1045	124	18	1.13705460	7.05095279
1008	1045	124	19	4.08626454	11.03517397
1008	1045	125	0	1.98555612	6.66507097
1008	1045	125	1	1.77247043	10.41831989
1008	1045	125	2	0.13600437	1.29710999
1008	1045	125	3	1.13293735	2.84510385
1008	1045	125	4	5.20616210	13.10186861
1008	1045	125	5	0.41151933	2.20330256
1008	1045	125	6	1.73144807	7.97240970
1008	1045	125	7	2.17594321	11.34533471
1008	1045	125	8	1.67404565	7.36620210
1008	1045	125	9	3.44085351	13.15146232
1008	1045	125	10	0.25384578	0.94283975
1008	1045	125	11	0.44565662	1.24055817
1008	1045	125	12	6.87078101	41.02526764
1008	1045	125	13	0.64731802	3.68426443
1008	1045	125	14	2.72917282	11.87574105
1008	1045	125	15	0.13143336	0.81754845
1008	1045	125	16	5.56588334	20.91871581
1008	1045	125	17	0.37158647	2.80627094
1008	1045	125	18	1.13829513	7.05455753
1008	1045	125	19	4.08555199	11.03325757
1008	1045	126	0	1.98449877	6.66040306
1008	1045	126	1	1.77212478	10.41658473
1008	1045	126	2	0.13602997	1.29671331
1008	1045	126	3	1.13348989	2.84693542
1008	1045	126	4	5.20266965	13.09268908
1008	1045	126	5	0.41213979	2.20589616
1008	1045	126	6	1.72990570	7.96555048
1008	1045	126	7	2.17745091	11.35433210
1008	1045	126	8	1.67454772	7.36874240
1008	1045	126	9	3.44077334	13.15134792
1008	1045	126	10	0.25424329	0.94431791
1008	1045	126	11	0.44615124	1.24212978
1008	1045	126	12	6.86616912	41.00862640
1008	1045	126	13	0.64683964	3.68027103
1008	1045	126	14	2.72763676	11.86972172
1008	1045	126	15	0.13162734	0.81822404
1008	1045	126	16	5.56404363	20.91183655
1008	1045	126	17	0.37211620	2.80913004
1008	1045	126	18	1.13953554	7.05882333
1008	1045	126	19	4.08485870	11.03133858
1008	1045	127	0	1.98355545	6.65607167
1008	1045	127	1	1.77179390	10.41479941
1008	1045	127	2	0.13605971	1.29638395
1008	1045	127	3	1.13397184	2.84859138
1008	1045	127	4	5.19932102	13.08367111
1008	1045	127	5	0.41274457	2.20862885
1008	1045	127	6	1.72843027	7.95864449
1008	1045	127	7	2.17884601	11.36311871
1008	1045	127	8	1.67501407	7.37120834
1008	1045	127	9	3.44068645	13.15118329
1008	1045	127	10	0.25462571	0.94579791
1008	1045	127	11	0.44661217	1.24363341
1008	1045	127	12	6.86160983	40.99016705
1008	1045	127	13	0.64641923	3.67650520
1008	1045	127	14	2.72614479	11.86355269
1008	1045	127	15	0.13181906	0.81898555
1008	1045	127	16	5.56227458	20.90495022
1008	1045	127	17	0.37262032	2.81214321
1008	1045	127	18	1.14076286	7.06364381
1008	1045	127	19	4.08419013	11.02943723
1008	1045	128	0	1.98272525	6.65209032
1008	1045	128	1	1.77147989	10.41298724
1008	1045	128	2	0.13609291	1.29611897
1008	1045	128	3	1.13438477	2.85007094
1008	1045	128	4	5.19613770	13.07489422
1008	1045	128	5	0.41332880	2.21145914
1008	1045	128	6	1.72703088	7.95176886
1008	1045	128	7	2.18012467	11.37162218
1008	1045	128	8	1.67544327	7.37358107
1008	1045	128	9	3.44059436	13.15097485
1008	1045	128	10	0.25499043	0.94726419
1008	1045	128	11	0.44703777	1.24505971
1008	1045	128	12	6.85714554	40.97024740
1008	1045	128	13	0.64605564	3.67298470
1008	1045	128	14	2.72470844	11.85731252
1008	1045	128	15	0.13200672	0.81981698
1008	1045	128	16	5.56058818	20.89812936
1008	1045	128	17	0.37309590	2.81526458
1008	1045	128	18	1.14196544	7.06891672
1008	1045	128	19	4.08355101	11.02757171
1008	1045	129	0	1.98200617	6.64846763
1008	1045	129	1	1.77118449	10.41116967
1008	1045	129	2	0.13612888	1.29591505
1008	1045	129	3	1.13473087	2.85137521
1008	1045	129	4	5.19313739	13.06642774
1008	1045	129	5	0.41388825	2.21434837
1008	1045	129	6	1.72571495	7.94499300
1008	1045	129	7	2.18128463	11.37978016
1008	1045	129	8	1.67583442	7.37584459
1008	1045	129	9	3.44049849	13.15072884
1008	1045	129	10	0.25533526	0.94870272
1008	1045	129	11	0.44742692	1.24640104
1008	1045	129	12	6.85281369	40.94920763
1008	1045	129	13	0.64574728	3.66972297
1008	1045	129	14	2.72333759	11.85107323
1008	1045	129	15	0.13218872	0.82070310
1008	1045	129	16	5.55899444	20.89143918
1008	1045	129	17	0.37354057	2.81845140
1008	1045	129	18	1.14313297	7.07454457
1008	1045	129	19	4.08294531	11.02575818
1008	1045	130	0	1.98139526	6.64520761
1008	1045	130	1	1.77090908	10.40936622
1008	1045	130	2	0.13616701	1.29576855
1008	1045	130	3	1.13501280	2.85250705
1008	1045	130	4	5.19033420	13.05833113
1008	1045	130	5	0.41441934	2.21726081
1008	1045	130	6	1.72448832	7.93837862
1008	1045	130	7	2.18232511	11.38753994
1008	1045	130	8	1.67618711	7.37798563
1008	1045	130	9	3.44040021	13.15045134
1008	1045	130	10	0.25565842	0.95010103
1008	1045	130	11	0.44777898	1.24765136
1008	1045	130	12	6.84864678	40.92736822
1008	1045	130	13	0.64549212	3.66672949
1008	1045	130	14	2.72204051	11.84490010
1008	1045	130	15	0.13236369	0.82162949
1008	1045	130	16	5.55750151	20.88493753
1008	1045	130	17	0.37395253	2.82166417
1008	1045	130	18	1.14425647	7.08043528
1008	1045	130	19	4.08237629	11.02401080
1008	1045	131	0	1.98088869	6.64231014
1008	1045	131	1	1.77065470	10.40759449
1008	1045	131	2	0.13620668	1.29567557
1008	1045	131	3	1.13523365	2.85347085
1008	1045	131	4	5.18773882	13.05065427
1008	1045	131	5	0.41491912	2.22016381
1008	1045	131	6	1.72335534	7.93197981
1008	1045	131	7	2.18324660	11.39485808
1008	1045	131	8	1.67650136	7.37999353
1008	1045	131	9	3.44030075	13.15014815
1008	1045	131	10	0.25595850	0.95144822
1008	1045	131	11	0.44809378	1.24880616
1008	1045	131	12	6.84467253	40.90502835
1008	1045	131	13	0.64528778	3.66401005
1008	1045	131	14	2.72082393	11.83885167
1008	1045	131	15	0.13253043	0.82258269
1008	1045	131	16	5.55611570	20.87867500
1008	1045	131	17	0.37433046	2.82486675
1008	1045	131	18	1.14532825	7.08650254
1008	1045	131	19	4.08184655	11.02234175
1008	1045	132	0	1.98048194	6.63977130
1008	1045	132	1	1.77042209	10.40587010
1008	1045	132	2	0.13624736	1.29563205
1008	1045	132	3	1.13539685	2.85427232
1008	1045	132	4	5.18535875	13.04343788
1008	1045	132	5	0.41538523	2.22302781
1008	1045	132	6	1.72231896	7.92584322
1008	1045	132	7	2.18405082	11.40169996
1008	1045	132	8	1.67677759	7.38186006
1008	1045	132	9	3.44020126	13.14982483
1008	1045	132	10	0.25623448	0.95273489
1008	1045	132	11	0.44837154	1.24986238
1008	1045	132	12	6.84091405	40.88246471
1008	1045	132	13	0.64513158	3.66156701
1008	1045	132	14	2.71969312	11.83297973
1008	1045	132	15	0.13268795	0.82355017
1008	1045	132	16	5.55484165	20.87269500
1008	1045	132	17	0.37467352	2.82802646
1008	1045	132	18	1.14634187	7.09266626
1008	1045	132	19	4.08135802	11.02076129
1008	1045	133	0	1.98016984	6.63758382
1008	1045	133	1	1.77021168	10.40420675
1008	1045	133	2	0.13628851	1.29563378
1008	1045	133	3	1.13550611	2.85491836
1008	1045	133	4	5.18319854	13.03671399
1008	1045	133	5	0.41581588	2.22582636
1008	1045	133	6	1.72138083	7.92000828
1008	1045	133	7	2.18474049	11.40803927
1008	1045	133	8	1.67701655	7.38357926
1008	1045	133	9	3.44010278	13.14948662
1008	1045	133	10	0.25648568	0.95395314
1008	1045	133	11	0.44861284	1.25081826
1008	1045	133	12	6.83739002	40.85993062
1008	1045	133	13	0.64502059	3.65939965
1008	1045	133	14	2.71865194	11.82732938
1008	1045	133	15	0.13283545	0.82452043
1008	1045	133	16	5.55368237	20.86703403
1008	1045	133	17	0.37498135	2.83111407
1008	1045	133	18	1.14729209	7.09885278
1008	1045	133	19	4.08091202	11.01927781
1008	1045	134	0	1.97994674	6.63573743
1008	1045	134	1	1.77002363	10.40261626
1008	1045	134	2	0.13632966	1.29567648
1008	1045	134	3	1.13556537	2.85541682
1008	1045	134	4	5.18126000	13.03050640
1008	1045	134	5	0.41620982	2.22853617
1008	1045	134	6	1.72054145	7.91450746
1008	1045	134	7	2.18531930	11.41385745
1008	1045	134	8	1.67721933	7.38514732
1008	1045	134	9	3.44000625	13.14913842
1008	1045	134	10	0.25671175	0.95509650
1008	1045	134	11	0.44881859	1.25167325
1008	1045	134	12	6.83411493	40.83765558
1008	1045	134	13	0.64495171	3.65750446
1008	1045	134	14	2.71770297	11.82193923
1008	1045	134	15	0.13297230	0.82548301
1008	1045	134	16	5.55263939	20.86172186
1008	1045	134	17	0.37525394	2.83410381
1008	1045	134	18	1.14817484	7.10499502
1008	1045	134	19	4.08050930	11.01789791
1008	1045	135	0	1.97980660	6.63421929
1008	1045	135	1	1.76985783	10.40110857
1008	1045	135	2	0.13637039	1.29575585
1008	1045	135	3	1.13557871	2.85577637
1008	1045	135	4	5.17954246	13.02483127
1008	1045	135	5	0.41656631	2.23113698
1008	1045	135	6	1.71980021	7.90936665
1008	1045	135	7	2.18579172	11.41914318
1008	1045	135	8	1.67738726	7.38656233
1008	1045	135	9	3.43991250	13.14878479
1008	1045	135	10	0.25691262	0.95615989
1008	1045	135	11	0.44899000	1.25242794
1008	1045	135	12	6.83109931	40.81584503
1008	1045	135	13	0.64492168	3.65587543
1008	1045	135	14	2.71684756	11.81684155
1008	1045	135	15	0.13309805	0.82642849
1008	1045	135	16	5.55171287	20.85678189
1008	1045	135	17	0.37549172	2.83697332
1008	1045	135	18	1.14898714	7.11103264
1008	1045	135	19	4.08015010	11.01662650
1008	1045	136	0	1.97974305	6.63301432
1008	1045	136	1	1.76971398	10.39969184
1008	1045	136	2	0.13641030	1.29586759
1008	1045	136	3	1.13555032	2.85600631
1008	1045	136	4	5.17804302	13.01969765
1008	1045	136	5	0.41688506	2.23361158
1008	1045	136	6	1.71915557	7.90460551
1008	1045	136	7	2.18616287	11.42389175
1008	1045	136	8	1.67752191	7.38782419
1008	1045	136	9	3.43982225	13.14842994
1008	1045	136	10	0.25708852	0.95713952
1008	1045	136	11	0.44912850	1.25308388
1008	1045	136	12	6.82835002	40.79468047
1008	1045	136	13	0.64492715	3.65450434
1008	1045	136	14	2.71608597	11.81206256
1008	1045	136	15	0.13321240	0.82734850
1008	1045	136	16	5.55090172	20.85223140
1008	1045	136	17	0.37569539	2.83970356
1008	1045	136	18	1.14972701	7.11691200
1008	1045	136	19	4.07983416	11.01546691
1008	1045	137	0	1.97974956	6.63210562
1008	1045	137	1	1.76959154	10.39837252
1008	1045	137	2	0.13644906	1.29600750
1008	1045	137	3	1.13548443	2.85611645
1008	1045	137	4	5.17675675	13.01510808
1008	1045	137	5	0.41716622	2.23594565
1008	1045	137	6	1.71860510	7.90023785
1008	1045	137	7	2.18643846	11.42810450
1008	1045	137	8	1.67762505	7.38893437
1008	1045	137	9	3.43973614	13.14807768
1008	1045	137	10	0.25723991	0.95803283
1008	1045	137	11	0.44923575	1.25364351
1008	1045	137	12	6.82587051	40.77431979
1008	1045	137	13	0.64496473	3.65338112
1008	1045	137	14	2.71541742	11.80762266
1008	1045	137	15	0.13331520	0.82823571
1008	1045	137	16	5.55020373	20.84808202
1008	1045	137	17	0.37586600	2.84227874
1008	1045	137	18	1.15039344	7.12258612
1008	1045	137	19	4.07956078	11.01442097
1008	1045	138	0	1.97981943	6.63147477
1008	1045	138	1	1.76948982	10.39715544
1008	1045	138	2	0.13648636	1.29617145
1008	1045	138	3	1.13538527	2.85611692
1008	1045	138	4	5.17567700	13.01105918
1008	1045	138	5	0.41741032	2.23812769
1008	1045	138	6	1.71814565	7.89627205
1008	1045	138	7	2.18662464	11.43178821
1008	1045	138	8	1.67769859	7.38989577
1008	1045	138	9	3.43965467	13.14773148
1008	1045	138	10	0.25736747	0.95883842
1008	1045	138	11	0.44931356	1.25411006
1008	1045	138	12	6.82366111	40.75489779
1008	1045	138	13	0.64503098	3.65249403
1008	1045	138	14	2.71484024	11.80353680
1008	1045	138	15	0.13340645	0.82908382
1008	1045	138	16	5.54961568	20.84434004
1008	1045	138	17	0.37600482	2.84468616
1008	1045	138	18	1.15098628	7.12801455
1008	1045	138	19	4.07932888	11.01348914
1008	1045	139	0	1.97994597	6.63110217
1008	1045	139	1	1.76940794	10.39604390
1008	1045	139	2	0.13652194	1.29635546
1008	1045	139	3	1.13525701	2.85601803
1008	1045	139	4	5.17479556	13.00754223
1008	1045	139	5	0.41761824	2.24014885
1008	1045	139	6	1.71777342	7.89271150
1008	1045	139	7	2.18672791	11.43495451
1008	1045	139	8	1.67774456	7.39071255
1008	1045	139	9	3.43957829	13.14739439
1008	1045	139	10	0.25747208	0.95955594
1008	1045	139	11	0.44936390	1.25448741
1008	1045	139	12	6.82171929	40.73652701
1008	1045	139	13	0.64512251	3.65183001
1008	1045	139	14	2.71435194	11.79981480
1008	1045	139	15	0.13348626	0.82988754
1008	1045	139	16	5.54913350	20.84100688
1008	1045	139	17	0.37611335	2.84691607
1008	1045	139	18	1.15150617	7.13316319
1008	1045	139	19	4.07913705	11.01267063
1008	1045	140	0	1.98012250	6.63096736
1008	1045	140	1	1.76934492	10.39503977
1008	1045	140	2	0.13655559	1.29655570
1008	1045	140	3	1.13510377	2.85583021
1008	1045	140	4	5.17410295	13.00454381
1008	1045	140	5	0.41779116	2.24200280
1008	1045	140	6	1.71748404	7.88955507
1008	1045	140	7	2.18675501	11.43761933
1008	1045	140	8	1.67776510	7.39138997
1008	1045	140	9	3.43950732	13.14706911
1008	1045	140	10	0.25755477	0.96018601
1008	1045	140	11	0.44938883	1.25478002
1008	1045	140	12	6.82004001	40.71929853
1008	1045	140	13	0.64523599	3.65137492
1008	1045	140	14	2.71394931	11.79646174
1008	1045	140	15	0.13355485	0.83064252
1008	1045	140	16	5.54875236	20.83807950
1008	1045	140	17	0.37619329	2.84896153
1008	1045	140	18	1.15195447	7.13800407
1008	1045	140	19	4.07898355	11.01196351
1008	1045	141	0	1.98034244	6.63104934
1008	1045	141	1	1.76929966	10.39414363
1008	1045	141	2	0.13658714	1.29676854
1008	1045	141	3	1.13492950	2.85556381
1008	1045	141	4	5.17358859	13.00204633
1008	1045	141	5	0.41793053	2.24368559
1008	1045	141	6	1.71727270	7.88679748
1008	1045	141	7	2.18671284	11.43980227
1008	1045	141	8	1.67776239	7.39193421
1008	1045	141	9	3.43944200	13.14675797
1008	1045	141	10	0.25761672	0.96073013
1008	1045	141	11	0.44939048	1.25499281
1008	1045	141	12	6.81861596	40.70328314
1008	1045	141	13	0.64536816	3.65111376
1008	1045	141	14	2.71362857	11.79347832
1008	1045	141	15	0.13361254	0.83134534
1008	1045	141	16	5.54846682	20.83555084
1008	1045	141	17	0.37624648	2.85081817
1008	1045	141	18	1.15233318	7.14251507
1008	1045	141	19	4.07886642	11.01136485
1008	1045	142	0	1.98059939	6.63132679
1008	1045	142	1	1.76927096	10.39335483
1008	1045	142	2	0.13661645	1.29699055
1008	1045	142	3	1.13473804	2.85522905
1008	1045	142	4	5.17324104	13.00002863
1008	1045	142	5	0.41803801	2.24519543
1008	1045	142	6	1.71713426	7.88442982
1008	1045	142	7	2.18660837	11.44152610
1008	1045	142	8	1.67773866	7.39235224
1008	1045	142	9	3.43938251	13.14646292
1008	1045	142	10	0.25765922	0.96119055
1008	1045	142	11	0.44937103	1.25513108
1008	1045	142	12	6.81743787	40.68853240
1008	1045	142	13	0.64551587	3.65103094
1008	1045	142	14	2.71338539	11.79086130
1008	1045	142	15	0.13365975	0.83199345
1008	1045	142	16	5.54827090	20.83341027
1008	1045	142	17	0.37627486	2.85248404
1008	1045	142	18	1.15264482	7.14667963
1008	1045	142	19	4.07878350	11.01087086
1008	1045	143	0	1.98088714	6.63177833
1008	1045	143	1	1.76925758	10.39267166
1008	1045	143	2	0.13664342	1.29721852
1008	1045	143	3	1.13453302	2.85483592
1008	1045	143	4	5.17304821	12.99846656
1008	1045	143	5	0.41811546	2.24653252
1008	1045	143	6	1.71706326	7.88243997
1008	1045	143	7	2.18644857	11.44281621
1008	1045	143	8	1.67769612	7.39265168
1008	1045	143	9	3.43932892	13.14618557
1008	1045	143	10	0.25768365	0.96157024
1008	1045	143	11	0.44933268	1.25520040
1008	1045	143	12	6.81649479	40.67507996
1008	1045	143	13	0.64567611	3.65111046
1008	1045	143	14	2.71321504	11.78860384
1008	1045	143	15	0.13369696	0.83258511
1008	1045	143	16	5.54815826	20.83164403
1008	1045	143	17	0.37628047	2.85395941
1008	1045	143	18	1.15289241	7.15048638
1008	1045	143	19	4.07873243	11.01047694
1008	1045	144	0	1.98119976	6.63238280
1008	1045	144	1	1.76925821	10.39209145
1008	1045	144	2	0.13666797	1.29744948
1008	1045	144	3	1.13431791	2.85439407
1008	1045	144	4	5.17299751	12.99733345
1008	1045	144	5	0.41816488	2.24769891
1008	1045	144	6	1.71705409	7.88081299
1008	1045	144	7	2.18624032	11.44370011
1008	1045	144	8	1.67763700	7.39284063
1008	1045	144	9	3.43928126	13.14592721
1008	1045	144	10	0.25769145	0.96187272
1008	1045	144	11	0.44927760	1.25520655
1008	1045	144	12	6.81577433	40.66294287
1008	1045	144	13	0.64584600	3.65133617
1008	1045	144	14	2.71311246	11.78669597
1008	1045	144	15	0.13372471	0.83311934
1008	1045	144	16	5.54812223	20.83023567
1008	1045	144	17	0.37626540	2.85524653
1008	1045	144	18	1.15307938	7.15392878
1008	1045	144	19	4.07871077	11.01017790
1008	1045	145	0	1.98153158	6.63311938
1008	1045	145	1	1.76927152	10.39161068
1008	1045	145	2	0.13669008	1.29768071
1008	1045	145	3	1.13409592	2.85391277
1008	1045	145	4	5.17307604	12.99660069
1008	1045	145	5	0.41818839	2.24869824
1008	1045	145	6	1.71710100	7.87953158
1008	1045	145	7	2.18599037	11.44420693
1008	1045	145	8	1.67756348	7.39292759
1008	1045	145	9	3.43923948	13.14568878
1008	1045	145	10	0.25768410	0.96210204
1008	1045	145	11	0.44920796	1.25515543
1008	1045	145	12	6.81526296	40.65212292
1008	1045	145	13	0.64602284	3.65169186
1008	1045	145	14	2.71307235	11.78512493
1008	1045	145	15	0.13374360	0.83359589
1008	1045	145	16	5.54815599	20.82916648
1008	1045	145	17	0.37623176	2.85634946
1008	1045	145	18	1.15320944	7.15700477
1008	1045	145	19	4.07871598	11.00996799
1008	1045	146	0	1.98187730	6.63396784
1008	1045	146	1	1.76929618	10.39122509
1008	1045	146	2	0.13670975	1.29790974
1008	1045	146	3	1.13387006	2.85340082
1008	1045	146	4	5.17327079	12.99623815
1008	1045	146	5	0.41818817	2.24953560
1008	1045	146	6	1.71719819	7.87857648
1008	1045	146	7	2.18570529	11.44436701
1008	1045	146	8	1.67747767	7.39292130
1008	1045	146	9	3.43920347	13.14547095
1008	1045	146	10	0.25766311	0.96226262
1008	1045	146	11	0.44912587	1.25505296
1008	1045	146	12	6.81494624	40.64260808
1008	1045	146	13	0.64620413	3.65216152
1008	1045	146	14	2.71308923	11.78387562
1008	1045	146	15	0.13375426	0.83401510
1008	1045	146	16	5.54825257	20.82841587
1008	1045	146	17	0.37618166	2.85727383
1008	1045	146	18	1.15328659	7.15971635
1008	1045	146	19	4.07874546	11.00984104
1008	1045	147	0	1.98223194	6.63490866
1008	1045	147	1	1.76933084	10.39092983
1008	1045	147	2	0.13672698	1.29813435
1008	1045	147	3	1.13364308	2.85286654
1008	1045	147	4	5.17356872	12.99621466
1008	1045	147	5	0.41816648	2.25021734
1008	1045	147	6	1.71733991	7.87792682
1008	1045	147	7	2.18539137	11.44421143
1008	1045	147	8	1.67738165	7.39283063
1008	1045	147	9	3.43917307	13.14527411
1008	1045	147	10	0.25762999	0.96235923
1008	1045	147	11	0.44903336	1.25490508
1008	1045	147	12	6.81480906	40.63437390
1008	1045	147	13	0.64638752	3.65272944
1008	1045	147	14	2.71315755	11.78293092
1008	1045	147	15	0.13375736	0.83437793
1008	1045	147	16	5.54840503	20.82796182
1008	1045	147	17	0.37611719	2.85802665
1008	1045	147	18	1.15331500	7.16206919
1008	1045	147	19	4.07879661	11.00979061
1008	1045	148	0	1.98259091	6.63592318
1008	1045	148	1	1.76937420	10.39071951
1008	1045	148	2	0.13674183	1.29835257
1008	1045	148	3	1.13341750	2.85231770
1008	1045	148	4	5.17395694	12.99649845
1008	1045	148	5	0.41812556	2.25075085
1008	1045	148	6	1.71752045	7.87756053
1008	1045	148	7	2.18505463	11.44377165
1008	1045	148	8	1.67727736	7.39266450
1008	1045	148	9	3.43914807	13.14509836
1008	1045	148	10	0.25758624	0.96239686
1008	1045	148	11	0.44893240	1.25471763
1008	1045	148	12	6.81483583	40.62738491
1008	1045	148	13	0.64657088	3.65338035
1008	1045	148	14	2.71327172	11.78227213
1008	1045	148	15	0.13375357	0.83468583
1008	1045	148	16	5.54860647	20.82778118
1008	1045	148	17	0.37604041	2.85861608
1008	1045	148	18	1.15329897	7.16407222
1008	1045	148	19	4.07886684	11.00981001
1008	1045	149	0	1.98294999	6.63699374
1008	1045	149	1	1.76942498	10.39058837
1008	1045	149	2	0.13675436	1.29856269
1008	1045	149	3	1.13319557	2.85176147
1008	1045	149	4	5.17442285	12.99705751
1008	1045	149	5	0.41806767	2.25114443
1008	1045	149	6	1.71773424	7.87745465
1008	1045	149	7	2.18470079	11.44307913
1008	1045	149	8	1.67716669	7.39243178
1008	1045	149	9	3.43912825	13.14494361
1008	1045	149	10	0.25753334	0.96238068
1008	1045	149	11	0.44882485	1.25449633
1008	1045	149	12	6.81501075	40.62159602
1008	1045	149	13	0.64675226	3.65409954
1008	1045	149	14	2.71342621	11.78187924
1008	1045	149	15	0.13374359	0.83494069
1008	1045	149	16	5.54885010	20.82785010
1008	1045	149	17	0.37595328	2.85905128
1008	1045	149	18	1.15324288	7.16573724
1008	1045	149	19	4.07895359	11.00989246
1008	1045	150	0	1.98330538	6.63810371
1008	1045	150	1	1.76948192	10.39053034
1008	1045	150	2	0.13676466	1.29876324
1008	1045	150	3	1.13297931	2.85120445
1008	1045	150	4	5.17495418	12.99785993
1008	1045	150	5	0.41799503	2.25140707
1008	1045	150	6	1.71797591	7.87758565
1008	1045	150	7	2.18433517	11.44216503
1008	1045	150	8	1.67705139	7.39214120
1008	1045	150	9	3.43911331	13.14480951
1008	1045	150	10	0.25747271	0.96231592
1008	1045	150	11	0.44871247	1.25424669
1008	1045	150	12	6.81531792	40.61695390
1008	1045	150	13	0.64692995	3.65487299
1008	1045	150	14	2.71361555	11.78173132
1008	1045	150	15	0.13372811	0.83514481
1008	1045	150	16	5.54912936	20.82814430
1008	1045	150	17	0.37585772	2.85934217
1008	1045	150	18	1.15315109	7.16707851
1008	1045	150	19	4.07905439	11.01003111
1008	1045	151	0	1.98365366	6.63923762
1008	1045	151	1	1.76954383	10.39053913
1008	1045	151	2	0.13677282	1.29895301
1008	1045	151	3	1.13277048	2.85065263
1008	1045	151	4	5.17553914	12.99887426
1008	1045	151	5	0.41790981	2.25154832
1008	1045	151	6	1.71824025	7.87792974
1008	1045	151	7	2.18396275	11.44105990
1008	1045	151	8	1.67693313	7.39180126
1008	1045	151	9	3.43910297	13.14469557
1008	1045	151	10	0.25740573	0.96220787
1008	1045	151	11	0.44859691	1.25397404
1008	1045	151	12	6.81574155	40.61339828
1008	1045	151	13	0.64710239	3.65568739
1008	1045	151	14	2.71383446	11.78180682
1008	1045	151	15	0.13370781	0.83530080
1008	1045	151	16	5.54943789	20.82863938
1008	1045	151	17	0.37575555	2.85949928
1008	1045	151	18	1.15302797	7.16811238
1008	1045	151	19	4.07916682	11.01021919
1008	1045	152	0	1.98399179	6.64038122
1008	1045	152	1	1.76960960	10.39060834
1008	1045	152	2	0.13677897	1.29913098
1008	1045	152	3	1.13257058	2.85011135
1008	1045	152	4	5.17616648	13.00006979
1008	1045	152	5	0.41781410	2.25157814
1008	1045	152	6	1.71852235	7.87846316
1008	1045	152	7	2.18358810	11.43979343
1008	1045	152	8	1.67681342	7.39142020
1008	1045	152	9	3.43909689	13.14460109
1008	1045	152	10	0.25733372	0.96206176
1008	1045	152	11	0.44847968	1.25368342
1008	1045	152	12	6.81626614	40.61086322
1008	1045	152	13	0.64726826	3.65653026
1008	1045	152	14	2.71407781	11.78208384
1008	1045	152	15	0.13368336	0.83541154
1008	1045	152	16	5.54976966	20.82931110
1008	1045	152	17	0.37564848	2.85953358
1008	1045	152	18	1.15287778	7.16885693
1008	1045	152	19	4.07928858	11.01045002
1008	1045	153	0	1.98431716	6.64152147
1008	1045	153	1	1.76967815	10.39073153
1008	1045	153	2	0.13678322	1.29929639
1008	1045	153	3	1.13238090	2.84958536
1008	1045	153	4	5.17682558	13.00141677
1008	1045	153	5	0.41770992	2.25150671
1008	1045	153	6	1.71881755	7.87916237
1008	1045	153	7	2.18321540	11.43839421
1008	1045	153	8	1.67669366	7.39100589
1008	1045	153	9	3.43909474	13.14452526
1008	1045	153	10	0.25725791	0.96188274
1008	1045	153	11	0.44836219	1.25337961
1008	1045	153	12	6.81687656	40.60927835
1008	1045	153	13	0.64742642	3.65738999
1008	1045	153	14	2.71434070	11.78254040
1008	1045	153	15	0.13365542	0.83548012
1008	1045	153	16	5.55011893	20.83013564
1008	1045	153	17	0.37553812	2.85945631
1008	1045	153	18	1.15270466	7.16933160
1008	1045	153	19	4.07941751	11.01071710
1008	1045	154	0	1.98462752	6.64264660
1008	1045	154	1	1.76974849	10.39090229
1008	1045	154	2	0.13678571	1.29944865
1008	1045	154	3	1.13220248	2.84907881
1008	1045	154	4	5.17750645	13.00288667
1008	1045	154	5	0.41759917	2.25134436
1008	1045	154	6	1.71912148	7.88000432
1008	1045	154	7	2.18284842	11.43688955
1008	1045	154	8	1.67657512	7.39056584
1008	1045	154	9	3.43909617	13.14446711
1008	1045	154	10	0.25717948	0.96167584
1008	1045	154	11	0.44824571	1.25306707
1008	1045	154	12	6.81755823	40.60856997
1008	1045	154	13	0.64757591	3.65825590
1008	1045	154	14	2.71461850	11.78315470
1008	1045	154	15	0.13362461	0.83550979
1008	1045	154	16	5.55048033	20.83108979
1008	1045	154	17	0.37542594	2.85927882
1008	1045	154	18	1.15251264	7.16955686
1008	1045	154	19	4.07955155	11.01101417
1008	1045	155	0	1.98492098	6.64374612
1008	1045	155	1	1.76981971	10.39111432
1008	1045	155	2	0.13678658	1.29958739
1008	1045	155	3	1.13203617	2.84859523
1008	1045	155	4	5.17819982	13.00445233
1008	1045	155	5	0.41748367	2.25110140
1008	1045	155	6	1.71943011	7.88096662
1008	1045	155	7	2.18249049	11.43530528
1008	1045	155	8	1.67645895	7.39010711
1008	1045	155	9	3.43910084	13.14442562
1008	1045	155	10	0.25709951	0.96144589
1008	1045	155	11	0.44813137	1.25274992
1008	1045	155	12	6.81829715	40.60866217
1008	1045	155	13	0.64771596	3.65911822
1008	1045	155	14	2.71490685	11.78390532
1008	1045	155	15	0.13359153	0.83550391
1008	1045	155	16	5.55084887	20.83215116
1008	1045	155	17	0.37531332	2.85901247
1008	1045	155	18	1.15230553	7.16955388
1008	1045	155	19	4.07968879	11.01133522
1008	1045	156	0	1.98519603	6.64481078
1008	1045	156	1	1.76989095	10.39136145
1008	1045	156	2	0.13678597	1.29971241
1008	1045	156	3	1.13188256	2.84813758
1008	1045	156	4	5.17889718	13.00608813
1008	1045	156	5	0.41736507	2.25078802
1008	1045	156	6	1.71973972	7.88202773
1008	1045	156	7	2.18214456	11.43366568
1008	1045	156	8	1.67634615	7.38963630
1008	1045	156	9	3.43910837	13.14439964
1008	1045	156	10	0.25701900	0.96119752
1008	1045	156	11	0.44802019	1.25243197
1008	1045	156	12	6.81908008	40.60947782
1008	1045	156	13	0.64784598	3.65996816
1008	1045	156	14	2.71520168	11.78477140
1008	1045	156	15	0.13355676	0.83546589
1008	1045	156	16	5.55121996	20.83329831
1008	1045	156	17	0.37520149	2.85866850
1008	1045	156	18	1.15208697	7.16934427
1008	1045	156	19	4.07982747	11.01167457
1008	1045	157	0	1.98545148	6.64583257
1008	1045	157	1	1.76996147	10.39163774
1008	1045	157	2	0.13678403	1.29982368
1008	1045	157	3	1.13174211	2.84770828
1008	1045	157	4	5.17959076	13.00777015
1008	1045	157	5	0.41724495	2.25041422
1008	1045	157	6	1.72004695	7.88316710
1008	1045	157	7	2.18181317	11.43199332
1008	1045	157	8	1.67623760	7.38915952
1008	1045	157	9	3.43911843	13.14438800
1008	1045	157	10	0.25693885	0.96093512
1008	1045	157	11	0.44791305	1.25211665
1008	1045	157	12	6.81989453	40.61093947
1008	1045	157	13	0.64796553	3.66079785
1008	1045	157	14	2.71549927	11.78573284
1008	1045	157	15	0.13352081	0.83539917
1008	1045	157	16	5.55158943	20.83451096
1008	1045	157	17	0.37509157	2.85825790
1008	1045	157	18	1.15186035	7.16894980
1008	1045	157	19	4.07996597	11.01202688
1008	1045	158	0	1.98568648	6.64680471
1008	1045	158	1	1.77003059	10.39193750
1008	1045	158	2	0.13678090	1.29992130
1008	1045	158	3	1.13161506	2.84730920
1008	1045	158	4	5.18027356	13.00947620
1008	1045	158	5	0.41712471	2.24998966
1008	1045	158	6	1.72034876	7.88436526
1008	1045	158	7	2.18149847	11.43030898
1008	1045	158	8	1.67613405	7.38868238
1008	1045	158	9	3.43913067	13.14438946
1008	1045	158	10	0.25685988	0.96066280
1008	1045	158	11	0.44781070	1.25180707
1008	1045	158	12	6.82072889	40.61297018
1008	1045	158	13	0.64807432	3.66160042
1008	1045	158	14	2.71579618	11.78677043
1008	1045	158	15	0.13348418	0.83530718
1008	1045	158	16	5.55195349	20.83577002
1008	1045	158	17	0.37498455	2.85779132
1008	1045	158	18	1.15162884	7.16839211
1008	1045	158	19	4.08010285	11.01238717
1008	1045	159	0	1.98590045	6.64772155
1008	1045	159	1	1.77009769	10.39225532
1008	1045	159	2	0.13677674	1.30000553
1008	1045	159	3	1.13150149	2.84694172
1008	1045	159	4	5.18093935	13.01118593
1008	1045	159	5	0.41700565	2.24952366
1008	1045	159	6	1.72064247	7.88560399
1008	1045	159	7	2.18120222	11.42863165
1008	1045	159	8	1.67603613	7.38820996
1008	1045	159	9	3.43914475	13.14440278
1008	1045	159	10	0.25678281	0.96038440
1008	1045	159	11	0.44771377	1.25150596
1008	1045	159	12	6.82157239	40.61549433
1008	1045	159	13	0.64817221	3.66236990
1008	1045	159	14	2.71608933	11.78786596
1008	1045	159	15	0.13344733	0.83519327
1008	1045	159	16	5.55230879	20.83705773
1008	1045	159	17	0.37488128	2.85727903
1008	1045	159	18	1.15139537	7.16769257
1008	1045	159	19	4.08023680	11.01275087
1008	1045	160	0	1.98609312	6.64857860
1008	1045	160	1	1.77016226	10.39258613
1008	1045	160	2	0.13677167	1.30007674
1008	1045	160	3	1.13140133	2.84660677
1008	1045	160	4	5.18158268	13.01288088
1008	1045	160	5	0.41688892	2.24902510
1008	1045	160	6	1.72092571	7.88686633
1008	1045	160	7	2.18092583	11.42697844
1008	1045	160	8	1.67594434	7.38774681
1008	1045	160	9	3.43916034	13.14442669
1008	1045	160	10	0.25670829	0.96010345
1008	1045	160	11	0.44762279	1.25121571
1008	1045	160	12	6.82241522	40.61843823
1008	1045	160	13	0.64825920	3.66310125
1008	1045	160	14	2.71637596	11.78900232
1008	1045	160	15	0.13341067	0.83506073
1008	1045	160	16	5.55265239	20.83835769
1008	1045	160	17	0.37478250	2.85673078
1008	1045	160	18	1.15116259	7.16687201
1008	1045	160	19	4.08036668	11.01311378
1008	1045	161	0	1.98626444	6.64937239
1008	1045	161	1	1.77022386	10.39292517
1008	1045	161	2	0.13676585	1.30013540
1008	1045	161	3	1.13131438	2.84630482
1008	1045	161	4	5.18219884	13.01454447
1008	1045	161	5	0.41677554	2.24850233
1008	1045	161	6	1.72119648	7.88813667
1008	1045	161	7	2.18067036	11.42536459
1008	1045	161	8	1.67585910	7.38729698
1008	1045	161	9	3.43917714	13.14445994
1008	1045	161	10	0.25663687	0.95982319
1008	1045	161	11	0.44753816	1.25093839
1008	1045	161	12	6.82324848	40.62173072
1008	1045	161	13	0.64833538	3.66379029
1008	1045	161	14	2.71665366	11.79016359
1008	1045	161	15	0.13337457	0.83491273
1008	1045	161	16	5.55298176	20.83965495
1008	1045	161	17	0.37468885	2.85615579
1008	1045	161	18	1.15093291	7.16595057
1008	1045	161	19	4.08049149	11.01347212
1008	1045	162	0	1.98641461	6.65010048
1008	1045	162	1	1.77028211	10.39326808
1008	1045	162	2	0.13675940	1.30018206
1008	1045	162	3	1.13124032	2.84603597
1008	1045	162	4	5.18278386	13.01616201
1008	1045	162	5	0.41666640	2.24796321
1008	1045	162	6	1.72145307	7.88940079
1008	1045	162	7	2.18043655	11.42380352
1008	1045	162	8	1.67578068	7.38686397
1008	1045	162	9	3.43919486	13.14450129
1008	1045	162	10	0.25656900	0.95954652
1008	1045	162	11	0.44746018	1.25067571
1008	1045	162	12	6.82406422	40.62530372
1008	1045	162	13	0.64840096	3.66443370
1008	1045	162	14	2.71692031	11.79133510
1008	1045	162	15	0.13333935	0.83475229
1008	1045	162	16	5.55329474	20.84093598
1008	1045	162	17	0.37460082	2.85556270
1008	1045	162	18	1.15070848	7.16494758
1008	1045	162	19	4.08061040	11.01382252
1008	1045	163	0	1.98654403	6.65076132
1008	1045	163	1	1.77033672	10.39361084
1008	1045	163	2	0.13675246	1.30021737
1008	1045	163	3	1.13117871	2.84579994
1008	1045	163	4	5.18333447	13.01772069
1008	1045	163	5	0.41656224	2.24741500
1008	1045	163	6	1.72169410	7.89064588
1008	1045	163	7	2.18022486	11.42230681
1008	1045	163	8	1.67570928	7.38645080
1008	1045	163	9	3.43921321	13.14454953
1008	1045	163	10	0.25650508	0.95927604
1008	1045	163	11	0.44738904	1.25042907
1008	1045	163	12	6.82485542	40.62909262
1008	1045	163	13	0.64845624	3.66502894
1008	1045	163	14	2.71717414	11.79250344
1008	1045	163	15	0.13330532	0.83458230
1008	1045	163	16	5.55358956	20.84218872
1008	1045	163	17	0.37451882	2.85495952
1008	1045	163	18	1.15049118	7.16388139
1008	1045	163	19	4.08072269	11.01416201
1008	1045	164	0	1.98665330	6.65135426
1008	1045	164	1	1.77038744	10.39394983
1008	1045	164	2	0.13674513	1.30024202
1008	1045	164	3	1.13112904	2.84559614
1008	1045	164	4	5.18384807	13.01920953
1008	1045	164	5	0.41646371	2.24686439
1008	1045	164	6	1.72191848	7.89186051
1008	1045	164	7	2.18003543	11.42088427
1008	1045	164	8	1.67564499	7.38605999
1008	1045	164	9	3.43923195	13.14460351
1008	1045	164	10	0.25644540	0.95901403
1008	1045	164	11	0.44732486	1.25019959
1008	1045	164	12	6.82561599	40.63303663
1008	1045	164	13	0.64850162	3.66557424
1008	1045	164	14	2.71741367	11.79365652
1008	1045	164	15	0.13327271	0.83440547
1008	1045	164	16	5.55386483	20.84340256
1008	1045	164	17	0.37444315	2.85435358
1008	1045	164	18	1.15028263	7.16276929
1008	1045	164	19	4.08082781	11.01448802
1008	1045	165	0	1.98674314	6.65187940
1008	1045	165	1	1.77043411	10.39428181
1008	1045	165	2	0.13673755	1.30025675
1008	1045	165	3	1.13109070	2.84542369
1008	1045	165	4	5.18432269	13.02061931
1008	1045	165	5	0.41637131	2.24631743
1008	1045	165	6	1.72212539	7.89303468
1008	1045	165	7	2.17986819	11.41954401
1008	1045	165	8	1.67558784	7.38569357
1008	1045	165	9	3.43925084	13.14466210
1008	1045	165	10	0.25639020	0.95876248
1008	1045	165	11	0.44726766	1.24998807
1008	1045	165	12	6.82634073	40.63707907
1008	1045	165	13	0.64853753	3.66606852
1008	1045	165	14	2.71763770	11.79478355
1008	1045	165	15	0.13324174	0.83422431
1008	1045	165	16	5.55411946	20.84456829
1008	1045	165	17	0.37437401	2.85375160
1008	1045	165	18	1.15008423	7.16162741
1008	1045	165	19	4.08092531	11.01479837
1008	1045	166	0	1.98681444	6.65233758
1008	1045	166	1	1.77047661	10.39460393
1008	1045	166	2	0.13672981	1.30026235
1008	1045	166	3	1.13106303	2.84528146
1008	1045	166	4	5.18475699	13.02194255
1008	1045	166	5	0.41628545	2.24577959
1008	1045	166	6	1.72231428	7.89415975
1008	1045	166	7	2.17972282	11.41829250
1008	1045	166	8	1.67553775	7.38535315
1008	1045	166	9	3.43926966	13.14472425
1008	1045	166	10	0.25633964	0.95852306
1008	1045	166	11	0.44721739	1.24979507
1008	1045	166	12	6.82702532	40.64116760
1008	1045	166	13	0.64856450	3.66651134
1008	1045	166	14	2.71784532	11.79587504
1008	1045	166	15	0.13321258	0.83404115
1008	1045	166	16	5.55435272	20.84567811
1008	1045	166	17	0.37431151	2.85315956
1008	1045	166	18	1.14989712	7.16047070
1008	1045	166	19	4.08101489	11.01509126
1008	1045	167	0	1.98686820	6.65273025
1008	1045	167	1	1.77051490	10.39491370
1008	1045	167	2	0.13672200	1.30025962
1008	1045	167	3	1.13104532	2.84516811
1008	1045	167	4	5.18515015	13.02317335
1008	1045	167	5	0.41620641	2.24525571
1008	1045	167	6	1.72248485	7.89522840
1008	1045	167	7	2.17959881	11.41713466
1008	1045	167	8	1.67549460	7.38503989
1008	1045	167	9	3.43928822	13.14478897
1008	1045	167	10	0.25629381	0.95829717
1008	1045	167	11	0.44717393	1.24962089
1008	1045	167	12	6.82766629	40.64525434
1008	1045	167	13	0.64858308	3.66690284
1008	1045	167	14	2.71803590	11.79692276
1008	1045	167	15	0.13318537	0.83385813
1008	1045	167	16	5.55456415	20.84672553
1008	1045	167	17	0.37425568	2.85258282
1008	1045	167	18	1.14972221	7.15931281
1008	1045	167	19	4.08109635	11.01536522
1008	1045	168	0	1.98690549	6.65305942
1008	1045	168	1	1.77054896	10.39520900
1008	1045	168	2	0.13671423	1.30024937
1008	1045	168	3	1.13103681	2.84508211
1008	1045	168	4	5.18550188	13.02430737
1008	1045	168	5	0.41613439	2.24475002
1008	1045	168	6	1.72263702	7.89623461
1008	1045	168	7	2.17949544	11.41607395
1008	1045	168	8	1.67545819	7.38475455
1008	1045	168	9	3.43930635	13.14485531
1008	1045	168	10	0.25625276	0.95808591
1008	1045	168	11	0.44713709	1.24946560
1008	1045	168	12	6.82826092	40.64929594
1008	1045	168	13	0.64859386	3.66724371
1008	1045	168	14	2.71820900	11.79791975
1008	1045	168	15	0.13316022	0.83367718
1008	1045	168	16	5.55475358	20.84770534
1008	1045	168	17	0.37420650	2.85202603
1008	1045	168	18	1.14956021	7.15816615
1008	1045	168	19	4.08116959	11.01561914
1008	1045	169	0	1.98692749	6.65332759
1008	1045	169	1	1.77057883	10.39548807
1008	1045	169	2	0.13670656	1.30023243
1008	1045	169	3	1.13103673	2.84502179
1008	1045	169	4	5.18581236	13.02534172
1008	1045	169	5	0.41606949	2.24426616
1008	1045	169	6	1.72277090	7.89717360
1008	1045	169	7	2.17941189	11.41511247
1008	1045	169	8	1.67542826	7.38449755
1008	1045	169	9	3.43932389	13.14492242
1008	1045	169	10	0.25621646	0.95789014
1008	1045	169	11	0.44710665	1.24932906
1008	1045	169	12	6.82880728	40.65325366
1008	1045	169	13	0.64859747	3.66753510
1008	1045	169	14	2.71836446	11.79886022
1008	1045	169	15	0.13313719	0.83350001
1008	1045	169	16	5.55492108	20.84861356
1008	1045	169	17	0.37416384	2.85149321
1008	1045	169	18	1.14941160	7.15704181
1008	1045	169	19	4.08123462	11.01585224
1008	1045	170	0	1.98693539	6.65353768
1008	1045	170	1	1.77060460	10.39574949
1008	1045	170	2	0.13669907	1.30020959
1008	1045	170	3	1.13104427	2.84498537
1008	1045	170	4	5.18608218	13.02627481
1008	1045	170	5	0.41601172	2.24380721
1008	1045	170	6	1.72288680	7.89804173
1008	1045	170	7	2.17934716	11.41425107
1008	1045	170	8	1.67540454	7.38426895
1008	1045	170	9	3.43934073	13.14498952
1008	1045	170	10	0.25618485	0.95771047
1008	1045	170	11	0.44708232	1.24921096
1008	1045	170	12	6.82930411	40.65709331
1008	1045	170	13	0.64859455	3.66777859
1008	1045	170	14	2.71850229	11.79973954
1008	1045	170	15	0.13311633	0.83332815
1008	1045	170	16	5.55506694	20.84944733
1008	1045	170	17	0.37412755	2.85098775
1008	1045	170	18	1.14927671	7.15594960
1008	1045	170	19	4.08129151	11.01606401
1008	1045	171	0	1.98693044	6.65369294
1008	1045	171	1	1.77062638	10.39599216
1008	1045	171	2	0.13669182	1.30018167
1008	1045	171	3	1.13105865	2.84497097
1008	1045	171	4	5.18631232	13.02710630
1008	1045	171	5	0.41596101	2.24337566
1008	1045	171	6	1.72298518	7.89883647
1008	1045	171	7	2.17930016	11.41348947
1008	1045	171	8	1.67538668	7.38406849
1008	1045	171	9	3.43935673	13.14505589
1008	1045	171	10	0.25615782	0.95754729
1008	1045	171	11	0.44706378	1.24911081
1008	1045	171	12	6.82975081	40.66078518
1008	1045	171	13	0.64858573	3.66797611
1008	1045	171	14	2.71862270	11.80055417
1008	1045	171	15	0.13309765	0.83316291
1008	1045	171	16	5.55519168	20.85020485
1008	1045	171	17	0.37409740	2.85051241
1008	1045	171	18	1.14915567	7.15489808
1008	1045	171	19	4.08134045	11.01625422
1008	1045	172	0	1.98691392	6.65379689
1008	1045	172	1	1.77064431	10.39621528
1008	1045	172	2	0.13668487	1.30014944
1008	1045	172	3	1.13107906	2.84497668
1008	1045	172	4	5.18650408	13.02783695
1008	1045	172	5	0.41591724	2.24297350
1008	1045	172	6	1.72306665	7.89955630
1008	1045	172	7	2.17926973	11.41282634
1008	1045	172	8	1.67537432	7.38389567
1008	1045	172	9	3.43937182	13.14512091
1008	1045	172	10	0.25613522	0.95740075
1008	1045	172	11	0.44705069	1.24902797
1008	1045	172	12	6.83014736	40.66430395
1008	1045	172	13	0.64857168	3.66812990
1008	1045	172	14	2.71872606	11.80130159
1008	1045	172	15	0.13308115	0.83300543
1008	1045	172	16	5.55529596	20.85088530
1008	1045	172	17	0.37407314	2.85006938
1008	1045	172	18	1.14904844	7.15389455
1008	1045	172	19	4.08138166	11.01642289
1008	1045	173	0	1.98688708	6.65385328
1008	1045	173	1	1.77065856	10.39641833
1008	1045	173	2	0.13667826	1.30011365
1008	1045	173	3	1.13110472	2.84500053
1008	1045	173	4	5.18665905	13.02846851
1008	1045	173	5	0.41588022	2.24260221
1008	1045	173	6	1.72313194	7.90020066
1008	1045	173	7	2.17925461	11.41225943
1008	1045	173	8	1.67536708	7.38374970
1008	1045	173	9	3.43938592	13.14518400
1008	1045	173	10	0.25611688	0.95727084
1008	1045	173	11	0.44704267	1.24896169
1008	1045	173	12	6.83049428	40.66762853
1008	1045	173	13	0.64855303	3.66824244
1008	1045	173	14	2.71881288	11.80198021
1008	1045	173	15	0.13306679	0.83285663
1008	1045	173	16	5.55538061	20.85148875
1008	1045	173	17	0.37405447	2.84966030
1008	1045	173	18	1.14895486	7.15294510
1008	1045	173	19	4.08141543	11.01657029
1008	1045	174	0	1.98685119	6.65386599
1008	1045	174	1	1.77066935	10.39660107
1008	1045	174	2	0.13667203	1.30007501
1008	1045	174	3	1.13113486	2.84504056
1008	1045	174	4	5.18677905	13.02900364
1008	1045	174	5	0.41584969	2.24226280
1008	1045	174	6	1.72318189	7.90076981
1008	1045	174	7	2.17925354	11.41178569
1008	1045	174	8	1.67536455	7.38362961
1008	1045	174	9	3.43939898	13.14524469
1008	1045	174	10	0.25610258	0.95715735
1008	1045	174	11	0.44703932	1.24891112
1008	1045	174	12	6.83079258	40.67074190
1008	1045	174	13	0.64853042	3.66831645
1008	1045	174	14	2.71888380	11.80258936
1008	1045	174	15	0.13305453	0.83271727
1008	1045	174	16	5.55544660	20.85201610
1008	1045	174	17	0.37404104	2.84928630
1008	1045	174	18	1.14887463	7.15205470
1008	1045	174	19	4.08144212	11.01669685
1008	1045	175	0	1.98680748	6.65383901
1008	1045	175	1	1.77067687	10.39676346
1008	1045	175	2	0.13666620	1.30003420
1008	1045	175	3	1.13116874	2.84509481
1008	1045	175	4	5.18686611	13.02944575
1008	1045	175	5	0.41582537	2.24195587
1008	1045	175	6	1.72321741	7.90126481
1008	1045	175	7	2.17926518	11.41140135
1008	1045	175	8	1.67536630	7.38353424
1008	1045	175	9	3.43941094	13.14530255
1008	1045	175	10	0.25609210	0.95705995
1008	1045	175	11	0.44704024	1.24887530
1008	1045	175	12	6.83104366	40.67363088
1008	1045	175	13	0.64850446	3.66835476
1008	1045	175	14	2.71893957	11.80312913
1008	1045	175	15	0.13304429	0.83258794
1008	1045	175	16	5.55549498	20.85246895
1008	1045	175	17	0.37403252	2.84894801
1008	1045	175	18	1.14880735	7.15122721
1008	1045	175	19	4.08146210	11.01680322
1008	1045	176	0	1.98675715	6.65377638
1008	1045	176	1	1.77068136	10.39690572
1008	1045	176	2	0.13666081	1.29999186
1008	1045	176	3	1.13120565	2.84516137
1008	1045	176	4	5.18692241	13.02979894
1008	1045	176	5	0.41580693	2.24168158
1008	1045	176	6	1.72323948	7.90168740
1008	1045	176	7	2.17928823	11.41110207
1008	1045	176	8	1.67537193	7.38346226
1008	1045	176	9	3.43942180	13.14535724
1008	1045	176	10	0.25608518	0.95697814
1008	1045	176	11	0.44704502	1.24885322
1008	1045	176	12	6.83124931	40.67628593
1008	1045	176	13	0.64847575	3.66836034
1008	1045	176	14	2.71898104	11.80360036
1008	1045	176	15	0.13303600	0.83246905
1008	1045	176	16	5.55552690	20.85284954
1008	1045	176	17	0.37402853	2.84864566
1008	1045	176	18	1.14875249	7.15046545
1008	1045	176	19	4.08147581	11.01689016
1008	1045	177	0	1.98670136	6.65368212
1008	1045	177	1	1.77068305	10.39702825
1008	1045	177	2	0.13665587	1.29994858
1008	1045	177	3	1.13124490	2.84523838
1008	1045	177	4	5.18695026	13.03006784
1008	1045	177	5	0.41579401	2.24143976
1008	1045	177	6	1.72324915	7.90203992
1008	1045	177	7	2.17932135	11.41088300
1008	1045	177	8	1.67538100	7.38341225
1008	1045	177	9	3.43943154	13.14540848
1008	1045	177	10	0.25608157	0.95691131
1008	1045	177	11	0.44705324	1.24884382
1008	1045	177	12	6.83141165	40.67870090
1008	1045	177	13	0.64844484	3.66833622
1008	1045	177	14	2.71900911	11.80400452
1008	1045	177	15	0.13302955	0.83236089
1008	1045	177	16	5.55554359	20.85316066
1008	1045	177	17	0.37402869	2.84837904
1008	1045	177	18	1.14870947	7.14977129
1008	1045	177	19	4.08148368	11.01695860
1008	1045	178	0	1.98664122	6.65356022
1008	1045	178	1	1.77068220	10.39713160
1008	1045	178	2	0.13665139	1.29990491
1008	1045	178	3	1.13128587	2.84532402
1008	1045	178	4	5.18695205	13.03025755
1008	1045	178	5	0.41578623	2.24122990
1008	1045	178	6	1.72324747	7.90232524
1008	1045	178	7	2.17936325	11.41073889
1008	1045	178	8	1.67539309	7.38338265
1008	1045	178	9	3.43944017	13.14545605
1008	1045	178	10	0.25608098	0.95685875
1008	1045	178	11	0.44706448	1.24884601
1008	1045	178	12	6.83153302	40.68087278
1008	1045	178	13	0.64841227	3.66828545
1008	1045	178	14	2.71902476	11.80434367
1008	1045	178	15	0.13302484	0.83226357
1008	1045	178	16	5.55554630	20.85340559
1008	1045	178	17	0.37403259	2.84814760
1008	1045	178	18	1.14867763	7.14914571
1008	1045	178	19	4.08148619	11.01700956
1008	1045	179	0	1.98657777	6.65341458
1008	1045	179	1	1.77067905	10.39721650
1008	1045	179	2	0.13664737	1.29986135
1008	1045	179	3	1.13132795	2.84541659
1008	1045	179	4	5.18693022	13.03037353
1008	1045	179	5	0.41578318	2.24105120
1008	1045	179	6	1.72323554	7.90254668
1008	1045	179	7	2.17941265	11.41066420
1008	1045	179	8	1.67540778	7.38337185
1008	1045	179	9	3.43944769	13.14549980
1008	1045	179	10	0.25608314	0.95681967
1008	1045	179	11	0.44707836	1.24885866
1008	1045	179	12	6.83161601	40.68280141
1008	1045	179	13	0.64837855	3.66821109
1008	1045	179	14	2.71902898	11.80462035
1008	1045	179	15	0.13302176	0.83217712
1008	1045	179	16	5.55553632	20.85358798
1008	1045	179	17	0.37403985	2.84795048
1008	1045	179	18	1.14865625	7.14858884
1008	1045	179	19	4.08148381	11.01704414
1008	1045	180	0	1.98651200	6.65324897
1008	1045	180	1	1.77067385	10.39728379
1008	1045	180	2	0.13664381	1.29981834
1008	1045	180	3	1.13137060	2.84551443
1008	1045	180	4	5.18688723	13.03042152
1008	1045	180	5	0.41578444	2.24090262
1008	1045	180	6	1.72321445	7.90270790
1008	1045	180	7	2.17946832	11.41065318
1008	1045	180	8	1.67542469	7.38337821
1008	1045	180	9	3.43945413	13.14553963
1008	1045	180	10	0.25608777	0.95679322
1008	1045	180	11	0.44709446	1.24888066
1008	1045	180	12	6.83166336	40.68448924
1008	1045	180	13	0.64834413	3.66811615
1008	1045	180	14	2.71902282	11.80483753
1008	1045	180	15	0.13302018	0.83210141
1008	1045	180	16	5.55551496	20.85371180
1008	1045	180	17	0.37405007	2.84778652
1008	1045	180	18	1.14864457	7.14810011
1008	1045	180	19	4.08147704	11.01706354
1008	1045	181	0	1.98644482	6.65306705
1008	1045	181	1	1.77066684	10.39733442
1008	1045	181	2	0.13664070	1.29977630
1008	1045	181	3	1.13141331	2.84561603
1008	1045	181	4	5.18682553	13.03040741
1008	1045	181	5	0.41578960	2.24078288
1008	1045	181	6	1.72318529	7.90281288
1008	1045	181	7	2.17952908	11.41069993
1008	1045	181	8	1.67544341	7.38340002
1008	1045	181	9	3.43945953	13.14557548
1008	1045	181	10	0.25609459	0.95677848
1008	1045	181	11	0.44711242	1.24891089
1008	1045	181	12	6.83167792	40.68594107
1008	1045	181	13	0.64830946	3.66800359
1008	1045	181	14	2.71900731	11.80499853
1008	1045	181	15	0.13301999	0.83203623
1008	1045	181	16	5.55548351	20.85378127
1008	1045	181	17	0.37406286	2.84765432
1008	1045	181	18	1.14864179	7.14767826
1008	1045	181	19	4.08146635	11.01706898
1008	1045	182	0	1.98637708	6.65287227
1008	1045	182	1	1.77065829	10.39736942
1008	1045	182	2	0.13663804	1.29973558
1008	1045	182	3	1.13145563	2.84571995
1008	1045	182	4	5.18674754	13.03033722
1008	1045	182	5	0.41579824	2.24069052
1008	1045	182	6	1.72314913	7.90286581
1008	1045	182	7	2.17959380	11.41079851
1008	1045	182	8	1.67546358	7.38343561
1008	1045	182	9	3.43946393	13.14560735
1008	1045	182	10	0.25610331	0.95677450
1008	1045	182	11	0.44713185	1.24894825
1008	1045	182	12	6.83166263	40.68716372
1008	1045	182	13	0.64827492	3.66787624
1008	1045	182	14	2.71898351	11.80510694
1008	1045	182	15	0.13302104	0.83198128
1008	1045	182	16	5.55544327	20.85380080
1008	1045	182	17	0.37407785	2.84755229
1008	1045	182	18	1.14864711	7.14732145
1008	1045	182	19	4.08145223	11.01706171
1008	1045	183	0	1.98630955	6.65266791
1008	1045	183	1	1.77064841	10.39738991
1008	1045	183	2	0.13663582	1.29969648
1008	1045	183	3	1.13149713	2.84582487
1008	1045	183	4	5.18665562	13.03021698
1008	1045	183	5	0.41580993	2.24062394
1008	1045	183	6	1.72310701	7.90287103
1008	1045	183	7	2.17966142	11.41094299
1008	1045	183	8	1.67548484	7.38348328
1008	1045	183	9	3.43946737	13.14563528
1008	1045	183	10	0.25611366	0.95678030
1008	1045	183	11	0.44715243	1.24899167
1008	1045	183	12	6.83162046	40.68816581
1008	1045	183	13	0.64824086	3.66773687
1008	1045	183	14	2.71895244	11.80516657
1008	1045	183	15	0.13302322	0.83193618
1008	1045	183	16	5.55539548	20.85377487
1008	1045	183	17	0.37409468	2.84747865
1008	1045	183	18	1.14865971	7.14702732
1008	1045	183	19	4.08143516	11.01704302
1008	1045	184	0	1.98624292	6.65245705
1008	1045	184	1	1.77063744	10.39739703
1008	1045	184	2	0.13663400	1.29965926
1008	1045	184	3	1.13153747	2.84592958
1008	1045	184	4	5.18655207	13.03005268
1008	1045	184	5	0.41582426	2.24058141
1008	1045	184	6	1.72305994	7.90283300
1008	1045	184	7	2.17973096	11.41112749
1008	1045	184	8	1.67550688	7.38354141
1008	1045	184	9	3.43946991	13.14565934
1008	1045	184	10	0.25612539	0.95679491
1008	1045	184	11	0.44717382	1.24904012
1008	1045	184	12	6.83155441	40.68895751
1008	1045	184	13	0.64820761	3.66758808
1008	1045	184	14	2.71891513	11.80518141
1008	1045	184	15	0.13302640	0.83190047
1008	1045	184	16	5.55534137	20.85370807
1008	1045	184	17	0.37411298	2.84743151
1008	1045	184	18	1.14867876	7.14679306
1008	1045	184	19	4.08141559	11.01701418
1008	1045	185	0	1.98617782	6.65224252
1008	1045	185	1	1.77062560	10.39739197
1008	1045	185	2	0.13663258	1.29962415
1008	1045	185	3	1.13157632	2.84603300
1008	1045	185	4	5.18643907	13.02985023
1008	1045	185	5	0.41584084	2.24056110
1008	1045	185	6	1.72300889	7.90275620
1008	1045	185	7	2.17980149	11.41134630
1008	1045	185	8	1.67552937	7.38360838
1008	1045	185	9	3.43947161	13.14567965
1008	1045	185	10	0.25613824	0.95681733
1008	1045	185	11	0.44719571	1.24909262
1008	1045	185	12	6.83146741	40.68955024
1008	1045	185	13	0.64817543	3.66743234
1008	1045	185	14	2.71887255	11.80515551
1008	1045	185	15	0.13303044	0.83187364
1008	1045	185	16	5.55528210	20.85360495
1008	1045	185	17	0.37413243	2.84740887
1008	1045	185	18	1.14870345	7.14661551
1008	1045	185	19	4.08139396	11.01697645
1008	1045	186	0	1.98611479	6.65202695
1008	1045	186	1	1.77061310	10.39737594
1008	1045	186	2	0.13663153	1.29959131
1008	1045	186	3	1.13161341	2.84613415
1008	1045	186	4	5.18631872	13.02961537
1008	1045	186	5	0.41585927	2.24056114
1008	1045	186	6	1.72295478	7.90264509
1008	1045	186	7	2.17987218	11.41159384
1008	1045	186	8	1.67555205	7.38368265
1008	1045	186	9	3.43947253	13.14569634
1008	1045	186	10	0.25615196	0.95684660
1008	1045	186	11	0.44721784	1.24914822
1008	1045	186	12	6.83136238	40.68995647
1008	1045	186	13	0.64814456	3.66727195
1008	1045	186	14	2.71882565	11.80509300
1008	1045	186	15	0.13303522	0.83185515
1008	1045	186	16	5.55521878	20.85347003
1008	1045	186	17	0.37415271	2.84740865
1008	1045	186	18	1.14873300	7.14649120
1008	1045	186	19	4.08137070	11.01693107
1008	1045	187	0	1.98605430	6.65181272
1008	1045	187	1	1.77060013	10.39735013
1008	1045	187	2	0.13663084	1.29956087
1008	1045	187	3	1.13164851	2.84623218
1008	1045	187	4	5.18619298	13.02935365
1008	1045	187	5	0.41587919	2.24057961
1008	1045	187	6	1.72289846	7.90250409
1008	1045	187	7	2.17994226	11.41186479
1008	1045	187	8	1.67557465	7.38376275
1008	1045	187	9	3.43947273	13.14570959
1008	1045	187	10	0.25616633	0.95688175
1008	1045	187	11	0.44723994	1.24920605
1008	1045	187	12	6.83124211	40.69018946
1008	1045	187	13	0.64811521	3.66710905
1008	1045	187	14	2.71877535	11.80499800
1008	1045	187	15	0.13304062	0.83184439
1008	1045	187	16	5.55515248	20.85330773
1008	1045	187	17	0.37417353	2.84742874
1008	1045	187	18	1.14876663	7.14641641
1008	1045	187	19	4.08134621	11.01687925
1008	1045	188	0	1.98599675	6.65160197
1008	1045	188	1	1.77058687	10.39731575
1008	1045	188	2	0.13663046	1.29953294
1008	1045	188	3	1.13168145	2.84632634
1008	1045	188	4	5.18606369	13.02907037
1008	1045	188	5	0.41590025	2.24061457
1008	1045	188	6	1.72284074	7.90233751
1008	1045	188	7	2.18001105	11.41215407
1008	1045	188	8	1.67559694	7.38384726
1008	1045	188	9	3.43947228	13.14571957
1008	1045	188	10	0.25618113	0.95692187
1008	1045	188	11	0.44726179	1.24926528
1008	1045	188	12	6.83110932	40.69026307
1008	1045	188	13	0.64808755	3.66694560
1008	1045	188	14	2.71872248	11.80487457
1008	1045	188	15	0.13304652	0.83184075
1008	1045	188	16	5.55508416	20.85312237
1008	1045	188	17	0.37419462	2.84746701
1008	1045	188	18	1.14880359	7.14638728
1008	1045	188	19	4.08132086	11.01682213
1008	1045	189	0	1.98594247	6.65139659
1008	1045	189	1	1.77057349	10.39727396
1008	1045	189	2	0.13663038	1.29950756
1008	1045	189	3	1.13171207	2.84641600
1008	1045	189	4	5.18593257	13.02877057
1008	1045	189	5	0.41592210	2.24066410
1008	1045	189	6	1.72278237	7.90214954
1008	1045	189	7	2.18007793	11.41245689
1008	1045	189	8	1.67561871	7.38393489
1008	1045	189	9	3.43947125	13.14572648
1008	1045	189	10	0.25619617	0.95696605
1008	1045	189	11	0.44728317	1.24932515
1008	1045	189	12	6.83096660	40.69019153
1008	1045	189	13	0.64806171	3.66678338
1008	1045	189	14	2.71866786	11.80472670
1008	1045	189	15	0.13305283	0.83184360
1008	1045	189	16	5.55501475	20.85291807
1008	1045	189	17	0.37421573	2.84752135
1008	1045	189	18	1.14884319	7.14639979
1008	1045	189	19	4.08129501	11.01676083
1008	1045	190	0	1.98589173	6.65119827
1008	1045	190	1	1.77056015	10.39722591
1008	1045	190	2	0.13663057	1.29948477
1008	1045	190	3	1.13174028	2.84650064
1008	1045	190	4	5.18580116	13.02845898
1008	1045	190	5	0.41594446	2.24072629
1008	1045	190	6	1.72272402	7.90194418
1008	1045	190	7	2.18014239	11.41276875
1008	1045	190	8	1.67563979	7.38402441
1008	1045	190	9	3.43946969	13.14573056
1008	1045	190	10	0.25621127	0.95701345
1008	1045	190	11	0.44730390	1.24938497
1008	1045	190	12	6.83081639	40.68998928
1008	1045	190	13	0.64803779	3.66662400
1008	1045	190	14	2.71861222	11.80455826
1008	1045	190	15	0.13305942	0.83185230
1008	1045	190	16	5.55494508	20.85269879
1008	1045	190	17	0.37423664	2.84758966
1008	1045	190	18	1.14888476	7.14644990
1008	1045	190	19	4.08126896	11.01669638
1008	1045	191	0	1.98584473	6.65100843
1008	1045	191	1	1.77054697	10.39717270
1008	1045	191	2	0.13663100	1.29946457
1008	1045	191	3	1.13176599	2.84657984
1008	1045	191	4	5.18567089	13.02814001
1008	1045	191	5	0.41596703	2.24079929
1008	1045	191	6	1.72266631	7.90172525
1008	1045	191	7	2.18020397	11.41308550
1008	1045	191	8	1.67566001	7.38411469
1008	1045	191	9	3.43946768	13.14573201
1008	1045	191	10	0.25622626	0.95706326
1008	1045	191	11	0.44732382	1.24944410
1008	1045	191	12	6.83066099	40.68967078
1008	1045	191	13	0.64801586	3.66646887
1008	1045	191	14	2.71855626	11.80437298
1008	1045	191	15	0.13306621	0.83186621
1008	1045	191	16	5.55487592	20.85246825
1008	1045	191	17	0.37425713	2.84766989
1008	1045	191	18	1.14892767	7.14653351
1008	1045	191	19	4.08124303	11.01662976
1008	1045	192	0	1.98580162	6.65082828
1008	1045	192	1	1.77053409	10.39711537
1008	1045	192	2	0.13663164	1.29944693
1008	1045	192	3	1.13178918	2.84665326
1008	1045	192	4	5.18554303	13.02781774
1008	1045	192	5	0.41598956	2.24088132
1008	1045	192	6	1.72260979	7.90149634
1008	1045	192	7	2.18026228	11.41340333
1008	1045	192	8	1.67567924	7.38420471
1008	1045	192	9	3.43946528	13.14573107
1008	1045	192	10	0.25624099	0.95711472
1008	1045	192	11	0.44734281	1.24950200
1008	1045	192	12	6.83050254	40.68925035
1008	1045	192	13	0.64799597	3.66631924
1008	1045	192	14	2.71850059	11.80417441
1008	1045	192	15	0.13307310	0.83188467
1008	1045	192	16	5.55480794	20.85222996
1008	1045	192	17	0.37427705	2.84776008
1008	1045	192	18	1.14897134	7.14664660
1008	1045	192	19	4.08121746	11.01656189
1008	1045	193	0	1.98576249	6.65065881
1008	1045	193	1	1.77052161	10.39705493
1008	1045	193	2	0.13663247	1.29943178
1008	1045	193	3	1.13180984	2.84672069
1008	1045	193	4	5.18541870	13.02749589
1008	1045	193	5	0.41601180	2.24097064
1008	1045	193	6	1.72255495	7.90126083
1008	1045	193	7	2.18031702	11.41371877
1008	1045	193	8	1.67569737	7.38429353
1008	1045	193	9	3.43946256	13.14572799
1008	1045	193	10	0.25625534	0.95716715
1008	1045	193	11	0.44736074	1.24955815
1008	1045	193	12	6.83034300	40.68874205
1008	1045	193	13	0.64797813	3.66617617
1008	1045	193	14	2.71844577	11.80396591
1008	1045	193	15	0.13308001	0.83190708
1008	1045	193	16	5.55474176	20.85198718
1008	1045	193	17	0.37429622	2.84785834
1008	1045	193	18	1.14901523	7.14678517
1008	1045	193	19	4.08119251	11.01649360
1008	1045	194	0	1.98572737	6.65050082
1008	1045	194	1	1.77050963	10.39699230
1008	1045	194	2	0.13663347	1.29941906
1008	1045	194	3	1.13182798	2.84678196
1008	1045	194	4	5.18529889	13.02717784
1008	1045	194	5	0.41603356	2.24106564
1008	1045	194	6	1.72250220	7.90102183
1008	1045	194	7	2.18036795	11.41402870
1008	1045	194	8	1.67571432	7.38438033
1008	1045	194	9	3.43945957	13.14572298
1008	1045	194	10	0.25626918	0.95721988
1008	1045	194	11	0.44737753	1.24961214
1008	1045	194	12	6.83018415	40.68815954
1008	1045	194	13	0.64796235	3.66604056
1008	1045	194	14	2.71839231	11.80375061
1008	1045	194	15	0.13308687	0.83193281
1008	1045	194	16	5.55467790	20.85174289
1008	1045	194	17	0.37431452	2.84796285
1008	1045	194	18	1.14905886	7.14694536
1008	1045	194	19	4.08116836	11.01642565
1008	1045	195	0	1.98569626	6.65035488
1008	1045	195	1	1.77049823	10.39692835
1008	1045	195	2	0.13663459	1.29940866
1008	1045	195	3	1.13184365	2.84683702
1008	1045	195	4	5.18518445	13.02686658
1008	1045	195	5	0.41605465	2.24116476
1008	1045	195	6	1.72245192	7.90078219
1008	1045	195	7	2.18041489	11.41433037
1008	1045	195	8	1.67573001	7.38446437
1008	1045	195	9	3.43945636	13.14571629
1008	1045	195	10	0.25628241	0.95727234
1008	1045	195	11	0.44739311	1.24966359
1008	1045	195	12	6.83002763	40.68751598
1008	1045	195	13	0.64794858	3.66591313
1008	1045	195	14	2.71834064	11.80353143
1008	1045	195	15	0.13309361	0.83196129
1008	1045	195	16	5.55461683	20.85149983
1008	1045	195	17	0.37433183	2.84807194
1008	1045	195	18	1.14910180	7.14712343
1008	1045	195	19	4.08114521	11.01635873
1008	1045	196	0	1.98566911	6.65022141
1008	1045	196	1	1.77048747	10.39686389
1008	1045	196	2	0.13663583	1.29940049
1008	1045	196	3	1.13185693	2.84688586
1008	1045	196	4	5.18507606	13.02656477
1008	1045	196	5	0.41607490	2.24126657
1008	1045	196	6	1.72240440	7.90054452
1008	1045	196	7	2.18045772	11.41462136
1008	1045	196	8	1.67574440	7.38454504
1008	1045	196	9	3.43945300	13.14570815
1008	1045	196	10	0.25629496	0.95732400
1008	1045	196	11	0.44740742	1.24971219
1008	1045	196	12	6.82987485	40.68682394
1008	1045	196	13	0.64793680	3.66579446
1008	1045	196	14	2.71829115	11.80331107
1008	1045	196	15	0.13310017	0.83199195
1008	1045	196	16	5.55455892	20.85126044
1008	1045	196	17	0.37434807	2.84818400
1008	1045	196	18	1.14914365	7.14731581
1008	1045	196	19	4.08112321	11.01629345
1008	1045	197	0	1.98564583	6.65010064
1008	1045	197	1	1.77047740	10.39679965
1008	1045	197	2	0.13663716	1.29939442
1008	1045	197	3	1.13186789	2.84692856
1008	1045	197	4	5.18497432	13.02627472
1008	1045	197	5	0.41609419	2.24136974
1008	1045	197	6	1.72235987	7.90031115
1008	1045	197	7	2.18049637	11.41489959
1008	1045	197	8	1.67575746	7.38462180
1008	1045	197	9	3.43944953	13.14569877
1008	1045	197	10	0.25630676	0.95737437
1008	1045	197	11	0.44742044	1.24975772
1008	1045	197	12	6.82972709	40.68609530
1008	1045	197	13	0.64792693	3.66568499
1008	1045	197	14	2.71824414	11.80309197
1008	1045	197	15	0.13310649	0.83202426
1008	1045	197	16	5.55450450	20.85102693
1008	1045	197	17	0.37436316	2.84829757
1008	1045	197	18	1.14918407	7.14751912
1008	1045	197	19	4.08110247	11.01623035
1008	1045	198	0	1.98562630	6.64999265
1008	1045	198	1	1.77046807	10.39673628
1008	1045	198	2	0.13663855	1.29939031
1008	1045	198	3	1.13187663	2.84696524
1008	1045	198	4	5.18487967	13.02599838
1008	1045	198	5	0.41611239	2.24147305
1008	1045	198	6	1.72231854	7.90008413
1008	1045	198	7	2.18053082	11.41516333
1008	1045	198	8	1.67576917	7.38469419
1008	1045	198	9	3.43944601	13.14568838
1008	1045	198	10	0.25631775	0.95742306
1008	1045	198	11	0.44743215	1.24979996
1008	1045	198	12	6.82958544	40.68534124
1008	1045	198	13	0.64791890	3.66558500
1008	1045	198	14	2.71819989	11.80287632
1008	1045	198	15	0.13311253	0.83205773
1008	1045	198	16	5.55445381	20.85080120
1008	1045	198	17	0.37437705	2.84841131
1008	1045	198	18	1.14922278	7.14773017
1008	1045	198	19	4.08108310	11.01616989
1008	1045	199	0	1.98561038	6.64989739
1008	1045	199	1	1.77045951	10.39667438
1008	1045	199	2	0.13663998	1.29938802
1008	1045	199	3	1.13188328	2.84699608
1008	1045	199	4	5.18479244	13.02573740
1008	1045	199	5	0.41612942	2.24157539
1008	1045	199	6	1.72228053	7.89986529
1008	1045	199	7	2.18056112	11.41541116
1008	1045	199	8	1.67577955	7.38476187
1008	1045	199	9	3.43944246	13.14567719
1008	1045	199	10	0.25632789	0.95746970
1008	1045	199	11	0.44744254	1.24983879
1008	1045	199	12	6.82945082	40.68457211
1008	1045	199	13	0.64791262	3.66549465
1008	1045	199	14	2.71815860	11.80266609
1008	1045	199	15	0.13311826	0.83209189
1008	1045	199	16	5.55440703	20.85058491
1008	1045	199	17	0.37438971	2.84852399
1008	1045	199	18	1.14925951	7.14794599
1008	1045	199	19	4.08106517	11.01611246
1008	1045	200	0	1.98559789	6.64981465
1008	1045	200	1	1.77045174	10.39661445
1008	1045	200	2	0.13664144	1.29938740
1008	1045	200	3	1.13188796	2.84702131
1008	1045	200	4	5.18471286	13.02549307
1008	1045	200	5	0.41614521	2.24167576
1008	1045	200	6	1.72224594	7.89965615
1008	1045	200	7	2.18058733	11.41564194
1008	1045	200	8	1.67578860	7.38482457
1008	1045	200	9	3.43943894	13.14566537
1008	1045	200	10	0.25633715	0.95751400
1008	1045	200	11	0.44745164	1.24987411
1008	1045	200	12	6.82932399	40.68379748
1008	1045	200	13	0.64790799	3.66541400
1008	1045	200	14	2.71812043	11.80246299
1008	1045	200	15	0.13312364	0.83212632
1008	1045	200	16	5.55436429	20.85037946
1008	1045	200	17	0.37440112	2.84863454
1008	1045	200	18	1.14929408	7.14816386
1008	1045	200	19	4.08104875	11.01605838
