world_seed	cell_seed	time	gene_id	X	P
1000	1020	0	0	0.33584574	0.33584574
1000	1020	0	1	0.46574098	0.46574098
1000	1020	0	2	0.75255085	0.75255085
1000	1020	0	3	0.81607863	0.81607863
1000	1020	0	4	0.68116898	0.68116898
1000	1020	0	5	0.91821781	0.91821781
1000	1020	0	6	0.47233788	0.47233788
1000	1020	0	7	0.10393302	0.10393302
1000	1020	0	8	0.17857598	0.17857598
1000	1020	0	9	0.84348622	0.84348622
1000	1020	0	10	0.13756981	0.13756981
1000	1020	0	11	0.67515292	0.67515292
1000	1020	0	12	0.94278498	0.94278498
1000	1020	0	13	0.62981746	0.62981746
1000	1020	0	14	0.44946955	0.44946955
1000	1020	0	15	0.84263029	0.84263029
1000	1020	0	16	0.16626294	0.16626294
1000	1020	0	17	0.42290034	0.42290034
1000	1020	0	18	0.16809707	0.16809707
1000	1020	0	19	0.07928200	0.07928200
1000	1020	1	0	0.24728144	0.64955516
1000	1020	1	1	0.40797083	0.90809941
1000	1020	1	2	0.95943430	1.40797878
1000	1020	1	3	0.89388283	1.56912803
1000	1020	1	4	0.98691115	1.24562172
1000	1020	1	5	1.36867552	1.74572891
1000	1020	1	6	0.67383331	0.90400875
1000	1020	1	7	0.20824939	0.19675198
1000	1020	1	8	0.26600009	0.33771685
1000	1020	1	9	0.70196429	1.47408589
1000	1020	1	10	0.36656959	0.23998013
1000	1020	1	11	0.53448284	1.21319988
1000	1020	1	12	0.89134575	1.80112042
1000	1020	1	13	0.56567060	1.20013972
1000	1020	1	14	0.44435536	0.78506610
1000	1020	1	15	1.16384736	1.47046984
1000	1020	1	16	0.12145924	0.29148155
1000	1020	1	17	0.46665580	0.81526996
1000	1020	1	18	0.91067244	0.31396325
1000	1020	1	19	0.07198069	0.13900848
1000	1020	2	0	0.28199035	0.85402301
1000	1020	2	1	0.40333978	1.27047906
1000	1020	2	2	1.12472878	2.18570175
1000	1020	2	3	0.83806072	2.34182043
1000	1020	2	4	0.98369037	2.01909938
1000	1020	2	5	1.68128190	2.94195155
1000	1020	2	6	0.69779605	1.50000935
1000	1020	2	7	0.41919058	0.38396171
1000	1020	2	8	0.48217937	0.56696192
1000	1020	2	9	0.61083242	1.80400728
1000	1020	2	10	0.53718272	0.54521665
1000	1020	2	11	0.47459751	1.50131344
1000	1020	2	12	0.80100022	2.53113162
1000	1020	2	13	0.53947090	1.65244007
1000	1020	2	14	0.56886164	1.03052516
1000	1020	2	15	1.33990440	2.25948698
1000	1020	2	16	0.10509286	0.34098450
1000	1020	2	17	0.48712094	1.22306844
1000	1020	2	18	1.46036043	1.18311396
1000	1020	2	19	0.07980535	0.17670166
1000	1020	3	0	0.40700402	1.07972285
1000	1020	3	1	0.43600316	1.61003435
1000	1020	3	2	1.25126400	3.02834759
1000	1020	3	3	0.70158416	2.99901240
1000	1020	3	4	0.85170434	2.65682321
1000	1020	3	5	1.89543573	4.33261099
1000	1020	3	6	0.63295537	2.06865864
1000	1020	3	7	0.62280608	0.76209337
1000	1020	3	8	0.75756143	0.98743666
1000	1020	3	9	0.56608331	1.95952830
1000	1020	3	10	0.66310494	0.94305527
1000	1020	3	11	0.49189309	1.67103332
1000	1020	3	12	0.68673340	3.10540687
1000	1020	3	13	0.56261465	2.03581453
1000	1020	3	14	0.75602226	1.33830351
1000	1020	3	15	1.42649680	3.02343668
1000	1020	3	16	0.10703203	0.36190059
1000	1020	3	17	0.49370185	1.62189160
1000	1020	3	18	1.86337714	2.48700721
1000	1020	3	19	0.09972467	0.21292217
1000	1020	4	0	0.56707201	1.41555999
1000	1020	4	1	0.50623616	1.96520564
1000	1020	4	2	1.34252964	3.88877822
1000	1020	4	3	0.54798666	3.46897008
1000	1020	4	4	0.70140604	3.05328897
1000	1020	4	5	2.03535002	5.80004712
1000	1020	4	6	0.54522432	2.52350808
1000	1020	4	7	0.77863271	1.30340505
1000	1020	4	8	1.03908586	1.63753160
1000	1020	4	9	0.56318484	2.03104844
1000	1020	4	10	0.75269724	1.36513826
1000	1020	4	11	0.56016411	1.82358309
1000	1020	4	12	0.57501752	3.51397485
1000	1020	4	13	0.63308756	2.40611758
1000	1020	4	14	0.99030331	1.75526692
1000	1020	4	15	1.44106172	3.67924413
1000	1020	4	16	0.12526907	0.37959241
1000	1020	4	17	0.48983483	1.99850317
1000	1020	4	18	2.14805959	4.02147692
1000	1020	4	19	0.13452342	0.26012793
1000	1020	5	0	0.72124127	1.88932935
1000	1020	5	1	0.62693659	2.37277852
1000	1020	5	2	1.40100336	4.72942878
1000	1020	5	3	0.41381585	3.74903342
1000	1020	5	4	0.57256182	3.23152323
1000	1020	5	5	2.11101451	7.26243598
1000	1020	5	6	0.46303598	2.85146517
1000	1020	5	7	0.88711382	1.94265822
1000	1020	5	8	1.30344637	2.49839866
1000	1020	5	9	0.59993285	2.08161922
1000	1020	5	10	0.80866760	1.76893941
1000	1020	5	11	0.64932816	2.01342501
1000	1020	5	12	0.48047277	3.77422966
1000	1020	5	13	0.73885582	2.81191315
1000	1020	5	14	1.27239679	2.30087381
1000	1020	5	15	1.38780758	4.18244785
1000	1020	5	16	0.16506735	0.41115381
1000	1020	5	17	0.47394831	2.34405875
1000	1020	5	18	2.32428620	5.63769499
1000	1020	5	19	0.19577075	0.33048878
1000	1020	6	0	0.85123674	2.48604082
1000	1020	6	1	0.80214298	2.88058962
1000	1020	6	2	1.42788385	5.52006014
1000	1020	6	3	0.30974520	3.87329547
1000	1020	6	4	0.47390850	3.25037337
1000	1020	6	5	2.12374963	8.65602637
1000	1020	6	6	0.39555054	3.06899770
1000	1020	6	7	0.95889602	2.62203401
1000	1020	6	8	1.54220495	3.52993478
1000	1020	6	9	0.67716386	2.15617451
1000	1020	6	10	0.83084150	2.12550919
1000	1020	6	11	0.73801458	2.25387902
1000	1020	6	12	0.40697216	3.91662751
1000	1020	6	13	0.86579021	3.28514383
1000	1020	6	14	1.58499314	2.99034480
1000	1020	6	15	1.28403131	4.50412825
1000	1020	6	16	0.23037417	0.47472212
1000	1020	6	17	0.44356429	2.64878089
1000	1020	6	18	2.39294754	7.21639435
1000	1020	6	19	0.29910828	0.44474190
1000	1020	7	0	0.95334656	3.17341719
1000	1020	7	1	1.01700052	3.53811241
1000	1020	7	2	1.42323594	6.23553446
1000	1020	7	3	0.23379399	3.88388959
1000	1020	7	4	0.40349714	3.16734027
1000	1020	7	5	2.07430283	9.92468520
1000	1020	7	6	0.34416094	3.20031582
1000	1020	7	7	1.00451552	3.30054300
1000	1020	7	8	1.75319178	4.68796348
1000	1020	7	9	0.79896513	2.28914388
1000	1020	7	10	0.82040026	2.41312232
1000	1020	7	11	0.81442688	2.53418951
1000	1020	7	12	0.35326959	3.97276952
1000	1020	7	13	1.00217654	3.84060553
1000	1020	7	14	1.90040428	3.81773485
1000	1020	7	15	1.15502136	4.64003441
1000	1020	7	16	0.31661570	0.58790451
1000	1020	7	17	0.39962806	2.90112000
1000	1020	7	18	2.35974959	8.65497160
1000	1020	7	19	0.45503596	0.63415113
1000	1020	8	0	1.03034231	3.91759691
1000	1020	8	1	1.24842422	4.37748177
1000	1020	8	2	1.38770599	6.85402297
1000	1020	8	3	0.18012985	3.81771426
1000	1020	8	4	0.35656905	3.02812328
1000	1020	8	5	1.96982335	11.01857201
1000	1020	8	6	0.30750080	3.26893821
1000	1020	8	7	1.03206632	3.95211517
1000	1020	8	8	1.93683393	5.93094633
1000	1020	8	9	0.96954640	2.51035453
1000	1020	8	10	0.78263785	2.61678730
1000	1020	8	11	0.87339649	2.83398855
1000	1020	8	12	0.31640822	3.97018007
1000	1020	8	13	1.13968333	4.47998231
1000	1020	8	14	2.19788190	4.75091698
1000	1020	8	15	1.02057771	4.61228745
1000	1020	8	16	0.41246543	0.75938779
1000	1020	8	17	0.34744783	3.09130560
1000	1020	8	18	2.24335222	9.87009864
1000	1020	8	19	0.66188205	0.93276878
1000	1020	9	0	1.08691781	4.68972188
1000	1020	9	1	1.47739346	5.40613423
1000	1020	9	2	1.32497345	7.35716046
1000	1020	9	3	0.14290069	3.70298580
1000	1020	9	4	0.32830938	2.86583262
1000	1020	9	5	1.82488086	11.89991906
1000	1020	9	6	0.28344999	3.29499225
1000	1020	9	7	1.04722927	4.56156231
1000	1020	9	8	2.09461361	7.22229276
1000	1020	9	9	1.18702007	2.84631533
1000	1020	9	10	0.72602551	2.73063807
1000	1020	9	11	0.91366890	3.13187583
1000	1020	9	12	0.29322812	3.93096120
1000	1020	9	13	1.27283105	5.19646767
1000	1020	9	14	2.46717134	5.74515527
1000	1020	9	15	0.89191729	4.45716969
1000	1020	9	16	0.50666970	0.98438777
1000	1020	9	17	0.29379620	3.21558078
1000	1020	9	18	2.07145112	10.80812738
1000	1020	9	19	0.90708823	1.36457616
1000	1020	10	0	1.12767949	5.46752991
1000	1020	10	1	1.69238489	6.61211238
1000	1020	10	2	1.24210292	7.73263134
1000	1020	10	3	0.11741890	3.55988915
1000	1020	10	4	0.31466834	2.70309029
1000	1020	10	5	1.65720794	12.54925922
1000	1020	10	6	0.26989872	3.29475230
1000	1020	10	7	1.05382834	5.12100122
1000	1020	10	8	2.22839567	8.53087673
1000	1020	10	9	1.44015390	3.31495703
1000	1020	10	10	0.65938225	2.75877900
1000	1020	10	11	0.93611513	3.40954237
1000	1020	10	12	0.28091805	3.87207524
1000	1020	10	13	1.39819340	5.97841852
1000	1020	10	14	2.70515995	6.75679298
1000	1020	10	15	0.77418468	4.21293180
1000	1020	10	16	0.59198373	1.24804763
1000	1020	10	17	0.24391476	3.27723244
1000	1020	10	18	1.87162244	11.45020045
1000	1020	10	19	1.17380834	1.93508107
1000	1020	11	0	1.15646761	6.23483260
1000	1020	11	1	1.88786509	7.97253574
1000	1020	11	2	1.14741999	7.97677406
1000	1020	11	3	0.10026273	3.40236267
1000	1020	11	4	0.31247951	2.55459233
1000	1020	11	5	1.48285859	12.96678101
1000	1020	11	6	0.26500314	3.28098174
1000	1020	11	7	1.05438397	5.62721563
1000	1020	11	8	2.34012592	9.83082458
1000	1020	11	9	1.71171825	3.91845261
1000	1020	11	10	0.58983418	2.71308454
1000	1020	11	11	0.94266675	3.65326831
1000	1020	11	12	0.27715186	3.80615389
1000	1020	11	13	1.51374330	6.81186536
1000	1020	11	14	2.91249590	7.75012115
1000	1020	11	15	0.66913102	3.91321878
1000	1020	11	16	0.66525686	1.53193342
1000	1020	11	17	0.20057220	3.28455181
1000	1020	11	18	1.66536702	11.80753049
1000	1020	11	19	1.44655113	2.63158662
1000	1020	12	0	1.17625489	6.98034882
1000	1020	12	1	2.06204536	9.46013916
1000	1020	12	2	1.04823350	8.09472521
1000	1020	12	3	0.08904330	3.23984646
1000	1020	12	4	0.31934305	2.42935021
1000	1020	12	5	1.31367293	13.16870831
1000	1020	12	6	0.26723369	3.26350120
1000	1020	12	7	1.05054358	6.07985367
1000	1020	12	8	2.43169872	11.10102440
1000	1020	12	9	1.98459467	4.64119696
1000	1020	12	10	0.52222787	2.60952040
1000	1020	12	11	0.93570583	3.85405148
1000	1020	12	12	0.28006131	3.74237123
1000	1020	12	13	1.61838931	7.68213119
1000	1020	12	14	3.09153359	8.69912583
1000	1020	12	15	0.57679052	3.58485048
1000	1020	12	16	0.72607186	1.81901117
1000	1020	12	17	0.16454319	3.24800021
1000	1020	12	18	1.46681484	11.91134810
1000	1020	12	19	1.71362719	3.42903645
1000	1020	13	0	1.18924797	7.69651373
1000	1020	13	1	2.21521866	11.04723762
1000	1020	13	2	0.94984874	8.09826730
1000	1020	13	3	0.08213359	3.07866264
1000	1020	13	4	0.33345104	2.33243149
1000	1020	13	5	1.15698701	13.18150243
1000	1020	13	6	0.27534260	3.24975625
1000	1020	13	7	1.04338870	6.48024850
1000	1020	13	8	2.50490684	12.32455633
1000	1020	13	9	2.24574777	5.45440508
1000	1020	13	10	0.45941028	2.46481843
1000	1020	13	11	0.91772285	4.00709991
1000	1020	13	12	0.28815572	3.68721132
1000	1020	13	13	1.71165209	8.57483407
1000	1020	13	14	3.24525506	9.58673810
1000	1020	13	15	0.49639005	3.24784442
1000	1020	13	16	0.77544560	2.09603479
1000	1020	13	17	0.13542662	3.17805839
1000	1020	13	18	1.28393061	11.80288362
1000	1020	13	19	1.96733303	4.29686513
1000	1020	14	0	1.19703556	8.37846772
1000	1020	14	1	2.34873307	12.70782900
1000	1020	14	2	0.85563243	8.00296749
1000	1020	14	3	0.07844695	2.92301802
1000	1020	14	4	0.35341913	2.26622748
1000	1020	14	5	1.01647812	13.03634676
1000	1020	14	6	0.28830490	3.24530361
1000	1020	14	7	1.03364604	6.83067226
1000	1020	14	8	2.56143316	13.48813474
1000	1020	14	9	2.48710721	6.32352160
1000	1020	14	10	0.40276973	2.29428116
1000	1020	14	11	0.89112844	4.11108520
1000	1020	14	12	0.30023478	3.64508675
1000	1020	14	13	1.79343577	9.47647126
1000	1020	14	14	3.37673714	10.40319550
1000	1020	14	15	0.42682120	2.91634244
1000	1020	14	16	0.81497101	2.35404500
1000	1020	14	17	0.11229486	3.08404936
1000	1020	14	18	1.12033097	11.52587937
1000	1020	14	19	2.20320853	5.20434296
1000	1020	15	0	1.20072837	9.02326023
1000	1020	15	1	2.46440145	14.41856469
1000	1020	15	2	0.76747548	7.82575060
1000	1020	15	3	0.07727491	2.77570785
1000	1020	15	4	0.37814414	2.23133542
1000	1020	15	5	0.89327660	12.76502149
1000	1020	15	6	0.30525601	3.25419663
1000	1020	15	7	1.02183055	7.13388081
1000	1020	15	8	2.60286430	14.58160279
1000	1020	15	9	2.70473375	7.21464222
1000	1020	15	10	0.35274041	2.11068852
1000	1020	15	11	0.85815373	4.16735938
1000	1020	15	12	0.31531214	3.61881452
1000	1020	15	13	1.86386756	10.37471969
1000	1020	15	14	3.48890141	11.14428571
1000	1020	15	15	0.36688090	2.59977316
1000	1020	15	16	0.84634124	2.58788720
1000	1020	15	17	0.09408719	2.97369542
1000	1020	15	18	0.97687280	11.12190937
1000	1020	15	19	2.41913522	6.12385983
1000	1020	16	0	1.20107524	9.62924587
1000	1020	16	1	2.56417436	16.15908116
1000	1020	16	2	0.68626902	7.58324807
1000	1020	16	3	0.07817357	2.63860304
1000	1020	16	4	0.40669068	2.22714702
1000	1020	16	5	0.78693516	12.39729772
1000	1020	16	6	0.32543529	3.27927509
1000	1020	16	7	1.00834236	7.39285029
1000	1020	16	8	2.63071551	15.59749569
1000	1020	16	9	2.89755688	8.09848043
1000	1020	16	10	0.30918339	1.92398835
1000	1020	16	11	0.82080210	4.17923104
1000	1020	16	12	0.33255493	3.60997298
1000	1020	16	13	1.92318777	11.25854757
1000	1020	16	14	3.58440779	11.80978517
1000	1020	16	15	0.31539137	2.30395869
1000	1020	16	16	0.87112064	2.79537243
1000	1020	16	17	0.07980791	2.85310066
1000	1020	16	18	0.85281003	10.62790636
1000	1020	16	19	2.61456725	7.03249741
1000	1020	17	0	1.19855370	10.19563655
1000	1020	17	1	2.64996516	17.91198781
1000	1020	17	2	0.61227077	7.29083604
1000	1020	17	3	0.08088562	2.51298608
1000	1020	17	4	0.43820397	2.25222284
1000	1020	17	5	0.69614295	11.95955834
1000	1020	17	6	0.34813883	3.32237364
1000	1020	17	7	0.99353292	7.61063869
1000	1020	17	8	2.64646068	16.53067630
1000	1020	17	9	3.06627654	8.95207083
1000	1020	17	10	0.27164700	1.74144719
1000	1020	17	11	0.78083176	4.15134024
1000	1020	17	12	0.35123892	3.61916620
1000	1020	17	13	1.97167710	12.11820556
1000	1020	17	14	3.66562069	12.40218689
1000	1020	17	15	0.27125686	2.03205930
1000	1020	17	16	0.89065579	2.97641644
1000	1020	17	17	0.06860536	2.72693281
1000	1020	17	18	0.74656190	10.07517262
1000	1020	17	19	2.78995575	7.91244449
1000	1020	18	0	1.19343805	10.72217365
1000	1020	18	1	2.72356176	19.66268046
1000	1020	18	2	0.54535664	6.96216396
1000	1020	18	3	0.08528777	2.39978310
1000	1020	18	4	0.47184516	2.30451527
1000	1020	18	5	0.61920139	11.47426909
1000	1020	18	6	0.37268245	3.38446507
1000	1020	18	7	0.97775050	7.79032847
1000	1020	18	8	2.65156330	17.37804049
1000	1020	18	9	3.21257151	9.75894416
1000	1020	18	10	0.23953380	1.56802271
1000	1020	18	11	0.73975719	4.08914299
1000	1020	18	12	0.37071707	3.64621993
1000	1020	18	13	2.00961097	12.94514598
1000	1020	18	14	3.73461103	12.92571668
1000	1020	18	15	0.23348691	1.78533393
1000	1020	18	16	0.90605899	3.13230237
1000	1020	18	17	0.05978807	2.59867092
1000	1020	18	18	0.65619337	9.48928996
1000	1020	18	19	2.94634492	8.75073428
1000	1020	19	0	1.18584938	11.20888989
1000	1020	19	1	2.78658742	21.39907607
1000	1020	19	2	0.48518438	6.60899561
1000	1020	19	3	0.09135553	2.29972541
1000	1020	19	4	0.50674618	2.38148874
1000	1020	19	5	0.55431771	10.95997787
1000	1020	19	6	0.39837486	3.46575421
1000	1020	19	7	0.96137082	7.93502071
1000	1020	19	8	2.64750527	18.13828542
1000	1020	19	9	3.33858072	10.50846659
1000	1020	19	10	0.21220242	1.40680810
1000	1020	19	11	0.69886246	3.99850182
1000	1020	19	12	0.39039879	3.69032849
1000	1020	19	13	2.03723356	13.73190399
1000	1020	19	14	3.79317527	13.38560068
1000	1020	19	15	0.20120214	1.56373016
1000	1020	19	16	0.91822539	3.26510887
1000	1020	19	17	0.05281208	2.47085144
1000	1020	19	18	0.57970018	8.89052191
1000	1020	19	19	3.08509893	9.53864254
1000	1020	20	0	1.17579203	11.65593693
1000	1020	20	1	2.84048891	23.11132150
1000	1020	20	2	0.43129719	6.24123430
1000	1020	20	3	0.09913966	2.21346337
1000	1020	20	4	0.54198146	2.48017407
1000	1020	20	5	0.49977205	10.43160754
1000	1020	20	6	0.42450051	3.56573698
1000	1020	20	7	0.94481646	8.04786061
1000	1020	20	8	2.63581092	18.81173197
1000	1020	20	9	3.44658399	11.19482709
1000	1020	20	10	0.18902643	1.25946464
1000	1020	20	11	0.65922223	3.88537277
1000	1020	20	12	0.40973701	3.75016777
1000	1020	20	13	2.05474694	14.47196413
1000	1020	20	14	3.84286157	13.78753742
1000	1020	20	15	0.17363091	1.36632955
1000	1020	20	16	0.92786324	3.37729665
1000	1020	20	17	0.04725767	2.34528372
1000	1020	20	18	0.51516761	8.29444793
1000	1020	20	19	3.20772247	10.27096112
1000	1020	21	0	1.16318063	12.06346078
1000	1020	21	1	2.88653955	24.79150501
1000	1020	21	2	0.38318814	5.86704845
1000	1020	21	3	0.10875008	2.14164784
1000	1020	21	4	0.57655529	2.59718524
1000	1020	21	5	0.45400246	9.90088694
1000	1020	21	6	0.45031156	3.68323716
1000	1020	21	7	0.92856630	8.13207962
1000	1020	21	8	2.61806405	19.40019041
1000	1020	21	9	3.53881625	11.81596110
1000	1020	21	10	0.16942565	1.12660258
1000	1020	21	11	0.62172761	3.75557705
1000	1020	21	12	0.42822055	3.82398519
1000	1020	21	13	2.06231181	15.15962845
1000	1020	21	14	3.88499789	14.13732989
1000	1020	21	15	0.15010159	1.19167613
1000	1020	21	16	0.93552640	3.47142716
1000	1020	21	17	0.04280489	2.22322678
1000	1020	21	18	0.46085053	7.71267235
1000	1020	21	19	3.31574581	10.94527116
1000	1020	22	0	1.14786132	12.43151244
1000	1020	22	1	2.92585008	26.43338545
1000	1020	22	2	0.34033951	5.49304534
1000	1020	22	3	0.12034412	2.08498935
1000	1020	22	4	0.60940332	2.72872074
1000	1020	22	5	0.41563933	9.37682430
1000	1020	22	6	0.47502821	3.81643194
1000	1020	22	7	0.91315554	8.19104253
1000	1020	22	8	2.59591599	19.90685781
1000	1020	22	9	3.61736712	12.37256005
1000	1020	22	10	0.15288059	1.00809605
1000	1020	22	11	0.58711520	3.61464485
1000	1020	22	12	0.44536980	3.90967399
1000	1020	22	13	2.06005818	15.78989797
1000	1020	22	14	3.92071943	14.44063885
1000	1020	22	15	0.13003301	1.03801343
1000	1020	22	16	0.94164461	3.54998339
1000	1020	22	17	0.03921156	2.10552880
1000	1020	22	18	0.41520588	7.15351967
1000	1020	22	19	3.41065377	11.56128074
1000	1020	23	0	1.12962989	12.75998571
1000	1020	23	1	2.95938301	28.03214570
1000	1020	23	2	0.30224621	5.12446180
1000	1020	23	3	0.13411669	2.04430088
1000	1020	23	4	0.63940750	2.87056606
1000	1020	23	5	0.38351049	8.86616838
1000	1020	23	6	0.49784661	3.96287566
1000	1020	23	7	0.89916610	8.22828948
1000	1020	23	8	2.57108306	20.33623461
1000	1020	23	9	3.68413319	12.86723048
1000	1020	23	10	0.13893672	0.90333185
1000	1020	23	11	0.55599787	3.46771989
1000	1020	23	12	0.46073408	4.00483650
1000	1020	23	13	2.04810425	16.35837596
1000	1020	23	14	3.95099410	14.70282611
1000	1020	23	15	0.11292447	0.90345154
1000	1020	23	16	0.94654950	3.61526515
1000	1020	23	17	0.03629501	1.99273454
1000	1020	23	18	0.37689769	6.62267045
1000	1020	23	19	3.49384386	12.12025471
1000	1020	24	0	1.10824948	13.04857715
1000	1020	24	1	2.98796819	29.58417302
1000	1020	24	2	0.26842913	4.76535372
1000	1020	24	3	0.15029053	2.02052752
1000	1020	24	4	0.66542351	3.01811080
1000	1020	24	5	0.35663045	8.37382906
1000	1020	24	6	0.51795368	4.11952938
1000	1020	24	7	0.88720733	8.24756399
1000	1020	24	8	2.54533228	20.69404776
1000	1020	24	9	3.74080197	13.30381766
1000	1020	24	10	0.12720300	0.81139896
1000	1020	24	11	0.52889646	3.31951423
1000	1020	24	12	0.47388965	4.10683916
1000	1020	24	13	2.02658212	16.86119919
1000	1020	24	14	3.97664545	14.92886295
1000	1020	24	15	0.09834604	0.78608163
1000	1020	24	16	0.95049598	3.66933608
1000	1020	24	17	0.03391774	1.88516676
1000	1020	24	18	0.34478702	6.12371801
1000	1020	24	19	3.56660381	12.62454351
1000	1020	25	0	1.08346977	13.29676651
1000	1020	25	1	3.01231816	31.08686590
1000	1020	25	2	0.23844220	4.41877443
1000	1020	25	3	0.16910492	2.01476411
1000	1020	25	4	0.68632032	3.16639019
1000	1020	25	5	0.33418222	7.90324575
1000	1020	25	6	0.53454860	4.28280270
1000	1020	25	7	0.87788672	8.25281861
1000	1020	25	8	2.52045395	20.98716796
1000	1020	25	9	3.78885418	13.68688386
1000	1020	25	10	0.11734738	0.73122815
1000	1020	25	11	0.50627136	3.17430387
1000	1020	25	12	0.48443842	4.21286054
1000	1020	25	13	1.99566848	17.29500149
1000	1020	25	14	3.99837309	15.12328477
1000	1020	25	15	0.08592958	0.68405148
1000	1020	25	16	0.95367938	3.71400532
1000	1020	25	17	0.03197633	1.78298742
1000	1020	25	18	0.31791458	5.65864150
1000	1020	25	19	3.63010156	13.07720549
1000	1020	26	0	1.05504901	13.50381745
1000	1020	26	1	3.03304261	32.53846594
1000	1020	26	2	0.21187536	4.08693715
1000	1020	26	3	0.19080161	2.02826023
1000	1020	26	4	0.70103168	3.31015918
1000	1020	26	5	0.31549653	7.45670106
1000	1020	26	6	0.54687089	4.44861354
1000	1020	26	7	0.87177144	8.24819072
1000	1020	26	8	2.49822039	21.22350845
1000	1020	26	9	3.82957610	14.02132062
1000	1020	26	10	0.10909098	0.66169143
1000	1020	26	11	0.48855307	3.03595684
1000	1020	26	12	0.49200780	4.31993387
1000	1020	26	13	1.95561771	17.65691137
1000	1020	26	14	4.01677047	15.29017751
1000	1020	26	15	0.07536055	0.59561286
1000	1020	26	16	0.95624900	3.75083074
1000	1020	26	17	0.03039311	1.68624337
1000	1020	26	18	0.29548056	5.22819906
1000	1020	26	19	3.68538334	13.48171263
1000	1020	27	0	1.02277983	13.66880045
1000	1020	27	1	3.05066164	33.93791277
1000	1020	27	2	0.18835513	3.77135939
1000	1020	27	3	0.21560706	2.06241068
1000	1020	27	4	0.70861907	3.44400515
1000	1020	27	5	0.30003148	7.03558287
1000	1020	27	6	0.55423579	4.61247081
1000	1020	27	7	0.86934218	8.23794243
1000	1020	27	8	2.48032990	21.41189354
1000	1020	27	9	3.86407671	14.31207118
1000	1020	27	10	0.10220188	0.60167020
1000	1020	27	11	0.47617024	2.90798621
1000	1020	27	12	0.49625321	4.42498554
1000	1020	27	13	1.90679387	17.94458294
1000	1020	27	14	4.03234033	15.43318540
1000	1020	27	15	0.06637080	0.51914867
1000	1020	27	16	0.95831855	3.78113492
1000	1020	27	17	0.02910993	1.59490041
1000	1020	27	18	0.27682429	4.83224875
1000	1020	27	19	3.73337649	13.84172671
1000	1020	28	0	0.98651857	13.79063988
1000	1020	28	1	3.06561757	35.28471930
1000	1020	28	2	0.16754366	3.47298932
1000	1020	28	3	0.24371048	2.11872899
1000	1020	28	4	0.70834506	3.56250440
1000	1020	28	5	0.28735376	6.64060005
1000	1020	28	6	0.55607714	4.76958532
1000	1020	28	7	0.87094262	8.22636078
1000	1020	28	8	2.46833639	21.56188547
1000	1020	28	9	3.89330671	14.56394014
1000	1020	28	10	0.09648913	0.55009983
1000	1020	28	11	0.46957319	2.79362024
1000	1020	28	12	0.49686533	4.52487267
1000	1020	28	13	1.84969785	18.15625600
1000	1020	28	14	4.04550799	15.55553213
1000	1020	28	15	0.05873216	0.45318584
1000	1020	28	16	0.95997418	3.80602764
1000	1020	28	17	0.02808357	1.50886864
1000	1020	28	18	0.26140520	4.47000670
1000	1020	28	19	3.77489523	14.16093367
1000	1020	29	0	0.94621687	13.86818735
1000	1020	29	1	3.07828539	36.57886525
1000	1020	29	2	0.14913687	3.19231490
1000	1020	29	3	0.27523834	2.19880102
1000	1020	29	4	0.69975299	3.66042516
1000	1020	29	5	0.27712220	6.27195812
1000	1020	29	6	0.55199686	4.91501404
1000	1020	29	7	0.87673012	8.21761806
1000	1020	29	8	2.46356709	21.68355971
1000	1020	29	9	3.91807757	14.78147017
1000	1020	29	10	0.09179725	0.50599684
1000	1020	29	11	0.46924977	2.69588197
1000	1020	29	12	0.49358446	4.61642457
1000	1020	29	13	1.78498523	18.29083751
1000	1020	29	14	4.05663285	15.66005002
1000	1020	29	15	0.05225091	0.39639863
1000	1020	29	16	0.96128065	3.82643087
1000	1020	29	17	0.02728238	1.42802147
1000	1020	29	18	0.24878579	4.14025219
1000	1020	29	19	3.81064787	14.44292450
1000	1020	30	0	0.90195274	13.90032180
1000	1020	30	1	3.08898193	37.82070635
1000	1020	30	2	0.13286223	2.92945706
1000	1020	30	3	0.31022656	2.30421660
1000	1020	30	4	0.68274445	3.73297543
1000	1020	30	5	0.26907383	5.92950115
1000	1020	30	6	0.54181753	5.04384146
1000	1020	30	7	0.88663589	8.21559773
1000	1020	30	8	2.46703459	21.78722237
1000	1020	30	9	3.93907956	14.96886890
1000	1020	30	10	0.08800141	0.46847363
1000	1020	30	11	0.47572958	2.61766838
1000	1020	30	12	0.48622355	4.69649487
1000	1020	30	13	1.71347155	18.34799327
1000	1020	30	14	4.06601807	15.74921318
1000	1020	30	15	0.04676293	0.34760552
1000	1020	30	16	0.96228594	3.84310375
1000	1020	30	17	0.02668381	1.35220976
1000	1020	30	18	0.23861670	3.84148840
1000	1020	30	19	3.84124453	14.69111274
1000	1020	31	0	0.85395717	13.88607407
1000	1020	31	1	3.09797374	39.01089727
1000	1020	31	2	0.11847617	2.68424856
1000	1020	31	3	0.34859328	2.43647871
1000	1020	31	4	0.65764036	3.77608590
1000	1020	31	5	0.26301218	5.61282562
1000	1020	31	6	0.52563015	5.15139785
1000	1020	31	7	0.90034482	8.22369923
1000	1020	31	8	2.47935456	21.88307053
1000	1020	31	9	3.95689824	15.12997225
1000	1020	31	10	0.08500316	0.43674459
1000	1020	31	11	0.48957115	2.56181774
1000	1020	31	12	0.47469977	4.76203200
1000	1020	31	13	1.63612272	18.32823618
1000	1020	31	14	4.07391896	15.82517210
1000	1020	31	15	0.04212958	0.30576203
1000	1020	31	16	0.96302479	3.85666599
1000	1020	31	17	0.02627258	1.28127260
1000	1020	31	18	0.23062407	3.57206713
1000	1020	31	19	3.86720496	14.90868008
1000	1020	32	0	0.80263141	13.82476987
1000	1020	32	1	3.10548388	40.15032639
1000	1020	32	2	0.10576162	2.45630020
1000	1020	32	3	0.39011607	2.59689237
1000	1020	32	4	0.62520732	3.78670542
1000	1020	32	5	0.25879774	5.32137143
1000	1020	32	6	0.50382573	5.23350655
1000	1020	32	7	0.91730408	8.24464331
1000	1020	32	8	2.50068468	21.98080713
1000	1020	32	9	3.97202935	15.26823359
1000	1020	32	10	0.08272692	0.41012648
1000	1020	32	11	0.51132759	2.53115048
1000	1020	32	12	0.45907093	4.81017490
1000	1020	32	13	1.55403050	18.23299660
1000	1020	32	14	4.08054999	15.88978774
1000	1020	32	15	0.03823414	0.26995132
1000	1020	32	16	0.96352131	3.86761905
1000	1020	32	17	0.02603942	1.21504542
1000	1020	32	18	0.22459888	3.33028426
1000	1020	32	19	3.88896598	15.09854317
1000	1020	33	0	0.74855018	13.71618059
1000	1020	33	1	3.11169781	41.24006054
1000	1020	33	2	0.09452545	2.24505591
1000	1020	33	3	0.43441817	2.78643940
1000	1020	33	4	0.58663221	3.76307228
1000	1020	33	5	0.25634016	5.05449428
1000	1020	33	6	0.47709731	5.28674149
1000	1020	33	7	0.93676548	8.28030700
1000	1020	33	8	2.53070168	22.08923681
1000	1020	33	9	3.98489187	15.38673042
1000	1020	33	10	0.08111696	0.38803506
1000	1020	33	11	0.54148741	2.52846738
1000	1020	33	12	0.43956904	4.83837658
1000	1020	33	13	1.46837528	18.06466153
1000	1020	33	14	4.08609081	15.94466405
1000	1020	33	15	0.03497879	0.23937350
1000	1020	33	16	0.96379090	3.87636471
1000	1020	33	17	0.02598013	1.15336627
1000	1020	33	18	0.22038814	3.11445206
1000	1020	33	19	3.90688844	15.26333607
1000	1020	34	0	0.69244724	13.56066744
1000	1020	34	1	3.11676826	42.28129844
1000	1020	34	2	0.08459616	2.04983828
1000	1020	34	3	0.48096816	3.00564900
1000	1020	34	4	0.54343669	3.70491350
1000	1020	34	5	0.25559196	4.81152317
1000	1020	34	6	0.44640319	5.30866463
1000	1020	34	7	0.95785810	8.33161841
1000	1020	34	8	2.56862826	22.21588268
1000	1020	34	9	3.99583944	15.48818248
1000	1020	34	10	0.08013495	0.36997971
1000	1020	34	11	0.58039276	2.55648897
1000	1020	34	12	0.41662029	4.84455022
1000	1020	34	13	1.38038017	17.82657288
1000	1020	34	14	4.09069130	15.99117828
1000	1020	34	15	0.03228199	0.21333476
1000	1020	34	16	0.96384174	3.88322097
1000	1020	34	17	0.02609487	1.09608068
1000	1020	34	18	0.21788771	2.92295299
1000	1020	34	19	3.92126348	15.40540399
1000	1020	35	0	0.63518253	13.35930157
1000	1020	35	1	3.12081946	43.27533138
1000	1020	35	2	0.07582162	1.86988581
1000	1020	35	3	0.52909613	3.25447811
1000	1020	35	4	0.49733941	3.61352453
1000	1020	35	5	0.25654344	4.59180591
1000	1020	35	6	0.41289055	5.29800613
1000	1020	35	7	0.97967875	8.39853544
1000	1020	35	8	2.61331140	22.36667177
1000	1020	35	9	4.00517027	15.57497674
1000	1020	35	10	0.07975797	0.35555686
1000	1020	35	11	0.62814433	2.61772545
1000	1020	35	12	0.39084048	4.82722210
1000	1020	35	13	1.29126167	17.52297997
1000	1020	35	14	4.09447586	16.03050863
1000	1020	35	15	0.03007635	0.19123664
1000	1020	35	16	0.96367582	3.88843551
1000	1020	35	17	0.02638772	1.04304548
1000	1020	35	18	0.21703643	2.75427930
1000	1020	35	19	3.93231818	15.52680478
1000	1020	36	0	0.57769314	13.11394345
1000	1020	36	1	3.12395062	44.22351003
1000	1020	36	2	0.06806707	1.70438316
1000	1020	36	3	0.57802680	3.53221706
1000	1020	36	4	0.45008970	3.49169750
1000	1020	36	5	0.25921860	4.39474503
1000	1020	36	6	0.37779054	5.25475264
1000	1020	36	7	1.00138250	8.48011736
1000	1020	36	8	2.66334062	22.54573305
1000	1020	36	9	4.01313562	15.64919593
1000	1020	36	10	0.07997679	0.34444315
1000	1020	36	11	0.68451067	2.71427796
1000	1020	36	12	0.36300009	4.78566634
1000	1020	36	13	1.20218247	17.15894723
1000	1020	36	14	4.09754695	16.06365921
1000	1020	36	15	0.02830676	0.17256580
1000	1020	36	16	0.96328968	3.89219685
1000	1020	36	17	0.02686633	0.99413194
1000	1020	36	18	0.21781145	2.60706147
1000	1020	36	19	3.94022059	15.62931582
1000	1020	37	0	0.52093392	12.82726802
1000	1020	37	1	3.12623889	45.12721647
1000	1020	37	2	0.06121323	1.55248545
1000	1020	37	3	0.62692667	3.83743571
1000	1020	37	4	0.40330568	3.34349545
1000	1020	37	5	0.26367171	4.21982609
1000	1020	37	6	0.34230487	5.18012317
1000	1020	37	7	1.02225531	8.57467908
1000	1020	37	8	2.71718451	22.75533563
1000	1020	37	9	4.01994711	15.71264837
1000	1020	37	10	0.08079465	0.33638867
1000	1020	37	11	0.74886492	2.84758953
1000	1020	37	12	0.33396162	4.71999253
1000	1020	37	13	1.11421069	16.74022335
1000	1020	37	14	4.09998814	16.09148218
1000	1020	37	15	0.02692884	0.15688466
1000	1020	37	16	0.96267491	3.89464351
1000	1020	37	17	0.02754174	0.94922825
1000	1020	37	18	0.22022449	2.48008827
1000	1020	37	19	3.94508406	15.71444413
1000	1020	38	0	0.46581564	12.50272878
1000	1020	38	1	3.12774169	45.98784054
1000	1020	38	2	0.05515461	1.41333756
1000	1020	38	3	0.67495964	4.16798090
1000	1020	38	4	0.35834750	3.17390335
1000	1020	38	5	0.26998450	4.06663973
1000	1020	38	6	0.30750577	5.07643342
1000	1020	38	7	1.04175776	8.68000164
1000	1020	38	8	2.77332180	22.99597025
1000	1020	38	9	4.02578288	15.76689761
1000	1020	38	10	0.08222614	0.33121056
1000	1020	38	11	0.82017042	3.01818323
1000	1020	38	12	0.30460100	4.63116295
1000	1020	38	13	1.02828887	16.27308211
1000	1020	38	14	4.10186657	16.11469740
1000	1020	38	15	0.02590773	0.14382281
1000	1020	38	16	0.96181852	3.89587141
1000	1020	38	17	0.02842823	0.90824173
1000	1020	38	18	0.22431900	2.37232035
1000	1020	38	19	3.94697106	15.78343835
1000	1020	39	0	0.41314896	12.14446234
1000	1020	39	1	3.12849869	46.80675972
1000	1020	39	2	0.04979795	1.28608924
1000	1020	39	3	0.72134304	4.52102965
1000	1020	39	4	0.31624375	2.98841216
1000	1020	39	5	0.27826369	3.93489877
1000	1020	39	6	0.27426605	4.94687198
1000	1020	39	7	1.05953736	8.79356401
1000	1020	39	8	2.83034755	23.26655297
1000	1020	39	9	4.03079286	15.81329071
1000	1020	39	10	0.08429641	0.32878735
1000	1020	39	11	0.89702666	3.22543930
1000	1020	39	12	0.27572968	4.52092962
1000	1020	39	13	0.94521408	15.76414718
1000	1020	39	14	4.10323502	16.13390949
1000	1020	39	15	0.02521696	0.13306937
1000	1020	39	16	0.96070308	3.89593979
1000	1020	39	17	0.02954326	0.87110067
1000	1020	39	18	0.23016783	2.28289928
1000	1020	39	19	3.94589648	15.83730161
1000	1020	40	0	0.36360125	11.75714335
1000	1020	40	1	3.12853333	47.58532201
1000	1020	40	2	0.04506090	1.16990671
1000	1020	40	3	0.76539657	4.89319434
1000	1020	40	4	0.27767321	2.79260057
1000	1020	40	5	0.28863872	3.82445110
1000	1020	40	6	0.24322582	4.79522571
1000	1020	40	7	1.07541474	8.91276218
1000	1020	40	8	2.88704449	23.56471290
1000	1020	40	9	4.03510326	15.85298468
1000	1020	40	10	0.08704053	0.32905373
1000	1020	40	11	0.97777108	3.46746330
1000	1020	40	12	0.24803286	4.39169906
1000	1020	40	13	0.86562889	15.22021359
1000	1020	40	14	4.10413357	16.14962264
1000	1020	40	15	0.02483770	0.12436628
1000	1020	40	16	0.95930677	3.89487585
1000	1020	40	17	0.03090752	0.83775599
1000	1020	40	18	0.23787157	2.21115300
1000	1020	40	19	3.94183048	15.87680450
1000	1020	41	0	0.31767047	11.34580568
1000	1020	41	1	3.12785394	48.32483117
1000	1020	41	2	0.04087074	1.06398145
1000	1020	41	3	0.80657789	5.28066869
1000	1020	41	4	0.24299170	2.59177017
1000	1020	41	5	0.30125953	3.73528911
1000	1020	41	6	0.21479302	4.62559554
1000	1020	41	7	1.08935331	9.03509129
1000	1020	41	8	2.94241897	23.88711989
1000	1020	41	9	4.03882028	15.88697074
1000	1020	41	10	0.09050288	0.33199614
1000	1020	41	11	1.06061699	3.74108296
1000	1020	41	12	0.22203298	4.24634745
1000	1020	41	13	0.79002196	14.64807706
1000	1020	41	14	4.10459098	16.16225342
1000	1020	41	15	0.02475804	0.11750238
1000	1020	41	16	0.95760337	3.89267825
1000	1020	41	17	0.03254487	0.80818284
1000	1020	41	18	0.24755718	2.15659892
1000	1020	41	19	3.93470106	15.90249769
1000	1020	42	0	0.27567697	10.91564940
1000	1020	42	1	3.12645459	49.02653384
1000	1020	42	2	0.03716327	0.96753656
1000	1020	42	3	0.84450169	5.67939808
1000	1020	42	4	0.21228701	2.39066993
1000	1020	42	5	0.31629412	3.66755585
1000	1020	42	6	0.18916867	4.44213727
1000	1020	42	7	1.10142205	9.15827771
1000	1020	42	8	2.99570725	24.22981257
1000	1020	42	9	4.04203336	15.91609612
1000	1020	42	10	0.09473678	0.33764889
1000	1020	42	11	1.14379978	4.04198351
1000	1020	42	12	0.19807961	4.08801577
1000	1020	42	13	0.71873629	14.05438003
1000	1020	42	14	4.10462571	16.17214162
1000	1020	42	15	0.02497256	0.11230847
1000	1020	42	16	0.95556209	3.88931976
1000	1020	42	17	0.03448247	0.78238204
1000	1020	42	18	0.25937692	2.11894526
1000	1020	42	19	3.92439643	15.91472404
1000	1020	43	0	0.23777118	10.47185216
1000	1020	43	1	3.12431561	49.69160812
1000	1020	43	2	0.03388188	0.87983122
1000	1020	43	3	0.87894212	6.08525570
1000	1020	43	4	0.18544549	2.19332292
1000	1020	43	5	0.33392586	3.62154825
1000	1020	43	6	0.16638595	4.24884991
1000	1020	43	7	1.11175903	9.28035994
1000	1020	43	8	3.04636095	24.58849699
1000	1020	43	9	4.04481780	15.94108366
1000	1020	43	10	0.09980397	0.34609084
1000	1020	43	11	1.22570487	4.36496179
1000	1020	43	12	0.17636117	3.91991321
1000	1020	43	13	0.65198274	13.44548045
1000	1020	43	14	4.10424669	16.17955936
1000	1020	43	15	0.02548194	0.10865303
1000	1020	43	16	0.95314744	3.88474908
1000	1020	43	17	0.03675080	0.76038149
1000	1020	43	18	0.27350730	2.09809104
1000	1020	43	19	3.91076726	15.91363003
1000	1020	44	0	0.20395342	10.01940076
1000	1020	44	1	3.12140388	50.32115333
1000	1020	44	2	0.03097661	0.80016358
1000	1020	44	3	0.90982130	6.49420765
1000	1020	44	4	0.16221749	2.00294919
1000	1020	44	5	0.35435013	3.59771728
1000	1020	44	6	0.14635352	4.04942135
1000	1020	44	7	1.12054044	9.39972430
1000	1020	44	8	3.09402030	24.95879811
1000	1020	44	9	4.04723701	15.96254905
1000	1020	44	10	0.10577415	0.35744242
1000	1020	44	11	1.30495984	4.70425668
1000	1020	44	12	0.15693031	3.74514992
1000	1020	44	13	0.58985686	12.82734654
1000	1020	44	14	4.10345395	16.18471881
1000	1020	44	15	0.02629281	0.10643876
1000	1020	44	16	0.95031893	3.87889209
1000	1020	44	17	0.03938369	0.74223757
1000	1020	44	18	0.29014799	2.09412518
1000	1020	44	19	3.89362919	15.89917670
1000	1020	45	0	0.17410104	9.56295367
1000	1020	45	1	3.11767281	50.91618045
1000	1020	45	2	0.02840343	0.72787245
1000	1020	45	3	0.93718788	6.90245367
1000	1020	45	4	0.14227381	1.82196743
1000	1020	45	5	0.37777030	3.59666474
1000	1020	45	6	0.12889633	3.84713062
1000	1020	45	7	1.12795678	9.51510584
1000	1020	45	8	3.13848224	25.33645730
1000	1020	45	9	4.04934447	15.98101604
1000	1020	45	10	0.11272436	0.37186300
1000	1020	45	11	1.38048448	5.05390460
1000	1020	45	12	0.13973552	3.56661012
1000	1020	45	13	0.53235705	12.20547828
1000	1020	45	14	4.10223888	16.18777836
1000	1020	45	15	0.02741766	0.10559979
1000	1020	45	16	0.94703088	3.87165247
1000	1020	45	17	0.04241831	0.72803641
1000	1020	45	18	0.30952045	2.10732449
1000	1020	45	19	3.87276561	15.87115032
1000	1020	46	0	0.14799851	9.10673961
1000	1020	46	1	3.11306222	51.47760313
1000	1020	46	2	0.02612350	0.66233790
1000	1020	46	3	0.96119032	7.30653570
1000	1020	46	4	0.12524983	1.65205266
1000	1020	46	5	0.40439270	3.61913634
1000	1020	46	6	0.11379013	3.64479939
1000	1020	46	7	1.13419639	9.62556541
1000	1020	46	8	3.17966825	25.71747634
1000	1020	46	9	4.05118524	15.99692962
1000	1020	46	10	0.12073813	0.38954823
1000	1020	46	11	1.45150206	5.40807278
1000	1020	46	12	0.12465261	3.38686815
1000	1020	46	13	0.47940282	11.58485449
1000	1020	46	14	4.10058447	16.18884771
1000	1020	46	15	0.02887489	0.10609953
1000	1020	46	16	0.94323215	3.86291200
1000	1020	46	17	0.04589507	0.71789510
1000	1020	46	18	0.33186604	2.13815065
1000	1020	46	19	3.84793105	15.82917330
1000	1020	47	0	0.12536684	8.65449309
1000	1020	47	1	3.10749796	52.00622895
1000	1020	47	2	0.02410261	0.60298120
1000	1020	47	3	0.98204886	7.70341119
1000	1020	47	4	0.11077733	1.49422829
1000	1020	47	5	0.43442057	3.66601048
1000	1020	47	6	0.10078831	3.44478212
1000	1020	47	7	1.13943524	9.73045259
1000	1020	47	8	3.21759477	26.09821365
1000	1020	47	9	4.05279734	16.01066756
1000	1020	47	10	0.12990447	0.41072733
1000	1020	47	11	1.51752115	5.76133622
1000	1020	47	12	0.11151258	3.20814357
1000	1020	47	13	0.43085195	10.96990321
1000	1020	47	14	4.09846522	16.18799173
1000	1020	47	15	0.03068895	0.10792911
1000	1020	47	16	0.93886592	3.85253050
1000	1020	47	17	0.04985745	0.71196270
1000	1020	47	18	0.35744345	2.18724563
1000	1020	47	19	3.81885537	15.77271567
1000	1020	48	0	0.10588986	8.20942345
1000	1020	48	1	3.10089149	52.50275082
1000	1020	48	2	0.02231059	0.54926408
1000	1020	48	3	1.00002935	8.09049284
1000	1020	48	4	0.09850519	1.34897415
1000	1020	48	5	0.46804670	3.73828198
1000	1020	48	6	0.08964135	3.24898399
1000	1020	48	7	1.14383142	9.82936253
1000	1020	48	8	3.25234768	26.47544037
1000	1020	48	9	4.05421287	16.02255030
1000	1020	48	10	0.14031637	0.43565990
1000	1020	48	11	1.57829866	6.10888014
1000	1020	48	12	0.10012386	3.03228813
1000	1020	48	13	0.38651612	10.36449195
1000	1020	48	14	4.09584699	16.18523336
1000	1020	48	15	0.03289065	0.11110638
1000	1020	48	16	0.93386957	3.84034560
1000	1020	48	17	0.05435163	0.71042097
1000	1020	48	18	0.38652513	2.25542520
1000	1020	48	19	3.78524910	15.70110807
1000	1020	49	0	0.08923611	7.77421234
1000	1020	49	1	3.09313920	52.96773831
1000	1020	49	2	0.02072089	0.50068759
1000	1020	49	3	1.01542071	8.46565901
1000	1020	49	4	0.08811160	1.21633672
1000	1020	49	5	0.50544502	3.83704024
1000	1020	49	6	0.08010971	3.05889659
1000	1020	49	7	1.14752310	9.92209172
1000	1020	49	8	3.28406124	26.84636498
1000	1020	49	9	4.05545892	16.03284949
1000	1020	49	10	0.15206896	0.46463220
1000	1020	49	11	1.63379412	6.44662447
1000	1020	49	12	0.09028896	2.86079615
1000	1020	49	13	0.34617443	9.77193455
1000	1020	49	14	4.09268668	16.18055560
1000	1020	49	15	0.03551752	0.11567545
1000	1020	49	16	0.92817463	3.82617235
1000	1020	49	17	0.05942594	0.71348471
1000	1020	49	18	0.41939263	2.34366968
1000	1020	49	19	3.74681004	15.61355677
1000	1020	50	0	0.07507571	7.35103319
1000	1020	50	1	3.08412190	53.40162878
1000	1020	50	2	0.01931010	0.45679059
1000	1020	50	3	1.02851700	8.82724087
1000	1020	50	4	0.07930982	1.09603272
1000	1020	50	5	0.54676098	3.96344091
1000	1020	50	6	0.07197167	2.87564356
1000	1020	50	7	1.15062853	10.00859659
1000	1020	50	8	3.31290132	27.20863402
1000	1020	50	9	4.05655838	16.04179533
1000	1020	50	10	0.16525721	0.49795249
1000	1020	50	11	1.68412239	6.77127718
1000	1020	50	12	0.08181577	2.69483059
1000	1020	50	13	0.30958501	9.19501093
1000	1020	50	14	4.08893168	16.17390264
1000	1020	50	15	0.03861426	0.12170672
1000	1020	50	16	0.92170688	3.80980302
1000	1020	50	17	0.06513019	0.72140158
1000	1020	50	18	0.45633049	2.45311130
1000	1020	50	19	3.70323141	15.50916162
1000	1020	51	0	0.06309254	6.94158629
1000	1020	51	1	3.07370408	53.80471846
1000	1020	51	2	0.01805761	0.41714808
1000	1020	51	3	1.03960417	9.17399252
1000	1020	51	4	0.07184965	0.98754067
1000	1020	51	5	0.59210120	4.11867099
1000	1020	51	6	0.06502737	2.70003008
1000	1020	51	7	1.15324750	10.08895651
1000	1020	51	8	3.33905229	27.56031602
1000	1020	51	9	4.05753059	16.04958279
1000	1020	51	10	0.17997297	0.53594517
1000	1020	51	11	1.72951003	7.08032965
1000	1020	51	12	0.07452467	2.53525812
1000	1020	51	13	0.27649453	8.63599652
1000	1020	51	14	4.08451933	16.16518020
1000	1020	51	15	0.04223331	0.12929732
1000	1020	51	16	0.91438672	3.79100695
1000	1020	51	17	0.07151460	0.73445115
1000	1020	51	18	0.49761865	2.58501709
1000	1020	51	19	3.65421170	15.38693772
1000	1020	52	0	0.05299235	6.54714377
1000	1020	52	1	3.06173343	54.17715317
1000	1020	52	2	0.01694528	0.38136927
1000	1020	52	3	1.04895103	9.50505023
1000	1020	52	4	0.06551618	0.89017823
1000	1020	52	5	0.64152260	4.30390678
1000	1020	52	6	0.05910011	2.53259215
1000	1020	52	7	1.15546324	10.16334211
1000	1020	52	8	3.36270731	27.89987410
1000	1020	52	9	4.05839191	16.05637701
1000	1020	52	10	0.19630163	0.57894361
1000	1020	52	11	1.77025753	7.37200927
1000	1020	52	12	0.06825247	2.38268818
1000	1020	52	13	0.24664578	8.09669848
1000	1020	52	14	4.07937607	16.15425524
1000	1020	52	15	0.04643553	0.13857208
1000	1020	52	16	0.90612970	3.76953079
1000	1020	52	17	0.07862856	0.75294303
1000	1020	52	18	0.54352323	2.74076646
1000	1020	52	19	3.59946613	15.24584158
1000	1020	53	0	0.04450732	6.16859962
1000	1020	53	1	3.04804037	54.51891912
1000	1020	53	2	0.01595713	0.34909568
1000	1020	53	3	1.05680376	9.81988580
1000	1020	53	4	0.06012690	0.80316507
1000	1020	53	5	0.69502180	4.52026535
1000	1020	53	6	0.05403608	2.37364291
1000	1020	53	7	1.15734470	10.23198904
1000	1020	53	8	3.38406101	28.22613179
1000	1020	53	9	4.05915614	16.06231775
1000	1020	53	10	0.21431815	0.62728135
1000	1020	53	11	1.80670872	7.64520386
1000	1020	53	12	0.06285392	2.23751243
1000	1020	53	13	0.21978369	7.57849606
1000	1020	53	14	4.07341667	16.14095486
1000	1020	53	15	0.05129093	0.14968489
1000	1020	53	16	0.89684743	3.74509929
1000	1020	53	17	0.08651904	0.77721389
1000	1020	53	18	0.59428576	2.92182252
1000	1020	53	19	3.53873977	15.08480234
1000	1020	54	0	0.03739815	5.80652111
1000	1020	54	1	3.03243787	54.82983362
1000	1020	54	2	0.01507913	0.31999912
1000	1020	54	3	1.06338329	10.11825801
1000	1020	54	4	0.05552823	0.72567208
1000	1020	54	5	0.75252532	4.76875001
1000	1020	54	6	0.04970282	2.22331474
1000	1020	54	7	1.15894867	10.29517667
1000	1020	54	8	3.40330445	28.53823532
1000	1020	54	9	4.05983494	16.06752335
1000	1020	54	10	0.23408272	0.68128166
1000	1020	54	11	1.83922695	7.89937093
1000	1020	54	12	0.05820178	2.09994219
1000	1020	54	13	0.19565978	7.08238313
1000	1020	54	14	4.06654312	16.12506472
1000	1020	54	15	0.05687948	0.16282038
1000	1020	54	16	0.88644892	3.71741678
1000	1020	54	17	0.09522868	0.80762302
1000	1020	54	18	0.65011087	3.12969638
1000	1020	54	19	3.47182195	14.90275831
1000	1020	55	0	0.03145414	5.46119881
1000	1020	55	1	3.01472167	55.10953615
1000	1020	55	2	0.01429892	0.29377971
1000	1020	55	3	1.06888456	10.40016520
1000	1020	55	4	0.05159169	0.65685861
1000	1020	55	5	0.81388158	5.05019147
1000	1020	55	6	0.04598730	2.08159616
1000	1020	55	7	1.16032178	10.35321130
1000	1020	55	8	3.42062151	28.83561487
1000	1020	55	9	4.06043814	16.07209391
1000	1020	55	10	0.25563617	0.74124539
1000	1020	55	11	1.86817756	8.13444153
1000	1020	55	12	0.05418590	1.97004259
1000	1020	55	13	0.17403549	6.60901120
1000	1020	55	14	4.05864363	16.10632679
1000	1020	55	15	0.06329199	0.17819612
1000	1020	55	16	0.87484230	3.68616958
1000	1020	55	17	0.10479365	0.84454644
1000	1020	55	18	0.71115306	3.36590397
1000	1020	55	19	3.39856152	14.69869904
1000	1020	56	0	0.02649203	5.13269345
1000	1020	56	1	2.99467089	55.35748000
1000	1020	56	2	0.01360566	0.27016393
1000	1020	56	3	1.07347735	10.66580077
1000	1020	56	4	0.04821028	0.59589957
1000	1020	56	5	0.87885544	5.36518684
1000	1020	56	6	0.04279371	1.94836366
1000	1020	56	7	1.16150229	10.40641312
1000	1020	56	8	3.43618666	29.11794653
1000	1020	56	9	4.06097400	16.07611411
1000	1020	56	10	0.27899526	0.80743730
1000	1020	56	11	1.89391551	8.35072602
1000	1020	56	12	0.05071176	1.84776282
1000	1020	56	13	0.15468443	6.15873169
1000	1020	56	14	4.04959145	16.08443663
1000	1020	56	15	0.07063106	0.19606501
1000	1020	56	16	0.86193703	3.65102956
1000	1020	56	17	0.11524126	0.88836920
1000	1020	56	18	0.77750282	3.63191524
1000	1020	56	19	3.31888223	14.47171214
1000	1020	57	0	0.02235405	4.82087847
1000	1020	57	1	2.97204933	55.57292502
1000	1020	57	2	0.01298982	0.24890269
1000	1020	57	3	1.07730790	10.91551296
1000	1020	57	4	0.04529514	0.54200427
1000	1020	57	5	0.94712617	5.71403906
1000	1020	57	6	0.04004119	1.82340852
1000	1020	57	7	1.16252157	10.45510632
1000	1020	57	8	3.45016352	29.38511611
1000	1020	57	9	4.06144946	16.07965552
1000	1020	57	10	0.30414827	0.88007126
1000	1020	57	11	1.91677723	8.54882672
1000	1020	57	12	0.04769880	1.73296206
1000	1020	57	13	0.13739379	5.73163641
1000	1020	57	14	4.03924360	16.05904015
1000	1020	57	15	0.07901204	0.21671811
1000	1020	57	16	0.84764673	3.61165908
1000	1020	57	17	0.12658742	0.93947583
1000	1020	57	18	0.84917297	3.92909619
1000	1020	57	19	3.23279741	14.22103404
1000	1020	58	0	0.01890549	4.52547792
1000	1020	58	1	2.94660756	55.75493205
1000	1020	58	2	0.01244305	0.22976955
1000	1020	58	3	1.08050104	11.14976937
1000	1020	58	4	0.04277255	0.49442863
1000	1020	58	5	1.01828944	6.09670043
1000	1020	58	6	0.03766176	1.70645915
1000	1020	58	7	1.16340536	10.49961178
1000	1020	58	8	3.46270422	29.63718547
1000	1020	58	9	4.06187029	16.08277858
1000	1020	58	10	0.33105110	0.95929475
1000	1020	58	11	1.93707570	8.72956005
1000	1020	58	12	0.04507864	1.62543156
1000	1020	58	13	0.12196518	5.32759571
1000	1020	58	14	4.02743970	16.02973001
1000	1020	58	15	0.08856392	0.24048760
1000	1020	58	16	0.83189247	3.56771745
1000	1020	58	17	0.13883417	0.99823906
1000	1020	58	18	0.92608618	4.25864502
1000	1020	58	19	3.14042285	13.94610282
1000	1020	59	0	0.01603216	4.24609931
1000	1020	59	1	2.91808599	55.90235965
1000	1020	59	2	0.01195804	0.21255893
1000	1020	59	3	1.08316256	11.36912631
1000	1020	59	4	0.04058143	0.45248234
1000	1020	59	5	1.09186368	6.51272364
1000	1020	59	6	0.03559841	1.59719939
1000	1020	59	7	1.16417482	10.54024185
1000	1020	59	8	3.47394917	29.87436186
1000	1020	59	9	4.06224127	16.08553425
1000	1020	59	10	0.35962438	1.04517348
1000	1020	59	11	1.95509794	8.89388963
1000	1020	59	12	0.04279349	1.52491290
1000	1020	59	13	0.10821491	4.94629378
1000	1020	59	14	4.01400076	15.99604169
1000	1020	59	15	0.09943030	0.26775001
1000	1020	59	16	0.81460652	3.51886916
1000	1020	59	17	0.15196729	1.06500671
1000	1020	59	18	1.00806459	4.62152414
1000	1020	59	19	3.04198682	13.64661097
1000	1020	60	0	0.01363778	3.98226182
1000	1020	60	1	2.88621900	56.01386406
1000	1020	60	2	0.01152842	0.19708448
1000	1020	60	3	1.08538156	11.57420289
1000	1020	60	4	0.03867108	0.41553230
1000	1020	60	5	1.16730088	6.96122398
1000	1020	60	6	0.03380334	1.49528324
1000	1020	60	7	1.16484742	10.57729660
1000	1020	60	8	3.48402721	30.09697039
1000	1020	60	9	4.06256631	16.08796539
1000	1020	60	10	0.38975178	1.13767698
1000	1020	60	11	1.97110425	9.04287039
1000	1020	60	12	0.04079456	1.43111301
1000	1020	60	13	0.09597387	4.58726097
1000	1020	60	14	3.99872812	15.95744936
1000	1020	60	15	0.11177011	0.29892948
1000	1020	60	16	0.79573660	3.46479380
1000	1020	60	17	0.16595435	1.14008727
1000	1020	60	18	1.09482270	5.01839079
1000	1020	60	19	2.93783615	13.32255508
1000	1020	61	0	0.01164161	3.73342006
1000	1020	61	1	2.85074039	56.08790339
1000	1020	61	2	0.01114862	0.18317751
1000	1020	61	3	1.08723273	11.76565954
1000	1020	61	4	0.03699941	0.38300318
1000	1020	61	5	1.24400129	7.44085615
1000	1020	61	6	0.03223654	1.40034673
1000	1020	61	7	1.16543758	10.61106151
1000	1020	61	8	3.49305602	30.30542962
1000	1020	61	9	4.06284853	16.09010798
1000	1020	61	10	0.42127993	1.23666624
1000	1020	61	11	1.98532861	9.17760335
1000	1020	61	12	0.03904068	1.34371626
1000	1020	61	13	0.08508718	4.24990287
1000	1020	61	14	3.98140252	15.91336175
1000	1020	61	15	0.12575825	0.33450095
1000	1020	61	16	0.77525025	3.40519777
1000	1020	61	17	0.18074331	1.22373455
1000	1020	61	18	1.18596461	5.44952982
1000	1020	61	19	2.82843747	12.97427943
1000	1020	62	0	0.00997617	3.49898383
1000	1020	62	1	2.81139018	56.12274697
1000	1020	62	2	0.01081382	0.17068555
1000	1020	62	3	1.08877841	11.94418034
1000	1020	62	4	0.03553137	0.35437616
1000	1020	62	5	1.32133128	7.94980796
1000	1020	62	6	0.03086450	1.31201719
1000	1020	62	7	1.16595729	10.64180594
1000	1020	62	8	3.50114263	30.50023025
1000	1020	62	9	4.06309040	16.09199203
1000	1020	62	10	0.45402020	1.34188441
1000	1020	62	11	1.99797992	9.29919992
1000	1020	62	12	0.03749716	1.26239416
1000	1020	62	13	0.07541363	3.93352635
1000	1020	62	14	3.96178353	15.86311812
1000	1020	62	15	0.14158593	0.37499321
1000	1020	62	16	0.75313928	3.33982751
1000	1020	62	17	0.19626192	1.31613199
1000	1020	62	18	1.28098613	5.91479249
1000	1020	62	19	2.71437294	12.60250999
1000	1020	63	0	0.00858525	3.27833435
1000	1020	63	1	2.76792279	56.11649101
1000	1020	63	2	0.01051985	0.15947099
1000	1020	63	3	1.09007050	12.11045891
1000	1020	63	4	0.03423774	0.32918625
1000	1020	63	5	1.39864331	8.48581266
1000	1020	63	6	0.02965909	1.22992055
1000	1020	63	7	1.16641652	10.66978241
1000	1020	63	8	3.50838409	30.68191661
1000	1020	63	9	4.06329375	16.09364243
1000	1020	63	10	0.48775219	1.45295164
1000	1020	63	11	2.00924364	9.40875470
1000	1020	63	12	0.03613473	1.18681293
1000	1020	63	13	0.06682490	3.63736252
1000	1020	63	14	3.93960938	15.80598470
1000	1020	63	15	0.15946059	0.42099146
1000	1020	63	16	0.72942390	3.26848383
1000	1020	63	17	0.21241808	1.41737753
1000	1020	63	18	1.37928250	6.41354556
1000	1020	63	19	2.59633042	12.20837585
1000	1020	64	0	0.00742219	3.07083745
1000	1020	64	1	2.72011654	56.06708173
1000	1020	64	2	0.01026312	0.14940978
1000	1020	64	3	1.09115207	12.26518716
1000	1020	64	4	0.03309405	0.30701893
1000	1020	64	5	1.47529649	9.04617984
1000	1020	64	6	0.02859674	1.15368680
1000	1020	64	7	1.16682361	10.69522645
1000	1020	64	8	3.51486813	30.85107080
1000	1020	64	9	4.06345987	16.09507964
1000	1020	64	10	0.52222917	1.56936479
1000	1020	64	11	2.01928378	9.50732549
1000	1020	64	12	0.03492864	1.11663943
1000	1020	64	13	0.05920486	3.36058686
1000	1020	64	14	3.91459740	15.74115188
1000	1020	64	15	0.17960545	0.47313920
1000	1020	64	16	0.70415625	3.19103696
1000	1020	64	17	0.22910124	1.52746995
1000	1020	64	18	1.48016155	6.94463476
1000	1020	64	19	2.47508815	11.79341543
1000	1020	65	0	0.00644827	2.87585405
1000	1020	65	1	2.66778428	55.97234681
1000	1020	65	2	0.01004059	0.14039033
1000	1020	65	3	1.09205879	12.40904666
1000	1020	65	4	0.03207979	0.28750622
1000	1020	65	5	1.55067652	9.62784399
1000	1020	65	6	0.02765756	1.08295422
1000	1020	65	7	1.16718557	10.71835673
1000	1020	65	8	3.52067388	31.00829933
1000	1020	65	9	4.06358951	16.09632023
1000	1020	65	10	0.55718486	1.69050255
1000	1020	65	11	2.02824484	9.59591926
1000	1020	65	12	0.03385797	1.05154560
1000	1020	65	13	0.05244864	3.10233655
1000	1020	65	14	3.88644512	15.66773245
1000	1020	65	15	0.20225821	0.53213906
1000	1020	65	16	0.67742290	3.10744128
1000	1020	65	17	0.24618488	1.64629755
1000	1020	65	18	1.58286178	7.50636631
1000	1020	65	19	2.35149488	11.35956596
1000	1020	66	0	0.00563147	2.69274852
1000	1020	66	1	2.61078477	55.83003579
1000	1020	66	2	0.00984969	0.13231238
1000	1020	66	3	1.09282018	12.54270199
1000	1020	66	4	0.03117766	0.27032269
1000	1020	66	5	1.62421369	10.22742813
1000	1020	66	6	0.02682483	1.01737235
1000	1020	66	7	1.16750831	10.73937553
1000	1020	66	8	3.52587257	31.15422183
1000	1020	66	9	4.06368297	16.09737735
1000	1020	66	10	0.59234139	1.81563614
1000	1020	66	11	2.03625386	9.67548300
1000	1020	66	12	0.03290493	0.99121184
1000	1020	66	13	0.04646184	2.86172542
1000	1020	66	14	3.85483250	15.58476155
1000	1020	66	15	0.22766918	0.59875232
1000	1020	66	16	0.64934607	3.01774901
1000	1020	66	17	0.26353004	1.77363019
1000	1020	66	18	1.68657444	8.09650892
1000	1020	66	19	2.22644641	10.90913557
1000	1020	67	0	0.00494532	2.52089508
1000	1020	67	1	2.54903436	55.63787000
1000	1020	67	2	0.00968828	0.12508606
1000	1020	67	3	1.09346063	12.66679595
1000	1020	67	4	0.03037306	0.25518138
1000	1020	67	5	1.69539785	10.84131915
1000	1020	67	6	0.02608439	0.95660416
1000	1020	67	7	1.16779684	10.75846943
1000	1020	67	8	3.53052822	31.28946172
1000	1020	67	9	4.06374006	16.09826112
1000	1020	67	10	0.62741790	1.94394517
1000	1020	67	11	2.04342235	9.74689844
1000	1020	67	12	0.03205445	0.93532942
1000	1020	67	13	0.04115965	2.63785663
1000	1020	67	14	3.81942514	15.49119868
1000	1020	67	15	0.25609826	0.67379649
1000	1020	67	16	0.62008316	2.92212169
1000	1020	67	17	0.28098959	1.90911538
1000	1020	67	18	1.79046828	8.71231765
1000	1020	67	19	2.10086010	10.44475886
1000	1020	68	0	0.00436794	2.35968271
1000	1020	68	1	2.48251821	55.39360150
1000	1020	68	2	0.00955463	0.11863095
1000	1020	68	3	1.09400029	12.78194605
1000	1020	68	4	0.02965358	0.24182989
1000	1020	68	5	1.76378967	11.46575074
1000	1020	68	6	0.02542423	0.90032752
1000	1020	68	7	1.16805541	10.77581005
1000	1020	68	8	3.53469828	31.41463859
1000	1020	68	9	4.06376017	16.09897893
1000	1020	68	10	0.66213906	2.07453804
1000	1020	68	11	2.04984803	9.81097975
1000	1020	68	12	0.03129363	0.88360216
1000	1020	68	13	0.03646605	2.42983324
1000	1020	68	14	3.77987901	15.38593258
1000	1020	68	15	0.28781091	0.75814060
1000	1020	68	16	0.58982451	2.82083840
1000	1020	68	17	0.29841307	2.05227895
1000	1020	68	18	1.89371527	9.35057934
1000	1020	68	19	1.97564897	9.96933797
1000	1020	69	0	0.00388127	2.20851883
1000	1020	69	1	2.41130041	55.09508036
1000	1020	69	2	0.00944737	0.11287527
1000	1020	69	3	1.09445578	12.88874229
1000	1020	69	4	0.02900866	0.23004665
1000	1020	69	5	1.82902796	12.09688929
1000	1020	69	6	0.02483417	0.84823598
1000	1020	69	7	1.16828765	10.79155492
1000	1020	69	8	3.53843423	31.53036204
1000	1020	69	9	4.06374227	16.09953569
1000	1020	69	10	0.69624318	2.20647571
1000	1020	69	11	2.05561653	9.86847350
1000	1020	69	12	0.03061146	0.83574752
1000	1020	69	13	0.03231301	2.23676702
1000	1020	69	14	3.73584668	15.26778948
1000	1020	69	15	0.32307282	0.85269763
1000	1020	69	16	0.55878932	2.71429965
1000	1020	69	17	0.31565178	2.20253050
1000	1020	69	18	1.99551561	10.00767771
1000	1020	69	19	1.85169679	9.48597221
1000	1020	70	0	0.00347043	2.06683181
1000	1020	70	1	2.33553193	54.74032870
1000	1020	70	2	0.00936547	0.10775515
1000	1020	70	3	1.09484081	12.98774569
1000	1020	70	4	0.02842927	0.21963751
1000	1020	70	5	1.89083281	12.73091873
1000	1020	70	6	0.02430548	0.80003932
1000	1020	70	7	1.16849670	10.80584836
1000	1020	70	8	3.54178217	31.63722682
1000	1020	70	9	4.06368489	16.09993403
1000	1020	70	10	0.72948932	2.33879745
1000	1020	70	11	2.06080283	9.92006027
1000	1020	70	12	0.02999849	0.79149727
1000	1020	70	13	0.02863977	2.05778561
1000	1020	70	14	3.68698532	15.13554559
1000	1020	70	15	0.36214323	0.95841349
1000	1020	70	16	0.52721980	2.60302629
1000	1020	70	17	0.33256358	2.35917355
1000	1020	70	18	2.09512068	10.67967498
1000	1020	70	19	1.72983569	8.99788020
1000	1020	71	0	0.00312313	1.93407286
1000	1020	71	1	2.25545576	54.32761888
1000	1020	71	2	0.00930824	0.10321392
1000	1020	71	3	1.09516670	13.07948766
1000	1020	71	4	0.02790768	0.21043256
1000	1020	71	5	1.94900516	13.36412004
1000	1020	71	6	0.02383073	0.75546357
1000	1020	71	7	1.16868523	10.81882238
1000	1020	71	8	3.54478334	31.73580903
1000	1020	71	9	4.06358616	16.10017445
1000	1020	71	10	0.76166300	2.47054711
1000	1020	71	11	2.06547265	9.96635741
1000	1020	71	12	0.02944660	0.75059775
1000	1020	71	13	0.02539212	1.89203830
1000	1020	71	14	3.63296642	14.98794428
1000	1020	71	15	0.40526691	1.07625226
1000	1020	71	16	0.49537395	2.48765279
1000	1020	71	17	0.34901742	2.52141977
1000	1020	71	18	2.19185229	11.36240547
1000	1020	71	19	1.61082725	8.50831877
1000	1020	72	0	0.00282922	1.80971704
1000	1020	72	1	2.17140844	53.85555303
1000	1020	72	2	0.00927525	0.09920155
1000	1020	72	3	1.09544279	13.16446990
1000	1020	72	4	0.02743720	0.20228326
1000	1020	72	5	2.00342315	13.99294253
1000	1020	72	6	0.02340351	0.71425093
1000	1020	72	7	1.16885556	10.83059755
1000	1020	72	8	3.54747461	31.82666334
1000	1020	72	9	4.06344376	16.10025546
1000	1020	72	10	0.79258043	2.60079845
1000	1020	72	11	2.06968354	10.00792262
1000	1020	72	12	0.02894876	0.71280990
1000	1020	72	13	0.02252175	1.73870052
1000	1020	72	14	3.57348735	14.82371883
1000	1020	72	15	0.45266479	1.20717701
1000	1020	72	16	0.46351732	2.36891498
1000	1020	72	17	0.36489691	2.68840668
1000	1020	72	18	2.28511777	12.05157627
1000	1020	72	19	1.49534789	8.02050303
1000	1020	73	0	0.00258036	1.69326388
1000	1020	73	1	2.08381730	53.32313994
1000	1020	73	2	0.00926640	0.09567402
1000	1020	73	3	1.09567678	13.24316469
1000	1020	73	4	0.02701206	0.19505983
1000	1020	73	5	2.05403597	14.61406440
1000	1020	73	6	0.02301832	0.67615937
1000	1020	73	7	1.16900970	10.84128388
1000	1020	73	8	3.54988892	31.91032090
1000	1020	73	9	4.06325497	16.10017362
1000	1020	73	10	0.82209102	2.72867814
1000	1020	73	11	2.07348603	10.04525792
1000	1020	73	12	0.02849888	0.67790903
1000	1020	73	13	0.01998572	1.59697730
1000	1020	73	14	3.50828446	14.64162078
1000	1020	73	15	0.50452354	1.35212626
1000	1020	73	16	0.43191444	2.24763264
1000	1020	73	17	0.38010310	2.85921768
1000	1020	73	18	2.37442003	12.74286951
1000	1020	73	19	1.38397872	7.53753149
1000	1020	74	0	0.00236964	1.58423752
1000	1020	74	1	1.99319348	52.72986555
1000	1020	74	2	0.00928183	0.09259289
1000	1020	74	3	1.09587501	13.31601553
1000	1020	74	4	0.02662726	0.18864898
1000	1020	74	5	2.10085595	15.22444119
1000	1020	74	6	0.02267039	0.64096220
1000	1020	74	7	1.16914941	10.85098160
1000	1020	74	8	3.55205568	31.98728800
1000	1020	74	9	4.06301662	16.09992365
1000	1020	74	10	0.85007837	2.85338550
1000	1020	74	11	2.07692444	10.07881388
1000	1020	74	12	0.02809169	0.64568451
1000	1020	74	13	0.01774582	1.46610582
1000	1020	74	14	3.43714732	14.44045434
1000	1020	74	15	0.56098437	1.51198595
1000	1020	74	16	0.40082028	2.12468764
1000	1020	74	17	0.39455613	3.03290341
1000	1020	74	18	2.45936284	13.43204126
1000	1020	74	19	1.27719995	7.06231945
1000	1020	75	0	0.00219138	1.48218662
1000	1020	75	1	1.90012063	52.07575272
1000	1020	75	2	0.00932196	0.08992484
1000	1020	75	3	1.09604271	13.38343802
1000	1020	75	4	0.02627844	0.18295181
1000	1020	75	5	2.14394965	15.82134152
1000	1020	75	6	0.02235559	0.60844747
1000	1020	75	7	1.16927622	10.85978201
1000	1020	75	8	3.55400116	32.05804524
1000	1020	75	9	4.06272508	16.09949842
1000	1020	75	10	0.87645974	2.97420804
1000	1020	75	11	2.08003777	10.10899391
1000	1020	75	12	0.02772259	0.61593931
1000	1020	75	13	0.01576816	1.34535712
1000	1020	75	14	3.35993372	14.21911623
1000	1020	75	15	0.62213159	1.68755743
1000	1020	75	16	0.37047257	2.00099918
1000	1020	75	17	0.40819587	3.20850315
1000	1020	75	18	2.53965153	14.11501266
1000	1020	75	19	1.17538949	6.59754340
1000	1020	76	0	0.00204092	1.38668385
1000	1020	76	1	1.80523987	51.36140681
1000	1020	76	2	0.00938746	0.08764125
1000	1020	76	3	1.09618419	13.44582089
1000	1020	76	4	0.02596178	0.17788201
1000	1020	76	5	2.18342841	16.40237039
1000	1020	76	6	0.02207032	0.57841738
1000	1020	76	7	1.16939147	10.86776816
1000	1020	76	8	3.55574878	32.12304717
1000	1020	76	9	4.06237626	16.09888898
1000	1020	76	10	0.90118443	3.09053266
1000	1020	76	11	2.08286031	10.13615849
1000	1020	76	12	0.02738753	0.58848941
1000	1020	76	13	0.01402267	1.23403718
1000	1020	76	14	3.27658433	13.97664047
1000	1020	76	15	0.68798158	1.87952206
1000	1020	76	16	0.34108519	1.87749723
1000	1020	76	17	0.42098172	3.38506545
1000	1020	76	18	2.61508968	14.78794957
1000	1020	76	19	1.07882519	6.14559751
1000	1020	77	0	0.00191442	1.29732542
1000	1020	77	1	1.70923194	50.58804393
1000	1020	77	2	0.00947929	0.08571788
1000	1020	77	3	1.09630299	13.50352715
1000	1020	77	4	0.02567395	0.17336425
1000	1020	77	5	2.21943908	16.96548072
1000	1020	77	6	0.02181143	0.55068752
1000	1020	77	7	1.16949634	10.87501556
1000	1020	77	8	3.55731945	32.18272232
1000	1020	77	9	4.06196555	16.09808453
1000	1020	77	10	0.92423112	3.20185222
1000	1020	77	11	2.08542233	10.16062920
1000	1020	77	12	0.02708299	0.56316326
1000	1020	77	13	0.01248270	1.13148751
1000	1020	77	14	3.18713647	13.71224649
1000	1020	77	15	0.75847293	2.08840393
1000	1020	77	16	0.31284315	1.75509607
1000	1020	77	17	0.43289141	3.56166692
1000	1020	77	18	2.68557265	15.44732854
1000	1020	77	19	0.98769002	5.70856328
1000	1020	78	0	0.00180874	1.21373030
1000	1020	78	1	1.61279749	49.75749985
1000	1020	78	2	0.00959863	0.08413457
1000	1020	78	3	1.09640197	13.55689531
1000	1020	78	4	0.02541202	0.16933277
1000	1020	78	5	2.25215521	17.50897454
1000	1020	78	6	0.02157617	0.52508624
1000	1020	78	7	1.16959186	10.88159283
1000	1020	78	8	3.55873182	32.23747346
1000	1020	78	9	4.06148783	16.09707240
1000	1020	78	10	0.94560464	3.30776791
1000	1020	78	11	2.08775053	10.18269256
1000	1020	78	12	0.02680586	0.53980116
1000	1020	78	13	0.01112466	1.03708513
1000	1020	78	14	3.09173550	13.42538880
1000	1020	78	15	0.83345866	2.31453210
1000	1020	78	16	0.28589924	1.63466930
1000	1020	78	17	0.44391944	3.73742858
1000	1020	78	18	2.75107869	16.08998741
1000	1020	78	19	0.90207960	5.28819178
1000	1020	79	0	0.00172131	1.13553943
1000	1020	79	1	1.51663689	48.87221884
1000	1020	79	2	0.00974693	0.08287493
1000	1020	79	3	1.09648349	13.60624059
1000	1020	79	4	0.02517338	0.16573013
1000	1020	79	5	2.28176900	18.03149512
1000	1020	79	6	0.02136214	0.50145390
1000	1020	79	7	1.16967897	10.88756228
1000	1020	79	8	3.56000254	32.28767820
1000	1020	79	9	4.06093741	16.09583800
1000	1020	79	10	0.96533234	3.40798764
1000	1020	79	11	2.08986852	10.20260362
1000	1020	79	12	0.02655339	0.51825457
1000	1020	79	13	0.00992768	0.95024236
1000	1020	79	14	2.99064305	13.11580546
1000	1020	79	15	0.91270118	2.55800479
1000	1020	79	16	0.26037245	1.51702765
1000	1020	79	17	0.45407488	3.91152938
1000	1020	79	18	2.81165853	16.71316049
1000	1020	79	19	0.82201117	4.88589776
1000	1020	80	0	0.00165009	1.06241487
1000	1020	80	1	1.42143065	47.93522281
1000	1020	80	2	0.00992594	0.08192617
1000	1020	80	3	1.09654943	13.65185626
1000	1020	80	4	0.02495576	0.16250616
1000	1020	80	5	2.30848421	18.53201198
1000	1020	80	6	0.02116719	0.47964221
1000	1020	80	7	1.16975846	10.89298049
1000	1020	80	8	3.56114644	32.33368969
1000	1020	80	9	4.06030800	16.09436473
1000	1020	80	10	0.98346028	3.50232136
1000	1020	80	11	2.09179723	10.22058926
1000	1020	80	12	0.02632318	0.49838554
1000	1020	80	13	0.00887335	0.87040615
1000	1020	80	14	2.88424088	12.78356253
1000	1020	80	15	0.99587094	2.81865757
1000	1020	80	16	0.23634788	1.40290068
1000	1020	80	17	0.46337911	4.08321666
1000	1020	80	18	2.86742425	17.31449859
1000	1020	80	19	0.74743360	4.50276425
1000	1020	81	0	0.00159343	0.99403888
1000	1020	81	1	1.32782165	46.95006250
1000	1020	81	2	0.01013766	0.08127886
1000	1020	81	3	1.09660127	13.69401477
1000	1020	81	4	0.02475713	0.15961699
1000	1020	81	5	2.33251007	19.00980019
1000	1020	81	6	0.02098944	0.45951350
1000	1020	81	7	1.16983108	10.89789881
1000	1020	81	8	3.56217676	32.37583747
1000	1020	81	9	4.05959265	16.09263388
1000	1020	81	10	1.00004951	3.59067361
1000	1020	81	11	2.09355524	10.23685119
1000	1020	81	12	0.02611305	0.48006606
1000	1020	81	13	0.00794537	0.79705727
1000	1020	81	14	2.77302970	12.42909110
1000	1020	81	15	1.08254905	3.09603839
1000	1020	81	16	0.21387819	1.29292299
1000	1020	81	17	0.47186341	4.25181343
1000	1020	81	18	2.91853788	17.89207526
1000	1020	81	19	0.67823760	4.13955603
1000	1020	82	0	0.00155004	0.93011304
1000	1020	82	1	1.23640003	45.92075322
1000	1020	82	2	0.01038438	0.08092680
1000	1020	82	3	1.09664016	13.73296903
1000	1020	82	4	0.02457567	0.15702423
1000	1020	82	5	2.35405632	19.46441567
1000	1020	82	6	0.02082723	0.44094007
1000	1020	82	7	1.16989746	10.90236380
1000	1020	82	8	3.56310532	32.41442847
1000	1020	82	9	4.05878371	16.09062453
1000	1020	82	10	1.01517252	3.67303441
1000	1020	82	11	2.09515905	10.25156876
1000	1020	82	12	0.02592110	0.46317740
1000	1020	82	13	0.00712942	0.72970926
1000	1020	82	14	2.65762239	12.05321374
1000	1020	82	15	1.17223423	3.38939154
1000	1020	82	16	0.19298604	1.18762513
1000	1020	82	17	0.47956661	4.41672288
1000	1020	82	18	2.96520051	18.44438088
1000	1020	82	19	0.61426599	3.79673995
1000	1020	83	0	0.00151898	0.87035731
1000	1020	83	1	1.14769130	44.85169887
1000	1020	83	2	0.01066873	0.08086691
1000	1020	83	3	1.09666693	13.76895358
1000	1020	83	4	0.02440978	0.15469427
1000	1020	83	5	2.37332910	19.89566793
1000	1020	83	6	0.02067908	0.42380356
1000	1020	83	7	1.16995818	10.90641771
1000	1020	83	8	3.56394265	32.44974801
1000	1020	83	9	4.05787275	16.08831339
1000	1020	83	10	1.02890999	3.74946881
1000	1020	83	11	2.09662337	10.26490139
1000	1020	83	12	0.02574563	0.44760960
1000	1020	83	13	0.00641287	0.66790728
1000	1020	83	14	2.53873174	11.65715750
1000	1020	83	15	1.26435386	3.69765267
1000	1020	83	16	0.17366734	1.08742935
1000	1020	83	17	0.48653300	4.57743012
1000	1020	83	18	3.00764209	18.97030655
1000	1020	83	19	0.55532338	3.47451051
1000	1020	84	0	0.00149957	0.81450915
1000	1020	84	1	1.06214800	43.74760772
1000	1020	84	2	0.01099364	0.08109909
1000	1020	84	3	1.09668215	13.80218566
1000	1020	84	4	0.02425802	0.15259766
1000	1020	84	5	2.39052787	20.30359145
1000	1020	84	6	0.02054366	0.40799430
1000	1020	84	7	1.17001376	10.91009884
1000	1020	84	8	3.56469816	32.48206093
1000	1020	84	9	4.05685051	16.08567459
1000	1020	84	10	1.04134788	3.82010590
1000	1020	84	11	2.09796131	10.27699082
1000	1020	84	12	0.02558512	0.43326080
1000	1020	84	13	0.00578461	0.61122681
1000	1020	84	14	2.41715304	11.24255135
1000	1020	84	15	1.35827867	4.01945610
1000	1020	84	16	0.15589504	0.99264960
1000	1020	84	17	0.49281036	4.73350171
1000	1020	84	18	3.04611224	19.46911996
1000	1020	84	19	0.50118522	3.17281886
1000	1020	85	0	0.00149140	0.76232265
1000	1020	85	1	0.98014495	42.61340424
1000	1020	85	2	0.01136243	0.08162623
1000	1020	85	3	1.09668613	13.83286631
1000	1020	85	4	0.02411912	0.15070854
1000	1020	85	5	2.40584311	20.68841677
1000	1020	85	6	0.02041981	0.39341075
1000	1020	85	7	1.17006465	10.91344190
1000	1020	85	8	3.56538024	32.51161262
1000	1020	85	9	4.05570676	16.08267955
1000	1020	85	10	1.05257498	3.88512777
1000	1020	85	11	2.09918459	10.28796315
1000	1020	85	12	0.02543820	0.42003678
1000	1020	85	13	0.00523494	0.55927237
1000	1020	85	14	2.29374264	10.81140687
1000	1020	85	15	1.45334015	4.35315501
1000	1020	85	16	0.13962312	0.90349526
1000	1020	85	17	0.49844830	4.88458328
1000	1020	85	18	3.08087225	19.94043531
1000	1020	85	19	0.45160597	2.89140364
1000	1020	86	0	0.00149429	0.71356770
1000	1020	86	1	0.90197778	41.45414047
1000	1020	86	2	0.01177876	0.08245411
1000	1020	86	3	1.09667896	13.86118134
1000	1020	86	4	0.02399192	0.14900421
1000	1020	86	5	2.41945468	21.05054213
1000	1020	86	6	0.02030646	0.37995896
1000	1020	86	7	1.17011128	10.91647836
1000	1020	86	8	3.56599640	32.53863017
1000	1020	86	9	4.05443030	16.07929668
1000	1020	86	10	1.06268079	3.94475873
1000	1020	86	11	2.10030370	10.29793057
1000	1020	86	12	0.02530367	0.40785038
1000	1020	86	13	0.00475535	0.51167609
1000	1020	86	14	2.16939348	10.36608233
1000	1020	86	15	1.54884978	4.69685385
1000	1020	86	16	0.12479049	0.82007799
1000	1020	86	17	0.50349692	5.03039566
1000	1020	86	18	3.11218822	20.38417908
1000	1020	86	19	0.40632627	2.62982241
1000	1020	87	0	0.00150833	0.66802920
1000	1020	87	1	0.82786438	40.27491045
1000	1020	87	2	0.01224675	0.08359149
1000	1020	87	3	1.09666045	13.88730231
1000	1020	87	4	0.02387538	0.14746470
1000	1020	87	5	2.43153086	21.39050629
1000	1020	87	6	0.02020268	0.36755198
1000	1020	87	7	1.17015401	10.91923675
1000	1020	87	8	3.56655332	32.56332346
1000	1020	87	9	4.05300877	16.07549115
1000	1020	87	10	1.07175382	3.99925528
1000	1020	87	11	2.10132804	10.30699297
1000	1020	87	12	0.02518041	0.39662103
1000	1020	87	13	0.00433843	0.46809636
1000	1020	87	14	2.04500943	9.90923149
1000	1020	87	15	1.64411873	5.04845175
1000	1020	87	16	0.11132474	0.74242080
1000	1020	87	17	0.50800566	5.17072993
1000	1020	87	18	3.14032547	20.80055357
1000	1020	87	19	0.36507924	2.38748254
1000	1020	88	0	0.00153382	0.62550627
1000	1020	88	1	0.75794879	39.08077034
1000	1020	88	2	0.01277097	0.08505007
1000	1020	88	3	1.09663020	13.91138733
1000	1020	88	4	0.02376858	0.14607246
1000	1020	88	5	2.44222776	21.70896307
1000	1020	88	6	0.02010762	0.35610942
1000	1020	88	7	1.17019318	10.92174290
1000	1020	88	8	3.56705699	32.58588620
1000	1020	88	9	4.05142857	16.07122456
1000	1020	88	10	1.07988025	4.04889688
1000	1020	88	11	2.10226604	10.31523938
1000	1020	88	12	0.02506746	0.38627429
1000	1020	88	13	0.00397777	0.42821643
1000	1020	88	14	1.92147974	9.44373964
1000	1020	88	15	1.73847685	5.40569451
1000	1020	88	16	0.09914565	0.67046863
1000	1020	88	17	0.51202248	5.30544170
1000	1020	88	18	3.16554397	21.18999966
1000	1020	88	19	0.32759570	2.16367065
1000	1020	89	0	0.00157131	0.58581160
1000	1020	89	1	0.69230688	37.87666653
1000	1020	89	2	0.01335645	0.08684462
1000	1020	89	3	1.09658755	13.93358192
1000	1020	89	4	0.02367069	0.14481197
1000	1020	89	5	2.45168921	22.00665780
1000	1020	89	6	0.02002052	0.34555698
1000	1020	89	7	1.17022910	10.92402023
1000	1020	89	8	3.56751275	32.60649702
1000	1020	89	9	4.04967474	16.06645460
1000	1020	89	10	1.08714287	4.09397771
1000	1020	89	11	2.10312529	10.32274916
1000	1020	89	12	0.02496392	0.37674141
1000	1020	89	13	0.00366785	0.39174307
1000	1020	89	14	1.79965530	8.97265035
1000	1020	89	15	1.83129004	5.76623239
1000	1020	89	16	0.08816811	0.60409975
1000	1020	89	17	0.51559319	5.43444495
1000	1020	89	18	3.18809488	21.55315989
1000	1020	89	19	0.29360852	1.95758016
1000	1020	90	0	0.00162162	0.54877079
1000	1020	90	1	0.63095333	36.66737292
1000	1020	90	2	0.01400882	0.08899305
1000	1020	90	3	1.09653158	13.95401967
1000	1020	90	4	0.02358095	0.14366957
1000	1020	90	5	2.46004687	22.28440602
1000	1020	90	6	0.01994070	0.33582597
1000	1020	90	7	1.17026203	10.92608995
1000	1020	90	8	3.56792537	32.62532045
1000	1020	90	9	4.04773083	16.06113471
1000	1020	90	10	1.09362041	4.13479961
1000	1020	90	11	2.10391258	10.32959314
1000	1020	90	12	0.02486900	0.36795889
1000	1020	90	13	0.00340397	0.35840522
1000	1020	90	14	1.68032785	8.49908697
1000	1020	90	15	1.92197493	6.12768053
1000	1020	90	16	0.07830476	0.54313742
1000	1020	90	17	0.51876104	5.55770569
1000	1020	90	18	3.20821799	21.89084299
1000	1020	90	19	0.26285615	1.76833631
1000	1020	91	0	0.00168586	0.51422174
1000	1020	91	1	0.57384940	35.45743842
1000	1020	91	2	0.01473428	0.09151658
1000	1020	91	3	1.09646105	13.97282296
1000	1020	91	4	0.02349868	0.14263318
1000	1020	91	5	2.46742067	22.54307438
1000	1020	91	6	0.01986755	0.32685296
1000	1020	91	7	1.17029222	10.92797127
1000	1020	91	8	3.56829913	32.64250787
1000	1020	91	9	4.04557869	16.05521358
1000	1020	91	10	1.09938695	4.17166596
1000	1020	91	11	2.10463407	10.33583458
1000	1020	91	12	0.02478198	0.35986814
1000	1020	91	13	0.00318218	0.32795272
1000	1020	91	14	1.56421299	8.02617330
1000	1020	91	15	2.01001050	6.48767859
1000	1020	91	16	0.06946814	0.48736114
1000	1020	91	17	0.52156644	5.67523564
1000	1020	91	18	3.22613985	22.20399050
1000	1020	91	19	0.23508533	1.59501856
1000	1020	92	0	0.00176544	0.48201412
1000	1020	92	1	0.52091094	34.25114483
1000	1020	92	2	0.01553968	0.09443989
1000	1020	92	3	1.09637442	13.99010346
1000	1020	92	4	0.02342328	0.14169210
1000	1020	92	5	2.47391926	22.78356383
1000	1020	92	6	0.01980051	0.31857935
1000	1020	92	7	1.17031989	10.92968161
1000	1020	92	8	3.56863784	32.65819847
1000	1020	92	9	4.04319839	16.04863475
1000	1020	92	10	1.10451170	4.20487671
1000	1020	92	11	2.10529526	10.34153003
1000	1020	92	12	0.02470222	0.35241509
1000	1020	92	13	0.00299922	0.30015510
1000	1020	92	14	1.45193771	7.55695732
1000	1020	92	15	2.09494619	6.84394689
1000	1020	92	16	0.06157235	0.43651739
1000	1020	92	17	0.52404681	5.78708607
1000	1020	92	18	3.24207266	22.49364602
1000	1020	92	19	0.21005324	1.43668016
1000	1020	93	0	0.00186215	0.45200896
1000	1020	93	1	0.47201643	33.05247482
1000	1020	93	2	0.01643261	0.09779131
1000	1020	93	3	1.09626973	14.00596269
1000	1020	93	4	0.02335419	0.14083687
1000	1020	93	5	2.47964069	23.00679497
1000	1020	93	6	0.01973909	0.31095104
1000	1020	93	7	1.17034525	10.93123672
1000	1020	93	8	3.56894492	32.67252012
1000	1020	93	9	4.04056798	16.04133604
1000	1020	93	10	1.10905879	4.23472435
1000	1020	93	11	2.10590114	10.34673007
1000	1020	93	12	0.02462912	0.34554988
1000	1020	93	13	0.00285252	0.27480041
1000	1020	93	14	1.34403240	7.09434181
1000	1020	93	15	2.17640664	7.19433628
1000	1020	93	16	0.05453443	0.39032934
1000	1020	93	17	0.52623651	5.89334198
1000	1020	93	18	3.25621367	22.76092733
1000	1020	93	19	0.18752891	1.29236507
1000	1020	94	0	0.00197818	0.42407822
1000	1020	94	1	0.42701463	31.86508961
1000	1020	94	2	0.01742144	0.10160314
1000	1020	94	3	1.09614462	14.02049235
1000	1020	94	4	0.02329091	0.14005909
1000	1020	94	5	2.48467312	23.21369552
1000	1020	94	6	0.01968284	0.30391809
1000	1020	94	7	1.17036846	10.93265089
1000	1020	94	8	3.56922342	32.68559017
1000	1020	94	9	4.03766330	16.03324902
1000	1020	94	10	1.11308733	4.26149076
1000	1020	94	11	2.10645617	10.35148000
1000	1020	94	12	0.02456217	0.33922653
1000	1020	94	13	0.00274010	0.25169412
1000	1020	94	14	1.24092729	6.64102452
1000	1020	94	15	2.25409313	7.53687009
1000	1020	94	16	0.04827525	0.34850553
1000	1020	94	17	0.52816695	5.99411659
1000	1020	94	18	3.26874499	23.00700161
1000	1020	94	19	0.16729427	1.16112208
1000	1020	95	0	0.00211620	0.39810449
1000	1020	95	1	0.38573172	30.69231536
1000	1020	95	2	0.01851543	0.10591186
1000	1020	95	3	1.09599618	14.03377471
1000	1020	95	4	0.02323301	0.13935130
1000	1020	95	5	2.48909552	23.40518970
1000	1020	95	6	0.01963136	0.29743440
1000	1020	95	7	1.17038970	10.93393705
1000	1020	95	8	3.56947608	32.69751626
1000	1020	95	9	4.03445781	16.02429841
1000	1020	95	10	1.11665146	4.28544486
1000	1020	95	11	2.10696439	10.35582038
1000	1020	95	12	0.02450090	0.33340264
1000	1020	95	13	0.00266065	0.23065814
1000	1020	95	14	1.14295282	6.19944994
1000	1020	95	15	2.32778226	7.86977679
1000	1020	95	16	0.04272029	0.31074734
1000	1020	95	17	0.52986661	6.08954635
1000	1020	95	18	3.27983373	23.23306381
1000	1020	95	19	0.14914476	1.04201656
1000	1020	96	0	0.00227946	0.37398076
1000	1020	96	1	0.34797772	29.53713741
1000	1020	96	2	0.01972475	0.11075848
1000	1020	96	3	1.09582094	14.04588278
1000	1020	96	4	0.02318009	0.13870689
1000	1020	96	5	2.49297842	23.58218941
1000	1020	96	6	0.01958428	0.29145746
1000	1020	96	7	1.17040910	10.93510692
1000	1020	96	8	3.56970534	32.70839705
1000	1020	96	9	4.03092234	16.01440134
1000	1020	96	10	1.11980051	4.30684101
1000	1020	96	11	2.10742941	10.35978756
1000	1020	96	12	0.02444487	0.32803914
1000	1020	96	13	0.00261344	0.21152985
1000	1020	96	14	1.05034337	5.77177369
1000	1020	96	15	2.39732221	8.19151301
1000	1020	96	16	0.03779994	0.27675532
1000	1020	96	17	0.53136121	6.17978635
1000	1020	96	18	3.28963248	23.44031796
1000	1020	96	19	0.13288954	0.93413983
1000	1020	97	0	0.00247186	0.35161033
1000	1020	97	1	0.31355222	28.40220123
1000	1020	97	2	0.02106066	0.11618893
1000	1020	97	3	1.09561469	14.05688046
1000	1020	97	4	0.02313178	0.13811997
1000	1020	97	5	2.49638467	23.74558700
1000	1020	97	6	0.01954129	0.28594803
1000	1020	97	7	1.17042680	10.93617108
1000	1020	97	8	3.56991339	32.71832290
1000	1020	97	9	4.02702484	16.00346671
1000	1020	97	10	1.12257928	4.32591787
1000	1020	97	11	2.10785447	10.36341414
1000	1020	97	12	0.02439372	0.32310006
1000	1020	97	13	0.00259840	0.19416129
1000	1020	97	14	0.96324371	5.35983966
1000	1020	97	15	2.46262722	8.50077698
1000	1020	97	16	0.03344981	0.24623435
1000	1020	97	17	0.53267388	6.26500619
1000	1020	97	18	3.29827987	23.62996144
1000	1020	97	19	0.11835151	0.83661652
1000	1020	98	0	0.00269810	0.33090679
1000	1020	98	1	0.28224933	27.28981911
1000	1020	98	2	0.02253552	0.12225444
1000	1020	98	3	1.09537238	14.06682248
1000	1020	98	4	0.02308778	0.13758531
1000	1020	98	5	2.49937007	23.89624951
1000	1020	98	6	0.01950210	0.28086997
1000	1020	98	7	1.17044291	10.93713915
1000	1020	98	8	3.57010216	32.72737653
1000	1020	98	9	4.02273017	15.99139436
1000	1020	98	10	1.12502821	4.34289792
1000	1020	98	11	2.10824245	10.36672930
1000	1020	98	12	0.02434711	0.31855224
1000	1020	98	13	0.00261613	0.17841840
1000	1020	98	14	0.88171736	4.96516936
1000	1020	98	15	2.52367087	8.79651301
1000	1020	98	16	0.02961076	0.21889778
1000	1020	98	17	0.53382531	6.34538637
1000	1020	98	18	3.30590129	23.80317190
1000	1020	98	19	0.10536707	0.74861006
1000	1020	99	0	0.00296380	0.31179410
1000	1020	99	1	0.25386183	26.20198130
1000	1020	99	2	0.02416298	0.12901202
1000	1020	99	3	1.09508797	14.07575433
1000	1020	99	4	0.02304781	0.13709827
1000	1020	99	5	2.50198409	24.03501414
1000	1020	99	6	0.01946645	0.27618992
1000	1020	99	7	1.17045752	10.93801981
1000	1020	99	8	3.57027342	32.73563359
1000	1020	99	9	4.01799980	15.97807427
1000	1020	99	10	1.12718375	4.35798721
1000	1020	99	11	2.10859591	10.36975922
1000	1020	99	12	0.02430474	0.31436517
1000	1020	99	13	0.00266793	0.16418038
1000	1020	99	14	0.80575623	4.58896233
1000	1020	99	15	2.58047840	9.07790807
1000	1020	99	16	0.02622881	0.19447057
1000	1020	99	17	0.53483397	6.42111504
1000	1020	99	18	3.31260973	23.96109664
1000	1020	99	19	0.09378572	0.66932663
1000	1020	100	0	0.00327570	0.29420687
1000	1020	100	1	0.22818470	25.14037096
1000	1020	100	2	0.02595800	0.13652492
1000	1020	100	3	1.09475423	14.08371193
1000	1020	100	4	0.02301162	0.13665470
1000	1020	100	5	2.50427046	24.16268484
1000	1020	100	6	0.01943414	0.27187717
1000	1020	100	7	1.17047072	10.93882090
1000	1020	100	8	3.57042870	32.74316326
1000	1020	100	9	4.01279153	15.96338564
1000	1020	100	10	1.12907855	4.37137559
1000	1020	100	11	2.10891709	10.37252731
1000	1020	100	12	0.02426637	0.31051080
1000	1020	100	13	0.00275588	0.15133914
1000	1020	100	14	0.73529096	4.23210612
1000	1020	100	15	2.63311887	9.34438164
1000	1020	100	16	0.02325503	0.17269162
1000	1020	100	17	0.53571625	6.49238523
1000	1020	100	18	3.31850662	24.10484424
1000	1020	100	19	0.08346957	0.59801773
1000	1020	101	0	0.00364190	0.27809076
1000	1020	101	1	0.20501791	24.10638170
1000	1020	101	2	0.02793706	0.14486325
1000	1020	101	3	1.09436250	14.09072119
1000	1020	101	4	0.02297902	0.13625096
1000	1020	101	5	2.50626774	24.28002988
1000	1020	101	6	0.01940497	0.26790342
1000	1020	101	7	1.17048259	10.93954954
1000	1020	101	8	3.57056939	32.75002874
1000	1020	101	9	4.00705925	15.94719600
1000	1020	101	10	1.13074183	4.38323702
1000	1020	101	11	2.10920796	10.37505445
1000	1020	101	12	0.02423176	0.30696330
1000	1020	101	13	0.00288296	0.13979889
1000	1020	101	14	0.67020154	3.89519407
1000	1020	101	15	2.68169715	9.59557021
1000	1020	101	16	0.02064530	0.15331532
1000	1020	101	17	0.53648667	6.55939246
1000	1020	101	18	3.32368266	24.23547805
1000	1020	101	19	0.07429276	0.53398158
1000	1020	102	0	0.00407205	0.26340309
1000	1020	102	1	0.18416872	23.10113717
1000	1020	102	2	0.03011822	0.15410451
1000	1020	102	3	1.09390242	14.09679736
1000	1020	102	4	0.02294984	0.13588379
1000	1020	102	5	2.50800984	24.38778019
1000	1020	102	6	0.01937877	0.26424262
1000	1020	102	7	1.17049318	10.94021212
1000	1020	102	8	3.57069670	32.75628770
1000	1020	102	9	4.00075260	15.92936016
1000	1020	102	10	1.13219960	4.39373024
1000	1020	102	11	2.10947016	10.37735926
1000	1020	102	12	0.02420074	0.30369896
1000	1020	102	13	0.00305312	0.12947586
1000	1020	102	14	0.61032757	3.57854918
1000	1020	102	15	2.72634620	9.83130781
1000	1020	102	16	0.01836004	0.13611259
1000	1020	102	17	0.53715803	6.62233260
1000	1020	102	18	3.32821867	24.35401155
1000	1020	102	19	0.06614080	0.47656364
1000	1020	103	0	0.00457771	0.25011367
1000	1020	103	1	0.16545335	22.12551180
1000	1020	103	2	0.03252129	0.16433426
1000	1020	103	3	1.09336161	14.10194415
1000	1020	103	4	0.02292394	0.13555036
1000	1020	103	5	2.50952650	24.48662843
1000	1020	103	6	0.01935544	0.26087082
1000	1020	103	7	1.17050254	10.94081445
1000	1020	103	8	3.57081171	32.76199279
1000	1020	103	9	3.99381668	15.90971923
1000	1020	103	10	1.13347495	4.40299942
1000	1020	103	11	2.10970509	10.37945823
1000	1020	103	12	0.02417317	0.30069601
1000	1020	103	13	0.00327144	0.12029814
1000	1020	103	14	0.55547829	3.28225223
1000	1020	103	15	2.76721980	10.05160375
1000	1020	103	16	0.01636400	0.12087135
1000	1020	103	17	0.53774157	6.68140024
1000	1020	103	18	3.33218643	24.46140497
1000	1020	103	19	0.05890991	0.42515631
1000	1020	104	0	0.00517272	0.23820585
1000	1020	104	1	0.14869842	21.18015240
1000	1020	104	2	0.03516795	0.17564685
1000	1020	104	3	1.09272529	14.10615264
1000	1020	104	4	0.02290123	0.13524816
1000	1020	104	5	2.51084369	24.57722854
1000	1020	104	6	0.01933486	0.25776598
1000	1020	104	7	1.17051070	10.94136172
1000	1020	104	8	3.57091536	32.76719198
1000	1020	104	9	3.98619179	15.88809954
1000	1020	104	10	1.13458828	4.41117498
1000	1020	104	11	2.10991382	10.38136587
1000	1020	104	12	0.02414893	0.29793447
1000	1020	104	13	0.00354432	0.11220571
1000	1020	104	14	0.50544176	3.00617275
1000	1020	104	15	2.80448577	10.25661875
1000	1020	104	16	0.01462595	0.10739657
1000	1020	104	17	0.53824709	6.73678710
1000	1020	104	18	3.33564935	24.55856334
1000	1020	104	19	0.05250639	0.37919811
1000	1020	105	0	0.00587360	0.22767790
1000	1020	105	1	0.13374189	20.26549989
1000	1020	105	2	0.03808192	0.18814612
1000	1020	105	3	1.09197577	14.10939976
1000	1020	105	4	0.02288166	0.13497503
1000	1020	105	5	2.51198399	24.66019586
1000	1020	105	6	0.01931698	0.25490789
1000	1020	105	7	1.17051767	10.94185863
1000	1020	105	8	3.57100845	32.77192897
1000	1020	105	9	3.97781313	15.86431153
1000	1020	105	10	1.13555754	4.41837439
1000	1020	105	11	2.11009715	10.38309486
1000	1020	105	12	0.02412797	0.29539606
1000	1020	105	13	0.00387971	0.10515061
1000	1020	105	14	0.45999358	2.75000142
1000	1020	105	15	2.83831969	10.44664035
1000	1020	105	16	0.01311842	0.09551019
1000	1020	105	17	0.53868310	6.78868090
1000	1020	105	18	3.33866321	24.64633540
1000	1020	105	19	0.04684596	0.33817234
1000	1020	106	0	0.00670012	0.21854476
1000	1020	106	1	0.12043386	19.38181104
1000	1020	106	2	0.04128904	0.20194622
1000	1020	106	3	1.09109197	14.11164658
1000	1020	106	4	0.02286520	0.13472913
1000	1020	106	5	2.51296687	24.73610750
1000	1020	106	6	0.01930177	0.25227799
1000	1020	106	7	1.17052345	10.94230937
1000	1020	106	8	3.57109168	32.77624351
1000	1020	106	9	3.96861052	15.83814869
1000	1020	106	10	1.13639843	4.42470307
1000	1020	106	11	2.11025558	10.38465607
1000	1020	106	12	0.02411026	0.29306406
1000	1020	106	13	0.00428736	0.09909735
1000	1020	106	14	0.41890474	2.51328284
1000	1020	106	15	2.86889923	10.62205840
1000	1020	106	16	0.01181750	0.08505059
1000	1020	106	17	0.53905688	6.83726431
1000	1020	106	18	3.34127676	24.72551344
1000	1020	106	19	0.04185316	0.30160546
1000	1020	107	0	0.00767587	0.21084012
1000	1020	107	1	0.10863720	18.52917983
1000	1020	107	2	0.04481750	0.21717243
1000	1020	107	3	1.09004872	14.11283607
1000	1020	107	4	0.02285189	0.13450890
1000	1020	107	5	2.51380899	24.80550305
1000	1020	107	6	0.01928924	0.24985931
1000	1020	107	7	1.17052802	10.94271769
1000	1020	107	8	3.57116562	32.78017170
1000	1020	107	9	3.95850823	15.80938645
1000	1020	107	10	1.13712453	4.43025517
1000	1020	107	11	2.11038924	10.38605866
1000	1020	107	12	0.02409583	0.29092324
1000	1020	107	13	0.00477915	0.09402356
1000	1020	107	14	0.38194911	2.29544801
1000	1020	107	15	2.89639885	10.78334104
1000	1020	107	16	0.01070263	0.07587217
1000	1020	107	17	0.53937459	6.88271408
1000	1020	107	18	3.34353224	24.79683372
1000	1020	107	19	0.03746079	0.26906529
1000	1020	108	0	0.00882902	0.20461906
1000	1020	108	1	0.09822806	17.70755836
1000	1020	108	2	0.04869789	0.23396202
1000	1020	108	3	1.08881602	14.11289043
1000	1020	108	4	0.02284181	0.13431310
1000	1020	108	5	2.51452434	24.86888544
1000	1020	108	6	0.01927944	0.24763634
1000	1020	108	7	1.17053135	10.94308693
1000	1020	108	8	3.57123073	32.78374632
1000	1020	108	9	3.94742475	15.77778119
1000	1020	108	10	1.13774749	4.43511440
1000	1020	108	11	2.11049795	10.38731008
1000	1020	108	12	0.02408474	0.28895975
1000	1020	108	13	0.00536949	0.08992085
1000	1020	108	14	0.34891037	2.09584595
1000	1020	108	15	2.92098477	10.93101153
1000	1020	108	16	0.00975648	0.06784470
1000	1020	108	17	0.53964134	6.92520038
1000	1020	108	18	3.34546575	24.86097734
1000	1020	108	19	0.03360946	0.24015903
1000	1020	109	0	0.01019312	0.19996119
1000	1020	109	1	0.08909649	16.91677730
1000	1020	109	2	0.05296341	0.25246518
1000	1020	109	3	1.08735820	14.11170790
1000	1020	109	4	0.02283509	0.13414077
1000	1020	109	5	2.51512441	24.92672191
1000	1020	109	6	0.01927246	0.24559496
1000	1020	109	7	1.17053337	10.94342000
1000	1020	109	8	3.57128735	32.78699701
1000	1020	109	9	3.93527272	15.74306926
1000	1020	109	10	1.13827710	4.43935469
1000	1020	109	11	2.11058109	10.38841608
1000	1020	109	12	0.02407714	0.28716105
1000	1020	109	13	0.00607581	0.08679604
1000	1020	109	14	0.31958902	1.91377428
1000	1020	109	15	2.94281010	11.06562599
1000	1020	109	16	0.00896487	0.06085276
1000	1020	109	17	0.53986115	6.96488619
1000	1020	109	18	3.34710760	24.91857147
1000	1020	109	19	0.03024721	0.21453140
1000	1020	110	0	0.01180812	0.19697442
1000	1020	110	1	0.08114721	16.15656589
1000	1020	110	2	0.05764987	0.27284586
1000	1020	110	3	1.08563289	14.10915888
1000	1020	110	4	0.02283194	0.13399125
1000	1020	110	5	2.51561819	24.97944504
1000	1020	110	6	0.01926845	0.24372235
1000	1020	110	7	1.17053400	10.94371948
1000	1020	110	8	3.57133571	32.78995054
1000	1020	110	9	3.92195896	15.70496622
1000	1020	110	10	1.13872133	4.44304087
1000	1020	110	11	2.11063764	10.38938062
1000	1020	110	12	0.02407321	0.28551587
1000	1020	110	13	0.00691908	0.08467274
1000	1020	110	14	0.29380952	1.74850908
1000	1020	110	15	2.96200967	11.18775186
1000	1020	110	16	0.00831684	0.05479528
1000	1020	110	17	0.54003698	7.00192674
1000	1020	110	18	3.34848238	24.97019060
1000	1020	110	19	0.02732922	0.19186277
1000	1020	111	0	0.01372147	0.19579953
1000	1020	111	1	0.07430070	15.42657167
1000	1020	111	2	0.06279588	0.29528271
1000	1020	111	3	1.08358987	14.10508142
1000	1020	111	4	0.02283263	0.13386419
1000	1020	111	5	2.51601218	25.02745366
1000	1020	111	6	0.01926762	0.24200696
1000	1020	111	7	1.17053312	10.94398757
1000	1020	111	8	3.57137591	32.79263098
1000	1020	111	9	3.90738454	15.66316619
1000	1020	111	10	1.13908634	4.44622919
1000	1020	111	11	2.11066605	10.39020585
1000	1020	111	12	0.02407324	0.28401412
1000	1020	111	13	0.00792451	0.08359328
1000	1020	111	14	0.27142823	1.59933427
1000	1020	111	15	2.97869444	11.29794681
1000	1020	111	16	0.00780475	0.04958514
1000	1020	111	17	0.54017066	7.03646903
1000	1020	111	18	3.34960897	25.01635787
1000	1020	111	19	0.02481775	0.17186754
1000	1020	112	0	0.01598942	0.19661543
1000	1020	112	1	0.06849468	14.72638033
1000	1020	112	2	0.06844276	0.31996991
1000	1020	112	3	1.08116984	14.09927585
1000	1020	112	4	0.02283752	0.13375960
1000	1020	112	5	2.51631015	25.07111371
1000	1020	112	6	0.01927025	0.24043843
1000	1020	112	7	1.17053058	10.94422610
1000	1020	112	8	3.57140792	32.79505990
1000	1020	112	9	3.89144518	15.61734161
1000	1020	112	10	1.13937637	4.44896766
1000	1020	112	11	2.11066419	10.39089189
1000	1020	112	12	0.02407758	0.28264692
1000	1020	112	13	0.00912231	0.08362122
1000	1020	112	14	0.25234274	1.46557157
1000	1020	112	15	2.99294480	11.39673727
1000	1020	112	16	0.00742466	0.04514911
1000	1020	112	17	0.54026275	7.06865126
1000	1020	112	18	3.35050021	25.05754610
1000	1020	112	19	0.02268222	0.15429283
1000	1020	113	0	0.01867839	0.19964550
1000	1020	113	1	0.06368652	14.05553614
1000	1020	113	2	0.07463462	0.34711790
1000	1020	113	3	1.07830298	14.09149865
1000	1020	113	4	0.02284707	0.13367781
1000	1020	113	5	2.51651288	25.11075875
1000	1020	113	6	0.01927669	0.23900758
1000	1020	113	7	1.17052618	10.94443658
1000	1020	113	8	3.57143157	32.79725648
1000	1020	113	9	3.87403181	15.56714328
1000	1020	113	10	1.13959358	4.45129627
1000	1020	113	11	2.11062927	10.39143676
1000	1020	113	12	0.02408669	0.28140653
1000	1020	113	13	0.01054862	0.08484431
1000	1020	113	14	0.23650327	1.34661213
1000	1020	113	15	3.00480239	11.48459590
1000	1020	113	16	0.00717679	0.04142809
1000	1020	113	17	0.54031234	7.09860223
1000	1020	113	18	3.35116232	25.09417841
1000	1020	113	19	0.02089957	0.13891753
1000	1020	114	0	0.02186659	0.20516482
1000	1020	114	1	0.05985643	13.41356356
1000	1020	114	2	0.08141811	0.37695407
1000	1020	114	3	1.07490750	14.08145525
1000	1020	114	4	0.02286185	0.13361959
1000	1020	114	5	2.51661757	25.14669016
1000	1020	114	6	0.01928739	0.23770636
1000	1020	114	7	1.17051969	10.94462016
1000	1020	114	8	3.57144654	32.79923766
1000	1020	114	9	3.85503147	15.51220109
1000	1020	114	10	1.13973773	4.45324696
1000	1020	114	11	2.11055772	10.39183606
1000	1020	114	12	0.02410116	0.28028635
1000	1020	114	13	0.01224658	0.08737818
1000	1020	114	14	0.22392735	1.24195155
1000	1020	114	15	3.01425955	11.56191652
1000	1020	114	16	0.00706641	0.03837778
1000	1020	114	17	0.54031675	7.12644053
1000	1020	114	18	3.35159384	25.12662819
1000	1020	114	19	0.01945500	0.12555201
1000	1020	115	0	0.02564564	0.21350855
1000	1020	115	1	0.05701236	12.79999116
1000	1020	115	2	0.08884224	0.40972313
1000	1020	115	3	1.07088811	14.06879208
1000	1020	115	4	0.02288258	0.13358613
1000	1020	115	5	2.51661704	25.17917674
1000	1020	115	6	0.01930292	0.23652788
1000	1020	115	7	1.17051082	10.94477762
1000	1020	115	8	3.57145231	32.80101817
1000	1020	115	9	3.83432865	15.45212535
1000	1020	115	10	1.13980570	4.45484325
1000	1020	115	11	2.11044508	10.39208273
1000	1020	115	12	0.02412169	0.27928099
1000	1020	115	13	0.01426755	0.09137065
1000	1020	115	14	0.21471879	1.15123079
1000	1020	115	15	3.02124558	11.62898487
1000	1020	115	16	0.00710503	0.03597010
1000	1020	115	17	0.54027100	7.15227348
1000	1020	115	18	3.35178414	25.15521800
1000	1020	115	19	0.01834315	0.11403863
1000	1020	116	0	0.03012229	0.22508138
1000	1020	116	1	0.05519665	12.21437914
1000	1020	116	2	0.09695791	0.44568721
1000	1020	116	3	1.06613451	14.05308754
1000	1020	116	4	0.02291014	0.13357914
1000	1020	116	5	2.51649857	25.20845360
1000	1020	116	6	0.01932395	0.23546638
1000	1020	116	7	1.17049920	10.94490936
1000	1020	116	8	3.57144818	32.80261068
1000	1020	116	9	3.81180733	15.38650924
1000	1020	116	10	1.13979075	4.45609953
1000	1020	116	11	2.11028579	10.39216666
1000	1020	116	12	0.02414918	0.27838621
1000	1020	116	13	0.01667247	0.09700694
1000	1020	116	14	0.20909260	1.07428556
1000	1020	116	15	3.02560865	11.68594319
1000	1020	116	16	0.00731215	0.03419541
1000	1020	116	17	0.54016720	7.17619571
1000	1020	116	18	3.35171100	25.18021710
1000	1020	116	19	0.01756999	0.10425327
1000	1020	117	0	0.03542006	0.24036807
1000	1020	117	1	0.05449550	11.65635209
1000	1020	117	2	0.10581713	0.48512548
1000	1020	117	3	1.06052017	14.03384233
1000	1020	117	4	0.02294558	0.13360090
1000	1020	117	5	2.51624215	25.23471985
1000	1020	117	6	0.01935133	0.23451731
1000	1020	117	7	1.17048440	10.94501540
1000	1020	117	8	3.57143322	32.80402574
1000	1020	117	9	3.78735367	15.31493260
1000	1020	117	10	1.13968151	4.45701979
1000	1020	117	11	2.11007307	10.39207426
1000	1020	117	12	0.02418470	0.27759907
1000	1020	117	13	0.01953351	0.10451573
1000	1020	117	14	0.20740730	1.01120819
1000	1020	117	15	3.02709224	11.73274561
1000	1020	117	16	0.00771777	0.03306595
1000	1020	117	17	0.53999355	7.19828710
1000	1020	117	18	3.35133733	25.20183692
1000	1020	117	19	0.01715549	0.09610838
1000	1020	118	0	0.04168063	0.25994495
1000	1020	118	1	0.05505192	11.12563967
1000	1020	118	2	0.11547199	0.52833315
1000	1020	118	3	1.05390141	14.01046917
1000	1020	118	4	0.02299019	0.13365437
1000	1020	118	5	2.51581808	25.25813495
1000	1020	118	6	0.01938608	0.23367734
1000	1020	118	7	1.17046589	10.94509530
1000	1020	118	8	3.57140623	32.80527183
1000	1020	118	9	3.76085992	15.23696743
1000	1020	118	10	1.13946051	4.45759562
1000	1020	118	11	2.10979868	10.39178790
1000	1020	118	12	0.02422954	0.27691796
1000	1020	118	13	0.02293566	0.11417624
1000	1020	118	14	0.21020619	0.96242615
1000	1020	118	15	3.02530480	11.76910145
1000	1020	118	16	0.00836578	0.03262093
1000	1020	118	17	0.53973305	7.21860999
1000	1020	118	18	3.35060641	25.22022384
1000	1020	118	19	0.01713757	0.08955800
1000	1020	119	0	0.04906483	0.28449204
1000	1020	119	1	0.05708327	10.62212814
1000	1020	119	2	0.12597301	0.57561937
1000	1020	119	3	1.04611716	13.98228246
1000	1020	119	4	0.02304553	0.13374329
1000	1020	119	5	2.51518364	25.27881291
1000	1020	119	6	0.01942943	0.23294443
1000	1020	119	7	1.17044303	10.94514815
1000	1020	119	8	3.57136571	32.80635532
1000	1020	119	9	3.73222983	15.15218606
1000	1020	119	10	1.13910212	4.45780327
1000	1020	119	11	2.10945264	10.39128530
1000	1020	119	12	0.02428528	0.27634270
1000	1020	119	13	0.02697868	0.12632633
1000	1020	119	14	0.21826825	0.92880192
1000	1020	119	15	3.01968218	11.79440256
1000	1020	119	16	0.00931873	0.03293377
1000	1020	119	17	0.53936166	7.23720520
1000	1020	119	18	3.34943532	25.23544817
1000	1020	119	19	0.01757758	0.08460539
1000	1020	120	0	0.05775285	0.31480538
1000	1020	120	1	0.06090446	10.14592678
1000	1020	120	2	0.13736670	0.62730392
1000	1020	120	3	1.03698982	13.94848847
1000	1020	120	4	0.02311345	0.13387232
1000	1020	120	5	2.51427845	25.29681374
1000	1020	120	6	0.01948284	0.23231797
1000	1020	120	7	1.17041508	10.94517249
1000	1020	120	8	3.57130981	32.80728037
1000	1020	120	9	3.70138616	15.06017248
1000	1020	120	10	1.13856977	4.45759947
1000	1020	120	11	2.10902300	10.39053873
1000	1020	120	12	0.02435378	0.27587470
1000	1020	120	13	0.03177889	0.14137169
1000	1020	120	14	0.23266730	0.91175844
1000	1020	120	15	3.00944318	11.80763167
1000	1020	120	16	0.01066412	0.03412234
1000	1020	120	17	0.53884579	7.25408656
1000	1020	120	18	3.34770595	25.24748799
1000	1020	120	19	0.01856792	0.08131439
1000	1020	121	0	0.06794323	0.35180872
1000	1020	121	1	0.06695783	9.69745433
1000	1020	121	2	0.14969215	0.68371185
1000	1020	121	3	1.02632756	13.90817720
1000	1020	121	4	0.02319617	0.13404716
1000	1020	121	5	2.51301826	25.31213116
1000	1020	121	6	0.01954808	0.23179886
1000	1020	121	7	1.17038111	10.94516627
1000	1020	121	8	3.57123626	32.80804884
1000	1020	121	9	3.66828100	14.96053843
1000	1020	121	10	1.13781213	4.45691540
1000	1020	121	11	2.10849544	10.38951413
1000	1020	121	12	0.02443729	0.27551713
1000	1020	121	13	0.03747107	0.15979602
1000	1020	121	14	0.25483461	0.91343198
1000	1020	121	15	2.99354173	11.80724962
1000	1020	121	16	0.01252276	0.03636288
1000	1020	121	17	0.53813906	7.26923332
1000	1020	121	18	3.34525275	25.25620616
1000	1020	121	19	0.02024247	0.07982548
1000	1020	122	0	0.07985015	0.39656347
1000	1020	122	1	0.07585013	9.27755084
1000	1020	122	2	0.16297601	0.74516531
1000	1020	122	3	1.01392875	13.86031708
1000	1020	122	4	0.02329632	0.13427476
1000	1020	122	5	2.51128654	25.32467525
1000	1020	122	6	0.01962723	0.23138968
1000	1020	122	7	1.17034007	10.94512676
1000	1020	122	8	3.57114232	32.80866012
1000	1020	122	9	3.63291008	14.85294575
1000	1020	122	10	1.13675807	4.45564852
1000	1020	122	11	2.10785298	10.38817004
1000	1020	122	12	0.02453846	0.27527509
1000	1020	122	13	0.04420996	0.18217209
1000	1020	122	14	0.28661267	0.93684882
1000	1020	122	15	2.97062348	11.79106349
1000	1020	122	16	0.01505952	0.03990896
1000	1020	122	17	0.53717795	7.28257985
1000	1020	122	18	3.34184656	25.26131815
1000	1020	122	19	0.02279053	0.08037838
1000	1020	123	0	0.09369827	0.45027526
1000	1020	123	1	0.08839566	8.88762093
1000	1020	123	2	0.17722551	0.81197156
1000	1020	123	3	0.99958905	13.80375459
1000	1020	123	4	0.02341701	0.13456350
1000	1020	123	5	2.50892349	25.33424844
1000	1020	123	6	0.01972278	0.23109488
1000	1020	123	7	1.17029067	10.94505042
1000	1020	123	8	3.57102470	32.80911094
1000	1020	123	9	3.59533233	14.73713734
1000	1020	123	10	1.13531004	4.45365136
1000	1020	123	11	2.10707550	10.38645644
1000	1020	123	12	0.02466045	0.27515591
1000	1020	123	13	0.05217141	0.20917331
1000	1020	123	14	0.33027819	0.98611108
1000	1020	123	15	2.93900258	11.75608505
1000	1020	123	16	0.01849648	0.04511639
1000	1020	123	17	0.53587629	7.29400174
1000	1020	123	18	3.33717358	25.26234790
1000	1020	123	19	0.02647510	0.08334295
1000	1020	124	0	0.10971451	0.51429491
1000	1020	124	1	0.10566177	8.52981301
1000	1020	124	2	0.19241857	0.88440541
1000	1020	124	3	0.98311194	13.73722096
1000	1020	124	4	0.02356191	0.13492346
1000	1020	124	5	2.50571193	25.34051289
1000	1020	124	6	0.01983764	0.23092102
1000	1020	124	7	1.17023143	10.94493285
1000	1020	124	8	3.57087949	32.80939507
1000	1020	124	9	3.55569630	14.61297994
1000	1020	124	10	1.13333578	4.45071661
1000	1020	124	11	2.10613936	10.38431334
1000	1020	124	12	0.02480694	0.27516939
1000	1020	124	13	0.06155249	0.24158533
1000	1020	124	14	0.38849904	1.06655827
1000	1020	124	15	2.89668340	11.69840189
1000	1020	124	16	0.02312839	0.05247526
1000	1020	124	17	0.53411857	7.30329738
1000	1020	124	18	3.33080872	25.25856847
1000	1020	124	19	0.03165644	0.08926087
1000	1020	125	0	0.12811571	0.59011112
1000	1020	125	1	0.12900835	8.20723497
1000	1020	125	2	0.20849054	0.96268413
1000	1020	125	3	0.96432306	13.65934890
1000	1020	125	4	0.02373530	0.13536664
1000	1020	125	5	2.50135978	25.34294695
1000	1020	125	6	0.01997523	0.23087698
1000	1020	125	7	1.17016060	10.94476861
1000	1020	125	8	3.57070205	32.80950307
1000	1020	125	9	3.51427490	14.48052246
1000	1020	125	10	1.13065805	4.44655764
1000	1020	125	11	2.10501688	10.38166931
1000	1020	125	12	0.02498228	0.27532816
1000	1020	125	13	0.07257026	0.28031665
1000	1020	125	14	0.46418008	1.18484505
1000	1020	125	15	2.84146093	11.61310329
1000	1020	125	16	0.02933894	0.06264941
1000	1020	125	17	0.53175223	7.31016421
1000	1020	125	18	3.32218359	25.24892402
1000	1020	125	19	0.03882101	0.09890042
1000	1020	126	0	0.14909185	0.67933132
1000	1020	126	1	0.16010600	7.92419856
1000	1020	126	2	0.22531671	1.04693230
1000	1020	126	3	0.94308882	13.56870235
1000	1020	126	4	0.02394218	0.13590728
1000	1020	126	5	2.49547921	25.34078840
1000	1020	126	6	0.02013952	0.23097432
1000	1020	126	7	1.17007615	10.94455110
1000	1020	126	8	3.57048693	32.80942188
1000	1020	126	9	3.47150971	14.34007437
1000	1020	126	10	1.12704306	4.44078388
1000	1020	126	11	2.10367596	10.37843974
1000	1020	126	12	0.02519148	0.27564804
1000	1020	126	13	0.08545839	0.32640702
1000	1020	126	14	0.56015575	1.34884494
1000	1020	126	15	2.77113328	11.49432525
1000	1020	126	16	0.03761505	0.07652247
1000	1020	126	17	0.52857966	7.31416896
1000	1020	126	18	3.31054999	25.23192992
1000	1020	126	19	0.04861563	0.11332687
1000	1020	127	0	0.17278410	0.78364697
1000	1020	127	1	0.20090940	7.68646966
1000	1020	127	2	0.24269079	1.13713371
1000	1020	127	3	0.91933888	13.46382258
1000	1020	127	4	0.02418830	0.13656216
1000	1020	127	5	2.48756364	25.33296251
1000	1020	127	6	0.02033512	0.23122757
1000	1020	127	7	1.16997575	10.94427241
1000	1020	127	8	3.57022777	32.80913441
1000	1020	127	9	3.42806383	14.19230864
1000	1020	127	10	1.12218818	4.43287076
1000	1020	127	11	2.10207957	10.37452508
1000	1020	127	12	0.02544036	0.27614847
1000	1020	127	13	0.10046061	0.38103163
1000	1020	127	14	0.67871908	1.56727117
1000	1020	127	15	2.68384013	11.33549670
1000	1020	127	16	0.04855395	0.09524688
1000	1020	127	17	0.52435128	7.31471203
1000	1020	127	18	3.29494256	25.20554970
1000	1020	127	19	0.06188458	0.13398955
1000	1020	128	0	0.19925816	0.90477919
1000	1020	128	1	0.25355634	7.50147935
1000	1020	128	2	0.26030076	1.23306796
1000	1020	128	3	0.89309165	13.34329318
1000	1020	128	4	0.02448026	0.13735095
1000	1020	128	5	2.47696492	25.31799415
1000	1020	128	6	0.02056731	0.23165463
1000	1020	128	7	1.16985673	10.94392311
1000	1020	128	8	3.56991719	32.80861905
1000	1020	128	9	3.38487874	14.03839145
1000	1020	128	10	1.11571128	4.42212516
1000	1020	128	11	2.10018546	10.36980900
1000	1020	128	12	0.02573554	0.27685296
1000	1020	128	13	0.11782017	0.44549838
1000	1020	128	14	0.82104500	1.84892249
1000	1020	128	15	2.57849331	11.12986119
1000	1020	128	16	0.06285486	0.12028781
1000	1020	128	17	0.51876248	7.31098750
1000	1020	128	18	3.27414757	25.16705084
1000	1020	128	19	0.07970495	0.16282456
1000	1020	129	0	0.22847405	1.04440138
1000	1020	129	1	0.32016577	7.37842343
1000	1020	129	2	0.27770621	1.33423108
1000	1020	129	3	0.86448051	13.20582555
1000	1020	129	4	0.02482552	0.13829654
1000	1020	129	5	2.46287555	25.29390572
1000	1020	129	6	0.02084206	0.23227710
1000	1020	129	7	1.16971606	10.94349215
1000	1020	129	8	3.56954673	32.80784921
1000	1020	129	9	3.34322419	13.88013616
1000	1020	129	10	1.10714503	4.40764897
1000	1020	129	11	2.09794592	10.36415653
1000	1020	129	12	0.02608455	0.27778952
1000	1020	129	13	0.13776392	0.52123490
1000	1020	129	14	0.98665357	2.20154345
1000	1020	129	15	2.45520006	10.87129640
1000	1020	129	16	0.08128468	0.15344795
1000	1020	129	17	0.51145826	7.30194306
1000	1020	129	18	3.24668973	25.11284847
1000	1020	129	19	0.10341170	0.20236757
1000	1020	130	0	0.26025503	1.20403666
1000	1020	130	1	0.40252853	7.32815498
1000	1020	130	2	0.29432499	1.43974370
1000	1020	130	3	0.83377747	13.05036399
1000	1020	130	4	0.02523244	0.13942537
1000	1020	130	5	2.44432347	25.25810751
1000	1020	130	6	0.02116609	0.23312073
1000	1020	130	7	1.16955037	10.94296659
1000	1020	130	8	3.56910679	32.80679269
1000	1020	130	9	3.30472080	13.72016819
1000	1020	130	10	1.09594156	4.38830629
1000	1020	130	11	2.09530774	10.35741238
1000	1020	130	12	0.02649576	0.27899120
1000	1020	130	13	0.16048041	0.60976078
1000	1020	130	14	1.17311167	2.63043654
1000	1020	130	15	2.31553096	10.55534784
1000	1020	130	16	0.10460727	0.19685187
1000	1020	130	17	0.50205055	7.28624736
1000	1020	130	18	3.21085417	25.03835654
1000	1020	130	19	0.13459888	0.25586373
1000	1020	131	0	0.29426018	1.38493102
1000	1020	131	1	0.50172655	7.36277302
1000	1020	131	2	0.30944119	1.54825783
1000	1020	131	3	0.80140947	12.87620634
1000	1020	131	4	0.02571023	0.14076770
1000	1020	131	5	2.42018994	25.20729357
1000	1020	131	6	0.02154681	0.23421575
1000	1020	131	7	1.16935595	10.94233155
1000	1020	131	8	3.56858658	32.80541122
1000	1020	131	9	3.27130614	13.56207098
1000	1020	131	10	1.08149377	4.36270367
1000	1020	131	11	2.09221261	10.34939962
1000	1020	131	12	0.02697841	0.28049644
1000	1020	131	13	0.18609160	0.71264062
1000	1020	131	14	1.37613041	3.13712778
1000	1020	131	15	2.16250269	10.18026707
1000	1020	131	16	0.13347188	0.25286351
1000	1020	131	17	0.49015316	7.26227707
1000	1020	131	18	3.16476433	24.93788062
1000	1020	131	19	0.17507977	0.32735183
1000	1020	132	0	0.32996675	1.58790738
1000	1020	132	1	0.61776909	7.49485107
1000	1020	132	2	0.32224725	1.65788351
1000	1020	132	3	0.76796196	12.68313163
1000	1020	132	4	0.02626886	0.14235782
1000	1020	132	5	2.38926248	25.13736578
1000	1020	132	6	0.02199229	0.23559722
1000	1020	132	7	1.16912880	10.94157000
1000	1020	132	8	3.56797416	32.80365989
1000	1020	132	9	3.24511227	13.41046109
1000	1020	132	10	1.06317962	4.32919665
1000	1020	132	11	2.08859778	10.33991890
1000	1020	132	12	0.02754248	0.28234951
1000	1020	132	13	0.21461968	0.83141319
1000	1020	132	14	1.59007255	3.71846767
1000	1020	132	15	2.00024318	9.74776802
1000	1020	132	16	0.16827019	0.32391251
1000	1020	132	17	0.47543630	7.22813990
1000	1020	132	18	3.10653405	24.80460284
1000	1020	132	19	0.22678751	0.42168773
1000	1020	133	0	0.36666952	1.81321169
1000	1020	133	1	0.74936743	7.73634068
1000	1020	133	2	0.33192817	1.76616714
1000	1020	133	3	0.73416427	12.47152139
1000	1020	133	4	0.02691886	0.14423410
1000	1020	133	5	2.35033278	25.04341839
1000	1020	133	6	0.02251106	0.23730522
1000	1020	133	7	1.16886472	10.94066273
1000	1020	133	8	3.56725654	32.80148674
1000	1020	133	9	3.22823613	13.27092198
1000	1020	133	10	1.04043210	4.28593907
1000	1020	133	11	2.08439747	10.32874865
1000	1020	133	12	0.02819845	0.28460066
1000	1020	133	13	0.24595226	0.96749408
1000	1020	133	14	1.80871818	4.36646738
1000	1020	133	15	1.83343473	9.26325566
1000	1020	133	16	0.20899103	0.41222038
1000	1020	133	17	0.45769650	7.18175036
1000	1020	133	18	3.03449934	24.63072081
1000	1020	133	19	0.29160467	0.54446268
1000	1020	134	0	0.40350336	2.06036848
1000	1020	134	1	0.89394874	8.09730463
1000	1020	134	2	0.33778044	1.87015679
1000	1020	134	3	0.70085399	12.24245702
1000	1020	134	4	0.02767102	0.14643889
1000	1020	134	5	2.30234139	24.91982195
1000	1020	134	6	0.02311194	0.23938494
1000	1020	134	7	1.16855944	10.93958841
1000	1020	134	8	3.56641992	32.79883249
1000	1020	134	9	3.22242012	13.14972484
1000	1020	134	10	1.01282999	4.23098954
1000	1020	134	11	2.07954488	10.31564647
1000	1020	134	12	0.02895706	0.28730614
1000	1020	134	13	0.27981185	1.12205277
1000	1020	134	14	2.02605264	5.06894216
1000	1020	134	15	1.66670902	8.73543951
1000	1020	134	16	0.25511857	0.51944907
1000	1020	134	17	0.43692832	7.12097004
1000	1020	134	18	2.94750933	24.40780002
1000	1020	134	19	0.37112666	0.70177140
1000	1020	135	0	0.43949145	2.32806847
1000	1020	135	1	1.04793076	8.58472767
1000	1020	135	2	0.33933829	1.96657799
1000	1020	135	3	0.66892150	11.99777399
1000	1020	135	4	0.02853594	0.14901805
1000	1020	135	5	2.24455614	24.76044368
1000	1020	135	6	0.02380368	0.24188649
1000	1020	135	7	1.16820877	10.93832368
1000	1020	135	8	3.56544999	32.79563048
1000	1020	135	9	3.22871168	13.05330051
1000	1020	135	10	0.98019457	4.16248167
1000	1020	135	11	2.07397505	10.30035242
1000	1020	135	12	0.02982879	0.29052788
1000	1020	135	13	0.31573729	1.29587080
1000	1020	135	14	2.23687621	5.81077959
1000	1020	135	15	1.50415492	8.17544067
1000	1020	135	16	0.30561945	0.64633440
1000	1020	135	17	0.41337676	7.04380950
1000	1020	135	18	2.84522275	24.12737056
1000	1020	135	19	0.46639025	0.89980069
1000	1020	136	0	0.47361555	2.61411186
1000	1020	136	1	1.20718084	9.20166162
1000	1020	136	2	0.33646636	2.05211308
1000	1020	136	3	0.63924137	11.74005637
1000	1020	136	4	0.02952349	0.15202020
1000	1020	136	5	2.17675261	24.55902443
1000	1020	136	6	0.02459449	0.24486439
1000	1020	136	7	1.16780889	10.93684353
1000	1020	136	8	3.56433244	32.79180704
1000	1020	136	9	3.24720993	12.98750417
1000	1020	136	10	0.94266795	4.07884733
1000	1020	136	11	2.06762855	10.28259436
1000	1020	136	12	0.03082334	0.29433277
1000	1020	136	13	0.35308467	1.48919468
1000	1020	136	14	2.43714452	6.57549628
1000	1020	136	15	1.34902316	7.59563427
1000	1020	136	16	0.35903943	0.79239720
1000	1020	136	17	0.38754811	6.94866790
1000	1020	136	18	2.72833013	23.78174139
1000	1020	136	19	0.57762419	1.14424811
1000	1020	137	0	0.50489720	2.91542560
1000	1020	137	1	1.36752389	9.94687245
1000	1020	137	2	0.32938394	2.12373723
1000	1020	137	3	0.61260291	11.47256326
1000	1020	137	4	0.03064207	0.15549549
1000	1020	137	5	2.09935118	24.30969897
1000	1020	137	6	0.02549155	0.24837672
1000	1020	137	7	1.16735664	10.93512178
1000	1020	137	8	3.56305358	32.78728216
1000	1020	137	9	3.27699869	12.95681234
1000	1020	137	10	0.90074763	3.97906126
1000	1020	137	11	2.06045595	10.26209599
1000	1020	137	12	0.03194884	0.29879138
1000	1020	137	13	0.39105205	1.70160375
1000	1020	137	14	2.62405445	7.34674049
1000	1020	137	15	1.20362897	7.00849171
1000	1020	137	16	0.41368993	0.95582234
1000	1020	137	17	0.36016760	6.83456627
1000	1020	137	18	2.59862392	23.36492917
1000	1020	137	19	0.70409059	1.43963461
1000	1020	138	0	0.53247454	3.22816075
1000	1020	138	1	1.52517132	10.81501297
1000	1020	138	2	0.31861305	2.17903527
1000	1020	138	3	0.58965309	11.19909131
1000	1020	138	4	0.03189773	0.15949388
1000	1020	138	5	2.01346594	24.00760186
1000	1020	138	6	0.02650027	0.25248371
1000	1020	138	7	1.16684984	10.93313190
1000	1020	138	8	3.56160116	32.78197088
1000	1020	138	9	3.31629865	12.96365555
1000	1020	138	10	0.85526131	3.86285776
1000	1020	138	11	2.05242289	10.23858771
1000	1020	138	12	0.03321110	0.30397612
1000	1020	138	13	0.42872636	1.93191515
1000	1020	138	14	2.79594874	8.10950010
1000	1020	138	15	1.06940239	6.42562058
1000	1020	138	16	0.46787150	1.13355421
1000	1020	138	17	0.33209051	6.70132154
1000	1020	138	18	2.45887614	22.87353427
1000	1020	138	19	0.84407009	1.78862813
1000	1020	139	0	0.55565987	3.54786019
1000	1020	139	1	1.67699861	11.79721587
1000	1020	139	2	0.30487332	2.21642576
1000	1020	139	3	0.57086265	10.92379095
1000	1020	139	4	0.03329335	0.16406282
1000	1020	139	5	1.92084071	23.64946234
1000	1020	139	6	0.02762363	0.25724582
1000	1020	139	7	1.16628766	10.93084800
1000	1020	139	8	3.55996530	32.77578523
1000	1020	139	9	3.36278284	13.00807157
1000	1020	139	10	0.80728445	3.73086673
1000	1020	139	11	2.04351539	10.21182029
1000	1020	139	12	0.03461260	0.30995869
1000	1020	139	13	0.46514523	2.17814467
1000	1020	139	14	2.95212326	8.85090906
1000	1020	139	15	0.94702300	5.85709967
1000	1020	139	16	0.52007311	1.32159206
1000	1020	139	17	0.30419092	6.54961915
1000	1020	139	18	2.31254473	22.30737872
1000	1020	139	19	0.99500340	2.19151918
1000	1020	140	0	0.57396917	3.86967287
1000	1020	140	1	1.82066212	12.88193450
1000	1020	140	2	0.28896225	2.23525095
1000	1020	140	3	0.55651872	10.65096276
1000	1020	140	4	0.03482762	0.16924450
1000	1020	140	5	1.82368112	23.23407663
1000	1020	140	6	0.02886139	0.26272128
1000	1020	140	7	1.16567105	10.92824615
1000	1020	140	8	3.55813950	32.76863693
1000	1020	140	9	3.41394469	13.08776167
1000	1020	140	10	0.75802109	3.58463253
1000	1020	140	11	2.03374502	10.18158114
1000	1020	140	12	0.03615171	0.31680689
1000	1020	140	13	0.49936283	2.43753319
1000	1020	140	14	3.09260347	9.56065677
1000	1020	140	15	0.83658590	5.31111824
1000	1020	140	16	0.56910495	1.51541176
1000	1020	140	17	0.27725793	6.38096912
1000	1020	140	18	2.16338372	21.66976600
1000	1020	140	19	1.15375429	2.64596733
1000	1020	141	0	0.58712362	4.18858347
1000	1020	141	1	1.95458812	14.05585826
1000	1020	141	2	0.27165405	2.23573553
1000	1020	141	3	0.54674028	10.38486233
1000	1020	141	4	0.03649422	0.17507259
1000	1020	141	5	1.72442239	22.76256545
1000	1020	141	6	0.03020939	0.26896307
1000	1020	141	7	1.16500303	10.92530593
1000	1020	141	8	3.55612172	32.76044080
1000	1020	141	9	3.46741441	13.19850072
1000	1020	141	10	0.70867753	3.42650886
1000	1020	141	11	2.02315355	10.14771240
1000	1020	141	12	0.03782174	0.32458077
1000	1020	141	13	0.53050925	2.70663638
1000	1020	141	14	3.21793224	10.23107028
1000	1020	141	15	0.73776406	4.79387315
1000	1020	141	16	0.61415211	1.71041621
1000	1020	141	17	0.25192288	6.19756156
1000	1020	141	18	2.01505322	20.96731674
1000	1020	141	19	1.31692753	3.14707320
1000	1020	142	0	0.59502978	4.49962844
1000	1020	142	1	2.07788181	15.30477111
1000	1020	142	2	0.25363291	2.21884937
1000	1020	142	3	0.54150744	10.12953552
1000	1020	142	4	0.03828098	0.18156866
1000	1020	142	5	1.62548733	22.23837407
1000	1020	142	6	0.03165891	0.27601547
1000	1020	142	7	1.16428901	10.92201209
1000	1020	142	8	3.55391544	32.75111890
1000	1020	142	9	3.52116655	13.33476019
1000	1020	142	10	0.66035556	3.25945420
1000	1020	142	11	2.01181658	10.11013005
1000	1020	142	12	0.03961027	0.33332833
1000	1020	142	13	0.55783658	2.98146536
1000	1020	142	14	3.32898962	10.85696346
1000	1020	142	15	0.64994887	4.30965461
1000	1020	142	16	0.65476155	1.90232825
1000	1020	142	17	0.22862649	6.00205981
1000	1020	142	18	1.87080784	20.20943610
1000	1020	142	19	1.48117217	3.68775065
1000	1020	143	0	0.59774824	4.79807791
1000	1020	143	1	2.19019931	16.61427589
1000	1020	143	2	0.23546109	2.18612137
1000	1020	143	3	0.54069530	9.88869585
1000	1020	143	4	0.04016936	0.18873840
1000	1020	143	5	1.52908271	21.66703018
1000	1020	143	6	0.03319614	0.28391020
1000	1020	143	7	1.16353704	10.91835647
1000	1020	143	8	3.55153065	32.74060527
1000	1020	143	9	3.57361369	13.49038143
1000	1020	143	10	0.61398060	3.08677267
1000	1020	143	11	1.99984578	10.06884272
1000	1020	143	12	0.04149863	0.34308086
1000	1020	143	13	0.58074900	3.25766018
1000	1020	143	14	3.42685094	11.43534415
1000	1020	143	15	0.57236259	3.86105066
1000	1020	143	16	0.69078636	2.08747357
1000	1020	143	17	0.20762162	5.79737566
1000	1020	143	18	1.73330301	19.40754003
1000	1020	143	19	1.64341997	4.25931045
1000	1020	144	0	0.59546005	5.07957439
1000	1020	144	1	2.29161387	17.97035440
1000	1020	144	2	0.21757314	2.13944536
1000	1020	144	3	0.54410470	9.66564511
1000	1020	144	4	0.04213406	0.19656801
1000	1020	144	5	1.43706222	21.05572223
1000	1020	144	6	0.03480188	0.29266244
1000	1020	144	7	1.16275788	10.91433978
1000	1020	144	8	3.54898461	32.72885109
1000	1020	144	9	3.62361203	13.65917273
1000	1020	144	10	0.57026780	2.91184937
1000	1020	144	11	1.98738954	10.02396897
1000	1020	144	12	0.04346163	0.35384817
1000	1020	144	13	0.59881768	3.53067690
1000	1020	144	14	3.51268129	11.96505357
1000	1020	144	15	0.50414290	3.44921183
1000	1020	144	16	0.72231176	2.26293800
1000	1020	144	17	0.18900022	5.58646354
1000	1020	144	18	1.60451991	18.57419011
1000	1020	144	19	1.80103782	4.85213838
1000	1020	145	0	0.58843673	5.34022863
1000	1020	145	1	2.38249386	19.35976547
1000	1020	145	2	0.20028602	2.08090533
1000	1020	145	3	0.55148590	9.46323093
1000	1020	145	4	0.04414307	0.20502074
1000	1020	145	5	1.35086175	20.41278221
1000	1020	145	6	0.03645149	0.30226687
1000	1020	145	7	1.16196499	10.90997347
1000	1020	145	8	3.54630242	32.71583011
1000	1020	145	9	3.67041377	13.83536132
1000	1020	145	10	0.52971999	2.73791940
1000	1020	145	11	1.97463158	9.97575167
1000	1020	145	12	0.04546768	0.36561401
1000	1020	145	13	0.61178337	3.79597199
1000	1020	145	14	3.58766113	12.44639158
1000	1020	145	15	0.44440351	3.07413313
1000	1020	145	16	0.74958050	2.42661198
1000	1020	145	17	0.17273139	5.37215653
1000	1020	145	18	1.48578432	17.72226787
1000	1020	145	19	1.95189720	5.45635854
1000	1020	146	0	0.57701706	5.57667927
1000	1020	146	1	2.46340079	20.77030105
1000	1020	146	2	0.18381674	2.01263327
1000	1020	146	3	0.56255412	9.28383125
1000	1020	146	4	0.04615811	0.21403413
1000	1020	146	5	1.27149620	19.74715494
1000	1020	146	6	0.03811519	0.31269400
1000	1020	146	7	1.16117430	10.90528117
1000	1020	146	8	3.54351722	32.70154408
1000	1020	146	9	3.71359569	14.01388361
1000	1020	146	10	0.49264759	2.56789389
1000	1020	146	11	1.96178743	9.92456809
1000	1020	146	12	0.04747929	0.37833199
1000	1020	146	13	0.61954958	4.04917187
1000	1020	146	14	3.65293655	12.88076257
1000	1020	146	15	0.39227527	2.73492451
1000	1020	146	16	0.77292837	2.57714951
1000	1020	146	17	0.15870081	5.15705230
1000	1020	146	18	1.37784585	16.86427701
1000	1020	146	19	2.09437812	6.06240247
1000	1020	147	0	0.56159066	5.78612526
1000	1020	147	1	2.53500901	22.19092754
1000	1020	147	2	0.16830177	1.93670299
1000	1020	147	3	0.57699792	9.12935561
1000	1020	147	4	0.04813563	0.22351814
1000	1020	147	5	1.19959909	19.06791651
1000	1020	147	6	0.03975875	0.32388708
1000	1020	147	7	1.16040376	10.90029995
1000	1020	147	8	3.54066987	32.68602764
1000	1020	147	9	3.75298375	14.19053077
1000	1020	147	10	0.45920035	2.40425036
1000	1020	147	11	1.94909867	9.87093442
1000	1020	147	12	0.04945400	0.39192236
1000	1020	147	13	0.62216950	4.28621963
1000	1020	147	14	3.70958803	13.27036120
1000	1020	147	15	0.34693251	2.43005364
1000	1020	147	16	0.79273378	2.71387261
1000	1020	147	17	0.14674514	4.94344666
1000	1020	147	18	1.28098640	16.01181722
1000	1020	147	19	2.22732900	6.66144188
1000	1020	148	0	0.54258695	5.96633980
1000	1020	148	1	2.59804544	23.61183960
1000	1020	148	2	0.15381542	1.85505718
1000	1020	148	3	0.59448243	9.00125456
1000	1020	148	4	0.05002825	0.23335462
1000	1020	148	5	1.13548601	18.38387994
1000	1020	148	6	0.04134457	0.33576003
1000	1020	148	7	1.15967271	10.89508085
1000	1020	148	8	3.53780816	32.66935257
1000	1020	148	9	3.78858463	14.36198222
1000	1020	148	10	0.42940302	2.24898288
1000	1020	148	11	1.93682488	9.81550358
1000	1020	148	12	0.05134594	0.40627009
1000	1020	148	13	0.61982852	4.50349479
1000	1020	148	14	3.75861278	13.61790660
1000	1020	148	15	0.30760862	2.15755314
1000	1020	148	16	0.80938157	2.83664912
1000	1020	148	17	0.13667908	4.73330631
1000	1020	148	18	1.19513471	15.17523604
1000	1020	148	19	2.35000225	7.24567444
1000	1020	149	0	0.52046767	6.11567231
1000	1020	149	1	2.65324619	25.02445111
1000	1020	149	2	0.14038556	1.76946209
1000	1020	149	3	0.61465005	8.90053182
1000	1020	149	4	0.05178690	0.24339826
1000	1020	149	5	1.07922615	17.70330327
1000	1020	149	6	0.04283327	0.34819656
1000	1020	149	7	1.15900096	10.88968881
1000	1020	149	8	3.53498538	32.65163060
1000	1020	149	9	3.82052871	14.52576210
1000	1020	149	10	0.40318977	2.10360066
1000	1020	149	11	1.92523368	9.75905551
1000	1020	149	12	0.05310773	0.42122457
1000	1020	149	13	0.61282422	4.69790425
1000	1020	149	14	3.80091643	13.92642621
1000	1020	149	15	0.27360389	1.91519052
1000	1020	149	16	0.82323917	2.94576433
1000	1020	149	17	0.12831468	4.52827070
1000	1020	149	18	1.11997241	14.36344129
1000	1020	149	19	2.46198068	7.80847475
1000	1020	150	0	0.49572048	6.23304271
1000	1020	150	1	2.70132664	26.42134311
1000	1020	150	2	0.12800655	1.68148389
1000	1020	150	3	0.63712038	8.82775594
1000	1020	150	4	0.05336330	0.25347961
1000	1020	150	5	1.03071131	17.03369791
1000	1020	150	6	0.04418560	0.36105105
1000	1020	150	7	1.15840772	10.88420161
1000	1020	150	8	3.53225832	32.63301460
1000	1020	150	9	3.84902530	14.68014985
1000	1020	150	10	0.38043433	1.96916135
1000	1020	150	11	1.91458912	9.70247937
1000	1020	150	12	0.05469282	0.43660129
1000	1020	150	13	0.60154483	4.86694466
1000	1020	150	14	3.83731112	14.19908610
1000	1020	150	15	0.24428816	1.70060263
1000	1020	150	16	0.83464240	3.04180054
1000	1020	150	17	0.12147391	4.32967296
1000	1020	150	18	1.05502433	13.58384433
1000	1020	150	19	2.56310452	8.34443442
1000	1020	151	0	0.46885226	6.31792977
1000	1020	151	1	2.74296188	27.79618451
1000	1020	151	2	0.11664935	1.59248100
1000	1020	151	3	0.66149151	8.78307119
1000	1020	151	4	0.05471274	0.26340995
1000	1020	151	5	0.98971643	16.38172508
1000	1020	151	6	0.04536460	0.37415112
1000	1020	151	7	1.15791047	10.87870796
1000	1020	151	8	3.52968480	32.61369760
1000	1020	151	9	3.87432900	14.82406843
1000	1020	151	10	0.36097473	1.84632600
1000	1020	151	11	1.90513931	9.64674780
1000	1020	151	12	0.05605812	0.45218575
1000	1020	151	13	0.58644724	5.00873742
1000	1020	151	14	3.86851766	14.43906236
1000	1020	151	15	0.21910001	1.51139855
1000	1020	151	16	0.84388819	3.12553210
1000	1020	151	17	0.11599602	4.13857195
1000	1020	151	18	0.99973076	12.84240121
1000	1020	151	19	2.65340491	8.84931930
1000	1020	152	0	0.44038087	6.37035353
1000	1020	152	1	2.77877468	29.14363715
1000	1020	152	2	0.10626934	1.50360747
1000	1020	152	3	0.68734359	8.76620875
1000	1020	152	4	0.05579692	0.27298820
1000	1020	152	5	0.95594881	15.75316291
1000	1020	152	6	0.04633785	0.38730233
1000	1020	152	7	1.15752373	10.87330451
1000	1020	152	8	3.52732088	32.59390941
1000	1020	152	9	3.89671541	14.95696726
1000	1020	152	10	0.34463256	1.73542478
1000	1020	152	11	1.89710411	9.59288406
1000	1020	152	12	0.05716653	0.46773954
1000	1020	152	13	0.56803517	5.12203825
1000	1020	152	14	3.89517024	14.64944725
1000	1020	152	15	0.19754386	1.34523540
1000	1020	152	16	0.85123218	3.19783914
1000	1020	152	17	0.11174114	3.95578933
1000	1020	152	18	0.95350223	12.14372060
1000	1020	152	19	2.73304671	9.31997080
1000	1020	153	0	0.41082489	6.39085053
1000	1020	153	1	2.80932901	30.45925364
1000	1020	153	2	0.09681214	1.41582379
1000	1020	153	3	0.71424526	8.77650075
1000	1020	153	4	0.05658648	0.28200942
1000	1020	153	5	0.92908586	15.15292600
1000	1020	153	6	0.04707950	0.40029449
1000	1020	153	7	1.15725814	10.86809214
1000	1020	153	8	3.52521795	32.57391093
1000	1020	153	9	3.91646419	15.07871032
1000	1020	153	10	0.33122723	1.63652505
1000	1020	153	11	1.89066381	9.54192344
1000	1020	153	12	0.05798928	0.48300851
1000	1020	153	13	0.54683843	5.20622413
1000	1020	153	14	3.91782241	14.83318376
1000	1020	153	15	0.17918580	1.19987193
1000	1020	153	16	0.85688928	3.25964018
1000	1020	153	17	0.10859128	3.78194758
1000	1020	153	18	0.91575904	11.49121218
1000	1020	153	19	2.80228115	9.75417424
1000	1020	154	0	0.38069176	6.38044054
1000	1020	154	1	2.83512732	31.73937385
1000	1020	154	2	0.08821799	1.32991213
1000	1020	154	3	0.74176289	8.81289953
1000	1020	154	4	0.05706294	0.29027445
1000	1020	154	5	0.90880232	14.58512091
1000	1020	154	6	0.04757191	0.41290972
1000	1020	154	7	1.15711964	10.86317157
1000	1020	154	8	3.52342009	32.55398602
1000	1020	154	9	3.93384779	15.18947556
1000	1020	154	10	0.32058595	1.54949634
1000	1020	154	11	1.88595004	9.49487130
1000	1020	154	12	0.05850773	0.49773252
1000	1020	154	13	0.52339384	5.26126073
1000	1020	154	14	3.93695374	14.99302284
1000	1020	154	15	0.16364889	1.07320429
1000	1020	154	16	0.86103600	3.31184187
1000	1020	154	17	0.10644985	3.61750624
1000	1020	154	18	0.88595818	10.88725500
1000	1020	154	19	2.86140819	10.15051247
1000	1020	155	0	0.35046493	6.34058357
1000	1020	155	1	2.85661036	32.98102385
1000	1020	155	2	0.08042479	1.24649393
1000	1020	155	3	0.76947183	8.87400470
1000	1020	155	4	0.05721979	0.29759975
1000	1020	155	5	0.89478828	14.05312325
1000	1020	155	6	0.04780671	0.42493121
1000	1020	155	7	1.15710918	10.85863868
1000	1020	155	8	3.52196183	32.53443176
1000	1020	155	9	3.94912430	15.28966848
1000	1020	155	10	0.31255033	1.47406877
1000	1020	155	11	1.88303951	9.45266044
1000	1020	155	12	0.05871442	0.51165609
1000	1020	155	13	0.49822833	5.28765375
1000	1020	155	14	3.95297653	15.13149806
1000	1020	155	15	0.15060821	0.96328795
1000	1020	155	16	0.86381365	3.35530357
1000	1020	155	17	0.10524017	3.46279509
1000	1020	155	18	0.86361025	10.33337048
1000	1020	155	19	2.91074758	10.50821783
1000	1020	156	0	0.32059118	6.27312683
1000	1020	156	1	2.87415868	34.18181977
1000	1020	156	2	0.07337040	1.16604834
1000	1020	156	3	0.79696879	8.95809940
1000	1020	156	4	0.05706267	0.30382673
1000	1020	156	5	0.88675992	13.55966526
1000	1020	156	6	0.04778512	0.43615250
1000	1020	156	7	1.15722274	10.85458005
1000	1020	156	8	3.52086662	32.51554740
1000	1020	156	9	3.96253337	15.37985033
1000	1020	156	10	0.30698024	1.40988303
1000	1020	156	11	1.88195143	9.41611099
1000	1020	156	12	0.05861328	0.52453915
1000	1020	156	13	0.47184474	5.28638806
1000	1020	156	14	3.96624226	15.25091341
1000	1020	156	15	0.13978610	0.86834917
1000	1020	156	16	0.86533191	3.39081379
1000	1020	156	17	0.10490363	3.31804342
1000	1020	156	18	0.84828877	9.83038942
1000	1020	156	19	2.95061745	10.82703178
1000	1020	157	0	0.29146926	6.18024257
1000	1020	157	1	2.88809508	35.33987798
1000	1020	157	2	0.06699415	1.08893054
1000	1020	157	3	0.82388394	9.06319607
1000	1020	157	4	0.05660849	0.30882961
1000	1020	157	5	0.88446430	13.10692546
1000	1020	157	6	0.04751744	0.44638606
1000	1020	157	7	1.15745180	10.85106899
1000	1020	157	8	3.52014615	32.49762310
1000	1020	157	9	3.97429417	15.46068036
1000	1020	157	10	0.30375562	1.35653151
1000	1020	157	11	1.88264853	9.38589569
1000	1020	157	12	0.05821893	0.53616707
1000	1020	157	13	0.44471056	5.25885833
1000	1020	157	14	3.97704764	15.35334064
1000	1020	157	15	0.13094766	0.78678866
1000	1020	157	16	0.86567234	3.41907608
1000	1020	157	17	0.10539761	3.18340537
1000	1020	157	18	0.83963380	9.37860627
1000	1020	157	19	2.98131939	11.10707765
1000	1020	158	0	0.26344079	6.06435858
1000	1020	158	1	2.89868758	36.45373219
1000	1020	158	2	0.06123782	1.01538917
1000	1020	158	3	0.84989159	9.18709083
1000	1020	158	4	0.05588378	0.31252109
1000	1020	158	5	0.88767965	12.69661421
1000	1020	158	6	0.04702202	0.45547087
1000	1020	158	7	1.15778418	10.84816245
1000	1020	158	8	3.51980040	32.48092909
1000	1020	158	9	3.98460486	15.53287058
1000	1020	158	10	0.30277671	1.31359072
1000	1020	158	11	1.88504174	9.36251343
1000	1020	158	12	0.05755525	0.54635908
1000	1020	158	13	0.41724964	5.20679501
1000	1020	158	14	3.98564005	15.44062334
1000	1020	158	15	0.12389660	0.71717990
1000	1020	158	16	0.86489168	3.44070185
1000	1020	158	17	0.10669337	3.05898131
1000	1020	158	18	0.83735120	8.97791661
1000	1020	158	19	3.00312889	11.34874997
1000	1020	159	0	0.23678441	5.92808430
1000	1020	159	1	2.90615260	37.52225779
1000	1020	159	2	0.05604636	0.94558260
1000	1020	159	3	0.87471827	9.32742432
1000	1020	159	4	0.05492239	0.31485534
1000	1020	159	5	0.89621216	12.33005116
1000	1020	159	6	0.04632355	0.46327807
1000	1020	159	7	1.15820503	10.84589910
1000	1020	159	8	3.51981860	32.46570620
1000	1020	159	9	3.99364300	15.59715148
1000	1020	159	10	0.30396304	1.28064564
1000	1020	159	11	1.88899774	9.34627271
1000	1020	159	12	0.05665340	0.55497446
1000	1020	159	13	0.38983683	5.13218888
1000	1020	159	14	3.99222244	15.51438539
1000	1020	159	15	0.11847156	0.65826371
1000	1020	159	16	0.86302489	3.45620834
1000	1020	159	17	0.10877407	2.94483563
1000	1020	159	18	0.84120883	8.62793567
1000	1020	159	19	3.01629040	11.55262143
1000	1020	160	0	0.21171320	5.77413576
1000	1020	160	1	2.91065816	38.54460301
1000	1020	160	2	0.05136821	0.87959369
1000	1020	160	3	0.89814777	9.48174594
1000	1020	160	4	0.05376294	0.31582823
1000	1020	160	5	0.90989026	12.00823176
1000	1020	160	6	0.04545121	0.46971463
1000	1020	160	7	1.15869796	10.84429863
1000	1020	160	8	3.52018064	32.45215828
1000	1020	160	9	4.00156654	15.65424674
1000	1020	160	10	0.30725161	1.25730685
1000	1020	160	11	1.89434861	9.33728606
1000	1020	160	12	0.05554943	0.56191628
1000	1020	160	13	0.36279523	5.03721756
1000	1020	160	14	3.99695756	15.57604223
1000	1020	160	15	0.11454288	0.60894051
1000	1020	160	16	0.86008788	3.46602005
1000	1020	160	17	0.11163277	2.84101125
1000	1020	160	18	0.85103038	8.32809746
1000	1020	160	19	3.02101620	11.71936793
1000	1020	161	0	0.18837562	5.60526310
1000	1020	161	1	2.91232689	39.52012688
1000	1020	161	2	0.04715545	0.81744303
1000	1020	161	3	0.92002265	9.64757815
1000	1020	161	4	0.05244620	0.31547496
1000	1020	161	5	0.92855697	11.73188159
1000	1020	161	6	0.04443663	0.47472469
1000	1020	161	7	1.15924610	10.84336223
1000	1020	161	8	3.52085895	32.44044687
1000	1020	161	9	4.00851517	15.70485533
1000	1020	161	10	0.31259424	1.24322146
1000	1020	161	11	1.90090252	9.33547524
1000	1020	161	12	0.05428197	0.56713231
1000	1020	161	13	0.33639577	4.92417602
1000	1020	161	14	3.99997161	15.62681346
1000	1020	161	15	0.11200979	0.56826136
1000	1020	161	16	0.85608001	3.47047259
1000	1020	161	17	0.11527056	2.74754103
1000	1020	161	18	0.86668729	8.07773448
1000	1020	161	19	3.01748850	11.84971090
1000	1020	162	0	0.16685929	5.42418362
1000	1020	162	1	2.91123903	40.44834325
1000	1020	162	2	0.04336392	0.75910069
1000	1020	162	3	0.94024260	9.82247730
1000	1020	162	4	0.05101279	0.31386548
1000	1020	162	5	0.95206099	11.50149755
1000	1020	162	6	0.04331204	0.47828880
1000	1020	162	7	1.15983306	10.84307411
1000	1020	162	8	3.52182054	32.43068836
1000	1020	162	9	4.01461186	15.74963950
1000	1020	162	10	0.31995442	1.23807858
1000	1020	162	11	1.90845453	9.34058606
1000	1020	162	12	0.05288999	0.57061366
1000	1020	162	13	0.31085870	4.79541340
1000	1020	162	14	4.00135727	15.66773585
1000	1020	162	15	0.11079809	0.53541844
1000	1020	162	16	0.85098638	3.46981809
1000	1020	162	17	0.11969462	2.66445656
1000	1020	162	18	0.88808927	7.87613899
1000	1020	162	19	3.00586442	11.94437607
1000	1020	163	0	0.14719726	5.23352317
1000	1020	163	1	2.90743509	41.32887058
1000	1020	163	2	0.03995305	0.70449637
1000	1020	163	3	0.95876007	10.00408820
1000	1020	163	4	0.04950125	0.31109838
1000	1020	163	5	0.98024709	11.31737616
1000	1020	163	6	0.04210870	0.48042147
1000	1020	163	7	1.16044364	10.84340375
1000	1020	163	8	3.52302903	32.42295351
1000	1020	163	9	4.01996444	15.78921734
1000	1020	163	10	0.32930366	1.24161027
1000	1020	163	11	1.91679659	9.35221100
1000	1020	163	12	0.05141095	0.57239118
1000	1020	163	13	0.28635652	4.65327718
1000	1020	163	14	4.00117628	15.69967623
1000	1020	163	15	0.11085819	0.50973565
1000	1020	163	16	0.84477997	3.46423153
1000	1020	163	17	0.12491632	2.59179432
1000	1020	163	18	0.91517361	7.72260654
1000	1020	163	19	2.98628326	12.00406725
1000	1020	164	0	0.12937569	5.03576752
1000	1020	164	1	2.90091852	42.16138705
1000	1020	164	2	0.03688578	0.65352831
1000	1020	164	3	0.97557384	10.19018999
1000	1020	164	4	0.04794658	0.30729386
1000	1020	164	5	1.01294627	11.17962941
1000	1020	164	6	0.04085563	0.48116718
1000	1020	164	7	1.16106436	10.84430873
1000	1020	164	8	3.52444646	32.41726895
1000	1020	164	9	4.02466715	15.82415875
1000	1020	164	10	0.34061754	1.25358859
1000	1020	164	11	1.92572621	9.36981729
1000	1020	164	12	0.04987938	0.57253045
1000	1020	164	13	0.26301786	4.50006556
1000	1020	164	14	3.99946141	15.72334354
1000	1020	164	15	0.11216354	0.49065964
1000	1020	164	16	0.83742385	3.45381768
1000	1020	164	17	0.13094926	2.52959954
1000	1020	164	18	0.94789344	7.61646315
1000	1020	164	19	2.95887584	12.02945398
1000	1020	165	0	0.11334242	4.83322481
1000	1020	165	1	2.89165826	42.94559040
1000	1020	165	2	0.03412840	0.60607085
1000	1020	165	3	0.99072141	10.37873211
1000	1020	165	4	0.04637940	0.30258658
1000	1020	165	5	1.04996621	11.08818923
1000	1020	165	6	0.03957875	0.48059561
1000	1020	165	7	1.16168371	10.84573764
1000	1020	165	8	3.52603493	32.41362050
1000	1020	165	9	4.02880215	15.85498405
1000	1020	165	10	0.35387136	1.27381942
1000	1020	165	11	1.93505325	9.39277781
1000	1020	165	12	0.04832593	0.57112567
1000	1020	165	13	0.24093217	4.33798829
1000	1020	165	14	3.99621804	15.73929986
1000	1020	165	15	0.11470940	0.47775155
1000	1020	165	16	0.82887338	3.43861851
1000	1020	165	17	0.13780722	2.47792776
1000	1020	165	18	0.98620522	7.55707708
1000	1020	165	19	2.92377538	12.02117146
1000	1020	166	0	0.09901567	4.62799885
1000	1020	166	1	2.87959133	43.68116252
1000	1020	166	2	0.03165030	0.56198078
1000	1020	166	3	1.00427087	10.56785990
1000	1020	166	4	0.04482543	0.29711868
1000	1020	166	5	1.09108272	11.04280197
1000	1020	166	6	0.03830044	0.47879638
1000	1020	166	7	1.16229229	10.84763312
1000	1020	166	8	3.52775785	32.41195760
1000	1020	166	9	4.03244088	15.88216439
1000	1020	166	10	0.36903583	1.30213357
1000	1020	166	11	1.94460492	9.42040270
1000	1020	166	12	0.04677677	0.56829327
1000	1020	166	13	0.22015455	4.16913583
1000	1020	166	14	3.99142539	15.74797029
1000	1020	166	15	0.11851190	0.47067966
1000	1020	166	16	0.81907858	3.41862101
1000	1020	166	17	0.14550195	2.43684431
1000	1020	166	18	1.03005570	7.54385661
1000	1020	166	19	2.88112948	11.97983142
1000	1020	167	0	0.08629227	4.42197304
1000	1020	167	1	2.86462558	44.36773826
1000	1020	167	2	0.02942380	0.52110280
1000	1020	167	3	1.01631293	10.75592999
1000	1020	167	4	0.04330550	0.29103373
1000	1020	167	5	1.13603254	11.04301483
1000	1020	167	6	0.03703929	0.47587375
1000	1020	167	7	1.16288272	10.84993447
1000	1020	167	8	3.52958089	32.41219859
1000	1020	167	9	4.03564535	15.90612344
1000	1020	167	10	0.38607254	1.33837578
1000	1020	167	11	1.95422888	9.45196936
1000	1020	167	12	0.04525353	0.56416543
1000	1020	167	13	0.20071077	3.99545627
1000	1020	167	14	3.98503727	15.74965141
1000	1020	167	15	0.12360740	0.46921293
1000	1020	167	16	0.80798671	3.39376537
1000	1020	167	17	0.15404106	2.40642157
1000	1020	167	18	1.07936872	7.57623503
1000	1020	167	19	2.83111271	11.90604232
1000	1020	168	0	0.07505509	4.21680344
1000	1020	168	1	2.84664276	45.00487867
1000	1020	168	2	0.02742392	0.48327397
1000	1020	168	3	1.02695356	10.94151670
1000	1020	168	4	0.04183577	0.28447148
1000	1020	168	5	1.18450820	11.08815648
1000	1020	168	6	0.03581021	0.47194160
1000	1020	168	7	1.16344951	10.85258017
1000	1020	168	8	3.53147265	32.41423640
1000	1020	168	9	4.03846926	15.92723995
1000	1020	168	10	0.40492981	1.38239207
1000	1020	168	11	1.96379473	9.48674962
1000	1020	168	12	0.04377332	0.55888410
1000	1020	168	13	0.18260209	3.81873943
1000	1020	168	14	3.97698274	15.74451851
1000	1020	168	15	0.13005198	0.47321557
1000	1020	168	16	0.79554511	3.36395381
1000	1020	168	17	0.16342564	2.38673425
1000	1020	168	18	1.13403222	7.65364442
1000	1020	168	19	2.77393911	11.80043711
1000	1020	169	0	0.06517943	4.01391983
1000	1020	169	1	2.82550199	45.59204858
1000	1020	169	2	0.02562815	0.44832737
1000	1020	169	3	1.03630758	11.12341039
1000	1020	169	4	0.04042810	0.27756392
1000	1020	169	5	1.23615536	11.17731444
1000	1020	169	6	0.03462464	0.46711891
1000	1020	169	7	1.16398883	10.85550974
1000	1020	169	8	3.53340503	32.41794418
1000	1020	169	9	4.04095909	15.94585081
1000	1020	169	10	0.42553877	1.43401615
1000	1020	169	11	1.97319417	9.52403276
1000	1020	169	12	0.04234914	0.55259563
1000	1020	169	13	0.16580972	3.64060733
1000	1020	169	14	3.96716633	15.73263149
1000	1020	169	15	0.13792118	0.48264250
1000	1020	169	16	0.78170439	3.32906006
1000	1020	169	17	0.17364814	2.37785282
1000	1020	169	18	1.19388620	7.77547989
1000	1020	169	19	2.70987384	11.66370665
1000	1020	170	0	0.05653828	3.81453307
1000	1020	170	1	2.80104384	46.12859882
1000	1020	170	2	0.02401628	0.41609516
1000	1020	170	3	1.04449326	11.30060968
1000	1020	170	4	0.03909068	0.27043229
1000	1020	170	5	1.29057309	11.30931204
1000	1020	170	6	0.03349093	0.46152588
1000	1020	170	7	1.16449824	10.85866535
1000	1020	170	8	3.53535341	32.42318082
1000	1020	170	9	4.04315493	15.96225432
1000	1020	170	10	0.44781013	1.49305532
1000	1020	170	11	1.98234013	9.56314410
1000	1020	170	12	0.04099026	0.54544627
1000	1020	170	13	0.15029902	3.46250996
1000	1020	170	14	3.95546829	15.71393963
1000	1020	170	15	0.14730978	0.49753566
1000	1020	170	16	0.76642183	3.28893960
1000	1020	170	17	0.18469024	2.37983507
1000	1020	170	18	1.25871208	7.94105657
1000	1020	170	19	2.63924328	11.49663655
1000	1020	171	0	0.04900642	3.61964717
1000	1020	171	1	2.77309520	46.61375338
1000	1020	171	2	0.02257019	0.38641091
1000	1020	171	3	1.05162807	11.47230879
1000	1020	171	4	0.03782852	0.26318522
1000	1020	171	5	1.34731703	11.48268790
1000	1020	171	6	0.03241473	0.45528068
1000	1020	171	7	1.16497649	10.86199294
1000	1020	171	8	3.53729663	32.42979591
1000	1020	171	9	4.04509135	15.97671360
1000	1020	171	10	0.47163185	1.55927688
1000	1020	171	11	1.99116520	9.60345891
1000	1020	171	12	0.03970282	0.53757843
1000	1020	171	13	0.13602316	3.28572572
1000	1020	171	14	3.94174470	15.68828531
1000	1020	171	15	0.15833161	0.51802107
1000	1020	171	16	0.74966505	3.24344086
1000	1020	171	17	0.19652106	2.39271633
1000	1020	171	18	1.32822437	8.14956156
1000	1020	171	19	2.56244279	11.30014502
1000	1020	172	0	0.04246348	3.43007477
1000	1020	172	1	2.74147490	47.04660207
1000	1020	172	2	0.02127366	0.35911157
1000	1020	172	3	1.05782555	11.63788166
1000	1020	172	4	0.03664407	0.25591775
1000	1020	172	5	1.40590577	11.69568067
1000	1020	172	6	0.03139942	0.44849697
1000	1020	172	7	1.16542321	10.86544293
1000	1020	172	8	3.53921689	32.43763427
1000	1020	172	9	4.04679807	15.98945994
1000	1020	172	10	0.49686775	1.63239554
1000	1020	172	11	1.99961960	9.64441190
1000	1020	172	12	0.03849026	0.52912790
1000	1020	172	13	0.12292633	3.11136541
1000	1020	172	14	3.92582760	15.65540692
1000	1020	172	15	0.17111936	0.54430649
1000	1020	172	16	0.73141588	3.19241735
1000	1020	172	17	0.20909571	2.41649845
1000	1020	172	18	1.40206521	8.40000400
1000	1020	172	19	2.47994131	11.07531917
1000	1020	173	0	0.03679605	3.24645455
1000	1020	173	1	2.70600047	47.42609928
1000	1020	173	2	0.02011219	0.33403890
1000	1020	173	3	1.06319298	11.79686411
1000	1020	173	4	0.03553775	0.24871109
1000	1020	173	5	1.46582983	11.94622156
1000	1020	173	6	0.03044654	0.44128200
1000	1020	173	7	1.16583877	10.86897072
1000	1020	173	8	3.54109949	32.44653982
1000	1020	173	9	4.04830060	16.00069597
1000	1020	173	10	0.52335757	1.71206276
1000	1020	173	11	2.00766893	9.68550281
1000	1020	173	12	0.03735391	0.52022176
1000	1020	173	13	0.11094650	2.94037908
1000	1020	173	14	3.90752528	15.61494116
1000	1020	173	15	0.18582419	0.57667936
1000	1020	173	16	0.71167410	3.13574053
1000	1020	173	17	0.22235448	2.45113830
1000	1020	173	18	1.47980242	8.69116619
1000	1020	173	19	2.39228240	10.82344689
1000	1020	174	0	0.03189910	3.06926971
1000	1020	174	1	2.66649574	47.75106936
1000	1020	174	2	0.01907289	0.31104061
1000	1020	174	3	1.06782999	11.94893510
1000	1020	174	4	0.03450841	0.24163295
1000	1020	174	5	1.52656289	12.23193668
1000	1020	174	6	0.02955616	0.43373535
1000	1020	174	7	1.16622402	10.87253683
1000	1020	174	8	3.54293262	32.45635874
1000	1020	174	9	4.04962076	16.01059868
1000	1020	174	10	0.55091820	1.79785879
1000	1020	174	11	2.01529190	9.72629855
1000	1020	174	12	0.03629342	0.51097704
1000	1020	174	13	0.10001777	2.77356500
1000	1020	174	14	3.88662286	15.56642508
1000	1020	174	15	0.20261513	0.61550505
1000	1020	174	16	0.69046107	3.07331339
1000	1020	174	17	0.23622260	2.49653615
1000	1020	174	18	1.56093158	9.02155930
1000	1020	174	19	2.30008117	10.54604195
1000	1020	175	0	0.02767663	2.89886657
1000	1020	175	1	2.62279957	48.02021957
1000	1020	175	2	0.01814428	0.28997113
1000	1020	175	3	1.07182772	12.09389801
1000	1020	175	4	0.03355375	0.23473828
1000	1020	175	5	1.58757458	12.55016032
1000	1020	175	6	0.02872722	0.42594806
1000	1020	175	7	1.16658021	10.87610684
1000	1020	175	8	3.54470703	32.46694216
1000	1020	175	9	4.05077713	16.01932222
1000	1020	175	10	0.57934639	1.88928808
1000	1020	175	11	2.02247807	9.76643271
1000	1020	175	12	0.03530714	0.50149992
1000	1020	175	13	0.09007224	2.61158015
1000	1020	175	14	3.86288323	15.50929811
1000	1020	175	15	0.22167814	0.66122482
1000	1020	175	16	0.66782288	3.00508423
1000	1020	175	17	0.25061086	2.55252468
1000	1020	175	18	1.64488213	9.38938699
1000	1020	175	19	2.20401723	10.24485987
1000	1020	176	0	0.02404192	2.73547259
1000	1020	176	1	2.57477534	48.23216092
1000	1020	176	2	0.01731620	0.27069224
1000	1020	176	3	1.07526852	12.23166255
1000	1020	176	4	0.03267065	0.22807034
1000	1020	176	5	1.64834387	12.89795973
1000	1020	176	6	0.02795783	0.41800230
1000	1020	176	7	1.16690881	10.87965129
1000	1020	176	8	3.54641572	32.47814815
1000	1020	176	9	4.05178549	16.02700040
1000	1020	176	10	0.60842271	1.98577846
1000	1020	176	11	2.02922584	9.80560284
1000	1020	176	12	0.03439250	0.49188543
1000	1020	176	13	0.08104161	2.45495154
1000	1020	176	14	3.83604859	15.44290460
1000	1020	176	15	0.24321467	0.71435340
1000	1020	176	16	0.64383277	2.93106021
1000	1020	176	17	0.26541697	2.61885945
1000	1020	176	18	1.73102756	9.79251990
1000	1020	176	19	2.10482375	9.92190275
1000	1020	177	0	0.02091744	2.57921356
1000	1020	177	1	2.52232102	48.38543750
1000	1020	177	2	0.01657966	0.25307336
1000	1020	177	3	1.07822608	12.36222775
1000	1020	177	4	0.03185548	0.22166183
1000	1020	177	5	1.70837226	13.27217086
1000	1020	177	6	0.02724551	0.40997126
1000	1020	177	7	1.16721144	10.88314531
1000	1020	177	8	3.54805367	32.48984324
1000	1020	177	9	4.05265911	16.03374906
1000	1020	177	10	0.63791653	2.08668457
1000	1020	177	11	2.03554059	9.84356631
1000	1020	177	12	0.03354629	0.48221751
1000	1020	177	13	0.07285836	2.30408810
1000	1020	177	14	3.80584279	15.36649724
1000	1020	177	15	0.26743950	0.77547576
1000	1020	177	16	0.61859252	2.85131992
1000	1020	177	17	0.28052779	2.69521138
1000	1020	177	18	1.81869906	10.22848380
1000	1020	177	19	2.00327333	9.57941203
1000	1020	178	0	0.01823440	2.43012941
1000	1020	178	1	2.46537956	48.47856450
1000	1020	178	2	0.01592676	0.23699180
1000	1020	178	3	1.08076569	12.48566640
1000	1020	178	4	0.03110427	0.21553623
1000	1020	178	5	1.76719595	13.66944370
1000	1020	178	6	0.02658737	0.40191935
1000	1020	178	7	1.16748977	10.88656833
1000	1020	178	8	3.54961754	32.50190347
1000	1020	178	9	4.05340909	16.03966805
1000	1020	178	10	0.66759174	2.19129535
1000	1020	178	11	2.04143305	9.88013514
1000	1020	178	12	0.03276489	0.47256939
1000	1020	178	13	0.06545674	2.15929260
1000	1020	178	14	3.77197453	15.27924186
1000	1020	178	15	0.29457797	0.84524255
1000	1020	178	16	0.59223275	2.76602440
1000	1020	178	17	0.29582221	2.78116202
1000	1020	178	18	1.90720196	10.69446284
1000	1020	178	19	1.90016139	9.21984890
1000	1020	179	0	0.01593226	2.28818869
1000	1020	179	1	2.40394887	48.51007459
1000	1020	179	2	0.01535057	0.22233280
1000	1020	179	3	1.08294483	12.60211097
1000	1020	179	4	0.03041291	0.20970903
1000	1020	179	5	1.82439613	14.08629539
1000	1020	179	6	0.02598031	0.39390255
1000	1020	179	7	1.16774551	10.88990364
1000	1020	179	8	3.55110541	32.51421500
1000	1020	179	9	4.05404458	16.04484313
1000	1020	179	10	0.69721298	2.29884538
1000	1020	179	11	2.04691793	9.91517025
1000	1020	179	12	0.03204442	0.46300409
1000	1020	179	13	0.05877345	2.02077348
1000	1020	179	14	3.73414177	15.18022436
1000	1020	179	15	0.32486215	0.92436390
1000	1020	179	16	0.56491167	2.67542549
1000	1020	179	17	0.31117456	2.87620198
1000	1020	179	18	1.99583388	11.18731892
1000	1020	179	19	1.79628810	8.84586286
1000	1020	180	0	0.01395803	2.15330145
1000	1020	180	1	2.33809105	48.47857203
1000	1020	180	2	0.01484508	0.20898948
1000	1020	180	3	1.08481374	12.71174117
1000	1020	180	4	0.02977728	0.20418893
1000	1020	180	5	1.87960709	14.51916833
1000	1020	180	6	0.02542110	0.38596891
1000	1020	180	7	1.16798031	10.89313802
1000	1020	180	8	3.55251654	32.52667449
1000	1020	180	9	4.05457302	16.04934757
1000	1020	180	10	0.72655168	2.40852948
1000	1020	180	11	2.05201274	9.94857552
1000	1020	180	12	0.03138094	0.45357513
1000	1020	180	13	0.05274813	1.88865616
1000	1020	180	14	3.69203734	15.06846015
1000	1020	180	15	0.35852605	1.01360100
1000	1020	180	16	0.53681245	2.57987110
1000	1020	180	17	0.32645838	2.97973300
1000	1020	180	18	2.08390346	11.70362655
1000	1020	180	19	1.69244009	8.46025011
1000	1020	181	0	0.01226560	2.02533069
1000	1020	181	1	2.26793993	48.38279323
1000	1020	181	2	0.01440507	0.19686273
1000	1020	181	3	1.08641612	12.81477307
1000	1020	181	4	0.02919332	0.19897906
1000	1020	181	5	1.93252161	14.96449060
1000	1020	181	6	0.02490652	0.37815913
1000	1020	181	7	1.16819577	10.89626133
1000	1020	181	8	3.55385118	32.53918910
1000	1020	181	9	4.05500027	16.05324358
1000	1020	181	10	0.75539194	2.51951970
1000	1020	181	11	2.05673688	9.98029187
1000	1020	181	12	0.03077052	0.44432729
1000	1020	181	13	0.04732374	1.76299389
1000	1020	181	14	3.64535609	14.94290694
1000	1020	181	15	0.39579968	1.11375501
1000	1020	181	16	0.50813917	2.47980643
1000	1020	181	17	0.34155026	3.09107356
1000	1020	181	18	2.17074853	12.23972193
1000	1020	181	19	1.58937278	8.06590372
1000	1020	182	0	0.01081503	1.90410233
1000	1020	182	1	2.19370646	48.22167190
1000	1020	182	2	0.01402610	0.18586103
1000	1020	182	3	1.08778977	12.91144976
1000	1020	182	4	0.02865713	0.19407793
1000	1020	182	5	1.98289376	15.41873596
1000	1020	182	6	0.02443338	0.37050718
1000	1020	182	7	1.16839343	10.89926612
1000	1020	182	8	3.55511034	32.55167634
1000	1020	182	9	4.05533082	16.05658352
1000	1020	182	10	0.78353551	2.63098378
1000	1020	182	11	2.06111080	10.01029159
1000	1020	182	12	0.03020930	0.43529739
1000	1020	182	13	0.04244673	1.64377781
1000	1020	182	14	3.59380351	14.80248137
1000	1020	182	15	0.43690197	1.22565289
1000	1020	182	16	0.47911147	2.37577083
1000	1020	182	17	0.35633350	3.20946792
1000	1020	182	18	2.25575256	12.79176361
1000	1020	182	19	1.48779452	7.66575862
1000	1020	183	0	0.00957186	1.78941383
1000	1020	183	1	2.11568116	47.99440620
1000	1020	183	2	0.01370439	0.17590022
1000	1020	183	3	1.08896730	13.00203335
1000	1020	183	4	0.02816498	0.18948039
1000	1020	183	5	2.03053915	15.87848058
1000	1020	183	6	0.02399860	0.36304089
1000	1020	183	7	1.16857472	10.90214725
1000	1020	183	8	3.55629566	32.56406370
1000	1020	183	9	4.05556788	16.05941106
1000	1020	183	10	0.81080594	2.74210393
1000	1020	183	11	2.06515547	10.03857307
1000	1020	183	12	0.02969358	0.42651512
1000	1020	183	13	0.03806716	1.53094637
1000	1020	183	14	3.53710581	14.64607999
1000	1020	183	15	0.48203252	1.35012971
1000	1020	183	16	0.44995830	2.26839017
1000	1020	183	17	0.37070131	3.33409820
1000	1020	183	18	2.33835857	13.35580164
1000	1020	183	19	1.38835313	7.26273417
1000	1020	184	0	0.00850648	1.68104153
1000	1020	184	1	2.03423326	47.70052509
1000	1020	184	2	0.01343683	0.16690323
1000	1020	184	3	1.08997669	13.08679832
1000	1020	184	4	0.02771334	0.18517848
1000	1020	184	5	2.07533284	16.34045443
1000	1020	184	6	0.02359924	0.35578265
1000	1020	184	7	1.16874100	10.90490158
1000	1020	184	8	3.55740927	32.57628821
1000	1020	184	9	4.05571349	16.06176201
1000	1020	184	10	0.83705156	2.85209490
1000	1020	184	11	2.06889183	10.06515599
1000	1020	184	12	0.02921984	0.41800380
1000	1020	184	13	0.03413868	1.42439389
1000	1020	184	14	3.47502141	14.47260516
1000	1020	184	15	0.53136251	1.48800732
1000	1020	184	16	0.42091104	2.15836475
1000	1020	184	17	0.38455950	3.46409877
1000	1020	184	18	2.41807985	13.92785148
1000	1020	184	19	1.29162545	6.85967744
1000	1020	185	0	0.00759348	1.57874690
1000	1020	185	1	1.94980618	47.33995039
1000	1020	185	2	0.01322088	0.15879981
1000	1020	185	3	1.09084190	13.16602591
1000	1020	185	4	0.02729893	0.18116205
1000	1020	185	5	2.11720552	16.80158561
1000	1020	185	6	0.02323252	0.34874997
1000	1020	185	7	1.16889350	10.90752765
1000	1020	185	8	3.55845366	32.58829590
1000	1020	185	9	4.05576862	16.06366523
1000	1020	185	10	0.86214729	2.96022048
1000	1020	185	11	2.07234049	10.09007697
1000	1020	185	12	0.02878476	0.40978113
1000	1020	185	13	0.03061849	1.32397833
1000	1020	185	14	3.40735352	14.28099573
1000	1020	185	15	0.58502475	1.64006921
1000	1020	185	16	0.39219655	2.04645338
1000	1020	185	17	0.39782835	3.59857232
1000	1020	185	18	2.49450715	14.50396884
1000	1020	185	19	1.19811005	6.45931011
1000	1020	186	0	0.00681119	1.48228173
1000	1020	186	1	1.86290941	46.91305130
1000	1020	186	2	0.01305458	0.15152626
1000	1020	186	3	1.09158341	13.23999964
1000	1020	186	4	0.02691867	0.17741941
1000	1020	186	5	2.15613819	17.25903635
1000	1020	186	6	0.02289583	0.34195606
1000	1020	186	7	1.16903338	10.91002540
1000	1020	186	8	3.55943157	32.60004114
1000	1020	186	9	4.05573319	16.06514322
1000	1020	186	10	0.88599535	3.06580753
1000	1020	186	11	2.07552145	10.11338581
1000	1020	186	12	0.02838522	0.40185993
1000	1020	186	13	0.02746724	1.22952825
1000	1020	186	14	3.33396334	14.07026261
1000	1020	186	15	0.64310357	1.80703199
1000	1020	186	16	0.36403049	1.93345440
1000	1020	186	17	0.41044382	3.73660658
1000	1020	186	18	2.56731240	15.08032181
1000	1020	186	19	1.10822327	6.06418110
1000	1020	187	0	0.00614110	1.39139251
1000	1020	187	1	1.77410708	46.42068794
1000	1020	187	2	0.01293647	0.14502513
1000	1020	187	3	1.09221863	13.30900156
1000	1020	187	4	0.02656974	0.17393781
1000	1020	187	5	2.19215598	17.71023020
1000	1020	187	6	0.02258672	0.33541040
1000	1020	187	7	1.16916172	10.91239593
1000	1020	187	8	3.56034594	32.61148601
1000	1020	187	9	4.05560617	16.06621275
1000	1020	187	10	0.90852481	3.16825715
1000	1020	187	11	2.07845388	10.13514219
1000	1020	187	12	0.02801835	0.39424873
1000	1020	187	13	0.02464889	1.14084908
1000	1020	187	14	3.25478332	13.83952850
1000	1020	187	15	0.70562483	1.98951394
1000	1020	187	16	0.33661139	1.82018473
1000	1020	187	17	0.42235787	3.87729111
1000	1020	187	18	2.63624896	15.65325718
1000	1020	187	19	1.02229821	5.67662695
1000	1020	188	0	0.00556750	1.30582390
1000	1020	188	1	1.68400370	45.86424138
1000	1020	188	2	0.01286559	0.13924490
1000	1020	188	3	1.09276237	13.37330940
1000	1020	188	4	0.02624950	0.17070383
1000	1020	188	5	2.22532145	18.15287039
1000	1020	188	6	0.02230294	0.32911919
1000	1020	188	7	1.16927948	10.91464131
1000	1020	188	8	3.56119979	32.62259965
1000	1020	188	9	4.05538560	16.06688532
1000	1020	188	10	0.92969040	3.26705261
1000	1020	188	11	2.08115605	10.15541285
1000	1020	188	12	0.02768144	0.38695243
1000	1020	188	13	0.02213054	1.05772857
1000	1020	188	14	3.16982960	13.58807079
1000	1020	188	15	0.77254682	2.18800157
1000	1020	188	16	0.31011579	1.70745816
1000	1020	188	17	0.43353818	4.01973316
1000	1020	188	18	2.70114905	16.21935823
1000	1020	188	19	0.94058645	5.29874098
1000	1020	189	0	0.00507704	1.22532170
1000	1020	189	1	1.59322810	45.24562787
1000	1020	189	2	0.01284147	0.13413979
1000	1020	189	3	1.09322716	13.43319420
1000	1020	189	4	0.02595556	0.16770376
1000	1020	189	5	2.25572780	18.58494957
1000	1020	189	6	0.02204240	0.32308586
1000	1020	189	7	1.16938756	10.91676434
1000	1020	189	8	3.56199622	32.63335761
1000	1020	189	9	4.05506859	16.06716758
1000	1020	189	10	0.94947051	3.36176395
1000	1020	189	11	2.08364523	10.17426924
1000	1020	189	12	0.02737202	0.37997278
1000	1020	189	13	0.01988222	0.97994162
1000	1020	189	14	3.07921291	13.31536612
1000	1020	189	15	0.84375272	2.40281568
1000	1020	189	16	0.28469458	1.59606412
1000	1020	189	17	0.44396722	4.16307210
1000	1020	189	18	2.76191880	16.77549235
1000	1020	189	19	0.86326204	4.93235176
1000	1020	190	0	0.00465845	1.14963512
1000	1020	190	1	1.50241627	44.56729630
1000	1020	190	2	0.01286408	0.12966941
1000	1020	190	3	1.09362361	13.48891865
1000	1020	190	4	0.02568569	0.16492378
1000	1020	190	5	2.28349223	19.00475190
1000	1020	190	6	0.02180315	0.31731144
1000	1020	190	7	1.16948679	10.91876843
1000	1020	190	8	3.56273830	32.64374117
1000	1020	190	9	4.05465136	16.06706159
1000	1020	190	10	0.96786474	3.45204949
1000	1020	190	11	2.08593763	10.19178556
1000	1020	190	12	0.02708782	0.37330891
1000	1020	190	13	0.01787676	0.90725443
1000	1020	190	14	2.98314681	13.02113441
1000	1020	190	15	0.91904532	2.63407849
1000	1020	190	16	0.26047076	1.48674803
1000	1020	190	17	0.45364094	4.30649193
1000	1020	190	18	2.81853137	17.31884731
1000	1020	190	19	0.79042713	4.57901089
1000	1020	191	0	0.00430222	1.07851862
1000	1020	191	1	1.41219429	43.83220858
1000	1020	191	2	0.01293385	0.12579858
1000	1020	191	3	1.09396064	13.54073570
1000	1020	191	4	0.02543787	0.16235028
1000	1020	191	5	2.30874979	19.41084823
1000	1020	191	6	0.02158344	0.31179493
1000	1020	191	7	1.16957790	10.92065744
1000	1020	191	8	3.56342911	32.65373673
1000	1020	191	9	4.05412919	16.06656511
1000	1020	191	10	0.98489113	3.53765447
1000	1020	191	11	2.08804844	10.20803717
1000	1020	191	12	0.02682674	0.36695776
1000	1020	191	13	0.01608958	0.83942812
1000	1020	191	14	2.88195250	12.70538012
1000	1020	191	15	0.99814461	2.88168383
1000	1020	191	16	0.23753858	1.38019433
1000	1020	191	17	0.46256706	4.44923147
1000	1020	191	18	2.87101903	17.84695599
1000	1020	191	19	0.72211893	4.23998937
1000	1020	192	0	0.00400036	1.01173333
1000	1020	192	1	1.32316232	43.04380400
1000	1020	192	2	0.01305165	0.12249708
1000	1020	192	3	1.09424572	13.58888773
1000	1020	192	4	0.02521026	0.15996993
1000	1020	192	5	2.33164780	19.80208565
1000	1020	192	6	0.02138162	0.30653367
1000	1020	192	7	1.16966160	10.92243556
1000	1020	192	8	3.56407164	32.66333524
1000	1020	192	9	4.05349647	16.06567178
1000	1020	192	10	1.00058324	3.61840729
1000	1020	192	11	2.08999179	10.22309932
1000	1020	192	12	0.02658685	0.36091442
1000	1020	192	13	0.01449845	0.77622179
1000	1020	192	14	2.77605941	12.36842780
1000	1020	192	15	1.08068883	3.14527261
1000	1020	192	16	0.21596386	1.27701271
1000	1020	192	17	0.47076330	4.59059224
1000	1020	192	18	2.91946448	18.35770980
1000	1020	192	19	0.65831741	3.91628196
1000	1020	193	0	0.00374619	0.94904815
1000	1020	193	1	1.23588033	42.20594935
1000	1020	193	2	0.01321879	0.11973946
1000	1020	193	3	1.09448509	13.63360586
1000	1020	193	4	0.02500115	0.15776983
1000	1020	193	5	2.35234095	20.17757246
1000	1020	193	6	0.02119622	0.30152357
1000	1020	193	7	1.16973849	10.92410724
1000	1020	193	8	3.56466879	32.67253163
1000	1020	193	9	4.05274658	16.06437119
1000	1020	193	10	1.01498725	3.69421377
1000	1020	193	11	2.09178082	10.23704608
1000	1020	193	12	0.02636640	0.35517253
1000	1020	193	13	0.01308340	0.71739506
1000	1020	193	14	2.66600106	12.01094917
1000	1020	193	15	1.16623918	3.42421549
1000	1020	193	16	0.19578534	1.17772819
1000	1020	193	17	0.47825545	4.72994391
1000	1020	193	18	2.96399201	18.84936171
1000	1020	193	19	0.59895328	3.60861797
1000	1020	194	0	0.00353417	0.89024051
1000	1020	194	1	1.15085639	41.32287727
1000	1020	194	2	0.01343702	0.11750488
1000	1020	194	3	1.09468392	13.67510958
1000	1020	194	4	0.02480901	0.15573760
1000	1020	194	5	2.37098714	20.53665972
1000	1020	194	6	0.02102586	0.29675942
1000	1020	194	7	1.16980915	10.92567704
1000	1020	194	8	3.56522339	32.68132430
1000	1020	194	9	4.05187194	16.06264897
1000	1020	194	10	1.02815917	3.76504997
1000	1020	194	11	2.09342770	10.24994966
1000	1020	194	12	0.02616378	0.34972451
1000	1020	194	13	0.01182646	0.66271030
1000	1020	194	14	2.55240606	11.63397932
1000	1020	194	15	1.25428818	3.71760476
1000	1020	194	16	0.17701697	1.08277491
1000	1020	194	17	0.48507554	4.86672741
1000	1020	194	18	3.00475896	19.32052004
1000	1020	194	19	0.54391609	3.31747757
1000	1020	195	0	0.00335975	0.83509700
1000	1020	195	1	1.06853771	40.39911593
1000	1020	195	2	0.01370858	0.11577692
1000	1020	195	3	1.09484641	13.71360662
1000	1020	195	4	0.02463242	0.15386144
1000	1020	195	5	2.38774399	20.87892052
1000	1020	195	6	0.02086930	0.29223510
1000	1020	195	7	1.16987409	10.92714964
1000	1020	195	8	3.56573814	32.68971464
1000	1020	195	9	4.05086389	16.06048677
1000	1020	195	10	1.04016227	3.83095408
1000	1020	195	11	2.09494366	10.26187973
1000	1020	195	12	0.02597751	0.34456187
1000	1020	195	13	0.01071156	0.61193436
1000	1020	195	14	2.43598447	11.23891968
1000	1020	195	15	1.34427140	4.02425662
1000	1020	195	16	0.15965067	0.99249381
1000	1020	195	17	0.49126018	5.00045611
1000	1020	195	18	3.04194760	19.77013450
1000	1020	195	19	0.49306193	3.04311202
1000	1020	196	0	0.00321924	0.78341369
1000	1020	196	1	0.98930480	39.43941341
1000	1020	196	2	0.01403616	0.11454353
1000	1020	196	3	1.09497596	13.74929287
1000	1020	196	4	0.02447010	0.15213017
1000	1020	196	5	2.40276612	21.20412773
1000	1020	196	6	0.02072540	0.28794375
1000	1020	196	7	1.16993379	10.92852970
1000	1020	196	8	3.56621563	32.69770657
1000	1020	196	9	4.04971263	16.05786224
1000	1020	196	10	1.05106475	3.89201780
1000	1020	196	11	2.09633909	10.27290308
1000	1020	196	12	0.02580625	0.33967541
1000	1020	196	13	0.00972432	0.56484002
1000	1020	196	14	2.31751018	10.82752671
1000	1020	196	15	1.43558200	4.34272458
1000	1020	196	16	0.14365952	0.90713356
1000	1020	196	17	0.49684896	5.13071508
1000	1020	196	18	3.07575778	20.19747594
1000	1020	196	19	0.44622073	2.78556671
1000	1020	197	0	0.00310972	0.73499643
1000	1020	197	1	0.91346847	38.44865991
1000	1020	197	2	0.01442293	0.11379690
1000	1020	197	3	1.09507523	13.78235246
1000	1020	197	4	0.02432088	0.15053323
1000	1020	197	5	2.41620300	21.51223129
1000	1020	197	6	0.02059312	0.28387798
1000	1020	197	7	1.16998868	10.92982189
1000	1020	197	8	3.56665830	32.70530619
1000	1020	197	9	4.04840717	16.05474884
1000	1020	197	10	1.06093771	3.94837761
1000	1020	197	11	2.09762353	10.28308330
1000	1020	197	12	0.02564878	0.33505539
1000	1020	197	13	0.00885195	0.52120717
1000	1020	197	14	2.19780019	10.40188575
1000	1020	197	15	1.52758717	4.67132405
1000	1020	197	16	0.12900099	0.82685451
1000	1020	197	17	0.50188316	5.25715896
1000	1020	197	18	3.10640044	20.60211154
1000	1020	197	19	0.40320292	2.54470576
1000	1020	198	0	0.00302895	0.68966093
1000	1020	198	1	0.84126954	37.43181093
1000	1020	198	2	0.01487262	0.11353339
1000	1020	198	3	1.09514619	13.81295799
1000	1020	198	4	0.02418368	0.14906070
1000	1020	198	5	2.42819733	21.80333553
1000	1020	198	6	0.02047151	0.28002997
1000	1020	198	7	1.17003914	10.93103079
1000	1020	198	8	3.56706849	32.71252139
1000	1020	198	9	4.04693522	16.05111578
1000	1020	198	10	1.06985344	4.00020619
1000	1020	198	11	2.09880575	10.29248062
1000	1020	198	12	0.02550398	0.33069174
1000	1020	198	13	0.00808311	0.48082370
1000	1020	198	14	2.07769222	9.96437083
1000	1020	198	15	1.61964554	5.00816702
1000	1020	198	16	0.11562028	0.75173495
1000	1020	198	17	0.50640458	5.37950860
1000	1020	198	18	3.13409201	20.98387662
1000	1020	198	19	0.36380535	2.32023721
1000	1020	199	0	0.00297535	0.64723283
1000	1020	199	1	0.77288094	36.39381398
1000	1020	199	2	0.01538948	0.11375359
1000	1020	199	3	1.09519023	13.84127068
1000	1020	199	4	0.02405755	0.14770328
1000	1020	199	5	2.43888395	22.07767718
1000	1020	199	6	0.02035971	0.27639166
1000	1020	199	7	1.17008554	10.93216087
1000	1020	199	8	3.56744840	32.71936152
1000	1020	199	9	4.04528306	16.04692771
1000	1020	199	10	1.07788393	4.04770436
1000	1020	199	11	2.09989384	10.30115182
1000	1020	199	12	0.02537082	0.32657416
1000	1020	199	13	0.00740778	0.44348618
1000	1020	199	14	1.95802165	9.51759224
1000	1020	199	15	1.71112447	5.35120537
1000	1020	199	16	0.10345334	0.68177899
1000	1020	199	17	0.51045469	5.49754679
1000	1020	199	18	3.15904969	21.34284473
1000	1020	199	19	0.32781652	2.11173802
1000	1020	200	0	0.00294789	0.60754765
1000	1020	200	1	0.70841161	35.33954114
1000	1020	200	2	0.01597837	0.11446222
1000	1020	200	3	1.09520814	13.86744071
1000	1020	200	4	0.02394158	0.14645232
1000	1020	200	5	2.44838915	22.33560446
1000	1020	200	6	0.02025692	0.27295479
1000	1020	200	7	1.17012819	10.93321651
1000	1020	200	8	3.56780010	32.72583712
1000	1020	200	9	4.04343547	16.04214451
1000	1020	200	10	1.08509978	4.09109366
1000	1020	200	11	2.10089518	10.30915021
1000	1020	200	12	0.02524838	0.32269225
1000	1020	200	13	0.00681715	0.40900038
1000	1020	200	14	1.83959955	9.06433432
1000	1020	200	15	1.80141641	5.69828043
1000	1020	200	16	0.09242968	0.61692568
1000	1020	200	17	0.51407385	5.61111348
1000	1020	200	18	3.18148764	21.67929687
1000	1020	200	19	0.29502103	1.91867794
