world_seed	cell_seed	time	gene_id	X	P
1018	1076	0	0	0.22522837	0.22522837
1018	1076	0	1	0.02263131	0.02263131
1018	1076	0	2	0.96552065	0.96552065
1018	1076	0	3	0.03171505	0.03171505
1018	1076	0	4	0.47226973	0.47226973
1018	1076	0	5	0.38823817	0.38823817
1018	1076	0	6	0.73379317	0.73379317
1018	1076	0	7	0.68717700	0.68717700
1018	1076	0	8	0.12618116	0.12618116
1018	1076	0	9	0.54872971	0.54872971
1018	1076	0	10	0.96006163	0.96006163
1018	1076	0	11	0.59212217	0.59212217
1018	1076	0	12	0.35279272	0.35279272
1018	1076	0	13	0.02961928	0.02961928
1018	1076	0	14	0.17302630	0.17302630
1018	1076	0	15	0.79293334	0.79293334
1018	1076	0	16	0.21622902	0.21622902
1018	1076	0	17	0.48827197	0.48827197
1018	1076	0	18	0.29798093	0.29798093
1018	1076	0	19	0.84694179	0.84694179
1018	1076	1	0	0.22055885	0.38953770
1018	1076	1	1	0.01608745	0.03939502
1018	1076	1	2	1.07560267	1.79861134
1018	1076	1	3	0.67950990	0.05761112
1018	1076	1	4	0.59151631	0.81169871
1018	1076	1	5	0.59105032	0.68116086
1018	1076	1	6	0.94127166	1.39929615
1018	1076	1	7	0.49848324	1.25748292
1018	1076	1	8	0.09786747	0.21889229
1018	1076	1	9	0.35448202	1.05332745
1018	1076	1	10	1.16831171	1.85225602
1018	1076	1	11	0.42975009	1.04146916
1018	1076	1	12	0.62330626	0.65530645
1018	1076	1	13	0.16138631	0.05520570
1018	1076	1	14	0.09750892	0.30335385
1018	1076	1	15	0.69943725	1.51942944
1018	1076	1	16	0.11403552	0.37674376
1018	1076	1	17	0.62169202	0.84682880
1018	1076	1	18	0.75439547	0.58004143
1018	1076	1	19	0.58544895	1.54281088
1018	1076	2	0	0.32648038	0.50473566
1018	1076	2	1	0.01323600	0.04526855
1018	1076	2	2	1.14758960	2.62751806
1018	1076	2	3	1.00605147	0.72655073
1018	1076	2	4	0.65098165	1.17489915
1018	1076	2	5	0.70668889	1.10498091
1018	1076	2	6	1.07886533	2.21034283
1018	1076	2	7	0.36183557	1.54210077
1018	1076	2	8	0.07598333	0.25869773
1018	1076	2	9	0.22918519	1.32309489
1018	1076	2	10	1.32690963	2.88963083
1018	1076	2	11	0.31196995	1.22009551
1018	1076	2	12	0.82255155	1.18522034
1018	1076	2	13	0.41671667	0.20907537
1018	1076	2	14	0.06022124	0.32600230
1018	1076	2	15	0.64879518	2.09155876
1018	1076	2	16	0.07418320	0.39370624
1018	1076	2	17	0.69641215	1.24355088
1018	1076	2	18	1.06702541	1.30344666
1018	1076	2	19	0.40719835	1.85306194
1018	1076	3	0	0.51585061	0.69469679
1018	1076	3	1	0.01289371	0.04676782
1018	1076	3	2	1.19468065	3.41471960
1018	1076	3	3	1.11173693	1.59929712
1018	1076	3	4	0.63608872	1.49540337
1018	1076	3	5	0.76976404	1.54038842
1018	1076	3	6	1.09274046	3.08350342
1018	1076	3	7	0.30634681	1.64166478
1018	1076	3	8	0.07439488	0.26606048
1018	1076	3	9	0.14833740	1.44586926
1018	1076	3	10	1.44481094	4.01227101
1018	1076	3	11	0.23960462	1.23787051
1018	1076	3	12	0.88258470	1.83885775
1018	1076	3	13	0.68390066	0.59732499
1018	1076	3	14	0.04402476	0.30577398
1018	1076	3	15	0.61984930	2.56510920
1018	1076	3	16	0.06535281	0.36644579
1018	1076	3	17	0.73623518	1.60959925
1018	1076	3	18	1.27688668	2.30083198
1018	1076	3	19	0.28638569	1.92972156
1018	1076	4	0	0.74216322	1.02264808
1018	1076	4	1	0.01610689	0.04753607
1018	1076	4	2	1.22550212	4.14104031
1018	1076	4	3	1.09497936	2.41760041
1018	1076	4	4	0.52703727	1.71086273
1018	1076	4	5	0.79369213	1.93197517
1018	1076	4	6	0.95233260	3.88927877
1018	1076	4	7	0.38851645	1.66880677
1018	1076	4	8	0.12637831	0.26988179
1018	1076	4	9	0.09614219	1.47792162
1018	1076	4	10	1.51295041	5.17345251
1018	1076	4	11	0.23285993	1.17899420
1018	1076	4	12	0.79428663	2.45937381
1018	1076	4	13	0.90744715	1.19989573
1018	1076	4	14	0.04451916	0.27434104
1018	1076	4	15	0.59812134	2.97003654
1018	1076	4	16	0.08417750	0.33737897
1018	1076	4	17	0.75010735	1.91822563
1018	1076	4	18	1.39771266	3.45479062
1018	1076	4	19	0.20770169	1.87189441
1018	1076	5	0	0.96994600	1.48820877
1018	1076	5	1	0.02645410	0.05131832
1018	1076	5	2	1.24567660	4.79856099
1018	1076	5	3	1.02016826	3.06900660
1018	1076	5	4	0.40015048	1.75666591
1018	1076	5	5	0.77763268	2.25135242
1018	1076	5	6	0.77044783	4.47965706
1018	1076	5	7	0.56258781	1.77350225
1018	1076	5	8	0.23614626	0.32467291
1018	1076	5	9	0.06244249	1.45520094
1018	1076	5	10	1.51386502	6.32068898
1018	1076	5	11	0.28867676	1.12756972
1018	1076	5	12	0.66659227	2.90315768
1018	1076	5	13	1.07734679	1.94396881
1018	1076	5	14	0.06698449	0.25115940
1018	1076	5	15	0.57101770	3.31930840
1018	1076	5	16	0.14421868	0.33462629
1018	1076	5	17	0.73646028	2.15873399
1018	1076	5	18	1.42360768	4.66792195
1018	1076	5	19	0.16423694	1.74569814
1018	1076	6	0	1.17960273	2.05562892
1018	1076	6	1	0.04902100	0.06446716
1018	1076	6	2	1.25885348	5.38607119
1018	1076	6	3	0.92348285	3.52608388
1018	1076	6	4	0.29932430	1.66269871
1018	1076	6	5	0.71975325	2.47626062
1018	1076	6	6	0.60849229	4.83320725
1018	1076	6	7	0.76045524	2.03446309
1018	1076	6	8	0.38006234	0.47469843
1018	1076	6	9	0.04073468	1.40060790
1018	1076	6	10	1.44797240	7.38774133
1018	1076	6	11	0.38145632	1.14436177
1018	1076	6	12	0.54645403	3.15600040
1018	1076	6	13	1.20076994	2.75663084
1018	1076	6	14	0.12102482	0.25616376
1018	1076	6	15	0.52907935	3.61221231
1018	1076	6	16	0.25605307	0.39262406
1018	1076	6	17	0.69144515	2.32170143
1018	1076	6	18	1.35481909	5.84213355
1018	1076	6	19	0.15389673	1.59854730
1018	1076	7	0	1.36295324	2.67923184
1018	1076	7	1	0.08737236	0.09677381
1018	1076	7	2	1.26734838	5.90617588
1018	1076	7	3	0.82377464	3.80261275
1018	1076	7	4	0.23028357	1.49433657
1018	1076	7	5	0.63042199	2.58807270
1018	1076	7	6	0.48142278	4.99189888
1018	1076	7	7	0.94361136	2.44890866
1018	1076	7	8	0.53163977	0.72884517
1018	1076	7	9	0.02694832	1.32869771
1018	1076	7	10	1.33826281	8.31347060
1018	1076	7	11	0.48480344	1.24988441
1018	1076	7	12	0.44613744	3.25267048
1018	1076	7	13	1.28854574	3.58206649
1018	1076	7	14	0.21115723	0.31397349
1018	1076	7	15	0.47106961	3.83863642
1018	1076	7	16	0.40719546	0.54751231
1018	1076	7	17	0.61920815	2.39635955
1018	1076	7	18	1.21781046	6.88482119
1018	1076	7	19	0.17377226	1.46730419
1018	1076	8	0	1.51839439	3.31751518
1018	1076	8	1	0.14074442	0.15905570
1018	1076	8	2	1.27245657	6.36343838
1018	1076	8	3	0.73016992	3.92869683
1018	1076	8	4	0.18671640	1.30429086
1018	1076	8	5	0.52911353	2.58310278
1018	1076	8	6	0.38775507	5.00875243
1018	1076	8	7	1.09676646	2.97602384
1018	1076	8	8	0.67229156	1.06715593
1018	1076	8	9	0.01884143	1.24878460
1018	1076	8	10	1.20992772	9.06405002
1018	1076	8	11	0.58080608	1.43331007
1018	1076	8	12	0.36670103	3.23524683
1018	1076	8	13	1.35045844	4.38288918
1018	1076	8	14	0.33040320	0.44764958
1018	1076	8	15	0.40437286	3.98807947
1018	1076	8	16	0.56831665	0.81363394
1018	1076	8	17	0.53288731	2.37894686
1018	1076	8	18	1.05114777	7.73479187
1018	1076	8	19	0.21666507	1.37934702
1018	1076	9	0	1.64761910	3.93859887
1018	1076	9	1	0.20432275	0.25856188
1018	1076	9	2	1.27441843	6.76309134
1018	1076	9	3	0.64652918	3.93804270
1018	1076	9	4	0.16125716	1.12413433
1018	1076	9	5	0.43250362	2.47804456
1018	1076	9	6	0.32178652	4.93036980
1018	1076	9	7	1.21629565	3.56664543
1018	1076	9	8	0.79156906	1.45638025
1018	1076	9	9	0.01601521	1.16719166
1018	1076	9	10	1.07946618	9.63323552
1018	1076	9	11	0.65980182	1.66850995
1018	1076	9	12	0.30591814	3.14086993
1018	1076	9	13	1.39411834	5.13658704
1018	1076	9	14	0.46359752	0.66758358
1018	1076	9	15	0.33870319	4.05830443
1018	1076	9	16	0.71452587	1.17230698
1018	1076	9	17	0.44652498	2.27983921
1018	1076	9	18	0.88460018	8.37268792
1018	1076	9	19	0.27274204	1.34997195
1018	1076	10	0	1.75370122	4.52091858
1018	1076	10	1	0.27182467	0.39584750
1018	1076	10	2	1.27213690	7.10989012
1018	1076	10	3	0.57394502	3.86203309
1018	1076	10	4	0.14825284	0.96919326
1018	1076	10	5	0.34936805	2.30216903
1018	1076	10	6	0.27764628	4.79331326
1018	1076	10	7	1.30359456	4.17634673
1018	1076	10	8	0.88480245	1.86163881
1018	1076	10	9	0.02027787	1.08933467
1018	1076	10	10	0.95549109	10.03172347
1018	1076	10	11	0.71781618	1.92599312
1018	1076	10	12	0.26088453	2.99916047
1018	1076	10	13	1.42506304	5.83132365
1018	1076	10	14	0.59538179	0.96643745
1018	1076	10	15	0.28072070	4.05697580
1018	1076	10	16	0.83443181	1.58477236
1018	1076	10	17	0.36919818	2.12069834
1018	1076	10	18	0.73411542	8.80995509
1018	1076	10	19	0.33303014	1.38191362
1018	1076	11	0	1.84005860	5.05181648
1018	1076	11	1	0.33782388	0.56504111
1018	1076	11	2	1.26312694	7.40684075
1018	1076	11	3	0.51212890	3.72738531
1018	1076	11	4	0.14390108	0.84482994
1018	1076	11	5	0.28209534	2.08633673
1018	1076	11	6	0.25044729	4.62487160
1018	1076	11	7	1.36189603	4.76965247
1018	1076	11	8	0.95096671	2.25263435
1018	1076	11	9	0.03529572	1.02200205
1018	1076	11	10	0.84183748	10.27806702
1018	1076	11	11	0.75432654	2.17940513
1018	1076	11	12	0.22888296	2.83261342
1018	1076	11	13	1.44718155	6.46241178
1018	1076	11	14	0.71526510	1.32332561
1018	1076	11	15	0.23302285	3.99777600
1018	1076	11	16	0.92702052	2.01086648
1018	1076	11	17	0.30458703	1.92650830
1018	1076	11	18	0.60562999	9.07337535
1018	1076	11	19	0.39128430	1.46844581
1018	1076	12	0	1.90992228	5.52547622
1018	1076	12	1	0.39871061	0.75636724
1018	1076	12	2	1.24426287	7.65405194
1018	1076	12	3	0.46018401	3.55562612
1018	1076	12	4	0.14578438	0.75109595
1018	1076	12	5	0.22962706	1.85622024
1018	1076	12	6	0.23644743	4.44490692
1018	1076	12	7	1.39486147	5.32035368
1018	1076	12	8	0.99122853	2.60608108
1018	1076	12	9	0.06450914	0.97510255
1018	1076	12	10	0.73978589	10.39334281
1018	1076	12	11	0.77076787	2.40822366
1018	1076	12	12	0.20763453	2.65780060
1018	1076	12	13	1.46314389	7.02969142
1018	1076	12	14	0.81831027	1.71202562
1018	1076	12	15	0.19545448	3.89583851
1018	1076	12	16	0.99616136	2.41976051
1018	1076	12	17	0.25286135	1.71929595
1018	1076	12	18	0.49957227	9.19423626
1018	1076	12	19	0.44402967	1.59779704
1018	1076	13	0	1.96608730	5.94088570
1018	1076	13	1	0.45263053	0.95897513
1018	1076	13	2	1.21323318	7.84849178
1018	1076	13	3	0.41703476	3.36343584
1018	1076	13	4	0.15239304	0.68561091
1018	1076	13	5	0.18957881	1.63013084
1018	1076	13	6	0.23289454	4.26769071
1018	1076	13	7	1.40602496	5.81036027
1018	1076	13	8	1.00803433	2.90603651
1018	1076	13	9	0.10834262	0.96118840
1018	1076	13	10	0.64931928	10.39841810
1018	1076	13	11	0.76961760	2.59830976
1018	1076	13	12	0.19532381	2.48665315
1018	1076	13	13	1.47474817	7.53569436
1018	1076	13	14	0.90363027	2.10784895
1018	1076	13	15	0.16659153	3.76487365
1018	1076	13	16	1.04696520	2.79243839
1018	1076	13	17	0.21251326	1.51540630
1018	1076	13	18	0.41385013	9.20258212
1018	1076	13	19	0.48983213	1.75682070
1018	1076	14	0	2.01082776	6.30010159
1018	1076	14	1	0.49902114	1.16297295
1018	1076	14	2	1.16981129	7.98523274
1018	1076	14	3	0.38165282	3.16335874
1018	1076	14	4	0.16276369	0.64515426
1018	1076	14	5	0.15936936	1.41949990
1018	1076	14	6	0.23779497	4.10341418
1018	1076	14	7	1.39863565	6.22819288
1018	1076	14	8	1.00454224	3.14323341
1018	1076	14	9	0.16331421	0.99222678
1018	1076	14	10	0.56979233	10.31266801
1018	1076	14	11	0.75384613	2.74141117
1018	1076	14	12	0.19054087	2.32758642
1018	1076	14	13	1.48318094	7.98440579
1018	1076	14	14	0.97259923	2.49131255
1018	1076	14	15	0.14469055	3.61601896
1018	1076	14	16	1.08411300	3.11989469
1018	1076	14	17	0.18150987	1.32533421
1018	1076	14	18	0.34549230	9.12475996
1018	1076	14	19	0.52851621	1.93328107
1018	1076	15	0	2.04591512	6.60689840
1018	1076	15	1	0.53812107	1.36047104
1018	1076	15	2	1.11609665	8.05979654
1018	1076	15	3	0.35315417	2.96460917
1018	1076	15	4	0.17622988	0.62644797
1018	1076	15	5	0.13670362	1.23037103
1018	1076	15	6	0.24968712	3.95932642
1018	1076	15	7	1.37567548	6.56757363
1018	1076	15	8	0.98425466	3.31402082
1018	1076	15	9	0.22372821	1.07574046
1018	1076	15	10	0.50028416	10.15345269
1018	1076	15	11	0.72657983	2.83423585
1018	1076	15	12	0.19219515	2.18640648
1018	1076	15	13	1.48920979	8.38045484
1018	1076	15	14	1.02753232	2.84911547
1018	1076	15	15	0.12814286	3.45773532
1018	1076	15	16	1.11133702	3.40012532
1018	1076	15	17	0.15787187	1.15475360
1018	1076	15	18	0.29145757	8.98273782
1018	1076	15	19	0.56057700	2.11694952
1018	1076	16	0	2.07269673	6.86580117
1018	1076	16	1	0.57059014	1.54586389
1018	1076	16	2	1.05573072	8.07041858
1018	1076	16	3	0.33081669	2.77382685
1018	1076	16	4	0.19225548	0.62646960
1018	1076	16	5	0.11971719	1.06500903
1018	1076	16	6	0.26744370	3.84054028
1018	1076	16	7	1.33993927	6.82627429
1018	1076	16	8	0.95076514	3.41921863
1018	1076	16	9	0.28405239	1.21295150
1018	1076	16	10	0.43978415	9.93598421
1018	1076	16	11	0.69088480	2.87741193
1018	1076	16	12	0.19942253	2.06700137
1018	1076	16	13	1.49332508	8.72860793
1018	1076	16	14	1.07090880	3.17355429
1018	1076	16	15	0.11563031	3.29616605
1018	1076	16	16	1.13141688	3.63537482
1018	1076	16	17	0.13990419	1.00585172
1018	1076	16	18	0.24898955	8.79426885
1018	1076	16	19	0.58680240	2.29991701
1018	1076	17	0	2.09219606	7.08145837
1018	1076	17	1	0.59725686	1.71565915
1018	1076	17	2	0.99275020	8.01921779
1018	1076	17	3	0.31405787	2.59571114
1018	1076	17	4	0.21032642	0.64251074
1018	1076	17	5	0.10696847	0.92325824
1018	1076	17	6	0.29010750	3.75056551
1018	1076	17	7	1.29411768	7.00524044
1018	1076	17	8	0.90757325	3.46302279
1018	1076	17	9	0.34030511	1.39945142
1018	1076	17	10	0.38728911	9.67338868
1018	1076	17	11	0.64962235	2.87448216
1018	1076	17	12	0.21149353	1.97184090
1018	1076	17	13	1.49584134	9.03347287
1018	1076	17	14	1.10499233	3.46130585
1018	1076	17	15	0.10613728	3.13562158
1018	1076	17	16	1.14634941	3.83008901
1018	1076	17	17	0.12624849	0.87853968
1018	1076	17	18	0.21573903	8.57340131
1018	1076	17	19	0.60805419	2.47647320
1018	1076	18	0	2.10520584	7.25828465
1018	1076	18	1	0.61896832	1.86809845
1018	1076	18	2	0.93069056	7.91205914
1018	1076	18	3	0.30240139	2.43351669
1018	1076	18	4	0.22988596	0.67211076
1018	1076	18	5	0.09737488	0.80355965
1018	1076	18	6	0.31676169	3.69162801
1018	1076	18	7	1.24085107	7.10794747
1018	1076	18	8	0.85794559	3.45201584
1018	1076	18	9	0.39028995	1.62720468
1018	1076	18	10	0.34185217	9.37686111
1018	1076	18	11	0.60535194	2.83099638
1018	1076	18	12	0.22772779	1.90231343
1018	1076	18	13	1.49696559	9.29934460
1018	1076	18	14	1.13168996	3.71213075
1018	1076	18	15	0.09890741	2.97903558
1018	1076	18	16	1.15754285	3.98956504
1018	1076	18	17	0.11585745	0.77139387
1018	1076	18	18	0.18977433	8.33108369
1018	1076	18	19	0.62515324	2.64278809
1018	1076	19	0	2.11236071	7.40029331
1018	1076	19	1	0.63651062	2.00272640
1018	1076	19	2	0.87215363	7.75753864
1018	1076	19	3	0.29544740	2.28942464
1018	1076	19	4	0.25030583	0.71294437
1018	1076	19	5	0.09013766	0.70365442
1018	1076	19	6	0.34643728	3.66482969
1018	1076	19	7	1.18274020	7.13992008
1018	1076	19	8	0.80481453	3.39430086
1018	1076	19	9	0.43322547	1.88662557
1018	1076	19	10	0.30260539	9.05585828
1018	1076	19	11	0.56027090	2.75372568
1018	1076	19	12	0.24741988	1.85892907
1018	1076	19	13	1.49684048	9.53014032
1018	1076	19	14	1.15253569	3.92775569
1018	1076	19	15	0.09338774	2.82833952
1018	1076	19	16	1.16598271	4.11914338
1018	1076	19	17	0.10794211	0.68232155
1018	1076	19	18	0.16954281	8.07574783
1018	1076	19	19	0.63882753	2.79653571
1018	1076	20	0	2.11418878	7.51104680
1018	1076	20	1	0.65057378	2.11999177
1018	1076	20	2	0.81875478	7.56567510
1018	1076	20	3	0.29285035	2.16481612
1018	1076	20	4	0.27088882	0.76271212
1018	1076	20	5	0.08467349	0.62103946
1018	1076	20	6	0.37806162	3.67020094
1018	1076	20	7	1.12231424	7.10834411
1018	1076	20	8	0.75071287	3.29876395
1018	1076	20	9	0.46924110	2.16811788
1018	1076	20	10	0.26876766	8.71830053
1018	1076	20	11	0.51618622	2.65000580
1018	1076	20	12	0.26978327	1.84141981
1018	1076	20	13	1.49557012	9.72938649
1018	1076	20	14	1.16872947	4.11101528
1018	1076	20	15	0.08917753	2.68475011
1018	1076	20	16	1.17235818	4.22377401
1018	1076	20	17	0.10191641	0.60899699
1018	1076	20	18	0.15381533	7.81382244
1018	1076	20	19	0.64969566	2.93653299
1018	1076	21	0	2.11114744	7.59367212
1018	1076	21	1	0.66174251	2.22091700
1018	1076	21	2	0.77127729	7.34672854
1018	1076	21	3	0.29430291	2.06047332
1018	1076	21	4	0.29089656	0.81906410
1018	1076	21	5	0.08055873	0.55324295
1018	1076	21	6	0.41044987	3.70669666
1018	1076	21	7	1.06196802	7.02171243
1018	1076	21	8	0.69774331	3.17446691
1018	1076	21	9	0.49895609	2.46298660
1018	1076	21	10	0.23964459	8.37076716
1018	1076	21	11	0.47451522	2.52721064
1018	1076	21	12	0.29391983	1.84876931
1018	1076	21	13	1.49323556	9.90023356
1018	1076	21	14	1.18119441	4.26524458
1018	1076	21	15	0.08598703	2.54898136
1018	1076	21	16	1.17715313	4.30782063
1018	1076	21	17	0.09734848	0.54912626
1018	1076	21	18	0.14162896	7.55016363
1018	1076	21	19	0.65826904	3.06242647
1018	1076	22	0	2.10364921	7.65090787
1018	1076	22	1	0.67050073	2.30684416
1018	1076	22	2	0.72989488	7.11033501
1018	1076	22	3	0.29952314	1.97672753
1018	1076	22	4	0.30959385	0.87957305
1018	1076	22	5	0.07748635	0.49797624
1018	1076	22	6	0.44233656	3.77218416
1018	1076	22	7	1.00388783	6.88946835
1018	1076	22	8	0.64758056	3.03017058
1018	1076	22	9	0.52319237	2.76385529
1018	1076	22	10	0.21462422	8.01867804
1018	1076	22	11	0.43631078	2.39235341
1018	1076	22	12	0.31881999	1.87920794
1018	1076	22	13	1.48990458	10.04548408
1018	1076	22	14	1.19063388	4.39387872
1018	1076	22	15	0.08360638	2.42139773
1018	1076	22	16	1.18070960	4.37500646
1018	1076	22	17	0.09392123	0.50059295
1018	1076	22	18	0.13223499	7.28840513
1018	1076	22	19	0.66496255	3.17443717
1018	1076	23	0	2.09208167	7.68516445
1018	1076	23	1	0.67724248	2.37925127
1018	1076	23	2	0.69438346	6.86498261
1018	1076	23	3	0.30824338	1.91356737
1018	1076	23	4	0.32629828	0.94175924
1018	1076	23	5	0.07523374	0.45320557
1018	1076	23	6	0.47243808	3.86346379
1018	1076	23	7	0.94998468	6.72163538
1018	1076	23	8	0.60150047	2.87398666
1018	1076	23	9	0.54280292	3.06476268
1018	1076	23	10	0.19317062	7.66645790
1018	1076	23	11	0.40230509	2.25180913
1018	1076	23	12	0.34339428	1.93020871
1018	1076	23	13	1.48563856	10.16762675
1018	1076	23	14	1.19758141	4.50020851
1018	1076	23	15	0.08188289	2.30212325
1018	1076	23	16	1.18327148	4.42843745
1018	1076	23	17	0.09140209	0.46152583
1018	1076	23	18	0.12505433	7.03123779
1018	1076	23	19	0.67010843	3.27316154
1018	1076	24	0	2.07682336	7.69858789
1018	1076	24	1	0.68228505	2.43962721
1018	1076	24	2	0.66429024	6.61777109
1018	1076	24	3	0.32019981	1.87071587
1018	1076	24	4	0.34042482	1.00315804
1018	1076	24	5	0.07363915	0.41717382
1018	1076	24	6	0.49953169	3.97635003
1018	1076	24	7	0.90184922	6.52844333
1018	1076	24	8	0.56042857	2.71315105
1018	1076	24	9	0.55858161	3.36107994
1018	1076	24	10	0.17481670	7.31768279
1018	1076	24	11	0.37296451	2.11114783
1018	1076	24	12	0.36653101	1.99851529
1018	1076	24	13	1.48049792	10.26887283
1018	1076	24	14	1.20244127	4.58724617
1018	1076	24	15	0.08070479	2.19111890
1018	1076	24	16	1.18501426	4.47066310
1018	1076	24	17	0.08962025	0.43031821
1018	1076	24	18	0.11964089	6.78062963
1018	1076	24	19	0.67397026	3.35942189
1018	1076	25	0	2.05825631	7.69312228
1018	1076	25	1	0.68588205	2.48939208
1018	1076	25	2	0.63905513	6.37437368
1018	1076	25	3	0.33512298	1.84768304
1018	1076	25	4	0.35151806	1.06141303
1018	1076	25	5	0.07258470	0.38839357
1018	1076	25	6	0.52253578	4.10582416
1018	1076	25	7	0.86073338	6.31997279
1018	1076	25	8	0.52499920	2.55390580
1018	1076	25	9	0.57122390	3.64934437
1018	1076	25	10	0.15915681	6.97520883
1018	1076	25	11	0.34854818	1.97506283
1018	1076	25	12	0.38716991	2.08022374
1018	1076	25	13	1.47454653	10.35119292
1018	1076	25	14	1.20552046	4.65766488
1018	1076	25	15	0.07998965	2.08823713
1018	1076	25	16	1.18606548	4.50375154
1018	1076	25	17	0.08844989	0.40561941
1018	1076	25	18	0.11565200	6.53799744
1018	1076	25	19	0.67675589	3.43415744
1018	1076	26	0	2.03677499	7.67056795
1018	1076	26	1	0.68823549	2.52985147
1018	1076	26	2	0.61809067	6.13912533
1018	1076	26	3	0.35272994	1.84379937
1018	1076	26	4	0.35926977	1.11437521
1018	1076	26	5	0.07198402	0.36562464
1018	1076	26	6	0.54057839	4.24625292
1018	1076	26	7	0.82755627	6.10584187
1018	1076	26	8	0.49561696	2.40147160
1018	1076	26	9	0.58131675	3.92706722
1018	1076	26	10	0.14583973	6.64128465
1018	1076	26	11	0.32916392	1.84737494
1018	1076	26	12	0.40437901	2.17092624
1018	1076	26	13	1.46785519	10.41635317
1018	1076	26	14	1.20705336	4.71378513
1018	1076	26	15	0.07967612	1.99326035
1018	1076	26	16	1.18651877	4.52936553
1018	1076	26	17	0.08779791	0.38631177
1018	1076	26	18	0.11282495	6.30433963
1018	1076	26	19	0.67862855	3.49834771
1018	1076	27	0	2.01279134	7.63263271
1018	1076	27	1	0.68950628	2.56217442
1018	1076	27	2	0.60083055	5.91517898
1018	1076	27	3	0.37271848	1.85823522
1018	1076	27	4	0.36352331	1.16019181
1018	1076	27	5	0.07177340	0.34784498
1018	1076	27	6	0.55304629	4.39165534
1018	1076	27	7	0.80292627	5.89495198
1018	1076	27	8	0.47251358	2.26008892
1018	1076	27	9	0.58934369	4.19254687
1018	1076	27	10	0.13456203	6.31764865
1018	1076	27	11	0.31481641	1.73109147
1018	1076	27	12	0.41742260	2.26591118
1018	1076	27	13	1.46050413	10.46595006
1018	1076	27	14	1.20722072	4.75758914
1018	1076	27	15	0.07971797	1.90592782
1018	1076	27	16	1.18644374	4.54883301
1018	1076	27	17	0.08759493	0.37148146
1018	1076	27	18	0.11095846	6.08033855
1018	1076	27	19	0.67971641	3.55296075
1018	1076	28	0	1.98673570	7.58097442
1018	1076	28	1	0.68982331	2.58738782
1018	1076	28	2	0.58675598	5.70468879
1018	1076	28	3	0.39476423	1.89001096
1018	1076	28	4	0.36426863	1.19737459
1018	1076	28	5	0.07190533	0.33421973
1018	1076	28	6	0.55961158	4.53599384
1018	1076	28	7	0.78716985	5.69529902
1018	1076	28	8	0.45579545	2.13310517
1018	1076	28	9	0.59569655	4.44470208
1018	1076	28	10	0.12506195	6.00561293
1018	1076	28	11	0.30544486	1.62849928
1018	1076	28	12	0.42581085	2.36040275
1018	1076	28	13	1.45258436	10.50144294
1018	1076	28	14	1.20616434	4.79075074
1018	1076	28	15	0.08007971	1.82595444
1018	1076	28	16	1.18589311	4.56320941
1018	1076	28	17	0.08778859	0.36038801
1018	1076	28	18	0.10989823	5.86643884
1018	1076	28	19	0.68012036	3.59892008
1018	1076	29	0	1.95905378	7.51723286
1018	1076	29	1	0.68929111	2.60638118
1018	1076	29	2	0.57540746	5.50899468
1018	1076	29	3	0.41852082	1.93800236
1018	1076	29	4	0.36163137	1.22484385
1018	1076	29	5	0.07234375	0.32407153
1018	1076	29	6	0.56023657	4.67346482
1018	1076	29	7	0.78035959	5.51384547
1018	1076	29	8	0.44547887	2.02308621
1018	1076	29	9	0.60068939	4.68293039
1018	1076	29	10	0.11711396	5.70613511
1018	1076	29	11	0.30094874	1.54127304
1018	1076	29	12	0.42932535	2.44981590
1018	1076	29	13	1.44419774	10.52418345
1018	1076	29	14	1.20399850	4.81467246
1018	1076	29	15	0.08073332	1.75304351
1018	1076	29	16	1.18490791	4.57333092
1018	1076	29	17	0.08833863	0.35243533
1018	1076	29	18	0.10952552	5.66290705
1018	1076	29	19	0.67992052	3.63708539
1018	1076	30	0	1.93020028	7.44304999
1018	1076	30	1	0.68799625	2.61991796
1018	1076	30	2	0.56638748	5.32879328
1018	1076	30	3	0.44362302	2.00094505
1018	1076	30	4	0.35585803	1.24194927
1018	1076	30	5	0.07306047	0.31685320
1018	1076	30	6	0.55515841	4.79876710
1018	1076	30	7	0.78233705	5.35644222
1018	1076	30	8	0.44151253	1.93193364
1018	1076	30	9	0.60457207	4.90699186
1018	1076	30	10	0.11052370	5.41987953
1018	1076	30	11	0.30120190	1.47058306
1018	1076	30	12	0.42801881	2.53000065
1018	1076	30	13	1.43545590	10.53544106
1018	1076	30	14	1.20081900	4.83052504
1018	1076	30	15	0.08165569	1.68689516
1018	1076	30	16	1.18352142	4.57985928
1018	1076	30	17	0.08921307	0.34714541
1018	1076	30	18	0.10974831	5.46987678
1018	1076	30	19	0.67918162	3.66824316
1018	1076	31	0	1.90063011	7.36007836
1018	1076	31	1	0.68601270	2.62865020
1018	1076	31	2	0.55935782	5.16428816
1018	1076	31	3	0.46969251	2.07744141
1018	1076	31	4	0.34729761	1.24846991
1018	1076	31	5	0.07403249	0.31212376
1018	1076	31	6	0.54485608	4.90733001
1018	1076	31	7	0.79273074	5.22778666
1018	1076	31	8	0.44378779	1.86099329
1018	1076	31	9	0.60754237	5.11691571
1018	1076	31	10	0.10512359	5.14726924
1018	1076	31	11	0.30605649	1.41719132
1018	1076	31	12	0.42219020	2.59745116
1018	1076	31	13	1.42647812	10.53642404
1018	1076	31	14	1.19671025	4.83928607
1018	1076	31	15	0.08282667	1.62721152
1018	1076	31	16	1.18176225	4.58331904
1018	1076	31	17	0.09038536	0.34413526
1018	1076	31	18	0.11049419	5.28738245
1018	1076	31	19	0.67795729	3.69310427
1018	1076	32	0	1.87078809	7.26997846
1018	1076	32	1	0.68340620	2.63313490
1018	1076	32	2	0.55403418	5.01531677
1018	1076	32	3	0.49634570	2.16597198
1018	1076	32	4	0.33637920	1.24459599
1018	1076	32	5	0.07523990	0.30952744
1018	1076	32	6	0.53000242	4.99548722
1018	1076	32	7	0.81097225	5.13140578
1018	1076	32	8	0.45213936	1.81114540
1018	1076	32	9	0.60975646	5.31292660
1018	1076	32	10	0.10076882	4.88852979
1018	1076	32	11	0.31533913	1.38152824
1018	1076	32	12	0.41233984	2.64946022
1018	1076	32	13	1.41738825	10.52829539
1018	1076	32	14	1.19175099	4.84177635
1018	1076	32	15	0.08422751	1.57369955
1018	1076	32	16	1.17965676	4.58412817
1018	1076	32	17	0.09183207	0.34309708
1018	1076	32	18	0.11170488	5.11538424
1018	1076	32	19	0.67629368	3.71230648
1018	1076	33	0	1.84109865	7.17440646
1018	1076	33	1	0.68023780	2.63385034
1018	1076	33	2	0.55017943	4.88145451
1018	1076	33	3	0.52320261	2.26491245
1018	1076	33	4	0.32358552	1.23089332
1018	1076	33	5	0.07666426	0.30877596
1018	1076	33	6	0.51140531	5.06058646
1018	1076	33	7	0.83631530	5.06965832
1018	1076	33	8	0.46633945	1.78287144
1018	1076	33	9	0.61133748	5.49538726
1018	1076	33	10	0.09733383	4.64372600
1018	1076	33	11	0.32884223	1.36374704
1018	1076	33	12	0.39911121	2.68420673
1018	1076	33	13	1.40831129	10.51218364
1018	1076	33	14	1.18601871	4.83869282
1018	1076	33	15	0.08583962	1.52607202
1018	1076	33	16	1.17723099	4.58262332
1018	1076	33	17	0.09353118	0.34378141
1018	1076	33	18	0.11333181	4.95378618
1018	1076	33	19	0.67423230	3.72641988
1018	1076	34	0	1.81195614	7.07499503
1018	1076	34	1	0.67656665	2.63121190
1018	1076	34	2	0.54759669	4.76209794
1018	1076	34	3	0.54989603	2.37255655
1018	1076	34	4	0.30942338	1.20825128
1018	1076	34	5	0.07828735	0.30963332
1018	1076	34	6	0.48994379	5.10103015
1018	1076	34	7	0.86786181	5.04375555
1018	1076	34	8	0.48608917	1.77629734
1018	1076	34	9	0.61238264	5.66475442
1018	1076	34	10	0.09470918	4.41279251
1018	1076	34	11	0.34631379	1.36375642
1018	1076	34	12	0.38322767	2.70077264
1018	1076	34	13	1.39936961	10.48918866
1018	1076	34	14	1.17959292	4.83063796
1018	1076	34	15	0.08764363	1.48404715
1018	1076	34	16	1.17451212	4.57908045
1018	1076	34	17	0.09546065	0.34598305
1018	1076	34	18	0.11533268	4.80244886
1018	1076	34	19	0.67181237	3.73595444
1018	1076	35	0	1.78371685	6.97332957
1018	1076	35	1	0.67245208	2.62558638
1018	1076	35	2	0.54612253	4.65652948
1018	1076	35	3	0.57608025	2.48714391
1018	1076	35	4	0.29439379	1.17781589
1018	1076	35	5	0.08009021	0.31190329
1018	1076	35	6	0.46650555	5.11624844
1018	1076	35	7	0.90459708	5.05380468
1018	1076	35	8	0.51101099	1.79121676
1018	1076	35	9	0.61296893	5.82154527
1018	1076	35	10	0.09279881	4.19555919
1018	1076	35	11	0.36744867	1.38123510
1018	1076	35	12	0.36543196	2.69909408
1018	1076	35	13	1.39067936	10.46038292
1018	1076	35	14	1.17255754	4.81814505
1018	1076	35	15	0.08961868	1.44734741
1018	1076	35	16	1.17152965	4.57373158
1018	1076	35	17	0.09759743	0.34952927
1018	1076	35	18	0.11766868	4.66119800
1018	1076	35	19	0.66907254	3.74136835
1018	1076	36	0	1.75669300	6.87092296
1018	1076	36	1	0.66795497	2.61730480
1018	1076	36	2	0.54562076	4.56396652
1018	1076	36	3	0.60143857	2.60689138
1018	1076	36	4	0.27896469	1.14091182
1018	1076	36	5	0.08205245	0.31541883
1018	1076	36	6	0.44193236	5.10661220
1018	1076	36	7	0.94543330	5.09887999
1018	1076	36	8	0.54064524	1.82710057
1018	1076	36	9	0.61315777	5.96631239
1018	1076	36	10	0.09151763	3.99177183
1018	1076	36	11	0.39188378	1.41563412
1018	1076	36	12	0.34643509	2.67985905
1018	1076	36	13	1.38234735	10.42680904
1018	1076	36	14	1.16500221	4.80169972
1018	1076	36	15	0.09174199	1.41569767
1018	1076	36	16	1.16831611	4.56677844
1018	1076	36	17	0.09991674	0.35427017
1018	1076	36	18	0.12030247	4.52982984
1018	1076	36	19	0.66605222	3.74307673
1018	1076	37	0	1.73114914	6.76919111
1018	1076	37	1	0.66313856	2.60667327
1018	1076	37	2	0.54597685	4.48359765
1018	1076	37	3	0.62568925	2.73002631
1018	1076	37	4	0.26354947	1.09895908
1018	1076	37	5	0.08415184	0.32003351
1018	1076	37	6	0.41697816	5.07329958
1018	1076	37	7	0.98925788	5.17712537
1018	1076	37	8	0.57445268	1.88310032
1018	1076	37	9	0.61299864	6.09962536
1018	1076	37	10	0.09078946	3.80110912
1018	1076	37	11	0.41919877	1.46617380
1018	1076	37	12	0.32687828	2.64436845
1018	1076	37	13	1.37446835	10.38947446
1018	1076	37	14	1.15702281	4.78175737
1018	1076	37	15	0.09398867	1.38882307
1018	1076	37	16	1.16490752	4.55840334
1018	1076	37	17	0.10239162	0.36007091
1018	1076	37	18	0.12319658	4.40811417
1018	1076	37	19	0.66279239	3.74146005
1018	1076	38	0	1.70730056	6.66943149
1018	1076	38	1	0.65806870	2.59398177
1018	1076	38	2	0.54709304	4.41460819
1018	1076	38	3	0.64858967	2.85481954
1018	1076	38	4	0.24849303	1.05339166
1018	1076	38	5	0.08636407	0.32561465
1018	1076	38	6	0.39228204	5.01813298
1018	1076	38	7	1.03498174	5.28588781
1018	1076	38	8	0.61182386	1.95805335
1018	1076	38	9	0.61253216	6.22205741
1018	1076	38	10	0.09054530	3.62319628
1018	1076	38	11	0.44892261	1.53184212
1018	1076	38	12	0.30730929	2.59437907
1018	1076	38	13	1.36712322	10.34934423
1018	1076	38	14	1.14872111	4.75875691
1018	1076	38	15	0.09633170	1.36644688
1018	1076	38	16	1.16134341	4.54877760
1018	1076	38	17	0.10499276	0.36680550
1018	1076	38	18	0.12631240	4.29579558
1018	1076	38	19	0.65933605	3.73687191
1018	1076	39	0	1.68531384	6.57280596
1018	1076	39	1	0.65281353	2.57951092
1018	1076	39	2	0.54888412	4.35619746
1018	1076	39	3	0.66993877	2.97961655
1018	1076	39	4	0.23406577	1.00558507
1018	1076	39	5	0.08866279	0.33203780
1018	1076	39	6	0.36835604	4.94340432
1018	1076	39	7	1.08158266	5.42187643
1018	1076	39	8	0.65209474	2.05049599
1018	1076	39	9	0.61179248	6.33417630
1018	1076	39	10	0.09072188	3.45761602
1018	1076	39	11	0.48054548	1.61140004
1018	1076	39	12	0.28817197	2.53194504
1018	1076	39	13	1.36037775	10.30733289
1018	1076	39	14	1.14020373	4.73313072
1018	1076	39	15	0.09874220	1.34828855
1018	1076	39	16	1.15766663	4.53806795
1018	1076	39	17	0.10768865	0.37435211
1018	1076	39	18	0.12960951	4.19259374
1018	1076	39	19	0.65572829	3.72964585
1018	1076	40	0	1.66530882	6.48032866
1018	1076	40	1	0.64744278	2.56353674
1018	1076	40	2	0.55127385	4.30758937
1018	1076	40	3	0.68957773	3.10286532
1018	1076	40	4	0.22046477	0.95679833
1018	1076	40	5	0.09101986	0.33918273
1018	1076	40	6	0.34558552	4.85170425
1018	1076	40	7	1.12813960	5.58133781
1018	1076	40	8	0.69456684	2.15868873
1018	1076	40	9	0.61080916	6.43653827
1018	1076	40	10	0.09126050	3.30391730
1018	1076	40	11	0.51353447	1.70339746
1018	1076	40	12	0.26980633	2.45927160
1018	1076	40	13	1.35428209	10.26429621
1018	1076	40	14	1.13158044	4.70531107
1018	1076	40	15	0.10118980	1.33406213
1018	1076	40	16	1.15392272	4.52644100
1018	1076	40	17	0.11044582	0.38258975
1018	1076	40	18	0.13304549	4.09820284
1018	1076	40	19	0.65201599	3.72010097
1018	1076	41	0	1.64736177	6.39285930
1018	1076	41	1	0.64202680	2.54633343
1018	1076	41	2	0.55419211	4.26803806
1018	1076	41	3	0.70738934	3.22313979
1018	1076	41	4	0.20782017	0.90813340
1018	1076	41	5	0.09340572	0.34693060
1018	1076	41	6	0.32423868	4.74576770
1018	1076	41	7	1.17385602	5.76023586
1018	1076	41	8	0.73852994	2.28065503
1018	1076	41	9	0.60960882	6.52968439
1018	1076	41	10	0.09210618	3.16162223
1018	1076	41	11	0.54735139	1.80620104
1018	1076	41	12	0.25245632	2.37858973
1018	1076	41	13	1.34887087	10.22102360
1018	1076	41	14	1.12296208	4.67573336
1018	1076	41	15	0.10364329	1.32347531
1018	1076	41	16	1.15015914	4.51406598
1018	1076	41	17	0.11322945	0.39139615
1018	1076	41	18	0.13657605	4.01229100
1018	1076	41	19	0.64824725	3.70854636
1018	1076	42	0	1.63150928	6.31110132
1018	1076	42	1	0.63663519	2.52817442
1018	1076	42	2	0.55757246	4.23682982
1018	1076	42	3	0.72329622	3.33915831
1018	1076	42	4	0.19620493	0.86051242
1018	1076	42	5	0.09579001	0.35516217
1018	1076	42	6	0.30448201	4.62834325
1018	1076	42	7	1.21807174	5.95442439
1018	1076	42	8	0.78328475	2.41423239
1018	1076	42	9	0.60821627	6.61413882
1018	1076	42	10	0.09320702	3.03023175
1018	1076	42	11	0.58147049	1.91803307
1018	1076	42	12	0.23628194	2.29205639
1018	1076	42	13	1.34416381	10.17823165
1018	1076	42	14	1.11445810	4.64483636
1018	1076	42	15	0.10607126	1.31622902
1018	1076	42	16	1.14642420	4.50111597
1018	1076	42	17	0.11600404	0.40064665
1018	1076	42	18	0.14015547	3.93449979
1018	1076	42	19	0.64447063	3.69528405
1018	1076	43	0	1.61775258	6.23560448
1018	1076	43	1	0.63133552	2.50933188
1018	1076	43	2	0.56135048	4.21328244
1018	1076	43	3	0.73725821	3.44979703
1018	1076	43	4	0.18564587	0.81467109
1018	1076	43	5	0.09814221	0.36375712
1018	1076	43	6	0.28639823	4.50209020
1018	1076	43	7	1.26026460	6.15980219
1018	1076	43	8	0.82816376	2.55713265
1018	1076	43	9	0.60665553	6.69040840
1018	1076	43	10	0.09451382	2.90923017
1018	1076	43	11	0.61539459	2.03701876
1018	1076	43	12	0.22137356	2.20168116
1018	1076	43	13	1.34016661	10.13655905
1018	1076	43	14	1.10617404	4.61306002
1018	1076	43	15	0.10844288	1.31201783
1018	1076	43	16	1.14276586	4.48776776
1018	1076	43	17	0.11873421	0.41021423
1018	1076	43	18	0.14373730	3.86444419
1018	1076	43	19	0.64073416	3.68061077
1018	1076	44	0	1.60606186	6.16677108
1018	1076	44	1	0.62619179	2.49007495
1018	1076	44	2	0.56546245	4.19674281
1018	1076	44	3	0.74926924	3.55409812
1018	1076	44	4	0.17613481	0.77116503
1018	1076	44	5	0.10043244	0.37259414
1018	1076	44	6	0.27000459	4.36950306
1018	1076	44	7	1.30004388	6.37244338
1018	1076	44	8	0.87254870	2.70700708
1018	1076	44	9	0.60495048	6.75898321
1018	1076	44	10	0.09597990	2.79808906
1018	1076	44	11	0.64866836	2.16123818
1018	1076	44	12	0.20776620	2.10927755
1018	1076	44	13	1.33687220	10.09656327
1018	1076	44	14	1.09820897	4.58084127
1018	1076	44	15	0.11072871	1.31053110
1018	1076	44	16	1.13923049	4.47420055
1018	1076	44	17	0.12138561	0.41997025
1018	1076	44	18	0.14727529	3.80171334
1018	1076	44	19	0.63708436	3.66481836
1018	1076	45	0	1.59638062	6.10486479
1018	1076	45	1	0.62126317	2.47066703
1018	1076	45	2	0.56984461	4.18658371
1018	1076	45	3	0.75935387	3.65127342
1018	1076	45	4	0.16763845	0.73038535
1018	1076	45	5	0.10263219	0.38155183
1018	1076	45	6	0.25526975	4.23286145
1018	1076	45	7	1.33713814	6.58869907
1018	1076	45	8	0.91588362	2.86151168
1018	1076	45	9	0.60312533	6.82033779
1018	1076	45	10	0.09756109	2.69627065
1018	1076	45	11	0.68088800	2.28877902
1018	1076	45	12	0.19545299	2.01643568
1018	1076	45	13	1.33426215	10.05871878
1018	1076	45	14	1.09065319	4.54860825
1018	1076	45	15	0.11290147	1.31145477
1018	1076	45	16	1.13586157	4.46059375
1018	1076	45	17	0.12392578	0.42978587
1018	1076	45	18	0.15072437	3.74587203
1018	1076	45	19	0.63356514	3.64819311
1018	1076	46	0	1.58862962	6.05002147
1018	1076	46	1	0.61660273	2.45136236
1018	1076	46	2	0.57443288	4.18220019
1018	1076	46	3	0.76756370	3.74070396
1018	1076	46	4	0.16010692	0.69257989
1018	1076	46	5	0.10471517	0.39051009
1018	1076	46	6	0.24212845	4.09420151
1018	1076	46	7	1.37137956	6.80526950
1018	1076	46	8	0.95768358	3.01836825
1018	1076	46	9	0.60120486	6.87493273
1018	1076	46	10	0.09921585	2.60323101
1018	1076	46	11	0.71170735	2.41778629
1018	1076	46	12	0.18439672	1.92451215
1018	1076	46	13	1.33230808	10.02341702
1018	1076	46	14	1.08358621	4.51677379
1018	1076	46	15	0.11493673	1.31447381
1018	1076	46	16	1.13269853	4.44712400
1018	1076	46	17	0.12632504	0.43953403
1018	1076	46	18	0.15404175	3.69646328
1018	1076	46	19	0.63021684	3.63101415
1018	1076	47	0	1.58271074	6.00226100
1018	1076	47	1	0.61225646	2.43240236
1018	1076	47	2	0.57916288	4.18300617
1018	1076	47	3	0.77397371	3.82193591
1018	1076	47	4	0.15348046	0.65787688
1018	1076	47	5	0.10665793	0.39935201
1018	1076	47	6	0.23049351	3.95530460
1018	1076	47	7	1.40268708	7.01924831
1018	1076	47	8	0.99753904	3.17541797
1018	1076	47	9	0.59921455	6.92321637
1018	1076	47	10	0.10090549	2.51842316
1018	1076	47	11	0.74084038	2.54650608
1018	1076	47	12	0.17453964	1.83463302
1018	1076	47	13	1.33097326	9.99096778
1018	1076	47	14	1.07707518	4.48572834
1018	1076	47	15	0.11681350	1.31927516
1018	1076	47	16	1.12977569	4.43396187
1018	1076	47	17	0.12855720	0.44909173
1018	1076	47	18	0.15718800	3.65301170
1018	1076	47	19	0.62707533	3.61355119
1018	1076	48	0	1.57851035	5.96149975
1018	1076	48	1	0.60826247	2.41401183
1018	1076	48	2	0.58397040	4.18843161
1018	1076	48	3	0.77867873	3.89467372
1018	1076	48	4	0.14769454	0.62630872
1018	1076	48	5	0.10844049	0.40796593
1018	1076	48	6	0.22026529	3.81769914
1018	1076	48	7	1.43104964	7.22814237
1018	1076	48	8	1.03511649	3.33066510
1018	1076	48	9	0.59718041	6.96562645
1018	1076	48	10	0.10259446	2.44130006
1018	1076	48	11	0.76806098	2.67332141
1018	1076	48	12	0.16581116	1.74770613
1018	1076	48	13	1.33021408	9.96160190
1018	1076	48	14	1.07117368	4.45583313
1018	1076	48	15	0.11851469	1.32555099
1018	1076	48	16	1.12712143	4.42126830
1018	1076	48	17	0.13060019	0.45834248
1018	1076	48	18	0.16012799	3.61502789
1018	1076	48	19	0.62417124	3.59606166
1018	1076	49	0	1.57590250	5.92756307
1018	1076	49	1	0.60465059	2.39639541
1018	1076	49	2	0.58879206	4.19792042
1018	1076	49	3	0.78178991	3.95877085
1018	1076	49	4	0.14268352	0.59783419
1018	1076	49	5	0.11004679	0.41624762
1018	1076	49	6	0.21133871	3.68267166
1018	1076	49	7	1.45651067	7.42987150
1018	1076	49	8	1.07015624	3.48230978
1018	1076	49	9	0.59512875	7.00259153
1018	1076	49	10	0.10425062	2.37131780
1018	1076	49	11	0.79320028	2.79677905
1018	1076	49	12	0.15813379	1.66443931
1018	1076	49	13	1.32998156	9.93547521
1018	1076	49	14	1.06592118	4.42741385
1018	1076	49	15	0.12002743	1.33300217
1018	1076	49	16	1.12475758	4.40919114
1018	1076	49	17	0.13243656	0.46717865
1018	1076	49	18	0.16283171	3.58201344
1018	1076	49	19	0.62152945	3.57878772
1018	1076	50	0	1.57475183	5.90019762
1018	1076	50	1	0.60144204	2.37973450
1018	1076	50	2	0.59356619	4.21092941
1018	1076	50	3	0.78343145	4.01421884
1018	1076	50	4	0.13838312	0.57235799
1018	1076	50	5	0.11146497	0.42410239
1018	1076	50	6	0.20360835	3.55128389
1018	1076	50	7	1.47915442	7.62275274
1018	1076	50	8	1.10246797	3.62876987
1018	1076	50	9	0.59308587	7.03453202
1018	1076	50	10	0.10584552	2.30793877
1018	1076	50	11	0.81614254	2.91560733
1018	1076	50	12	0.15142759	1.58536207
1018	1076	50	13	1.33022278	9.91267333
1018	1076	50	14	1.06134279	4.40075525
1018	1076	50	15	0.12134319	1.34134179
1018	1076	50	16	1.12269908	4.39786197
1018	1076	50	17	0.13405372	0.47550376
1018	1076	50	18	0.16527496	3.55346660
1018	1076	50	19	0.61916873	3.56195322
1018	1076	51	0	1.57491625	5.87908322
1018	1076	51	1	0.59864958	2.36418470
1018	1076	51	2	0.59823382	4.22692823
1018	1076	51	3	0.78373736	4.06113496
1018	1076	51	4	0.13473197	0.54974737
1018	1076	51	5	0.11268755	0.43144694
1018	1076	51	6	0.19697181	3.42439331
1018	1076	51	7	1.49909439	7.80547361
1018	1076	51	8	1.13192491	3.76869259
1018	1076	51	9	0.59107753	7.06186079
1018	1076	51	10	0.10735464	2.25063495
1018	1076	51	11	0.83681991	3.02872546
1018	1076	51	12	0.14561329	1.51084850
1018	1076	51	13	1.33088228	9.89321730
1018	1076	51	14	1.05744963	4.37609698
1018	1076	51	15	0.12245779	1.35029842
1018	1076	51	16	1.12095392	4.38739340
1018	1076	51	17	0.13544405	0.48323437
1018	1076	51	18	0.16743974	3.52888821
1018	1076	51	19	0.61710158	3.54576085
1018	1076	52	0	1.57624948	5.86384420
1018	1076	52	1	0.59627774	2.34987403
1018	1076	52	2	0.60273975	4.24540029
1018	1076	52	3	0.78284843	4.09974898
1018	1076	52	4	0.13167248	0.52984556
1018	1076	52	5	0.11371135	0.43821092
1018	1076	52	6	0.19133184	3.30267521
1018	1076	52	7	1.51646391	7.97705834
1018	1076	52	8	1.15845722	3.90095720
1018	1076	52	9	0.58912847	7.08498328
1018	1076	52	10	0.10875750	2.19889108
1018	1076	52	11	0.85520684	3.13524540
1018	1076	52	12	0.14061432	1.44114007
1018	1076	52	13	1.33190333	9.87706984
1018	1076	52	14	1.05423952	4.35363062
1018	1076	52	15	0.12337119	1.35961920
1018	1076	52	16	1.11952333	4.37787705
1018	1076	52	17	0.13660483	0.49030158
1018	1076	52	18	0.16931446	3.50778776
1018	1076	52	19	0.61533433	3.53038963
1018	1076	53	0	1.57860336	5.85406021
1018	1076	53	1	0.59432333	2.33690183
1018	1076	53	2	0.60703355	4.26584467
1018	1076	53	3	0.78090937	4.13038930
1018	1076	53	4	0.12915118	0.51248227
1018	1076	53	5	0.11453735	0.44433809
1018	1076	53	6	0.18659754	3.18664480
1018	1076	53	7	1.53140870	8.13683046
1018	1076	53	8	1.18204514	4.02467042
1018	1076	53	9	0.58726188	7.10429707
1018	1076	53	10	0.11003778	2.15220788
1018	1076	53	11	0.87131442	3.23446770
1018	1076	53	12	0.13635817	1.37636731
1018	1076	53	13	1.33322912	9.86414202
1018	1076	53	14	1.05169801	4.33349831
1018	1076	53	15	0.12408728	1.36907243
1018	1076	53	16	1.11840218	4.36938213
1018	1076	53	17	0.13753799	0.49665208
1018	1076	53	18	0.17089386	3.48968938
1018	1076	53	19	0.61386737	3.51599299
1018	1076	54	0	1.58183007	5.84927644
1018	1076	54	1	0.59277613	2.32533852
1018	1076	54	2	0.61107049	4.28777872
1018	1076	54	3	0.77806610	4.15346877
1018	1076	54	4	0.12711871	0.49748165
1018	1076	54	5	0.11517035	0.44978699
1018	1076	54	6	0.18268475	3.07667841
1018	1076	54	7	1.54408126	8.28437425
1018	1076	54	8	1.20271225	4.13915615
1018	1076	54	9	0.58549887	7.12019094
1018	1076	54	10	0.11118324	2.11010501
1018	1076	54	11	0.88518483	3.32587266
1018	1076	54	12	0.13277708	1.31656964
1018	1076	54	13	1.33480384	9.85430021
1018	1076	54	14	1.04979971	4.31579265
1018	1076	54	15	0.12461340	1.37844969
1018	1076	54	16	1.11757958	4.36195487
1018	1076	54	17	0.13824972	0.50224866
1018	1076	54	18	0.17217882	3.47413735
1018	1076	54	19	0.61269556	3.50269737
1018	1076	55	0	1.58578418	5.84901328
1018	1076	55	1	0.59161965	2.31522601
1018	1076	55	2	0.61481232	4.31074126
1018	1076	55	3	0.77446334	4.16947043
1018	1076	55	4	0.12552965	0.48466796
1018	1076	55	5	0.11561858	0.45453115
1018	1076	55	6	0.17951607	2.97303321
1018	1076	55	7	1.55463673	8.41949722
1018	1076	55	8	1.22051901	4.24394121
1018	1076	55	9	0.58385801	7.13304353
1018	1076	55	10	0.11218563	2.07212387
1018	1076	55	11	0.89688633	3.40910805
1018	1076	55	12	0.12980824	1.26171306
1018	1076	55	13	1.33657361	9.84737314
1018	1076	55	14	1.04850983	4.30055804
1018	1076	55	15	0.12495993	1.38756738
1018	1076	55	16	1.11703965	4.35561875
1018	1076	55	17	0.13874999	0.50707017
1018	1076	55	18	0.17317583	3.46070119
1018	1076	55	19	0.61180880	3.49060155
1018	1076	56	0	1.59032453	5.85277541
1018	1076	56	1	0.59083209	2.30657889
1018	1076	56	2	0.61822786	4.33429610
1018	1076	56	3	0.77024230	4.17893339
1018	1076	56	4	0.12434213	0.47386946
1018	1076	56	5	0.11589317	0.45855882
1018	1076	56	6	0.17702051	2.87586504
1018	1076	56	7	1.56322999	8.54219472
1018	1076	56	8	1.23555692	4.33873838
1018	1076	56	9	0.58235490	7.14322157
1018	1076	56	10	0.11304048	2.03783003
1018	1076	56	11	0.90650861	3.48397484
1018	1076	56	12	0.12739381	1.21170565
1018	1076	56	13	1.33848731	9.84315902
1018	1076	56	14	1.04778580	4.28779308
1018	1076	56	15	0.12513971	1.39626766
1018	1076	56	16	1.11676238	4.35037529
1018	1076	56	17	0.13905198	0.51111106
1018	1076	56	18	0.17389646	3.44897991
1018	1076	56	19	0.61119268	3.47977656
1018	1076	57	0	1.59531590	5.86006032
1018	1076	57	1	0.59038722	2.29938614
1018	1076	57	2	0.62129338	4.35803572
1018	1076	57	3	0.76553875	4.18243909
1018	1076	57	4	0.12351745	0.46492086
1018	1076	57	5	0.11600760	0.46187224
1018	1076	57	6	0.17513292	2.78524423
1018	1076	57	7	1.57001379	8.65261780
1018	1076	57	8	1.24794316	4.42342815
1018	1076	57	9	0.58100192	7.15107794
1018	1076	57	10	0.11374677	2.00681529
1018	1076	57	11	0.91415871	3.55041169
1018	1076	57	12	0.12548062	1.16641071
1018	1076	57	13	1.34049720	9.84143237
1018	1076	57	14	1.04757893	4.27745417
1018	1076	57	15	0.12516754	1.40441875
1018	1076	57	16	1.11672452	4.34620560
1018	1076	57	17	0.13917144	0.51438044
1018	1076	57	18	0.17435660	3.43860549
1018	1076	57	19	0.61082915	3.47026634
1018	1076	58	0	1.60063050	5.87036620
1018	1076	58	1	0.59025543	2.29361338
1018	1076	58	2	0.62399275	4.38158476
1018	1076	58	3	0.76048131	4.18059801
1018	1076	58	4	0.12301966	0.45766466
1018	1076	58	5	0.11597716	0.46448663
1018	1076	58	6	0.17379335	2.70116941
1018	1076	58	7	1.57513756	8.75104457
1018	1076	58	8	1.25781583	4.49803988
1018	1076	58	9	0.57980799	7.15694947
1018	1076	58	10	0.11430662	1.97869928
1018	1076	58	11	0.91995746	3.60847910
1018	1076	58	12	0.12401979	1.12565788
1018	1076	58	13	1.34255946	9.84195071
1018	1076	58	14	1.04783616	4.26945979
1018	1076	58	15	0.12505959	1.41191472
1018	1076	58	16	1.11690049	4.34307243
1018	1076	58	17	0.13912604	0.51690072
1018	1076	58	18	0.17457565	3.42924549
1018	1076	58	19	0.61069733	3.46208898
1018	1076	59	0	1.60614924	5.88319918
1018	1076	59	1	0.59040463	2.28920553
1018	1076	59	2	0.62631736	4.40460320
1018	1076	59	3	0.75519004	4.17403730
1018	1076	59	4	0.12281509	0.45195170
1018	1076	59	5	0.11581835	0.46642872
1018	1076	59	6	0.17294641	2.62357942
1018	1076	59	7	1.57874680	8.83785525
1018	1076	59	8	1.26532971	4.56273322
1018	1076	59	9	0.57877852	7.16115484
1018	1076	59	10	0.11472489	1.95313066
1018	1076	59	11	0.92403623	3.65834377
1018	1076	59	12	0.12296634	1.08925220
1018	1076	59	13	1.34463451	9.84446073
1018	1076	59	14	1.04850163	4.26369547
1018	1076	59	15	0.12483289	1.41867467
1018	1076	59	16	1.11726332	4.34092254
1018	1076	59	17	0.13893479	0.51870607
1018	1076	59	18	0.17457576	3.42060463
1018	1076	59	19	0.61077422	3.45523842
1018	1076	60	0	1.61176273	5.89807988
1018	1076	60	1	0.59080119	2.28608969
1018	1076	60	2	0.62826584	4.42678907
1018	1076	60	3	0.74977536	4.16338906
1018	1076	60	4	0.12287205	0.44764112
1018	1076	60	5	0.11554836	0.46773520
1018	1076	60	6	0.17254059	2.55236338
1018	1076	60	7	1.58098281	8.91351092
1018	1076	60	8	1.27065252	4.61778028
1018	1076	60	9	0.57791548	7.16399253
1018	1076	60	10	0.11500871	1.92978777
1018	1076	60	11	0.92653424	3.70026362
1018	1076	60	12	0.12227864	1.05698150
1018	1076	60	13	1.34668730	9.84870405
1018	1076	60	14	1.04951822	4.26001911
1018	1076	60	15	0.12450482	1.42464154
1018	1076	60	16	1.11778537	4.33968941
1018	1076	60	17	0.13861739	0.51984055
1018	1076	60	18	0.17438094	3.41242554
1018	1076	60	19	0.61103544	3.44968672
1018	1076	61	0	1.61737202	5.91454918
1018	1076	61	1	0.59141082	2.28417826
1018	1076	61	2	0.62984356	4.44788042
1018	1076	61	3	0.74433720	4.14927983
1018	1076	61	4	0.12316042	0.44459999
1018	1076	61	5	0.11518458	0.46845094
1018	1076	61	6	0.17252764	2.48736920
1018	1076	61	7	1.58198263	8.97853552
1018	1076	61	8	1.27396159	4.66354871
1018	1076	61	9	0.57721756	7.16573896
1018	1076	61	10	0.11516710	1.90837881
1018	1076	61	11	0.92759603	3.73457357
1018	1076	61	12	0.12191800	1.02862222
1018	1076	61	13	1.34868731	9.85442240
1018	1076	61	14	1.05082886	4.25826657
1018	1076	61	15	0.12409267	1.42978039
1018	1076	61	16	1.11843919	4.33929608
1018	1076	61	17	0.13819371	0.52035624
1018	1076	61	18	0.17401633	3.40448862
1018	1076	61	19	0.61145593	3.44538652
1018	1076	62	0	1.62288912	5.93217321
1018	1076	62	1	0.59219930	2.28337204
1018	1076	62	2	0.63106203	4.46765662
1018	1076	62	3	0.73896451	4.13232116
1018	1076	62	4	0.12365148	0.44270265
1018	1076	62	5	0.11474415	0.46862718
1018	1076	62	6	0.17286208	2.42841074
1018	1076	62	7	1.58187910	9.03350093
1018	1076	62	8	1.27544082	4.70048595
1018	1076	62	9	0.57668040	7.16664700
1018	1076	62	10	0.11521052	1.88864167
1018	1076	62	11	0.92736933	3.76167235
1018	1076	62	12	0.12184827	1.00394399
1018	1076	62	13	1.35060861	9.86136217
1018	1076	62	14	1.05237779	4.25825716
1018	1076	62	15	0.12361328	1.43407652
1018	1076	62	16	1.11919803	4.33965791
1018	1076	62	17	0.13768331	0.52031125
1018	1076	62	18	0.17350745	3.39661114
1018	1076	62	19	0.61201055	3.44227385
1018	1076	63	0	1.62823726	5.95054745
1018	1076	63	1	0.59313317	2.28356331
1018	1076	63	2	0.63193810	4.48593880
1018	1076	63	3	0.73373504	4.11310133
1018	1076	63	4	0.12431761	0.44183005
1018	1076	63	5	0.11424362	0.46831973
1018	1076	63	6	0.17350073	2.37527366
1018	1076	63	7	1.58080099	9.07901461
1018	1076	63	8	1.27527804	4.72910468
1018	1076	63	9	0.57629699	7.16694486
1018	1076	63	10	0.11515044	1.87034316
1018	1076	63	11	0.92600302	3.78201025
1018	1076	63	12	0.12203538	0.98271310
1018	1076	63	13	1.35242970	9.86927833
1018	1076	63	14	1.05411152	4.25979900
1018	1076	63	15	0.12308269	1.43753331
1018	1076	63	16	1.12003645	4.34068535
1018	1076	63	17	0.13710504	0.51976781
1018	1076	63	18	0.17287957	3.38864565
1018	1076	63	19	0.61267462	3.44027102
1018	1076	64	0	1.63335092	5.96930002
1018	1076	64	1	0.59418033	2.28463887
1018	1076	64	2	0.63249315	4.50258949
1018	1076	64	3	0.72871526	4.09217841
1018	1076	64	4	0.12513225	0.44186903
1018	1076	64	5	0.11369864	0.46758723
1018	1076	64	6	0.17440237	2.32772042
1018	1076	64	7	1.57887295	9.11570948
1018	1076	64	8	1.27366246	4.74996940
1018	1076	64	9	0.57605802	7.16683536
1018	1076	64	10	0.11499897	1.85327811
1018	1076	64	11	0.92364534	3.79607787
1018	1076	64	12	0.12244713	0.96469508
1018	1076	64	13	1.35413332	9.87793775
1018	1076	64	14	1.05597967	4.26269409
1018	1076	64	15	0.12251593	1.44016987
1018	1076	64	16	1.12093069	4.34228648
1018	1076	64	17	0.13647672	0.51879048
1018	1076	64	18	0.17215719	3.38047785
1018	1076	64	19	0.61342441	3.43928952
1018	1076	65	0	1.63817568	5.98809412
1018	1076	65	1	0.59531049	2.28648273
1018	1076	65	2	0.63275219	4.51751143
1018	1076	65	3	0.72396062	4.07007458
1018	1076	65	4	0.12606974	0.44271168
1018	1076	65	5	0.11312370	0.46648958
1018	1076	65	6	0.17552753	2.28549434
1018	1076	65	7	1.57621555	9.14423546
1018	1076	65	8	1.27078244	4.76368409
1018	1076	65	9	0.57595234	7.16649569
1018	1076	65	10	0.11476854	1.83726793
1018	1076	65	11	0.92044225	3.80439576
1018	1076	65	12	0.12305285	0.94965668
1018	1076	65	13	1.35570625	9.88712175
1018	1076	65	14	1.05793556	4.26674288
1018	1076	65	15	0.12192680	1.44201877
1018	1076	65	16	1.12185893	4.34436929
1018	1076	65	17	0.13581487	0.51744446
1018	1076	65	18	0.17136360	3.37202407
1018	1076	65	19	0.61423748	3.43923288
1018	1076	66	0	1.64266784	6.00662962
1018	1076	66	1	0.59649552	2.28897870
1018	1076	66	2	0.63274295	4.53064573
1018	1076	66	3	0.71951592	4.04727165
1018	1076	66	4	0.12710540	0.44425480
1018	1076	66	5	0.11253206	0.46508647
1018	1076	66	6	0.17683829	2.24832319
1018	1076	66	7	1.57294507	9.16525251
1018	1076	66	8	1.26682338	4.77088088
1018	1076	66	9	0.57596739	7.16607766
1018	1076	66	10	0.11447156	1.82215908
1018	1076	66	11	0.91653590	3.80750492
1018	1076	66	12	0.12382330	0.93736724
1018	1076	66	13	1.35713893	9.89662821
1018	1076	66	14	1.05993671	4.27174842
1018	1076	66	15	0.12132776	1.44312361
1018	1076	66	16	1.12280154	4.34684368
1018	1076	66	17	0.13513454	0.51579418
1018	1076	66	18	0.17052050	3.36322836
1018	1076	66	19	0.61509299	3.43999941
1018	1076	67	0	1.64679391	6.02464385
1018	1076	67	1	0.59770973	2.29201256
1018	1076	67	2	0.63249505	4.54196930
1018	1076	67	3	0.71541583	4.02420782
1018	1076	67	4	0.12821551	0.44639953
1018	1076	67	5	0.11193554	0.46343620
1018	1076	67	6	0.17829825	2.21592211
1018	1076	67	7	1.56917331	9.17942462
1018	1076	67	8	1.26196582	4.77220964
1018	1076	67	9	0.57608967	7.16570829
1018	1076	67	10	0.11412017	1.80782130
1018	1076	67	11	0.91206327	3.80595803
1018	1076	67	12	0.12473049	0.92759971
1018	1076	67	13	1.35842522	9.90627299
1018	1076	67	14	1.06194508	4.27751987
1018	1076	67	15	0.12072989	1.44353685
1018	1076	67	16	1.12374117	4.34962312
1018	1076	67	17	0.13444922	0.51390199
1018	1076	67	18	0.16964778	3.35405949
1018	1076	67	19	0.61597190	3.44148472
1018	1076	68	0	1.65053004	6.04191172
1018	1076	68	1	0.59893006	2.29547406
1018	1076	68	2	0.63203913	4.55149185
1018	1076	68	3	0.71168553	4.00127557
1018	1076	68	4	0.12937741	0.44905110
1018	1076	68	5	0.11134456	0.46159456
1018	1076	68	6	0.17987254	2.18799638
1018	1076	68	7	1.56500718	9.18741466
1018	1076	68	8	1.25638368	4.76832838
1018	1076	68	9	0.57630513	7.16549091
1018	1076	68	10	0.11372606	1.79414568
1018	1076	68	11	0.90715490	3.80031151
1018	1076	68	12	0.12574767	0.92013140
1018	1076	68	13	1.35956200	9.91589085
1018	1076	68	14	1.06392719	4.28387543
1018	1076	68	15	0.12014282	1.44331760
1018	1076	68	16	1.12466276	4.35262603
1018	1076	68	17	0.13377075	0.51182716
1018	1076	68	18	0.16876336	3.34450776
1018	1076	68	19	0.61685712	3.44358401
1018	1076	69	0	1.65386123	6.05824517
1018	1076	69	1	0.60013612	2.29925841
1018	1076	69	2	0.63140610	4.55925236
1018	1076	69	3	0.70834148	3.97882055
1018	1076	69	4	0.13056963	0.45211872
1018	1076	69	5	0.11076809	0.45961407
1018	1076	69	6	0.18152793	2.16424384
1018	1076	69	7	1.56054826	9.18987967
1018	1076	69	8	1.25024268	4.75989450
1018	1076	69	9	0.57659957	7.16550647
1018	1076	69	10	0.11330026	1.78104268
1018	1076	69	11	0.90193382	3.79111813
1018	1076	69	12	0.12684931	0.91474463
1018	1076	69	13	1.36054887	9.92533596
1018	1076	69	14	1.06585420	4.29064470
1018	1076	69	15	0.11957475	1.44252964
1018	1076	69	16	1.12555350	4.35577679
1018	1076	69	17	0.13310935	0.50962506
1018	1076	69	18	0.16788310	3.33458195
1018	1076	69	19	0.61773356	3.44619406
1018	1076	70	0	1.65678060	6.07349199
1018	1076	70	1	0.60131025	2.30326766
1018	1076	70	2	0.63062651	4.56531542
1018	1076	70	3	0.70539217	3.95714146
1018	1076	70	4	0.13177203	0.45551570
1018	1076	70	5	0.11021371	0.45754335
1018	1076	70	6	0.18323295	2.14435720
1018	1076	70	7	1.55589235	9.18746652
1018	1076	70	8	1.24369898	4.74755674
1018	1076	70	9	0.57695898	7.16581523
1018	1076	70	10	0.11285304	1.76844015
1018	1076	70	11	0.89651461	3.77892042
1018	1076	70	12	0.12801116	0.91122721
1018	1076	70	13	1.36138778	9.93448191
1018	1076	70	14	1.06770176	4.29767048
1018	1076	70	15	0.11903255	1.44123964
1018	1076	70	16	1.12640279	4.35900646
1018	1076	70	17	0.13247364	0.50734657
1018	1076	70	18	0.16702078	3.32430618
1018	1076	70	19	0.61858814	3.44921497
1018	1076	71	0	1.65928852	6.08753427
1018	1076	71	1	0.60243749	2.30741157
1018	1076	71	2	0.62972994	4.56976728
1018	1076	71	3	0.70283893	3.93649066
1018	1076	71	4	0.13296595	0.45915958
1018	1076	71	5	0.10968763	0.45542662
1018	1076	71	6	0.18495809	2.12802634
1018	1076	71	7	1.55112888	9.18080788
1018	1076	71	8	1.23689800	4.73194792
1018	1076	71	9	0.57736980	7.16645856
1018	1076	71	10	0.11239380	1.75628128
1018	1076	71	11	0.89100260	3.76424466
1018	1076	71	12	0.12921038	0.90937293
1018	1076	71	13	1.36208272	9.94322149
1018	1076	71	14	1.06944984	4.30481003
1018	1076	71	15	0.11852175	1.43951551
1018	1076	71	16	1.12720206	4.36225324
1018	1076	71	17	0.13187071	0.50503768
1018	1076	71	18	0.16618810	3.31371711
1018	1076	71	19	0.61940977	3.45255162
1018	1076	72	0	1.66139179	6.10028636
1018	1076	72	1	0.60350545	2.31160834
1018	1076	72	2	0.62874454	4.57271196
1018	1076	72	3	0.70067679	3.91707556
1018	1076	72	4	0.13413435	0.46297241
1018	1076	72	5	0.10919481	0.45330349
1018	1076	72	6	0.18667598	2.11494044
1018	1076	72	7	1.54634042	9.17051823
1018	1076	72	8	1.22997343	4.71367842
1018	1076	72	9	0.57781916	7.16746097
1018	1076	72	10	0.11193102	1.74452268
1018	1076	72	11	0.88549334	3.74759558
1018	1076	72	12	0.13042557	0.90898214
1018	1076	72	13	1.36263940	9.95146605
1018	1076	72	14	1.07108252	4.31193579
1018	1076	72	15	0.11804668	1.43742505
1018	1076	72	16	1.12794469	4.36546272
1018	1076	72	17	0.13130621	0.50273925
1018	1076	72	18	0.16539481	3.30286110
1018	1076	72	19	0.62018930	3.45611472
1018	1076	73	0	1.66310276	6.11169257
1018	1076	73	1	0.60450420	2.31578497
1018	1076	73	2	0.62769667	4.57426736
1018	1076	73	3	0.69889532	3.89906054
1018	1076	73	4	0.13526198	0.46688117
1018	1076	73	5	0.10873904	0.45120878
1018	1076	73	6	0.18836162	2.10479027
1018	1076	73	7	1.54160218	9.15719012
1018	1076	73	8	1.22304653	4.69333040
1018	1076	73	9	0.57829511	7.16883213
1018	1076	73	10	0.11147222	1.73313251
1018	1076	73	11	0.88007211	3.72945174
1018	1076	73	12	0.13163699	0.90986223
1018	1076	73	13	1.36306496	9.95914474
1018	1076	73	14	1.07258770	4.31893576
1018	1076	73	15	0.11761055	1.43503467
1018	1076	73	16	1.12862581	4.36858787
1018	1076	73	17	0.13078445	0.50048693
1018	1076	73	18	0.16464875	3.29179181
1018	1076	73	19	0.62091938	3.45982180
1018	1076	74	0	1.66443850	6.12172464
1018	1076	74	1	0.60542613	2.31987748
1018	1076	74	2	0.62661059	4.57456155
1018	1076	74	3	0.69747938	3.88256938
1018	1076	74	4	0.13633545	0.47081810
1018	1076	74	5	0.10832302	0.44917256
1018	1076	74	6	0.18999254	2.09727036
1018	1076	74	7	1.53698158	9.14139054
1018	1076	74	8	1.21622556	4.67145287
1018	1076	74	9	0.57878665	7.17056895
1018	1076	74	10	0.11102399	1.72208873
1018	1076	74	11	0.87481373	3.71026159
1018	1076	74	12	0.13282662	0.91182832
1018	1076	74	13	1.36336767	9.96620349
1018	1076	74	14	1.07395679	4.32571349
1018	1076	74	15	0.11721556	1.43240844
1018	1076	74	16	1.12924212	4.37158890
1018	1076	74	17	0.13030850	0.49831119
1018	1076	74	18	0.16395605	3.28056788
1018	1076	74	19	0.62159434	3.46359769
1018	1076	75	0	1.66542001	6.13037901
1018	1076	75	1	0.60626576	2.32383086
1018	1076	75	2	0.62550828	4.57372930
1018	1076	75	3	0.69640996	3.86768802
1018	1076	75	4	0.13734338	0.47472112
1018	1076	75	5	0.10794852	0.44722024
1018	1076	75	6	0.19154899	2.09208121
1018	1076	75	7	1.53253794	9.12365746
1018	1076	75	8	1.20960556	4.64855748
1018	1076	75	9	0.57928391	7.17265763
1018	1076	75	10	0.11059194	1.71137741
1018	1076	75	11	0.86978248	3.69044029
1018	1076	75	12	0.13397835	0.91470384
1018	1076	75	13	1.36355671	9.97260385
1018	1076	75	14	1.07518435	4.33218772
1018	1076	75	15	0.11686298	1.42960727
1018	1076	75	16	1.12979177	4.37443298
1018	1076	75	17	0.12988036	0.49623752
1018	1076	75	18	0.16332118	3.26925091
1018	1076	75	19	0.62221011	3.46737503
1018	1076	76	0	1.66607141	6.13767408
1018	1076	76	1	0.60701955	2.32759887
1018	1076	76	2	0.62440933	4.57190889
1018	1076	76	3	0.69566490	3.85446763
1018	1076	76	4	0.13827639	0.47853422
1018	1076	76	5	0.10761640	0.44537272
1018	1076	76	6	0.19301406	2.08893143
1018	1076	76	7	1.52832222	9.10449668
1018	1076	76	8	1.20326818	4.62511517
1018	1076	76	9	0.57977816	7.17507559
1018	1076	76	10	0.11018079	1.70099123
1018	1076	76	11	0.86503217	3.67036713
1018	1076	76	12	0.13507801	0.91832127
1018	1076	76	13	1.36364188	9.97832180
1018	1076	76	14	1.07626782	4.33829183
1018	1076	76	15	0.11655328	1.42668822
1018	1076	76	16	1.13027414	4.37709390
1018	1076	76	17	0.12950101	0.49428660
1018	1076	76	18	0.16274717	3.25790370
1018	1076	76	19	0.62276403	3.47109436
1018	1076	77	0	1.66641921	6.14364741
1018	1076	77	1	0.60768571	2.33114374
1018	1076	77	2	0.62333091	4.56923923
1018	1076	77	3	0.69521958	3.84292781
1018	1076	77	4	0.13912715	0.48220777
1018	1076	77	5	0.10732681	0.44364667
1018	1076	77	6	0.19437375	2.08753986
1018	1076	77	7	1.52437698	9.08437894
1018	1076	77	8	1.19728189	4.60155365
1018	1076	77	9	0.58026179	7.17779333
1018	1076	77	10	0.10979437	1.69092810
1018	1076	77	11	0.86060645	3.65038379
1018	1076	77	12	0.13611351	0.92252281
1018	1076	77	13	1.36363344	9.98334637
1018	1076	77	14	1.07720716	4.34397307
1018	1076	77	15	0.11628622	1.42370405
1018	1076	77	16	1.13068972	4.37955157
1018	1076	77	17	0.12917059	0.49247462
1018	1076	77	18	0.16223574	3.24658875
1018	1076	77	19	0.62325470	3.47470417
1018	1076	78	0	1.66649164	6.14835289
1018	1076	78	1	0.60826401	2.33443570
1018	1076	78	2	0.62228774	4.56585730
1018	1076	78	3	0.69504760	3.83305996
1018	1076	78	4	0.13989035	0.48569878
1018	1076	78	5	0.10707922	0.44205478
1018	1076	78	6	0.19561700	2.08763748
1018	1076	78	7	1.52073638	9.06373747
1018	1076	78	8	1.19170226	4.57825563
1018	1076	78	9	0.58072833	7.18077613
1018	1076	78	10	0.10943570	1.68118992
1018	1076	78	11	0.85653914	3.63079321
1018	1076	78	12	0.13707486	0.92716107
1018	1076	78	13	1.36354188	9.98767838
1018	1076	78	14	1.07800448	4.34919165
1018	1076	78	15	0.11606095	1.42070285
1018	1076	78	16	1.13103993	4.38179156
1018	1076	78	17	0.12888846	0.49081358
1018	1076	78	18	0.16178743	3.23536690
1018	1076	78	19	0.62368188	3.47816076
1018	1076	79	0	1.66631802	6.15185808
1018	1076	79	1	0.60875560	2.33745246
1018	1076	79	2	0.62129220	4.56189608
1018	1076	79	3	0.69512133	3.82483064
1018	1076	79	4	0.14056262	0.48897103
1018	1076	79	5	0.10687254	0.44060613
1018	1076	79	6	0.19673566	2.08896926
1018	1076	79	7	1.51742638	9.04296598
1018	1076	79	8	1.18657244	4.55555786
1018	1076	79	9	0.58117242	7.18398557
1018	1076	79	10	0.10910700	1.67178146
1018	1076	79	11	0.85285478	3.61185909
1018	1076	79	12	0.13795418	0.93209964
1018	1076	79	13	1.36337777	9.99132900
1018	1076	79	14	1.07866384	4.35391973
1018	1076	79	15	0.11587609	1.41772784
1018	1076	79	16	1.13132701	4.38380461
1018	1076	79	17	0.12865336	0.48931170
1018	1076	79	18	0.16140178	3.22429629
1018	1076	79	19	0.62404633	3.48142796
1018	1076	80	0	1.66592817	6.15424157
1018	1076	80	1	0.60916280	2.34017866
1018	1076	80	2	0.62035437	4.55748262
1018	1076	80	3	0.69541251	3.81818494
1018	1076	80	4	0.14114245	0.49199513
1018	1076	80	5	0.10670520	0.43930644
1018	1076	80	6	0.19772440	2.09129577
1018	1076	80	7	1.51446503	9.02241719
1018	1076	80	8	1.18192384	4.53375095
1018	1076	80	9	0.58158972	7.18738099
1018	1076	80	10	0.10880982	1.66270939
1018	1076	80	11	0.84956920	3.59380608
1018	1076	80	12	0.13874565	0.93721370
1018	1076	80	13	1.36315155	9.99431845
1018	1076	80	14	1.07919084	4.35814039
1018	1076	80	15	0.11572983	1.41481723
1018	1076	80	16	1.13155382	4.38558604
1018	1076	80	17	0.12846346	0.48797370
1018	1076	80	18	0.16107742	3.21343151
1018	1076	80	19	0.62434963	3.48447682
1018	1076	81	0	1.66535192	6.15559054
1018	1076	81	1	0.60948892	2.34260523
1018	1076	81	2	0.61948223	4.55273669
1018	1076	81	3	0.69589274	3.81304976
1018	1076	81	4	0.14163003	0.49474844
1018	1076	81	5	0.10657524	0.43815850
1018	1076	81	6	0.19858058	2.09439450
1018	1076	81	7	1.51186292	9.00240186
1018	1076	81	8	1.17777686	4.51307980
1018	1076	81	9	0.58197685	7.19092062
1018	1076	81	10	0.10854503	1.65398145
1018	1076	81	11	0.84669023	3.57682052
1018	1076	81	12	0.13944548	0.94239040
1018	1076	81	13	1.36287347	9.99667464
1018	1076	81	14	1.07959242	4.36184649
1018	1076	81	15	0.11562002	1.41200424
1018	1076	81	16	1.13172380	4.38713528
1018	1076	81	17	0.12831649	0.48680126
1018	1076	81	18	0.16081225	3.20282285
1018	1076	81	19	0.62459411	3.48728515
1018	1076	82	0	1.66461862	6.15599838
1018	1076	82	1	0.60973812	2.34472879
1018	1076	82	2	0.61868172	4.54776956
1018	1076	82	3	0.69653387	3.80933699
1018	1076	82	4	0.14202709	0.49721486
1018	1076	82	5	0.10648039	0.43716243
1018	1076	82	6	0.19930403	2.09806102
1018	1076	82	7	1.50962367	8.98318851
1018	1076	82	8	1.17414174	4.49374477
1018	1076	82	9	0.58233133	7.19456270
1018	1076	82	10	0.10831295	1.64560571
1018	1076	82	11	0.84421845	3.56105163
1018	1076	82	12	0.14005177	0.94752916
1018	1076	82	13	1.36255341	9.99843195
1018	1076	82	14	1.07987659	4.36503960
1018	1076	82	15	0.11554420	1.40931713
1018	1076	82	16	1.13184081	4.38845532
1018	1076	82	17	0.12820983	0.48579333
1018	1076	82	18	0.16060355	3.19251582
1018	1076	82	19	0.62478272	3.48983702
1018	1076	83	0	1.66375680	6.15556262
1018	1076	83	1	0.60991523	2.34655098
1018	1076	83	2	0.61795699	4.54268321
1018	1076	83	3	0.69730845	3.80694656
1018	1076	83	4	0.14233675	0.49938459
1018	1076	83	5	0.10641813	0.43631606
1018	1076	83	6	0.19989686	2.10210977
1018	1076	83	7	1.50774458	8.96500361
1018	1076	83	8	1.17101954	4.47590331
1018	1076	83	9	0.58265152	7.19826635
1018	1076	83	10	0.10811337	1.63758998
1018	1076	83	11	0.84214792	3.54661322
1018	1076	83	12	0.14056439	0.95254185
1018	1076	83	13	1.36220079	9.99962992
1018	1076	83	14	1.08005216	4.36772889
1018	1076	83	15	0.11549971	1.40677934
1018	1076	83	16	1.13190901	4.38955223
1018	1076	83	17	0.12814054	0.48494649
1018	1076	83	18	0.16044808	3.18255076
1018	1076	83	19	0.62491887	3.49212231
1018	1076	84	0	1.66279378	6.15438290
1018	1076	84	1	0.61002559	2.34807783
1018	1076	84	2	0.61731049	4.53756977
1018	1076	84	3	0.69819001	3.80576929
1018	1076	84	4	0.14256328	0.50125367
1018	1076	84	5	0.10638575	0.43561522
1018	1076	84	6	0.20036319	2.10637456
1018	1076	84	7	1.50621731	8.94803240
1018	1076	84	8	1.16840308	4.45967217
1018	1076	84	9	0.58293646	7.20199232
1018	1076	84	10	0.10794561	1.62994129
1018	1076	84	11	0.84046707	3.53358574
1018	1076	84	12	0.14098480	0.95735275
1018	1076	84	13	1.36182450	10.00031216
1018	1076	84	14	1.08012856	4.36993011
1018	1076	84	15	0.11548374	1.40440969
1018	1076	84	16	1.13193284	4.39043472
1018	1076	84	17	0.12810549	0.48425534
1018	1076	84	18	0.16034218	3.17296264
1018	1076	84	19	0.62500637	3.49413612
1018	1076	85	0	1.66175540	6.15255925
1018	1076	85	1	0.61007495	2.34931918
1018	1076	85	2	0.61674320	4.53251118
1018	1076	85	3	0.69915340	3.80568959
1018	1076	85	4	0.14271194	0.50282355
1018	1076	85	5	0.10638042	0.43505406
1018	1076	85	6	0.20070888	2.11070877
1018	1076	85	7	1.50502858	8.93242028
1018	1076	85	8	1.16627801	4.44512995
1018	1076	85	9	0.58318589	7.20570356
1018	1076	85	10	0.10780863	1.62266554
1018	1076	85	11	0.83915943	3.52201864
1018	1076	85	12	0.14131589	0.96189843
1018	1076	85	13	1.36143282	10.00052521
1018	1076	85	14	1.08011561	4.37166451
1018	1076	85	15	0.11549336	1.40222262
1018	1076	85	16	1.13191683	4.39111365
1018	1076	85	17	0.12810141	0.48371276
1018	1076	85	18	0.16028192	3.16378090
1018	1076	85	19	0.62504932	3.49587822
1018	1076	86	0	1.66066581	6.15019047
1018	1076	86	1	0.61006931	2.35028805
1018	1076	86	2	0.61625477	4.52757914
1018	1076	86	3	0.70017495	3.80658790
1018	1076	86	4	0.14278874	0.50410051
1018	1076	86	5	0.10639921	0.43462533
1018	1076	86	6	0.20094123	2.11498532
1018	1076	86	7	1.50416094	8.91827466
1018	1076	86	8	1.16462376	4.43232003
1018	1076	86	9	0.58340008	7.20936576
1018	1076	86	10	0.10770104	1.61576713
1018	1076	86	11	0.83820448	3.51193302
1018	1076	86	12	0.14156177	0.96612736
1018	1076	86	13	1.36103336	10.00031758
1018	1076	86	14	1.08002337	4.37295796
1018	1076	86	15	0.11552561	1.40022841
1018	1076	86	16	1.13186562	4.39160163
1018	1076	86	17	0.12812495	0.48331024
1018	1076	86	18	0.16026311	3.15502945
1018	1076	86	19	0.62505201	3.49735252
1018	1076	87	0	1.65954728	6.14737281
1018	1076	87	1	0.61001482	2.35100008
1018	1076	87	2	0.61584371	4.52283514
1018	1076	87	3	0.70123275	3.80834294
1018	1076	87	4	0.14280027	0.50509508
1018	1076	87	5	0.10643921	0.43432066
1018	1076	87	6	0.20106868	2.11909622
1018	1076	87	7	1.50359350	8.90566719
1018	1076	87	8	1.16341463	4.42125374
1018	1076	87	9	0.58357982	7.21294761
1018	1076	87	10	0.10762117	1.60924879
1018	1076	87	11	0.83757843	3.50332434
1018	1076	87	12	0.14172757	0.96999948
1018	1076	87	13	1.36063303	9.99973877
1018	1076	87	14	1.07986192	4.37383997
1018	1076	87	15	0.11557754	1.39843355
1018	1076	87	16	1.13178382	4.39191266
1018	1076	87	17	0.12817270	0.48303819
1018	1076	87	18	0.16028146	3.14672677
1018	1076	87	19	0.62501883	3.49856653
1018	1076	88	0	1.65842006	6.14419872
1018	1076	88	1	0.60991767	2.35147301
1018	1076	88	2	0.61550752	4.51833077
1018	1076	88	3	0.70230670	3.81083378
1018	1076	88	4	0.14275351	0.50582143
1018	1076	88	5	0.10649749	0.43413078
1018	1076	88	6	0.20110058	2.12295199
1018	1076	88	7	1.50330269	8.89463649
1018	1076	88	8	1.16262072	4.41191370
1018	1076	88	9	0.58372632	7.21642113
1018	1076	88	10	0.10756715	1.60311136
1018	1076	88	11	0.83725492	3.49616538
1018	1076	88	12	0.14181923	0.97348556
1018	1076	88	13	1.36023800	9.99883843
1018	1076	88	14	1.07964129	4.37434287
1018	1076	88	15	0.11564620	1.39684100
1018	1076	88	16	1.13167602	4.39206177
1018	1076	88	17	0.12824131	0.48288617
1018	1076	88	18	0.16033259	3.13888602
1018	1076	88	19	0.62495424	3.49953082
1018	1076	89	0	1.65730231	6.14075593
1018	1076	89	1	0.60978402	2.35172618
1018	1076	89	2	0.61524287	4.51410801
1018	1076	89	3	0.70337868	3.81394155
1018	1076	89	4	0.14265563	0.50629671
1018	1076	89	5	0.10657117	0.43404580
1018	1076	89	6	0.20104683	2.12648082
1018	1076	89	7	1.50326299	8.88519103
1018	1076	89	8	1.16220890	4.40425723
1018	1076	89	9	0.58384112	7.21976179
1018	1076	89	10	0.10753691	1.59735376
1018	1076	89	11	0.83720579	3.49040911
1018	1076	89	12	0.14184331	0.97656647
1018	1076	89	13	1.35985369	9.99766564
1018	1076	89	14	1.07937127	4.37450104
1018	1076	89	15	0.11572875	1.39545055
1018	1076	89	16	1.13154664	4.39206464
1018	1076	89	17	0.12832747	0.48284315
1018	1076	89	18	0.16041214	3.13151532
1018	1076	89	19	0.62486266	3.50025851
1018	1076	90	0	1.65621004	6.13712658
1018	1076	90	1	0.60961987	2.35178005
1018	1076	90	2	0.61504576	4.51019980
1018	1076	90	3	0.70443254	3.81755110
1018	1076	90	4	0.14251387	0.50654042
1018	1076	90	5	0.10665748	0.43405536
1018	1076	90	6	0.20091772	2.12962749
1018	1076	90	7	1.50344753	8.87731229
1018	1076	90	8	1.16214369	4.39821985
1018	1076	90	9	0.58392607	7.22294857
1018	1076	90	10	0.10752828	1.59197294
1018	1076	90	11	0.83740168	3.48599168
1018	1076	90	12	0.14180680	0.97923239
1018	1076	90	13	1.35948480	9.99626824
1018	1076	90	14	1.07906130	4.37435016
1018	1076	90	15	0.11582244	1.39425914
1018	1076	90	16	1.13139997	4.39193740
1018	1076	90	17	0.12842796	0.48289770
1018	1076	90	18	0.16051581	3.12461798
1018	1076	90	19	0.62474841	3.50076482
1018	1076	91	0	1.65515713	6.13338662
1018	1076	91	1	0.60943104	2.35165582
1018	1076	91	2	0.61491164	4.50663053
1018	1076	91	3	0.70545422	3.82155224
1018	1076	91	4	0.14233537	0.50657382
1018	1076	91	5	0.10675376	0.43414889
1018	1076	91	6	0.20072363	2.13235221
1018	1076	91	7	1.50382878	8.87095806
1018	1076	91	8	1.16238812	4.39371871
1018	1076	91	9	0.58398323	7.22596400
1018	1076	91	10	0.10753900	1.58696385
1018	1076	91	11	0.83781264	3.48283530
1018	1076	91	12	0.14171692	0.98148185
1018	1076	91	13	1.35913526	9.99469220
1018	1076	91	14	1.07872042	4.37392654
1018	1076	91	15	0.11592464	1.39326125
1018	1076	91	16	1.13124009	4.39169627
1018	1076	91	17	0.12853974	0.48303827
1018	1076	91	18	0.16063940	3.11819280
1018	1076	91	19	0.62461569	3.50106656
1018	1076	92	0	1.65415532	6.12960532
1018	1076	92	1	0.60922308	2.35137496
1018	1076	92	2	0.61483551	4.50341669
1018	1076	92	3	0.70643164	3.82584094
1018	1076	92	4	0.14212708	0.50641933
1018	1076	92	5	0.10685747	0.43431573
1018	1076	92	6	0.20047488	2.13462927
1018	1076	92	7	1.50437907	8.86606577
1018	1076	92	8	1.16290441	4.39065593
1018	1076	92	9	0.58401485	7.22879408
1018	1076	92	10	0.10756679	1.58231959
1018	1076	92	11	0.83840869	3.48085095
1018	1076	92	12	0.14158098	0.98332084
1018	1076	92	13	1.35880829	9.99298122
1018	1076	92	14	1.07835714	4.37326659
1018	1076	92	15	0.11603290	1.39244917
1018	1076	92	16	1.13107082	4.39135740
1018	1076	92	17	0.12865988	0.48325326
1018	1076	92	18	0.16077890	3.11223451
1018	1076	92	19	0.62446852	3.50118176
1018	1076	93	0	1.65321429	6.12584497
1018	1076	93	1	0.60900122	2.35095896
1018	1076	93	2	0.61481209	4.50056753
1018	1076	93	3	0.70735473	3.83032019
1018	1076	93	4	0.14189563	0.50610000
1018	1076	93	5	0.10696625	0.43454532
1018	1076	93	6	0.20018150	2.13644566
1018	1076	93	7	1.50507108	8.86255583
1018	1076	93	8	1.16365477	4.38892186
1018	1076	93	9	0.58402329	7.23142817
1018	1076	93	10	0.10760933	1.57803141
1018	1076	93	11	0.83916029	3.47994113
1018	1076	93	12	0.14140625	0.98476181
1018	1076	93	13	1.35850643	9.99117622
1018	1076	93	14	1.07797937	4.37240620
1018	1076	93	15	0.11614493	1.39181340
1018	1076	93	16	1.13089574	4.39093657
1018	1076	93	17	0.12878568	0.48353128
1018	1076	93	18	0.16093046	3.10673404
1018	1076	93	19	0.62431069	3.50112924
1018	1076	94	0	1.65234173	6.12216068
1018	1076	94	1	0.60877034	2.35042896
1018	1076	94	2	0.61483592	4.49808574
1018	1076	94	3	0.70821536	3.83490069
1018	1076	94	4	0.14164728	0.50563905
1018	1076	94	5	0.10707791	0.43482733
1018	1076	94	6	0.19985311	2.13779962
1018	1076	94	7	1.50587828	8.86033484
1018	1076	94	8	1.16460190	4.38839812
1018	1076	94	9	0.58401098	7.23385884
1018	1076	94	10	0.10766437	1.57408892
1018	1076	94	11	0.84003874	3.48000229
1018	1076	94	12	0.14119979	0.98582268
1018	1076	94	13	1.35823155	9.98931513
1018	1076	94	14	1.07759441	4.37138038
1018	1076	94	15	0.11625863	1.39134292
1018	1076	94	16	1.13071811	4.39044909
1018	1076	94	17	0.12891462	0.48386124
1018	1076	94	18	0.16109050	3.10167902
1018	1076	94	19	0.62414575	3.50092826
1018	1076	95	0	1.65154344	6.11860034
1018	1076	95	1	0.60853492	2.34980549
1018	1076	95	2	0.61490143	4.49596818
1018	1076	95	3	0.70900722	3.83950141
1018	1076	95	4	0.14138781	0.50505940
1018	1076	95	5	0.10719045	0.43515176
1018	1076	95	6	0.19949882	2.13869920
1018	1076	95	7	1.50677528	8.85929878
1018	1076	95	8	1.16570958	4.38896043
1018	1076	95	9	0.58398040	7.23608172
1018	1076	95	10	0.10772969	1.57048015
1018	1076	95	11	0.84101658	3.48092716
1018	1076	95	12	0.14096840	0.98652591
1018	1076	95	13	1.35798491	9.98743256
1018	1076	95	14	1.07720888	4.37022274
1018	1076	95	15	0.11637209	1.39102556
1018	1076	95	16	1.13054089	4.38990958
1018	1076	95	17	0.12904442	0.48423249
1018	1076	95	18	0.16125568	3.09705412
1018	1076	95	19	0.62397696	3.50059819
1018	1076	96	0	1.65082344	6.11520469
1018	1076	96	1	0.60829902	2.34910824
1018	1076	96	2	0.61500303	4.49420657
1018	1076	96	3	0.70972574	3.84404986
1018	1076	96	4	0.14112255	0.50438333
1018	1076	96	5	0.10730208	0.43550908
1018	1076	96	6	0.19912710	2.13916076
1018	1076	96	7	1.50773814	8.85933594
1018	1076	96	8	1.16694313	4.39048127
1018	1076	96	9	0.58393401	7.23809524
1018	1076	96	10	0.10780318	1.56719181
1018	1076	96	11	0.84206781	3.48260685
1018	1076	96	12	0.14071850	0.98689752
1018	1076	96	13	1.35776720	9.98555968
1018	1076	96	14	1.07682869	4.36896525
1018	1076	96	15	0.11648363	1.39084825
1018	1076	96	16	1.13036672	4.38933187
1018	1076	96	17	0.12917301	0.48463490
1018	1076	96	18	0.16142295	3.09284149
1018	1076	96	19	0.62380731	3.50015821
1018	1076	97	0	1.65018414	6.11200750
1018	1076	97	1	0.60806629	2.34835587
1018	1076	97	2	0.61513525	4.49278819
1018	1076	97	3	0.71036799	3.84848230
1018	1076	97	4	0.14085628	0.50363217
1018	1076	97	5	0.10741120	0.43589031
1018	1076	97	6	0.19874570	2.13920765
1018	1076	97	7	1.50874458	8.86032963
1018	1076	97	8	1.16826974	4.39283225
1018	1076	97	9	0.58387424	7.23990044
1018	1076	97	10	0.10788282	1.56420942
1018	1076	97	11	0.84316822	3.48493276
1018	1076	97	12	0.14045607	0.98696627
1018	1076	97	13	1.35757860	9.98372409
1018	1076	97	14	1.07645903	4.36763789
1018	1076	97	15	0.11659175	1.39079734
1018	1076	97	16	1.13019792	4.38872884
1018	1076	97	17	0.12929858	0.48505901
1018	1076	97	18	0.16158953	3.08902119
1018	1076	97	19	0.62363947	3.49962706
1018	1076	98	0	1.64962643	6.10903577
1018	1076	98	1	0.60783992	2.34756583
1018	1076	98	2	0.61529272	4.49169657
1018	1076	98	3	0.71093251	3.85274374
1018	1076	98	4	0.14059324	0.50282602
1018	1076	98	5	0.10751641	0.43628705
1018	1076	98	6	0.19836167	2.13886878
1018	1076	98	7	1.50977414	8.86216076
1018	1076	98	8	1.16965879	4.39588623
1018	1076	98	9	0.58380346	7.24150068
1018	1076	98	10	0.10796672	1.56151749
1018	1076	98	11	0.84429550	3.48779825
1018	1076	98	12	0.14018660	0.98676278
1018	1076	98	13	1.35741880	9.98194982
1018	1076	98	14	1.07610440	4.36626843
1018	1076	98	15	0.11669519	1.39085882
1018	1076	98	16	1.13003647	4.38811239
1018	1076	98	17	0.12941954	0.48549601
1018	1076	98	18	0.16175298	3.08557159
1018	1076	98	19	0.62347579	3.49902281
1018	1076	99	0	1.64914986	6.10631011
1018	1076	99	1	0.60762267	2.34675426
1018	1076	99	2	0.61547031	4.49091214
1018	1076	99	3	0.71141918	3.85678782
1018	1076	99	4	0.14033714	0.50198359
1018	1076	99	5	0.10761655	0.43669161
1018	1076	99	6	0.19798125	2.13817741
1018	1076	99	7	1.51080836	8.86471003
1018	1076	99	8	1.17108212	4.39951919
1018	1076	99	9	0.58372393	7.24290144
1018	1076	99	10	0.10805314	1.55909976
1018	1076	99	11	0.84542940	3.49110007
1018	1076	99	12	0.13991507	0.98631883
1018	1076	99	13	1.35728711	9.98025734
1018	1076	99	14	1.07576857	4.36488229
1018	1076	99	15	0.11679286	1.39101858
1018	1076	99	16	1.12988404	4.38749333
1018	1076	99	17	0.12953455	0.48593787
1018	1076	99	18	0.16191115	3.08246975
1018	1076	99	19	0.62331830	3.49836267
1018	1076	100	0	1.64875279	6.10384510
1018	1076	100	1	0.60741687	2.34593586
1018	1076	100	2	0.61566313	4.49041290
1018	1076	100	3	0.71182911	3.86057658
1018	1076	100	4	0.14009114	0.50112202
1018	1076	100	5	0.10771064	0.43709699
1018	1076	100	6	0.19760992	2.13716996
1018	1076	100	7	1.51183078	8.86785995
1018	1076	100	8	1.17251413	4.40361181
1018	1076	100	9	0.58363780	7.24411001
1018	1076	100	10	0.10814048	1.55693936
1018	1076	100	11	0.84655183	3.49473965
1018	1076	100	12	0.13964590	0.98566662
1018	1076	100	13	1.35718247	9.97866361
1018	1076	100	14	1.07545461	4.36350238
1018	1076	100	15	0.11688392	1.39126263
1018	1076	100	16	1.12974198	4.38688134
1018	1076	100	17	0.12964250	0.48637736
1018	1076	100	18	0.16206220	3.07969179
1018	1076	100	19	0.62316875	3.49766279
1018	1076	101	0	1.64843256	6.10164976
1018	1076	101	1	0.60722439	2.34512384
1018	1076	101	2	0.61586659	4.49017495
1018	1076	101	3	0.71216445	3.86408012
1018	1076	101	4	0.13985787	0.50025678
1018	1076	101	5	0.10779789	0.43749693
1018	1076	101	6	0.19725237	2.13588494
1018	1076	101	7	1.51282698	8.87149657
1018	1076	101	8	1.17393194	4.40805086
1018	1076	101	9	0.58354710	7.24513525
1018	1076	101	10	0.10822729	1.55501902
1018	1076	101	11	0.84764687	3.49862406
1018	1076	101	12	0.13938300	0.98483820
1018	1076	101	13	1.35710351	9.97718224
1018	1076	101	14	1.07516495	4.36214905
1018	1076	101	15	0.11696767	1.39157728
1018	1076	101	16	1.12961134	4.38628499
1018	1076	101	17	0.12974250	0.48680804
1018	1076	101	18	0.16220460	3.07721331
1018	1076	101	19	0.62302854	3.49693820
1018	1076	102	0	1.64818560	6.09972797
1018	1076	102	1	0.60704674	2.34432987
1018	1076	102	2	0.61607644	4.49017309
1018	1076	102	3	0.71242826	3.86727618
1018	1076	102	4	0.13963949	0.49940166
1018	1076	102	5	0.10787771	0.43788593
1018	1076	102	6	0.19691254	2.13436196
1018	1076	102	7	1.51378461	8.87551089
1018	1076	102	8	1.17531543	4.41273025
1018	1076	102	9	0.58345368	7.24598734
1018	1076	102	10	0.10831232	1.55332124
1018	1076	102	11	0.84870077	3.50266689
1018	1076	102	12	0.13912969	0.98386493
1018	1076	102	13	1.35704863	9.97582361
1018	1076	102	14	1.07490136	4.36084002
1018	1076	102	15	0.11704364	1.39194933
1018	1076	102	16	1.12949287	4.38571165
1018	1076	102	17	0.12983390	0.48722432
1018	1076	102	18	0.16233711	3.07500965
1018	1076	102	19	0.62289881	3.49620265
1018	1076	103	0	1.64800762	6.09807902
1018	1076	103	1	0.60688501	2.34356410
1018	1076	103	2	0.61628881	4.49038135
1018	1076	103	3	0.71262437	3.87014966
1018	1076	103	4	0.13943765	0.49856869
1018	1076	103	5	0.10794968	0.43825925
1018	1076	103	6	0.19659366	2.13264090
1018	1076	103	7	1.51469331	8.87980012
1018	1076	103	8	1.17664723	4.41755191
1018	1076	103	9	0.58335927	7.24667747
1018	1076	103	10	0.10839443	1.55182850
1018	1076	103	11	0.84970197	3.50678880
1018	1076	103	12	0.13888877	0.98277706
1018	1076	103	13	1.35701602	9.97459508
1018	1076	103	14	1.07466505	4.35959044
1018	1076	103	15	0.11711151	1.39236617
1018	1076	103	16	1.12938708	4.38516757
1018	1076	103	17	0.12991622	0.48762140
1018	1076	103	18	0.16245877	3.07305622
1018	1076	103	19	0.62278040	3.49546857
1018	1076	104	0	1.64789376	6.09669810
1018	1076	104	1	0.60673995	2.34283515
1018	1076	104	2	0.61650019	4.49077341
1018	1076	104	3	0.71275722	3.87269202
1018	1076	104	4	0.13925358	0.49776818
1018	1076	104	5	0.10801357	0.43861289
1018	1076	104	6	0.19629822	2.13076111
1018	1076	104	7	1.51554464	8.88426855
1018	1076	104	8	1.17791267	4.42242639
1018	1076	104	9	0.58326540	7.24721770
1018	1076	104	10	0.10847270	1.55052340
1018	1076	104	11	0.85064097	3.51091801
1018	1076	104	12	0.13866255	0.98160332
1018	1076	104	13	1.35700373	9.97350121
1018	1076	104	14	1.07445665	4.35841291
1018	1076	104	15	0.11717111	1.39281595
1018	1076	104	16	1.12929420	4.38465789
1018	1076	104	17	0.12998920	0.48799531
1018	1076	104	18	0.16256891	3.07132884
1018	1076	104	19	0.62267389	3.49474702
1018	1076	105	0	1.64783870	6.09557683
1018	1076	105	1	0.60661194	2.34215013
1018	1076	105	2	0.61670746	4.49132307
1018	1076	105	3	0.71283174	3.87490077
1018	1076	105	4	0.13908809	0.49700876
1018	1076	105	5	0.10806925	0.43894359
1018	1076	105	6	0.19602812	2.12876084
1018	1076	105	7	1.51633199	8.88882835
1018	1076	105	8	1.17909975	4.42727335
1018	1076	105	9	0.58317345	7.24762060
1018	1076	105	10	0.10854634	1.54938883
1018	1076	105	11	0.85151028	3.51499057
1018	1076	105	12	0.13845282	0.98037063
1018	1076	105	13	1.35700972	9.97254400
1018	1076	105	14	1.07427632	4.35731757
1018	1076	105	15	0.11722244	1.39328766
1018	1076	105	16	1.12921425	4.38418665
1018	1076	105	17	0.13005272	0.48834287
1018	1076	105	18	0.16266709	3.06980388
1018	1076	105	19	0.62257960	3.49404766
1018	1076	106	0	1.64783680	6.09470377
1018	1076	106	1	0.60650110	2.34151471
1018	1076	106	2	0.61690792	4.49200461
1018	1076	106	3	0.71285320	3.87677878
1018	1076	106	4	0.13894160	0.49629746
1018	1076	106	5	0.10811678	0.43924879
1018	1076	106	6	0.19578462	2.12667661
1018	1076	106	7	1.51705049	8.89340000
1018	1076	106	8	1.18019899	4.43202171
1018	1076	106	9	0.58308460	7.24789915
1018	1076	106	10	0.10861473	1.54840811
1018	1076	106	11	0.85230432	3.51895045
1018	1076	106	12	0.13826093	0.97910390
1018	1076	106	13	1.35703188	9.97172311
1018	1076	106	14	1.07412374	4.35631221
1018	1076	106	15	0.11726562	1.39377117
1018	1076	106	16	1.12914705	4.38375689
1018	1076	106	17	0.13010685	0.48866162
1018	1076	106	18	0.16275311	3.06845858
1018	1076	106	19	0.62249766	3.49337877
1018	1076	107	0	1.64788223	6.09406495
1018	1076	107	1	0.60640723	2.34093318
1018	1076	107	2	0.61709924	4.49279314
1018	1076	107	3	0.71282713	3.87833369
1018	1076	107	4	0.13881422	0.49563975
1018	1076	107	5	0.10815632	0.43952659
1018	1076	107	6	0.19556843	2.12454285
1018	1076	107	7	1.51769686	8.89791263
1018	1076	107	8	1.18120328	4.43660978
1018	1076	107	9	0.58299987	7.24806645
1018	1076	107	10	0.10867738	1.54756510
1018	1076	107	11	0.85301925	3.52274953
1018	1076	107	12	0.13808780	0.97782580
1018	1076	107	13	1.35706808	9.97103614
1018	1076	107	14	1.07399824	4.35540237
1018	1076	107	15	0.11730086	1.39425734
1018	1076	107	16	1.12909225	4.38337066
1018	1076	107	17	0.13015178	0.48894981
1018	1076	107	18	0.16282696	3.06727117
1018	1076	107	19	0.62242797	3.49274725
1018	1076	108	0	1.64796907	6.09364435
1018	1076	108	1	0.60632992	2.34040856
1018	1076	108	2	0.61727951	4.49366483
1018	1076	108	3	0.71275917	3.87957723
1018	1076	108	4	0.13870575	0.49503966
1018	1076	108	5	0.10818813	0.43977573
1018	1076	108	6	0.19537980	2.12239148
1018	1076	108	7	1.51826928	8.90230415
1018	1076	108	8	1.18210777	4.44098515
1018	1076	108	9	0.58292011	7.24813556
1018	1076	108	10	0.10873396	1.54684433
1018	1076	108	11	0.85365288	3.52634749
1018	1076	108	12	0.13793397	0.97655673
1018	1076	108	13	1.35711622	9.97047891
1018	1076	108	14	1.07389875	4.35459154
1018	1076	108	15	0.11732849	1.39473801
1018	1076	108	16	1.12904932	4.38302915
1018	1076	108	17	0.13018783	0.48920638
1018	1076	108	18	0.16288886	3.06622105
1018	1076	108	19	0.62237026	3.49215868
1018	1076	109	0	1.64809143	6.09342435
1018	1076	109	1	0.60626854	2.33994265
1018	1076	109	2	0.61744717	4.49459723
1018	1076	109	3	0.71265497	3.88052465
1018	1076	109	4	0.13861573	0.49449990
1018	1076	109	5	0.10821256	0.43999550
1018	1076	109	6	0.19521850	2.12025169
1018	1076	109	7	1.51876726	8.90652120
1018	1076	109	8	1.18290967	4.44510442
1018	1076	109	9	0.58284600	7.24811936
1018	1076	109	10	0.10878427	1.54623109
1018	1076	109	11	0.85420451	3.52971153
1018	1076	109	12	0.13779960	0.97531469
1018	1076	109	13	1.35717424	9.97004570
1018	1076	109	14	1.07382397	4.35388133
1018	1076	109	15	0.11734893	1.39520605
1018	1076	109	16	1.12901763	4.38273271
1018	1076	109	17	0.13021541	0.48943084
1018	1076	109	18	0.16293914	3.06528894
1018	1076	109	19	0.62232410	3.49161739
1018	1076	110	0	1.64824351	6.09338622
1018	1076	110	1	0.60622229	2.33953616
1018	1076	110	2	0.61760102	4.49556940
1018	1076	110	3	0.71252015	3.88119405
1018	1076	110	4	0.13854347	0.49402194
1018	1076	110	5	0.10823006	0.44018576
1018	1076	110	6	0.19508393	2.11814975
1018	1076	110	7	1.51919151	8.91051902
1018	1076	110	8	1.18360806	4.44893294
1018	1076	110	9	0.58277806	7.24803035
1018	1076	110	10	0.10882822	1.54571152
1018	1076	110	11	0.85467477	3.53281605
1018	1076	110	12	0.13768457	0.97411529
1018	1076	110	13	1.35724016	9.96972948
1018	1076	110	14	1.07377232	4.35327160
1018	1076	110	15	0.11736265	1.39565532
1018	1076	110	16	1.12899644	4.38248096
1018	1076	110	17	0.13023504	0.48962325
1018	1076	110	18	0.16297832	3.06445690
1018	1076	110	19	0.62228894	3.49112649
1018	1076	111	0	1.64841970	6.09351048
1018	1076	111	1	0.60619020	2.33918880
1018	1076	111	2	0.61774023	4.49656208
1018	1076	111	3	0.71236014	3.88160580
1018	1076	111	4	0.13848809	0.49360616
1018	1076	111	5	0.10824110	0.44034680
1018	1076	111	6	0.19497515	2.11610885
1018	1076	111	7	1.51954375	8.91426116
1018	1076	111	8	1.18420370	4.45244432
1018	1076	111	9	0.58271666	7.24788055
1018	1076	111	10	0.10886582	1.54527261
1018	1076	111	11	0.85506544	3.53564225
1018	1076	111	12	0.13758846	0.97297179
1018	1076	111	13	1.35731208	9.96952224
1018	1076	111	14	1.07374205	4.35276068
1018	1076	111	15	0.11737018	1.39608066
1018	1076	111	16	1.12898490	4.38227287
1018	1076	111	17	0.13024727	0.48978417
1018	1076	111	18	0.16300700	3.06370850
1018	1076	111	19	0.62226410	3.49068799
1018	1076	112	0	1.64861463	6.09377732
1018	1076	112	1	0.60617122	2.33889942
1018	1076	112	2	0.61786425	4.49755781
1018	1076	112	3	0.71218019	3.88178200
1018	1076	112	4	0.13844855	0.49325195
1018	1076	112	5	0.10824625	0.44047935
1018	1076	112	6	0.19489096	2.11414911
1018	1076	112	7	1.51982661	8.91771910
1018	1076	112	8	1.18469882	4.45561992
1018	1076	112	9	0.58266202	7.24768140
1018	1076	112	10	0.10889720	1.54490234
1018	1076	112	11	0.85537934	3.53817765
1018	1076	112	12	0.13751063	0.97189516
1018	1076	112	13	1.35738824	9.96941514
1018	1076	112	14	1.07373128	4.35234558
1018	1076	112	15	0.11737209	1.39647789
1018	1076	112	16	1.12898214	4.38210687
1018	1076	112	17	0.13025275	0.48991457
1018	1076	112	18	0.16302590	3.06302877
1018	1076	112	19	0.62224884	3.49030288
1018	1076	113	0	1.64882324	6.09416691
1018	1076	113	1	0.60616420	2.33866608
1018	1076	113	2	0.61797285	4.49854099
1018	1076	113	3	0.71198526	3.88174592
1018	1076	113	4	0.13842370	0.49295783
1018	1076	113	5	0.10824605	0.44058450
1018	1076	113	6	0.19482989	2.11228755
1018	1076	113	7	1.52004348	8.92087179
1018	1076	113	8	1.18509698	4.45844832
1018	1076	113	9	0.58261425	7.24744363
1018	1076	113	10	0.10892256	1.54458963
1018	1076	113	11	0.85562015	3.54041561
1018	1076	113	12	0.13745021	0.97089413
1018	1076	113	13	1.35746701	9.96939879
1018	1076	113	14	1.07373802	4.35202214
1018	1076	113	15	0.11736895	1.39684375
1018	1076	113	16	1.12898724	4.38198089
1018	1076	113	17	0.13025212	0.49001580
1018	1076	113	18	0.16303581	3.06240426
1018	1076	113	19	0.62224233	3.48997119
1018	1076	114	0	1.64904082	6.09465975
1018	1076	114	1	0.60616791	2.33848622
1018	1076	114	2	0.61806605	4.49949792
1018	1076	114	3	0.71178001	3.88152154
1018	1076	114	4	0.13841230	0.49272160
1018	1076	114	5	0.10824111	0.44066364
1018	1076	114	6	0.19479030	2.11053817
1018	1076	114	7	1.52019838	8.92370517
1018	1076	114	8	1.18540278	4.46092462
1018	1076	114	9	0.58257333	7.24717722
1018	1076	114	10	0.10894217	1.54432438
1018	1076	114	11	0.85579226	3.54235476
1018	1076	114	12	0.13740621	0.96997535
1018	1076	114	13	1.35754687	9.96946342
1018	1076	114	14	1.07376024	4.35178527
1018	1076	114	15	0.11736139	1.39717581
1018	1076	114	16	1.12899925	4.38189246
1018	1076	114	17	0.13024607	0.49008951
1018	1076	114	18	0.16303755	3.06182301
1018	1076	114	19	0.62224371	3.48969216
1018	1076	115	0	1.64926304	6.09523686
1018	1076	115	1	0.60618114	2.33835671
1018	1076	115	2	0.61814410	4.50041679
1018	1076	115	3	0.71156872	3.88113306
1018	1076	115	4	0.13841303	0.49254042
1018	1076	115	5	0.10823203	0.44071841
1018	1076	115	6	0.19477042	2.10891201
1018	1076	115	7	1.52029579	8.92621155
1018	1076	115	8	1.18562175	4.46304988
1018	1076	115	9	0.58253914	7.24689131
1018	1076	115	10	0.10895636	1.54409748
1018	1076	115	11	0.85590061	3.54399843
1018	1076	115	12	0.13737745	0.96914350
1018	1076	115	13	1.35762648	9.96959912
1018	1076	115	14	1.07379589	4.35162907
1018	1076	115	15	0.11735000	1.39747249
1018	1076	115	16	1.12901721	4.38183882
1018	1076	115	17	0.13023529	0.49013759
1018	1076	115	18	0.16303201	3.06127457
1018	1076	115	19	0.62225210	3.48946429
1018	1076	116	0	1.64948596	6.09588009
1018	1076	116	1	0.60620261	2.33827399
1018	1076	116	2	0.61820747	4.50128769
1018	1076	116	3	0.71135531	3.88060458
1018	1076	116	4	0.13842454	0.49241093
1018	1076	116	5	0.10821939	0.44075065
1018	1076	116	6	0.19476838	2.10741731
1018	1076	116	7	1.52034060	8.92838908
1018	1076	116	8	1.18576012	4.46483037
1018	1076	116	9	0.58251147	7.24659420
1018	1076	116	10	0.10896550	1.54390082
1018	1076	116	11	0.85595057	3.54535412
1018	1076	116	12	0.13736270	0.96840145
1018	1076	116	13	1.35770464	9.96979594
1018	1076	116	14	1.07384293	4.35154706
1018	1076	116	15	0.11733538	1.39773293
1018	1076	116	16	1.12904020	4.38181697
1018	1076	116	17	0.13022047	0.49016211
1018	1076	116	18	0.16302007	3.06074988
1018	1076	116	19	0.62226658	3.48928544
1018	1076	117	0	1.64970610	6.09657227
1018	1076	117	1	0.60623109	2.33823419
1018	1076	117	2	0.61825679	4.50210250
1018	1076	117	3	0.71114329	3.87995965
1018	1076	117	4	0.13844547	0.49232937
1018	1076	117	5	0.10820380	0.44076234
1018	1076	117	6	0.19478222	2.10605967
1018	1076	117	7	1.52033793	8.93024108
1018	1076	117	8	1.18582468	4.46627695
1018	1076	117	9	0.58249003	7.24629332
1018	1076	117	10	0.10897002	1.54372720
1018	1076	117	11	0.85594784	3.54643289
1018	1076	117	12	0.13736062	0.96775040
1018	1076	117	13	1.35778032	9.97004414
1018	1076	117	14	1.07389939	4.35153233
1018	1076	117	15	0.11731812	1.39795692
1018	1076	117	16	1.12906731	4.38182374
1018	1076	117	17	0.13020228	0.49016530
1018	1076	117	18	0.16300262	3.06024129
1018	1076	117	19	0.62228626	3.48915298
1018	1076	118	0	1.64992037	6.09729736
1018	1076	118	1	0.60626536	2.33823319
1018	1076	118	2	0.61829286	4.50285488
1018	1076	118	3	0.71093578	3.87922103
1018	1076	118	4	0.13847446	0.49229168
1018	1076	118	5	0.10818581	0.44075557
1018	1076	118	6	0.19481000	2.10484223
1018	1076	118	7	1.52029306	8.93177543
1018	1076	118	8	1.18582258	4.46740438
1018	1076	118	9	0.58247446	7.24599519
1018	1076	118	10	0.10897035	1.54357037
1018	1076	118	11	0.85589827	3.54724881
1018	1076	118	12	0.13736985	0.96719006
1018	1076	118	13	1.35785262	9.97033421
1018	1076	118	14	1.07396335	4.35157769
1018	1076	118	15	0.11729877	1.39814488
1018	1076	118	16	1.12909765	4.38185587
1018	1076	118	17	0.13018138	0.49014946
1018	1076	118	18	0.16298055	3.05974243
1018	1076	118	19	0.62231026	3.48906383
1018	1076	119	0	1.65012612	6.09804061
1018	1076	119	1	0.60630427	2.33826673
1018	1076	119	2	0.61831657	4.50354013
1018	1076	119	3	0.71073545	3.87841042
1018	1076	119	4	0.13851019	0.49229358
1018	1076	119	5	0.10816598	0.44073247
1018	1076	119	6	0.19484975	2.10376586
1018	1076	119	7	1.52021135	8.93300396
1018	1076	119	8	1.18576122	4.46823066
1018	1076	119	9	0.58246436	7.24570547
1018	1076	119	10	0.10896695	1.54342496
1018	1076	119	11	0.85580779	3.54781842
1018	1076	119	12	0.13738899	0.96671881
1018	1076	119	13	1.35792080	9.97065709
1018	1076	119	14	1.07403299	4.35167582
1018	1076	119	15	0.11727786	1.39829774
1018	1076	119	16	1.12913041	4.38191006
1018	1076	119	17	0.13015839	0.49011693
1018	1076	119	18	0.16295469	3.05924814
1018	1076	119	19	0.62233775	3.48901459
1018	1076	120	0	1.65032115	6.09878858
1018	1076	120	1	0.60634669	2.33833048
1018	1076	120	2	0.61832891	4.50415509
1018	1076	120	3	0.71054459	3.87754820
1018	1076	120	4	0.13855136	0.49233068
1018	1076	120	5	0.10814480	0.44069521
1018	1076	120	6	0.19489954	2.10282941
1018	1076	120	7	1.52009809	8.93394183
1018	1076	120	8	1.18564808	4.46877640
1018	1076	120	9	0.58245929	7.24542896
1018	1076	120	10	0.10896029	1.54328643
1018	1076	120	11	0.85568229	3.54816020
1018	1076	120	12	0.13741667	0.96633386
1018	1076	120	13	1.35798428	9.97100419
1018	1076	120	14	1.07410662	4.35181938
1018	1076	120	15	0.11725589	1.39841689
1018	1076	120	16	1.12916482	4.38198306
1018	1076	120	17	0.13013390	0.49007005
1018	1076	120	18	0.16292587	3.05875440
1018	1076	120	19	0.62236790	3.48900161
1018	1076	121	0	1.65050363	6.09952927
1018	1076	121	1	0.60639159	2.33842012
1018	1076	121	2	0.61833096	4.50469806
1018	1076	121	3	0.71036509	3.87665333
1018	1076	121	4	0.13859675	0.49239851
1018	1076	121	5	0.10812275	0.44064592
1018	1076	121	6	0.19495752	2.10202990
1018	1076	121	7	1.51995849	8.93460694
1018	1076	121	8	1.18549060	4.46906424
1018	1076	121	9	0.58245876	7.24516962
1018	1076	121	10	0.10895082	1.54315103
1018	1076	121	11	0.85552756	3.54829407
1018	1076	121	12	0.13745152	0.96603145
1018	1076	121	13	1.35804259	9.97136751
1018	1076	121	14	1.07418267	4.35200114
1018	1076	121	15	0.11723331	1.39850408
1018	1076	121	16	1.12920015	4.38207165
1018	1076	121	17	0.13010844	0.49001113
1018	1076	121	18	0.16289486	3.05825823
1018	1076	121	19	0.62239996	3.48902110
1018	1076	122	0	1.65067215	6.10025210
1018	1076	122	1	0.60643800	2.33853142
1018	1076	122	2	0.61832382	4.50516860
1018	1076	122	3	0.71019846	3.87574314
1018	1076	122	4	0.13864521	0.49249265
1018	1076	122	5	0.10810028	0.44058668
1018	1076	122	6	0.19502190	2.10136278
1018	1076	122	7	1.51979760	8.93501933
1018	1076	122	8	1.18529609	4.46911825
1018	1076	122	9	0.58246229	7.24493060
1018	1076	122	10	0.10893900	1.54301573
1018	1076	122	11	0.85534921	3.54824093
1018	1076	122	12	0.13749222	0.96580700
1018	1076	122	13	1.35809542	9.97173967
1018	1076	122	14	1.07425969	4.35221409
1018	1076	122	15	0.11721053	1.39856138
1018	1076	122	16	1.12923578	4.38217275
1018	1076	122	17	0.13008252	0.48994240
1018	1076	122	18	0.16286238	3.05775755
1018	1076	122	19	0.62243323	3.48906917
1018	1076	123	0	1.65082566	6.10094794
1018	1076	123	1	0.60648505	2.33866028
1018	1076	123	2	0.61830860	4.50556746
1018	1076	123	3	0.71004582	3.87483332
1018	1076	123	4	0.13869566	0.49260878
1018	1076	123	5	0.10807777	0.44051952
1018	1076	123	6	0.19509099	2.10082212
1018	1076	123	7	1.51962021	8.93520069
1018	1076	123	8	1.18507162	4.46896343
1018	1076	123	9	0.58246938	7.24471434
1018	1076	123	10	0.10892528	1.54287818
1018	1076	123	11	0.85515257	3.54802226
1018	1076	123	12	0.13753751	0.96565523
1018	1076	123	13	1.35814256	9.97211400
1018	1076	123	14	1.07433640	4.35245152
1018	1076	123	15	0.11718794	1.39859112
1018	1076	123	16	1.12927110	4.38228342
1018	1076	123	17	0.13005659	0.48986602
1018	1076	123	18	0.16282910	3.05725115
1018	1076	123	19	0.62246705	3.48914194
1018	1076	124	0	1.65096346	6.10160908
1018	1076	124	1	0.60653193	2.33880277
1018	1076	124	2	0.61828643	4.50589639
1018	1076	124	3	0.70990799	3.87393779
1018	1076	124	4	0.13874711	0.49274269
1018	1076	124	5	0.10805557	0.44044633
1018	1076	124	6	0.19516322	2.10040087
1018	1076	124	7	1.51943086	8.93517382
1018	1076	124	8	1.18482394	4.46862520
1018	1076	124	9	0.58247951	7.24452256
1018	1076	124	10	0.10891007	1.54273663
1018	1076	124	11	0.85494267	3.54765967
1018	1076	124	12	0.13758618	0.96557037
1018	1076	124	13	1.35818391	9.97248448
1018	1076	124	14	1.07441165	4.35270706
1018	1076	124	15	0.11716585	1.39859576
1018	1076	124	16	1.12930562	4.38240090
1018	1076	124	17	0.13003104	0.48978399
1018	1076	124	18	0.16279560	3.05673852
1018	1076	124	19	0.62250086	3.48923555
1018	1076	125	0	1.65108516	6.10222920
1018	1076	125	1	0.60657795	2.33895520
1018	1076	125	2	0.61825843	4.50615804
1018	1076	125	3	0.70978544	3.87306874
1018	1076	125	4	0.13879865	0.49289038
1018	1076	125	5	0.10803399	0.44036891
1018	1076	125	6	0.19523713	2.10009105
1018	1076	125	7	1.51923376	8.93496217
1018	1076	125	8	1.18455941	4.46812901
1018	1076	125	9	0.58249221	7.24435633
1018	1076	125	10	0.10889377	1.54258987
1018	1076	125	11	0.85472420	3.54717461
1018	1076	125	12	0.13763712	0.96554628
1018	1076	125	13	1.35821947	9.97284588
1018	1076	125	14	1.07448444	4.35297479
1018	1076	125	15	0.11714455	1.39857793
1018	1076	125	16	1.12933889	4.38252263
1018	1076	125	17	0.13000623	0.48969821
1018	1076	125	18	0.16276244	3.05621977
1018	1076	125	19	0.62253413	3.48934627
1018	1076	126	0	1.65119067	6.10280329
1018	1076	126	1	0.60662249	2.33911413
1018	1076	126	2	0.61822566	4.50635580
1018	1076	126	3	0.70967836	3.87223658
1018	1076	126	4	0.13884950	0.49304807
1018	1076	126	5	0.10801329	0.44028892
1018	1076	126	6	0.19531143	2.09988398
1018	1076	126	7	1.51903278	8.93458941
1018	1076	126	8	1.18428395	4.46749991
1018	1076	126	9	0.58250698	7.24421616
1018	1076	126	10	0.10887676	1.54243720
1018	1076	126	11	0.85450146	3.54658804
1018	1076	126	12	0.13768931	0.96557657
1018	1076	126	13	1.35824935	9.97319363
1018	1076	126	14	1.07455392	4.35324924
1018	1076	126	15	0.11712429	1.39854030
1018	1076	126	16	1.12937054	4.38264627
1018	1076	126	17	0.12998246	0.48961040
1018	1076	126	18	0.16273008	3.05569558
1018	1076	126	19	0.62256640	3.48947051
1018	1076	127	0	1.65128016	6.10332761
1018	1076	127	1	0.60666503	2.33927640
1018	1076	127	2	0.61818917	4.50649367
1018	1076	127	3	0.70958670	3.87145004
1018	1076	127	4	0.13889895	0.49321226
1018	1076	127	5	0.10799370	0.44020787
1018	1076	127	6	0.19538491	2.09977048
1018	1076	127	7	1.51883144	8.93407907
1018	1076	127	8	1.18400298	4.46676221
1018	1076	127	9	0.58252338	7.24410205
1018	1076	127	10	0.10885937	1.54227830
1018	1076	127	11	0.85427833	3.54592017
1018	1076	127	12	0.13774181	0.96565473
1018	1076	127	13	1.35827370	9.97352391
1018	1076	127	14	1.07461940	4.35352544
1018	1076	127	15	0.11710525	1.39848555
1018	1076	127	16	1.12940026	4.38276970
1018	1076	127	17	0.12995997	0.48952216
1018	1076	127	18	0.16269893	3.05516704
1018	1076	127	19	0.62259730	3.48960486
1018	1076	128	0	1.65135402	6.10379961
1018	1076	128	1	0.60670515	2.33943913
1018	1076	128	2	0.61814991	4.50657613
1018	1076	128	3	0.70951016	3.87071614
1018	1076	128	4	0.13894639	0.49337971
1018	1076	128	5	0.10797539	0.44012713
1018	1076	128	6	0.19545655	2.09974102
1018	1076	128	7	1.51863285	8.93345418
1018	1076	128	8	1.18372143	4.46593922
1018	1076	128	9	0.58254097	7.24401351
1018	1076	128	10	0.10884191	1.54211324
1018	1076	128	11	0.85405829	3.54519021
1018	1076	128	12	0.13779377	0.96577425
1018	1076	128	13	1.35829278	9.97383358
1018	1076	128	14	1.07468031	4.35379897
1018	1076	128	15	0.11708759	1.39841635
1018	1076	128	16	1.12942782	4.38289105
1018	1076	128	17	0.12993898	0.48943487
1018	1076	128	18	0.16266935	3.05463559
1018	1076	128	19	0.62262650	3.48974614
1018	1076	129	0	1.65141284	6.10421780
1018	1076	129	1	0.60674248	2.33959979
1018	1076	129	2	0.61810880	4.50660802
1018	1076	129	3	0.70944825	3.87004036
1018	1076	129	4	0.13899132	0.49354750
1018	1076	129	5	0.10795850	0.44004790
1018	1076	129	6	0.19552546	2.09978595
1018	1076	129	7	1.51843977	8.93273699
1018	1076	129	8	1.18344369	4.46505299
1018	1076	129	9	0.58255934	7.24394967
1018	1076	129	10	0.10882465	1.54194239
1018	1076	129	11	0.85384437	3.54441622
1018	1076	129	12	0.13784447	0.96592870
1018	1076	129	13	1.35830685	9.97412016
1018	1076	129	14	1.07473623	4.35406590
1018	1076	129	15	0.11707144	1.39833530
1018	1076	129	16	1.12945301	4.38300868
1018	1076	129	17	0.12991963	0.48934977
1018	1076	129	18	0.16264160	3.05410295
1018	1076	129	19	0.62265373	3.48989142
1018	1076	130	0	1.65145738	6.10458170
1018	1076	130	1	0.60677677	2.33975613
1018	1076	130	2	0.61806668	4.50659444
1018	1076	130	3	0.70940030	3.86942666
1018	1076	130	4	0.13903332	0.49371302
1018	1076	130	5	0.10794314	0.43997123
1018	1076	130	6	0.19559086	2.09989560
1018	1076	130	7	1.51825455	8.93194869
1018	1076	130	8	1.18317360	4.46412410
1018	1076	130	9	0.58257814	7.24390935
1018	1076	130	10	0.10880785	1.54176636
1018	1076	130	11	0.85363918	3.54361493
1018	1076	130	12	0.13789325	0.96611183
1018	1076	130	13	1.35831627	9.97438179
1018	1076	130	14	1.07478684	4.35432288
1018	1076	130	15	0.11705687	1.39824488
1018	1076	130	16	1.12947573	4.38312120
1018	1076	130	17	0.12990205	0.48926794
1018	1076	130	18	0.16261591	3.05357101
1018	1076	130	19	0.62267881	3.49003803
1018	1076	131	0	1.65148852	6.10489171
1018	1076	131	1	0.60680783	2.33990623
1018	1076	131	2	0.61802431	4.50654059
1018	1076	131	3	0.70936551	3.86887760
1018	1076	131	4	0.13907207	0.49387398
1018	1076	131	5	0.10792937	0.43989803
1018	1076	131	6	0.19565215	2.10006045
1018	1076	131	7	1.51807917	8.93110924
1018	1076	131	8	1.18291447	4.46317150
1018	1076	131	9	0.58259702	7.24389107
1018	1076	131	10	0.10879171	1.54158598
1018	1076	131	11	0.85344492	3.54280167
1018	1076	131	12	0.13793959	0.96631765
1018	1076	131	13	1.35832140	9.97461722
1018	1076	131	14	1.07483195	4.35456705
1018	1076	131	15	0.11704393	1.39814747
1018	1076	131	16	1.12949589	4.38322745
1018	1076	131	17	0.12988631	0.48919026
1018	1076	131	18	0.16259245	3.05304181
1018	1076	131	19	0.62270157	3.49018356
1018	1076	132	0	1.65150727	6.10514902
1018	1076	132	1	0.60683553	2.34004847
1018	1076	132	2	0.61798236	4.50645176
1018	1076	132	3	0.70934296	3.86839450
1018	1076	132	4	0.13910732	0.49402842
1018	1076	132	5	0.10791722	0.43982902
1018	1076	132	6	0.19570883	2.10027124
1018	1076	132	7	1.51791523	8.93023717
1018	1076	132	8	1.18266907	4.46221246
1018	1076	132	9	0.58261568	7.24389314
1018	1076	132	10	0.10877639	1.54140220
1018	1076	132	11	0.85326335	3.54199024
1018	1076	132	12	0.13798304	0.96654048
1018	1076	132	13	1.35832264	9.97482573
1018	1076	132	14	1.07487148	4.35479608
1018	1076	132	15	0.11703265	1.39804528
1018	1076	132	16	1.12951347	4.38332648
1018	1076	132	17	0.12987244	0.48911747
1018	1076	132	18	0.16257134	3.05251743
1018	1076	132	19	0.62272194	3.49032589
1018	1076	133	0	1.65151471	6.10535548
1018	1076	133	1	0.60685983	2.34018153
1018	1076	133	2	0.61794143	4.50633316
1018	1076	133	3	0.70933164	3.86797748
1018	1076	133	4	0.13913894	0.49417467
1018	1076	133	5	0.10790671	0.43976481
1018	1076	133	6	0.19576055	2.10051911
1018	1076	133	7	1.51776401	8.92934949
1018	1076	133	8	1.18243964	4.46126240
1018	1076	133	9	0.58263387	7.24391371
1018	1076	133	10	0.10876206	1.54121611
1018	1076	133	11	0.85309587	3.54119290
1018	1076	133	12	0.13802325	0.96677499
1018	1076	133	13	1.35832039	9.97500708
1018	1076	133	14	1.07490544	4.35500811
1018	1076	133	15	0.11702300	1.39794037
1018	1076	133	16	1.12952849	4.38341757
1018	1076	133	17	0.12986045	0.48905015
1018	1076	133	18	0.16255263	3.05199994
1018	1076	133	19	0.62273985	3.49046320
1018	1076	134	0	1.65151197	6.10551353
1018	1076	134	1	0.60688072	2.34030439
1018	1076	134	2	0.61790205	4.50618991
1018	1076	134	3	0.70933050	3.86762566
1018	1076	134	4	0.13916681	0.49431140
1018	1076	134	5	0.10789781	0.43970585
1018	1076	134	6	0.19580704	2.10079561
1018	1076	134	7	1.51762642	8.92846156
1018	1076	134	8	1.18222796	4.46033492
1018	1076	134	9	0.58265135	7.24395080
1018	1076	134	10	0.10874881	1.54102882
1018	1076	134	11	0.85294350	3.54042033
1018	1076	134	12	0.13805996	0.96701630
1018	1076	134	13	1.35831507	9.97516148
1018	1076	134	14	1.07493392	4.35520179
1018	1076	134	15	0.11701497	1.39783461
1018	1076	134	16	1.12954099	4.38350021
1018	1076	134	17	0.12985032	0.48898873
1018	1076	134	18	0.16253635	3.05149140
1018	1076	134	19	0.62275532	3.49059394
1018	1076	135	0	1.65150021	6.10562610
1018	1076	135	1	0.60689825	2.34041628
1018	1076	135	2	0.61786464	4.50602692
1018	1076	135	3	0.70933843	3.86733725
1018	1076	135	4	0.13919094	0.49443754
1018	1076	135	5	0.10789048	0.43965246
1018	1076	135	6	0.19584817	2.10109288
1018	1076	135	7	1.51750308	8.92758705
1018	1076	135	8	1.18203533	4.45944178
1018	1076	135	9	0.58266793	7.24400239
1018	1076	135	10	0.10873673	1.54084153
1018	1076	135	11	0.85280691	3.53968168
1018	1076	135	12	0.13809299	0.96725992
1018	1076	135	13	1.35830711	9.97528955
1018	1076	135	14	1.07495709	4.35537615
1018	1076	135	15	0.11700849	1.39772967
1018	1076	135	16	1.12955106	4.38357406
1018	1076	135	17	0.12984200	0.48893350
1018	1076	135	18	0.16252248	3.05099374
1018	1076	135	19	0.62276836	3.49071681
1018	1076	136	0	1.65148061	6.10569645
1018	1076	136	1	0.60691254	2.34051670
1018	1076	136	2	0.61782956	4.50584887
1018	1076	136	3	0.70935430	3.86710968
1018	1076	136	4	0.13921136	0.49455233
1018	1076	136	5	0.10788467	0.43960485
1018	1076	136	6	0.19588390	2.10140362
1018	1076	136	7	1.51739432	8.92673793
1018	1076	136	8	1.18186259	4.45859292
1018	1076	136	9	0.58268346	7.24406642
1018	1076	136	10	0.10872588	1.54065541
1018	1076	136	11	0.85268646	3.53898455
1018	1076	136	12	0.13812223	0.96750185
1018	1076	136	13	1.35829692	9.97539222
1018	1076	136	14	1.07497519	4.35553066
1018	1076	136	15	0.11700349	1.39762704
1018	1076	136	16	1.12955882	4.38363895
1018	1076	136	17	0.12983541	0.48888462
1018	1076	136	18	0.16251096	3.05050881
1018	1076	136	19	0.62277904	3.49083081
1018	1076	137	0	1.65145433	6.10572818
1018	1076	137	1	0.60692372	2.34060537
1018	1076	137	2	0.61779709	4.50566016
1018	1076	137	3	0.70937699	3.86693973
1018	1076	137	4	0.13922816	0.49465526
1018	1076	137	5	0.10788028	0.43956312
1018	1076	137	6	0.19591427	2.10172116
1018	1076	137	7	1.51730020	8.92592447
1018	1076	137	8	1.18171021	4.45779648
1018	1076	137	9	0.58269782	7.24414082
1018	1076	137	10	0.10871628	1.54047158
1018	1076	137	11	0.85258222	3.53833506
1018	1076	137	12	0.13814765	0.96773854
1018	1076	137	13	1.35828490	9.97547072
1018	1076	137	14	1.07498849	4.35566513
1018	1076	137	15	0.11699988	1.39752801
1018	1076	137	16	1.12956441	4.38369488
1018	1076	137	17	0.12983047	0.48884213
1018	1076	137	18	0.16250172	3.05003827
1018	1076	137	19	0.62278747	3.49093516
1018	1076	138	0	1.65142252	6.10572505
1018	1076	138	1	0.60693197	2.34068224
1018	1076	138	2	0.61776744	4.50546487
1018	1076	138	3	0.70940542	3.86682367
1018	1076	138	4	0.13924149	0.49474603
1018	1076	138	5	0.10787724	0.43952725
1018	1076	138	6	0.19593941	2.10203953
1018	1076	138	7	1.51722055	8.92515523
1018	1076	138	8	1.18157829	4.45705892
1018	1076	138	9	0.58271091	7.24422360
1018	1076	138	10	0.10870796	1.54029116
1018	1076	138	11	0.85249400	3.53773794
1018	1076	138	12	0.13816929	0.96796693
1018	1076	138	13	1.35827143	9.97552651
1018	1076	138	14	1.07499732	4.35577972
1018	1076	138	15	0.11699757	1.39743367
1018	1076	138	16	1.12956797	4.38374199
1018	1076	138	17	0.12982707	0.48880600
1018	1076	138	18	0.16249465	3.04958363
1018	1076	138	19	0.62279377	3.49102933
1018	1076	139	0	1.65138627	6.10569096
1018	1076	139	1	0.60693747	2.34074742
1018	1076	139	2	0.61774075	4.50526671
1018	1076	139	3	0.70943850	3.86675732
1018	1076	139	4	0.13925152	0.49482460
1018	1076	139	5	0.10787544	0.43949714
1018	1076	139	6	0.19595950	2.10235340
1018	1076	139	7	1.51715501	8.92443717
1018	1076	139	8	1.18146659	4.45638508
1018	1076	139	9	0.58272268	7.24431282
1018	1076	139	10	0.10870088	1.54011517
1018	1076	139	11	0.85242140	3.53719658
1018	1076	139	12	0.13818722	0.96818440
1018	1076	139	13	1.35825688	9.97556123
1018	1076	139	14	1.07500203	4.35587486
1018	1076	139	15	0.11699645	1.39734493
1018	1076	139	16	1.12956967	4.38378052
1018	1076	139	17	0.12982509	0.48877606
1018	1076	139	18	0.16248960	3.04914620
1018	1076	139	19	0.62279806	3.49111299
1018	1076	140	0	1.65134663	6.10562983
1018	1076	140	1	0.60694045	2.34080120
1018	1076	140	2	0.61771712	4.50506905
1018	1076	140	3	0.70947521	3.86673623
1018	1076	140	4	0.13925846	0.49489109
1018	1076	140	5	0.10787477	0.43947263
1018	1076	140	6	0.19597478	2.10265815
1018	1076	140	7	1.51710304	8.92377570
1018	1076	140	8	1.18137461	4.45577828
1018	1076	140	9	0.58273308	7.24440662
1018	1076	140	10	0.10869503	1.53994454
1018	1076	140	11	0.85236380	3.53671316
1018	1076	140	12	0.13820157	0.96838880
1018	1076	140	13	1.35824160	9.97557669
1018	1076	140	14	1.07500302	4.35595123
1018	1076	140	15	0.11699640	1.39726250
1018	1076	140	16	1.12956970	4.38381082
1018	1076	140	17	0.12982441	0.48875210
1018	1076	140	18	0.16248645	3.04872710
1018	1076	140	19	0.62280051	3.49118603
1018	1076	141	0	1.65130458	6.10554560
1018	1076	141	1	0.60694113	2.34084401
1018	1076	141	2	0.61769656	4.50487486
1018	1076	141	3	0.70951460	3.86675572
1018	1076	141	4	0.13926254	0.49494582
1018	1076	141	5	0.10787512	0.43945347
1018	1076	141	6	0.19598556	2.10294982
1018	1076	141	7	1.51706393	8.92317475
1018	1076	141	8	1.18130158	4.45524045
1018	1076	141	9	0.58274212	7.24450329
1018	1076	141	10	0.10869036	1.53978012
1018	1076	141	11	0.85232045	3.53628871
1018	1076	141	12	0.13821253	0.96857843
1018	1076	141	13	1.35822590	9.97557475
1018	1076	141	14	1.07500066	4.35600974
1018	1076	141	15	0.11699731	1.39718693
1018	1076	141	16	1.12956824	4.38383335
1018	1076	141	17	0.12982489	0.48873382
1018	1076	141	18	0.16248502	3.04832724
1018	1076	141	19	0.62280129	3.49124849
1018	1076	142	0	1.65126102	6.10544210
1018	1076	142	1	0.60693978	2.34087641
1018	1076	142	2	0.61767904	4.50468675
1018	1076	142	3	0.70955577	3.86681103
1018	1076	142	4	0.13926402	0.49498924
1018	1076	142	5	0.10787637	0.43943936
1018	1076	142	6	0.19599217	2.10322513
1018	1076	142	7	1.51703687	8.92263690
1018	1076	142	8	1.18124653	4.45477226
1018	1076	142	9	0.58274980	7.24460122
1018	1076	142	10	0.10868681	1.53962266
1018	1076	142	11	0.85229042	3.53592324
1018	1076	142	12	0.13822029	0.96875200
1018	1076	142	13	1.35821007	9.97555738
1018	1076	142	14	1.07499538	4.35605146
1018	1076	142	15	0.11699906	1.39711860
1018	1076	142	16	1.12956548	4.38384861
1018	1076	142	17	0.12982640	0.48872088
1018	1076	142	18	0.16248514	3.04794730
1018	1076	142	19	0.62280056	3.49130058
1018	1076	143	0	1.65121681	6.10532304
1018	1076	143	1	0.60693661	2.34089906
1018	1076	143	2	0.61766451	4.50450692
1018	1076	143	3	0.70959788	3.86689735
1018	1076	143	4	0.13926316	0.49502193
1018	1076	143	5	0.10787840	0.43942996
1018	1076	143	6	0.19599496	2.10348143
1018	1076	143	7	1.51702095	8.92216346
1018	1076	143	8	1.18120834	4.45437321
1018	1076	143	9	0.58275616	7.24469896
1018	1076	143	10	0.10868431	1.53947278
1018	1076	143	11	0.85227272	3.53561587
1018	1076	143	12	0.13822509	0.96890859
1018	1076	143	13	1.35819436	9.97552654
1018	1076	143	14	1.07498757	4.35607761
1018	1076	143	15	0.11700153	1.39705775
1018	1076	143	16	1.12956159	4.38385718
1018	1076	143	17	0.12982880	0.48871288
1018	1076	143	18	0.16248666	3.04758780
1018	1076	143	19	0.62279850	3.49134265
1018	1076	144	0	1.65117267	6.10519196
1018	1076	144	1	0.60693190	2.34091267
1018	1076	144	2	0.61765285	4.50433723
1018	1076	144	3	0.70964019	3.86700995
1018	1076	144	4	0.13926023	0.49504457
1018	1076	144	5	0.10788110	0.43942490
1018	1076	144	6	0.19599431	2.10371666
1018	1076	144	7	1.51701518	8.92175463
1018	1076	144	8	1.18118571	4.45404181
1018	1076	144	9	0.58276124	7.24479519
1018	1076	144	10	0.10868279	1.53933099
1018	1076	144	11	0.85226625	3.53536491
1018	1076	144	12	0.13822718	0.96904766
1018	1076	144	13	1.35817900	9.97548419
1018	1076	144	14	1.07497763	4.35608949
1018	1076	144	15	0.11700460	1.39700446
1018	1076	144	16	1.12955677	4.38385965
1018	1076	144	17	0.12983195	0.48870941
1018	1076	144	18	0.16248938	3.04724901
1018	1076	144	19	0.62279529	3.49137515
1018	1076	145	0	1.65112930	6.10505221
1018	1076	145	1	0.60692587	2.34091804
1018	1076	145	2	0.61764393	4.50417915
1018	1076	145	3	0.70968202	3.86714419
1018	1076	145	4	0.13925551	0.49505791
1018	1076	145	5	0.10788434	0.43942378
1018	1076	145	6	0.19599060	2.10392935
1018	1076	145	7	1.51701854	8.92140955
1018	1076	145	8	1.18117730	4.45377569
1018	1076	145	9	0.58276511	7.24488877
1018	1076	145	10	0.10868215	1.53919770
1018	1076	145	11	0.85226989	3.53516801
1018	1076	145	12	0.13822683	0.96916900
1018	1076	145	13	1.35816419	9.97543225
1018	1076	145	14	1.07496595	4.35608850
1018	1076	145	15	0.11700815	1.39695871
1018	1076	145	16	1.12955119	4.38385667
1018	1076	145	17	0.12983573	0.48871001
1018	1076	145	18	0.16249313	3.04693105
1018	1076	145	19	0.62279111	3.49139865
1018	1076	146	0	1.65108725	6.10490687
1018	1076	146	1	0.60691877	2.34091599
1018	1076	146	2	0.61763759	4.50403384
1018	1076	146	3	0.70972279	3.86729564
1018	1076	146	4	0.13924927	0.49506277
1018	1076	146	5	0.10788802	0.43942617
1018	1076	146	6	0.19598425	2.10411854
1018	1076	146	7	1.51702996	8.92112653
1018	1076	146	8	1.18118165	4.45357175
1018	1076	146	9	0.58276784	7.24497868
1018	1076	146	10	0.10868232	1.53907320
1018	1076	146	11	0.85228245	3.53502221
1018	1076	146	12	0.13822431	0.96927270
1018	1076	146	13	1.35815009	9.97537256
1018	1076	146	14	1.07495290	4.35607607
1018	1076	146	15	0.11701209	1.39692034
1018	1076	146	16	1.12954503	4.38384887
1018	1076	146	17	0.12984000	0.48871423
1018	1076	146	18	0.16249775	3.04663383
1018	1076	146	19	0.62278612	3.49141378
1018	1076	147	0	1.65104705	6.10475881
1018	1076	147	1	0.60691083	2.34090737
1018	1076	147	2	0.61763362	4.50390211
1018	1076	147	3	0.70976199	3.86746007
1018	1076	147	4	0.13924176	0.49506002
1018	1076	147	5	0.10789204	0.43943166
1018	1076	147	6	0.19597562	2.10428377
1018	1076	147	7	1.51704839	8.92090306
1018	1076	147	8	1.18119730	4.45342626
1018	1076	147	9	0.58276951	7.24506410
1018	1076	147	10	0.10868319	1.53895767
1018	1076	147	11	0.85230276	3.53492413
1018	1076	147	12	0.13821990	0.96935910
1018	1076	147	13	1.35813685	9.97530691
1018	1076	147	14	1.07493883	4.35605366
1018	1076	147	15	0.11701630	1.39688912
1018	1076	147	16	1.12953843	4.38383692
1018	1076	147	17	0.12984466	0.48872160
1018	1076	147	18	0.16250306	3.04635710
1018	1076	147	19	0.62278050	3.49142122
1018	1076	148	0	1.65100909	6.10461058
1018	1076	148	1	0.60690225	2.34089304
1018	1076	148	2	0.61763184	4.50378448
1018	1076	148	3	0.70979918	3.86763352
1018	1076	148	4	0.13923324	0.49505054
1018	1076	148	5	0.10789629	0.43943982
1018	1076	148	6	0.19596511	2.10442499
1018	1076	148	7	1.51707276	8.92073603
1018	1076	148	8	1.18122276	4.45333501
1018	1076	148	9	0.58277022	7.24514431
1018	1076	148	10	0.10868469	1.53885118
1018	1076	148	11	0.85232966	3.53487001
1018	1076	148	12	0.13821388	0.96942878
1018	1076	148	13	1.35812457	9.97523696
1018	1076	148	14	1.07492407	4.35602271
1018	1076	148	15	0.11702070	1.39686474
1018	1076	148	16	1.12953155	4.38382145
1018	1076	148	17	0.12984958	0.48873167
1018	1076	148	18	0.16250891	3.04610048
1018	1076	148	19	0.62277440	3.49142171
1018	1076	149	0	1.65097371	6.10446449
1018	1076	149	1	0.60689324	2.34087385
1018	1076	149	2	0.61763203	4.50368121
1018	1076	149	3	0.70983403	3.86781235
1018	1076	149	4	0.13922397	0.49503521
1018	1076	149	5	0.10790069	0.43945023
1018	1076	149	6	0.19595309	2.10454256
1018	1076	149	7	1.51710205	8.92062177
1018	1076	149	8	1.18125656	4.45329342
1018	1076	149	9	0.58277006	7.24521879
1018	1076	149	10	0.10868671	1.53875371
1018	1076	149	11	0.85236200	3.53485584
1018	1076	149	12	0.13820651	0.96948250
1018	1076	149	13	1.35811333	9.97516424
1018	1076	149	14	1.07490892	4.35598464
1018	1076	149	15	0.11702519	1.39684679
1018	1076	149	16	1.12952453	4.38380308
1018	1076	149	17	0.12985465	0.48874398
1018	1076	149	18	0.16251515	3.04586341
1018	1076	149	19	0.62276796	3.49141602
1018	1076	150	0	1.65094117	6.10432254
1018	1076	150	1	0.60688399	2.34085063
1018	1076	150	2	0.61763397	4.50359229
1018	1076	150	3	0.70986625	3.86799321
1018	1076	150	4	0.13921415	0.49501491
1018	1076	150	5	0.10790515	0.43946248
1018	1076	150	6	0.19593990	2.10463717
1018	1076	150	7	1.51713527	8.92055624
1018	1076	150	8	1.18129726	4.45329667
1018	1076	150	9	0.58276913	7.24528712
1018	1076	150	10	0.10868917	1.53866515
1018	1076	150	11	0.85239870	3.53487744
1018	1076	150	12	0.13819806	0.96952119
1018	1076	150	13	1.35810320	9.97509020
1018	1076	150	14	1.07489365	4.35594081
1018	1076	150	15	0.11702969	1.39683483
1018	1076	150	16	1.12951748	4.38378243
1018	1076	150	17	0.12985979	0.48875810
1018	1076	150	18	0.16252164	3.04564525
1018	1076	150	19	0.62276133	3.49140490
1018	1076	151	0	1.65091167	6.10418644
1018	1076	151	1	0.60687466	2.34082417
1018	1076	151	2	0.61763744	4.50351751
1018	1076	151	3	0.70989564	3.86817311
1018	1076	151	4	0.13920401	0.49499051
1018	1076	151	5	0.10790959	0.43947619
1018	1076	151	6	0.19592588	2.10470979
1018	1076	151	7	1.51717146	8.92053507
1018	1076	151	8	1.18134347	4.45333974
1018	1076	151	9	0.58276753	7.24534902
1018	1076	151	10	0.10869198	1.53858532
1018	1076	151	11	0.85243870	3.53493051
1018	1076	151	12	0.13818877	0.96954593
1018	1076	151	13	1.35809420	9.97501610
1018	1076	151	14	1.07487852	4.35589253
1018	1076	151	15	0.11703414	1.39682839
1018	1076	151	16	1.12951052	4.38376005
1018	1076	151	17	0.12986491	0.48877361
1018	1076	151	18	0.16252826	3.04544524
1018	1076	151	19	0.62275461	3.49138913
1018	1076	152	0	1.65088530	6.10405765
1018	1076	152	1	0.60686541	2.34079525
1018	1076	152	2	0.61764221	4.50345645
1018	1076	152	3	0.70992206	3.86834939
1018	1076	152	4	0.13919373	0.49496283
1018	1076	152	5	0.10791396	0.43949097
1018	1076	152	6	0.19591134	2.10476163
1018	1076	152	7	1.51720976	8.92055369
1018	1076	152	8	1.18139387	4.45341760
1018	1076	152	9	0.58276536	7.24540435
1018	1076	152	10	0.10869507	1.53851394
1018	1076	152	11	0.85248102	3.53501079
1018	1076	152	12	0.13817889	0.96955785
1018	1076	152	13	1.35808634	9.97494308
1018	1076	152	14	1.07486374	4.35584103
1018	1076	152	15	0.11703848	1.39682693
1018	1076	152	16	1.12950375	4.38373648
1018	1076	152	17	0.12986994	0.48879012
1018	1076	152	18	0.16253488	3.04526253
1018	1076	152	19	0.62274794	3.49136946
1018	1076	153	0	1.65086214	6.10393733
1018	1076	153	1	0.60685637	2.34076457
1018	1076	153	2	0.61764807	4.50340854
1018	1076	153	3	0.70994543	3.86851975
1018	1076	153	4	0.13918349	0.49493266
1018	1076	153	5	0.10791818	0.43950649
1018	1076	153	6	0.19589656	2.10479410
1018	1076	153	7	1.51724933	8.92060744
1018	1076	153	8	1.18144724	4.45352522
1018	1076	153	9	0.58276271	7.24545305
1018	1076	153	10	0.10869834	1.53845069
1018	1076	153	11	0.85252477	3.53511404
1018	1076	153	12	0.13816863	0.96955819
1018	1076	153	13	1.35807964	9.97487216
1018	1076	153	14	1.07484950	4.35578746
1018	1076	153	15	0.11704264	1.39682993
1018	1076	153	16	1.12949725	4.38371222
1018	1076	153	17	0.12987479	0.48880726
1018	1076	153	18	0.16254141	3.04509620
1018	1076	153	19	0.62274140	3.49134663
1018	1076	154	0	1.65084219	6.10382640
1018	1076	154	1	0.60684765	2.34073281
1018	1076	154	2	0.61765481	4.50337306
1018	1076	154	3	0.70996573	3.86868223
1018	1076	154	4	0.13917344	0.49490073
1018	1076	154	5	0.10792222	0.43952242
1018	1076	154	6	0.19588178	2.10480877
1018	1076	154	7	1.51728943	8.92069162
1018	1076	154	8	1.18150242	4.45365766
1018	1076	154	9	0.58275968	7.24549519
1018	1076	154	10	0.10870174	1.53839518
1018	1076	154	11	0.85256912	3.53523615
1018	1076	154	12	0.13815819	0.96954822
1018	1076	154	13	1.35807405	9.97480419
1018	1076	154	14	1.07483595	4.35573287
1018	1076	154	15	0.11704658	1.39683684
1018	1076	154	16	1.12949109	4.38368770
1018	1076	154	17	0.12987943	0.48882471
1018	1076	154	18	0.16254775	3.04494529
1018	1076	154	19	0.62273508	3.49132133
1018	1076	155	0	1.65082540	6.10372551
1018	1076	155	1	0.60683936	2.34070056
1018	1076	155	2	0.61766223	4.50334919
1018	1076	155	3	0.70998299	3.86883519
1018	1076	155	4	0.13916372	0.49486774
1018	1076	155	5	0.10792603	0.43953848
1018	1076	155	6	0.19586724	2.10480730
1018	1076	155	7	1.51732938	8.92080158
1018	1076	155	8	1.18155837	4.45381015
1018	1076	155	9	0.58275635	7.24553091
1018	1076	155	10	0.10870520	1.53834700
1018	1076	155	11	0.85261331	3.53537315
1018	1076	155	12	0.13814774	0.96952923
1018	1076	155	13	1.35806954	9.97473988
1018	1076	155	14	1.07482324	4.35567821
1018	1076	155	15	0.11705028	1.39684712
1018	1076	155	16	1.12948533	4.38366334
1018	1076	155	17	0.12988380	0.48884216
1018	1076	155	18	0.16255384	3.04480879
1018	1076	155	19	0.62272905	3.49129422
1018	1076	156	0	1.65081167	6.10363512
1018	1076	156	1	0.60683157	2.34066838
1018	1076	156	2	0.61767013	4.50333600
1018	1076	156	3	0.70999728	3.86897735
1018	1076	156	4	0.13915443	0.49483430
1018	1076	156	5	0.10792958	0.43955441
1018	1076	156	6	0.19585313	2.10479142
1018	1076	156	7	1.51736860	8.92093280
1018	1076	156	8	1.18161415	4.45397814
1018	1076	156	9	0.58275282	7.24556042
1018	1076	156	10	0.10870865	1.53830568
1018	1076	156	11	0.85265669	3.53552131
1018	1076	156	12	0.13813746	0.96950250
1018	1076	156	13	1.35806606	9.97467982
1018	1076	156	14	1.07481146	4.35562432
1018	1076	156	15	0.11705369	1.39686022
1018	1076	156	16	1.12948000	4.38363949
1018	1076	156	17	0.12988787	0.48885935
1018	1076	156	18	0.16255959	3.04468566
1018	1076	156	19	0.62272338	3.49126592
1018	1076	157	0	1.65080088	6.10355545
1018	1076	157	1	0.60682434	2.34063675
1018	1076	157	2	0.61767835	4.50333253
1018	1076	157	3	0.71000870	3.86910771
1018	1076	157	4	0.13914567	0.49480098
1018	1076	157	5	0.10793283	0.43956997
1018	1076	157	6	0.19583963	2.10476291
1018	1076	157	7	1.51740655	8.92108092
1018	1076	157	8	1.18166892	4.45415735
1018	1076	157	9	0.58274914	7.24558403
1018	1076	157	10	0.10871204	1.53827073
1018	1076	157	11	0.85269867	3.53567712
1018	1076	157	12	0.13812747	0.96946929
1018	1076	157	13	1.35806356	9.97462446
1018	1076	157	14	1.07480068	4.35557194
1018	1076	157	15	0.11705680	1.39687565
1018	1076	157	16	1.12947516	4.38361647
1018	1076	157	17	0.12989160	0.48887603
1018	1076	157	18	0.16256497	3.04457486
1018	1076	157	19	0.62271811	3.49123699
1018	1076	158	0	1.65079288	6.10348655
1018	1076	158	1	0.60681773	2.34060610
1018	1076	158	2	0.61768673	4.50333776
1018	1076	158	3	0.71001740	3.86922558
1018	1076	158	4	0.13913752	0.49476827
1018	1076	158	5	0.10793579	0.43958497
1018	1076	158	6	0.19582687	2.10472355
1018	1076	158	7	1.51744280	8.92124179
1018	1076	158	8	1.18172194	4.45434379
1018	1076	158	9	0.58274541	7.24560207
1018	1076	158	10	0.10871534	1.53824164
1018	1076	158	11	0.85273878	3.53583735
1018	1076	158	12	0.13811790	0.96943083
1018	1076	158	13	1.35806196	9.97457414
1018	1076	158	14	1.07479098	4.35552172
1018	1076	158	15	0.11705959	1.39689289
1018	1076	158	16	1.12947080	4.38359453
1018	1076	158	17	0.12989497	0.48889201
1018	1076	158	18	0.16256993	3.04447537
1018	1076	158	19	0.62271327	3.49120796
1018	1076	159	0	1.65078747	6.10342827
1018	1076	159	1	0.60681177	2.34057678
1018	1076	159	2	0.61769511	4.50335065
1018	1076	159	3	0.71002354	3.86933052
1018	1076	159	4	0.13913003	0.49473661
1018	1076	159	5	0.10793842	0.43959924
1018	1076	159	6	0.19581496	2.10467510
1018	1076	159	7	1.51747697	8.92141155
1018	1076	159	8	1.18177260	4.45453380
1018	1076	159	9	0.58274168	7.24561492
1018	1076	159	10	0.10871849	1.53821791
1018	1076	159	11	0.85277660	3.53599905
1018	1076	159	12	0.13810886	0.96938829
1018	1076	159	13	1.35806118	9.97452906
1018	1076	159	14	1.07478236	4.35547419
1018	1076	159	15	0.11706206	1.39691147
1018	1076	159	16	1.12946696	4.38357389
1018	1076	159	17	0.12989798	0.48890713
1018	1076	159	18	0.16257445	3.04438615
1018	1076	159	19	0.62270890	3.49117926
1018	1076	160	0	1.65078446	6.10338035
1018	1076	160	1	0.60680649	2.34054911
1018	1076	160	2	0.61770337	4.50337015
1018	1076	160	3	0.71002731	3.86942235
1018	1076	160	4	0.13912326	0.49470637
1018	1076	160	5	0.10794073	0.43961264
1018	1076	160	6	0.19580400	2.10461924
1018	1076	160	7	1.51750878	8.92158662
1018	1076	160	8	1.18182039	4.45472407
1018	1076	160	9	0.58273801	7.24562301
1018	1076	160	10	0.10872147	1.53819901
1018	1076	160	11	0.85281180	3.53615958
1018	1076	160	12	0.13810042	0.96934276
1018	1076	160	13	1.35806116	9.97448935
1018	1076	160	14	1.07477486	4.35542977
1018	1076	160	15	0.11706420	1.39693097
1018	1076	160	16	1.12946363	4.38355472
1018	1076	160	17	0.12990062	0.48892124
1018	1076	160	18	0.16257849	3.04430621
1018	1076	160	19	0.62270501	3.49115131
1018	1076	161	0	1.65078362	6.10334238
1018	1076	161	1	0.60680187	2.34052332
1018	1076	161	2	0.61771140	4.50339524
1018	1076	161	3	0.71002892	3.86950110
1018	1076	161	4	0.13911721	0.49467786
1018	1076	161	5	0.10794272	0.43962506
1018	1076	161	6	0.19579405	2.10455763
1018	1076	161	7	1.51753799	8.92176372
1018	1076	161	8	1.18186488	4.45491165
1018	1076	161	9	0.58273444	7.24562677
1018	1076	161	10	0.10872424	1.53818442
1018	1076	161	11	0.85284414	3.53631661
1018	1076	161	12	0.13809264	0.96929528
1018	1076	161	13	1.35806180	9.97445502
1018	1076	161	14	1.07476845	4.35538881
1018	1076	161	15	0.11706601	1.39695097
1018	1076	161	16	1.12946080	4.38353716
1018	1076	161	17	0.12990289	0.48893424
1018	1076	161	18	0.16258205	3.04423459
1018	1076	161	19	0.62270160	3.49112446
1018	1076	162	0	1.65078473	6.10331384
1018	1076	162	1	0.60679793	2.34049961
1018	1076	162	2	0.61771910	4.50342491
1018	1076	162	3	0.71002858	3.86956701
1018	1076	162	4	0.13911191	0.49465133
1018	1076	162	5	0.10794439	0.43963642
1018	1076	162	6	0.19578515	2.10449179
1018	1076	162	7	1.51756444	8.92193990
1018	1076	162	8	1.18190575	4.45509397
1018	1076	162	9	0.58273103	7.24562667
1018	1076	162	10	0.10872680	1.53817364
1018	1076	162	11	0.85287342	3.53646811
1018	1076	162	12	0.13808557	0.96924679
1018	1076	162	13	1.35806302	9.97442600
1018	1076	162	14	1.07476313	4.35535155
1018	1076	162	15	0.11706751	1.39697111
1018	1076	162	16	1.12945847	4.38352130
1018	1076	162	17	0.12990479	0.48894605
1018	1076	162	18	0.16258514	3.04417036
1018	1076	162	19	0.62269868	3.49109899
1018	1076	163	0	1.65078756	6.10329414
1018	1076	163	1	0.60679465	2.34047810
1018	1076	163	2	0.61772638	4.50345821
1018	1076	163	3	0.71002650	3.86962048
1018	1076	163	4	0.13910735	0.49462695
1018	1076	163	5	0.10794575	0.43964666
1018	1076	163	6	0.19577731	2.10442318
1018	1076	163	7	1.51758804	8.92211258
1018	1076	163	8	1.18194278	4.45526880
1018	1076	163	9	0.58272780	7.24562316
1018	1076	163	10	0.10872912	1.53816618
1018	1076	163	11	0.85289955	3.53661236
1018	1076	163	12	0.13807924	0.96919814
1018	1076	163	13	1.35806474	9.97440216
1018	1076	163	14	1.07475884	4.35531816
1018	1076	163	15	0.11706871	1.39699106
1018	1076	163	16	1.12945661	4.38350719
1018	1076	163	17	0.12990633	0.48895662
1018	1076	163	18	0.16258775	3.04411264
1018	1076	163	19	0.62269624	3.49107514
1018	1076	164	0	1.65079188	6.10328259
1018	1076	164	1	0.60679201	2.34045889
1018	1076	164	2	0.61773318	4.50349422
1018	1076	164	3	0.71002292	3.86966207
1018	1076	164	4	0.13910353	0.49460488
1018	1076	164	5	0.10794682	0.43965575
1018	1076	164	6	0.19577056	2.10435313
1018	1076	164	7	1.51760872	8.92227948
1018	1076	164	8	1.18197583	4.45543429
1018	1076	164	9	0.58272479	7.24561671
1018	1076	164	10	0.10873120	1.53816156
1018	1076	164	11	0.85292246	3.53674796
1018	1076	164	12	0.13807367	0.96915010
1018	1076	164	13	1.35806688	9.97438329
1018	1076	164	14	1.07475555	4.35528872
1018	1076	164	15	0.11706961	1.39701054
1018	1076	164	16	1.12945521	4.38349486
1018	1076	164	17	0.12990754	0.48896593
1018	1076	164	18	0.16258989	3.04406061
1018	1076	164	19	0.62269426	3.49105311
1018	1076	165	0	1.65079745	6.10327848
1018	1076	165	1	0.60678997	2.34044202
1018	1076	165	2	0.61773945	4.50353210
1018	1076	165	3	0.71001804	3.86969244
1018	1076	165	4	0.13910041	0.49458518
1018	1076	165	5	0.10794760	0.43966367
1018	1076	165	6	0.19576485	2.10428283
1018	1076	165	7	1.51762651	8.92243869
1018	1076	165	8	1.18200482	4.45558893
1018	1076	165	9	0.58272202	7.24560777
1018	1076	165	10	0.10873303	1.53815935
1018	1076	165	11	0.85294216	3.53687377
1018	1076	165	12	0.13806886	0.96910333
1018	1076	165	13	1.35806937	9.97436913
1018	1076	165	14	1.07475318	4.35526326
1018	1076	165	15	0.11707025	1.39702929
1018	1076	165	16	1.12945422	4.38348430
1018	1076	165	17	0.12990842	0.48897397
1018	1076	165	18	0.16259159	3.04401351
1018	1076	165	19	0.62269272	3.49103302
1018	1076	166	0	1.65080405	6.10328106
1018	1076	166	1	0.60678850	2.34042748
1018	1076	166	2	0.61774515	4.50357105
1018	1076	166	3	0.71001210	3.86971236
1018	1076	166	4	0.13909797	0.49456792
1018	1076	166	5	0.10794813	0.43967043
1018	1076	166	6	0.19576018	2.10421338
1018	1076	166	7	1.51764144	8.92258860
1018	1076	166	8	1.18202976	4.45573154
1018	1076	166	9	0.58271951	7.24559677
1018	1076	166	10	0.10873460	1.53815913
1018	1076	166	11	0.85295870	3.53698895
1018	1076	166	12	0.13806480	0.96905842
1018	1076	166	13	1.35807211	9.97435937
1018	1076	166	14	1.07475169	4.35524171
1018	1076	166	15	0.11707063	1.39704711
1018	1076	166	16	1.12945363	4.38347548
1018	1076	166	17	0.12990901	0.48898076
1018	1076	166	18	0.16259287	3.04397062
1018	1076	166	19	0.62269159	3.49101497
1018	1076	167	0	1.65081146	6.10328953
1018	1076	167	1	0.60678757	2.34041525
1018	1076	167	2	0.61775026	4.50361037
1018	1076	167	3	0.71000530	3.86972269
1018	1076	167	4	0.13909618	0.49455307
1018	1076	167	5	0.10794842	0.43967606
1018	1076	167	6	0.19575650	2.10414572
1018	1076	167	7	1.51765360	8.92272795
1018	1076	167	8	1.18205071	4.45586126
1018	1076	167	9	0.58271725	7.24558415
1018	1076	167	10	0.10873593	1.53816049
1018	1076	167	11	0.85297218	3.53709290
1018	1076	167	12	0.13806146	0.96901584
1018	1076	167	13	1.35807505	9.97435369
1018	1076	167	14	1.07475099	4.35522399
1018	1076	167	15	0.11707079	1.39706382
1018	1076	167	16	1.12945340	4.38346834
1018	1076	167	17	0.12990932	0.48898633
1018	1076	167	18	0.16259375	3.04393131
1018	1076	167	19	0.62269085	3.49099902
1018	1076	168	0	1.65081949	6.10330313
1018	1076	168	1	0.60678712	2.34040525
1018	1076	168	2	0.61775476	4.50364940
1018	1076	168	3	0.70999784	3.86972433
1018	1076	168	4	0.13909498	0.49454060
1018	1076	168	5	0.10794848	0.43968060
1018	1076	168	6	0.19575375	2.10408066
1018	1076	168	7	1.51766312	8.92285577
1018	1076	168	8	1.18206779	4.45597753
1018	1076	168	9	0.58271527	7.24557028
1018	1076	168	10	0.10873702	1.53816309
1018	1076	168	11	0.85298273	3.53718526
1018	1076	168	12	0.13805882	0.96897600
1018	1076	168	13	1.35807811	9.97435172
1018	1076	168	14	1.07475100	4.35520994
1018	1076	168	15	0.11707074	1.39707928
1018	1076	168	16	1.12945349	4.38346281
1018	1076	168	17	0.12990938	0.48899074
1018	1076	168	18	0.16259427	3.04389498
1018	1076	168	19	0.62269047	3.49098518
1018	1076	169	0	1.65082794	6.10332108
1018	1076	169	1	0.60678711	2.34039740
1018	1076	169	2	0.61775866	4.50368757
1018	1076	169	3	0.70998990	3.86971819
1018	1076	169	4	0.13909433	0.49453044
1018	1076	169	5	0.10794836	0.43968409
1018	1076	169	6	0.19575187	2.10401892
1018	1076	169	7	1.51767012	8.92297135
1018	1076	169	8	1.18208117	4.45608003
1018	1076	169	9	0.58271356	7.24555555
1018	1076	169	10	0.10873787	1.53816659
1018	1076	169	11	0.85299050	3.53726589
1018	1076	169	12	0.13805685	0.96893919
1018	1076	169	13	1.35808124	9.97435309
1018	1076	169	14	1.07475165	4.35519937
1018	1076	169	15	0.11707050	1.39709339
1018	1076	169	16	1.12945386	4.38345879
1018	1076	169	17	0.12990922	0.48899403
1018	1076	169	18	0.16259446	3.04386111
1018	1076	169	19	0.62269041	3.49097342
1018	1076	170	0	1.65083664	6.10334262
1018	1076	170	1	0.60678750	2.34039158
1018	1076	170	2	0.61776195	4.50372441
1018	1076	170	3	0.70998166	3.86970525
1018	1076	170	4	0.13909419	0.49452250
1018	1076	170	5	0.10794806	0.43968659
1018	1076	170	6	0.19575080	2.10396104
1018	1076	170	7	1.51767480	8.92307429
1018	1076	170	8	1.18209105	4.45616873
1018	1076	170	9	0.58271212	7.24554030
1018	1076	170	10	0.10873851	1.53817070
1018	1076	170	11	0.85299569	3.53733486
1018	1076	170	12	0.13805550	0.96890566
1018	1076	170	13	1.35808438	9.97435739
1018	1076	170	14	1.07475286	4.35519206
1018	1076	170	15	0.11707011	1.39710609
1018	1076	170	16	1.12945448	4.38345618
1018	1076	170	17	0.12990887	0.48899629
1018	1076	170	18	0.16259435	3.04382923
1018	1076	170	19	0.62269064	3.49096370
1018	1076	171	0	1.65084542	6.10336703
1018	1076	171	1	0.60678822	2.34038765
1018	1076	171	2	0.61776466	4.50375949
1018	1076	171	3	0.70997328	3.86968644
1018	1076	171	4	0.13909449	0.49451664
1018	1076	171	5	0.10794762	0.43968819
1018	1076	171	6	0.19575046	2.10390748
1018	1076	171	7	1.51767732	8.92316439
1018	1076	171	8	1.18209766	4.45624377
1018	1076	171	9	0.58271094	7.24552483
1018	1076	171	10	0.10873895	1.53817515
1018	1076	171	11	0.85299850	3.53739239
1018	1076	171	12	0.13805471	0.96887555
1018	1076	171	13	1.35808748	9.97436425
1018	1076	171	14	1.07475455	4.35518776
1018	1076	171	15	0.11706958	1.39711733
1018	1076	171	16	1.12945531	4.38345486
1018	1076	171	17	0.12990834	0.48899760
1018	1076	171	18	0.16259397	3.04379895
1018	1076	171	19	0.62269112	3.49095595
1018	1076	172	0	1.65085414	6.10339362
1018	1076	172	1	0.60678924	2.34038546
1018	1076	172	2	0.61776680	4.50379246
1018	1076	172	3	0.70996490	3.86966270
1018	1076	172	4	0.13909518	0.49451273
1018	1076	172	5	0.10794705	0.43968894
1018	1076	172	6	0.19575078	2.10385856
1018	1076	172	7	1.51767789	8.92324169
1018	1076	172	8	1.18210126	4.45630552
1018	1076	172	9	0.58271000	7.24550942
1018	1076	172	10	0.10873919	1.53817973
1018	1076	172	11	0.85299915	3.53743885
1018	1076	172	12	0.13805445	0.96884895
1018	1076	172	13	1.35809050	9.97437327
1018	1076	172	14	1.07475664	4.35518621
1018	1076	172	15	0.11706894	1.39712711
1018	1076	172	16	1.12945632	4.38345472
1018	1076	172	17	0.12990768	0.48899803
1018	1076	172	18	0.16259336	3.04376990
1018	1076	172	19	0.62269182	3.49095006
1018	1076	173	0	1.65086267	6.10342174
1018	1076	173	1	0.60679051	2.34038486
1018	1076	173	2	0.61776841	4.50382305
1018	1076	173	3	0.70995666	3.86963494
1018	1076	173	4	0.13909622	0.49451061
1018	1076	173	5	0.10794637	0.43968895
1018	1076	173	6	0.19575168	2.10381452
1018	1076	173	7	1.51767672	8.92330642
1018	1076	173	8	1.18210212	4.45635449
1018	1076	173	9	0.58270931	7.24549431
1018	1076	173	10	0.10873927	1.53818423
1018	1076	173	11	0.85299786	3.53747476
1018	1076	173	12	0.13805466	0.96882588
1018	1076	173	13	1.35809339	9.97438409
1018	1076	173	14	1.07475904	4.35518713
1018	1076	173	15	0.11706821	1.39713542
1018	1076	173	16	1.12945746	4.38345561
1018	1076	173	17	0.12990689	0.48899768
1018	1076	173	18	0.16259256	3.04374180
1018	1076	173	19	0.62269270	3.49094592
1018	1076	174	0	1.65087091	6.10345078
1018	1076	174	1	0.60679197	2.34038569
1018	1076	174	2	0.61776952	4.50385106
1018	1076	174	3	0.70994866	3.86960403
1018	1076	174	4	0.13909753	0.49451012
1018	1076	174	5	0.10794562	0.43968827
1018	1076	174	6	0.19575309	2.10377548
1018	1076	174	7	1.51767401	8.92335897
1018	1076	174	8	1.18210055	4.45639133
1018	1076	174	9	0.58270883	7.24547973
1018	1076	174	10	0.10873919	1.53818849
1018	1076	174	11	0.85299488	3.53750072
1018	1076	174	12	0.13805527	0.96880631
1018	1076	174	13	1.35809614	9.97439632
1018	1076	174	14	1.07476170	4.35519023
1018	1076	174	15	0.11706741	1.39714230
1018	1076	174	16	1.12945872	4.38345743
1018	1076	174	17	0.12990602	0.48899664
1018	1076	174	18	0.16259160	3.04371440
1018	1076	174	19	0.62269374	3.49094340
1018	1076	175	0	1.65087875	6.10348021
1018	1076	175	1	0.60679359	2.34038776
1018	1076	175	2	0.61777017	4.50387633
1018	1076	175	3	0.70994100	3.86957079
1018	1076	175	4	0.13909909	0.49451109
1018	1076	175	5	0.10794481	0.43968701
1018	1076	175	6	0.19575492	2.10374148
1018	1076	175	7	1.51766998	8.92339987
1018	1076	175	8	1.18209682	4.45641683
1018	1076	175	9	0.58270856	7.24546584
1018	1076	175	10	0.10873898	1.53819236
1018	1076	175	11	0.85299043	3.53751745
1018	1076	175	12	0.13805625	0.96879014
1018	1076	175	13	1.35809871	9.97440964
1018	1076	175	14	1.07476454	4.35519523
1018	1076	175	15	0.11706656	1.39714781
1018	1076	175	16	1.12946005	4.38346003
1018	1076	175	17	0.12990508	0.48899501
1018	1076	175	18	0.16259051	3.04368751
1018	1076	175	19	0.62269488	3.49094236
1018	1076	176	0	1.65088613	6.10350952
1018	1076	176	1	0.60679533	2.34039091
1018	1076	176	2	0.61777040	4.50389879
1018	1076	176	3	0.70993375	3.86953599
1018	1076	176	4	0.13910082	0.49451334
1018	1076	176	5	0.10794395	0.43968525
1018	1076	176	6	0.19575710	2.10371247
1018	1076	176	7	1.51766483	8.92342978
1018	1076	176	8	1.18209124	4.45643184
1018	1076	176	9	0.58270847	7.24545279
1018	1076	176	10	0.10873865	1.53819575
1018	1076	176	11	0.85298474	3.53752569
1018	1076	176	12	0.13805753	0.96877725
1018	1076	176	13	1.35810108	9.97442372
1018	1076	176	14	1.07476750	4.35520183
1018	1076	176	15	0.11706568	1.39715201
1018	1076	176	16	1.12946142	4.38346328
1018	1076	176	17	0.12990409	0.48899286
1018	1076	176	18	0.16258932	3.04366096
1018	1076	176	19	0.62269612	3.49094265
1018	1076	177	0	1.65089298	6.10353828
1018	1076	177	1	0.60679713	2.34039498
1018	1076	177	2	0.61777025	4.50391840
1018	1076	177	3	0.70992700	3.86950033
1018	1076	177	4	0.13910270	0.49451669
1018	1076	177	5	0.10794307	0.43968306
1018	1076	177	6	0.19575956	2.10368834
1018	1076	177	7	1.51765877	8.92344946
1018	1076	177	8	1.18208410	4.45643729
1018	1076	177	9	0.58270855	7.24544071
1018	1076	177	10	0.10873822	1.53819857
1018	1076	177	11	0.85297805	3.53752625
1018	1076	177	12	0.13805906	0.96876748
1018	1076	177	13	1.35810325	9.97443825
1018	1076	177	14	1.07477052	4.35520976
1018	1076	177	15	0.11706479	1.39715498
1018	1076	177	16	1.12946282	4.38346708
1018	1076	177	17	0.12990308	0.48899030
1018	1076	177	18	0.16258806	3.04363464
1018	1076	177	19	0.62269741	3.49094413
1018	1076	178	0	1.65089925	6.10356612
1018	1076	178	1	0.60679897	2.34039980
1018	1076	178	2	0.61776977	4.50393517
1018	1076	178	3	0.70992077	3.86946446
1018	1076	178	4	0.13910467	0.49452098
1018	1076	178	5	0.10794219	0.43968054
1018	1076	178	6	0.19576223	2.10366891
1018	1076	178	7	1.51765199	8.92345973
1018	1076	178	8	1.18207567	4.45643414
1018	1076	178	9	0.58270878	7.24542968
1018	1076	178	10	0.10873770	1.53820076
1018	1076	178	11	0.85297055	3.53751998
1018	1076	178	12	0.13806079	0.96876063
1018	1076	178	13	1.35810519	9.97445297
1018	1076	178	14	1.07477354	4.35521875
1018	1076	178	15	0.11706390	1.39715680
1018	1076	178	16	1.12946422	4.38347129
1018	1076	178	17	0.12990206	0.48898741
1018	1076	178	18	0.16258677	3.04360847
1018	1076	178	19	0.62269873	3.49094663
1018	1076	179	0	1.65090491	6.10359269
1018	1076	179	1	0.60680082	2.34040522
1018	1076	179	2	0.61776900	4.50394916
1018	1076	179	3	0.70991512	3.86942894
1018	1076	179	4	0.13910669	0.49452603
1018	1076	179	5	0.10794131	0.43967774
1018	1076	179	6	0.19576504	2.10365396
1018	1076	179	7	1.51764467	8.92346148
1018	1076	179	8	1.18206622	4.45642340
1018	1076	179	9	0.58270913	7.24541977
1018	1076	179	10	0.10873713	1.53820229
1018	1076	179	11	0.85296246	3.53750773
1018	1076	179	12	0.13806267	0.96875648
1018	1076	179	13	1.35810690	9.97446762
1018	1076	179	14	1.07477653	4.35522855
1018	1076	179	15	0.11706302	1.39715758
1018	1076	179	16	1.12946559	4.38347582
1018	1076	179	17	0.12990105	0.48898426
1018	1076	179	18	0.16258545	3.04358240
1018	1076	179	19	0.62270006	3.49095002
1018	1076	180	0	1.65090995	6.10361774
1018	1076	180	1	0.60680265	2.34041107
1018	1076	180	2	0.61776798	4.50396046
1018	1076	180	3	0.70991007	3.86939430
1018	1076	180	4	0.13910873	0.49453168
1018	1076	180	5	0.10794045	0.43967476
1018	1076	180	6	0.19576794	2.10364322
1018	1076	180	7	1.51763699	8.92345561
1018	1076	180	8	1.18205602	4.45640607
1018	1076	180	9	0.58270960	7.24541100
1018	1076	180	10	0.10873650	1.53820313
1018	1076	180	11	0.85295396	3.53749034
1018	1076	180	12	0.13806465	0.96875481
1018	1076	180	13	1.35810839	9.97448200
1018	1076	180	14	1.07477943	4.35523892
1018	1076	180	15	0.11706217	1.39715742
1018	1076	180	16	1.12946691	4.38348055
1018	1076	180	17	0.12990006	0.48898094
1018	1076	180	18	0.16258414	3.04355641
1018	1076	180	19	0.62270138	3.49095412
1018	1076	181	0	1.65091435	6.10364105
1018	1076	181	1	0.60680443	2.34041724
1018	1076	181	2	0.61776676	4.50396919
1018	1076	181	3	0.70990562	3.86936095
1018	1076	181	4	0.13911075	0.49453778
1018	1076	181	5	0.10793962	0.43967165
1018	1076	181	6	0.19577088	2.10363638
1018	1076	181	7	1.51762910	8.92344305
1018	1076	181	8	1.18204531	4.45638313
1018	1076	181	9	0.58271015	7.24540341
1018	1076	181	10	0.10873584	1.53820328
1018	1076	181	11	0.85294523	3.53746865
1018	1076	181	12	0.13806670	0.96875536
1018	1076	181	13	1.35810965	9.97449590
1018	1076	181	14	1.07478222	4.35524963
1018	1076	181	15	0.11706135	1.39715642
1018	1076	181	16	1.12946818	4.38348539
1018	1076	181	17	0.12989911	0.48897751
1018	1076	181	18	0.16258286	3.04353049
1018	1076	181	19	0.62270267	3.49095882
1018	1076	182	0	1.65091811	6.10366245
1018	1076	182	1	0.60680613	2.34042358
1018	1076	182	2	0.61776538	4.50397550
1018	1076	182	3	0.70990178	3.86932927
1018	1076	182	4	0.13911272	0.49454418
1018	1076	182	5	0.10793883	0.43966847
1018	1076	182	6	0.19577380	2.10363311
1018	1076	182	7	1.51762115	8.92342474
1018	1076	182	8	1.18203430	4.45635557
1018	1076	182	9	0.58271077	7.24539697
1018	1076	182	10	0.10873517	1.53820277
1018	1076	182	11	0.85293643	3.53744345
1018	1076	182	12	0.13806877	0.96875788
1018	1076	182	13	1.35811069	9.97450918
1018	1076	182	14	1.07478486	4.35526048
1018	1076	182	15	0.11706059	1.39715469
1018	1076	182	16	1.12946938	4.38349025
1018	1076	182	17	0.12989820	0.48897405
1018	1076	182	18	0.16258161	3.04350468
1018	1076	182	19	0.62270391	3.49096396
1018	1076	183	0	1.65092125	6.10368183
1018	1076	183	1	0.60680775	2.34042999
1018	1076	183	2	0.61776387	4.50397957
1018	1076	183	3	0.70989854	3.86929957
1018	1076	183	4	0.13911463	0.49455076
1018	1076	183	5	0.10793809	0.43966529
1018	1076	183	6	0.19577665	2.10363306
1018	1076	183	7	1.51761326	8.92340159
1018	1076	183	8	1.18202320	4.45632431
1018	1076	183	9	0.58271144	7.24539168
1018	1076	183	10	0.10873448	1.53820161
1018	1076	183	11	0.85292771	3.53741554
1018	1076	183	12	0.13807084	0.96876211
1018	1076	183	13	1.35811152	9.97452169
1018	1076	183	14	1.07478732	4.35527129
1018	1076	183	15	0.11705987	1.39715234
1018	1076	183	16	1.12947050	4.38349506
1018	1076	183	17	0.12989735	0.48897060
1018	1076	183	18	0.16258042	3.04347900
1018	1076	183	19	0.62270508	3.49096942
1018	1076	184	0	1.65092379	6.10369911
1018	1076	184	1	0.60680926	2.34043635
1018	1076	184	2	0.61776228	4.50398157
1018	1076	184	3	0.70989588	3.86927207
1018	1076	184	4	0.13911644	0.49455739
1018	1076	184	5	0.10793741	0.43966215
1018	1076	184	6	0.19577942	2.10363588
1018	1076	184	7	1.51760556	8.92337450
1018	1076	184	8	1.18201218	4.45629023
1018	1076	184	9	0.58271215	7.24538748
1018	1076	184	10	0.10873380	1.53819985
1018	1076	184	11	0.85291918	3.53738563
1018	1076	184	12	0.13807286	0.96876780
1018	1076	184	13	1.35811215	9.97453332
1018	1076	184	14	1.07478960	4.35528191
1018	1076	184	15	0.11705921	1.39714947
1018	1076	184	16	1.12947153	4.38349974
1018	1076	184	17	0.12989657	0.48896721
1018	1076	184	18	0.16257930	3.04345350
1018	1076	184	19	0.62270618	3.49097509
1018	1076	185	0	1.65092576	6.10371425
1018	1076	185	1	0.60681066	2.34044257
1018	1076	185	2	0.61776064	4.50398171
1018	1076	185	3	0.70989379	3.86924696
1018	1076	185	4	0.13911814	0.49456397
1018	1076	185	5	0.10793678	0.43965909
1018	1076	185	6	0.19578205	2.10364119
1018	1076	185	7	1.51759813	8.92334430
1018	1076	185	8	1.18200142	4.45625418
1018	1076	185	9	0.58271289	7.24538433
1018	1076	185	10	0.10873313	1.53819753
1018	1076	185	11	0.85291096	3.53735440
1018	1076	185	12	0.13807482	0.96877471
1018	1076	185	13	1.35811259	9.97454400
1018	1076	185	14	1.07479167	4.35529218
1018	1076	185	15	0.11705861	1.39714618
1018	1076	185	16	1.12947246	4.38350425
1018	1076	185	17	0.12989585	0.48896394
1018	1076	185	18	0.16257826	3.04342825
1018	1076	185	19	0.62270720	3.49098084
1018	1076	186	0	1.65092718	6.10372727
1018	1076	186	1	0.60681193	2.34044858
1018	1076	186	2	0.61775897	4.50398018
1018	1076	186	3	0.70989222	3.86922437
1018	1076	186	4	0.13911972	0.49457039
1018	1076	186	5	0.10793621	0.43965616
1018	1076	186	6	0.19578453	2.10364865
1018	1076	186	7	1.51759106	8.92331181
1018	1076	186	8	1.18199103	4.45621693
1018	1076	186	9	0.58271363	7.24538217
1018	1076	186	10	0.10873248	1.53819471
1018	1076	186	11	0.85290313	3.53732248
1018	1076	186	12	0.13807668	0.96878259
1018	1076	186	13	1.35811286	9.97455367
1018	1076	186	14	1.07479353	4.35530199
1018	1076	186	15	0.11705808	1.39714256
1018	1076	186	16	1.12947329	4.38350853
1018	1076	186	17	0.12989520	0.48896082
1018	1076	186	18	0.16257730	3.04340330
1018	1076	186	19	0.62270813	3.49098659
1018	1076	187	0	1.65092811	6.10373819
1018	1076	187	1	0.60681307	2.34045430
1018	1076	187	2	0.61775732	4.50397720
1018	1076	187	3	0.70989115	3.86920435
1018	1076	187	4	0.13912116	0.49457659
1018	1076	187	5	0.10793571	0.43965338
1018	1076	187	6	0.19578684	2.10365790
1018	1076	187	7	1.51758442	8.92327778
1018	1076	187	8	1.18198115	4.45617917
1018	1076	187	9	0.58271437	7.24538093
1018	1076	187	10	0.10873187	1.53819144
1018	1076	187	11	0.85289579	3.53729044
1018	1076	187	12	0.13807844	0.96879121
1018	1076	187	13	1.35811297	9.97456228
1018	1076	187	14	1.07479517	4.35531123
1018	1076	187	15	0.11705761	1.39713872
1018	1076	187	16	1.12947402	4.38351254
1018	1076	187	17	0.12989463	0.48895788
1018	1076	187	18	0.16257644	3.04337873
1018	1076	187	19	0.62270897	3.49099225
1018	1076	188	0	1.65092857	6.10374708
1018	1076	188	1	0.60681408	2.34045967
1018	1076	188	2	0.61775569	4.50397297
1018	1076	188	3	0.70989054	3.86918694
1018	1076	188	4	0.13912246	0.49458249
1018	1076	188	5	0.10793527	0.43965078
1018	1076	188	6	0.19578895	2.10366858
1018	1076	188	7	1.51757827	8.92324290
1018	1076	188	8	1.18197187	4.45614155
1018	1076	188	9	0.58271509	7.24538052
1018	1076	188	10	0.10873129	1.53818778
1018	1076	188	11	0.85288898	3.53725877
1018	1076	188	12	0.13808008	0.96880036
1018	1076	188	13	1.35811293	9.97456983
1018	1076	188	14	1.07479660	4.35531984
1018	1076	188	15	0.11705721	1.39713473
1018	1076	188	16	1.12947465	4.38351624
1018	1076	188	17	0.12989412	0.48895515
1018	1076	188	18	0.16257566	3.04335461
1018	1076	188	19	0.62270971	3.49099773
1018	1076	189	0	1.65092861	6.10375402
1018	1076	189	1	0.60681495	2.34046467
1018	1076	189	2	0.61775412	4.50396769
1018	1076	189	3	0.70989034	3.86917211
1018	1076	189	4	0.13912361	0.49458802
1018	1076	189	5	0.10793490	0.43964838
1018	1076	189	6	0.19579086	2.10368039
1018	1076	189	7	1.51757264	8.92320779
1018	1076	189	8	1.18196326	4.45610462
1018	1076	189	9	0.58271579	7.24538087
1018	1076	189	10	0.10873075	1.53818381
1018	1076	189	11	0.85288275	3.53722793
1018	1076	189	12	0.13808158	0.96880984
1018	1076	189	13	1.35811276	9.97457631
1018	1076	189	14	1.07479780	4.35532774
1018	1076	189	15	0.11705687	1.39713067
1018	1076	189	16	1.12947518	4.38351962
1018	1076	189	17	0.12989370	0.48895264
1018	1076	189	18	0.16257499	3.04333100
1018	1076	189	19	0.62271036	3.49100298
1018	1076	190	0	1.65092828	6.10375913
1018	1076	190	1	0.60681569	2.34046924
1018	1076	190	2	0.61775261	4.50396156
1018	1076	190	3	0.70989052	3.86915980
1018	1076	190	4	0.13912462	0.49459316
1018	1076	190	5	0.10793459	0.43964619
1018	1076	190	6	0.19579256	2.10369301
1018	1076	190	7	1.51756757	8.92317303
1018	1076	190	8	1.18195538	4.45606888
1018	1076	190	9	0.58271646	7.24538189
1018	1076	190	10	0.10873026	1.53817958
1018	1076	190	11	0.85287713	3.53719829
1018	1076	190	12	0.13808293	0.96881947
1018	1076	190	13	1.35811249	9.97458175
1018	1076	190	14	1.07479879	4.35533490
1018	1076	190	15	0.11705659	1.39712661
1018	1076	190	16	1.12947562	4.38352266
1018	1076	190	17	0.12989334	0.48895037
1018	1076	190	18	0.16257440	3.04330797
1018	1076	190	19	0.62271091	3.49100794
1018	1076	191	0	1.65092762	6.10376253
1018	1076	191	1	0.60681630	2.34047337
1018	1076	191	2	0.61775120	4.50395477
1018	1076	191	3	0.70989103	3.86914993
1018	1076	191	4	0.13912548	0.49459785
1018	1076	191	5	0.10793433	0.43964423
1018	1076	191	6	0.19579405	2.10370615
1018	1076	191	7	1.51756306	8.92313911
1018	1076	191	8	1.18194828	4.45603474
1018	1076	191	9	0.58271708	7.24538350
1018	1076	191	10	0.10872981	1.53817515
1018	1076	191	11	0.85287214	3.53717019
1018	1076	191	12	0.13808414	0.96882908
1018	1076	191	13	1.35811212	9.97458617
1018	1076	191	14	1.07479958	4.35534128
1018	1076	191	15	0.11705637	1.39712261
1018	1076	191	16	1.12947596	4.38352535
1018	1076	191	17	0.12989306	0.48894835
1018	1076	191	18	0.16257391	3.04328560
1018	1076	191	19	0.62271137	3.49101256
1018	1076	192	0	1.65092668	6.10376435
1018	1076	192	1	0.60681679	2.34047703
1018	1076	192	2	0.61774988	4.50394750
1018	1076	192	3	0.70989182	3.86914238
1018	1076	192	4	0.13912619	0.49460209
1018	1076	192	5	0.10793414	0.43964250
1018	1076	192	6	0.19579533	2.10371956
1018	1076	192	7	1.51755914	8.92310645
1018	1076	192	8	1.18194197	4.45600256
1018	1076	192	9	0.58271767	7.24538560
1018	1076	192	10	0.10872941	1.53817059
1018	1076	192	11	0.85286779	3.53714387
1018	1076	192	12	0.13808520	0.96883854
1018	1076	192	13	1.35811167	9.97458962
1018	1076	192	14	1.07480018	4.35534688
1018	1076	192	15	0.11705621	1.39711873
1018	1076	192	16	1.12947621	4.38352769
1018	1076	192	17	0.12989284	0.48894658
1018	1076	192	18	0.16257352	3.04326392
1018	1076	192	19	0.62271173	3.49101681
1018	1076	193	0	1.65092551	6.10376474
1018	1076	193	1	0.60681716	2.34048024
1018	1076	193	2	0.61774867	4.50393990
1018	1076	193	3	0.70989286	3.86913701
1018	1076	193	4	0.13912677	0.49460585
1018	1076	193	5	0.10793400	0.43964100
1018	1076	193	6	0.19579639	2.10373300
1018	1076	193	7	1.51755578	8.92307543
1018	1076	193	8	1.18193647	4.45597260
1018	1076	193	9	0.58271820	7.24538812
1018	1076	193	10	0.10872907	1.53816596
1018	1076	193	11	0.85286408	3.53711955
1018	1076	193	12	0.13808611	0.96884770
1018	1076	193	13	1.35811116	9.97459215
1018	1076	193	14	1.07480059	4.35535169
1018	1076	193	15	0.11705610	1.39711501
1018	1076	193	16	1.12947638	4.38352968
1018	1076	193	17	0.12989268	0.48894506
1018	1076	193	18	0.16257321	3.04324301
1018	1076	193	19	0.62271201	3.49102068
1018	1076	194	0	1.65092415	6.10376386
1018	1076	194	1	0.60681741	2.34048298
1018	1076	194	2	0.61774757	4.50393214
1018	1076	194	3	0.70989410	3.86913366
1018	1076	194	4	0.13912721	0.49460912
1018	1076	194	5	0.10793391	0.43963972
1018	1076	194	6	0.19579726	2.10374625
1018	1076	194	7	1.51755299	8.92304632
1018	1076	194	8	1.18193176	4.45594509
1018	1076	194	9	0.58271868	7.24539097
1018	1076	194	10	0.10872877	1.53816131
1018	1076	194	11	0.85286099	3.53709738
1018	1076	194	12	0.13808687	0.96885647
1018	1076	194	13	1.35811061	9.97459383
1018	1076	194	14	1.07480084	4.35535573
1018	1076	194	15	0.11705603	1.39711149
1018	1076	194	16	1.12947648	4.38353132
1018	1076	194	17	0.12989258	0.48894379
1018	1076	194	18	0.16257298	3.04322291
1018	1076	194	19	0.62271221	3.49102413
1018	1076	195	0	1.65092264	6.10376185
1018	1076	195	1	0.60681757	2.34048527
1018	1076	195	2	0.61774660	4.50392435
1018	1076	195	3	0.70989549	3.86913216
1018	1076	195	4	0.13912753	0.49461192
1018	1076	195	5	0.10793387	0.43963868
1018	1076	195	6	0.19579793	2.10375914
1018	1076	195	7	1.51755074	8.92301938
1018	1076	195	8	1.18192785	4.45592017
1018	1076	195	9	0.58271911	7.24539407
1018	1076	195	10	0.10872852	1.53815669
1018	1076	195	11	0.85285850	3.53707747
1018	1076	195	12	0.13808749	0.96886475
1018	1076	195	13	1.35811001	9.97459473
1018	1076	195	14	1.07480093	4.35535902
1018	1076	195	15	0.11705602	1.39710820
1018	1076	195	16	1.12947650	4.38353264
1018	1076	195	17	0.12989254	0.48894276
1018	1076	195	18	0.16257282	3.04320365
1018	1076	195	19	0.62271233	3.49102716
1018	1076	196	0	1.65092101	6.10375887
1018	1076	196	1	0.60681763	2.34048712
1018	1076	196	2	0.61774574	4.50391664
1018	1076	196	3	0.70989700	3.86913233
1018	1076	196	4	0.13912773	0.49461425
1018	1076	196	5	0.10793387	0.43963784
1018	1076	196	6	0.19579842	2.10377150
1018	1076	196	7	1.51754901	8.92299477
1018	1076	196	8	1.18192469	4.45589794
1018	1076	196	9	0.58271949	7.24539735
1018	1076	196	10	0.10872832	1.53815215
1018	1076	196	11	0.85285658	3.53705986
1018	1076	196	12	0.13808797	0.96887246
1018	1076	196	13	1.35810940	9.97459491
1018	1076	196	14	1.07480089	4.35536159
1018	1076	196	15	0.11705604	1.39710517
1018	1076	196	16	1.12947647	4.38353364
1018	1076	196	17	0.12989254	0.48894196
1018	1076	196	18	0.16257274	3.04318527
1018	1076	196	19	0.62271239	3.49102978
1018	1076	197	0	1.65091932	6.10375507
1018	1076	197	1	0.60681761	2.34048855
1018	1076	197	2	0.61774501	4.50390914
1018	1076	197	3	0.70989860	3.86913398
1018	1076	197	4	0.13912783	0.49461613
1018	1076	197	5	0.10793390	0.43963721
1018	1076	197	6	0.19579874	2.10378320
1018	1076	197	7	1.51754777	8.92297261
1018	1076	197	8	1.18192225	4.45587846
1018	1076	197	9	0.58271981	7.24540075
1018	1076	197	10	0.10872816	1.53814772
1018	1076	197	11	0.85285520	3.53704458
1018	1076	197	12	0.13808832	0.96887956
1018	1076	197	13	1.35810878	9.97459445
1018	1076	197	14	1.07480072	4.35536348
1018	1076	197	15	0.11705609	1.39710242
1018	1076	197	16	1.12947638	4.38353435
1018	1076	197	17	0.12989258	0.48894137
1018	1076	197	18	0.16257272	3.04316778
1018	1076	197	19	0.62271238	3.49103199
1018	1076	198	0	1.65091759	6.10375061
1018	1076	198	1	0.60681751	2.34048959
1018	1076	198	2	0.61774439	4.50390194
1018	1076	198	3	0.70990024	3.86913693
1018	1076	198	4	0.13912783	0.49461758
1018	1076	198	5	0.10793397	0.43963677
1018	1076	198	6	0.19579891	2.10379413
1018	1076	198	7	1.51754698	8.92295298
1018	1076	198	8	1.18192050	4.45586170
1018	1076	198	9	0.58272008	7.24540419
1018	1076	198	10	0.10872805	1.53814346
1018	1076	198	11	0.85285432	3.53703161
1018	1076	198	12	0.13808856	0.96888600
1018	1076	198	13	1.35810816	9.97459343
1018	1076	198	14	1.07480045	4.35536474
1018	1076	198	15	0.11705618	1.39709996
1018	1076	198	16	1.12947624	4.38353479
1018	1076	198	17	0.12989266	0.48894098
1018	1076	198	18	0.16257276	3.04315122
1018	1076	198	19	0.62271232	3.49103379
1018	1076	199	0	1.65091585	6.10374562
1018	1076	199	1	0.60681735	2.34049026
1018	1076	199	2	0.61774389	4.50389510
1018	1076	199	3	0.70990191	3.86914098
1018	1076	199	4	0.13912775	0.49461862
1018	1076	199	5	0.10793407	0.43963651
1018	1076	199	6	0.19579894	2.10380422
1018	1076	199	7	1.51754660	8.92293589
1018	1076	199	8	1.18191938	4.45584764
1018	1076	199	9	0.58272030	7.24540763
1018	1076	199	10	0.10872798	1.53813938
1018	1076	199	11	0.85285390	3.53702088
1018	1076	199	12	0.13808868	0.96889176
1018	1076	199	13	1.35810755	9.97459193
1018	1076	199	14	1.07480009	4.35536542
1018	1076	199	15	0.11705629	1.39709778
1018	1076	199	16	1.12947606	4.38353498
1018	1076	199	17	0.12989278	0.48894077
1018	1076	199	18	0.16257285	3.04313558
1018	1076	199	19	0.62271221	3.49103522
1018	1076	200	0	1.65091413	6.10374024
1018	1076	200	1	0.60681713	2.34049059
1018	1076	200	2	0.61774349	4.50388870
1018	1076	200	3	0.70990356	3.86914595
1018	1076	200	4	0.13912759	0.49461928
1018	1076	200	5	0.10793419	0.43963640
1018	1076	200	6	0.19579884	2.10381338
1018	1076	200	7	1.51754660	8.92292134
1018	1076	200	8	1.18191884	4.45583618
1018	1076	200	9	0.58272047	7.24541101
1018	1076	200	10	0.10872794	1.53813551
1018	1076	200	11	0.85285389	3.53701232
1018	1076	200	12	0.13808870	0.96889682
1018	1076	200	13	1.35810696	9.97459002
1018	1076	200	14	1.07479966	4.35536557
1018	1076	200	15	0.11705643	1.39709591
1018	1076	200	16	1.12947585	4.38353494
1018	1076	200	17	0.12989292	0.48894074
1018	1076	200	18	0.16257299	3.04312086
1018	1076	200	19	0.62271206	3.49103628
