world_seed	cell_seed	time	gene_id	X	P
1016	1070	0	0	0.76484199	0.76484199
1016	1070	0	1	0.83962880	0.83962880
1016	1070	0	2	0.10173904	0.10173904
1016	1070	0	3	0.97152547	0.97152547
1016	1070	0	4	0.51586572	0.51586572
1016	1070	0	5	0.39617446	0.39617446
1016	1070	0	6	0.76548160	0.76548160
1016	1070	0	7	0.89009399	0.89009399
1016	1070	0	8	0.69870012	0.69870012
1016	1070	0	9	0.19849194	0.19849194
1016	1070	0	10	0.54093804	0.54093804
1016	1070	0	11	0.79704896	0.79704896
1016	1070	0	12	0.87666931	0.87666931
1016	1070	0	13	0.16294320	0.16294320
1016	1070	0	14	0.00299434	0.00299434
1016	1070	0	15	0.88240073	0.88240073
1016	1070	0	16	0.48759592	0.48759592
1016	1070	0	17	0.81032535	0.81032535
1016	1070	0	18	0.17796598	0.17796598
1016	1070	0	19	0.54676555	0.54676555
1016	1070	1	0	0.54747553	1.33194220
1016	1070	1	1	0.48941483	1.52739570
1016	1070	1	2	0.37064636	0.19217962
1016	1070	1	3	1.13901975	1.76646680
1016	1070	1	4	0.67408575	0.95139900
1016	1070	1	5	0.82713564	0.71239166
1016	1070	1	6	1.20522683	1.33706823
1016	1070	1	7	0.67112983	1.59431157
1016	1070	1	8	0.39057582	1.29631053
1016	1070	1	9	0.20520818	0.34955181
1016	1070	1	10	0.63569135	0.96969523
1016	1070	1	11	0.49640618	1.42226961
1016	1070	1	12	0.94947000	1.67409272
1016	1070	1	13	0.12329014	0.29520924
1016	1070	1	14	0.20585080	0.00550072
1016	1070	1	15	1.26917098	1.59596299
1016	1070	1	16	0.30912399	0.91582554
1016	1070	1	17	0.80815397	1.51996897
1016	1070	1	18	0.71955802	0.32298711
1016	1070	1	19	0.47607713	1.04479602
1016	1070	2	0	0.39575850	1.53505822
1016	1070	2	1	0.31670816	1.74055368
1016	1070	2	2	0.54392996	0.54148379
1016	1070	2	3	1.25893439	2.58441415
1016	1070	2	4	0.76498354	1.47732952
1016	1070	2	5	1.01549976	1.39575001
1016	1070	2	6	1.52505992	2.20361832
1016	1070	2	7	0.71411416	1.93250475
1016	1070	2	8	0.24974367	1.49933285
1016	1070	2	9	0.28063415	0.47123033
1016	1070	2	10	0.65748241	1.40428917
1016	1070	2	11	0.43593893	1.61206202
1016	1070	2	12	0.92933176	2.47223428
1016	1070	2	13	0.09396745	0.36292063
1016	1070	2	14	0.56399667	0.21045512
1016	1070	2	15	1.40834230	2.55976257
1016	1070	2	16	0.30202577	1.11344495
1016	1070	2	17	0.79269096	2.13926903
1016	1070	2	18	0.92289466	0.98275413
1016	1070	2	19	0.44721524	1.42774692
1016	1070	3	0	0.31875616	1.53394372
1016	1070	3	1	0.23023587	1.74245156
1016	1070	3	2	0.67467529	1.02528016
1016	1070	3	3	1.33325840	3.37360631
1016	1070	3	4	0.79693929	2.01225806
1016	1070	3	5	1.09834927	2.12955479
1016	1070	3	6	1.72999457	3.17050606
1016	1070	3	7	0.86652247	2.24305810
1016	1070	3	8	0.20808610	1.53214924
1016	1070	3	9	0.36388465	0.63925825
1016	1070	3	10	0.65603334	1.77054717
1016	1070	3	11	0.51316364	1.70047161
1016	1070	3	12	0.84928962	3.17809016
1016	1070	3	13	0.07773875	0.38856137
1016	1070	3	14	0.90587218	0.74015613
1016	1070	3	15	1.45531319	3.47832015
1016	1070	3	16	0.32772549	1.27990537
1016	1070	3	17	0.77518301	2.66615897
1016	1070	3	18	1.01060148	1.72372249
1016	1070	3	19	0.43605661	1.74770222
1016	1070	4	0	0.33740256	1.45611502
1016	1070	4	1	0.18120860	1.65753389
1016	1070	4	2	0.78680603	1.58609465
1016	1070	4	3	1.35400830	4.09367918
1016	1070	4	4	0.78813837	2.49584138
1016	1070	4	5	1.14504611	2.79811013
1016	1070	4	6	1.83871364	4.09741771
1016	1070	4	7	1.03312980	2.64116759
1016	1070	4	8	0.22071267	1.51856010
1016	1070	4	9	0.43199066	0.85038436
1016	1070	4	10	0.65512948	2.05940077
1016	1070	4	11	0.64384776	1.84704652
1016	1070	4	12	0.74413146	3.74009856
1016	1070	4	13	0.08218790	0.39314606
1016	1070	4	14	1.18218632	1.52541283
1016	1070	4	15	1.48518785	4.26809192
1016	1070	4	16	0.34067661	1.45179844
1016	1070	4	17	0.76236245	3.11007566
1016	1070	4	18	1.07119220	2.41523047
1016	1070	4	19	0.42661847	2.02798017
1016	1070	5	0	0.44359801	1.41705451
1016	1070	5	1	0.14901085	1.53894782
1016	1070	5	2	0.89022522	2.19675955
1016	1070	5	3	1.31790794	4.70362176
1016	1070	5	4	0.75560594	2.89531846
1016	1070	5	5	1.18026352	3.37843222
1016	1070	5	6	1.87613094	4.89826354
1016	1070	5	7	1.17644062	3.12274806
1016	1070	5	8	0.25796757	1.51956363
1016	1070	5	9	0.47901374	1.07916532
1016	1070	5	10	0.66076314	2.28744744
1016	1070	5	11	0.77784921	2.09270683
1016	1070	5	12	0.63958968	4.14614643
1016	1070	5	13	0.11482532	0.40131675
1016	1070	5	14	1.38682643	2.45901862
1016	1070	5	15	1.51971743	4.93662349
1016	1070	5	16	0.33624135	1.61571411
1016	1070	5	17	0.75536263	3.48601579
1016	1070	5	18	1.13212713	3.03931802
1016	1070	5	19	0.41360546	2.27383786
1016	1070	6	0	0.60246829	1.49428813
1016	1070	6	1	0.12859855	1.40961242
1016	1070	6	2	0.98916658	2.84302725
1016	1070	6	3	1.23376760	5.16660101
1016	1070	6	4	0.71180734	3.20005513
1016	1070	6	5	1.20449418	3.87684915
1016	1070	6	6	1.86675117	5.53367399
1016	1070	6	7	1.28754946	3.64707193
1016	1070	6	8	0.30151078	1.55767687
1016	1070	6	9	0.50520673	1.30029936
1016	1070	6	10	0.66777738	2.47383498
1016	1070	6	11	0.89244231	2.41940899
1016	1070	6	12	0.54981757	4.41094812
1016	1070	6	13	0.17901244	0.44058656
1016	1070	6	14	1.54238721	3.44512457
1016	1070	6	15	1.54938597	5.51176788
1016	1070	6	16	0.32834000	1.75523729
1016	1070	6	17	0.75140870	3.80824609
1016	1070	6	18	1.18404865	3.60881013
1016	1070	6	19	0.40016791	2.48476841
1016	1070	7	0	0.77853976	1.71042409
1016	1070	7	1	0.12138334	1.28325734
1016	1070	7	2	1.08533548	3.51646611
1016	1070	7	3	1.11832467	5.46128898
1016	1070	7	4	0.66498770	3.41353852
1016	1070	7	5	1.20929827	4.29890457
1016	1070	7	6	1.83124493	5.99875646
1016	1070	7	7	1.36853402	4.17301123
1016	1070	7	8	0.34113145	1.63381900
1016	1070	7	9	0.51307936	1.49478371
1016	1070	7	10	0.66635740	2.62858333
1016	1070	7	11	0.98068693	2.79027360
1016	1070	7	12	0.48025345	4.56204113
1016	1070	7	13	0.27271516	0.53665021
1016	1070	7	14	1.68766087	4.42609596
1016	1070	7	15	1.55255166	6.00653274
1016	1070	7	16	0.33539874	1.86987174
1016	1070	7	17	0.74614383	4.08648582
1016	1070	7	18	1.20018265	4.12480004
1016	1070	7	19	0.39389318	2.66346044
1016	1070	8	0	0.94841176	2.04675186
1016	1070	8	1	0.13002411	1.17254063
1016	1070	8	2	1.17890279	4.21128624
1016	1070	8	3	0.98880670	5.58697164
1016	1070	8	4	0.62030721	3.54695788
1016	1070	8	5	1.18656232	4.64058341
1016	1070	8	6	1.78543695	6.31052822
1016	1070	8	7	1.42462413	4.67010430
1016	1070	8	8	0.37201882	1.73856537
1016	1070	8	9	0.50623450	1.65066630
1016	1070	8	10	0.64828453	2.74981966
1016	1070	8	11	1.04307115	3.16943160
1016	1070	8	12	0.43126541	4.62991208
1016	1070	8	13	0.38967889	0.70833077
1016	1070	8	14	1.85281015	5.39248239
1016	1070	8	15	1.51138134	6.40979503
1016	1070	8	16	0.36851316	1.97760783
1016	1070	8	17	0.73534670	4.32488981
1016	1070	8	18	1.16131955	4.56140451
1016	1070	8	19	0.40308243	2.81995032
1016	1070	9	0	1.10034969	2.46599767
1016	1070	9	1	0.15587443	1.09048978
1016	1070	9	2	1.26879358	4.92251156
1016	1070	9	3	0.85853559	5.56029229
1016	1070	9	4	0.58088578	3.61492022
1016	1070	9	5	1.13313944	4.89056754
1016	1070	9	6	1.74068724	6.49752082
1016	1070	9	7	1.46110761	5.11948062
1016	1070	9	8	0.39257982	1.85904414
1016	1070	9	9	0.48909631	1.76245398
1016	1070	9	10	0.61098280	2.82784089
1016	1070	9	11	1.08277911	3.52923470
1016	1070	9	12	0.40092985	4.64265984
1016	1070	9	13	0.52165311	0.96465293
1016	1070	9	14	2.04377714	6.36653625
1016	1070	9	15	1.42133651	6.69472683
1016	1070	9	16	0.42610071	2.10534114
1016	1070	9	17	0.71596917	4.52287533
1016	1070	9	18	1.07040993	4.87832216
1016	1070	9	19	0.43395675	2.97168097
1016	1070	10	0	1.23026757	2.92878986
1016	1070	10	1	0.19738798	1.04912962
1016	1070	10	2	1.35293899	5.64464371
1016	1070	10	3	0.73601049	5.40819106
1016	1070	10	4	0.54858020	3.63287779
1016	1070	10	5	1.05313891	5.03667614
1016	1070	10	6	1.70481296	6.59239887
1016	1070	10	7	1.48228545	5.51149813
1016	1070	10	8	0.40289297	1.98265273
1016	1070	10	9	0.46667977	1.83039044
1016	1070	10	10	0.55825362	2.85238018
1016	1070	10	11	1.10337210	3.85117919
1016	1070	10	12	0.38670674	4.62391971
1016	1070	10	13	0.66039746	1.30469180
1016	1070	10	14	2.24872366	7.37282575
1016	1070	10	15	1.29304820	6.83509499
1016	1070	10	16	0.49699284	2.27511008
1016	1070	10	17	0.68699375	4.67688391
1016	1070	10	18	0.94744595	5.04566277
1016	1070	10	19	0.48845672	3.14076167
1016	1070	11	0	1.33825786	3.40184992
1016	1070	11	1	0.25000549	1.05676374
1016	1070	11	2	1.42864955	6.37072609
1016	1070	11	3	0.62573068	5.16121059
1016	1070	11	4	0.52450554	3.61573336
1016	1070	11	5	0.95659218	5.07329609
1016	1070	11	6	1.68301118	6.62737021
1016	1070	11	7	1.49126799	5.84282930
1016	1070	11	8	0.40376794	2.09869046
1016	1070	11	9	0.44420353	1.85967611
1016	1070	11	10	0.49742134	2.81910128
1016	1070	11	11	1.10784534	4.12431168
1016	1070	11	12	0.38624038	4.59265048
1016	1070	11	13	0.79890922	1.71945624
1016	1070	11	14	2.45230725	8.42007732
1016	1070	11	15	1.14560797	6.82031680
1016	1070	11	16	0.56855181	2.49510125
1016	1070	11	17	0.64966271	4.78278172
1016	1070	11	18	0.81493397	5.05906149
1016	1070	11	19	0.56383202	3.34927161
1016	1070	12	0	1.42637117	3.86059562
1016	1070	12	1	0.30774180	1.11563459
1016	1070	12	2	1.49303998	7.09188513
1016	1070	12	3	0.52942388	4.84884140
1016	1070	12	4	0.50935816	3.57718407
1016	1070	12	5	0.85513634	5.00597854
1016	1070	12	6	1.67855986	6.63168160
1016	1070	12	7	1.49008286	6.11395185
1016	1070	12	8	0.39626740	2.19881454
1016	1070	12	9	0.42663638	1.85948738
1016	1070	12	10	0.43562115	2.73189155
1016	1070	12	11	1.09838957	4.34303533
1016	1070	12	12	0.39760880	4.56374145
1016	1070	12	13	0.93190560	2.19464515
1016	1070	12	14	2.64338732	9.50025289
1016	1070	12	15	0.99732284	6.66092603
1016	1070	12	16	0.63236756	2.75986680
1016	1070	12	17	0.60676023	4.83819085
1016	1070	12	18	0.68885295	4.93746789
1016	1070	12	19	0.65431829	3.61457164
1016	1070	13	0	1.49736710	4.28885079
1016	1070	13	1	0.36513802	1.22159392
1016	1070	13	2	1.54341554	7.79734748
1016	1070	13	3	0.44710870	4.49694153
1016	1070	13	4	0.50359605	3.52949043
1016	1070	13	5	0.75815889	4.85079141
1016	1070	13	6	1.69326646	6.63044959
1016	1070	13	7	1.47987147	6.32727132
1016	1070	13	8	0.38152143	2.27695187
1016	1070	13	9	0.41829300	1.84177660
1016	1070	13	10	0.37782277	2.60096735
1016	1070	13	11	1.07647882	4.50515064
1016	1070	13	12	0.41928164	4.54881405
1016	1070	13	13	1.05581920	2.71336710
1016	1070	13	14	2.81604769	10.59548363
1016	1070	13	15	0.86062667	6.38374795
1016	1070	13	16	0.68504024	3.05621208
1016	1070	13	17	0.56149594	4.84381299
1016	1070	13	18	0.57745741	4.71230252
1016	1070	13	19	0.75339604	3.94671084
1016	1070	14	0	1.55407074	4.67738108
1016	1070	14	1	0.41837067	1.36578481
1016	1070	14	2	1.57764313	8.47484142
1016	1070	14	3	0.37785867	4.12668768
1016	1070	14	4	0.50751714	3.48346170
1016	1070	14	5	0.67132706	4.62994722
1016	1070	14	6	1.72771654	6.64423626
1016	1070	14	7	1.46109195	6.48583236
1016	1070	14	8	0.36069577	2.32903812
1016	1070	14	9	0.42245397	1.81995464
1016	1070	14	10	0.32664639	2.43939612
1016	1070	14	11	1.04309411	4.61040627
1016	1070	14	12	0.44995254	4.55690884
1016	1070	14	13	1.16855193	3.25834338
1016	1070	14	14	2.96819499	11.68489648
1016	1070	14	15	0.74167044	6.02290893
1016	1070	14	16	0.72651369	3.36914907
1016	1070	14	17	0.51666125	4.80347231
1016	1070	14	18	0.48346060	4.41742397
1016	1070	14	19	0.85532388	4.34832310
1016	1070	15	0	1.59907330	5.02216462
1016	1070	15	1	0.46538889	1.53712886
1016	1070	15	2	1.59454787	9.11132498
1016	1070	15	3	0.32030136	3.75448100
1016	1070	15	4	0.52126406	3.44852182
1016	1070	15	5	0.59698409	4.36684272
1016	1070	15	6	1.78140148	6.68898087
1016	1070	15	7	1.43370936	6.59250192
1016	1070	15	8	0.33501665	2.35276274
1016	1070	15	9	0.44096730	1.80750828
1016	1070	15	10	0.28296718	2.26015548
1016	1070	15	11	0.99899515	4.65958612
1016	1070	15	12	0.48834326	4.59494281
1016	1070	15	13	1.26914834	3.81345025
1016	1070	15	14	3.10002348	12.74892645
1016	1070	15	15	0.64204429	5.61215658
1016	1070	15	16	0.75829181	3.68545848
1016	1070	15	17	0.47426687	4.72330921
1016	1070	15	18	0.40644098	4.08313618
1016	1070	15	19	0.95573778	4.81606613
1016	1070	16	0	1.63461827	5.32281060
1016	1070	16	1	0.50552382	1.72450049
1016	1070	16	2	1.59421869	9.69402965
1016	1070	16	3	0.27292279	3.39236919
1016	1070	16	4	0.54477809	3.43276982
1016	1070	16	5	0.53523236	4.08249588
1016	1070	16	6	1.85280723	6.77607670
1016	1070	16	7	1.39738112	6.64951331
1016	1070	16	8	0.30579067	2.34737571
1016	1070	16	9	0.47397938	1.81654946
1016	1070	16	10	0.24660512	2.07440693
1016	1070	16	11	0.94499467	4.65406478
1016	1070	16	12	0.53304027	4.66792944
1016	1070	16	13	1.35747655	4.36464412
1016	1070	16	14	3.21292544	13.77139110
1016	1070	16	15	0.56070505	5.18037139
1016	1070	16	16	0.78230200	3.99503436
1016	1070	16	17	0.43553169	4.61071186
1016	1070	16	18	0.34452607	3.73371174
1016	1070	16	19	1.05165878	5.34253153
1016	1070	17	0	1.66258244	5.58127273
1016	1070	17	1	0.53898242	1.91811754
1016	1070	17	2	1.57803429	10.21169382
1016	1070	17	3	0.23424016	3.04869612
1016	1070	17	4	0.57772680	3.44298481
1016	1070	17	5	0.48495883	3.79378516
1016	1070	17	6	1.93953271	6.91251707
1016	1070	17	7	1.35165289	6.65829090
1016	1070	17	8	0.27438704	2.31354209
1016	1070	17	9	0.52001655	1.85644222
1016	1070	17	10	0.21684712	1.89081724
1016	1070	17	11	0.88219844	4.59573326
1016	1070	17	12	0.58240529	4.77901551
1016	1070	17	13	1.43395733	4.90039348
1016	1070	17	14	3.30882283	14.74013737
1016	1070	17	15	0.49539936	4.74986470
1016	1070	17	16	0.80034770	4.29092862
1016	1070	17	17	0.40103410	4.47336940
1016	1070	17	18	0.29537113	3.38705743
1016	1070	17	19	1.14125482	5.91799228
1016	1070	18	0	1.68450193	5.80087638
1016	1070	18	1	0.56642828	2.11017407
1016	1070	18	2	1.54836896	10.65568525
1016	1070	18	3	0.20289060	2.72880631
1016	1070	18	4	0.61943400	3.48455779
1016	1070	18	5	0.44455484	3.51306947
1016	1070	18	6	2.03847870	7.10112286
1016	1070	18	7	1.29617497	6.61950725
1016	1070	18	8	0.24217519	2.25319999
1016	1070	18	9	0.57644048	1.93283928
1016	1070	18	10	0.19277777	1.71554276
1016	1070	18	11	0.81216911	4.48718065
1016	1070	18	12	0.63458300	4.92942505
1016	1070	18	13	1.49935276	5.41175863
1016	1070	18	14	3.38978689	15.64691461
1016	1070	18	15	0.44352791	4.33642542
1016	1070	18	16	0.81391619	4.56884254
1016	1070	18	17	0.37089900	4.31859394
1016	1070	18	18	0.25666039	3.05542043
1016	1070	18	19	1.22355355	6.53175629
1016	1070	19	0	1.70161585	5.98562333
1016	1070	19	1	0.58869929	2.29493962
1016	1070	19	2	1.50812511	11.02070462
1016	1070	19	3	0.17766917	2.43571001
1016	1070	19	4	0.66884261	3.56136408
1016	1070	19	5	0.41233888	3.24860478
1016	1070	19	6	2.14611045	7.34090115
1016	1070	19	7	1.23093339	6.53334480
1016	1070	19	8	0.21043184	2.16937648
1016	1070	19	9	0.64007414	2.04740427
1016	1070	19	10	0.17346517	1.55254771
1016	1070	19	11	0.73697226	4.33200055
1016	1070	19	12	0.68760472	5.11841614
1016	1070	19	13	1.55461016	5.89224499
1016	1070	19	14	3.45783416	16.48688793
1016	1070	19	15	0.40259818	3.95022213
1016	1070	19	16	0.82415822	4.82648807
1016	1070	19	17	0.34496234	4.15291401
1016	1070	19	18	0.22632851	2.74646494
1016	1070	19	19	1.29818818	7.17311215
1016	1070	20	0	1.71491370	6.13971985
1016	1070	20	1	0.60664300	2.46855801
1016	1070	20	2	1.46028394	11.30494351
1016	1070	20	3	0.15753790	2.17066536
1016	1070	20	4	0.72453456	3.67561843
1016	1070	20	5	0.38676711	3.00529929
1016	1070	20	6	2.25876283	7.62757583
1016	1070	20	7	1.15646677	6.39993387
1016	1070	20	8	0.18024471	2.06593742
1016	1070	20	9	0.70776010	2.19822622
1016	1070	20	10	0.15805304	1.40404231
1016	1070	20	11	0.65908168	4.13507742
1016	1070	20	12	0.73955754	5.34334523
1016	1070	20	13	1.60075119	6.33752806
1016	1070	20	14	3.51482598	17.25802689
1016	1070	20	15	0.37042193	3.59698520
1016	1070	20	16	0.83193437	5.06300649
1016	1070	20	17	0.32289587	3.98188290
1016	1070	20	18	0.20263202	2.46437106
1016	1070	20	19	1.36519813	7.83193641
1016	1070	21	0	1.72517971	6.26727420
1016	1070	21	1	0.62103416	2.62871811
1016	1070	21	2	1.40758690	11.50977555
1016	1070	21	3	0.14161930	1.93366386
1016	1070	21	4	0.78481510	3.82777264
1016	1070	21	5	0.36651520	2.78552676
1016	1070	21	6	2.37293723	7.95428876
1016	1070	21	7	1.07401843	6.21991625
1016	1070	21	8	0.15243995	1.94727706
1016	1070	21	9	0.77672636	2.38069338
1016	1070	21	10	0.14579778	1.27092214
1016	1070	21	11	0.58115931	3.90271653
1016	1070	21	12	0.78876806	5.59989483
1016	1070	21	13	1.63879607	6.74511917
1016	1070	21	14	3.56242667	17.96049323
1016	1070	21	15	0.34517137	3.27916035
1016	1070	21	16	0.83787717	5.27850422
1016	1070	21	17	0.30429363	3.81003569
1016	1070	21	18	0.18414686	2.21080157
1016	1070	21	19	1.42488201	8.49904737
1016	1070	22	0	1.73303178	6.37211673
1016	1070	22	1	0.63254231	2.77430156
1016	1070	22	2	1.35236671	11.63916326
1016	1070	22	3	0.12918227	1.72382108
1016	1070	22	4	0.84784811	4.01651340
1016	1070	22	5	0.35049092	2.58985756
1016	1070	22	6	2.48554206	8.31242035
1016	1070	22	7	0.98556674	5.99504297
1016	1070	22	8	0.12755035	1.81798001
1016	1070	22	9	0.84475460	2.58852405
1016	1070	22	10	0.13607549	1.15315345
1016	1070	22	11	0.50576693	3.64252577
1016	1070	22	12	0.83394809	5.88246433
1016	1070	22	13	1.66971453	7.11401839
1016	1070	22	14	3.60209433	18.59608669
1016	1070	22	15	0.32536525	2.99689750
1016	1070	22	16	0.84244839	5.47370724
1016	1070	22	17	0.28872798	3.64093800
1016	1070	22	18	0.16973394	1.98568742
1016	1070	22	19	1.47769317	9.16638033
1016	1070	23	0	1.73895442	6.45770542
1016	1070	23	1	0.64172683	2.90506179
1016	1070	23	2	1.29649467	11.69896185
1016	1070	23	3	0.11962469	1.53968222
1016	1070	23	4	0.91181228	4.23889579
1016	1070	23	5	0.33781440	2.41765469
1016	1070	23	6	2.59404748	8.69244274
1016	1070	23	7	0.89369891	5.72867781
1016	1070	23	8	0.10582640	1.68250040
1016	1070	23	9	0.91020535	2.81471929
1016	1070	23	10	0.12837424	1.05008559
1016	1070	23	11	0.43508964	3.36303472
1016	1070	23	12	0.87426806	6.18467120
1016	1070	23	13	1.69439700	7.44438378
1016	1070	23	14	3.63508878	19.16777181
1016	1070	23	15	0.30982564	2.74883668
1016	1070	23	16	0.84598512	5.64971490
1016	1070	23	17	0.27578340	3.47728480
1016	1070	23	18	0.15849437	1.78783322
1016	1070	23	19	1.52416731	9.82704279
1016	1070	24	0	1.74332598	6.52708869
1016	1070	24	1	0.64904546	3.02135621
1016	1070	24	2	1.24139954	11.69624756
1016	1070	24	3	0.11245536	1.37945479
1016	1070	24	4	0.97504407	4.49061216
1016	1070	24	5	0.32778669	2.26752986
1016	1070	24	6	2.69654896	9.08471163
1016	1070	24	7	0.80134074	5.42606928
1016	1070	24	8	0.08728010	1.54489837
1016	1070	24	9	0.97196207	3.05231318
1016	1070	24	10	0.12228011	0.96069090
1016	1070	24	11	0.37074172	3.07311923
1016	1070	24	12	0.90935163	6.49988025
1016	1070	24	13	1.71364055	7.73723407
1016	1070	24	14	3.66248790	19.67928985
1016	1070	24	15	0.29762671	2.53270019
1016	1070	24	16	0.84873455	5.80782982
1016	1070	24	17	0.26507530	3.32102069
1016	1070	24	18	0.14972504	1.61536598
1016	1070	24	19	1.56487352	10.47529231
1016	1070	25	0	1.74644088	6.58290522
1016	1070	25	1	0.65486790	3.12393533
1016	1070	25	2	1.18812188	11.63873956
1016	1070	25	3	0.10727664	1.24118092
1016	1070	25	4	1.03614189	4.76636216
1016	1070	25	5	0.31985683	2.13767602
1016	1070	25	6	2.79175406	9.48012106
1016	1070	25	7	0.71140673	5.09429567
1016	1070	25	8	0.07174627	1.40865865
1016	1070	25	9	1.02934112	3.29488783
1016	1070	25	10	0.11746176	0.88374094
1016	1070	25	11	0.31368987	2.78135599
1016	1070	25	12	0.93920881	6.82167977
1016	1070	25	13	1.72814518	7.99419329
1016	1070	25	14	3.68520727	20.13485028
1016	1070	25	15	0.28804578	2.34572030
1016	1070	25	16	0.85087926	5.94944320
1016	1070	25	17	0.25625882	3.17346407
1016	1070	25	18	0.14287909	1.46605635
1016	1070	25	19	1.60038188	11.10646734
1016	1070	26	0	1.74852765	6.62740588
1016	1070	26	1	0.65949041	3.21378362
1016	1070	26	2	1.13738028	11.53434037
1016	1070	26	3	0.10376861	1.12286095
1016	1070	26	4	1.09402066	5.06026922
1016	1070	26	5	0.31359219	2.02609987
1016	1070	26	6	2.87891600	9.87057917
1016	1070	26	7	0.62646316	4.74187162
1016	1070	26	8	0.05894625	1.27659661
1016	1070	26	9	1.08199597	3.53687536
1016	1070	26	10	0.11365569	0.81793067
1016	1070	26	11	0.26428780	2.49543940
1016	1070	26	12	0.96413573	7.14424763
1016	1070	26	13	1.73851700	8.21727968
1016	1070	26	14	3.70402045	20.53889218
1016	1070	26	15	0.28052079	2.18493619
1016	1070	26	16	0.85255524	6.07595941
1016	1070	26	17	0.24903154	3.03542465
1016	1070	26	18	0.13753257	1.33754079
1016	1070	26	19	1.63124282	11.71689194
1016	1070	27	0	1.74976328	6.66248813
1016	1070	27	1	0.66314934	3.29200376
1016	1070	27	2	1.08963653	11.39079346
1016	1070	27	3	0.10167496	1.02253874
1016	1070	27	4	1.14792019	5.36628679
1016	1070	27	5	0.30865346	1.93077775
1016	1070	27	6	2.95773892	10.24929695
1016	1070	27	7	0.54848530	4.37809996
1016	1070	27	8	0.04854396	1.15084163
1016	1070	27	9	1.12983010	3.77369187
1016	1070	27	10	0.11065325	0.76196220
1016	1070	27	11	0.22238801	2.22175881
1016	1070	27	12	0.98460858	7.46258412
1016	1070	27	13	1.74527560	8.40873764
1016	1070	27	14	3.71957823	20.89590479
1016	1070	27	15	0.27461522	2.04739150
1016	1070	27	16	0.85386478	6.18874787
1016	1070	27	17	0.24313257	2.90730915
1016	1070	27	18	0.13335737	1.22746937
1016	1070	27	19	1.65797465	12.30376827
1016	1070	28	0	1.75028479	6.68973587
1016	1070	28	1	0.66603273	3.35973531
1016	1070	28	2	1.04515355	11.21544416
1016	1070	28	3	0.10079087	0.93835741
1016	1070	28	4	1.19737906	5.67854976
1016	1070	28	5	0.30477446	1.84975513
1016	1070	28	6	3.02827486	10.61090918
1016	1070	28	7	0.47874868	4.01231608
1016	1070	28	8	0.04018900	1.03287889
1016	1070	28	9	1.17292403	4.00175232
1016	1070	28	10	0.10828968	0.71459814
1016	1070	28	11	0.18748784	1.96517866
1016	1070	28	12	1.00119036	7.77261765
1016	1070	28	13	1.74886363	8.57090860
1016	1070	28	14	3.73242632	21.21029657
1016	1070	28	15	0.26999004	1.93025904
1016	1070	28	16	0.85488546	6.28911353
1016	1070	28	17	0.23833959	2.78921284
1016	1070	28	18	0.13009971	1.13359904
1016	1070	28	19	1.68105658	12.86506614
1016	1070	29	0	1.75019828	6.71046050
1016	1070	29	1	0.66829003	3.41809978
1016	1070	29	2	1.00404427	11.01508501
1016	1070	29	3	0.10095264	0.86859276
1016	1070	29	4	1.24218819	5.99164488
1016	1070	29	5	0.30174611	1.78120578
1016	1070	29	6	3.09082632	10.95146169
1016	1070	29	7	0.41784818	3.65318144
1016	1070	29	8	0.03354615	0.92362835
1016	1070	29	9	1.21147750	4.21840889
1016	1070	29	10	0.10643510	0.67469298
1016	1070	29	11	0.15887416	1.72901206
1016	1070	29	12	1.01446007	8.07120770
1016	1070	29	13	1.74965736	8.70613583
1016	1070	29	14	3.74302109	21.48630332
1016	1070	29	15	0.26638159	1.83091351
1016	1070	29	16	0.85567660	6.37828003
1016	1070	29	17	0.23446498	2.68099684
1016	1070	29	18	0.12756322	1.05384821
1016	1070	29	19	1.70092566	13.39941555
1016	1070	30	0	1.74958627	6.72574050
1016	1070	30	1	0.67003997	3.46816530
1016	1070	30	2	0.96631129	10.79586714
1016	1070	30	3	0.10202903	0.81167028
1016	1070	30	4	1.28233656	6.30079285
1016	1070	30	5	0.29940393	1.72346293
1016	1070	30	6	3.14586181	11.26830438
1016	1070	30	7	0.36580700	3.30814362
1016	1070	30	8	0.02831265	0.82354160
1016	1070	30	9	1.24576514	4.42184619
1016	1070	30	10	0.10498718	0.64120885
1016	1070	30	11	0.13574440	1.51514471
1016	1070	30	12	1.02496526	8.35607663
1016	1070	30	13	1.74797713	8.81669768
1016	1070	30	14	3.75174332	21.72792691
1016	1070	30	15	0.26358454	1.74696829
1016	1070	30	16	0.85628392	6.45738138
1016	1070	30	17	0.23135160	2.58235191
1016	1070	30	18	0.12559582	0.98632427
1016	1070	30	19	1.71797625	13.90600566
1016	1070	31	0	1.74851330	6.73645800
1016	1070	31	1	0.67137686	3.51092551
1016	1070	31	2	0.93187829	10.56326117
1016	1070	31	3	0.10391397	0.76617039
1016	1070	31	4	1.31795787	6.60194758
1016	1070	31	5	0.29761833	1.67503176
1016	1070	31	6	3.19394739	11.55992693
1016	1070	31	7	0.32222863	2.98311812
1016	1070	31	8	0.02422637	0.73270216
1016	1070	31	9	1.27610373	4.61095732
1016	1070	31	10	0.10386534	0.61322082
1016	1070	31	11	0.11729543	1.32425327
1016	1070	31	12	1.03319514	8.62570021
1016	1070	31	13	1.74409740	8.90476395
1016	1070	31	14	3.75891011	21.93889787
1016	1070	31	15	0.26143867	1.67628809
1016	1070	31	16	0.85674287	6.52745922
1016	1070	31	17	0.22886870	2.49285009
1016	1070	31	18	0.12407962	0.92933289
1016	1070	31	19	1.73256109	14.38449225
1016	1070	32	0	1.74703056	6.74333164
1016	1070	32	1	0.67237563	3.54728866
1016	1070	32	2	0.90061452	10.32205387
1016	1070	32	3	0.10652065	0.73082549
1016	1070	32	4	1.34928335	6.89182673
1016	1070	32	5	0.29628704	1.63458954
1016	1070	32	6	3.23569423	11.82576764
1016	1070	32	7	0.28645218	2.68238863
1016	1070	32	8	0.02106748	0.65091932
1016	1070	32	9	1.30282844	4.78521662
1016	1070	32	10	0.10300609	0.58991515
1016	1070	32	11	0.10278050	1.15606535
1016	1070	32	12	1.03956902	8.87918124
1016	1070	32	13	1.73825575	8.97237032
1016	1070	32	14	3.76478513	22.12265589
1016	1070	32	15	0.25981867	1.61698596
1016	1070	32	16	0.85708106	6.58946382
1016	1070	32	17	0.22690803	2.41198584
1016	1070	32	18	0.12292304	0.88137548
1016	1070	32	19	1.74499350	14.83491454
1016	1070	33	0	1.74517937	6.74694542
1016	1070	33	1	0.67309584	3.57807365
1016	1070	33	2	0.87235360	10.07636968
1016	1070	33	3	0.10977660	0.70451155
1016	1070	33	4	1.37660295	7.16789035
1016	1070	33	5	0.29532921	1.60097820
1016	1070	33	6	3.27172039	12.06601827
1016	1070	33	7	0.25768600	2.40868337
1016	1070	33	8	0.01865622	0.57781014
1016	1070	33	9	1.32627633	4.94455925
1016	1070	33	10	0.10235945	0.57058341
1016	1070	33	11	0.09154015	1.00962056
1016	1070	33	12	1.04443505	9.11612291
1016	1070	33	13	1.73066100	9.02140687
1016	1070	33	14	3.76958726	22.28234382
1016	1070	33	15	0.25862638	1.56741070
1016	1070	33	16	0.85732007	6.64425734
1016	1070	33	17	0.22538037	2.33920819
1016	1070	33	18	0.12205488	0.84113932
1016	1070	33	19	1.75555015	15.25762157
1016	1070	34	0	1.74299407	6.74777372
1016	1070	34	1	0.67358483	3.60401084
1016	1070	34	2	0.84690772	9.82970862
1016	1070	34	3	0.11361971	0.68623638
1016	1070	34	4	1.40023535	7.42828397
1016	1070	34	5	0.29468086	1.57319259
1016	1070	34	6	3.30262446	12.28144004
1016	1070	34	7	0.23510876	2.16336921
1016	1070	34	8	0.01684862	0.51286732
1016	1070	34	9	1.34677509	5.08927292
1016	1070	34	10	0.10188597	0.55461409
1016	1070	34	11	0.08301386	0.88350608
1016	1070	34	12	1.04807517	9.33651244
1016	1070	34	13	1.72150006	9.05361660
1016	1070	34	14	3.77349800	22.42081120
1016	1070	34	15	0.25778473	1.52612888
1016	1070	34	16	0.85747688	6.69261860
1016	1070	34	17	0.22421246	2.27394539
1016	1070	34	18	0.12141965	0.80748347
1016	1070	34	19	1.76447411	15.65320793
1016	1070	35	0	1.74050418	6.74620256
1016	1070	35	1	0.67388031	3.62574582
1016	1070	35	2	0.82407826	9.58499423
1016	1070	35	3	0.11799502	0.67512600
1016	1070	35	4	1.42050588	7.67176056
1016	1070	35	5	0.29429125	1.55036642
1016	1070	35	6	3.32896866	12.47319998
1016	1070	35	7	0.21793715	1.94670625
1016	1070	35	8	0.01553130	0.45551299
1016	1070	35	9	1.36463581	5.21990425
1016	1070	35	10	0.10155456	0.54148304
1016	1070	35	11	0.07673920	0.77605315
1016	1070	35	12	1.05071303	9.54062013
1016	1070	35	13	1.71094369	9.07060129
1016	1070	35	14	3.77666769	22.54062475
1016	1070	35	15	0.25723304	1.49190426
1016	1070	35	16	0.85756485	6.73524854
1016	1070	35	17	0.22334432	2.21562349
1016	1070	35	18	0.12097402	0.77942272
1016	1070	35	19	1.77197807	16.02245830
1016	1070	36	0	1.73773618	6.74254773
1016	1070	36	1	0.67401234	3.64384511
1016	1070	36	2	0.80366354	9.34462672
1016	1070	36	3	0.12285221	0.67041035
1016	1070	36	4	1.43773132	7.89759265
1016	1070	36	5	0.29412005	1.53175749
1016	1070	36	6	3.35126896	12.64273170
1016	1070	36	7	0.20546498	1.75811693
1016	1070	36	8	0.01461635	0.40513952
1016	1070	36	9	1.38014868	5.33718035
1016	1070	36	10	0.10134063	0.53074372
1016	1070	36	11	0.07234370	0.68549032
1016	1070	36	12	1.05252301	9.72891550
1016	1070	36	13	1.69915116	9.07383193
1016	1070	36	14	3.77922071	22.64408323
1016	1070	36	15	0.25692346	1.46367649
1016	1070	36	16	0.85759455	6.77277612
1016	1070	36	17	0.22272694	2.16367986
1016	1070	36	18	0.12068411	0.75611091
1016	1070	36	19	1.77824743	16.36630007
1016	1070	37	0	1.73471478	6.73706981
1016	1070	37	1	0.67400496	3.65880286
1016	1070	37	2	0.78546444	9.11053811
1016	1070	37	3	0.12814365	0.67140901
1016	1070	37	4	1.45220998	8.10548281
1016	1070	37	5	0.29413508	1.51673308
1016	1070	37	6	3.36999056	12.79162168
1016	1070	37	7	0.19708059	1.59643815
1016	1070	37	8	0.01403645	0.36113925
1016	1070	37	9	1.39358075	5.44194476
1016	1070	37	10	0.10122472	0.52201762
1016	1070	37	11	0.06953320	0.61005559
1016	1070	37	12	1.05363906	9.90200003
1016	1070	37	13	1.68627380	9.06466181
1016	1070	37	14	3.78125994	22.73323520
1016	1070	37	15	0.25681809	1.44054023
1016	1070	37	16	0.85757438	6.80576430
1016	1070	37	17	0.22232034	2.11757276
1016	1070	37	18	0.12052331	0.73682465
1016	1070	37	19	1.78344341	16.68576343
1016	1070	38	0	1.73146397	6.72998675
1016	1070	38	1	0.67387751	3.67104784
1016	1070	38	2	0.76928832	8.88424673
1016	1070	38	3	0.13382290	0.67751758
1016	1070	38	4	1.46421601	8.29547822
1016	1070	38	5	0.29431054	1.50475598
1016	1070	38	6	3.38554686	12.92151971
1016	1070	38	7	0.19226920	1.46013800
1016	1070	38	8	0.01374071	0.32292515
1016	1070	38	9	1.40517519	5.53510652
1016	1070	38	10	0.10119137	0.51498524
1016	1070	38	11	0.06807908	0.54807262
1016	1070	38	12	1.05416274	10.06055475
1016	1070	38	13	1.67245759	9.04434078
1016	1070	38	14	3.78287039	22.80989823
1016	1070	38	15	0.25688679	1.42172550
1016	1070	38	16	0.85751106	6.83471590
1016	1070	38	17	0.22209192	2.07678781
1016	1070	38	18	0.12047066	0.72094784
1016	1070	38	19	1.78770583	16.98194790
1016	1070	39	0	1.72800770	6.72148412
1016	1070	39	1	0.67364566	3.68095066
1016	1070	39	2	0.75495165	8.66690965
1016	1070	39	3	0.13984378	0.68819512
1016	1070	39	4	1.47399676	8.46789291
1016	1070	39	5	0.29462553	1.49537159
1016	1070	39	6	3.39830110	13.03407113
1016	1070	39	7	0.19060597	1.34748973
1016	1070	39	8	0.01369106	0.28994423
1016	1070	39	9	1.41515148	5.61760058
1016	1070	39	10	0.10122825	0.50937791
1016	1070	39	11	0.06780596	0.49799787
1016	1070	39	12	1.05417021	10.20530072
1016	1070	39	13	1.65784482	9.01402936
1016	1070	39	14	3.78412232	22.87567875
1016	1070	39	15	0.25710540	1.40657948
1016	1070	39	16	0.85741003	6.86007924
1016	1070	39	17	0.22201503	2.04084191
1016	1070	39	18	0.12050957	0.70795747
1016	1070	39	19	1.79115576	17.25599486
1016	1070	40	0	1.72437039	6.71172350
1016	1070	40	1	0.67332226	3.68883052
1016	1070	40	2	0.74228167	8.45937191
1016	1070	40	3	0.14615966	0.70295280
1016	1070	40	4	1.48177233	8.62323931
1016	1070	40	5	0.29506298	1.48819618
1016	1070	40	6	3.40856949	13.13086774
1016	1070	40	7	0.19174381	1.25670232
1016	1070	40	8	0.01385926	0.26168542
1016	1070	40	9	1.42370638	5.69035797
1016	1070	40	10	0.10132544	0.50497031
1016	1070	40	11	0.06858034	0.45844514
1016	1070	40	12	1.05371811	10.33696994
1016	1070	40	13	1.64257502	8.97481187
1016	1070	40	14	3.78507380	22.93199163
1016	1070	40	15	0.25745437	1.39455010
1016	1070	40	16	0.85727573	6.88225348
1016	1070	40	17	0.22206787	2.00928534
1016	1070	40	18	0.12062681	0.69741078
1016	1070	40	19	1.79389797	17.50906501
1016	1070	41	0	1.72057713	6.70084906
1016	1070	41	1	0.67291801	3.69496177
1016	1070	41	2	0.73111731	8.26221195
1016	1070	41	3	0.15272320	0.72134400
1016	1070	41	4	1.48773666	8.76217020
1016	1070	41	5	0.29560868	1.48290640
1016	1070	41	6	3.41662540	13.21341435
1016	1070	41	7	0.19539903	1.18601169
1016	1070	41	8	0.01422450	0.23768337
1016	1070	41	9	1.43101521	5.75428399
1016	1070	41	10	0.10147488	0.50157396
1016	1070	41	11	0.07030075	0.42819359
1016	1070	41	12	1.05284851	10.45628492
1016	1070	41	13	1.62678519	8.92770802
1016	1070	41	14	3.78577286	22.98007926
1016	1070	41	15	0.25791768	1.38517140
1016	1070	41	16	0.85711187	6.90159364
1016	1070	41	17	0.22223245	1.98170247
1016	1070	41	18	0.12081169	0.68893372
1016	1070	41	19	1.79602310	17.74232037
1016	1070	42	0	1.71665385	6.68899285
1016	1070	42	1	0.67244200	3.69957983
1016	1070	42	2	0.72130958	8.07578291
1016	1070	42	3	0.15948633	0.74295596
1016	1070	42	4	1.49205955	8.88543061
1016	1070	42	5	0.29625056	1.47922991
1016	1070	42	6	3.42270396	13.28310798
1016	1070	42	7	0.20133679	1.13373846
1016	1070	42	8	0.01477132	0.21751923
1016	1070	42	9	1.43723343	5.81024294
1016	1070	42	10	0.10166995	0.49903139
1016	1070	42	11	0.07288932	0.40618411
1016	1070	42	12	1.05159289	10.56394490
1016	1070	42	13	1.61060946	8.87368253
1016	1070	42	14	3.78625931	23.02102963
1016	1070	42	15	0.25848194	1.37805052
1016	1070	42	16	0.85692161	6.91841522
1016	1070	42	17	0.22249387	1.95771131
1016	1070	42	18	0.12105549	0.68221080
1016	1070	42	19	1.79760960	17.95691002
1016	1070	43	0	1.71262719	6.67627865
1016	1070	43	1	0.67190216	3.70288662
1016	1070	43	2	0.71272155	7.90024970
1016	1070	43	3	0.16640047	0.76740287
1016	1070	43	4	1.49488934	8.99381936
1016	1070	43	5	0.29697811	1.47693730
1016	1070	43	6	3.42700693	13.34122691
1016	1070	43	7	0.20935739	1.09831909
1016	1070	43	8	0.01548810	0.20081932
1016	1070	43	9	1.44249831	5.85904804
1016	1070	43	10	0.10190509	0.49721117
1016	1070	43	11	0.07628468	0.39150800
1016	1070	43	12	1.04997542	10.66061741
1016	1070	43	13	1.59417838	8.81365263
1016	1070	43	14	3.78656620	23.05579319
1016	1070	43	15	0.25913573	1.37285641
1016	1070	43	16	0.85670772	6.93299845
1016	1070	43	17	0.22283956	1.93696243
1016	1070	43	18	0.12135096	0.67697622
1016	1070	43	19	1.79872550	18.15395905
1016	1070	44	0	1.70852434	6.66282490
1016	1070	44	1	0.67130557	3.70505547
1016	1070	44	2	0.70522808	7.73562202
1016	1070	44	3	0.17341690	0.79432046
1016	1070	44	4	1.49635588	9.08815921
1016	1070	44	5	0.29778192	1.47583494
1016	1070	44	6	3.42970749	13.38892739
1016	1070	44	7	0.21928424	1.07831687
1016	1070	44	8	0.01636568	0.18725237
1016	1070	44	9	1.44693067	5.90145545
1016	1070	44	10	0.10217555	0.49600357
1016	1070	44	11	0.08043618	0.38339115
1016	1070	44	12	1.04801564	10.74693381
1016	1070	44	13	1.57761796	8.74849343
1016	1070	44	14	3.78672107	23.08519859
1016	1070	44	15	0.25986905	1.36930994
1016	1070	44	16	0.85647271	6.94559225
1016	1070	44	17	0.22325886	1.91913727
1016	1070	44	18	0.12169190	0.67300613
1016	1070	44	19	1.79942995	18.33456034
1016	1070	45	0	1.70437277	6.64874663
1016	1070	45	1	0.67065875	3.70623546
1016	1070	45	2	0.69871528	7.58178332
1016	1070	45	3	0.18048729	0.82336194
1016	1070	45	4	1.49657362	9.16927467
1016	1070	45	5	0.29865337	1.47575888
1016	1070	45	6	3.43095486	13.42724600
1016	1070	45	7	0.23095392	1.07241853
1016	1070	45	8	0.01739636	0.17652591
1016	1070	45	9	1.45063652	5.93816145
1016	1070	45	10	0.10247715	0.49531687
1016	1070	45	11	0.08529910	0.38117562
1016	1070	45	12	1.04573058	10.82348792
1016	1070	45	13	1.56104849	8.67904126
1016	1070	45	14	3.78674696	23.10996697
1016	1070	45	15	0.26067288	1.36717536
1016	1070	45	16	0.85621890	6.95641770
1016	1070	45	17	0.22374248	1.90394615
1016	1070	45	18	0.12207294	0.67011192
1016	1070	45	19	1.79977456	18.49976846
1016	1070	46	0	1.70019990	6.63415658
1016	1070	46	1	0.66996784	3.70655520
1016	1070	46	2	0.69307994	7.43851613
1016	1070	46	3	0.18756430	0.85419525
1016	1070	46	4	1.49564454	9.23797628
1016	1070	46	5	0.29958428	1.47656961
1016	1070	46	6	3.43087862	13.45710595
1016	1070	46	7	0.24420826	1.07942160
1016	1070	46	8	0.01857302	0.16838205
1016	1070	46	9	1.45370864	5.96980194
1016	1070	46	10	0.10280613	0.49507418
1016	1070	46	11	0.09083100	0.38430064
1016	1070	46	12	1.04313641	10.89083691
1016	1070	46	13	1.54458342	8.60609532
1016	1070	46	14	3.78666327	23.13072499
1016	1070	46	15	0.26153891	1.36625304
1016	1070	46	16	0.85594849	6.96567130
1016	1070	46	17	0.22428223	1.89112613
1016	1070	46	18	0.12248925	0.66813453
1016	1070	46	19	1.79980461	18.65059564
1016	1070	47	0	1.69603267	6.61916576
1016	1070	47	1	0.66923876	3.70612621
1016	1070	47	2	0.68822876	7.30552390
1016	1070	47	3	0.19460223	0.88650132
1016	1070	47	4	1.49366101	9.29505035
1016	1070	47	5	0.30056679	1.47814763
1016	1070	47	6	3.42959267	13.47932619
1016	1070	47	7	0.25888872	1.09821657
1016	1070	47	8	0.01988853	0.16259313
1016	1070	47	9	1.45622816	5.99695369
1016	1070	47	10	0.10315903	0.49521080
1016	1070	47	11	0.09698881	0.39228387
1016	1070	47	12	1.04024980	10.94950378
1016	1070	47	13	1.52832817	8.53041776
1016	1070	47	14	3.78648647	23.14801661
1016	1070	47	15	0.26245924	1.36637323
1016	1070	47	16	0.85566366	6.97352784
1016	1070	47	17	0.22487068	1.88043873
1016	1070	47	18	0.12293638	0.66693949
1016	1070	47	19	1.79955998	18.78800912
1016	1070	48	0	1.69189719	6.60388343
1016	1070	48	1	0.66847727	3.70504572
1016	1070	48	2	0.68407765	7.18244972
1016	1070	48	3	0.20155758	0.91997337
1016	1070	48	4	1.49070830	9.34125312
1016	1070	48	5	0.30159321	1.48038968
1016	1070	48	6	3.42719874	13.49463215
1016	1070	48	7	0.27483282	1.12776709
1016	1070	48	8	0.02133523	0.15895727
1016	1070	48	9	1.45826587	6.02013671
1016	1070	48	10	0.10353256	0.49567199
1016	1070	48	11	0.10372686	0.40470388
1016	1070	48	12	1.03708879	10.99998088
1016	1070	48	13	1.51237921	8.45273269
1016	1070	48	14	3.78623063	23.16231360
1016	1070	48	15	0.26342625	1.36739075
1016	1070	48	16	0.85536653	6.98014300
1016	1070	48	17	0.22550102	1.87166767
1016	1070	48	18	0.12341016	0.66641281
1016	1070	48	19	1.79907610	18.91292985
1016	1070	49	0	1.68781836	6.58841671
1016	1070	49	1	0.66768909	3.70339917
1016	1070	49	2	0.68055094	7.06889223
1016	1070	49	3	0.20838971	0.95431690
1016	1070	49	4	1.48686671	9.37730832
1016	1070	49	5	0.30265593	1.48320565
1016	1070	49	6	3.42378948	13.50366720
1016	1070	49	7	0.29187241	1.16709074
1016	1070	49	8	0.02290460	0.15729416
1016	1070	49	9	1.45988354	6.03981757
1016	1070	49	10	0.10392357	0.49641106
1016	1070	49	11	0.11099550	0.42118442
1016	1070	49	12	1.03367348	11.04273413
1016	1070	49	13	1.49682325	8.37372435
1016	1070	49	14	3.78590788	23.17402491
1016	1070	49	15	0.26443251	1.36918059
1016	1070	49	16	0.85505922	6.98565560
1016	1070	49	17	0.22616685	1.86461674
1016	1070	49	18	0.12390659	0.66645740
1016	1070	49	19	1.79838463	19.02623208
1016	1070	50	0	1.68381945	6.57286990
1016	1070	50	1	0.66687984	3.70126225
1016	1070	50	2	0.67758066	6.96441898
1016	1070	50	3	0.21506129	0.98925030
1016	1070	50	4	1.48221341	9.40390728
1016	1070	50	5	0.30374738	1.48651601
1016	1070	50	6	3.41945109	13.50700443
1016	1070	50	7	0.30983368	1.21524211
1016	1070	50	8	0.02458701	0.15744104
1016	1070	50	9	1.46113505	6.05641312
1016	1070	50	10	0.10432902	0.49738788
1016	1070	50	11	0.11874049	0.44138072
1016	1070	50	12	1.03002634	11.07820741
1016	1070	50	13	1.48173670	8.29403488
1016	1070	50	14	3.78552884	23.18350501
1016	1070	50	15	0.26547064	1.37163422
1016	1070	50	16	0.85474385	6.99018972
1016	1070	50	17	0.22686211	1.85910771
1016	1070	50	18	0.12442177	0.66699017
1016	1070	50	19	1.79751405	19.12874383
1016	1070	51	0	1.67992188	6.55734365
1016	1070	51	1	0.66605514	3.69870258
1016	1070	51	2	0.67510575	6.86857754
1016	1070	51	3	0.22153871	1.02450580
1016	1070	51	4	1.47682381	9.42171087
1016	1070	51	5	0.30486009	1.49024972
1016	1070	51	6	3.41426543	13.50515795
1016	1070	51	7	0.32853839	1.27129940
1016	1070	51	8	0.02637170	0.15924908
1016	1070	51	9	1.46206745	6.07029448
1016	1070	51	10	0.10474589	0.49856756
1016	1070	51	11	0.12690289	0.46496808
1016	1070	51	12	1.02617236	11.10682698
1016	1070	51	13	1.46718532	8.21426191
1016	1070	51	14	3.78510283	23.19106118
1016	1070	51	15	0.26653336	1.37465650
1016	1070	51	16	0.85442254	6.99385643
1016	1070	51	17	0.22758097	1.85497843
1016	1070	51	18	0.12495191	0.66793950
1016	1070	51	19	1.79649018	19.22124778
1016	1070	52	0	1.67614491	6.54193398
1016	1070	52	1	0.66522050	3.69578117
1016	1070	52	2	0.67307146	6.78090472
1016	1070	52	3	0.22779241	1.05983069
1016	1070	52	4	1.47077251	9.43135240
1016	1070	52	5	0.30598662	1.49434259
1016	1070	52	6	3.40831174	13.49859353
1016	1070	52	7	0.34780616	1.33435508
1016	1070	52	8	0.02824671	0.16258022
1016	1070	52	9	1.46272185	6.08179111
1016	1070	52	10	0.10517125	0.49991947
1016	1070	52	11	0.13541949	0.49163286
1016	1070	52	12	1.02213889	11.12900552
1016	1070	52	13	1.45322417	8.13495634
1016	1070	52	14	3.78463819	23.19696001
1016	1070	52	15	0.26761347	1.37816322
1016	1070	52	16	0.85409741	6.99675540
1016	1070	52	17	0.22831782	1.85208106
1016	1070	52	18	0.12549326	0.66924322
1016	1070	52	19	1.79533658	19.30448266
1016	1070	53	0	1.67250544	6.52673135
1016	1070	53	1	0.66438134	3.69255351
1016	1070	53	2	0.67142861	6.70093396
1016	1070	53	3	0.23379705	1.09498863
1016	1070	53	4	1.46413396	9.43344123
1016	1070	53	5	0.30711969	1.49873594
1016	1070	53	6	3.40166781	13.48773817
1016	1070	53	7	0.36745736	1.40351075
1016	1070	53	8	0.03019903	0.16730441
1016	1070	53	9	1.46313428	6.09119488
1016	1070	53	10	0.10560221	0.50141638
1016	1070	53	11	0.14422354	0.52106583
1016	1070	53	12	1.01795536	11.14514577
1016	1070	53	13	1.43989775	8.05662040
1016	1070	53	14	3.78414239	23.20143292
1016	1070	53	15	0.26870388	1.38207908
1016	1070	53	16	0.85377051	6.99897627
1016	1070	53	17	0.22906723	1.85028053
1016	1070	53	18	0.12604215	0.67084695
1016	1070	53	19	1.79407483	19.37914494
1016	1070	54	0	1.66901793	6.51181972
1016	1070	54	1	0.66354292	3.68907047
1016	1070	54	2	0.67013305	6.62820138
1016	1070	54	3	0.23953163	1.12976093
1016	1070	54	4	1.45698268	9.42856622
1016	1070	54	5	0.30825220	1.50337569
1016	1070	54	6	3.39441083	13.47298852
1016	1070	54	7	0.38731628	1.47787598
1016	1070	54	8	0.03221472	0.17329741
1016	1070	54	9	1.46333637	6.09876394
1016	1070	54	10	0.10603595	0.50303382
1016	1070	54	11	0.15324585	0.55295767
1016	1070	54	12	1.01365283	11.15564351
1016	1070	54	13	1.42724036	7.97970627
1016	1070	54	14	3.78362219	23.20468113
1016	1070	54	15	0.26979765	1.38633608
1016	1070	54	16	0.85344389	7.00059985
1016	1070	54	17	0.22982398	1.84945313
1016	1070	54	18	0.12659499	0.67270269
1016	1070	54	19	1.79272483	19.44589056
1016	1070	55	0	1.66569430	6.49727582
1016	1070	55	1	0.66271030	3.68537899
1016	1070	55	2	0.66914509	6.56225043
1016	1070	55	3	0.24497941	1.16394760
1016	1070	55	4	1.44939322	9.41729909
1016	1070	55	5	0.30937733	1.50821154
1016	1070	55	6	3.38661780	13.45471795
1016	1070	55	7	0.40721434	1.55657061
1016	1070	55	8	0.03427919	0.18043902
1016	1070	55	9	1.46335597	6.10472637
1016	1070	55	10	0.10646976	0.50474958
1016	1070	55	11	0.16241608	0.58699656
1016	1070	55	12	1.00926345	11.16088978
1016	1070	55	13	1.41527660	7.90461529
1016	1070	55	14	3.78308376	23.20687981
1016	1070	55	15	0.27088806	1.39087232
1016	1070	55	16	0.85311950	7.00169914
1016	1070	55	17	0.23058305	1.84948529
1016	1070	55	18	0.12714830	0.67476774
1016	1070	55	19	1.79130493	19.50533692
1016	1070	56	0	1.66254397	6.48316847
1016	1070	56	1	0.66188828	3.68152255
1016	1070	56	2	0.66842901	6.50263560
1016	1070	56	3	0.25012787	1.19736829
1016	1070	56	4	1.44143985	9.40019706
1016	1070	56	5	0.31048857	1.51319653
1016	1070	56	6	3.37836566	13.43328224
1016	1070	56	7	0.42699299	1.63872966
1016	1070	56	8	0.03637741	0.18861184
1016	1070	56	9	1.46321773	6.10928360
1016	1070	56	10	0.10690100	0.50654332
1016	1070	56	11	0.17166401	0.62286755
1016	1070	56	12	1.00481986	11.16127244
1016	1070	56	13	1.40402207	7.83169786
1016	1070	56	14	3.78253275	23.20818177
1016	1070	56	15	0.27196870	1.39563101
1016	1070	56	16	0.85279921	7.00234019
1016	1070	56	17	0.23133964	1.85027251
1016	1070	56	18	0.12769873	0.67700382
1016	1070	56	19	1.78983210	19.55806473
1016	1070	57	0	1.65957388	6.46955809
1016	1070	57	1	0.66108134	3.67754159
1016	1070	57	2	0.66795260	6.44892512
1016	1070	57	3	0.25496846	1.22986291
1016	1070	57	4	1.43319612	9.37780485
1016	1070	57	5	0.31157984	1.51828668
1016	1070	57	6	3.36973111	13.40902402
1016	1070	57	7	0.44650619	1.72351027
1016	1070	57	8	0.03849423	0.19770041
1016	1070	57	9	1.46294353	6.11261360
1016	1070	57	10	0.10732719	0.50839631
1016	1070	57	11	0.18092094	0.66025338
1016	1070	57	12	1.00035456	11.15717692
1016	1070	57	13	1.39348405	7.76125400
1016	1070	57	14	3.78197430	23.20872055
1016	1070	57	15	0.27303347	1.40055981
1016	1070	57	16	0.85248476	7.00258290
1016	1070	57	17	0.23208925	1.85171852
1016	1070	57	18	0.12824310	0.67937639
1016	1070	57	19	1.78832201	19.60461989
1016	1070	58	0	1.65678863	6.45649644
1016	1070	58	1	0.66029365	3.67347373
1016	1070	58	2	0.66768678	6.40070295
1016	1070	58	3	0.25949641	1.26129191
1016	1070	58	4	1.42473421	9.35065590
1016	1070	58	5	0.31264549	1.52344078
1016	1070	58	6	3.36079024	13.38227581
1016	1070	58	7	0.46562234	1.81009953
1016	1070	58	8	0.04061463	0.20759084
1016	1070	58	9	1.46255286	6.11487364
1016	1070	58	10	0.10774601	0.51029122
1016	1070	58	11	0.19012094	0.69883649
1016	1070	58	12	0.99589925	11.14898631
1016	1070	58	13	1.38366239	7.69353450
1016	1070	58	14	3.78141316	23.20861308
1016	1070	58	15	0.27407671	1.40561031
1016	1070	58	16	0.85217779	7.00248161
1016	1070	58	17	0.23282763	1.85373447
1016	1070	58	18	0.12877841	0.68185413
1016	1070	58	19	1.78678911	19.64551535
1016	1070	59	0	1.65419061	6.44402650
1016	1070	59	1	0.65952893	3.66935391
1016	1070	59	2	0.66760523	6.35757019
1016	1070	59	3	0.26371037	1.29153634
1016	1070	59	4	1.41612428	9.31927277
1016	1070	59	5	0.31368042	1.52862031
1016	1070	59	6	3.35161798	13.35336200
1016	1070	59	7	0.48422561	1.89772269
1016	1070	59	8	0.04272403	0.21817069
1016	1070	59	9	1.46206318	6.11620295
1016	1070	59	10	0.10815530	0.51221198
1016	1070	59	11	0.19920194	0.73830182
1016	1070	59	12	0.99148433	11.13708077
1016	1070	59	13	1.37455031	7.62874283
1016	1070	59	14	3.78085361	23.20796198
1016	1070	59	15	0.27509322	1.41073768
1016	1070	59	16	0.85187977	7.00208569
1016	1070	59	17	0.23355089	1.85623832
1016	1070	59	18	0.12930189	0.68440849
1016	1070	59	19	1.78524666	19.68123275
1016	1070	60	0	1.65178016	6.43218250
1016	1070	60	1	0.65879052	3.66521452
1016	1070	60	2	0.66768414	6.31914592
1016	1070	60	3	0.26761211	1.32049751
1016	1070	60	4	1.40743378	9.28416680
1016	1070	60	5	0.31468010	1.53378943
1016	1070	60	6	3.34228753	13.32259974
1016	1070	60	7	0.50221663	1.98565096
1016	1070	60	8	0.04480854	0.22932924
1016	1070	60	9	1.46149019	6.11672493
1016	1070	60	10	0.10855310	0.51414370
1016	1070	60	11	0.20810670	0.77834019
1016	1070	60	12	0.98713835	11.12183651
1016	1070	60	13	1.36613528	7.56703734
1016	1070	60	14	3.78029957	23.20685744
1016	1070	60	15	0.27607832	1.41590050
1016	1070	60	16	0.85159201	7.00143995
1016	1070	60	17	0.23425549	1.85915434
1016	1070	60	18	0.12981102	0.68701348
1016	1070	60	19	1.78370677	19.71222409
1016	1070	61	0	1.64955579	6.42099019
1016	1070	61	1	0.65808131	3.66108541
1016	1070	61	2	0.66790184	6.28506770
1016	1070	61	3	0.27120616	1.34809644
1016	1070	61	4	1.39872678	9.24583717
1016	1070	61	5	0.31564058	1.53891498
1016	1070	61	6	3.33286961	13.29029905
1016	1070	61	7	0.51951267	2.07320839
1016	1070	61	8	0.04685515	0.24095784
1016	1070	61	9	1.46084805	6.11654918
1016	1070	61	10	0.10893768	0.51607261
1016	1070	61	11	0.21678355	0.81865183
1016	1070	61	12	0.98288757	11.10362426
1016	1070	61	13	1.35839987	7.50853405
1016	1070	61	14	3.77975455	23.20537885
1016	1070	61	15	0.27702788	1.42106056
1016	1070	61	16	0.85131564	7.00058507
1016	1070	61	17	0.23493825	1.86241264
1016	1070	61	18	0.13030353	0.68964536
1016	1070	61	19	1.78218042	19.73891317
1016	1070	62	0	1.64751440	6.41046717
1016	1070	62	1	0.65740370	3.65699390
1016	1070	62	2	0.66823870	6.25499169
1016	1070	62	3	0.27449945	1.37427305
1016	1070	62	4	1.39006337	9.20476936
1016	1070	62	5	0.31655853	1.54396655
1016	1070	62	6	3.32343183	13.25676214
1016	1070	62	7	0.53604728	2.15977742
1016	1070	62	8	0.04885195	0.25295059
1016	1070	62	9	1.46014956	6.11577329
1016	1070	62	10	0.10930752	0.51798609
1016	1070	62	11	0.22518687	0.85894991
1016	1070	62	12	0.97875570	11.08280752
1016	1070	62	13	1.35132254	7.45330971
1016	1070	62	14	3.77922170	23.20359619
1016	1070	62	15	0.27793834	1.42618285
1016	1070	62	16	0.85105164	6.99955790
1016	1070	62	17	0.23559639	1.86594887
1016	1070	62	18	0.13077746	0.69228255
1016	1070	62	19	1.78067747	19.76169701
1016	1070	63	0	1.64565144	6.40062337
1016	1070	63	1	0.65675968	3.65296482
1016	1070	63	2	0.66867682	6.22859258
1016	1070	63	3	0.27750095	1.39898510
1016	1070	63	4	1.38149915	9.16143337
1016	1070	63	5	0.31743125	1.54891655
1016	1070	63	6	3.31403806	13.22228229
1016	1070	63	7	0.55176957	2.24480304
1016	1070	63	8	0.05078826	0.26520501
1016	1070	63	9	1.45940633	6.11448432
1016	1070	63	10	0.10966132	0.51987257
1016	1070	63	11	0.23327745	0.89896382
1016	1070	63	12	0.97476355	11.05974062
1016	1070	63	13	1.34487839	7.40140507
1016	1070	63	14	3.77870376	23.20157118
1016	1070	63	15	0.27880675	1.43123551
1016	1070	63	16	0.85080077	6.99839179
1016	1070	63	17	0.23622755	1.86970386
1016	1070	63	18	0.13123112	0.69490547
1016	1070	63	19	1.77920669	19.78094710
1016	1070	64	0	1.64396118	6.39146162
1016	1070	64	1	0.65615074	3.64902044
1016	1070	64	2	0.66919993	6.20556330
1016	1070	64	3	0.28022135	1.42220700
1016	1070	64	4	1.37308482	9.11628159
1016	1070	64	5	0.31825664	1.55374024
1016	1070	64	6	3.30474782	13.18714234
1016	1070	64	7	0.56664315	2.32779523
1016	1070	64	8	0.05265474	0.27762274
1016	1070	64	9	1.45862890	6.11276013
1016	1070	64	10	0.10999803	0.52172164
1016	1070	64	11	0.24102256	0.93844209
1016	1070	64	12	0.97092902	11.03476669
1016	1070	64	13	1.33903991	7.35282831
1016	1070	64	14	3.77820312	23.19935823
1016	1070	64	15	0.27963073	1.43618980
1016	1070	64	16	0.85056364	6.99711679
1016	1070	64	17	0.23682976	1.87362347
1016	1070	64	18	0.13166312	0.69749650
1016	1070	64	19	1.77777578	19.79701059
1016	1070	65	0	1.64243690	6.38297829
1016	1070	65	1	0.65557796	3.64518053
1016	1070	65	2	0.66979324	6.18561461
1016	1070	65	3	0.28267268	1.44392849
1016	1070	65	4	1.36486587	9.06974667
1016	1070	65	5	0.31903321	1.55841578
1016	1070	65	6	3.29561585	13.15161303
1016	1070	65	7	0.58064492	2.40832992
1016	1070	65	8	0.05444342	0.29011032
1016	1070	65	9	1.45782683	6.11067053
1016	1070	65	10	0.11031684	0.52352395
1016	1070	65	11	0.24839592	0.97715472
1016	1070	65	12	0.96726693	11.00821573
1016	1070	65	13	1.33377756	7.30755857
1016	1070	65	14	3.77772182	23.19700526
1016	1070	65	15	0.28040851	1.44102012
1016	1070	65	16	0.85034069	6.99575990
1016	1070	65	17	0.23740144	1.87765827
1016	1070	65	18	0.13207238	0.70003988
1016	1070	65	19	1.77639138	19.81021138
1016	1070	66	0	1.64107107	6.37516395
1016	1070	66	1	0.65504198	3.64146236
1016	1070	66	2	0.67044328	6.16847459
1016	1070	66	3	0.28486804	1.46415322
1016	1070	66	4	1.35688244	9.02223939
1016	1070	66	5	0.31976004	1.56292426
1016	1070	66	6	3.28669168	13.11595126
1016	1070	66	7	0.59376365	2.48604850
1016	1070	66	8	0.05614776	0.30257984
1016	1070	66	9	1.45700878	6.10827820
1016	1070	66	10	0.11061713	0.52527131
1016	1070	66	11	0.25537747	1.01489502
1016	1070	66	12	0.96378912	10.98040273
1016	1070	66	13	1.32906042	7.26554937
1016	1070	66	14	3.77726152	23.19455442
1016	1070	66	15	0.28113885	1.44570398
1016	1070	66	16	0.85013218	6.99434527
1016	1070	66	17	0.23794144	1.88176344
1016	1070	66	18	0.13245808	0.70252169
1016	1070	66	19	1.77505910	19.82085113
1016	1070	67	0	1.63985556	6.36800410
1016	1070	67	1	0.65454307	3.63788071
1016	1070	67	2	0.67113785	6.15388807
1016	1070	67	3	0.28682131	1.48289727
1016	1070	67	4	1.34916920	8.97414668
1016	1070	67	5	0.32043673	1.56724965
1016	1070	67	6	3.27801941	13.08039837
1016	1070	67	7	0.60599855	2.56065600
1016	1070	67	8	0.05776260	0.31494958
1016	1070	67	9	1.45618258	6.10563949
1016	1070	67	10	0.11089853	0.52695658
1016	1070	67	11	0.26195307	1.05148079
1016	1070	67	12	0.96050448	10.95162606
1016	1070	67	13	1.32485663	7.22673207
1016	1070	67	14	3.77682358	23.19204268
1016	1070	67	15	0.28182107	1.45022197
1016	1070	67	16	0.84993820	6.99289435
1016	1070	67	17	0.23844894	1.88589854
1016	1070	67	18	0.13281972	0.70492978
1016	1070	67	19	1.77378359	19.82921024
1016	1070	68	0	1.63878178	6.36147983
1016	1070	68	1	0.65408112	3.63444795
1016	1070	68	2	0.67186590	6.14161601
1016	1070	68	3	0.28854692	1.50018769
1016	1070	68	4	1.34175542	8.92582989
1016	1070	68	5	0.32106339	1.57137877
1016	1070	68	6	3.26963753	13.04517870
1016	1070	68	7	0.61735787	2.63191827
1016	1070	68	8	0.05928414	0.32714448
1016	1070	68	9	1.45535529	6.10280514
1016	1070	68	10	0.11116085	0.52857376
1016	1070	68	11	0.26811405	1.08675497
1016	1070	68	12	0.95741917	10.92216600
1016	1070	68	13	1.32113390	7.19101907
1016	1070	68	14	3.77640901	23.18950231
1016	1070	68	15	0.28245497	1.45455771
1016	1070	68	16	0.84975873	6.99142611
1016	1070	68	17	0.23892351	1.89002737
1016	1070	68	18	0.13315701	0.70725371
1016	1070	68	19	1.77256856	19.83554878
1016	1070	69	0	1.63784088	6.35556857
1016	1070	69	1	0.65365570	3.63117412
1016	1070	69	2	0.67261745	6.13143485
1016	1070	69	3	0.29005956	1.51606101
1016	1070	69	4	1.33466507	8.87762339
1016	1070	69	5	0.32164058	1.57530120
1016	1070	69	6	3.26157885	13.01049821
1016	1070	69	7	0.62785752	2.69965833
1016	1070	69	8	0.06070987	0.33909653
1016	1070	69	9	1.45453321	6.09982079
1016	1070	69	10	0.11140411	0.53011789
1016	1070	69	11	0.27385677	1.12058570
1016	1070	69	12	0.95453671	10.89228364
1016	1070	69	13	1.31785986	7.15830699
1016	1070	69	14	3.77601853	23.18696134
1016	1070	69	15	0.28304081	1.45869775
1016	1070	69	16	0.84959360	6.98995717
1016	1070	69	17	0.23936503	1.89411776
1016	1070	69	18	0.13346993	0.70948473
1016	1070	69	19	1.77141681	19.84010730
1016	1070	70	0	1.63702384	6.35024470
1016	1070	70	1	0.65326608	3.62806700
1016	1070	70	2	0.67338354	6.12313589
1016	1070	70	3	0.29137405	1.53056184
1016	1070	70	4	1.32791703	8.82983343
1016	1070	70	5	0.32216925	1.57900918
1016	1070	70	6	3.25387059	12.97654353
1016	1070	70	7	0.63751971	2.76375201
1016	1070	70	8	0.06203845	0.35074504
1016	1070	70	9	1.45372196	6.09672751
1016	1070	70	10	0.11162847	0.53158505
1016	1070	70	11	0.27918211	1.15286591
1016	1070	70	12	0.95185830	10.86222003
1016	1070	70	13	1.31500241	7.12847954
1016	1070	70	14	3.77565258	23.18444398
1016	1070	70	15	0.28357929	1.46263148
1016	1070	70	16	0.84944252	6.98850194
1016	1070	70	17	0.23977370	1.89814145
1016	1070	70	18	0.13375870	0.71161568
1016	1070	70	19	1.77033034	19.84310776
1016	1070	71	0	1.63632161	6.34548022
1016	1070	71	1	0.65291130	3.62513224
1016	1070	71	2	0.67415616	6.11652465
1016	1070	71	3	0.29250513	1.54374149
1016	1070	71	4	1.32152535	8.78273744
1016	1070	71	5	0.32265069	1.58249748
1016	1070	71	6	3.24653452	12.94348126
1016	1070	71	7	0.64637184	2.82412335
1016	1070	71	8	0.06326968	0.36203681
1016	1070	71	9	1.45292649	6.09356216
1016	1070	71	10	0.11183428	0.53297232
1016	1070	71	11	0.28409489	1.18351246
1016	1070	71	12	0.94938295	10.83219558
1016	1070	71	13	1.31253001	7.10141022
1016	1070	71	14	3.77531133	23.18197089
1016	1070	71	15	0.28407143	1.46635101
1016	1070	71	16	0.84930511	6.98707281
1016	1070	71	17	0.24014998	1.90207388
1016	1070	71	18	0.13402370	0.71364091
1016	1070	71	19	1.76931037	19.84475431
1016	1070	72	0	1.63572524	6.34124532
1016	1070	72	1	0.65259016	3.62237350
1016	1070	72	2	0.67492817	6.11142023
1016	1070	72	3	0.29346733	1.55565670
1016	1070	72	4	1.31549956	8.73658373
1016	1070	72	5	0.32308650	1.58576319
1016	1070	72	6	3.23958714	12.91145753
1016	1070	72	7	0.65444536	2.88073960
1016	1070	72	8	0.06440430	0.37292609
1016	1070	72	9	1.45215111	6.09035773
1016	1070	72	10	0.11202199	0.53427769
1016	1070	72	11	0.28860340	1.21246500
1016	1070	72	12	0.94710783	10.80240982
1016	1070	72	13	1.31041187	7.07696481
1016	1070	72	14	3.77499472	23.17955956
1016	1070	72	15	0.28451859	1.46985098
1016	1070	72	16	0.84918090	6.98568027
1016	1070	72	17	0.24049455	1.90589398
1016	1070	72	18	0.13426551	0.71555624
1016	1070	72	19	1.76835741	19.84523413
1016	1070	73	0	1.63522590	6.33750894
1016	1070	73	1	0.65230129	3.61979259
1016	1070	73	2	0.67569332	6.10765468
1016	1070	73	3	0.29427483	1.56636840
1016	1070	73	4	1.30984502	8.69159145
1016	1070	73	5	0.32347852	1.58880562
1016	1070	73	6	3.23303997	12.88059795
1016	1070	73	7	0.66177479	2.93360632
1016	1070	73	8	0.06544395	0.38337450
1016	1070	73	9	1.45139954	6.08714367
1016	1070	73	10	0.11219218	0.53550006
1016	1070	73	11	0.29271883	1.23968443
1016	1070	73	12	0.94502844	10.77304140
1016	1070	73	13	1.30861820	7.05500358
1016	1070	73	14	3.77470248	23.17722457
1016	1070	73	15	0.28492240	1.47312843
1016	1070	73	16	0.84906935	6.98433307
1016	1070	73	17	0.24080835	1.90958401
1016	1070	73	18	0.13448486	0.71735881
1016	1070	73	19	1.76747134	19.84471822
1016	1070	74	0	1.63481503	6.33423922
1016	1070	74	1	0.65204319	3.61738962
1016	1070	74	2	0.67644610	6.10507246
1016	1070	74	3	0.29494137	1.57594065
1016	1070	74	4	1.30456332	8.64795099
1016	1070	74	5	0.32382878	1.59162603
1016	1070	74	6	3.22689991	12.85100788
1016	1070	74	7	0.66839694	2.98276243
1016	1070	74	8	0.06639099	0.39335085
1016	1070	74	9	1.45067491	6.08394608
1016	1070	74	10	0.11234554	0.53663913
1016	1070	74	11	0.29645480	1.26515131
1016	1070	74	12	0.94313891	10.74424833
1016	1070	74	13	1.30712032	7.03538330
1016	1070	74	14	3.77443415	23.17497786
1016	1070	74	15	0.28528470	1.47618258
1016	1070	74	16	0.84896986	6.98303835
1016	1070	74	17	0.24109245	1.91312937
1016	1070	74	18	0.13468260	0.71904705
1016	1070	74	19	1.76665147	19.84336222
1016	1070	75	0	1.63448435	6.33140398
1016	1070	75	1	0.65181423	3.61516316
1016	1070	75	2	0.67718179	6.10352978
1016	1070	75	3	0.29548018	1.58443959
1016	1070	75	4	1.29965259	8.60582467
1016	1070	75	5	0.32413948	1.59422747
1016	1070	75	6	3.22116960	12.82277286
1016	1070	75	7	0.67435011	3.02827552
1016	1070	75	8	0.06724845	0.40283084
1016	1070	75	9	1.44997982	6.08078796
1016	1070	75	10	0.11248282	0.53769533
1016	1070	75	11	0.29982689	1.28886400
1016	1070	75	12	0.94143221	10.71616847
1016	1070	75	13	1.30589078	7.01795903
1016	1070	75	14	3.77418910	23.17282893
1016	1070	75	15	0.28560752	1.47901465
1016	1070	75	16	0.84888179	6.98180177
1016	1070	75	17	0.24134809	1.91651831
1016	1070	75	18	0.13485968	0.72062050
1016	1070	75	19	1.76589660	19.84130722
1016	1070	76	0	1.63422594	6.32897108
1016	1070	76	1	0.65161271	3.61311044
1016	1070	76	2	0.67789633	6.10289412
1016	1070	76	3	0.29590388	1.59193257
1016	1070	76	4	1.29510800	8.56534769
1016	1070	76	5	0.32441292	1.59661459
1016	1070	76	6	3.21584777	12.79595940
1016	1070	76	7	0.67967347	3.07023738
1016	1070	76	8	0.06801986	0.41179670
1016	1070	76	9	1.44931634	6.07768942
1016	1070	76	10	0.11260484	0.53866978
1016	1070	76	11	0.30285223	1.31083679
1016	1070	76	12	0.93990037	10.68892015
1016	1070	76	13	1.30490347	7.00258567
1016	1070	76	14	3.77396656	23.17078514
1016	1070	76	15	0.28589300	1.48162765
1016	1070	76	16	0.84880445	6.98062768
1016	1070	76	17	0.24157661	1.91974182
1016	1070	76	18	0.13501714	0.72207975
1016	1070	76	19	1.76520510	19.83868052
1016	1070	77	0	1.63403222	6.32690877
1016	1070	77	1	0.65143687	3.61122747
1016	1070	77	2	0.67858635	6.10304359
1016	1070	77	3	0.29622447	1.59848733
1016	1070	77	4	1.29092204	8.52662934
1016	1070	77	5	0.32465146	1.59879337
1016	1070	77	6	3.21092973	12.77061592
1016	1070	77	7	0.68440656	3.10875980
1016	1070	77	8	0.06870919	0.42023677
1016	1070	77	9	1.44868609	6.07466784
1016	1070	77	10	0.11271245	0.53956416
1016	1070	77	11	0.30554906	1.33109801
1016	1070	77	12	0.93853471	10.66260309
1016	1070	77	13	1.30413365	6.98911932
1016	1070	77	14	3.77376567	23.16885186
1016	1070	77	15	0.28614339	1.48402617
1016	1070	77	16	0.84873717	6.97951920
1016	1070	77	17	0.24177946	1.92279334
1016	1070	77	18	0.13515609	0.72342633
1016	1070	77	19	1.76457498	19.83559645
1016	1070	78	0	1.63389608	6.32518593
1016	1070	78	1	0.65128495	3.60950923
1016	1070	78	2	0.67924905	6.10386647
1016	1070	78	3	0.29645330	1.60417130
1016	1070	78	4	1.28708496	8.48975438
1016	1070	78	5	0.32485753	1.60077096
1016	1070	78	6	3.20640769	12.74677384
1016	1070	78	7	0.68858877	3.14397075
1016	1070	78	8	0.06932071	0.42814503
1016	1070	78	9	1.44809021	6.07173804
1016	1070	78	10	0.11280657	0.54038068
1016	1070	78	11	0.30793643	1.34968813
1016	1070	78	12	0.93732602	10.63729928
1016	1070	78	13	1.30355802	6.97741846
1016	1070	78	14	3.77358544	23.16703274
1016	1070	78	15	0.28636099	1.48621614
1016	1070	78	16	0.84867923	6.97847839
1016	1070	78	17	0.24195814	1.92566856
1016	1070	78	18	0.13527765	0.72466258
1016	1070	78	19	1.76400391	19.83215714
1016	1070	79	0	1.63381077	6.32377237
1016	1070	79	1	0.65115517	3.60794985
1016	1070	79	2	0.67988223	6.10526068
1016	1070	79	3	0.29660099	1.60905097
1016	1070	79	4	1.28358511	8.45478464
1016	1070	79	5	0.32503352	1.60255550
1016	1070	79	6	3.20227125	12.72444887
1016	1070	79	7	0.69225905	3.17601089
1016	1070	79	8	0.06985893	0.43552063
1016	1070	79	9	1.44752946	6.06891248
1016	1070	79	10	0.11288808	0.54112198
1016	1070	79	11	0.31003385	1.36665795
1016	1070	79	12	0.93626472	10.61307410
1016	1070	79	13	1.30315471	6.96734487
1016	1070	79	14	3.77342483	23.16532984
1016	1070	79	15	0.28654813	1.48820468
1016	1070	79	16	0.84862992	6.97750637
1016	1070	79	17	0.24211419	1.92836522
1016	1070	79	18	0.13538300	0.72579153
1016	1070	79	19	1.76348933	19.82845332
1016	1070	80	0	1.63377002	6.32263896
1016	1070	80	1	0.65104576	3.60654272
1016	1070	80	2	0.68048416	6.10713322
1016	1070	80	3	0.29667750	1.61319141
1016	1070	80	4	1.28040927	8.42176066
1016	1070	80	5	0.32518184	1.60415587
1016	1070	80	6	3.19850776	12.70364233
1016	1070	80	7	0.69545554	3.20503043
1016	1070	80	8	0.07032852	0.44236733
1016	1070	80	9	1.44700421	6.06620137
1016	1070	80	10	0.11295792	0.54179106
1016	1070	80	11	0.31186104	1.38206682
1016	1070	80	12	0.93534105	10.58997745
1016	1070	80	13	1.30290330	6.95876452
1016	1070	80	14	3.77328275	23.16374383
1016	1070	80	15	0.28670713	1.48999987
1016	1070	80	16	0.84858856	6.97660339
1016	1070	80	17	0.24224917	1.93088287
1016	1070	80	18	0.13547331	0.72681685
1016	1070	80	19	1.76302850	19.82456506
1016	1070	81	0	1.63376799	6.32175783
1016	1070	81	1	0.65095499	3.60528069
1016	1070	81	2	0.68105364	6.10939976
1016	1070	81	3	0.29669207	1.61665579
1016	1070	81	4	1.27754300	8.39070346
1016	1070	81	5	0.32530483	1.60558156
1016	1070	81	6	3.19510272	12.68434256
1016	1070	81	7	0.69821536	3.23118638
1016	1070	81	8	0.07073421	0.44869301
1016	1070	81	9	1.44651450	6.06361287
1016	1070	81	10	0.11301700	0.54239123
1016	1070	81	11	0.31343769	1.39598103
1016	1070	81	12	0.93454517	10.56804493
1016	1070	81	13	1.30278481	6.95154817
1016	1070	81	14	3.77315805	23.16227420
1016	1070	81	15	0.28684028	1.49161057
1016	1070	81	16	0.84855445	6.97576898
1016	1070	81	17	0.24236465	1.93322269
1016	1070	81	18	0.13554973	0.72774266
1016	1070	81	19	1.76261850	19.82056254
1016	1070	82	0	1.63379926	6.32110248
1016	1070	82	1	0.65088119	3.60415616
1016	1070	82	2	0.68158985	6.11198406
1016	1070	82	3	0.29665325	1.61950505
1016	1070	82	4	1.27497089	8.36161633
1016	1070	82	5	0.32540477	1.60684251
1016	1070	82	6	3.19204013	12.66652635
1016	1070	82	7	0.70057437	3.25464005
1016	1070	82	8	0.07108075	0.45450918
1016	1070	82	9	1.44606005	6.06115320
1016	1070	82	10	0.11306620	0.54292601
1016	1070	82	11	0.31478326	1.40847226
1016	1070	82	12	0.93386727	10.54729910
1016	1070	82	13	1.30278165	6.94557194
1016	1070	82	14	3.77304959	23.16091935
1016	1070	82	15	0.28694983	1.49304623
1016	1070	82	16	0.84852694	6.97500206
1016	1070	82	17	0.24246216	1.93538727
1016	1070	82	18	0.13561344	0.72857352
1016	1070	82	19	1.76225634	19.81650678
1016	1070	83	0	1.63385886	6.32064783
1016	1070	83	1	0.65082273	3.60316121
1016	1070	83	2	0.68209238	6.11481757
1016	1070	83	3	0.29656891	1.62179762
1016	1070	83	4	1.27267683	8.33448663
1016	1070	83	5	0.32548387	1.60794891
1016	1070	83	6	3.18930283	12.65016036
1016	1070	83	7	0.70256706	3.27555495
1016	1070	83	8	0.07137287	0.45983039
1016	1070	83	9	1.44564032	6.05882685
1016	1070	83	10	0.11310640	0.54339909
1016	1070	83	11	0.31591679	1.41961619
1016	1070	83	12	0.93329772	10.52775068
1016	1070	83	13	1.30287765	6.94071770
1016	1070	83	14	3.77295620	23.15967683
1016	1070	83	15	0.28703795	1.49431675
1016	1070	83	16	0.84850538	6.97430101
1016	1070	83	17	0.24254323	1.93738042
1016	1070	83	18	0.13566554	0.72931428
1016	1070	83	19	1.76193894	19.81245036
1016	1070	84	0	1.63394223	6.32037033
1016	1070	84	1	0.65077807	3.60228776
1016	1070	84	2	0.68256116	6.11783894
1016	1070	84	3	0.29644625	1.62358914
1016	1070	84	4	1.27064431	8.30928761
1016	1070	84	5	0.32554424	1.60891111
1016	1070	84	6	3.18687282	12.63520254
1016	1070	84	7	0.70422644	3.29409493
1016	1070	84	8	0.07161517	0.46467383
1016	1070	84	9	1.44525454	6.05663668
1016	1070	84	10	0.11313846	0.54381426
1016	1070	84	11	0.31685677	1.42949124
1016	1070	84	12	0.93282711	10.50939978
1016	1070	84	13	1.30305792	6.93687335
1016	1070	84	14	3.77287673	23.15854340
1016	1070	84	15	0.28710674	1.49543228
1016	1070	84	16	0.84848916	6.97366375
1016	1070	84	17	0.24260932	1.93920698
1016	1070	84	18	0.13570712	0.72997001
1016	1070	84	19	1.76166324	19.80843811
1016	1070	85	0	1.63404524	6.32024794
1016	1070	85	1	0.65074571	3.60152762
1016	1070	85	2	0.68299644	6.12099357
1016	1070	85	3	0.29629184	1.62493239
1016	1070	85	4	1.26885654	8.28598015
1016	1070	85	5	0.32558788	1.60973948
1016	1070	85	6	3.18473155	12.62160350
1016	1070	85	7	0.70558389	3.31042263
1016	1070	85	8	0.07181216	0.46905881
1016	1070	85	9	1.44490174	6.05458411
1016	1070	85	10	0.11316317	0.54417539
1016	1070	85	11	0.31762104	1.43817739
1016	1070	85	12	0.93244633	10.49223708
1016	1070	85	13	1.30330891	6.93393306
1016	1070	85	14	3.77281005	23.15751521
1016	1070	85	15	0.28715820	1.49640315
1016	1070	85	16	0.84847770	6.97308785
1016	1070	85	17	0.24266186	1.94087270
1016	1070	85	18	0.13573923	0.73054593
1016	1070	85	19	1.76142617	19.80450778
1016	1070	86	0	1.63416411	6.32026021
1016	1070	86	1	0.65072428	3.60087261
1016	1070	86	2	0.68339871	6.12423314
1016	1070	86	3	0.29611163	1.62587707
1016	1070	86	4	1.26729674	8.26451444
1016	1070	86	5	0.32561669	1.61044431
1016	1070	86	6	3.18286014	12.60930779
1016	1070	86	7	0.70666918	3.32469809
1016	1070	86	8	0.07196817	0.47300635
1016	1070	86	9	1.44458076	6.05266921
1016	1070	86	10	0.11318132	0.54448634
1016	1070	86	11	0.31822668	1.44575525
1016	1070	86	12	0.93214663	10.47624501
1016	1070	86	13	1.30361826	6.93179731
1016	1070	86	14	3.77275506	23.15658789
1016	1070	86	15	0.28719422	1.49723972
1016	1070	86	16	0.84847045	6.97257062
1016	1070	86	17	0.24270221	1.94238399
1016	1070	86	18	0.13576286	0.73104735
1016	1070	86	19	1.76122471	19.80069071
1016	1070	87	0	1.63429548	6.32038817
1016	1070	87	1	0.65071246	3.60031464
1016	1070	87	2	0.68376871	6.12751521
1016	1070	87	3	0.29591099	1.62646985
1016	1070	87	4	1.26594823	8.24483165
1016	1070	87	5	0.32563246	1.61103570
1016	1070	87	6	3.18123966	12.59825515
1016	1070	87	7	0.70751038	3.33707774
1016	1070	87	8	0.07208736	0.47653876
1016	1070	87	9	1.44429032	6.05089093
1016	1070	87	10	0.11319364	0.54475095
1016	1070	87	11	0.31868995	1.45230511
1016	1070	87	12	0.93191966	10.46139883
1016	1070	87	13	1.30397481	6.93037301
1016	1070	87	14	3.77271067	23.15575669
1016	1070	87	15	0.28721661	1.49795225
1016	1070	87	16	0.84846689	6.97210910
1016	1070	87	17	0.24273166	1.94374785
1016	1070	87	18	0.13577896	0.73147958
1016	1070	87	19	1.76105588	19.79701240
1016	1070	88	0	1.63443630	6.32061442
1016	1070	88	1	0.65070902	3.59984577
1016	1070	88	2	0.68410737	6.13080280
1016	1070	88	3	0.29569471	1.62675423
1016	1070	88	4	1.26479460	8.22686542
1016	1070	88	5	0.32563684	1.61152350
1016	1070	88	6	3.17985129	12.58838165
1016	1070	88	7	0.70813389	3.34771337
1016	1070	88	8	0.07217367	0.47967928
1016	1070	88	9	1.44402903	6.04924715
1016	1070	88	10	0.11320081	0.54497301
1016	1070	88	11	0.31902624	1.45790622
1016	1070	88	12	0.93175751	10.44766770
1016	1070	88	13	1.30436853	6.92957342
1016	1070	88	14	3.77267586	23.15501655
1016	1070	88	15	0.28722704	1.49855083
1016	1070	88	16	0.84846655	6.97170022
1016	1070	88	17	0.24275143	1.94497171
1016	1070	88	18	0.13578841	0.73184789
1016	1070	88	19	1.76091683	19.79349312
1016	1070	89	0	1.63458390	6.32092300
1016	1070	89	1	0.65071283	3.59945826
1016	1070	89	2	0.68441578	6.13406395
1016	1070	89	3	0.29546709	1.62677065
1016	1070	89	4	1.26381984	8.21054333
1016	1070	89	5	0.32563139	1.61191723
1016	1070	89	6	3.17867652	12.57962071
1016	1070	89	7	0.70856439	3.35675149
1016	1070	89	8	0.07223084	0.48245173
1016	1070	89	9	1.44379539	6.04773488
1016	1070	89	10	0.11320348	0.54515618
1016	1070	89	11	0.31925004	1.46263613
1016	1070	89	12	0.93165272	10.43501563
1016	1070	89	13	1.30479040	6.92931807
1016	1070	89	14	3.77264965	23.15436222
1016	1070	89	15	0.28722707	1.49904530
1016	1070	89	16	0.84846897	6.97134078
1016	1070	89	17	0.24276268	1.94606327
1016	1070	89	18	0.13579205	0.73215747
1016	1070	89	19	1.76080478	19.79014848
1016	1070	90	0	1.63473588	6.32129939
1016	1070	90	1	0.65072283	3.59914465
1016	1070	90	2	0.68469516	6.13727134
1016	1070	90	3	0.29523190	1.62655647
1016	1070	90	4	1.26300844	8.19578821
1016	1070	90	5	0.32561752	1.61222604
1016	1070	90	6	3.17769725	12.57190413
1016	1070	90	7	0.70882493	3.36433270
1016	1070	90	8	0.07226237	0.48488023
1016	1070	90	9	1.44358786	6.04635034
1016	1070	90	10	0.11320226	0.54530404
1016	1070	90	11	0.31937490	1.46657016
1016	1070	90	12	0.93159830	10.42340244
1016	1070	90	13	1.30523244	6.92953268
1016	1070	90	14	3.77263111	23.15378832
1016	1070	90	15	0.28721816	1.49944519
1016	1070	90	16	0.84847375	6.97102753
1016	1070	90	17	0.24276649	1.94703046
1016	1070	90	18	0.13579065	0.73241339
1016	1070	90	19	1.76071709	19.78698991
1016	1070	91	0	1.63489016	6.32173046
1016	1070	91	1	0.65073808	3.59889777
1016	1070	91	2	0.68494686	6.14040193
1016	1070	91	3	0.29499249	1.62614602
1016	1070	91	4	1.26234545	8.18251941
1016	1070	91	5	0.32559656	1.61245867
1016	1070	91	6	3.17689597	12.56516288
1016	1070	91	7	0.70893686	3.37059128
1016	1070	91	8	0.07227153	0.48698889
1016	1070	91	9	1.44340486	6.04508913
1016	1070	91	10	0.11319769	0.54542002
1016	1070	91	11	0.31941345	1.46978095
1016	1070	91	12	0.93158775	10.41278460
1016	1070	91	13	1.30568758	6.93014892
1016	1070	91	14	3.77261935	23.15328939
1016	1070	91	15	0.28720163	1.49975965
1016	1070	91	16	0.84848052	6.97075720
1016	1070	91	17	0.24276384	1.94788129
1016	1070	91	18	0.13578493	0.73262053
1016	1070	91	19	1.76065122	19.78402519
1016	1070	92	0	1.63504494	6.32220436
1016	1070	92	1	0.65075767	3.59871078
1016	1070	92	2	0.68517228	6.14343656
1016	1070	92	3	0.29475175	1.62557077
1016	1070	92	4	1.26181658	8.17065389
1016	1070	92	5	0.32556971	1.61262339
1016	1070	92	6	3.17625584	12.55932790
1016	1070	92	7	0.70891998	3.37565484
1016	1070	92	8	0.07226136	0.48880163
1016	1070	92	9	1.44324478	6.04394630
1016	1070	92	10	0.11319030	0.54550738
1016	1070	92	11	0.31937739	1.47233810
1016	1070	92	12	0.93161502	10.40311600
1016	1070	92	13	1.30614960	6.93110428
1016	1070	92	14	3.77261354	23.15286000
1016	1070	92	15	0.28717873	1.49999743
1016	1070	92	16	0.84848892	6.97052654
1016	1070	92	17	0.24275568	1.94862375
1016	1070	92	18	0.13577554	0.73278360
1016	1070	92	19	1.76060480	19.78125885
1016	1070	93	0	1.63519863	6.32271051
1016	1070	93	1	0.65078082	3.59857721
1016	1070	93	2	0.68537288	6.14635960
1016	1070	93	3	0.29451219	1.62485933
1016	1070	93	4	1.26140821	8.16010723
1016	1070	93	5	0.32553804	1.61272800
1016	1070	93	6	3.17576074	12.55433077
1016	1070	93	7	0.70879247	3.37964409
1016	1070	93	8	0.07223467	0.49034194
1016	1070	93	9	1.44310602	6.04291648
1016	1070	93	10	0.11318054	0.54556922
1016	1070	93	11	0.31927753	1.47430793
1016	1070	93	12	0.93167457	10.39434867
1016	1070	93	13	1.30661311	6.93234180
1016	1070	93	14	3.77261293	23.15249478
1016	1070	93	15	0.28715055	1.50016679
1016	1070	93	16	0.84849865	6.97033237
1016	1070	93	17	0.24274283	1.94926580
1016	1070	93	18	0.13576310	0.73290709
1016	1070	93	19	1.76057557	19.77869266
1016	1070	94	0	1.63534992	6.32323950
1016	1070	94	1	0.65080680	3.59849094
1016	1070	94	2	0.68555017	6.14915862
1016	1070	94	3	0.29427595	1.62403764
1016	1070	94	4	1.26110747	8.15079457
1016	1070	94	5	0.32550254	1.61277983
1016	1070	94	6	3.17539535	12.55010430
1016	1070	94	7	0.70857105	3.38267277
1016	1070	94	8	0.07219403	0.49163269
1016	1070	94	9	1.44298698	6.04199399
1016	1070	94	10	0.11316884	0.54560849
1016	1070	94	11	0.31912375	1.47575323
1016	1070	94	12	0.93176128	10.38643339
1016	1070	94	13	1.30707344	6.93380984
1016	1070	94	14	3.77261679	23.15218847
1016	1070	94	15	0.28711812	1.50027558
1016	1070	94	16	0.84850942	6.97017157
1016	1070	94	17	0.24272610	1.94981523
1016	1070	94	18	0.13574814	0.73299528
1016	1070	94	19	1.76056143	19.77632597
1016	1070	95	0	1.63549768	6.32378301
1016	1070	95	1	0.65083495	3.59844625
1016	1070	95	2	0.68570566	6.15182409
1016	1070	95	3	0.29404484	1.62312906
1016	1070	95	4	1.26090224	8.14263137
1016	1070	95	5	0.32546409	1.61278570
1016	1070	95	6	3.17514523	12.54658301
1016	1070	95	7	0.70827096	3.38484755
1016	1070	95	8	0.07214180	0.49269606
1016	1070	95	9	1.44288609	6.04117290
1016	1070	95	10	0.11315560	0.54562791
1016	1070	95	11	0.31892510	1.47673318
1016	1070	95	12	0.93187050	10.37932031
1016	1070	95	13	1.30752662	6.93546182
1016	1070	95	14	3.77262446	23.15193592
1016	1070	95	15	0.28708235	1.50033113
1016	1070	95	16	0.84852098	6.97004112
1016	1070	95	17	0.24270617	1.95027966
1016	1070	95	18	0.13573117	0.73305218
1016	1070	95	19	1.76056041	19.77415609
1016	1070	96	0	1.63564097	6.32433376
1016	1070	96	1	0.65086472	3.59843781
1016	1070	96	2	0.68584088	6.15434905
1016	1070	96	3	0.29382038	1.62215453
1016	1070	96	4	1.26078115	8.13553414
1016	1070	96	5	0.32542348	1.61275194
1016	1070	96	6	3.17499679	12.54370353
1016	1070	96	7	0.70790606	3.38626809
1016	1070	96	8	0.07208010	0.49355334
1016	1070	96	9	1.44280184	6.04044713
1016	1070	96	10	0.11314114	0.54563006
1016	1070	96	11	0.31868978	1.47730322
1016	1070	96	12	0.93199802	10.37295945
1016	1070	96	13	1.30796929	6.93725596
1016	1070	96	14	3.77263534	23.15173221
1016	1070	96	15	0.28704405	1.50034027
1016	1070	96	16	0.84853312	6.96993811
1016	1070	96	17	0.24268369	1.95066646
1016	1070	96	18	0.13571263	0.73308158
1016	1070	96	19	1.76057072	19.77217861
1016	1070	97	0	1.63577904	6.32488540
1016	1070	97	1	0.65089557	3.59846065
1016	1070	97	2	0.68595733	6.15672882
1016	1070	97	3	0.29360379	1.62113266
1016	1070	97	4	1.26073363	8.12942103
1016	1070	97	5	0.32538140	1.61268438
1016	1070	97	6	3.17493733	12.54140498
1016	1070	97	7	0.70748889	3.38702708
1016	1070	97	8	0.07201086	0.49422488
1016	1070	97	9	1.44273273	6.03981054
1016	1070	97	10	0.11312579	0.54561730
1016	1070	97	11	0.31842521	1.47751505
1016	1070	97	12	0.93214004	10.36730109
1016	1070	97	13	1.30839866	6.93915500
1016	1070	97	14	3.77264888	23.15157258
1016	1070	97	15	0.28700395	1.50030936
1016	1070	97	16	0.84854563	6.96985979
1016	1070	97	17	0.24265924	1.95098272
1016	1070	97	18	0.13569292	0.73308700
1016	1070	97	19	1.76059066	19.77038769
1016	1070	98	0	1.63591130	6.32543251
1016	1070	98	1	0.65092705	3.59851022
1016	1070	98	2	0.68605648	6.15896076
1016	1070	98	3	0.29339606	1.62007993
1016	1070	98	4	1.26074986	8.12421236
1016	1070	98	5	0.32533848	1.61258839
1016	1070	98	6	3.17495506	12.53962918
1016	1070	98	7	0.70703074	3.38721041
1016	1070	98	8	0.07193583	0.49473003
1016	1070	98	9	1.44267735	6.03925696
1016	1070	98	10	0.11310981	0.54559184
1016	1070	98	11	0.31813803	1.47741664
1016	1070	98	12	0.93229314	10.36229623
1016	1070	98	13	1.30881248	6.94112587
1016	1070	98	14	3.77266458	23.15145250
1016	1070	98	15	0.28696268	1.50024427
1016	1070	98	16	0.84855834	6.96980351
1016	1070	98	17	0.24263332	1.95123523
1016	1070	98	18	0.13567240	0.73307171
1016	1070	98	19	1.76061871	19.76877634
1016	1070	99	0	1.63603728	6.32597042
1016	1070	99	1	0.65095878	3.59858230
1016	1070	99	2	0.68613978	6.16104399
1016	1070	99	3	0.29319794	1.61901082
1016	1070	99	4	1.26082076	8.11983102
1016	1070	99	5	0.32529524	1.61246884
1016	1070	99	6	3.17503905	12.53832091
1016	1070	99	7	0.70654170	3.38689729
1016	1070	99	8	0.07185654	0.49508707
1016	1070	99	9	1.44263434	6.03878029
1016	1070	99	10	0.11309346	0.54555568
1016	1070	99	11	0.31783419	1.47705227
1016	1070	99	12	0.93245428	10.35789689
1016	1070	99	13	1.30920892	6.94313951
1016	1070	99	14	3.77268198	23.15136768
1016	1070	99	15	0.28692083	1.50015036
1016	1070	99	16	0.84857110	6.96976679
1016	1070	99	17	0.24260640	1.95143045
1016	1070	99	18	0.13565138	0.73303873
1016	1070	99	19	1.76065348	19.76733667
1016	1070	100	0	1.63615665	6.32649524
1016	1070	100	1	0.65099041	3.59867308
1016	1070	100	2	0.68620861	6.16297916
1016	1070	100	3	0.29301000	1.61793790
1016	1070	100	4	1.26093801	8.11620286
1016	1070	100	5	0.32525214	1.61233018
1016	1070	100	6	3.17517927	12.53742802
1016	1070	100	7	0.70603076	3.38616053
1016	1070	100	8	0.07177435	0.49531315
1016	1070	100	9	1.44260240	6.03837451
1016	1070	100	10	0.11307693	0.54551067
1016	1070	100	11	0.31751896	1.47646261
1016	1070	100	12	0.93262078	10.35405636
1016	1070	100	13	1.30958662	6.94517049
1016	1070	100	14	3.77270069	23.15131409
1016	1070	100	15	0.28687886	1.50003257
1016	1070	100	16	0.84858377	6.96974730
1016	1070	100	17	0.24257887	1.95157449
1016	1070	100	18	0.13563014	0.73299083
1016	1070	100	19	1.76069368	19.76606009
1016	1070	101	0	1.63626919	6.32700375
1016	1070	101	1	0.65102165	3.59877906
1016	1070	101	2	0.68626433	6.16476826
1016	1070	101	3	0.29283262	1.61687206
1016	1070	101	4	1.26109401	8.11325694
1016	1070	101	5	0.32520959	1.61217641
1016	1070	101	6	3.17536654	12.53690152
1016	1070	101	7	0.70550586	3.38506668
1016	1070	101	8	0.07169048	0.49542434
1016	1070	101	9	1.44258030	6.03803376
1016	1070	101	10	0.11306042	0.54545847
1016	1070	101	11	0.31719697	1.47568484
1016	1070	101	12	0.93279026	10.35072949
1016	1070	101	13	1.30994456	6.94719680
1016	1070	101	14	3.77272032	23.15128794
1016	1070	101	15	0.28683720	1.49989535
1016	1070	101	16	0.84859625	6.96974286
1016	1070	101	17	0.24255109	1.95167311
1016	1070	101	18	0.13560890	0.73293056
1016	1070	101	19	1.76073818	19.76493750
1016	1070	102	0	1.63637477	6.32749332
1016	1070	102	1	0.65105226	3.59889713
1016	1070	102	2	0.68630821	6.16641440
1016	1070	102	3	0.29266603	1.61582256
1016	1070	102	4	1.26128183	8.11092577
1016	1070	102	5	0.32516792	1.61201112
1016	1070	102	6	3.17559248	12.53669565
1016	1070	102	7	0.70497398	3.38367637
1016	1070	102	8	0.07160598	0.49543557
1016	1070	102	9	1.44256691	6.03775234
1016	1070	102	10	0.11304408	0.54540058
1016	1070	102	11	0.31687229	1.47475275
1016	1070	102	12	0.93296068	10.34787283
1016	1070	102	13	1.31028205	6.94919955
1016	1070	102	14	3.77274058	23.15128568
1016	1070	102	15	0.28679622	1.49974272
1016	1070	102	16	0.84860844	6.96975144
1016	1070	102	17	0.24252335	1.95173169
1016	1070	102	18	0.13558788	0.73286021
1016	1070	102	19	1.76078594	19.76395946
1016	1070	103	0	1.63647334	6.32796190
1016	1070	103	1	0.65108202	3.59902444
1016	1070	103	2	0.68634147	6.16792161
1016	1070	103	3	0.29251032	1.61479724
1016	1070	103	4	1.26149521	8.10914544
1016	1070	103	5	0.32512740	1.61183752
1016	1070	103	6	3.17584953	12.53676787
1016	1070	103	7	0.70444119	3.38204451
1016	1070	103	8	0.07152174	0.49536067
1016	1070	103	9	1.44256114	6.03752477
1016	1070	103	10	0.11302805	0.54533836
1016	1070	103	11	0.31654841	1.47369692
1016	1070	103	12	0.93313024	10.34544481
1016	1070	103	13	1.31059871	6.95116274
1016	1070	103	14	3.77276117	23.15130405
1016	1070	103	15	0.28675621	1.49957832
1016	1070	103	16	0.84862027	6.96977116
1016	1070	103	17	0.24249593	1.95175525
1016	1070	103	18	0.13556725	0.73278186
1016	1070	103	19	1.76083606	19.76311637
1016	1070	104	0	1.63656495	6.32840791
1016	1070	104	1	0.65111077	3.59915848
1016	1070	104	2	0.68636527	6.16929469
1016	1070	104	3	0.29236548	1.61380257
1016	1070	104	4	1.26172852	8.10785573
1016	1070	104	5	0.32508828	1.61165844
1016	1070	104	6	3.17613086	12.53707884
1016	1070	104	7	0.70391270	3.38022063
1016	1070	104	8	0.07143856	0.49521237
1016	1070	104	9	1.44256200	6.03734582
1016	1070	104	10	0.11301244	0.54527301
1016	1070	104	11	0.31622835	1.47254483
1016	1070	104	12	0.93329744	10.34340584
1016	1070	104	13	1.31089440	6.95307299
1016	1070	104	14	3.77278185	23.15134002
1016	1070	104	15	0.28671743	1.49940537
1016	1070	104	16	0.84863168	6.96980032
1016	1070	104	17	0.24246904	1.95174847
1016	1070	104	18	0.13554715	0.73269739
1016	1070	104	19	1.76088773	19.76239855
1016	1070	105	0	1.63664967	6.32883021
1016	1070	105	1	0.65113837	3.59929703
1016	1070	105	2	0.68638068	6.17053909
1016	1070	105	3	0.29223137	1.61284384
1016	1070	105	4	1.26197673	8.10700017
1016	1070	105	5	0.32505072	1.61147637
1016	1070	105	6	3.17643038	12.53759238
1016	1070	105	7	0.70339300	3.37824915
1016	1070	105	8	0.07135708	0.49500235
1016	1070	105	9	1.44256855	6.03721048
1016	1070	105	10	0.11299734	0.54520560
1016	1070	105	11	0.31591466	1.47132104
1016	1070	105	12	0.93346098	10.34171837
1016	1070	105	13	1.31116920	6.95491928
1016	1070	105	14	3.77280241	23.15139080
1016	1070	105	15	0.28668007	1.49922672
1016	1070	105	16	0.84864260	6.96983733
1016	1070	105	17	0.24244286	1.95171563
1016	1070	105	18	0.13552771	0.73260845
1016	1070	105	19	1.76094022	19.76179636
1016	1070	106	0	1.63672766	6.32922805
1016	1070	106	1	0.65116472	3.59943812
1016	1070	106	2	0.68638873	6.17166071
1016	1070	106	3	0.29210779	1.61192527
1016	1070	106	4	1.26223536	8.10652605
1016	1070	106	5	0.32501487	1.61129349
1016	1070	106	6	3.17674266	12.53827536
1016	1070	106	7	0.70288583	3.37616965
1016	1070	106	8	0.07127785	0.49474122
1016	1070	106	9	1.44257994	6.03711404
1016	1070	106	10	0.11298282	0.54513707
1016	1070	106	11	0.31560948	1.47004739
1016	1070	106	12	0.93361980	10.34034699
1016	1070	106	13	1.31142338	6.95669277
1016	1070	106	14	3.77282267	23.15145387
1016	1070	106	15	0.28664430	1.49904490
1016	1070	106	16	0.84865301	6.96988075
1016	1070	106	17	0.24241755	1.95166070
1016	1070	106	18	0.13550901	0.73251653
1016	1070	106	19	1.76099292	19.76130035
1016	1070	107	0	1.63679912	6.32960102
1016	1070	107	1	0.65118973	3.59958004
1016	1070	107	2	0.68639036	6.17266582
1016	1070	107	3	0.29199446	1.61105008
1016	1070	107	4	1.26250047	8.10638440
1016	1070	107	5	0.32498084	1.61111167
1016	1070	107	6	3.17706291	12.53909762
1016	1070	107	7	0.70239432	3.37401725
1016	1070	107	8	0.07120133	0.49443866
1016	1070	107	9	1.44259540	6.03705204
1016	1070	107	10	0.11296894	0.54506823
1016	1070	107	11	0.31531454	1.46874313
1016	1070	107	12	0.93377304	10.33925839
1016	1070	107	13	1.31165738	6.95838655
1016	1070	107	14	3.77284247	23.15152692
1016	1070	107	15	0.28661023	1.49886210
1016	1070	107	16	0.84866287	6.96992929
1016	1070	107	17	0.24239324	1.95158729
1016	1070	107	18	0.13549114	0.73242294
1016	1070	107	19	1.76104530	19.76090125
1016	1070	108	0	1.63686425	6.32994903
1016	1070	108	1	0.65121336	3.59972131
1016	1070	108	2	0.68638644	6.17356093
1016	1070	108	3	0.29189103	1.61022063
1016	1070	108	4	1.26276858	8.10652990
1016	1070	108	5	0.32494870	1.61093252
1016	1070	108	6	3.17738694	12.54003185
1016	1070	108	7	0.70192099	3.37182282
1016	1070	108	8	0.07112787	0.49410334
1016	1070	108	9	1.44261421	6.03702031
1016	1070	108	10	0.11295575	0.54499979
1016	1070	108	11	0.31503127	1.46742512
1016	1070	108	12	0.93391998	10.33842143
1016	1070	108	13	1.31187175	6.95999544
1016	1070	108	14	3.77286169	23.15160786
1016	1070	108	15	0.28657797	1.49868021
1016	1070	108	16	0.84867217	6.96998179
1016	1070	108	17	0.24237001	1.95149868
1016	1070	108	18	0.13547414	0.73232879
1016	1070	108	19	1.76109690	19.76059011
1016	1070	109	0	1.63692333	6.33027219
1016	1070	109	1	0.65123557	3.59986065
1016	1070	109	2	0.68637778	6.17435271
1016	1070	109	3	0.29179712	1.60943851
1016	1070	109	4	1.26303671	8.10692087
1016	1070	109	5	0.32491849	1.61075738
1016	1070	109	6	3.17771108	12.54105347
1016	1070	109	7	0.70146787	3.36961332
1016	1070	109	8	0.07105775	0.49374309
1016	1070	109	9	1.44263573	6.03701498
1016	1070	109	10	0.11294328	0.54493235
1016	1070	109	11	0.31476076	1.46610797
1016	1070	109	12	0.93406011	10.33780707
1016	1070	109	13	1.31206718	6.96151580
1016	1070	109	14	3.77288022	23.15169484
1016	1070	109	15	0.28654756	1.49850085
1016	1070	109	16	0.84868090	6.97003720
1016	1070	109	17	0.24234794	1.95139786
1016	1070	109	18	0.13545807	0.73223508
1016	1070	109	19	1.76114732	19.76035829
1016	1070	110	0	1.63697663	6.33057089
1016	1070	110	1	0.65125635	3.59999700
1016	1070	110	2	0.68636512	6.17504791
1016	1070	110	3	0.29171230	1.60870464
1016	1070	110	4	1.26330226	8.10751907
1016	1070	110	5	0.32489024	1.61058739
1016	1070	110	6	3.17803222	12.54214046
1016	1070	110	7	0.70103648	3.36741210
1016	1070	110	8	0.07099119	0.49336484
1016	1070	110	9	1.44265936	6.03703243
1016	1070	110	10	0.11293154	0.54486643
1016	1070	110	11	0.31450383	1.46480426
1016	1070	110	12	0.93419301	10.33738837
1016	1070	110	13	1.31224442	6.96294535
1016	1070	110	14	3.77289799	23.15178617
1016	1070	110	15	0.28651905	1.49832541
1016	1070	110	16	0.84868905	6.97009459
1016	1070	110	17	0.24232707	1.95128749
1016	1070	110	18	0.13544295	0.73214265
1016	1070	110	19	1.76119626	19.76019756
1016	1070	111	0	1.63702445	6.33084566
1016	1070	111	1	0.65127569	3.60012947
1016	1070	111	2	0.68634915	6.17565325
1016	1070	111	3	0.29163612	1.60801934
1016	1070	111	4	1.26356304	8.10828967
1016	1070	111	5	0.32486395	1.61042345
1016	1070	111	6	3.17834768	12.54327326
1016	1070	111	7	0.70062795	3.36523918
1016	1070	111	8	0.07092832	0.49297475
1016	1070	111	9	1.44268460	6.03706935
1016	1070	111	10	0.11292056	0.54480244
1016	1070	111	11	0.31426105	1.46352467
1016	1070	111	12	0.93431843	10.33714042
1016	1070	111	13	1.31240430	6.96428300
1016	1070	111	14	3.77291492	23.15188039
1016	1070	111	15	0.28649243	1.49815502
1016	1070	111	16	0.84869662	6.97015314
1016	1070	111	17	0.24230745	1.95116997
1016	1070	111	18	0.13542879	0.73205220
1016	1070	111	19	1.76124344	19.76010010
1016	1070	112	0	1.63706708	6.33109720
1016	1070	112	1	0.65129361	3.60025732
1016	1070	112	2	0.68633047	6.17617539
1016	1070	112	3	0.29156811	1.60738242
1016	1070	112	4	1.26381720	8.10920105
1016	1070	112	5	0.32483959	1.61026631
1016	1070	112	6	3.17865521	12.54443458
1016	1070	112	7	0.70024300	3.36311148
1016	1070	112	8	0.07086923	0.49257823
1016	1070	112	9	1.44271097	6.03712268
1016	1070	112	10	0.11291031	0.54474074
1016	1070	112	11	0.31403278	1.46227815
1016	1070	112	12	0.93443620	10.33704031
1016	1070	112	13	1.31254771	6.96552870
1016	1070	112	14	3.77293098	23.15197619
1016	1070	112	15	0.28646770	1.49799062
1016	1070	112	16	0.84870363	6.97021214
1016	1070	112	17	0.24228909	1.95104743
1016	1070	112	18	0.13541558	0.73196433
1016	1070	112	19	1.76128866	19.76005850
1016	1070	113	0	1.63710484	6.33132634
1016	1070	113	1	0.65131014	3.60037996
1016	1070	113	2	0.68630964	6.17662086
1016	1070	113	3	0.29150778	1.60679325
1016	1070	113	4	1.26406322	8.11022467
1016	1070	113	5	0.32481712	1.61011652
1016	1070	113	6	3.17895296	12.54560927
1016	1070	113	7	0.69988207	3.36104317
1016	1070	113	8	0.07081397	0.49218000
1016	1070	113	9	1.44273806	6.03718964
1016	1070	113	10	0.11290082	0.54468159
1016	1070	113	11	0.31381920	1.46107209
1016	1070	113	12	0.93454626	10.33706702
1016	1070	113	13	1.31267555	6.96668327
1016	1070	113	14	3.77294612	23.15207243
1016	1070	113	15	0.28644484	1.49783295
1016	1070	113	16	0.84871008	6.97027096
1016	1070	113	17	0.24227198	1.95092175
1016	1070	113	18	0.13540334	0.73187953
1016	1070	113	19	1.76133176	19.76006583
1016	1070	114	0	1.63713805	6.33153400
1016	1070	114	1	0.65132531	3.60049695
1016	1070	114	2	0.68628715	6.17699603
1016	1070	114	3	0.29145465	1.60625084
1016	1070	114	4	1.26429987	8.11133490
1016	1070	114	5	0.32479651	1.60997450
1016	1070	114	6	3.17923945	12.54678416
1016	1070	114	7	0.69954526	3.35904583
1016	1070	114	8	0.07076253	0.49178411
1016	1070	114	9	1.44276552	6.03726769
1016	1070	114	10	0.11289205	0.54462520
1016	1070	114	11	0.31362030	1.45991245
1016	1070	114	12	0.93464863	10.33720137
1016	1070	114	13	1.31278878	6.96774832
1016	1070	114	14	3.77296034	23.15216813
1016	1070	114	15	0.28642380	1.49768258
1016	1070	114	16	0.84871599	6.97032907
1016	1070	114	17	0.24225612	1.95079457
1016	1070	114	18	0.13539203	0.73179818
1016	1070	114	19	1.76137262	19.76011560
1016	1070	115	0	1.63716702	6.33172119
1016	1070	115	1	0.65133916	3.60060795
1016	1070	115	2	0.68626346	6.17730705
1016	1070	115	3	0.29140821	1.60575389
1016	1070	115	4	1.26452618	8.11250890
1016	1070	115	5	0.32477768	1.60984052
1016	1070	115	6	3.17951347	12.54794795
1016	1070	115	7	0.69923246	3.35712879
1016	1070	115	8	0.07071487	0.49139407
1016	1070	115	9	1.44279303	6.03735455
1016	1070	115	10	0.11288399	0.54457175
1016	1070	115	11	0.31343595	1.45880391
1016	1070	115	12	0.93474339	10.33742594
1016	1070	115	13	1.31288832	6.96872608
1016	1070	115	14	3.77297362	23.15226245
1016	1070	115	15	0.28640453	1.49753995
1016	1070	115	16	0.84872138	6.97038602
1016	1070	115	17	0.24224148	1.95066734
1016	1070	115	18	0.13538164	0.73172058
1016	1070	115	19	1.76141116	19.76020180
1016	1070	116	0	1.63719207	6.33188895
1016	1070	116	1	0.65135176	3.60071274
1016	1070	116	2	0.68623896	6.17755984
1016	1070	116	3	0.29136799	1.60530082
1016	1070	116	4	1.26474142	8.11372639
1016	1070	116	5	0.32476057	1.60971476
1016	1070	116	6	3.17977415	12.54909097
1016	1070	116	7	0.69894333	3.35529928
1016	1070	116	8	0.07067092	0.49101279
1016	1070	116	9	1.44282031	6.03744815
1016	1070	116	10	0.11287662	0.54452132
1016	1070	116	11	0.31326589	1.45775000
1016	1070	116	12	0.93483070	10.33772497
1016	1070	116	13	1.31297513	6.96961929
1016	1070	116	14	3.77298597	23.15235469
1016	1070	116	15	0.28638697	1.49740534
1016	1070	116	16	0.84872627	6.97044142
1016	1070	116	17	0.24222803	1.95054128
1016	1070	116	18	0.13537213	0.73164695
1016	1070	116	19	1.76144733	19.76031886
1016	1070	117	0	1.63721350	6.33203838
1016	1070	117	1	0.65136314	3.60081116
1016	1070	117	2	0.68621400	6.17776006
1016	1070	117	3	0.29133351	1.60488989
1016	1070	117	4	1.26494505	8.11496952
1016	1070	117	5	0.32474511	1.60959727
1016	1070	117	6	3.18002083	12.55020515
1016	1070	117	7	0.69867736	3.35356270
1016	1070	117	8	0.07063058	0.49064273
1016	1070	117	9	1.44284714	6.03754668
1016	1070	117	10	0.11286992	0.54447398
1016	1070	117	11	0.31310977	1.45675324
1016	1070	117	12	0.93491075	10.33808428
1016	1070	117	13	1.31305015	6.97043116
1016	1070	117	14	3.77299740	23.15244424
1016	1070	117	15	0.28637105	1.49727892
1016	1070	117	16	0.84873069	6.97049497
1016	1070	117	17	0.24221575	1.95041743
1016	1070	117	18	0.13536348	0.73157745
1016	1070	117	19	1.76148112	19.76046165
1016	1070	118	0	1.63723160	6.33217061
1016	1070	118	1	0.65137338	3.60090317
1016	1070	118	2	0.68618887	6.17791308
1016	1070	118	3	0.29130429	1.60451916
1016	1070	118	4	1.26513675	8.11622271
1016	1070	118	5	0.32473121	1.60948803
1016	1070	118	6	3.18025311	12.55128379
1016	1070	118	7	0.69843388	3.35192279
1016	1070	118	8	0.07059374	0.49028587
1016	1070	118	9	1.44287333	6.03764849
1016	1070	118	10	0.11286386	0.54442976
1016	1070	118	11	0.31296713	1.45581523
1016	1070	118	12	0.93498380	10.33849117
1016	1070	118	13	1.31311430	6.97116520
1016	1070	118	14	3.77300792	23.15253063
1016	1070	118	15	0.28635669	1.49716077
1016	1070	118	16	0.84873465	6.97054641
1016	1070	118	17	0.24220457	1.95029669
1016	1070	118	18	0.13535566	0.73151217
1016	1070	118	19	1.76151254	19.76062551
1016	1070	119	0	1.63724667	6.33228676
1016	1070	119	1	0.65138253	3.60098877
1016	1070	119	2	0.68616385	6.17802398
1016	1070	119	3	0.29127990	1.60418660
1016	1070	119	4	1.26531633	8.11747244
1016	1070	119	5	0.32471879	1.60938694
1016	1070	119	6	3.18047075	12.55232148
1016	1070	119	7	0.69821209	3.35038186
1016	1070	119	8	0.07056027	0.48994381
1016	1070	119	9	1.44289871	6.03775216
1016	1070	119	10	0.11285839	0.54438864
1016	1070	119	11	0.31283747	1.45493680
1016	1070	119	12	0.93505012	10.33893433
1016	1070	119	13	1.31316847	6.97182518
1016	1070	119	14	3.77301757	23.15261346
1016	1070	119	15	0.28634382	1.49705088
1016	1070	119	16	0.84873818	6.97059555
1016	1070	119	17	0.24219446	1.95017977
1016	1070	119	18	0.13534861	0.73145114
1016	1070	119	19	1.76154161	19.76080617
1016	1070	120	0	1.63725899	6.33238795
1016	1070	120	1	0.65139065	3.60106803
1016	1070	120	2	0.68613915	6.17809754
1016	1070	120	3	0.29125988	1.60389009
1016	1070	120	4	1.26548375	8.11870714
1016	1070	120	5	0.32470775	1.60929382
1016	1070	120	6	3.18067371	12.55331398
1016	1070	120	7	0.69801112	3.34894093
1016	1070	120	8	0.07053001	0.48961776
1016	1070	120	9	1.44292315	6.03785644
1016	1070	120	10	0.11285351	0.54435059
1016	1070	120	11	0.31272024	1.45411809
1016	1070	120	12	0.93511001	10.33940375
1016	1070	120	13	1.31321352	6.97241508
1016	1070	120	14	3.77302637	23.15269245
1016	1070	120	15	0.28633234	1.49694913
1016	1070	120	16	0.84874131	6.97064224
1016	1070	120	17	0.24218537	1.95006727
1016	1070	120	18	0.13534230	0.73139437
1016	1070	120	19	1.76156838	19.76099980
1016	1070	121	0	1.63726881	6.33247529
1016	1070	121	1	0.65139782	3.60114109
1016	1070	121	2	0.68611498	6.17813823
1016	1070	121	3	0.29124383	1.60362746
1016	1070	121	4	1.26563910	8.11991698
1016	1070	121	5	0.32469803	1.60920847
1016	1070	121	6	3.18086208	12.55425803
1016	1070	121	7	0.69783000	3.34759993
1016	1070	121	8	0.07050281	0.48930863
1016	1070	121	9	1.44294654	6.03796024
1016	1070	121	10	0.11284916	0.54431554
1016	1070	121	11	0.31261481	1.45335864
1016	1070	121	12	0.93516378	10.33989062
1016	1070	121	13	1.31325030	6.97293897
1016	1070	121	14	3.77303436	23.15276736
1016	1070	121	15	0.28632218	1.49685538
1016	1070	121	16	0.84874406	6.97068637
1016	1070	121	17	0.24217723	1.94995965
1016	1070	121	18	0.13533669	0.73134179
1016	1070	121	19	1.76159292	19.76120295
1016	1070	122	0	1.63727640	6.33254988
1016	1070	122	1	0.65140409	3.60120810
1016	1070	122	2	0.68609148	6.17815023
1016	1070	122	3	0.29123134	1.60339651
1016	1070	122	4	1.26578258	8.12109378
1016	1070	122	5	0.32468952	1.60913062
1016	1070	122	6	3.18103610	12.55515133
1016	1070	122	7	0.69766770	3.34635785
1016	1070	122	8	0.07047850	0.48901703
1016	1070	122	9	1.44296882	6.03806263
1016	1070	122	10	0.11284532	0.54428342
1016	1070	122	11	0.31252056	1.45265749
1016	1070	122	12	0.93521178	10.34038725
1016	1070	122	13	1.31327959	6.97340101
1016	1070	122	14	3.77304157	23.15283805
1016	1070	122	15	0.28631325	1.49676940
1016	1070	122	16	0.84874646	6.97072788
1016	1070	122	17	0.24217000	1.94985727
1016	1070	122	18	0.13533173	0.73129333
1016	1070	122	19	1.76161530	19.76141253
1016	1070	123	0	1.63728198	6.33261277
1016	1070	123	1	0.65140953	3.60126926
1016	1070	123	2	0.68606879	6.17813740
1016	1070	123	3	0.29122205	1.60319505
1016	1070	123	4	1.26591445	8.12223080
1016	1070	123	5	0.32468213	1.60905997
1016	1070	123	6	3.18119609	12.55599238
1016	1070	123	7	0.69752318	3.34521286
1016	1070	123	8	0.07045692	0.48874331
1016	1070	123	9	1.44298992	6.03816282
1016	1070	123	10	0.11284196	0.54425411
1016	1070	123	11	0.31243684	1.45201324
1016	1070	123	12	0.93525436	10.34088700
1016	1070	123	13	1.31330216	6.97380535
1016	1070	123	14	3.77304804	23.15290443
1016	1070	123	15	0.28630547	1.49669095
1016	1070	123	16	0.84874854	6.97076675
1016	1070	123	17	0.24216362	1.94976038
1016	1070	123	18	0.13532738	0.73124889
1016	1070	123	19	1.76163560	19.76162580
1016	1070	124	0	1.63728579	6.33266498
1016	1070	124	1	0.65141421	3.60132480
1016	1070	124	2	0.68604701	6.17810330
1016	1070	124	3	0.29121560	1.60302092
1016	1070	124	4	1.26603506	8.12332263
1016	1070	124	5	0.32467579	1.60899619
1016	1070	124	6	3.18134247	12.55678038
1016	1070	124	7	0.69739534	3.34416244
1016	1070	124	8	0.07043789	0.48848760
1016	1070	124	9	1.44300980	6.03826017
1016	1070	124	10	0.11283903	0.54422752
1016	1070	124	11	0.31236299	1.45142416
1016	1070	124	12	0.93529184	10.34138414
1016	1070	124	13	1.31331873	6.97415614
1016	1070	124	14	3.77305381	23.15296647
1016	1070	124	15	0.28629874	1.49661972
1016	1070	124	16	0.84875032	6.97080295
1016	1070	124	17	0.24215803	1.94966915
1016	1070	124	18	0.13532359	0.73120832
1016	1070	124	19	1.76165393	19.76184038
1016	1070	125	0	1.63728803	6.33270750
1016	1070	125	1	0.65141818	3.60137497
1016	1070	125	2	0.68602623	6.17805122
1016	1070	125	3	0.29121165	1.60287198
1016	1070	125	4	1.26614483	8.12436505
1016	1070	125	5	0.32467041	1.60893895
1016	1070	125	6	3.18147573	12.55751516
1016	1070	125	7	0.69728309	3.34320355
1016	1070	125	8	0.07042123	0.48824986
1016	1070	125	9	1.44302844	6.03835414
1016	1070	125	10	0.11283651	0.54420352
1016	1070	125	11	0.31229834	1.45088822
1016	1070	125	12	0.93532460	10.34187383
1016	1070	125	13	1.31332996	6.97445745
1016	1070	125	14	3.77305893	23.15302417
1016	1070	125	15	0.28629299	1.49655539
1016	1070	125	16	0.84875183	6.97083653
1016	1070	125	17	0.24215317	1.94958366
1016	1070	125	18	0.13532033	0.73117148
1016	1070	125	19	1.76167038	19.76205415
1016	1070	126	0	1.63728890	6.33274127
1016	1070	126	1	0.65142151	3.60142004
1016	1070	126	2	0.68600651	6.17798414
1016	1070	126	3	0.29120990	1.60274617
1016	1070	126	4	1.26624421	8.12535491
1016	1070	126	5	0.32466590	1.60888787
1016	1070	126	6	3.18159642	12.55819709
1016	1070	126	7	0.69718535	3.34233264
1016	1070	126	8	0.07040678	0.48802987
1016	1070	126	9	1.44304583	6.03844429
1016	1070	126	10	0.11283436	0.54418197
1016	1070	126	11	0.31224223	1.45040317
1016	1070	126	12	0.93535296	10.34235201
1016	1070	126	13	1.31333649	6.97471327
1016	1070	126	14	3.77306344	23.15307759
1016	1070	126	15	0.28628813	1.49649762
1016	1070	126	16	0.84875308	6.97086753
1016	1070	126	17	0.24214899	1.94950393
1016	1070	126	18	0.13531756	0.73113820
1016	1070	126	19	1.76168506	19.76226533
1016	1070	127	0	1.63728858	6.33276718
1016	1070	127	1	0.65142425	3.60146029
1016	1070	127	2	0.68598788	6.17790479
1016	1070	127	3	0.29121005	1.60264147
1016	1070	127	4	1.26633369	8.12629000
1016	1070	127	5	0.32466219	1.60884259
1016	1070	127	6	3.18170514	12.55882697
1016	1070	127	7	0.69710104	3.34154587
1016	1070	127	8	0.07039437	0.48782725
1016	1070	127	9	1.44306199	6.03853030
1016	1070	127	10	0.11283256	0.54416275
1016	1070	127	11	0.31219401	1.44996658
1016	1070	127	12	0.93537727	10.34281533
1016	1070	127	13	1.31333892	6.97492746
1016	1070	127	14	3.77306737	23.15312681
1016	1070	127	15	0.28628409	1.49644604
1016	1070	127	16	0.84875410	6.97089600
1016	1070	127	17	0.24214543	1.94942993
1016	1070	127	18	0.13531522	0.73110830
1016	1070	127	19	1.76169806	19.76247235
1016	1070	128	0	1.63728724	6.33278607
1016	1070	128	1	0.65142645	3.60149599
1016	1070	128	2	0.68597038	6.17781562
1016	1070	128	3	0.29121185	1.60255596
1016	1070	128	4	1.26641379	8.12716896
1016	1070	128	5	0.32465920	1.60880274
1016	1070	128	6	3.18180250	12.55940602
1016	1070	128	7	0.69702909	3.34083909
1016	1070	128	8	0.07038384	0.48764154
1016	1070	128	9	1.44307693	6.03861191
1016	1070	128	10	0.11283107	0.54414571
1016	1070	128	11	0.31215305	1.44957589
1016	1070	128	12	0.93539786	10.34326107
1016	1070	128	13	1.31333778	6.97510374
1016	1070	128	14	3.77307078	23.15317194
1016	1070	128	15	0.28628079	1.49640030
1016	1070	128	16	0.84875492	6.97092203
1016	1070	128	17	0.24214245	1.94936156
1016	1070	128	18	0.13531329	0.73108161
1016	1070	128	19	1.76170951	19.76267393
1016	1070	129	0	1.63728504	6.33279874
1016	1070	129	1	0.65142818	3.60152745
1016	1070	129	2	0.68595401	6.17771885
1016	1070	129	3	0.29121504	1.60248778
1016	1070	129	4	1.26648505	8.12799115
1016	1070	129	5	0.32465686	1.60876795
1016	1070	129	6	3.18188915	12.55993576
1016	1070	129	7	0.69696849	3.34020795
1016	1070	129	8	0.07037502	0.48747216
1016	1070	129	9	1.44309067	6.03868896
1016	1070	129	10	0.11282986	0.54413071
1016	1070	129	11	0.31211873	1.44922846
1016	1070	129	12	0.93541505	10.34368711
1016	1070	129	13	1.31333358	6.97524570
1016	1070	129	14	3.77307369	23.15321312
1016	1070	129	15	0.28627817	1.49636001
1016	1070	129	16	0.84875556	6.97094572
1016	1070	129	17	0.24213999	1.94929871
1016	1070	129	18	0.13531173	0.73105793
1016	1070	129	19	1.76171950	19.76286898
1016	1070	130	0	1.63728210	6.33280592
1016	1070	130	1	0.65142948	3.60155494
1016	1070	130	2	0.68593878	6.17761646
1016	1070	130	3	0.29121941	1.60243519
1016	1070	130	4	1.26654802	8.12875656
1016	1070	130	5	0.32465511	1.60873784
1016	1070	130	6	3.18196576	12.56041798
1016	1070	130	7	0.69691824	3.33964802
1016	1070	130	8	0.07036776	0.48731847
1016	1070	130	9	1.44310326	6.03876134
1016	1070	130	10	0.11282891	0.54411761
1016	1070	130	11	0.31209046	1.44892162
1016	1070	130	12	0.93542914	10.34409183
1016	1070	130	13	1.31332679	6.97535673
1016	1070	130	14	3.77307616	23.15325050
1016	1070	130	15	0.28627615	1.49632480
1016	1070	130	16	0.84875603	6.97096715
1016	1070	130	17	0.24213800	1.94924121
1016	1070	130	18	0.13531049	0.73103706
1016	1070	130	19	1.76172814	19.76305664
1016	1070	131	0	1.63727858	6.33280832
1016	1070	131	1	0.65143040	3.60157876
1016	1070	131	2	0.68592466	6.17751020
1016	1070	131	3	0.29122474	1.60239653
1016	1070	131	4	1.26660323	8.12946575
1016	1070	131	5	0.32465387	1.60871205
1016	1070	131	6	3.18203298	12.56085465
1016	1070	131	7	0.69687739	3.33915477
1016	1070	131	8	0.07036191	0.48717975
1016	1070	131	9	1.44311473	6.03882901
1016	1070	131	10	0.11282818	0.54410628
1016	1070	131	11	0.31206767	1.44865265
1016	1070	131	12	0.93544044	10.34447406
1016	1070	131	13	1.31331783	6.97544007
1016	1070	131	14	3.77307822	23.15328426
1016	1070	131	15	0.28627466	1.49629431
1016	1070	131	16	0.84875635	6.97098644
1016	1070	131	17	0.24213643	1.94918886
1016	1070	131	18	0.13530955	0.73101882
1016	1070	131	19	1.76173554	19.76323622
1016	1070	132	0	1.63727457	6.33280657
1016	1070	132	1	0.65143098	3.60159920
1016	1070	132	2	0.68591165	6.17740164
1016	1070	132	3	0.29123086	1.60237023
1016	1070	132	4	1.26665125	8.13011971
1016	1070	132	5	0.32465309	1.60869023
1016	1070	132	6	3.18209148	12.56124794
1016	1070	132	7	0.69684501	3.33872366
1016	1070	132	8	0.07035733	0.48705526
1016	1070	132	9	1.44312512	6.03889198
1016	1070	132	10	0.11282766	0.54409657
1016	1070	132	11	0.31204981	1.44841888
1016	1070	132	12	0.93544922	10.34483304
1016	1070	132	13	1.31330708	6.97549876
1016	1070	132	14	3.77307990	23.15331458
1016	1070	132	15	0.28627366	1.49626817
1016	1070	132	16	0.84875654	6.97100370
1016	1070	132	17	0.24213525	1.94914145
1016	1070	132	18	0.13530887	0.73100301
1016	1070	132	19	1.76174180	19.76340720
1016	1070	133	0	1.63727018	6.33280126
1016	1070	133	1	0.65143127	3.60161651
1016	1070	133	2	0.68589971	6.17729211
1016	1070	133	3	0.29123760	1.60235483
1016	1070	133	4	1.26669261	8.13071985
1016	1070	133	5	0.32465271	1.60867203
1016	1070	133	6	3.18214191	12.56160011
1016	1070	133	7	0.69682025	3.33835021
1016	1070	133	8	0.07035390	0.48694420
1016	1070	133	9	1.44313449	6.03895029
1016	1070	133	10	0.11282733	0.54408836
1016	1070	133	11	0.31203638	1.44821764
1016	1070	133	12	0.93545574	10.34516834
1016	1070	133	13	1.31329490	6.97553565
1016	1070	133	14	3.77308125	23.15334164
1016	1070	133	15	0.28627307	1.49624603
1016	1070	133	16	0.84875661	6.97101906
1016	1070	133	17	0.24213440	1.94909874
1016	1070	133	18	0.13530843	0.73098946
1016	1070	133	19	1.76174702	19.76356919
1016	1070	134	0	1.63726552	6.33279294
1016	1070	134	1	0.65143129	3.60163098
1016	1070	134	2	0.68588881	6.17718281
1016	1070	134	3	0.29124480	1.60234896
1016	1070	134	4	1.26672783	8.13126789
1016	1070	134	5	0.32465269	1.60865713
1016	1070	134	6	3.18218490	12.56191350
1016	1070	134	7	0.69680229	3.33802999
1016	1070	134	8	0.07035148	0.48684578
1016	1070	134	9	1.44314289	6.03900404
1016	1070	134	10	0.11282715	0.54408151
1016	1070	134	11	0.31202688	1.44804636
1016	1070	134	12	0.93546027	10.34547986
1016	1070	134	13	1.31328161	6.97555342
1016	1070	134	14	3.77308230	23.15336564
1016	1070	134	15	0.28627286	1.49622754
1016	1070	134	16	0.84875659	6.97103262
1016	1070	134	17	0.24213386	1.94906050
1016	1070	134	18	0.13530819	0.73097797
1016	1070	134	19	1.76175129	19.76372196
1016	1070	135	0	1.63726065	6.33278211
1016	1070	135	1	0.65143110	3.60164286
1016	1070	135	2	0.68587890	6.17707475
1016	1070	135	3	0.29125233	1.60235136
1016	1070	135	4	1.26675744	8.13176582
1016	1070	135	5	0.32465296	1.60864521
1016	1070	135	6	3.18222109	12.56219051
1016	1070	135	7	0.69679035	3.33775867
1016	1070	135	8	0.07034996	0.48675917
1016	1070	135	9	1.44315038	6.03905335
1016	1070	135	10	0.11282710	0.54407590
1016	1070	135	11	0.31202086	1.44790250
1016	1070	135	12	0.93546302	10.34576775
1016	1070	135	13	1.31326748	6.97555455
1016	1070	135	14	3.77308307	23.15338678
1016	1070	135	15	0.28627296	1.49621237
1016	1070	135	16	0.84875649	6.97104451
1016	1070	135	17	0.24213358	1.94902647
1016	1070	135	18	0.13530813	0.73096837
1016	1070	135	19	1.76175471	19.76386539
1016	1070	136	0	1.63725567	6.33276921
1016	1070	136	1	0.65143071	3.60165240
1016	1070	136	2	0.68586995	6.17696878
1016	1070	136	3	0.29126008	1.60236086
1016	1070	136	4	1.26678193	8.13221581
1016	1070	136	5	0.32465349	1.60863597
1016	1070	136	6	3.18225106	12.56243353
1016	1070	136	7	0.69678371	3.33753207
1016	1070	136	8	0.07034922	0.48668357
1016	1070	136	9	1.44315700	6.03909836
1016	1070	136	10	0.11282718	0.54407142
1016	1070	136	11	0.31201790	1.44778363
1016	1070	136	12	0.93546423	10.34603237
1016	1070	136	13	1.31325276	6.97554134
1016	1070	136	14	3.77308360	23.15340524
1016	1070	136	15	0.28627334	1.49620021
1016	1070	136	16	0.84875631	6.97105484
1016	1070	136	17	0.24213353	1.94899638
1016	1070	136	18	0.13530823	0.73096048
1016	1070	136	19	1.76175735	19.76399944
1016	1070	137	0	1.63725062	6.33275466
1016	1070	137	1	0.65143017	3.60165982
1016	1070	137	2	0.68586191	6.17686562
1016	1070	137	3	0.29126794	1.60237638
1016	1070	137	4	1.26680178	8.13262022
1016	1070	137	5	0.32465424	1.60862913
1016	1070	137	6	3.18227539	12.56264497
1016	1070	137	7	0.69678170	3.33734615
1016	1070	137	8	0.07034917	0.48661818
1016	1070	137	9	1.44316282	6.03913923
1016	1070	137	10	0.11282736	0.54406794
1016	1070	137	11	0.31201760	1.44768743
1016	1070	137	12	0.93546409	10.34627427
1016	1070	137	13	1.31323768	6.97551589
1016	1070	137	14	3.77308393	23.15342123
1016	1070	137	15	0.28627395	1.49619075
1016	1070	137	16	0.84875607	6.97106374
1016	1070	137	17	0.24213368	1.94896999
1016	1070	137	18	0.13530845	0.73095416
1016	1070	137	19	1.76175930	19.76412419
1016	1070	138	0	1.63724557	6.33273883
1016	1070	138	1	0.65142949	3.60166536
1016	1070	138	2	0.68585472	6.17676588
1016	1070	138	3	0.29127582	1.60239694
1016	1070	138	4	1.26681743	8.13298150
1016	1070	138	5	0.32465517	1.60862441
1016	1070	138	6	3.18229464	12.56282719
1016	1070	138	7	0.69678370	3.33719704
1016	1070	138	8	0.07034971	0.48656219
1016	1070	138	9	1.44316789	6.03917616
1016	1070	138	10	0.11282763	0.54406536
1016	1070	138	11	0.31201959	1.44761167
1016	1070	138	12	0.93546280	10.34649417
1016	1070	138	13	1.31322243	6.97548016
1016	1070	138	14	3.77308406	23.15343494
1016	1070	138	15	0.28627475	1.49618371
1016	1070	138	16	0.84875578	6.97107132
1016	1070	138	17	0.24213400	1.94894702
1016	1070	138	18	0.13530879	0.73094923
1016	1070	138	19	1.76176065	19.76423978
1016	1070	139	0	1.63724057	6.33272204
1016	1070	139	1	0.65142870	3.60166922
1016	1070	139	2	0.68584834	6.17667003
1016	1070	139	3	0.29128365	1.60242165
1016	1070	139	4	1.26682933	8.13330218
1016	1070	139	5	0.32465624	1.60862158
1016	1070	139	6	3.18230933	12.56298250
1016	1070	139	7	0.69678913	3.33708107
1016	1070	139	8	0.07035075	0.48651484
1016	1070	139	9	1.44317227	6.03920934
1016	1070	139	10	0.11282797	0.54406359
1016	1070	139	11	0.31202354	1.44755423
1016	1070	139	12	0.93546052	10.34669290
1016	1070	139	13	1.31320718	6.97543591
1016	1070	139	14	3.77308403	23.15344655
1016	1070	139	15	0.28627572	1.49617882
1016	1070	139	16	0.84875546	6.97107768
1016	1070	139	17	0.24213446	1.94892723
1016	1070	139	18	0.13530923	0.73094555
1016	1070	139	19	1.76176145	19.76434640
1016	1070	140	0	1.63723565	6.33270458
1016	1070	140	1	0.65142783	3.60167159
1016	1070	140	2	0.68584272	6.17657844
1016	1070	140	3	0.29129135	1.60244968
1016	1070	140	4	1.26683788	8.13358482
1016	1070	140	5	0.32465743	1.60862039
1016	1070	140	6	3.18231994	12.56311315
1016	1070	140	7	0.69679746	3.33699475
1016	1070	140	8	0.07035221	0.48647539
1016	1070	140	9	1.44317601	6.03923897
1016	1070	140	10	0.11282837	0.54406252
1016	1070	140	11	0.31202913	1.44751312
1016	1070	140	12	0.93545741	10.34687138
1016	1070	140	13	1.31319208	6.97538474
1016	1070	140	14	3.77308387	23.15345624
1016	1070	140	15	0.28627681	1.49617583
1016	1070	140	16	0.84875510	6.97108295
1016	1070	140	17	0.24213505	1.94891036
1016	1070	140	18	0.13530974	0.73094299
1016	1070	140	19	1.76176178	19.76444433
1016	1070	141	0	1.63723085	6.33268673
1016	1070	141	1	0.65142690	3.60167267
1016	1070	141	2	0.68583780	6.17649141
1016	1070	141	3	0.29129887	1.60248033
1016	1070	141	4	1.26684347	8.13383200
1016	1070	141	5	0.32465871	1.60862063
1016	1070	141	6	3.18232695	12.56322133
1016	1070	141	7	0.69680822	3.33693480
1016	1070	141	8	0.07035403	0.48644311
1016	1070	141	9	1.44317917	6.03926525
1016	1070	141	10	0.11282881	0.54406208
1016	1070	141	11	0.31203609	1.44748647
1016	1070	141	12	0.93545362	10.34703062
1016	1070	141	13	1.31317725	6.97532809
1016	1070	141	14	3.77308359	23.15346418
1016	1070	141	15	0.28627800	1.49617451
1016	1070	141	16	0.84875471	6.97108721
1016	1070	141	17	0.24213572	1.94889616
1016	1070	141	18	0.13531031	0.73094141
1016	1070	141	19	1.76176170	19.76453385
1016	1070	142	0	1.63722621	6.33266869
1016	1070	142	1	0.65142592	3.60167261
1016	1070	142	2	0.68583354	6.17640911
1016	1070	142	3	0.29130616	1.60251292
1016	1070	142	4	1.26684644	8.13404627
1016	1070	142	5	0.32466005	1.60862210
1016	1070	142	6	3.18233078	12.56330911
1016	1070	142	7	0.69682096	3.33689812
1016	1070	142	8	0.07035613	0.48641732
1016	1070	142	9	1.44318179	6.03928842
1016	1070	142	10	0.11282929	0.54406217
1016	1070	142	11	0.31204416	1.44747252
1016	1070	142	12	0.93544928	10.34717168
1016	1070	142	13	1.31316278	6.97526728
1016	1070	142	14	3.77308320	23.15347055
1016	1070	142	15	0.28627927	1.49617463
1016	1070	142	16	0.84875431	6.97109057
1016	1070	142	17	0.24213648	1.94888441
1016	1070	142	18	0.13531092	0.73094069
1016	1070	142	19	1.76176127	19.76461532
1016	1070	143	0	1.63722174	6.33265067
1016	1070	143	1	0.65142490	3.60167158
1016	1070	143	2	0.68582988	6.17633170
1016	1070	143	3	0.29131319	1.60254688
1016	1070	143	4	1.26684714	8.13423014
1016	1070	143	5	0.32466143	1.60862461
1016	1070	143	6	3.18233184	12.56337848
1016	1070	143	7	0.69683529	3.33688184
1016	1070	143	8	0.07035846	0.48639735
1016	1070	143	9	1.44318392	6.03930866
1016	1070	143	10	0.11282980	0.54406272
1016	1070	143	11	0.31205311	1.44746966
1016	1070	143	12	0.93544451	10.34729565
1016	1070	143	13	1.31314878	6.97520346
1016	1070	143	14	3.77308274	23.15347550
1016	1070	143	15	0.28628059	1.49617600
1016	1070	143	16	0.84875390	6.97109313
1016	1070	143	17	0.24213729	1.94887488
1016	1070	143	18	0.13531157	0.73094072
1016	1070	143	19	1.76176054	19.76468909
1016	1070	144	0	1.63721746	6.33263284
1016	1070	144	1	0.65142387	3.60166973
1016	1070	144	2	0.68582677	6.17625922
1016	1070	144	3	0.29131992	1.60258169
1016	1070	144	4	1.26684587	8.13438609
1016	1070	144	5	0.32466283	1.60862799
1016	1070	144	6	3.18233050	12.56343135
1016	1070	144	7	0.69685085	3.33688328
1016	1070	144	8	0.07036096	0.48638261
1016	1070	144	9	1.44318562	6.03932621
1016	1070	144	10	0.11283033	0.54406366
1016	1070	144	11	0.31206274	1.44747636
1016	1070	144	12	0.93543941	10.34740364
1016	1070	144	13	1.31313531	6.97513765
1016	1070	144	14	3.77308221	23.15347917
1016	1070	144	15	0.28628194	1.49617842
1016	1070	144	16	0.84875349	6.97109496
1016	1070	144	17	0.24213815	1.94886734
1016	1070	144	18	0.13531225	0.73094140
1016	1070	144	19	1.76175955	19.76475556
1016	1070	145	0	1.63721339	6.33261535
1016	1070	145	1	0.65142284	3.60166718
1016	1070	145	2	0.68582417	6.17619168
1016	1070	145	3	0.29132633	1.60261691
1016	1070	145	4	1.26684293	8.13451648
1016	1070	145	5	0.32466424	1.60863210
1016	1070	145	6	3.18232712	12.56346949
1016	1070	145	7	0.69686731	3.33689999
1016	1070	145	8	0.07036358	0.48637249
1016	1070	145	9	1.44318693	6.03934126
1016	1070	145	10	0.11283086	0.54406494
1016	1070	145	11	0.31207284	1.44749124
1016	1070	145	12	0.93543408	10.34749677
1016	1070	145	13	1.31312242	6.97507076
1016	1070	145	14	3.77308163	23.15348172
1016	1070	145	15	0.28628331	1.49618173
1016	1070	145	16	0.84875307	6.97109615
1016	1070	145	17	0.24213904	1.94886159
1016	1070	145	18	0.13531294	0.73094263
1016	1070	145	19	1.76175836	19.76481511
1016	1070	146	0	1.63720954	6.33259830
1016	1070	146	1	0.65142181	3.60166406
1016	1070	146	2	0.68582204	6.17612905
1016	1070	146	3	0.29133241	1.60265214
1016	1070	146	4	1.26683856	8.13462361
1016	1070	146	5	0.32466565	1.60863679
1016	1070	146	6	3.18232200	12.56349458
1016	1070	146	7	0.69688441	3.33692967
1016	1070	146	8	0.07036628	0.48636647
1016	1070	146	9	1.44318788	6.03935402
1016	1070	146	10	0.11283140	0.54406648
1016	1070	146	11	0.31208328	1.44751302
1016	1070	146	12	0.93542859	10.34757615
1016	1070	146	13	1.31311016	6.97500357
1016	1070	146	14	3.77308101	23.15348328
1016	1070	146	15	0.28628468	1.49618578
1016	1070	146	16	0.84875266	6.97109679
1016	1070	146	17	0.24213994	1.94885745
1016	1070	146	18	0.13531363	0.73094431
1016	1070	146	19	1.76175701	19.76486817
1016	1070	147	0	1.63720591	6.33258181
1016	1070	147	1	0.65142079	3.60166047
1016	1070	147	2	0.68582032	6.17607124
1016	1070	147	3	0.29133814	1.60268704
1016	1070	147	4	1.26683301	8.13470970
1016	1070	147	5	0.32466703	1.60864193
1016	1070	147	6	3.18231544	12.56350820
1016	1070	147	7	0.69690188	3.33697025
1016	1070	147	8	0.07036903	0.48636401
1016	1070	147	9	1.44318852	6.03936468
1016	1070	147	10	0.11283194	0.54406825
1016	1070	147	11	0.31209389	1.44754053
1016	1070	147	12	0.93542303	10.34764286
1016	1070	147	13	1.31309856	6.97493678
1016	1070	147	14	3.77308036	23.15348396
1016	1070	147	15	0.28628603	1.49619042
1016	1070	147	16	0.84875226	6.97109693
1016	1070	147	17	0.24214085	1.94885472
1016	1070	147	18	0.13531432	0.73094638
1016	1070	147	19	1.76175552	19.76491515
1016	1070	148	0	1.63720251	6.33256596
1016	1070	148	1	0.65141980	3.60165651
1016	1070	148	2	0.68581898	6.17601813
1016	1070	148	3	0.29134351	1.60272133
1016	1070	148	4	1.26682649	8.13477683
1016	1070	148	5	0.32466838	1.60864742
1016	1070	148	6	3.18230769	12.56351181
1016	1070	148	7	0.69691951	3.33701982
1016	1070	148	8	0.07037180	0.48636467
1016	1070	148	9	1.44318889	6.03937344
1016	1070	148	10	0.11283247	0.54407018
1016	1070	148	11	0.31210455	1.44757272
1016	1070	148	12	0.93541745	10.34769798
1016	1070	148	13	1.31308763	6.97487095
1016	1070	148	14	3.77307970	23.15348388
1016	1070	148	15	0.28628736	1.49619553
1016	1070	148	16	0.84875186	6.97109665
1016	1070	148	17	0.24214175	1.94885324
1016	1070	148	18	0.13531500	0.73094876
1016	1070	148	19	1.76175393	19.76495645
1016	1070	149	0	1.63719933	6.33255080
1016	1070	149	1	0.65141883	3.60165228
1016	1070	149	2	0.68581798	6.17596958
1016	1070	149	3	0.29134853	1.60275476
1016	1070	149	4	1.26681921	8.13482699
1016	1070	149	5	0.32466969	1.60865316
1016	1070	149	6	3.18229900	12.56350675
1016	1070	149	7	0.69693711	3.33707668
1016	1070	149	8	0.07037454	0.48636799
1016	1070	149	9	1.44318901	6.03938047
1016	1070	149	10	0.11283299	0.54407225
1016	1070	149	11	0.31211515	1.44760864
1016	1070	149	12	0.93541192	10.34774255
1016	1070	149	13	1.31307739	6.97480660
1016	1070	149	14	3.77307902	23.15348315
1016	1070	149	15	0.28628866	1.49620099
1016	1070	149	16	0.84875148	6.97109601
1016	1070	149	17	0.24214264	1.94885285
1016	1070	149	18	0.13531567	0.73095138
1016	1070	149	19	1.76175228	19.76499248
1016	1070	150	0	1.63719638	6.33253638
1016	1070	150	1	0.65141790	3.60164785
1016	1070	150	2	0.68581728	6.17592542
1016	1070	150	3	0.29135320	1.60278714
1016	1070	150	4	1.26681133	8.13486206
1016	1070	150	5	0.32467096	1.60865904
1016	1070	150	6	3.18228958	12.56349429
1016	1070	150	7	0.69695451	3.33713925
1016	1070	150	8	0.07037725	0.48637357
1016	1070	150	9	1.44318893	6.03938594
1016	1070	150	10	0.11283350	0.54407441
1016	1070	150	11	0.31212561	1.44764742
1016	1070	150	12	0.93540648	10.34777755
1016	1070	150	13	1.31306784	6.97474412
1016	1070	150	14	3.77307835	23.15348186
1016	1070	150	15	0.28628991	1.49620670
1016	1070	150	16	0.84875111	6.97109507
1016	1070	150	17	0.24214352	1.94885340
1016	1070	150	18	0.13531632	0.73095418
1016	1070	150	19	1.76175058	19.76502365
1016	1070	151	0	1.63719366	6.33252275
1016	1070	151	1	0.65141701	3.60164329
1016	1070	151	2	0.68581684	6.17588546
1016	1070	151	3	0.29135751	1.60281830
1016	1070	151	4	1.26680302	8.13488379
1016	1070	151	5	0.32467217	1.60866501
1016	1070	151	6	3.18227962	12.56347556
1016	1070	151	7	0.69697157	3.33720616
1016	1070	151	8	0.07037989	0.48638106
1016	1070	151	9	1.44318867	6.03939003
1016	1070	151	10	0.11283398	0.54407662
1016	1070	151	11	0.31213583	1.44768829
1016	1070	151	12	0.93540116	10.34780395
1016	1070	151	13	1.31305898	6.97468385
1016	1070	151	14	3.77307768	23.15348011
1016	1070	151	15	0.28629112	1.49621257
1016	1070	151	16	0.84875076	6.97109387
1016	1070	151	17	0.24214437	1.94885475
1016	1070	151	18	0.13531695	0.73095712
1016	1070	151	19	1.76174886	19.76505034
1016	1070	152	0	1.63719116	6.33250991
1016	1070	152	1	0.65141616	3.60163866
1016	1070	152	2	0.68581663	6.17584950
1016	1070	152	3	0.29136149	1.60284811
1016	1070	152	4	1.26679442	8.13489383
1016	1070	152	5	0.32467333	1.60867099
1016	1070	152	6	3.18226929	12.56345162
1016	1070	152	7	0.69698819	3.33727617
1016	1070	152	8	0.07038246	0.48639010
1016	1070	152	9	1.44318826	6.03939288
1016	1070	152	10	0.11283445	0.54407887
1016	1070	152	11	0.31214576	1.44773057
1016	1070	152	12	0.93539600	10.34782264
1016	1070	152	13	1.31305079	6.97462606
1016	1070	152	14	3.77307702	23.15347798
1016	1070	152	15	0.28629228	1.49621853
1016	1070	152	16	0.84875042	6.97109247
1016	1070	152	17	0.24214518	1.94885679
1016	1070	152	18	0.13531756	0.73096014
1016	1070	152	19	1.76174714	19.76507293
1016	1070	153	0	1.63718886	6.33249789
1016	1070	153	1	0.65141535	3.60163402
1016	1070	153	2	0.68581663	6.17581732
1016	1070	153	3	0.29136513	1.60287647
1016	1070	153	4	1.26678564	8.13489369
1016	1070	153	5	0.32467443	1.60867691
1016	1070	153	6	3.18225875	12.56342342
1016	1070	153	7	0.69700426	3.33734817
1016	1070	153	8	0.07038494	0.48640041
1016	1070	153	9	1.44318772	6.03939464
1016	1070	153	10	0.11283490	0.54408112
1016	1070	153	11	0.31215535	1.44777368
1016	1070	153	12	0.93539104	10.34783448
1016	1070	153	13	1.31304325	6.97457096
1016	1070	153	14	3.77307638	23.15347553
1016	1070	153	15	0.28629338	1.49622450
1016	1070	153	16	0.84875010	6.97109090
1016	1070	153	17	0.24214597	1.94885939
1016	1070	153	18	0.13531814	0.73096321
1016	1070	153	19	1.76174543	19.76509179
1016	1070	154	0	1.63718677	6.33248668
1016	1070	154	1	0.65141459	3.60162941
1016	1070	154	2	0.68581680	6.17578872
1016	1070	154	3	0.29136845	1.60290332
1016	1070	154	4	1.26677679	8.13488480
1016	1070	154	5	0.32467546	1.60868274
1016	1070	154	6	3.18224811	12.56339181
1016	1070	154	7	0.69701970	3.33742120
1016	1070	154	8	0.07038732	0.48641170
1016	1070	154	9	1.44318708	6.03939544
1016	1070	154	10	0.11283533	0.54408335
1016	1070	154	11	0.31216454	1.44781707
1016	1070	154	12	0.93538628	10.34784029
1016	1070	154	13	1.31303636	6.97451870
1016	1070	154	14	3.77307576	23.15347284
1016	1070	154	15	0.28629442	1.49623043
1016	1070	154	16	0.84874980	6.97108920
1016	1070	154	17	0.24214672	1.94886245
1016	1070	154	18	0.13531868	0.73096628
1016	1070	154	19	1.76174375	19.76510725
1016	1070	155	0	1.63718488	6.33247629
1016	1070	155	1	0.65141388	3.60162487
1016	1070	155	2	0.68581712	6.17576347
1016	1070	155	3	0.29137146	1.60292861
1016	1070	155	4	1.26676798	8.13486845
1016	1070	155	5	0.32467644	1.60868843
1016	1070	155	6	3.18223750	12.56335757
1016	1070	155	7	0.69703446	3.33749443
1016	1070	155	8	0.07038958	0.48642374
1016	1070	155	9	1.44318636	6.03939540
1016	1070	155	10	0.11283573	0.54408554
1016	1070	155	11	0.31217330	1.44786030
1016	1070	155	12	0.93538175	10.34784082
1016	1070	155	13	1.31303009	6.97446939
1016	1070	155	14	3.77307516	23.15346996
1016	1070	155	15	0.28629540	1.49623627
1016	1070	155	16	0.84874952	6.97108741
1016	1070	155	17	0.24214743	1.94886589
1016	1070	155	18	0.13531920	0.73096934
1016	1070	155	19	1.76174211	19.76511966
1016	1070	156	0	1.63718317	6.33246668
1016	1070	156	1	0.65141321	3.60162044
1016	1070	156	2	0.68581756	6.17574133
1016	1070	156	3	0.29137417	1.60295231
1016	1070	156	4	1.26675927	8.13484583
1016	1070	156	5	0.32467735	1.60869394
1016	1070	156	6	3.18222702	12.56332140
1016	1070	156	7	0.69704849	3.33756712
1016	1070	156	8	0.07039173	0.48643630
1016	1070	156	9	1.44318557	6.03939466
1016	1070	156	10	0.11283611	0.54408768
1016	1070	156	11	0.31218162	1.44790297
1016	1070	156	12	0.93537745	10.34783677
1016	1070	156	13	1.31302440	6.97442308
1016	1070	156	14	3.77307458	23.15346696
1016	1070	156	15	0.28629631	1.49624197
1016	1070	156	16	0.84874926	6.97108556
1016	1070	156	17	0.24214811	1.94886961
1016	1070	156	18	0.13531969	0.73097235
1016	1070	156	19	1.76174052	19.76512932
1016	1070	157	0	1.63718165	6.33245786
1016	1070	157	1	0.65141259	3.60161614
1016	1070	157	2	0.68581811	6.17572210
1016	1070	157	3	0.29137661	1.60297443
1016	1070	157	4	1.26675074	8.13481803
1016	1070	157	5	0.32467819	1.60869925
1016	1070	157	6	3.18221674	12.56328390
1016	1070	157	7	0.69706175	3.33763866
1016	1070	157	8	0.07039376	0.48644919
1016	1070	157	9	1.44318473	6.03939330
1016	1070	157	10	0.11283646	0.54408976
1016	1070	157	11	0.31218947	1.44794476
1016	1070	157	12	0.93537341	10.34782879
1016	1070	157	13	1.31301928	6.97437981
1016	1070	157	14	3.77307403	23.15346387
1016	1070	157	15	0.28629717	1.49624749
1016	1070	157	16	0.84874902	6.97108367
1016	1070	157	17	0.24214874	1.94887354
1016	1070	157	18	0.13532014	0.73097528
1016	1070	157	19	1.76173899	19.76513654
1016	1070	158	0	1.63718029	6.33244979
1016	1070	158	1	0.65141201	3.60161199
1016	1070	158	2	0.68581874	6.17570556
1016	1070	158	3	0.29137878	1.60299495
1016	1070	158	4	1.26674245	8.13478603
1016	1070	158	5	0.32467898	1.60870434
1016	1070	158	6	3.18220673	12.56324562
1016	1070	158	7	0.69707423	3.33770852
1016	1070	158	8	0.07039566	0.48646225
1016	1070	158	9	1.44318386	6.03939143
1016	1070	158	10	0.11283679	0.54409175
1016	1070	158	11	0.31219684	1.44798539
1016	1070	158	12	0.93536961	10.34781748
1016	1070	158	13	1.31301469	6.97433956
1016	1070	158	14	3.77307352	23.15346073
1016	1070	158	15	0.28629797	1.49625282
1016	1070	158	16	0.84874879	6.97108176
1016	1070	158	17	0.24214933	1.94887762
1016	1070	158	18	0.13532057	0.73097813
1016	1070	158	19	1.76173753	19.76514158
1016	1070	159	0	1.63717908	6.33244244
1016	1070	159	1	0.65141148	3.60160802
1016	1070	159	2	0.68581944	6.17569148
1016	1070	159	3	0.29138071	1.60301392
1016	1070	159	4	1.26673443	8.13475071
1016	1070	159	5	0.32467970	1.60870918
1016	1070	159	6	3.18219706	12.56320703
1016	1070	159	7	0.69708591	3.33777627
1016	1070	159	8	0.07039744	0.48647532
1016	1070	159	9	1.44318297	6.03938914
1016	1070	159	10	0.11283710	0.54409367
1016	1070	159	11	0.31220373	1.44802463
1016	1070	159	12	0.93536606	10.34780340
1016	1070	159	13	1.31301061	6.97430231
1016	1070	159	14	3.77307303	23.15345759
1016	1070	159	15	0.28629870	1.49625792
1016	1070	159	16	0.84874859	6.97107987
1016	1070	159	17	0.24214988	1.94888178
1016	1070	159	18	0.13532096	0.73098088
1016	1070	159	19	1.76173614	19.76514471
1016	1070	160	0	1.63717802	6.33243579
1016	1070	160	1	0.65141099	3.60160424
1016	1070	160	2	0.68582019	6.17567966
1016	1070	160	3	0.29138240	1.60303137
1016	1070	160	4	1.26672674	8.13471288
1016	1070	160	5	0.32468036	1.60871376
1016	1070	160	6	3.18218777	12.56316855
1016	1070	160	7	0.69709680	3.33784156
1016	1070	160	8	0.07039910	0.48648828
1016	1070	160	9	1.44318207	6.03938650
1016	1070	160	10	0.11283738	0.54409549
1016	1070	160	11	0.31221014	1.44806231
1016	1070	160	12	0.93536277	10.34778704
1016	1070	160	13	1.31300699	6.97426798
1016	1070	160	14	3.77307257	23.15345447
1016	1070	160	15	0.28629938	1.49626278
1016	1070	160	16	0.84874840	6.97107800
1016	1070	160	17	0.24215039	1.94888597
1016	1070	160	18	0.13532133	0.73098351
1016	1070	160	19	1.76173482	19.76514616
1016	1070	161	0	1.63717710	6.33242980
1016	1070	161	1	0.65141055	3.60160065
1016	1070	161	2	0.68582097	6.17566990
1016	1070	161	3	0.29138388	1.60304733
1016	1070	161	4	1.26671939	8.13467325
1016	1070	161	5	0.32468096	1.60871809
1016	1070	161	6	3.18217889	12.56313052
1016	1070	161	7	0.69710690	3.33790410
1016	1070	161	8	0.07040063	0.48650102
1016	1070	161	9	1.44318117	6.03938360
1016	1070	161	10	0.11283764	0.54409722
1016	1070	161	11	0.31221607	1.44809827
1016	1070	161	12	0.93535972	10.34776887
1016	1070	161	13	1.31300382	6.97423650
1016	1070	161	14	3.77307214	23.15345141
1016	1070	161	15	0.28629999	1.49626739
1016	1070	161	16	0.84874822	6.97107616
1016	1070	161	17	0.24215086	1.94889015
1016	1070	161	18	0.13532166	0.73098602
1016	1070	161	19	1.76173357	19.76514617
1016	1070	162	0	1.63717631	6.33242444
1016	1070	162	1	0.65141014	3.60159727
1016	1070	162	2	0.68582178	6.17566201
1016	1070	162	3	0.29138515	1.60306188
1016	1070	162	4	1.26671241	8.13463243
1016	1070	162	5	0.32468151	1.60872214
1016	1070	162	6	3.18217045	12.56309324
1016	1070	162	7	0.69711622	3.33796368
1016	1070	162	8	0.07040204	0.48651345
1016	1070	162	9	1.44318028	6.03938049
1016	1070	162	10	0.11283787	0.54409884
1016	1070	162	11	0.31222155	1.44813242
1016	1070	162	12	0.93535691	10.34774929
1016	1070	162	13	1.31300107	6.97420778
1016	1070	162	14	3.77307174	23.15344841
1016	1070	162	15	0.28630056	1.49627173
1016	1070	162	16	0.84874807	6.97107438
1016	1070	162	17	0.24215129	1.94889428
1016	1070	162	18	0.13532196	0.73098840
1016	1070	162	19	1.76173241	19.76514493
1016	1070	163	0	1.63717563	6.33241967
1016	1070	163	1	0.65140978	3.60159410
1016	1070	163	2	0.68582259	6.17565580
1016	1070	163	3	0.29138624	1.60307505
1016	1070	163	4	1.26670581	8.13459099
1016	1070	163	5	0.32468200	1.60872592
1016	1070	163	6	3.18216248	12.56305698
1016	1070	163	7	0.69712479	3.33802014
1016	1070	163	8	0.07040334	0.48652549
1016	1070	163	9	1.44317941	6.03937723
1016	1070	163	10	0.11283809	0.54410037
1016	1070	163	11	0.31222656	1.44816467
1016	1070	163	12	0.93535434	10.34772867
1016	1070	163	13	1.31299869	6.97418171
1016	1070	163	14	3.77307138	23.15344551
1016	1070	163	15	0.28630107	1.49627580
1016	1070	163	16	0.84874793	6.97107265
1016	1070	163	17	0.24215169	1.94889834
1016	1070	163	18	0.13532224	0.73099064
1016	1070	163	19	1.76173132	19.76514263
1016	1070	164	0	1.63717506	6.33241546
1016	1070	164	1	0.65140945	3.60159114
1016	1070	164	2	0.68582342	6.17565110
1016	1070	164	3	0.29138716	1.60308692
1016	1070	164	4	1.26669961	8.13454941
1016	1070	164	5	0.32468245	1.60872944
1016	1070	164	6	3.18215498	12.56302192
1016	1070	164	7	0.69713262	3.33807338
1016	1070	164	8	0.07040452	0.48653709
1016	1070	164	9	1.44317856	6.03937388
1016	1070	164	10	0.11283828	0.54410179
1016	1070	164	11	0.31223114	1.44819499
1016	1070	164	12	0.93535200	10.34770735
1016	1070	164	13	1.31299666	6.97415817
1016	1070	164	14	3.77307104	23.15344271
1016	1070	164	15	0.28630153	1.49627961
1016	1070	164	16	0.84874780	6.97107100
1016	1070	164	17	0.24215205	1.94890228
1016	1070	164	18	0.13532249	0.73099274
1016	1070	164	19	1.76173031	19.76513946
1016	1070	165	0	1.63717459	6.33241176
1016	1070	165	1	0.65140916	3.60158838
1016	1070	165	2	0.68582423	6.17564774
1016	1070	165	3	0.29138793	1.60309755
1016	1070	165	4	1.26669381	8.13450811
1016	1070	165	5	0.32468285	1.60873268
1016	1070	165	6	3.18214796	12.56298825
1016	1070	165	7	0.69713974	3.33812333
1016	1070	165	8	0.07040559	0.48654819
1016	1070	165	9	1.44317774	6.03937047
1016	1070	165	10	0.11283846	0.54410311
1016	1070	165	11	0.31223530	1.44822335
1016	1070	165	12	0.93534987	10.34768561
1016	1070	165	13	1.31299495	6.97413703
1016	1070	165	14	3.77307073	23.15344003
1016	1070	165	15	0.28630194	1.49628314
1016	1070	165	16	0.84874769	6.97106942
1016	1070	165	17	0.24215237	1.94890609
1016	1070	165	18	0.13532272	0.73099471
1016	1070	165	19	1.76172937	19.76513555
1016	1070	166	0	1.63717420	6.33240855
1016	1070	166	1	0.65140890	3.60158583
1016	1070	166	2	0.68582504	6.17564558
1016	1070	166	3	0.29138856	1.60310702
1016	1070	166	4	1.26668840	8.13446743
1016	1070	166	5	0.32468320	1.60873567
1016	1070	166	6	3.18214142	12.56295608
1016	1070	166	7	0.69714619	3.33816997
1016	1070	166	8	0.07040656	0.48655875
1016	1070	166	9	1.44317694	6.03936706
1016	1070	166	10	0.11283861	0.54410434
1016	1070	166	11	0.31223905	1.44824975
1016	1070	166	12	0.93534796	10.34766372
1016	1070	166	13	1.31299353	6.97411816
1016	1070	166	14	3.77307045	23.15343747
1016	1070	166	15	0.28630230	1.49628641
1016	1070	166	16	0.84874759	6.97106792
1016	1070	166	17	0.24215266	1.94890975
1016	1070	166	18	0.13532292	0.73099653
1016	1070	166	19	1.76172851	19.76513106
1016	1070	167	0	1.63717390	6.33240578
1016	1070	167	1	0.65140867	3.60158349
1016	1070	167	2	0.68582583	6.17564446
1016	1070	167	3	0.29138906	1.60311540
1016	1070	167	4	1.26668339	8.13442768
1016	1070	167	5	0.32468351	1.60873841
1016	1070	167	6	3.18213536	12.56292552
1016	1070	167	7	0.69715199	3.33821332
1016	1070	167	8	0.07040743	0.48656876
1016	1070	167	9	1.44317619	6.03936367
1016	1070	167	10	0.11283875	0.54410546
1016	1070	167	11	0.31224243	1.44827422
1016	1070	167	12	0.93534624	10.34764188
1016	1070	167	13	1.31299238	6.97410143
1016	1070	167	14	3.77307019	23.15343506
1016	1070	167	15	0.28630263	1.49628942
1016	1070	167	16	0.84874750	6.97106650
1016	1070	167	17	0.24215292	1.94891324
1016	1070	167	18	0.13532310	0.73099822
1016	1070	167	19	1.76172772	19.76512611
1016	1070	168	0	1.63717366	6.33240342
1016	1070	168	1	0.65140847	3.60158133
1016	1070	168	2	0.68582659	6.17564425
1016	1070	168	3	0.29138944	1.60312275
1016	1070	168	4	1.26667877	8.13438912
1016	1070	168	5	0.32468378	1.60874091
1016	1070	168	6	3.18212976	12.56289664
1016	1070	168	7	0.69715718	3.33825341
1016	1070	168	8	0.07040821	0.48657819
1016	1070	168	9	1.44317547	6.03936034
1016	1070	168	10	0.11283887	0.54410649
1016	1070	168	11	0.31224544	1.44829679
1016	1070	168	12	0.93534470	10.34762030
1016	1070	168	13	1.31299147	6.97408670
1016	1070	168	14	3.77306996	23.15343278
1016	1070	168	15	0.28630291	1.49629218
1016	1070	168	16	0.84874742	6.97106517
1016	1070	168	17	0.24215315	1.94891656
1016	1070	168	18	0.13532326	0.73099978
1016	1070	168	19	1.76172701	19.76512081
1016	1070	169	0	1.63717349	6.33240144
1016	1070	169	1	0.65140830	3.60157937
1016	1070	169	2	0.68582733	6.17564483
1016	1070	169	3	0.29138973	1.60312915
1016	1070	169	4	1.26667453	8.13435194
1016	1070	169	5	0.32468401	1.60874317
1016	1070	169	6	3.18212462	12.56286947
1016	1070	169	7	0.69716180	3.33829033
1016	1070	169	8	0.07040890	0.48658703
1016	1070	169	9	1.44317478	6.03935708
1016	1070	169	10	0.11283898	0.54410743
1016	1070	169	11	0.31224811	1.44831750
1016	1070	169	12	0.93534335	10.34759914
1016	1070	169	13	1.31299078	6.97407383
1016	1070	169	14	3.77306975	23.15343064
1016	1070	169	15	0.28630316	1.49629470
1016	1070	169	16	0.84874736	6.97106393
1016	1070	169	17	0.24215335	1.94891970
1016	1070	169	18	0.13532339	0.73100121
1016	1070	169	19	1.76172636	19.76511526
1016	1070	170	0	1.63717338	6.33239980
1016	1070	170	1	0.65140815	3.60157759
1016	1070	170	2	0.68582803	6.17564608
1016	1070	170	3	0.29138992	1.60313467
1016	1070	170	4	1.26667066	8.13431630
1016	1070	170	5	0.32468421	1.60874521
1016	1070	170	6	3.18211992	12.56284405
1016	1070	170	7	0.69716587	3.33832415
1016	1070	170	8	0.07040950	0.48659528
1016	1070	170	9	1.44317414	6.03935391
1016	1070	170	10	0.11283907	0.54410828
1016	1070	170	11	0.31225046	1.44833642
1016	1070	170	12	0.93534215	10.34757853
1016	1070	170	13	1.31299027	6.97406269
1016	1070	170	14	3.77306957	23.15342864
1016	1070	170	15	0.28630337	1.49629698
1016	1070	170	16	0.84874730	6.97106277
1016	1070	170	17	0.24215353	1.94892266
1016	1070	170	18	0.13532351	0.73100251
1016	1070	170	19	1.76172577	19.76510956
1016	1070	171	0	1.63717332	6.33239847
1016	1070	171	1	0.65140803	3.60157599
1016	1070	171	2	0.68582870	6.17564789
1016	1070	171	3	0.29139003	1.60313939
1016	1070	171	4	1.26666713	8.13428234
1016	1070	171	5	0.32468438	1.60874704
1016	1070	171	6	3.18211565	12.56282037
1016	1070	171	7	0.69716945	3.33835499
1016	1070	171	8	0.07041003	0.48660294
1016	1070	171	9	1.44317354	6.03935087
1016	1070	171	10	0.11283915	0.54410905
1016	1070	171	11	0.31225252	1.44835361
1016	1070	171	12	0.93534111	10.34755859
1016	1070	171	13	1.31298994	6.97405314
1016	1070	171	14	3.77306941	23.15342678
1016	1070	171	15	0.28630355	1.49629903
1016	1070	171	16	0.84874725	6.97106169
1016	1070	171	17	0.24215369	1.94892542
1016	1070	171	18	0.13532362	0.73100369
1016	1070	171	19	1.76172525	19.76510379
1016	1070	172	0	1.63717330	6.33239742
1016	1070	172	1	0.65140792	3.60157455
1016	1070	172	2	0.68582934	6.17565018
1016	1070	172	3	0.29139008	1.60314335
1016	1070	172	4	1.26666395	8.13425015
1016	1070	172	5	0.32468452	1.60874867
1016	1070	172	6	3.18211178	12.56279841
1016	1070	172	7	0.69717255	3.33838296
1016	1070	172	8	0.07041049	0.48661002
1016	1070	172	9	1.44317298	6.03934795
1016	1070	172	10	0.11283922	0.54410974
1016	1070	172	11	0.31225430	1.44836915
1016	1070	172	12	0.93534021	10.34753941
1016	1070	172	13	1.31298976	6.97404506
1016	1070	172	14	3.77306926	23.15342507
1016	1070	172	15	0.28630371	1.49630088
1016	1070	172	16	0.84874721	6.97106070
1016	1070	172	17	0.24215382	1.94892799
1016	1070	172	18	0.13532370	0.73100475
1016	1070	172	19	1.76172478	19.76509800
1016	1070	173	0	1.63717332	6.33239663
1016	1070	173	1	0.65140784	3.60157326
1016	1070	173	2	0.68582994	6.17565285
1016	1070	173	3	0.29139006	1.60314664
1016	1070	173	4	1.26666108	8.13421978
1016	1070	173	5	0.32468464	1.60875011
1016	1070	173	6	3.18210830	12.56277815
1016	1070	173	7	0.69717522	3.33840819
1016	1070	173	8	0.07041088	0.48661654
1016	1070	173	9	1.44317246	6.03934516
1016	1070	173	10	0.11283928	0.54411035
1016	1070	173	11	0.31225583	1.44838312
1016	1070	173	12	0.93533944	10.34752107
1016	1070	173	13	1.31298970	6.97403831
1016	1070	173	14	3.77306914	23.15342348
1016	1070	173	15	0.28630383	1.49630253
1016	1070	173	16	0.84874718	6.97105979
1016	1070	173	17	0.24215393	1.94893038
1016	1070	173	18	0.13532378	0.73100571
1016	1070	173	19	1.76172436	19.76509226
1016	1070	174	0	1.63717337	6.33239605
1016	1070	174	1	0.65140777	3.60157213
1016	1070	174	2	0.68583051	6.17565583
1016	1070	174	3	0.29138999	1.60314932
1016	1070	174	4	1.26665852	8.13419128
1016	1070	174	5	0.32468473	1.60875138
1016	1070	174	6	3.18210519	12.56275954
1016	1070	174	7	0.69717750	3.33843083
1016	1070	174	8	0.07041122	0.48662251
1016	1070	174	9	1.44317198	6.03934253
1016	1070	174	10	0.11283932	0.54411089
1016	1070	174	11	0.31225712	1.44839561
1016	1070	174	12	0.93533879	10.34750361
1016	1070	174	13	1.31298976	6.97403279
1016	1070	174	14	3.77306903	23.15342204
1016	1070	174	15	0.28630394	1.49630398
1016	1070	174	16	0.84874716	6.97105896
1016	1070	174	17	0.24215402	1.94893258
1016	1070	174	18	0.13532384	0.73100656
1016	1070	174	19	1.76172400	19.76508661
1016	1070	175	0	1.63717344	6.33239568
1016	1070	175	1	0.65140771	3.60157113
1016	1070	175	2	0.68583104	6.17565904
1016	1070	175	3	0.29138988	1.60315144
1016	1070	175	4	1.26665625	8.13416465
1016	1070	175	5	0.32468481	1.60875249
1016	1070	175	6	3.18210243	12.56274254
1016	1070	175	7	0.69717941	3.33845101
1016	1070	175	8	0.07041149	0.48662794
1016	1070	175	9	1.44317154	6.03934004
1016	1070	175	10	0.11283936	0.54411137
1016	1070	175	11	0.31225820	1.44840670
1016	1070	175	12	0.93533825	10.34748709
1016	1070	175	13	1.31298992	6.97402836
1016	1070	175	14	3.77306894	23.15342072
1016	1070	175	15	0.28630402	1.49630526
1016	1070	175	16	0.84874714	6.97105820
1016	1070	175	17	0.24215410	1.94893461
1016	1070	175	18	0.13532389	0.73100731
1016	1070	175	19	1.76172368	19.76508111
1016	1070	176	0	1.63717354	6.33239548
1016	1070	176	1	0.65140768	3.60157025
1016	1070	176	2	0.68583153	6.17566242
1016	1070	176	3	0.29138973	1.60315306
1016	1070	176	4	1.26665424	8.13413990
1016	1070	176	5	0.32468486	1.60875344
1016	1070	176	6	3.18209998	12.56272707
1016	1070	176	7	0.69718098	3.33846889
1016	1070	176	8	0.07041172	0.48663287
1016	1070	176	9	1.44317114	6.03933770
1016	1070	176	10	0.11283939	0.54411179
1016	1070	176	11	0.31225909	1.44841648
1016	1070	176	12	0.93533781	10.34747151
1016	1070	176	13	1.31299016	6.97402492
1016	1070	176	14	3.77306886	23.15341952
1016	1070	176	15	0.28630408	1.49630638
1016	1070	176	16	0.84874712	6.97105752
1016	1070	176	17	0.24215416	1.94893645
1016	1070	176	18	0.13532393	0.73100798
1016	1070	176	19	1.76172341	19.76507578
1016	1070	177	0	1.63717366	6.33239543
1016	1070	177	1	0.65140765	3.60156950
1016	1070	177	2	0.68583198	6.17566592
1016	1070	177	3	0.29138955	1.60315423
1016	1070	177	4	1.26665248	8.13411699
1016	1070	177	5	0.32468490	1.60875426
1016	1070	177	6	3.18209785	12.56271308
1016	1070	177	7	0.69718226	3.33848461
1016	1070	177	8	0.07041190	0.48663731
1016	1070	177	9	1.44317077	6.03933552
1016	1070	177	10	0.11283941	0.54411215
1016	1070	177	11	0.31225980	1.44842503
1016	1070	177	12	0.93533746	10.34745691
1016	1070	177	13	1.31299047	6.97402237
1016	1070	177	14	3.77306880	23.15341844
1016	1070	177	15	0.28630412	1.49630735
1016	1070	177	16	0.84874711	6.97105690
1016	1070	177	17	0.24215421	1.94893814
1016	1070	177	18	0.13532395	0.73100856
1016	1070	177	19	1.76172317	19.76507065
1016	1070	178	0	1.63717380	6.33239552
1016	1070	178	1	0.65140763	3.60156885
1016	1070	178	2	0.68583240	6.17566948
1016	1070	178	3	0.29138934	1.60315502
1016	1070	178	4	1.26665096	8.13409589
1016	1070	178	5	0.32468492	1.60875494
1016	1070	178	6	3.18209599	12.56270050
1016	1070	178	7	0.69718327	3.33849833
1016	1070	178	8	0.07041205	0.48664129
1016	1070	178	9	1.44317044	6.03933350
1016	1070	178	10	0.11283943	0.54411245
1016	1070	178	11	0.31226035	1.44843246
1016	1070	178	12	0.93533719	10.34744327
1016	1070	178	13	1.31299083	6.97402060
1016	1070	178	14	3.77306874	23.15341747
1016	1070	178	15	0.28630415	1.49630818
1016	1070	178	16	0.84874711	6.97105635
1016	1070	178	17	0.24215425	1.94893966
1016	1070	178	18	0.13532398	0.73100906
1016	1070	178	19	1.76172298	19.76506574
1016	1070	179	0	1.63717394	6.33239571
1016	1070	179	1	0.65140762	3.60156830
1016	1070	179	2	0.68583278	6.17567306
1016	1070	179	3	0.29138912	1.60315545
1016	1070	179	4	1.26664964	8.13407655
1016	1070	179	5	0.32468493	1.60875551
1016	1070	179	6	3.18209439	12.56268925
1016	1070	179	7	0.69718403	3.33851019
1016	1070	179	8	0.07041215	0.48664484
1016	1070	179	9	1.44317014	6.03933162
1016	1070	179	10	0.11283944	0.54411271
1016	1070	179	11	0.31226076	1.44843883
1016	1070	179	12	0.93533699	10.34743059
1016	1070	179	13	1.31299124	6.97401954
1016	1070	179	14	3.77306870	23.15341661
1016	1070	179	15	0.28630417	1.49630887
1016	1070	179	16	0.84874711	6.97105586
1016	1070	179	17	0.24215427	1.94894102
1016	1070	179	18	0.13532399	0.73100948
1016	1070	179	19	1.76172281	19.76506107
1016	1070	180	0	1.63717410	6.33239600
1016	1070	180	1	0.65140762	3.60156785
1016	1070	180	2	0.68583313	6.17567663
1016	1070	180	3	0.29138888	1.60315558
1016	1070	180	4	1.26664853	8.13405892
1016	1070	180	5	0.32468493	1.60875598
1016	1070	180	6	3.18209303	12.56267925
1016	1070	180	7	0.69718457	3.33852033
1016	1070	180	8	0.07041222	0.48664798
1016	1070	180	9	1.44316987	6.03932989
1016	1070	180	10	0.11283944	0.54411293
1016	1070	180	11	0.31226105	1.44844424
1016	1070	180	12	0.93533685	10.34741886
1016	1070	180	13	1.31299168	6.97401907
1016	1070	180	14	3.77306867	23.15341584
1016	1070	180	15	0.28630418	1.49630946
1016	1070	180	16	0.84874711	6.97105543
1016	1070	180	17	0.24215429	1.94894225
1016	1070	180	18	0.13532399	0.73100985
1016	1070	180	19	1.76172268	19.76505666
1016	1070	181	0	1.63717426	6.33239637
1016	1070	181	1	0.65140763	3.60156748
1016	1070	181	2	0.68583345	6.17568016
1016	1070	181	3	0.29138863	1.60315545
1016	1070	181	4	1.26664760	8.13404291
1016	1070	181	5	0.32468492	1.60875635
1016	1070	181	6	3.18209189	12.56267042
1016	1070	181	7	0.69718492	3.33852889
1016	1070	181	8	0.07041227	0.48665074
1016	1070	181	9	1.44316963	6.03932831
1016	1070	181	10	0.11283944	0.54411310
1016	1070	181	11	0.31226122	1.44844877
1016	1070	181	12	0.93533677	10.34740806
1016	1070	181	13	1.31299214	6.97401914
1016	1070	181	14	3.77306865	23.15341517
1016	1070	181	15	0.28630417	1.49630993
1016	1070	181	16	0.84874711	6.97105506
1016	1070	181	17	0.24215430	1.94894334
1016	1070	181	18	0.13532400	0.73101015
1016	1070	181	19	1.76172257	19.76505250
1016	1070	182	0	1.63717442	6.33239681
1016	1070	182	1	0.65140765	3.60156718
1016	1070	182	2	0.68583374	6.17568361
1016	1070	182	3	0.29138838	1.60315509
1016	1070	182	4	1.26664683	8.13402847
1016	1070	182	5	0.32468490	1.60875664
1016	1070	182	6	3.18209095	12.56266269
1016	1070	182	7	0.69718511	3.33853603
1016	1070	182	8	0.07041229	0.48665314
1016	1070	182	9	1.44316942	6.03932687
1016	1070	182	10	0.11283944	0.54411324
1016	1070	182	11	0.31226130	1.44845250
1016	1070	182	12	0.93533674	10.34739815
1016	1070	182	13	1.31299263	6.97401966
1016	1070	182	14	3.77306863	23.15341459
1016	1070	182	15	0.28630416	1.49631031
1016	1070	182	16	0.84874712	6.97105473
1016	1070	182	17	0.24215430	1.94894429
1016	1070	182	18	0.13532399	0.73101040
1016	1070	182	19	1.76172249	19.76504861
1016	1070	183	0	1.63717459	6.33239729
1016	1070	183	1	0.65140766	3.60156695
1016	1070	183	2	0.68583399	6.17568696
1016	1070	183	3	0.29138812	1.60315455
1016	1070	183	4	1.26664621	8.13401550
1016	1070	183	5	0.32468487	1.60875684
1016	1070	183	6	3.18209019	12.56265598
1016	1070	183	7	0.69718514	3.33854185
1016	1070	183	8	0.07041228	0.48665521
1016	1070	183	9	1.44316923	6.03932556
1016	1070	183	10	0.11283943	0.54411335
1016	1070	183	11	0.31226129	1.44845551
1016	1070	183	12	0.93533676	10.34738911
1016	1070	183	13	1.31299312	6.97402057
1016	1070	183	14	3.77306862	23.15341408
1016	1070	183	15	0.28630413	1.49631060
1016	1070	183	16	0.84874713	6.97105445
1016	1070	183	17	0.24215429	1.94894514
1016	1070	183	18	0.13532398	0.73101059
1016	1070	183	19	1.76172243	19.76504499
1016	1070	184	0	1.63717475	6.33239782
1016	1070	184	1	0.65140769	3.60156678
1016	1070	184	2	0.68583422	6.17569020
1016	1070	184	3	0.29138786	1.60315384
1016	1070	184	4	1.26664572	8.13400394
1016	1070	184	5	0.32468484	1.60875699
1016	1070	184	6	3.18208959	12.56265021
1016	1070	184	7	0.69718505	3.33854650
1016	1070	184	8	0.07041226	0.48665699
1016	1070	184	9	1.44316907	6.03932438
1016	1070	184	10	0.11283942	0.54411343
1016	1070	184	11	0.31226121	1.44845785
1016	1070	184	12	0.93533681	10.34738090
1016	1070	184	13	1.31299362	6.97402181
1016	1070	184	14	3.77306862	23.15341365
1016	1070	184	15	0.28630411	1.49631082
1016	1070	184	16	0.84874714	6.97105421
1016	1070	184	17	0.24215428	1.94894586
1016	1070	184	18	0.13532397	0.73101074
1016	1070	184	19	1.76172239	19.76504163
1016	1070	185	0	1.63717492	6.33239838
1016	1070	185	1	0.65140771	3.60156667
1016	1070	185	2	0.68583443	6.17569330
1016	1070	185	3	0.29138760	1.60315301
1016	1070	185	4	1.26664536	8.13399369
1016	1070	185	5	0.32468480	1.60875707
1016	1070	185	6	3.18208914	12.56264530
1016	1070	185	7	0.69718485	3.33855008
1016	1070	185	8	0.07041223	0.48665848
1016	1070	185	9	1.44316893	6.03932332
1016	1070	185	10	0.11283941	0.54411348
1016	1070	185	11	0.31226107	1.44845962
1016	1070	185	12	0.93533689	10.34737348
1016	1070	185	13	1.31299412	6.97402331
1016	1070	185	14	3.77306862	23.15341328
1016	1070	185	15	0.28630407	1.49631096
1016	1070	185	16	0.84874715	6.97105401
1016	1070	185	17	0.24215426	1.94894649
1016	1070	185	18	0.13532396	0.73101086
1016	1070	185	19	1.76172237	19.76503853
1016	1070	186	0	1.63717508	6.33239895
1016	1070	186	1	0.65140774	3.60156660
1016	1070	186	2	0.68583460	6.17569627
1016	1070	186	3	0.29138735	1.60315207
1016	1070	186	4	1.26664510	8.13398467
1016	1070	186	5	0.32468477	1.60875709
1016	1070	186	6	3.18208882	12.56264118
1016	1070	186	7	0.69718456	3.33855272
1016	1070	186	8	0.07041217	0.48665972
1016	1070	186	9	1.44316882	6.03932237
1016	1070	186	10	0.11283940	0.54411351
1016	1070	186	11	0.31226088	1.44846086
1016	1070	186	12	0.93533699	10.34736681
1016	1070	186	13	1.31299462	6.97402502
1016	1070	186	14	3.77306863	23.15341298
1016	1070	186	15	0.28630404	1.49631105
1016	1070	186	16	0.84874716	6.97105385
1016	1070	186	17	0.24215424	1.94894703
1016	1070	186	18	0.13532394	0.73101093
1016	1070	186	19	1.76172236	19.76503568
1016	1070	187	0	1.63717523	6.33239954
1016	1070	187	1	0.65140777	3.60156657
1016	1070	187	2	0.68583476	6.17569909
1016	1070	187	3	0.29138711	1.60315105
1016	1070	187	4	1.26664494	8.13397680
1016	1070	187	5	0.32468472	1.60875708
1016	1070	187	6	3.18208862	12.56263779
1016	1070	187	7	0.69718419	3.33855451
1016	1070	187	8	0.07041211	0.48666073
1016	1070	187	9	1.44316872	6.03932154
1016	1070	187	10	0.11283939	0.54411352
1016	1070	187	11	0.31226064	1.44846164
1016	1070	187	12	0.93533712	10.34736085
1016	1070	187	13	1.31299510	6.97402691
1016	1070	187	14	3.77306864	23.15341273
1016	1070	187	15	0.28630400	1.49631108
1016	1070	187	16	0.84874717	6.97105372
1016	1070	187	17	0.24215422	1.94894747
1016	1070	187	18	0.13532392	0.73101098
1016	1070	187	19	1.76172237	19.76503308
1016	1070	188	0	1.63717538	6.33240013
1016	1070	188	1	0.65140781	3.60156658
1016	1070	188	2	0.68583490	6.17570174
1016	1070	188	3	0.29138687	1.60314998
1016	1070	188	4	1.26664486	8.13396998
1016	1070	188	5	0.32468468	1.60875702
1016	1070	188	6	3.18208851	12.56263505
1016	1070	188	7	0.69718377	3.33855556
1016	1070	188	8	0.07041204	0.48666153
1016	1070	188	9	1.44316863	6.03932080
1016	1070	188	10	0.11283937	0.54411352
1016	1070	188	11	0.31226037	1.44846201
1016	1070	188	12	0.93533727	10.34735556
1016	1070	188	13	1.31299557	6.97402892
1016	1070	188	14	3.77306865	23.15341253
1016	1070	188	15	0.28630396	1.49631107
1016	1070	188	16	0.84874718	6.97105361
1016	1070	188	17	0.24215420	1.94894784
1016	1070	188	18	0.13532390	0.73101100
1016	1070	188	19	1.76172238	19.76503071
1016	1070	189	0	1.63717553	6.33240072
1016	1070	189	1	0.65140784	3.60156662
1016	1070	189	2	0.68583501	6.17570424
1016	1070	189	3	0.29138664	1.60314886
1016	1070	189	4	1.26664485	8.13396415
1016	1070	189	5	0.32468463	1.60875693
1016	1070	189	6	3.18208849	12.56263290
1016	1070	189	7	0.69718329	3.33855597
1016	1070	189	8	0.07041196	0.48666215
1016	1070	189	9	1.44316857	6.03932016
1016	1070	189	10	0.11283935	0.54411349
1016	1070	189	11	0.31226007	1.44846204
1016	1070	189	12	0.93533743	10.34735089
1016	1070	189	13	1.31299602	6.97403103
1016	1070	189	14	3.77306866	23.15341238
1016	1070	189	15	0.28630391	1.49631101
1016	1070	189	16	0.84874720	6.97105354
1016	1070	189	17	0.24215417	1.94894814
1016	1070	189	18	0.13532388	0.73101099
1016	1070	189	19	1.76172241	19.76502857
1016	1070	190	0	1.63717567	6.33240130
1016	1070	190	1	0.65140787	3.60156669
1016	1070	190	2	0.68583511	6.17570658
1016	1070	190	3	0.29138643	1.60314771
1016	1070	190	4	1.26664490	8.13395922
1016	1070	190	5	0.32468459	1.60875682
1016	1070	190	6	3.18208855	12.56263127
1016	1070	190	7	0.69718277	3.33855581
1016	1070	190	8	0.07041188	0.48666260
1016	1070	190	9	1.44316852	6.03931960
1016	1070	190	10	0.11283934	0.54411346
1016	1070	190	11	0.31225975	1.44846176
1016	1070	190	12	0.93533760	10.34734681
1016	1070	190	13	1.31299646	6.97403319
1016	1070	190	14	3.77306868	23.15341227
1016	1070	190	15	0.28630387	1.49631093
1016	1070	190	16	0.84874721	6.97105348
1016	1070	190	17	0.24215414	1.94894838
1016	1070	190	18	0.13532386	0.73101096
1016	1070	190	19	1.76172244	19.76502665
1016	1070	191	0	1.63717580	6.33240187
1016	1070	191	1	0.65140791	3.60156678
1016	1070	191	2	0.68583519	6.17570876
1016	1070	191	3	0.29138622	1.60314656
1016	1070	191	4	1.26664501	8.13395511
1016	1070	191	5	0.32468454	1.60875668
1016	1070	191	6	3.18208868	12.56263012
1016	1070	191	7	0.69718223	3.33855517
1016	1070	191	8	0.07041180	0.48666290
1016	1070	191	9	1.44316848	6.03931912
1016	1070	191	10	0.11283932	0.54411342
1016	1070	191	11	0.31225942	1.44846122
1016	1070	191	12	0.93533777	10.34734326
1016	1070	191	13	1.31299688	6.97403538
1016	1070	191	14	3.77306870	23.15341219
1016	1070	191	15	0.28630382	1.49631081
1016	1070	191	16	0.84874722	6.97105345
1016	1070	191	17	0.24215411	1.94894855
1016	1070	191	18	0.13532383	0.73101092
1016	1070	191	19	1.76172248	19.76502493
1016	1070	192	0	1.63717592	6.33240242
1016	1070	192	1	0.65140794	3.60156688
1016	1070	192	2	0.68583526	6.17571077
1016	1070	192	3	0.29138602	1.60314541
1016	1070	192	4	1.26664516	8.13395175
1016	1070	192	5	0.32468450	1.60875652
1016	1070	192	6	3.18208886	12.56262938
1016	1070	192	7	0.69718166	3.33855412
1016	1070	192	8	0.07041171	0.48666307
1016	1070	192	9	1.44316845	6.03931872
1016	1070	192	10	0.11283930	0.54411336
1016	1070	192	11	0.31225908	1.44846046
1016	1070	192	12	0.93533795	10.34734021
1016	1070	192	13	1.31299727	6.97403758
1016	1070	192	14	3.77306872	23.15341215
1016	1070	192	15	0.28630378	1.49631068
1016	1070	192	16	0.84874724	6.97105343
1016	1070	192	17	0.24215408	1.94894868
1016	1070	192	18	0.13532381	0.73101086
1016	1070	192	19	1.76172253	19.76502341
1016	1070	193	0	1.63717604	6.33240296
1016	1070	193	1	0.65140797	3.60156700
1016	1070	193	2	0.68583531	6.17571263
1016	1070	193	3	0.29138584	1.60314427
1016	1070	193	4	1.26664535	8.13394906
1016	1070	193	5	0.32468445	1.60875635
1016	1070	193	6	3.18208908	12.56262901
1016	1070	193	7	0.69718109	3.33855272
1016	1070	193	8	0.07041162	0.48666313
1016	1070	193	9	1.44316843	6.03931839
1016	1070	193	10	0.11283928	0.54411331
1016	1070	193	11	0.31225873	1.44845953
1016	1070	193	12	0.93533813	10.34733761
1016	1070	193	13	1.31299765	6.97403976
1016	1070	193	14	3.77306874	23.15341213
1016	1070	193	15	0.28630374	1.49631052
1016	1070	193	16	0.84874725	6.97105343
1016	1070	193	17	0.24215405	1.94894876
1016	1070	193	18	0.13532379	0.73101079
1016	1070	193	19	1.76172258	19.76502207
1016	1070	194	0	1.63717615	6.33240347
1016	1070	194	1	0.65140801	3.60156713
1016	1070	194	2	0.68583535	6.17571434
1016	1070	194	3	0.29138566	1.60314315
1016	1070	194	4	1.26664557	8.13394698
1016	1070	194	5	0.32468441	1.60875617
1016	1070	194	6	3.18208934	12.56262896
1016	1070	194	7	0.69718051	3.33855104
1016	1070	194	8	0.07041153	0.48666309
1016	1070	194	9	1.44316842	6.03931811
1016	1070	194	10	0.11283927	0.54411324
1016	1070	194	11	0.31225838	1.44845844
1016	1070	194	12	0.93533832	10.34733543
1016	1070	194	13	1.31299800	6.97404191
1016	1070	194	14	3.77306877	23.15341214
1016	1070	194	15	0.28630369	1.49631035
1016	1070	194	16	0.84874726	6.97105344
1016	1070	194	17	0.24215402	1.94894880
1016	1070	194	18	0.13532377	0.73101071
1016	1070	194	19	1.76172263	19.76502090
1016	1070	195	0	1.63717625	6.33240396
1016	1070	195	1	0.65140804	3.60156727
1016	1070	195	2	0.68583538	6.17571589
1016	1070	195	3	0.29138550	1.60314206
1016	1070	195	4	1.26664581	8.13394544
1016	1070	195	5	0.32468436	1.60875598
1016	1070	195	6	3.18208963	12.56262918
1016	1070	195	7	0.69717994	3.33854914
1016	1070	195	8	0.07041144	0.48666296
1016	1070	195	9	1.44316841	6.03931789
1016	1070	195	10	0.11283925	0.54411317
1016	1070	195	11	0.31225803	1.44845725
1016	1070	195	12	0.93533850	10.34733363
1016	1070	195	13	1.31299833	6.97404400
1016	1070	195	14	3.77306879	23.15341216
1016	1070	195	15	0.28630365	1.49631017
1016	1070	195	16	0.84874728	6.97105346
1016	1070	195	17	0.24215399	1.94894880
1016	1070	195	18	0.13532374	0.73101063
1016	1070	195	19	1.76172268	19.76501988
1016	1070	196	0	1.63717635	6.33240443
1016	1070	196	1	0.65140807	3.60156742
1016	1070	196	2	0.68583540	6.17571731
1016	1070	196	3	0.29138535	1.60314101
1016	1070	196	4	1.26664607	8.13394439
1016	1070	196	5	0.32468432	1.60875579
1016	1070	196	6	3.18208994	12.56262963
1016	1070	196	7	0.69717937	3.33854706
1016	1070	196	8	0.07041135	0.48666276
1016	1070	196	9	1.44316842	6.03931772
1016	1070	196	10	0.11283923	0.54411310
1016	1070	196	11	0.31225769	1.44845596
1016	1070	196	12	0.93533868	10.34733218
1016	1070	196	13	1.31299864	6.97404603
1016	1070	196	14	3.77306881	23.15341221
1016	1070	196	15	0.28630361	1.49630998
1016	1070	196	16	0.84874729	6.97105350
1016	1070	196	17	0.24215396	1.94894878
1016	1070	196	18	0.13532372	0.73101053
1016	1070	196	19	1.76172274	19.76501901
1016	1070	197	0	1.63717643	6.33240487
1016	1070	197	1	0.65140810	3.60156757
1016	1070	197	2	0.68583542	6.17571859
1016	1070	197	3	0.29138521	1.60314000
1016	1070	197	4	1.26664635	8.13394376
1016	1070	197	5	0.32468428	1.60875559
1016	1070	197	6	3.18209027	12.56263028
1016	1070	197	7	0.69717882	3.33854484
1016	1070	197	8	0.07041126	0.48666251
1016	1070	197	9	1.44316843	6.03931760
1016	1070	197	10	0.11283922	0.54411303
1016	1070	197	11	0.31225736	1.44845461
1016	1070	197	12	0.93533885	10.34733103
1016	1070	197	13	1.31299893	6.97404799
1016	1070	197	14	3.77306883	23.15341227
1016	1070	197	15	0.28630357	1.49630979
1016	1070	197	16	0.84874730	6.97105354
1016	1070	197	17	0.24215394	1.94894873
1016	1070	197	18	0.13532370	0.73101044
1016	1070	197	19	1.76172280	19.76501827
1016	1070	198	0	1.63717651	6.33240529
1016	1070	198	1	0.65140812	3.60156772
1016	1070	198	2	0.68583542	6.17571974
1016	1070	198	3	0.29138508	1.60313904
1016	1070	198	4	1.26664663	8.13394350
1016	1070	198	5	0.32468425	1.60875539
1016	1070	198	6	3.18209061	12.56263110
1016	1070	198	7	0.69717828	3.33854254
1016	1070	198	8	0.07041118	0.48666220
1016	1070	198	9	1.44316844	6.03931751
1016	1070	198	10	0.11283920	0.54411296
1016	1070	198	11	0.31225704	1.44845322
1016	1070	198	12	0.93533902	10.34733016
1016	1070	198	13	1.31299919	6.97404986
1016	1070	198	14	3.77306885	23.15341234
1016	1070	198	15	0.28630353	1.49630959
1016	1070	198	16	0.84874731	6.97105358
1016	1070	198	17	0.24215391	1.94894866
1016	1070	198	18	0.13532368	0.73101034
1016	1070	198	19	1.76172285	19.76501766
1016	1070	199	0	1.63717659	6.33240567
1016	1070	199	1	0.65140815	3.60156787
1016	1070	199	2	0.68583542	6.17572076
1016	1070	199	3	0.29138497	1.60313812
1016	1070	199	4	1.26664692	8.13394357
1016	1070	199	5	0.32468421	1.60875520
1016	1070	199	6	3.18209096	12.56263205
1016	1070	199	7	0.69717775	3.33854017
1016	1070	199	8	0.07041110	0.48666186
1016	1070	199	9	1.44316846	6.03931746
1016	1070	199	10	0.11283919	0.54411288
1016	1070	199	11	0.31225672	1.44845180
1016	1070	199	12	0.93533918	10.34732954
1016	1070	199	13	1.31299943	6.97405164
1016	1070	199	14	3.77306887	23.15341242
1016	1070	199	15	0.28630350	1.49630940
1016	1070	199	16	0.84874732	6.97105364
1016	1070	199	17	0.24215388	1.94894857
1016	1070	199	18	0.13532366	0.73101024
1016	1070	199	19	1.76172291	19.76501715
1016	1070	200	0	1.63717666	6.33240603
1016	1070	200	1	0.65140818	3.60156802
1016	1070	200	2	0.68583541	6.17572168
1016	1070	200	3	0.29138486	1.60313725
1016	1070	200	4	1.26664721	8.13394391
1016	1070	200	5	0.32468418	1.60875501
1016	1070	200	6	3.18209131	12.56263310
1016	1070	200	7	0.69717725	3.33853778
1016	1070	200	8	0.07041102	0.48666148
1016	1070	200	9	1.44316848	6.03931744
1016	1070	200	10	0.11283917	0.54411281
1016	1070	200	11	0.31225643	1.44845038
1016	1070	200	12	0.93533933	10.34732913
1016	1070	200	13	1.31299965	6.97405333
1016	1070	200	14	3.77306889	23.15341251
1016	1070	200	15	0.28630346	1.49630920
1016	1070	200	16	0.84874733	6.97105369
1016	1070	200	17	0.24215386	1.94894847
1016	1070	200	18	0.13532365	0.73101014
1016	1070	200	19	1.76172296	19.76501675
