world_seed	cell_seed	time	gene_id	X	P
1009	1049	0	0	0.52183824	0.52183824
1009	1049	0	1	0.65718292	0.65718292
1009	1049	0	2	0.46691293	0.46691293
1009	1049	0	3	0.45766567	0.45766567
1009	1049	0	4	0.29416676	0.29416676
1009	1049	0	5	0.54662178	0.54662178
1009	1049	0	6	0.30011138	0.30011138
1009	1049	0	7	0.74698725	0.74698725
1009	1049	0	8	0.32161759	0.32161759
1009	1049	0	9	0.72607173	0.72607173
1009	1049	0	10	0.89098720	0.89098720
1009	1049	0	11	0.95788808	0.95788808
1009	1049	0	12	0.63101405	0.63101405
1009	1049	0	13	0.25662135	0.25662135
1009	1049	0	14	0.91976480	0.91976480
1009	1049	0	15	0.58782177	0.58782177
1009	1049	0	16	0.61330228	0.61330228
1009	1049	0	17	0.60566468	0.60566468
1009	1049	0	18	0.84146647	0.84146647
1009	1049	0	19	0.83313768	0.83313768
1009	1049	1	0	0.39175916	0.89854667
1009	1049	1	1	0.42008027	1.20144531
1009	1049	1	2	0.79879119	0.89102255
1009	1049	1	3	0.46364985	0.85882713
1009	1049	1	4	0.70141882	0.50865231
1009	1049	1	5	1.00605726	1.01482816
1009	1049	1	6	0.51152970	0.56504129
1009	1049	1	7	0.57469757	1.37620575
1009	1049	1	8	0.21340768	0.61091557
1009	1049	1	9	0.46245122	1.24508326
1009	1049	1	10	1.06459668	1.52036515
1009	1049	1	11	0.67963896	1.77276368
1009	1049	1	12	0.84423528	1.18717301
1009	1049	1	13	0.16857824	0.46963531
1009	1049	1	14	0.78875463	1.76190522
1009	1049	1	15	1.07808309	1.01437557
1009	1049	1	16	0.42203356	1.12635618
1009	1049	1	17	0.71043909	1.05950673
1009	1049	1	18	1.09442544	1.44592481
1009	1049	1	19	0.56937252	1.62044673
1009	1049	2	0	0.33728722	1.04040865
1009	1049	2	1	0.27701088	1.41508711
1009	1049	2	2	1.01450392	1.60813103
1009	1049	2	3	0.45944757	1.21644467
1009	1049	2	4	1.03692464	1.07229201
1009	1049	2	5	1.24912094	1.87530367
1009	1049	2	6	0.65784442	1.01033229
1009	1049	2	7	0.45884551	1.73393302
1009	1049	2	8	0.20951165	0.76293187
1009	1049	2	9	0.33462915	1.35246324
1009	1049	2	10	1.12765895	2.13855632
1009	1049	2	11	0.49010726	2.18772941
1009	1049	2	12	0.96423963	1.89057792
1009	1049	2	13	0.16496253	0.55840893
1009	1049	2	14	0.69532520	2.40196226
1009	1049	2	15	1.31705754	1.81416634
1009	1049	2	16	0.39059859	1.36427924
1009	1049	2	17	0.78880909	1.50435812
1009	1049	2	18	1.16170724	2.13308991
1009	1049	2	19	0.43371434	2.10068288
1009	1049	3	0	0.37787154	1.08834508
1009	1049	3	1	0.18987388	1.44895050
1009	1049	3	2	1.16175605	2.47521275
1009	1049	3	3	0.43684708	1.52570783
1009	1049	3	4	1.30304970	1.81876394
1009	1049	3	5	1.38305880	2.85540368
1009	1049	3	6	0.75506560	1.54973742
1009	1049	3	7	0.39066424	1.91940955
1009	1049	3	8	0.26280712	0.89577590
1009	1049	3	9	0.27334440	1.30139867
1009	1049	3	10	1.14725133	2.63829814
1009	1049	3	11	0.36553359	2.35120915
1009	1049	3	12	1.02325766	2.63054461
1009	1049	3	13	0.26612788	0.62848163
1009	1049	3	14	0.62426619	2.89457168
1009	1049	3	15	1.43518142	2.63351023
1009	1049	3	16	0.40167060	1.53187720
1009	1049	3	17	0.84920754	1.91606811
1009	1049	3	18	1.16844440	2.69398933
1009	1049	3	19	0.36123418	2.41884438
1009	1049	4	0	0.48431895	1.16353411
1009	1049	4	1	0.13594447	1.38985832
1009	1049	4	2	1.27234173	3.41005862
1009	1049	4	3	0.39423153	1.77418832
1009	1049	4	4	1.50852342	2.62916340
1009	1049	4	5	1.46244385	3.82884171
1009	1049	4	6	0.81623444	2.12313032
1009	1049	4	7	0.35975389	2.00746288
1009	1049	4	8	0.33587081	1.06856580
1009	1049	4	9	0.23855425	1.20361187
1009	1049	4	10	1.15267183	3.01089949
1009	1049	4	11	0.28743510	2.36570773
1009	1049	4	12	1.04380402	3.34174955
1009	1049	4	13	0.43403917	0.78781231
1009	1049	4	14	0.56694178	3.27454786
1009	1049	4	15	1.49712846	3.34619230
1009	1049	4	16	0.41772847	1.68315216
1009	1049	4	17	0.89713177	2.28497277
1009	1049	4	18	1.16034278	3.10364253
1009	1049	4	19	0.31940640	2.64702451
1009	1049	5	0	0.61288200	1.32425952
1009	1049	5	1	0.10385127	1.28699024
1009	1049	5	2	1.36329935	4.36979004
1009	1049	5	3	0.33954242	1.94937544
1009	1049	5	4	1.66552261	3.42552295
1009	1049	5	5	1.50004334	4.74202064
1009	1049	5	6	0.85221377	2.69047432
1009	1049	5	7	0.35485234	2.05072353
1009	1049	5	8	0.40668133	1.29705560
1009	1049	5	9	0.21212780	1.09892163
1009	1049	5	10	1.14745660	3.27951915
1009	1049	5	11	0.24116173	2.29994319
1009	1049	5	12	1.04226435	3.98913298
1009	1049	5	13	0.61070643	1.08797939
1009	1049	5	14	0.52295879	3.56513119
1009	1049	5	15	1.52011903	3.92529822
1009	1049	5	16	0.44160379	1.82575807
1009	1049	5	17	0.93412948	2.60932791
1009	1049	5	18	1.13556418	3.38981087
1009	1049	5	19	0.30107243	2.82082529
1009	1049	6	0	0.73678154	1.56884821
1009	1049	6	1	0.08824891	1.16970428
1009	1049	6	2	1.44299894	5.33249761
1009	1049	6	3	0.28296097	2.04824452
1009	1049	6	4	1.78713665	4.16317104
1009	1049	6	5	1.49247206	5.56179934
1009	1049	6	6	0.87202598	3.22728901
1009	1049	6	7	0.36489953	2.08226222
1009	1049	6	8	0.46486949	1.57339480
1009	1049	6	9	0.18741260	0.99766037
1009	1049	6	10	1.12648509	3.46405219
1009	1049	6	11	0.21512021	2.19772390
1009	1049	6	12	1.03071062	4.55817981
1009	1049	6	13	0.76357509	1.51380667
1009	1049	6	14	0.49574017	3.78720750
1009	1049	6	15	1.50289909	4.36851792
1009	1049	6	16	0.48410397	1.96892942
1009	1049	6	17	0.95966297	2.88937431
1009	1049	6	18	1.08037676	3.57059821
1009	1049	6	19	0.30869233	2.96673180
1009	1049	7	0	0.84498005	1.86931324
1009	1049	7	1	0.08623232	1.05696863
1009	1049	7	2	1.51495256	6.28665048
1009	1049	7	3	0.23137072	2.07832561
1009	1049	7	4	1.88521822	4.82262578
1009	1049	7	5	1.43871697	6.25640575
1009	1049	7	6	0.88273379	3.72098618
1009	1049	7	7	0.38048454	2.11887577
1009	1049	7	8	0.50717854	1.88015262
1009	1049	7	9	0.16307396	0.90056147
1009	1049	7	10	1.08599108	3.57343163
1009	1049	7	11	0.20057934	2.08472442
1009	1049	7	12	1.01744505	5.04816878
1009	1049	7	13	0.88383912	2.02014224
1009	1049	7	14	0.48826493	3.96332285
1009	1049	7	15	1.44467574	4.67292106
1009	1049	7	16	0.54606583	2.13119862
1009	1049	7	17	0.97283064	3.12475466
1009	1049	7	18	0.99239095	3.64527742
1009	1049	7	19	0.34310626	3.11223230
1009	1049	8	0	0.93485399	2.19441366
1009	1049	8	1	0.09542105	0.96158720
1009	1049	8	2	1.58004639	7.22528691
1009	1049	8	3	0.18771734	2.05310259
1009	1049	8	4	1.96927479	5.40153497
1009	1049	8	5	1.34691129	6.79761258
1009	1049	8	6	0.88935476	4.16751599
1009	1049	8	7	0.39477705	2.16530189
1009	1049	8	8	0.53397833	2.19839316
1009	1049	8	9	0.13989691	0.80681447
1009	1049	8	10	1.02715050	3.61020137
1009	1049	8	11	0.19149222	1.97405486
1009	1049	8	12	1.00738967	5.46676642
1009	1049	8	13	0.97397760	2.56070079
1009	1049	8	14	0.50075199	4.11709954
1009	1049	8	15	1.35230246	4.83558833
1009	1049	8	16	0.61840180	2.32890569
1009	1049	8	17	0.97342333	3.31429963
1009	1049	8	18	0.88284403	3.61093661
1009	1049	8	19	0.39952190	3.28414313
1009	1049	9	0	1.00745618	2.51897348
1009	1049	9	1	0.11312274	0.89178344
1009	1049	9	2	1.63793736	8.14296955
1009	1049	9	3	0.15236402	1.98734026
1009	1049	9	4	2.04631570	5.90769108
1009	1049	9	5	1.23185761	7.16937514
1009	1049	9	6	0.89506241	4.56832095
1009	1049	9	7	0.40361127	2.21870106
1009	1049	9	8	0.54708289	2.51145324
1009	1049	9	9	0.11918459	0.71662506
1009	1049	9	10	0.95573605	3.57733430
1009	1049	9	11	0.18407747	1.87082111
1009	1049	9	12	1.00279168	5.82565185
1009	1049	9	13	1.03992675	3.09954130
1009	1049	9	14	0.53043089	4.27038518
1009	1049	9	15	1.23902924	4.86125482
1009	1049	9	16	0.69027589	2.56663218
1009	1049	9	17	0.96241818	3.45692384
1009	1049	9	18	0.76719160	3.47672135
1009	1049	9	19	0.46911829	3.50301325
1009	1049	10	0	1.06515250	2.82587131
1009	1049	10	1	0.13634927	0.85167539
1009	1049	10	2	1.68793023	9.03441644
1009	1049	10	3	0.12443528	1.89434374
1009	1049	10	4	2.12115806	6.35378514
1009	1049	10	5	1.10892256	7.37275296
1009	1049	10	6	0.90158187	4.92784797
1009	1049	10	7	0.40503808	2.27251563
1009	1049	10	8	0.54862816	2.80615823
1009	1049	10	9	0.10202502	0.63144344
1009	1049	10	10	0.87940598	3.48270311
1009	1049	10	11	0.17626393	1.77558541
1009	1049	10	12	1.00407381	6.13736591
1009	1049	10	13	1.08768911	3.61276638
1009	1049	10	14	0.57281597	4.44041303
1009	1049	10	15	1.11922544	4.76660652
1009	1049	10	16	0.75448664	2.83737477
1009	1049	10	17	0.94185124	3.55279114
1009	1049	10	18	0.65744316	3.26465683
1009	1049	10	19	0.54278410	3.77944032
1009	1049	11	0	1.11055216	3.10511329
1009	1049	11	1	0.16225116	0.84168545
1009	1049	11	2	1.72945609	9.89413459
1009	1049	11	3	0.10265312	1.78490000
1009	1049	11	4	2.19684628	6.75388765
1009	1049	11	5	0.98981692	7.42402025
1009	1049	11	6	0.90962165	5.25174779
1009	1049	11	7	0.39871358	2.31927269
1009	1049	11	8	0.54061253	3.07279336
1009	1049	11	9	0.08905418	0.55339423
1009	1049	11	10	0.80494246	3.33952721
1009	1049	11	11	0.16715361	1.68675482
1009	1049	11	12	1.01059121	6.41338450
1009	1049	11	13	1.12222636	4.08654204
1009	1049	11	14	0.62318809	4.63847630
1009	1049	11	15	1.00412685	4.57812104
1009	1049	11	16	0.80808378	3.12807341
1009	1049	11	17	0.91430371	3.60406035
1009	1049	11	18	0.56019756	3.00257413
1009	1049	11	19	0.61365040	4.11432769
1009	1049	12	0	1.14606580	3.35209421
1009	1049	12	1	0.18851155	0.85931392
1009	1049	12	2	1.76224544	10.71656565
1009	1049	12	3	0.08575063	1.66718621
1009	1049	12	4	2.27504833	7.12130224
1009	1049	12	5	0.88156249	7.34882737
1009	1049	12	6	0.91924797	5.54571726
1009	1049	12	7	0.38532665	2.35233362
1009	1049	12	8	0.52477906	3.30461849
1009	1049	12	9	0.08048954	0.48463215
1009	1049	12	10	0.73688638	3.16392671
1009	1049	12	11	0.15658246	1.60207630
1009	1049	12	12	1.02119455	6.66317733
1009	1049	12	13	1.14730245	4.51434677
1009	1049	12	14	0.67749676	4.87019597
1009	1049	12	15	0.90048131	4.32624766
1009	1049	12	16	0.85095024	3.42485253
1009	1049	12	17	0.88236960	3.61493030
1009	1049	12	18	0.47777764	2.71706425
1009	1049	12	19	0.67767597	4.50166012
1009	1049	13	0	1.17375514	3.56590026
1009	1049	13	1	0.21350733	0.90017377
1009	1049	13	2	1.78632269	11.49639134
1009	1049	13	3	0.07263492	1.54710308
1009	1049	13	4	2.35639736	7.46739697
1009	1049	13	5	0.78730871	7.17616683
1009	1049	13	6	0.93017060	5.81485157
1009	1049	13	7	0.36613804	2.36679528
1009	1049	13	8	0.50264218	3.49731386
1009	1049	13	9	0.07626410	0.42691491
1009	1049	13	10	0.67748887	2.97182948
1009	1049	13	11	0.14479527	1.51946912
1009	1049	13	12	1.03460039	6.89394140
1009	1049	13	13	1.16565200	4.89453121
1009	1049	13	14	0.73266159	5.13666811
1009	1049	13	15	0.81118012	4.03982980
1009	1049	13	16	0.88434271	3.71598756
1009	1049	13	17	0.84830891	3.59114137
1009	1049	13	18	0.40993582	2.42955140
1009	1049	13	19	0.73312554	4.93171202
1009	1049	14	0	1.19531235	3.74793348
1009	1049	14	1	0.23626945	0.95900865
1009	1049	14	2	1.80194643	12.22880532
1009	1049	14	3	0.06242506	1.42872992
1009	1049	14	4	2.44078124	7.80109373
1009	1049	14	5	0.70762833	6.93402146
1009	1049	14	6	0.94194253	6.06335841
1009	1049	14	7	0.34264166	2.35978833
1009	1049	14	8	0.47555483	3.64850824
1009	1049	14	9	0.07614779	0.38143197
1009	1049	14	10	0.62729296	2.77673781
1009	1049	14	11	0.13222244	1.43740799
1009	1049	14	12	1.04960862	7.11073654
1009	1049	14	13	1.17921723	5.22846086
1009	1049	14	14	0.78653087	5.43581593
1009	1049	14	15	0.73652825	3.74268903
1009	1049	14	16	0.90995305	3.99292710
1009	1049	14	17	0.81390260	3.53925494
1009	1049	14	18	0.35516909	2.15517782
1009	1049	14	19	0.77977625	5.39355750
1009	1049	15	0	1.21209282	3.90089818
1009	1049	15	1	0.25634396	1.03049634
1009	1049	15	2	1.80956595	12.90970044
1009	1049	15	3	0.05443667	1.31476147
1009	1049	15	4	2.52758665	8.12878562
1009	1049	15	5	0.64163450	6.64693258
1009	1049	15	6	0.95408800	6.29450522
1009	1049	15	7	0.31633421	2.33038971
1009	1049	15	8	0.44476712	3.75742163
1009	1049	15	9	0.07981306	0.34880348
1009	1049	15	10	0.58580757	2.58873251
1009	1049	15	11	0.11933759	1.35502573
1009	1049	15	12	1.06521145	7.31682224
1009	1049	15	13	1.18936229	5.51921144
1009	1049	15	14	0.83771096	5.76358617
1009	1049	15	15	0.67539708	3.45241649
1009	1049	15	16	0.92943132	4.25020934
1009	1049	15	17	0.78044481	3.46596864
1009	1049	15	18	0.31152838	1.90331779
1009	1049	15	19	0.81824450	5.87664883
1009	1049	16	0	1.22516544	4.02810192
1009	1049	16	1	0.27363406	1.10977516
1009	1049	16	2	1.80980410	13.53579538
1009	1049	16	3	0.04814877	1.20687536
1009	1049	16	4	2.61590136	8.45452073
1009	1049	16	5	0.58775608	6.33503408
1009	1049	16	6	0.96617643	6.51070060
1009	1049	16	7	0.28857314	2.27931857
1009	1049	16	8	0.41145809	3.82460252
1009	1049	16	9	0.08685515	0.32914521
1009	1049	16	10	0.55203695	2.41444344
1009	1049	16	11	0.10657496	1.27205827
1009	1049	16	12	1.08063115	7.51406350
1009	1049	16	13	1.19704145	5.77070015
1009	1049	16	14	0.88537833	6.11487404
1009	1049	16	15	0.62603189	3.18064859
1009	1049	16	16	0.94419428	4.48491533
1009	1049	16	17	0.74880393	3.37759529
1009	1049	16	18	0.27705232	1.67875616
1009	1049	16	19	0.84952535	6.37163487
1009	1049	17	0	1.23536465	4.13300133
1009	1049	17	1	0.28826399	1.19272199
1009	1049	17	2	1.80344626	14.10473247
1009	1049	17	3	0.04316898	1.10602117
1009	1049	17	4	2.70467601	8.78033838
1009	1049	17	5	0.54421098	6.01400043
1009	1049	17	6	0.97785823	6.71364025
1009	1049	17	7	0.26050157	2.20853815
1009	1049	17	8	0.37673871	3.85172332
1009	1049	17	9	0.09679622	0.32213515
1009	1049	17	10	0.52482306	2.25755803
1009	1049	17	11	0.09428865	1.18871521
1009	1049	17	12	1.09531505	7.70332639
1009	1049	17	13	1.20292285	5.98713282
1009	1049	17	14	0.92911735	6.48418202
1009	1049	17	15	0.58653636	2.93407460
1009	1049	17	16	0.95538129	4.69602001
1009	1049	17	17	0.71950716	3.27973372
1009	1049	17	18	0.24996872	1.48296867
1009	1049	17	19	0.87471565	6.87067393
1009	1049	18	0	1.24333741	4.21892608
1009	1049	18	1	0.30047759	1.27604640
1009	1049	18	2	1.79141547	14.61515556
1009	1049	18	3	0.03920289	1.01263882
1009	1049	18	4	2.79284674	9.10667616
1009	1049	18	5	0.50926563	5.69547543
1009	1049	18	6	0.98887563	6.90447148
1009	1049	18	7	0.23302144	2.12084529
1009	1049	18	8	0.34163336	3.84139935
1009	1049	18	9	0.10909571	0.32706528
1009	1049	18	10	0.50303644	2.11952299
1009	1049	18	11	0.08273924	1.10552894
1009	1049	18	12	1.10890757	7.88482156
1009	1049	18	13	1.20747641	6.17266872
1009	1049	18	14	0.96879359	6.86606093
1009	1049	18	15	0.55512574	2.71565225
1009	1049	18	16	0.96387538	4.88380522
1009	1049	18	17	0.69282387	3.17710643
1009	1049	18	18	0.22876641	1.31524325
1009	1049	18	19	0.89486565	7.36745250
1009	1049	19	0	1.24958322	4.28892684
1009	1049	19	1	0.31056955	1.35726719
1009	1049	19	2	1.77472777	15.06675583
1009	1049	19	3	0.03602948	0.92681954
1009	1049	19	4	2.87942132	9.43278926
1009	1049	19	5	0.48135902	5.38769896
1009	1049	19	6	0.99905848	7.08394934
1009	1049	19	7	0.20679830	2.01949780
1009	1049	19	8	0.30705040	3.79700749
1009	1049	19	9	0.12317468	0.34288894
1009	1049	19	10	0.48566622	2.00023081
1009	1049	19	11	0.07209698	1.02321295
1009	1049	19	12	1.12121282	8.05837907
1009	1049	19	13	1.21103510	6.33123027
1009	1049	19	14	1.00445969	7.25538707
1009	1049	19	15	0.53023645	2.52574311
1009	1049	19	16	0.97034641	5.04938977
1009	1049	19	17	0.66883781	3.07352156
1009	1049	19	18	0.21220073	1.17355719
1009	1049	19	19	0.91091068	7.85705464
1009	1049	20	0	1.25448671	4.34570531
1009	1049	20	1	0.31884256	1.43462416
1009	1049	20	2	1.75443431	15.46026885
1009	1049	20	3	0.03348204	0.84842224
1009	1049	20	4	2.96353329	9.75714239
1009	1049	20	5	0.45914771	5.09616783
1009	1049	20	6	1.00831229	7.25257020
1009	1049	20	7	0.18228509	1.90790545
1009	1049	20	8	0.27375330	3.72249365
1009	1049	20	9	0.13844969	0.36827899
1009	1049	20	10	0.47185068	1.89859466
1009	1049	20	11	0.06245375	0.94254446
1009	1049	20	12	1.13215609	8.22365330
1009	1049	20	13	1.21383718	6.46640631
1009	1049	20	14	1.03628757	7.64752177
1009	1049	20	15	0.51055497	2.36304595
1009	1049	20	16	0.97529652	5.19437943
1009	1049	20	17	0.64750505	2.97191636
1009	1049	20	18	0.19926896	1.05521286
1009	1049	20	19	0.92364879	8.33577013
1009	1049	21	0	1.25834377	4.39159647
1009	1049	21	1	0.32558294	1.50696227
1009	1049	21	2	1.73156197	15.79741389
1009	1049	21	3	0.03143400	0.77715658
1009	1049	21	4	3.04447023	10.07774966
1009	1049	21	5	0.44150820	4.82424686
1009	1049	21	6	1.01660319	7.41067777
1009	1049	21	7	0.15975524	1.78939336
1009	1049	21	8	0.24234043	3.62217066
1009	1049	21	9	0.15436813	0.40170335
1009	1049	21	10	0.46087666	1.81298511
1009	1049	21	11	0.05383861	0.86427653
1009	1049	21	12	1.14174893	8.38026487
1009	1049	21	13	1.21605520	6.58141413
1009	1049	21	14	1.06452042	8.03838979
1009	1049	21	15	0.49500628	2.22530302
1009	1049	21	16	0.97910008	5.32061967
1009	1049	21	17	0.62869851	2.87444788
1009	1049	21	18	0.18917483	0.95726972
1009	1049	21	19	0.93374262	8.80089089
1009	1049	22	0	1.26138203	4.42858177
1009	1049	22	1	0.33104844	1.57361126
1009	1049	22	2	1.70706267	16.08077950
1009	1049	22	3	0.02978833	0.71264145
1009	1049	22	4	3.12168203	10.39245069
1009	1049	22	5	0.42751867	4.57369469
1009	1049	22	6	1.02394282	7.55854161
1009	1049	22	7	0.13933836	1.66703583
1009	1049	22	8	0.21323820	3.50051634
1009	1049	22	9	0.17043731	0.44151424
1009	1049	22	10	0.45216466	1.74153798
1009	1049	22	11	0.04623358	0.78907884
1009	1049	22	12	1.15005992	8.52789096
1009	1049	22	13	1.21781577	6.67909681
1009	1049	22	14	1.08943932	8.42450300
1009	1049	22	15	0.48272505	2.10980095
1009	1049	22	16	0.98203576	5.43002865
1009	1049	22	17	0.61224108	2.78260540
1009	1049	22	18	0.18129200	0.87681919
1009	1049	22	19	0.94173255	9.25052046
1009	1049	23	0	1.26377685	4.45831925
1009	1049	23	1	0.33546365	1.63427378
1009	1049	23	2	1.68177725	16.31366882
1009	1049	23	3	0.02846989	0.65444581
1009	1049	23	4	3.19477549	10.69912016
1009	1049	23	5	0.41643249	4.34509586
1009	1049	23	6	1.03037462	7.69641128
1009	1049	23	7	0.12105451	1.54355211
1009	1049	23	8	0.18670799	3.36198492
1009	1049	23	9	0.18624342	0.48604108
1009	1049	23	10	0.44524923	1.68235696
1009	1049	23	11	0.03958804	0.71750312
1009	1049	23	12	1.15719178	8.66631566
1009	1049	23	13	1.21921316	6.76194095
1009	1049	23	14	1.11134034	8.80294873
1009	1049	23	15	0.47302203	2.01370546
1009	1049	23	16	0.98431134	5.52448968
1009	1049	23	17	0.59792941	2.69732774
1009	1049	23	18	0.17513088	0.81114560
1009	1049	23	19	0.94805395	9.68340705
1009	1049	24	0	1.26566359	4.48218119
1009	1049	24	1	0.33901993	1.68892818
1009	1049	24	2	1.65641531	16.49992306
1009	1049	24	3	0.02741982	0.60211666
1009	1049	24	4	3.26350014	10.99581526
1009	1049	24	5	0.40765029	4.13820440
1009	1049	24	6	1.03596253	7.82455056
1009	1049	24	7	0.10484454	1.42125278
1009	1049	24	8	0.16286439	3.21084442
1009	1049	24	9	0.20145983	0.53367593
1009	1049	24	10	0.43975917	1.63363708
1009	1049	24	11	0.03383066	0.64996810
1009	1049	24	12	1.16326431	8.79545135
1009	1049	24	13	1.22031866	6.83210487
1009	1049	24	14	1.13051931	9.17135621
1009	1049	24	15	0.46535185	1.93427060
1009	1049	24	16	0.98608225	5.60578600
1009	1049	24	17	0.58555068	2.61911506
1009	1049	24	18	0.17031020	0.75780856
1009	1049	24	19	0.95305470	10.09880313
1009	1049	25	0	1.26714705	4.50129356
1009	1049	25	1	0.34187766	1.73774785
1009	1049	25	2	1.63154903	16.64374088
1009	1049	25	3	0.02659149	0.55519810
1009	1049	25	4	3.32772934	11.28086893
1009	1049	25	5	0.40069387	3.95221026
1009	1049	25	6	1.04078191	7.94325623
1009	1049	25	7	0.09059558	1.30202498
1009	1049	25	8	0.14170067	3.05104855
1009	1049	25	9	0.21584625	0.58294274
1009	1049	25	10	0.43539968	1.59373215
1009	1049	25	11	0.02887892	0.58675867
1009	1049	25	12	1.16840235	8.91534064
1009	1049	25	13	1.22118701	6.89145141
1009	1049	25	14	1.14726189	9.52785058
1009	1049	25	15	0.45928462	1.86895838
1009	1049	25	16	0.98746530	5.67556479
1009	1049	25	17	0.57489390	2.54812930
1009	1049	25	18	0.16653376	0.71467379
1009	1049	25	19	0.95701124	10.49635015
1009	1049	26	0	1.26830869	4.51657400
1009	1049	26	1	0.34416964	1.78103680
1009	1049	26	2	1.60761781	16.74950820
1009	1049	26	3	0.02594751	0.51324385
1009	1049	26	4	3.38743974	11.55293906
1009	1049	26	5	0.39518329	3.78594142
1009	1049	26	6	1.04491281	8.05286564
1009	1049	26	7	0.07816154	1.18734548
1009	1049	26	8	0.12311732	2.88614697
1009	1049	26	9	0.22924141	0.63254613
1009	1049	26	10	0.43193724	1.56118450
1009	1049	26	11	0.02464615	0.52803465
1009	1049	26	12	1.17272779	9.02614590
1009	1049	26	13	1.22186087	6.94158160
1009	1049	26	14	1.16183743	9.87100086
1009	1049	26	15	0.45448224	1.81549724
1009	1049	26	16	0.98854875	5.73532082
1009	1049	26	17	0.56575724	2.48428084
1009	1049	26	18	0.16357167	0.67991195
1009	1049	26	19	0.96014242	10.87598573
1009	1049	27	0	1.26921212	4.52876639
1009	1049	27	1	0.34600486	1.81917961
1009	1049	27	2	1.58494013	16.82164830
1009	1049	27	3	0.02545755	0.47582537
1009	1049	27	4	3.44269088	11.81102370
1009	1049	27	5	0.39081759	3.63801403
1009	1049	27	6	1.04843516	8.15375666
1009	1049	27	7	0.06737878	1.07831211
1009	1049	27	8	0.10694990	2.71923312
1009	1049	27	9	0.24155202	0.68139885
1009	1049	27	10	0.42918707	1.53473096
1009	1049	27	11	0.02104654	0.47384534
1009	1049	27	12	1.17635468	9.12813215
1009	1049	27	13	1.22237402	6.98386708
1009	1049	27	14	1.17449556	10.19976620
1009	1049	27	15	0.45067900	1.77190070
1009	1049	27	16	0.98939963	5.78639278
1009	1049	27	17	0.55795250	2.42730068
1009	1049	27	18	0.16124555	0.65197907
1009	1049	27	19	0.96262111	11.23786977
1009	1049	28	0	1.26990730	4.53847136
1009	1049	28	1	0.34747213	1.85260374
1009	1049	28	2	1.56372922	16.86449742
1009	1049	28	3	0.02509670	0.44253668
1009	1049	28	4	3.49360641	12.05445186
1009	1049	28	5	0.38735872	3.50694180
1009	1049	28	6	1.05142547	8.24634277
1009	1049	28	7	0.05807784	0.97568600
1009	1049	28	8	0.09299394	2.55292516
1009	1049	28	9	0.25274015	0.72863042
1009	1049	28	10	0.42700307	1.51329447
1009	1049	28	11	0.01799847	0.42414687
1009	1049	28	12	1.17938650	9.22164700
1009	1049	28	13	1.22275362	7.01948020
1009	1049	28	14	1.18546461	10.51344323
1009	1049	28	15	0.44766612	1.73646156
1009	1049	28	16	0.99006916	5.82996756
1009	1049	28	17	0.55130745	2.37679906
1009	1049	28	18	0.15941693	0.62958767
1009	1049	28	19	0.96458363	11.58232625
1009	1049	29	0	1.27043370	4.54617243
1009	1049	29	1	0.34864342	1.88175204
1009	1049	29	2	1.54411040	16.88220751
1009	1049	29	3	0.02484435	0.41299702
1009	1049	29	4	3.54035744	12.28285795
1009	1049	29	5	0.38461867	3.39121362
1009	1049	29	6	1.05395487	8.33106551
1009	1049	29	7	0.05009162	0.87993881
1009	1049	29	8	0.08102535	2.38937367
1009	1049	29	9	0.26281078	0.77358068
1009	1049	29	10	0.42526968	1.49596810
1009	1049	29	11	0.01542653	0.37882031
1009	1049	29	12	1.18191509	9.30710032
1009	1049	29	13	1.22302176	7.04942121
1009	1049	29	14	1.19495124	10.81161624
1009	1049	29	15	0.44527948	1.70773221
1009	1049	29	16	0.99059665	5.86708928
1009	1049	29	17	0.54566676	2.33231168
1009	1049	29	18	0.15797825	0.61167444
1009	1049	29	19	0.96613743	11.90979763
1009	1049	30	0	1.27082271	4.55225813
1009	1049	30	1	0.34957683	1.90706322
1009	1049	30	2	1.52613813	16.87867526
1009	1049	30	3	0.02468318	0.38685203
1009	1049	30	4	3.58314824	12.49614650
1009	1049	30	5	0.38244897	3.28934712
1009	1049	30	6	1.05608799	8.40838576
1009	1049	30	7	0.04326096	0.79130075
1009	1049	30	8	0.07081610	2.23028899
1009	1049	30	9	0.27180037	0.81578271
1009	1049	30	10	0.42389550	1.48199567
1009	1049	30	11	0.01326258	0.33768905
1009	1049	30	12	1.18402057	9.38494518
1009	1049	30	13	1.22319667	7.07454252
1009	1049	30	14	1.20314097	11.09411131
1009	1049	30	15	0.44338993	1.68449807
1009	1049	30	16	0.99101246	5.89867069
1009	1049	30	17	0.54089200	2.29333533
1009	1049	30	18	0.15684582	0.59736798
1009	1049	30	19	0.96736721	12.22080950
1009	1049	31	0	1.27109953	4.55704034
1009	1049	31	1	0.35031910	1.92895871
1009	1049	31	2	1.50981172	16.85749455
1009	1049	31	3	0.02459857	0.36377377
1009	1049	31	4	3.62220454	12.69445220
1009	1049	31	5	0.38073242	3.19992414
1009	1049	31	6	1.05788251	8.47877502
1009	1049	31	7	0.03743797	0.70980656
1009	1049	31	8	0.06214534	2.07698161
1009	1049	31	9	0.27976708	0.85493921
1009	1049	31	10	0.42280815	1.47075160
1009	1049	31	11	0.01144607	0.30053473
1009	1049	31	12	1.18577188	9.45566105
1009	1049	31	13	1.22329359	7.09556990
1009	1049	31	14	1.21019922	11.36095467
1009	1049	31	15	0.44189575	1.66574863
1009	1049	31	16	0.99134008	5.92550572
1009	1049	31	17	0.53686089	2.25935445
1009	1049	31	18	0.15595447	0.58595866
1009	1049	31	19	0.96833970	12.51594323
1009	1049	32	0	1.27128451	4.56076937
1009	1049	32	1	0.35090778	1.94783428
1009	1049	32	2	1.49508924	16.82192913
1009	1049	32	3	0.02457804	0.34346019
1009	1049	32	4	3.65776389	12.87809894
1009	1049	32	5	0.37937643	3.12161275
1009	1049	32	6	1.05938923	8.54270721
1009	1049	32	7	0.03248794	0.63533761
1009	1049	32	8	0.05480671	1.93040945
1009	1049	32	9	0.28678274	0.89089582
1009	1049	32	10	0.42195027	1.46172164
1009	1049	32	11	0.00992395	0.26711103
1009	1049	32	12	1.18722774	9.51973944
1009	1049	32	13	1.22332535	7.11312104
1009	1049	32	14	1.21627265	11.61233580
1009	1049	32	15	0.44071671	1.65064889
1009	1049	32	16	0.99159785	5.94828200
1009	1049	32	17	0.53346629	2.22986049
1009	1049	32	18	0.15525333	0.57687155
1009	1049	32	19	0.96910757	12.79581496
1009	1049	33	0	1.27139424	4.56364629
1009	1049	33	1	0.35137297	1.96405524
1009	1049	33	2	1.48189932	16.77490162
1009	1049	33	3	0.02461086	0.32563402
1009	1049	33	4	3.69006821	13.04756048
1009	1049	33	5	0.37830782	3.05317949
1009	1049	33	6	1.06065236	8.60065148
1009	1049	33	7	0.02828998	0.56765928
1009	1049	33	8	0.04861241	1.79122781
1009	1049	33	9	0.29292657	0.92361404
1009	1049	33	10	0.42127635	1.45448515
1009	1049	33	11	0.00865025	0.23715536
1009	1049	33	12	1.18843771	9.57767228
1009	1049	33	13	1.22330291	7.12772149
1009	1049	33	14	1.22149067	11.84857482
1009	1049	33	15	0.43978942	1.63851270
1009	1049	33	16	0.99180007	5.96759312
1009	1049	33	17	0.53061494	2.20436521
1009	1049	33	18	0.15470265	0.56964278
1009	1049	33	19	0.96971238	13.06105957
1009	1049	34	0	1.27144237	4.56583284
1009	1049	34	1	0.35173878	1.97795422
1009	1049	34	2	1.47015081	16.71899533
1009	1049	34	3	0.02468777	0.31004153
1009	1049	34	4	3.71935802	13.20342413
1009	1049	34	5	0.37746870	2.99349470
1009	1049	34	6	1.06171002	8.65306618
1009	1049	34	7	0.02473700	0.50645305
1009	1049	34	8	0.04339507	1.65983835
1009	1049	34	9	0.29828042	0.95314554
1009	1049	34	10	0.42075022	1.44869950
1009	1049	34	11	0.00758553	0.21039837
1009	1049	34	12	1.18944338	9.62994271
1009	1049	34	13	1.22323566	7.13981847
1009	1049	34	14	1.22596704	12.07009424
1009	1049	34	15	0.43906368	1.62877876
1009	1049	34	16	0.99195798	5.98394992
1009	1049	34	17	0.52822604	2.18240951
1009	1049	34	18	0.15427128	0.56389939
1009	1049	34	19	0.97018702	13.31231861
1009	1049	35	0	1.27144019	4.56745940
1009	1049	35	1	0.35202452	1.98983081
1009	1049	35	2	1.45974061	16.65646563
1009	1049	35	3	0.02480072	0.29645102
1009	1049	35	4	3.74586811	13.34635867
1009	1049	35	5	0.37681317	2.94153283
1009	1049	35	6	1.06259481	8.70039407
1009	1049	35	7	0.02173502	0.45134351
1009	1049	35	8	0.03900786	1.53643496
1009	1049	35	9	0.30292535	0.97960915
1009	1049	35	10	0.42034305	1.44408648
1009	1049	35	11	0.00669617	0.18657147
1009	1049	35	12	1.19027943	9.67701815
1009	1049	35	13	1.22313173	7.14979257
1009	1049	35	14	1.22980143	12.27739471
1009	1049	35	15	0.43849969	1.62098958
1009	1049	35	16	0.99208043	5.99779100
1009	1049	35	17	0.52622997	2.16356857
1009	1049	35	18	0.15393475	0.55934231
1009	1049	35	19	0.97055750	13.55023121
1009	1049	36	0	1.27139715	4.56863142
1009	1049	36	1	0.35224569	1.99995244
1009	1049	36	2	1.45055967	16.58925802
1009	1049	36	3	0.02494269	0.28465137
1009	1049	36	4	3.76982451	13.47708649
1009	1049	36	5	0.37630482	2.89636961
1009	1049	36	6	1.06333447	8.74305859
1009	1049	36	7	0.01920232	0.40192047
1009	1049	36	8	0.03532364	1.42104528
1009	1049	36	9	0.30693919	1.00317082
1009	1049	36	10	0.42003183	1.44042076
1009	1049	36	11	0.00595368	0.16541256
1009	1049	36	12	1.19097469	9.71934524
1009	1049	36	13	1.22299815	7.15796786
1009	1049	36	14	1.23308089	12.47103426
1009	1049	36	15	0.43806577	1.61477336
1009	1049	36	16	0.99217444	6.00949212
1009	1049	36	17	0.52456694	2.14745444
1009	1049	36	18	0.15367381	0.55573225
1009	1049	36	19	0.97084448	13.77542736
1009	1049	37	0	1.27132117	4.56943445
1009	1049	37	1	0.35241473	2.00855610
1009	1049	37	2	1.44249761	16.51903059
1009	1049	37	3	0.02510758	0.27445050
1009	1049	37	4	3.79144233	13.59636034
1009	1049	37	5	0.37591465	2.85717691
1009	1049	37	6	1.06395243	8.78146128
1009	1049	37	7	0.01706829	0.35775668
1009	1049	37	8	0.03223335	1.31356697
1009	1049	37	9	0.31039512	1.02402705
1009	1049	37	10	0.41979813	1.43752013
1009	1049	37	11	0.00533409	0.14667018
1009	1049	37	12	1.19155301	9.75734646
1009	1049	37	13	1.22284105	7.16462034
1009	1049	37	14	1.23588128	12.65161087
1009	1049	37	15	0.43773666	1.60982863
1009	1049	37	16	0.99224556	6.01937462
1009	1049	37	17	0.52318574	2.13371663
1009	1049	37	18	0.15347326	0.55287807
1009	1049	37	19	0.97106439	13.98852307
1009	1049	38	0	1.27121896	4.56993816
1009	1049	38	1	0.35254162	2.01585047
1009	1049	38	2	1.43544603	16.44717906
1009	1049	38	3	0.02529005	0.26567394
1009	1049	38	4	3.81092448	13.70494420
1009	1049	38	5	0.37561956	2.82321641
1009	1049	38	6	1.06446845	8.81598007
1009	1049	38	7	0.01527228	0.31842165
1009	1049	38	8	0.02964419	1.21379895
1009	1049	38	9	0.31336066	1.04239145
1009	1049	38	10	0.41962714	1.43523748
1009	1049	38	11	0.00481726	0.13010645
1009	1049	38	12	1.19203415	9.79141805
1009	1049	38	13	1.22266576	7.16998528
1009	1049	38	14	1.23826859	12.81974796
1009	1049	38	15	0.43749212	1.60591136
1009	1049	38	16	0.99229823	6.02771288
1009	1049	38	17	0.52204269	2.12204129
1009	1049	38	18	0.15332106	0.55062725
1009	1049	38	19	0.97123035	14.19011687
1009	1049	39	0	1.27109620	4.57019957
1009	1049	39	1	0.35263442	2.02201837
1009	1049	39	2	1.42930093	16.37486279
1009	1049	39	3	0.02548548	0.25816342
1009	1049	39	4	3.82846091	13.80359801
1009	1049	39	5	0.37540104	2.79383262
1009	1049	39	6	1.06489910	8.84696831
1009	1049	39	7	0.01376246	0.28349210
1009	1049	39	8	0.02747762	1.12146754
1009	1049	39	9	0.31589733	1.05848425
1009	1049	39	10	0.41950692	1.43345407
1009	1049	39	11	0.00438634	0.11549884
1009	1049	39	12	1.19243438	9.82192898
1009	1049	39	13	1.22247693	7.17426327
1009	1049	39	14	1.24030009	12.97608227
1009	1049	39	15	0.43731592	1.60282426
1009	1049	39	16	0.99233602	6.03474087
1009	1049	39	17	0.52110055	2.11214957
1009	1049	39	18	0.15320763	0.54885819
1009	1049	39	19	0.97135284	14.38078751
1009	1049	40	0	1.27095775	4.57026553
1009	1049	40	1	0.35269966	2.02721928
1009	1049	40	2	1.42396422	16.30303088
1009	1049	40	3	0.02568984	0.25177558
1009	1049	40	4	3.84422834	13.89306579
1009	1049	40	5	0.37524424	2.76844554
1009	1049	40	6	1.06525825	8.87475450
1009	1049	40	7	0.01249471	0.25255967
1009	1049	40	8	0.02566747	1.03624801
1009	1049	40	9	0.31806058	1.07252441
1009	1049	40	10	0.41942778	1.43207407
1009	1049	40	11	0.00402729	0.10264123
1009	1049	40	12	1.19276715	9.84922073
1009	1049	40	13	1.22227858	7.17762547
1009	1049	40	14	1.24202544	13.12125411
1009	1049	40	15	0.43719495	1.60040789
1009	1049	40	16	0.99236178	6.04065787
1009	1049	40	17	0.52032766	2.10379527
1009	1049	40	18	0.15312534	0.54747398
1009	1049	40	19	0.97144027	14.56109236
1009	1049	41	0	1.27080772	4.57017469
1009	1049	41	1	0.35274261	2.03159178
1009	1049	41	2	1.41934471	16.23244730
1009	1049	41	3	0.02589966	0.24638076
1009	1049	41	4	3.85839037	13.97406678
1009	1049	41	5	0.37513720	2.74654356
1009	1049	41	6	1.06555749	8.89964252
1009	1049	41	7	0.01143157	0.22523625
1009	1049	41	8	0.02415809	0.95778211
1009	1049	41	9	0.31989987	1.08472386
1009	1049	41	10	0.41938185	1.43102013
1009	1049	41	11	0.00372839	0.09134420
1009	1049	41	12	1.19304356	9.87360772
1009	1049	41	13	1.22207418	7.18021799
1009	1049	41	14	1.24348762	13.25589938
1009	1049	41	15	0.43711858	1.59853348
1009	1049	41	16	0.99237783	6.04563346
1009	1049	41	17	0.51969716	2.09676227
1009	1049	41	18	0.15306807	0.54639736
1009	1049	41	19	0.97149945	14.73156657
1009	1049	42	0	1.27064962	4.56995908
1009	1049	42	1	0.35276758	2.03525592
1009	1049	42	2	1.41535860	16.16371482
1009	1049	42	3	0.02611198	0.24186182
1009	1049	42	4	3.87109779	14.04728900
1009	1049	42	5	0.37507023	2.72767647
1009	1049	42	6	1.06580650	8.92191221
1009	1049	42	7	0.01054132	0.20115744
1009	1049	42	8	0.02290279	0.88569192
1009	1049	42	9	0.32145907	1.09528357
1009	1049	42	10	0.41936270	1.43022972
1009	1049	42	11	0.00347989	0.08143493
1009	1049	42	12	1.19327276	9.89537817
1009	1049	42	13	1.22186672	7.18216556
1009	1049	42	14	1.24472380	13.38064332
1009	1049	42	15	0.43707817	1.59709694
1009	1049	42	16	0.99238606	6.04981181
1009	1049	42	17	0.51918626	2.09086174
1009	1049	42	18	0.15303090	0.54556671
1009	1049	42	19	0.97153587	14.89272264
1009	1049	43	0	1.27048643	4.56964534
1009	1049	43	1	0.35277807	2.03831544
1009	1049	43	2	1.41192956	16.09729714
1009	1049	43	3	0.02632428	0.23811312
1009	1049	43	4	3.88248905	14.11338486
1009	1049	43	5	0.37503546	2.71144898
1009	1049	43	6	1.06601334	8.94182027
1009	1049	43	7	0.00979716	0.17998461
1009	1049	43	8	0.02186239	0.81959084
1009	1049	43	9	0.32277681	1.10439108
1009	1049	43	10	0.41936505	1.42965224
1009	1049	43	11	0.00327367	0.07275660
1009	1049	43	12	1.19346234	9.91479526
1009	1049	43	13	1.22165874	7.18357472
1009	1049	43	14	1.24576613	13.49609557
1009	1049	43	15	0.43706667	1.59601410
1009	1049	43	16	0.99238801	6.05331541
1009	1049	43	17	0.51877565	2.08592939
1009	1049	43	18	0.15300986	0.54493286
1009	1049	43	19	0.97155399	15.04505036
1009	1049	44	0	1.27032068	4.56925566
1009	1049	44	1	0.35277697	2.04085974
1009	1049	44	2	1.40898869	16.03353914
1009	1049	44	3	0.02653443	0.23503953
1009	1049	44	4	3.89269094	14.17296853
1009	1049	44	5	0.37502649	2.69751463
1009	1049	44	6	1.06618475	8.95960140
1009	1049	44	7	0.00917646	0.16140570
1009	1049	44	8	0.02100399	0.75909190
1009	1049	44	9	0.32388692	1.11221906
1009	1049	44	10	0.41938453	1.42924666
1009	1049	44	11	0.00310298	0.06516773
1009	1049	44	12	1.19361859	9.93209855
1009	1049	44	13	1.22145239	7.18453645
1009	1049	44	14	1.24664233	13.60284645
1009	1049	44	15	0.43707827	1.59521684
1009	1049	44	16	0.99238494	6.05624827
1009	1049	44	17	0.51844898	2.08182284
1009	1049	44	18	0.15300172	0.54445650
1009	1049	44	19	0.97155746	15.18901707
1009	1049	45	0	1.27015447	4.56880860
1009	1049	45	1	0.35276666	2.04296578
1009	1049	45	2	1.40647415	15.97268515
1009	1049	45	3	0.02674068	0.23255556
1009	1049	45	4	3.90181924	14.22661462
1009	1049	45	5	0.37503805	2.68557026
1009	1049	45	6	1.06632635	8.97546949
1009	1049	45	7	0.00866015	0.14513521
1009	1049	45	8	0.02029992	0.70381415
1009	1049	45	9	0.32481895	1.11892478
1009	1049	45	10	0.41941755	1.42897965
1009	1049	45	11	0.00296217	0.05854118
1009	1049	45	12	1.19374675	9.94750546
1009	1049	45	13	1.22124945	7.18512841
1009	1049	45	14	1.24737633	13.70146419
1009	1049	45	15	0.43710820	1.59464991
1009	1049	45	16	0.99237789	6.05869866
1009	1049	45	17	0.51819244	2.07841901
1009	1049	45	18	0.15300385	0.54410616
1009	1049	45	19	0.97154927	15.32506803
1009	1049	46	0	1.26998958	4.56831968
1009	1049	46	1	0.35274909	2.04469963
1009	1049	46	2	1.40433081	15.91489529
1009	1049	46	3	0.02694160	0.23058452
1009	1049	46	4	3.90997942	14.27485784
1009	1049	46	5	0.37506583	2.67535092
1009	1049	46	6	1.06644284	8.98961899
1009	1049	46	7	0.00823212	0.13091358
1009	1049	46	8	0.01972687	0.65338724
1009	1049	46	9	0.32559854	1.12465020
1009	1049	46	10	0.41946110	1.42882405
1009	1049	46	11	0.00284655	0.05276317
1009	1049	46	12	1.19385118	9.96121286
1009	1049	46	13	1.22105139	7.18541683
1009	1049	46	14	1.24798878	13.79249300
1009	1049	46	15	0.43715248	1.59426844
1009	1049	46	16	0.99236773	6.06074148
1009	1049	46	17	0.51799432	2.07561188
1009	1049	46	18	0.15301409	0.54385663
1009	1049	46	19	0.97153189	15.45362702
1009	1049	47	0	1.26982746	4.56780183
1009	1049	47	1	0.35272590	2.04611800
1009	1049	47	2	1.40250975	15.86025986
1009	1049	47	3	0.02713605	0.22905775
1009	1049	47	4	3.91726743	14.31819355
1009	1049	47	5	0.37510625	2.66662537
1009	1049	47	6	1.06653814	9.00222627
1009	1049	47	7	0.00787878	0.11850608
1009	1049	47	8	0.01926513	0.60745472
1009	1049	47	9	0.32624795	1.12952244
1009	1049	47	10	0.41951270	1.42875770
1009	1049	47	11	0.00275217	0.04773219
1009	1049	47	12	1.19393553	9.97339862
1009	1049	47	13	1.22085939	7.18545819
1009	1049	47	14	1.24849746	13.87645180
1009	1049	47	15	0.43720785	1.59403591
1009	1049	47	16	0.99235517	6.06244022
1009	1049	47	17	0.51784474	2.07331030
1009	1049	47	18	0.15303067	0.54368763
1009	1049	47	19	0.97150734	15.57509694
1009	1049	48	0	1.26966928	4.56726588
1009	1049	48	1	0.35269842	2.04726946
1009	1049	48	2	1.40096775	15.80881196
1009	1049	48	3	0.02732315	0.22791392
1009	1049	48	4	3.92377039	14.35707889
1009	1049	48	5	0.37515639	2.65919197
1009	1049	48	6	1.06661555	9.01345091
1009	1049	48	7	0.00758868	0.10770139
1009	1049	48	8	0.01889799	0.56567625
1009	1049	48	9	0.32678638	1.13365463
1009	1049	48	10	0.41957026	1.42876242
1009	1049	48	11	0.00267574	0.04335796
1009	1049	48	12	1.19400289	9.98422318
1009	1049	48	13	1.22067435	7.18530051
1009	1049	48	14	1.24891770	13.95383350
1009	1049	48	15	0.43727157	1.59392254
1009	1049	48	16	0.99234081	6.06384873
1009	1049	48	17	0.51773536	2.07143608
1009	1049	48	18	0.15305215	0.54358281
1009	1049	48	19	0.97147731	15.68986059
1009	1049	49	0	1.26951598	4.56672081
1009	1049	49	1	0.35266778	2.04819559
1009	1049	49	2	1.39966679	15.76053845
1009	1049	49	3	0.02750223	0.22709842
1009	1049	49	4	3.92956730	14.39193428
1009	1049	49	5	0.37521378	2.65287506
1009	1049	49	6	1.06667786	9.02343713
1009	1049	49	7	0.00735210	0.09831005
1009	1049	49	8	0.01861122	0.52772899
1009	1049	49	9	0.32723041	1.13714685
1009	1049	49	10	0.41963205	1.42882331
1009	1049	49	11	0.00261447	0.03956036
1009	1049	49	12	1.19405584	9.99383102
1009	1049	49	13	1.22049699	7.18498459
1009	1049	49	14	1.24926268	14.02510474
1009	1049	49	15	0.43734137	1.59390400
1009	1049	49	16	0.99232513	6.06501264
1009	1049	49	17	0.51765911	2.06992229
1009	1049	49	18	0.15307730	0.54352899
1009	1049	49	19	0.97144318	15.79828136
1009	1049	50	0	1.26936830	4.56617403
1009	1049	50	1	0.35263491	2.04893195
1009	1049	50	2	1.39857352	15.71538935
1009	1049	50	3	0.02767284	0.22656268
1009	1049	50	4	3.93472973	14.42314528
1009	1049	50	5	0.37527641	2.64752173
1009	1049	50	6	1.06672739	9.03231498
1009	1049	50	7	0.00716085	0.09016275
1009	1049	50	8	0.01839270	0.49330831
1009	1049	50	9	0.32759430	1.14008719
1009	1049	50	10	0.41969663	1.42892812
1009	1049	50	11	0.00256603	0.03626848
1009	1049	50	12	1.19409660	10.00235206
1009	1049	50	13	1.22032780	7.18454499
1009	1049	50	14	1.24954375	14.09070596
1009	1049	50	15	0.43741535	1.59396033
1009	1049	50	16	0.99230857	6.06597063
1009	1049	50	17	0.51761006	2.06871172
1009	1049	50	18	0.15310515	0.54351548
1009	1049	50	19	0.97140612	15.90070408
1009	1049	51	0	1.26922678	4.56563164
1009	1049	51	1	0.35260058	2.04950892
1009	1049	51	2	1.39765877	15.67328593
1009	1049	51	3	0.02783467	0.22626369
1009	1049	51	4	3.93932240	14.45106455
1009	1049	51	5	0.37534260	2.64299900
1009	1049	51	6	1.06676613	9.04020163
1009	1049	51	7	0.00700797	0.08310870
1009	1049	51	8	0.01823204	0.46212808
1009	1049	51	9	0.32789031	1.14255289
1009	1049	51	10	0.41976280	1.42906674
1009	1049	51	11	0.00252842	0.03341963
1009	1049	51	12	1.19412703	10.00990304
1009	1049	51	13	1.22016710	7.18401089
1009	1049	51	14	1.24977068	14.15105177
1009	1049	51	15	0.43749196	1.59407520
1009	1049	51	16	0.99229145	6.06675547
1009	1049	51	17	0.51758316	2.06775554
1009	1049	51	18	0.15313486	0.54353363
1009	1049	51	19	0.97136709	15.99745575
1009	1049	52	0	1.26909181	4.56509858
1009	1049	52	1	0.35256544	2.04995242
1009	1049	52	2	1.39689714	15.63412752
1009	1049	52	3	0.02798758	0.22616344
1009	1049	52	4	3.94340386	14.47601397
1009	1049	52	5	0.37541097	2.63919126
1009	1049	52	6	1.06679575	9.04720249
1009	1049	52	7	0.00688753	0.07701388
1009	1049	52	8	0.01812029	0.43392051
1009	1049	52	9	0.32812893	1.14461143
1009	1049	52	10	0.41982957	1.42923082
1009	1049	52	11	0.00249997	0.03095851
1009	1049	52	12	1.19414873	10.01658870
1009	1049	52	13	1.22001509	7.18340686
1009	1049	52	14	1.24995184	14.20653157
1009	1049	52	15	0.43756988	1.59423516
1009	1049	52	16	0.99227406	6.06739490
1009	1049	52	17	0.51757420	2.06701216
1009	1049	52	18	0.15316576	0.54357637
1009	1049	52	19	0.97132686	16.08884633
1009	1049	53	0	1.26896364	4.56457880
1009	1049	53	1	0.35253001	2.05028457
1009	1049	53	2	1.39626651	15.59779725
1009	1049	53	3	0.02813155	0.22622849
1009	1049	53	4	3.94702698	14.49828679
1009	1049	53	5	0.37548036	2.63599812
1009	1049	53	6	1.06681769	9.05341227
1009	1049	53	7	0.00679452	0.07175954
1009	1049	53	8	0.01804977	0.40843579
1009	1049	53	9	0.32831917	1.14632154
1009	1049	53	10	0.41989611	1.42941349
1009	1049	53	11	0.00247924	0.02883638
1009	1049	53	12	1.19416308	10.02250296
1009	1049	53	13	1.21987181	7.18275346
1009	1049	53	14	1.25009445	14.25751027
1009	1049	53	15	0.43764805	1.59442916
1009	1049	53	16	0.99225664	6.06791242
1009	1049	53	17	0.51757961	2.06644616
1009	1049	53	18	0.15319729	0.54363798
1009	1049	53	19	0.97128611	16.17516954
1009	1049	54	0	1.26884241	4.56407540
1009	1049	54	1	0.35249472	2.05052423
1009	1049	54	2	1.39574768	15.56416685
1009	1049	54	3	0.02826665	0.22642947
1009	1049	54	4	3.95023947	14.51814966
1009	1049	54	5	0.37554984	2.63333245
1009	1049	54	6	1.06683317	9.05891603
1009	1049	54	7	0.00672464	0.06724057
1009	1049	54	8	0.01801383	0.38544153
1009	1049	54	9	0.32846875	1.14773421
1009	1049	54	10	0.41996177	1.42960908
1009	1049	54	11	0.00246500	0.02701036
1009	1049	54	12	1.19417126	10.02772999
1009	1049	54	13	1.21973722	7.18206781
1009	1049	54	14	1.25020468	14.30432918
1009	1049	54	15	0.43772559	1.59464811
1009	1049	54	16	0.99223937	6.06832793
1009	1049	54	17	0.51759640	2.06602745
1009	1049	54	18	0.15322898	0.54371376
1009	1049	54	19	0.97124537	16.25670359
1009	1049	55	0	1.26872814	4.56359077
1009	1049	55	1	0.35245993	2.05068741
1009	1049	55	2	1.39532404	15.53310062
1009	1049	55	3	0.02839304	0.22674074
1009	1049	55	4	3.95308439	14.53584475
1009	1049	55	5	0.37561865	2.63111866
1009	1049	55	6	1.06684321	9.06379008
1009	1049	55	7	0.00667422	0.06336417
1009	1049	55	8	0.01800672	0.36472205
1009	1049	55	9	0.32858424	1.14889359
1009	1049	55	10	0.42002602	1.42981290
1009	1049	55	11	0.00245621	0.02544272
1009	1049	55	12	1.19417429	10.03234513
1009	1049	55	13	1.21961119	7.18136409
1009	1049	55	14	1.25028782	14.34730700
1009	1049	55	15	0.43780179	1.59488452
1009	1049	55	16	0.99222242	6.06865825
1009	1049	55	17	0.51762207	2.06573049
1009	1049	55	18	0.15326047	0.54379989
1009	1049	55	19	0.97120506	16.33371194
1009	1049	56	0	1.26862081	4.56312666
1009	1049	56	1	0.35242591	2.05078776
1009	1049	56	2	1.39498122	15.50445868
1009	1049	56	3	0.02851094	0.22713997
1009	1049	56	4	3.95560053	14.55159168
1009	1049	56	5	0.37568618	2.62929126
1009	1049	56	6	1.06684873	9.06810279
1009	1049	56	7	0.00664013	0.06004850
1009	1049	56	8	0.01802347	0.34607757
1009	1049	56	9	0.32867127	1.14983784
1009	1049	56	10	0.42008842	1.43002111
1009	1049	56	11	0.00245196	0.02410034
1009	1049	56	12	1.19417305	10.03641583
1009	1049	56	13	1.21949352	7.18065392
1009	1049	56	14	1.25034840	14.38674080
1009	1049	56	15	0.43787609	1.59513228
1009	1049	56	16	0.99220590	6.06891763
1009	1049	56	17	0.51765451	2.06553364
1009	1049	56	18	0.15329144	0.54389324
1009	1049	56	19	0.97116555	16.40644395
1009	1049	57	0	1.26852029	4.56268429
1009	1049	57	1	0.35239289	2.05083686
1009	1049	57	2	1.39470682	15.47809962
1009	1049	57	3	0.02862065	0.22760781
1009	1049	57	4	3.95782286	14.56558936
1009	1049	57	5	0.37575192	2.62779353
1009	1049	57	6	1.06685048	9.07191545
1009	1049	57	7	0.00661967	0.05722148
1009	1049	57	8	0.01805976	0.32932343
1009	1049	57	9	0.32873464	1.15059983
1009	1049	57	10	0.42014865	1.43023059
1009	1049	57	11	0.00245148	0.02295412
1009	1049	57	12	1.19416829	10.04000239
1009	1049	57	13	1.21938394	7.17994676
1009	1049	57	14	1.25039029	14.42290713
1009	1049	57	15	0.43794804	1.59538636
1009	1049	57	16	0.99218991	6.06911808
1009	1049	57	17	0.51769197	2.06541857
1009	1049	57	18	0.15332167	0.54399128
1009	1049	57	19	0.97112710	16.47513566
1009	1049	58	0	1.26842643	4.56226443
1009	1049	58	1	0.35236104	2.05084449
1009	1049	58	2	1.39449015	15.45388257
1009	1049	58	3	0.02872246	0.22812759
1009	1049	58	4	3.95978285	14.57801780
1009	1049	58	5	0.37581552	2.62657641
1009	1049	58	6	1.06684913	9.07528292
1009	1049	58	7	0.00661055	0.05481971
1009	1049	58	8	0.01811187	0.31428923
1009	1049	58	9	0.32877842	1.15120789
1009	1049	58	10	0.42020646	1.43043880
1009	1049	58	11	0.00245409	0.02197855
1009	1049	58	12	1.19416068	10.04315873
1009	1049	58	13	1.21928216	7.17925019
1009	1049	58	14	1.25041680	14.45606307
1009	1049	58	15	0.43801730	1.59564269
1009	1049	58	16	0.99217452	6.06926979
1009	1049	58	17	0.51773301	2.06536981
1009	1049	58	18	0.15335097	0.54409193
1009	1049	58	19	0.97108994	16.54001039
1009	1049	59	0	1.26833901	4.56186748
1009	1049	59	1	0.35233048	2.05081896
1009	1049	59	2	1.39432204	15.43166890
1009	1049	59	3	0.02881675	0.22868502
1009	1049	59	4	3.96150881	14.58903973
1009	1049	59	5	0.37587667	2.62559748
1009	1049	59	6	1.06684524	9.07825427
1009	1049	59	7	0.00661078	0.05278747
1009	1049	59	8	0.01817655	0.30081792
1009	1049	59	9	0.32880610	1.15168633
1009	1049	59	10	0.42026168	1.43064368
1009	1049	59	11	0.00245923	0.02115125
1009	1049	59	12	1.19415078	10.04593303
1009	1049	59	13	1.21918784	7.17857020
1009	1049	59	14	1.25043075	14.48644729
1009	1049	59	15	0.43808363	1.59589795
1009	1049	59	16	0.99215979	6.06938131
1009	1049	59	17	0.51777642	2.06537431
1009	1049	59	18	0.15337919	0.54419353
1009	1049	59	19	0.97105423	16.60127937
1009	1049	60	0	1.26825780	4.56149351
1009	1049	60	1	0.35230130	2.05076726
1009	1049	60	2	1.39419460	15.41132352
1009	1049	60	3	0.02890387	0.22926791
1009	1049	60	4	3.96302622	14.59880210
1009	1049	60	5	0.37593518	2.62482014
1009	1049	60	6	1.06683930	9.08087340
1009	1049	60	7	0.00661867	0.05107587
1009	1049	60	8	0.01825104	0.28876505
1009	1049	60	9	0.32882061	1.15205600
1009	1049	60	10	0.42031419	1.43084363
1009	1049	60	11	0.00246641	0.02045261
1009	1049	60	12	1.19413907	10.04836832
1009	1049	60	13	1.21910062	7.17791144
1009	1049	60	14	1.25043451	14.51428116
1009	1049	60	15	0.43814685	1.59614951
1009	1049	60	16	0.99214576	6.06945987
1009	1049	60	17	0.51782121	2.06542109
1009	1049	60	18	0.15340622	0.54429473
1009	1049	60	19	0.97102009	16.65914240
1009	1049	61	0	1.26818252	4.56114233
1009	1049	61	1	0.35227357	2.05069527
1009	1049	61	2	1.39410106	15.39271581
1009	1049	61	3	0.02898421	0.22986596
1009	1049	61	4	3.96435796	14.60743754
1009	1049	61	5	0.37599089	2.62421281
1009	1049	61	6	1.06683173	9.08317956
1009	1049	61	7	0.00663276	0.04964201
1009	1049	61	8	0.01833293	0.27799786
1009	1049	61	9	0.32882446	1.15233476
1009	1049	61	10	0.42036392	1.43103738
1009	1049	61	11	0.00247519	0.01986545
1009	1049	61	12	1.19412600	10.05050302
1009	1049	61	13	1.21902015	7.17727740
1009	1049	61	14	1.25043011	14.53976971
1009	1049	61	15	0.43820685	1.59639528
1009	1049	61	16	0.99213245	6.06951156
1009	1049	61	17	0.51786658	2.06550094
1009	1049	61	18	0.15343199	0.54439446
1009	1049	61	19	0.97098759	16.71378840
1009	1049	62	0	1.26811290	4.56081354
1009	1049	62	1	0.35224732	2.05060791
1009	1049	62	2	1.39403566	15.37572039
1009	1049	62	3	0.02905815	0.23047052
1009	1049	62	4	3.96552458	14.61506562
1009	1049	62	5	0.37604372	2.62374832
1009	1049	62	6	1.06682289	9.08520781
1009	1049	62	7	0.00665179	0.04844829
1009	1049	62	8	0.01842016	0.26839457
1009	1049	62	9	0.32881977	1.15253788
1009	1049	62	10	0.42041085	1.43122397
1009	1049	62	11	0.00248521	0.01937473
1009	1049	62	12	1.19411190	10.05237141
1009	1049	62	13	1.21894603	7.17667064
1009	1049	62	14	1.25041928	14.56310275
1009	1049	62	15	0.43826357	1.59663362
1009	1049	62	16	0.99211986	6.06954149
1009	1049	62	17	0.51791188	2.06560613
1009	1049	62	18	0.15345646	0.54449187
1009	1049	62	19	0.97095678	16.76539597
1009	1049	63	0	1.26804864	4.56050657
1009	1049	63	1	0.35222256	2.05050932
1009	1049	63	2	1.39399345	15.36021759
1009	1049	63	3	0.02912609	0.23107437
1009	1049	63	4	3.96654452	14.62179410
1009	1049	63	5	0.37609363	2.62340330
1009	1049	63	6	1.06681309	9.08698944
1009	1049	63	7	0.00667470	0.04746180
1009	1049	63	8	0.01851099	0.25984355
1009	1049	63	9	0.32880832	1.15267838
1009	1049	63	10	0.42045498	1.43140271
1009	1049	63	11	0.00249615	0.01896729
1009	1049	63	12	1.19409710	10.05400406
1009	1049	63	13	1.21887790	7.17609286
1009	1049	63	14	1.25040343	14.58445573
1009	1049	63	15	0.43831702	1.59686330
1009	1049	63	16	0.99210801	6.06955394
1009	1049	63	17	0.51795658	2.06573026
1009	1049	63	18	0.15347961	0.54458632
1009	1049	63	19	0.97092768	16.81413394
1009	1049	64	0	1.26798944	4.56022071
1009	1049	64	1	0.35219928	2.05040291
1009	1049	64	2	1.39397022	15.34609376
1009	1049	64	3	0.02918840	0.23167161
1009	1049	64	4	3.96743432	14.62771997
1009	1049	64	5	0.37614062	2.62315768
1009	1049	64	6	1.06680258	9.08855241
1009	1049	64	7	0.00670057	0.04665375
1009	1049	64	8	0.01860392	0.25224266
1009	1049	64	9	0.32879160	1.15276736
1009	1049	64	10	0.42049636	1.43157309
1009	1049	64	11	0.00250776	0.01863163
1009	1049	64	12	1.19408185	10.05542823
1009	1049	64	13	1.21881538	7.17554513
1009	1049	64	14	1.25038380	14.60399077
1009	1049	64	15	0.43836721	1.59708341
1009	1049	64	16	0.99209689	6.06955250
1009	1049	64	17	0.51800029	2.06586798
1009	1049	64	18	0.15350142	0.54467731
1009	1049	64	19	0.97090030	16.86016187
1009	1049	65	0	1.26793501	4.55995516
1009	1049	65	1	0.35217747	2.05029150
1009	1049	65	2	1.39396241	15.33324149
1009	1049	65	3	0.02924546	0.23225743
1009	1049	65	4	3.96820880	14.63293050
1009	1049	65	5	0.37618472	2.62299429
1009	1049	65	6	1.06679160	9.08992166
1009	1049	65	7	0.00672862	0.04599897
1009	1049	65	8	0.01869770	0.24549852
1009	1049	65	9	0.32877088	1.15281425
1009	1049	65	10	0.42053504	1.43173483
1009	1049	65	11	0.00251981	0.01835770
1009	1049	65	12	1.19406639	10.05666822
1009	1049	65	13	1.21875810	7.17502796
1009	1049	65	14	1.25036137	14.62185750
1009	1049	65	15	0.43841420	1.59729332
1009	1049	65	16	0.99208647	6.06954018
1009	1049	65	17	0.51804267	2.06601488
1009	1049	65	18	0.15352190	0.54476448
1009	1049	65	19	0.97087461	16.90363055
1009	1049	66	0	1.26788504	4.55970902
1009	1049	66	1	0.35215708	2.05017742
1009	1049	66	2	1.39396699	15.32155962
1009	1049	66	3	0.02929763	0.23282797
1009	1049	66	4	3.96888124	14.63750413
1009	1049	66	5	0.37622599	2.62289844
1009	1049	66	6	1.06678033	9.09111940
1009	1049	66	7	0.00675820	0.04547547
1009	1049	66	8	0.01879128	0.23952588
1009	1049	66	9	0.32874721	1.15282705
1009	1049	66	10	0.42057111	1.43188776
1009	1049	66	11	0.00253210	0.01813671
1009	1049	66	12	1.19405088	10.05774564
1009	1049	66	13	1.21870570	7.17454138
1009	1049	66	14	1.25033700	14.63819392
1009	1049	66	15	0.43845807	1.59749264
1009	1049	66	16	0.99207675	6.06951945
1009	1049	66	17	0.51808350	2.06616734
1009	1049	66	18	0.15354109	0.54484758
1009	1049	66	19	0.97085058	16.94468245
1009	1049	67	0	1.26783925	4.55948137
1009	1049	67	1	0.35213807	2.05006255
1009	1049	67	2	1.39398139	15.31095323
1009	1049	67	3	0.02934525	0.23338025
1009	1049	67	4	3.96946348	14.64151133
1009	1049	67	5	0.37626450	2.62285761
1009	1049	67	6	1.06676894	9.09216548
1009	1049	67	7	0.00678873	0.04506408
1009	1049	67	8	0.01888379	0.23424702
1009	1049	67	9	0.32872147	1.15281253
1009	1049	67	10	0.42060465	1.43203185
1009	1049	67	11	0.00254446	0.01796100
1009	1049	67	12	1.19403550	10.05867975
1009	1049	67	13	1.21865784	7.17408510
1009	1049	67	14	1.25031137	14.65312724
1009	1049	67	15	0.43849894	1.59768114
1009	1049	67	16	0.99206769	6.06949239
1009	1049	67	17	0.51812260	2.06632242
1009	1049	67	18	0.15355900	0.54492646
1009	1049	67	19	0.97082817	16.98345217
1009	1049	68	0	1.26779735	4.55927125
1009	1049	68	1	0.35212040	2.04994841
1009	1049	68	2	1.39400345	15.30133356
1009	1049	68	3	0.02938868	0.23391196
1009	1049	68	4	3.96996615	14.64501535
1009	1049	68	5	0.37630035	2.62286114
1009	1049	68	6	1.06675755	9.09307752
1009	1049	68	7	0.00681976	0.04474808
1009	1049	68	8	0.01897452	0.22959115
1009	1049	68	9	0.32869437	1.15277640
1009	1049	68	10	0.42063577	1.43216717
1009	1049	68	11	0.00255678	0.01782389
1009	1049	68	12	1.19402037	10.05948766
1009	1049	68	13	1.21861419	7.17365849
1009	1049	68	14	1.25028506	14.66677462
1009	1049	68	15	0.43853690	1.59785880
1009	1049	68	16	0.99205928	6.06946069
1009	1049	68	17	0.51815985	2.06647772
1009	1049	68	18	0.15357569	0.54500104
1009	1049	68	19	0.97080730	17.02006685
1009	1049	69	0	1.26775907	4.55907766
1009	1049	69	1	0.35210400	2.04983621
1009	1049	69	2	1.39403136	15.29261782
1009	1049	69	3	0.02942821	0.23442146
1009	1049	69	4	3.97039871	14.64807289
1009	1049	69	5	0.37633364	2.62290002
1009	1049	69	6	1.06674627	9.09387126
1009	1049	69	7	0.00685090	0.04451294
1009	1049	69	8	0.01906291	0.22549388
1009	1049	69	9	0.32866650	1.15272348
1009	1049	69	10	0.42066458	1.43229388
1009	1049	69	11	0.00256894	0.01771957
1009	1049	69	12	1.19400558	10.06018461
1009	1049	69	13	1.21857443	7.17326072
1009	1049	69	14	1.25025851	14.67924391
1009	1049	69	15	0.43857208	1.59802567
1009	1049	69	16	0.99205149	6.06942577
1009	1049	69	17	0.51819518	2.06663134
1009	1049	69	18	0.15359120	0.54507130
1009	1049	69	19	0.97078793	17.05464659
1009	1049	70	0	1.26772414	4.55889963
1009	1049	70	1	0.35208882	2.04972689
1009	1049	70	2	1.39406361	15.28472898
1009	1049	70	3	0.02946416	0.23490758
1009	1049	70	4	3.97076961	14.65073480
1009	1049	70	5	0.37636448	2.62296661
1009	1049	70	6	1.06673519	9.09456067
1009	1049	70	7	0.00688181	0.04434600
1009	1049	70	8	0.01914850	0.22189673
1009	1049	70	9	0.32863836	1.15265778
1009	1049	70	10	0.42069121	1.43241221
1009	1049	70	11	0.00258084	0.01764298
1009	1049	70	12	1.19399123	10.06078409
1009	1049	70	13	1.21853826	7.17289079
1009	1049	70	14	1.25023211	14.69063429
1009	1049	70	15	0.43860463	1.59818195
1009	1049	70	16	0.99204428	6.06938877
1009	1049	70	17	0.51822855	2.06678179
1009	1049	70	18	0.15360558	0.54513729
1009	1049	70	19	0.97076999	17.08730483
1009	1049	71	0	1.26769232	4.55873618
1009	1049	71	1	0.35207481	2.04962118
1009	1049	71	2	1.39409894	15.27759559
1009	1049	71	3	0.02949681	0.23536964
1009	1049	71	4	3.97108637	14.65304657
1009	1049	71	5	0.37639300	2.62305448
1009	1049	71	6	1.06672440	9.09515819
1009	1049	71	7	0.00691224	0.04423630
1009	1049	71	8	0.01923094	0.21874665
1009	1049	71	9	0.32861034	1.15258268
1009	1049	71	10	0.42071576	1.43252241
1009	1049	71	11	0.00259243	0.01758973
1009	1049	71	12	1.19397738	10.06129811
1009	1049	71	13	1.21850541	7.17254755
1009	1049	71	14	1.25020614	14.70103696
1009	1049	71	15	0.43863468	1.59832791
1009	1049	71	16	0.99203763	6.06935060
1009	1049	71	17	0.51825996	2.06692789
1009	1049	71	18	0.15361888	0.54519906
1009	1049	71	19	0.97075341	17.11814868
1009	1049	72	0	1.26766336	4.55858637
1009	1049	72	1	0.35206188	2.04951961
1009	1049	72	2	1.39413629	15.27115147
1009	1049	72	3	0.02952643	0.23580730
1009	1049	72	4	3.97135568	14.65504891
1009	1049	72	5	0.37641932	2.62315827
1009	1049	72	6	1.06671393	9.09567486
1009	1049	72	7	0.00694197	0.04417432
1009	1049	72	8	0.01930999	0.21599557
1009	1049	72	9	0.32858273	1.15250097
1009	1049	72	10	0.42073835	1.43262480
1009	1049	72	11	0.00260363	0.01755601
1009	1049	72	12	1.19396407	10.06173730
1009	1049	72	13	1.21847559	7.17222978
1009	1049	72	14	1.25018084	14.71053573
1009	1049	72	15	0.43866236	1.59846386
1009	1049	72	16	0.99203150	6.06931202
1009	1049	72	17	0.51828942	2.06706877
1009	1049	72	18	0.15363117	0.54525674
1009	1049	72	19	0.97073810	17.14727932
1009	1049	73	0	1.26763705	4.55844927
1009	1049	73	1	0.35204998	2.04942257
1009	1049	73	2	1.39417482	15.26533545
1009	1049	73	3	0.02955327	0.23622055
1009	1049	73	4	3.97158351	14.65677819
1009	1049	73	5	0.37644356	2.62327349
1009	1049	73	6	1.06670384	9.09612050
1009	1049	73	7	0.00697084	0.04415184
1009	1049	73	8	0.01938546	0.21360000
1009	1049	73	9	0.32855579	1.15241496
1009	1049	73	10	0.42075911	1.43271973
1009	1049	73	11	0.00261441	0.01753853
1009	1049	73	12	1.19395134	10.06211108
1009	1049	73	13	1.21844856	7.17193619
1009	1049	73	14	1.25015637	14.71920754
1009	1049	73	15	0.43868782	1.59859020
1009	1049	73	16	0.99202587	6.06927362
1009	1049	73	17	0.51831696	2.06720379
1009	1049	73	18	0.15364248	0.54531045
1009	1049	73	19	0.97072401	17.17479225
1009	1049	74	0	1.26761316	4.55832398
1009	1049	74	1	0.35203905	2.04933031
1009	1049	74	2	1.39421383	15.26009113
1009	1049	74	3	0.02957756	0.23660961
1009	1049	74	4	3.97177513	14.65826688
1009	1049	74	5	0.37646585	2.62339642
1009	1049	74	6	1.06669416	9.09650381
1009	1049	74	7	0.00699871	0.04416177
1009	1049	74	8	0.01945725	0.21152063
1009	1049	74	9	0.32852971	1.15232654
1009	1049	74	10	0.42077816	1.43280755
1009	1049	74	11	0.00262474	0.01753444
1009	1049	74	12	1.19393922	10.06242779
1009	1049	74	13	1.21842410	7.17166547
1009	1049	74	14	1.25013288	14.72712301
1009	1049	74	15	0.43871120	1.59870735
1009	1049	74	16	0.99202069	6.06923586
1009	1049	74	17	0.51834265	2.06733252
1009	1049	74	18	0.15365290	0.54536036
1009	1049	74	19	0.97071106	17.20077768
1009	1049	75	0	1.26759151	4.55820965
1009	1049	75	1	0.35202903	2.04924297
1009	1049	75	2	1.39425276	15.25536659
1009	1049	75	3	0.02959952	0.23697492
1009	1049	75	4	3.97193523	14.65954395
1009	1049	75	5	0.37648630	2.62352401
1009	1049	75	6	1.06668491	9.09683250
1009	1049	75	7	0.00702548	0.04419801
1009	1049	75	8	0.01952529	0.20972200
1009	1049	75	9	0.32850462	1.15223725
1009	1049	75	10	0.42079560	1.43288863
1009	1049	75	11	0.00263459	0.01754129
1009	1049	75	12	1.19392771	10.06269481
1009	1049	75	13	1.21840197	7.17141628
1009	1049	75	14	1.25011044	14.73434696
1009	1049	75	15	0.43873263	1.59881573
1009	1049	75	16	0.99201595	6.06919910
1009	1049	75	17	0.51836655	2.06745467
1009	1049	75	18	0.15366246	0.54540662
1009	1049	75	19	0.97069917	17.22532077
1009	1049	76	0	1.26757189	4.55810546
1009	1049	76	1	0.35201985	2.04916062
1009	1049	76	2	1.39429114	15.25111408
1009	1049	76	3	0.02961935	0.23731710
1009	1049	76	4	3.97206795	14.66063520
1009	1049	76	5	0.37650505	2.62365374
1009	1049	76	6	1.06667611	9.09711341
1009	1049	76	7	0.00705109	0.04425531
1009	1049	76	8	0.01958958	0.20817216
1009	1049	76	9	0.32848062	1.15214833
1009	1049	76	10	0.42081156	1.43296334
1009	1049	76	11	0.00264396	0.01755697
1009	1049	76	12	1.19391681	10.06291863
1009	1049	76	13	1.21838198	7.17118730
1009	1049	76	14	1.25008912	14.74093879
1009	1049	76	15	0.43875224	1.59891580
1009	1049	76	16	0.99201161	6.06916361
1009	1049	76	17	0.51838873	2.06757010
1009	1049	76	18	0.15367123	0.54544941
1009	1049	76	19	0.97068828	17.24850192
1009	1049	77	0	1.26755415	4.55801063
1009	1049	77	1	0.35201146	2.04908323
1009	1049	77	2	1.39432864	15.24728980
1009	1049	77	3	0.02963725	0.23763686
1009	1049	77	4	3.97217697	14.66156358
1009	1049	77	5	0.37652221	2.62378362
1009	1049	77	6	1.06666776	9.09735259
1009	1049	77	7	0.00707549	0.04432918
1009	1049	77	8	0.01965015	0.20684236
1009	1049	77	9	0.32845779	1.15206077
1009	1049	77	10	0.42082612	1.43303207
1009	1049	77	11	0.00265283	0.01757968
1009	1049	77	12	1.19390654	10.06310502
1009	1049	77	13	1.21836393	7.17097725
1009	1049	77	14	1.25006896	14.74695299
1009	1049	77	15	0.43877017	1.59900803
1009	1049	77	16	0.99200765	6.06912958
1009	1049	77	17	0.51840926	2.06767876
1009	1049	77	18	0.15367925	0.54548892
1009	1049	77	19	0.97067831	17.27039705
1009	1049	78	0	1.26753812	4.55792443
1009	1049	78	1	0.35200379	2.04901075
1009	1049	78	2	1.39436498	15.24385360
1009	1049	78	3	0.02965338	0.23793504
1009	1049	78	4	3.97226552	14.66234951
1009	1049	78	5	0.37653788	2.62391201
1009	1049	78	6	1.06665986	9.09755538
1009	1049	78	7	0.00709865	0.04441580
1009	1049	78	8	0.01970707	0.20570676
1009	1049	78	9	0.32843616	1.15197535
1009	1049	78	10	0.42083941	1.43309519
1009	1049	78	11	0.00266121	0.01760786
1009	1049	78	12	1.19389687	10.06325901
1009	1049	78	13	1.21834767	7.17078485
1009	1049	78	14	1.25004996	14.75243944
1009	1049	78	15	0.43878653	1.59909289
1009	1049	78	16	0.99200403	6.06909714
1009	1049	78	17	0.51842823	2.06778073
1009	1049	78	18	0.15368659	0.54552533
1009	1049	78	19	0.97066921	17.29107782
1009	1049	79	0	1.26752364	4.55784617
1009	1049	79	1	0.35199680	2.04894306
1009	1049	79	2	1.39439996	15.24076875
1009	1049	79	3	0.02966790	0.23821254
1009	1049	79	4	3.97233645	14.66301111
1009	1049	79	5	0.37655218	2.62403767
1009	1049	79	6	1.06665242	9.09772650
1009	1049	79	7	0.00712057	0.04451194
1009	1049	79	8	0.01976041	0.20474220
1009	1049	79	9	0.32841574	1.15189266
1009	1049	79	10	0.42085150	1.43315305
1009	1049	79	11	0.00266910	0.01764022
1009	1049	79	12	1.19388780	10.06338508
1009	1049	79	13	1.21833302	7.17060887
1009	1049	79	14	1.25003212	14.75744387
1009	1049	79	15	0.43880143	1.59917082
1009	1049	79	16	0.99200073	6.06906639
1009	1049	79	17	0.51844573	2.06787610
1009	1049	79	18	0.15369329	0.54555882
1009	1049	79	19	0.97066090	17.31061190
1009	1049	80	0	1.26751059	4.55777521
1009	1049	80	1	0.35199044	2.04888001
1009	1049	80	2	1.39443343	15.23800167
1009	1049	80	3	0.02968097	0.23847031
1009	1049	80	4	3.97239227	14.66356443
1009	1049	80	5	0.37656521	2.62415960
1009	1049	80	6	1.06664543	9.09787013
1009	1049	80	7	0.00714124	0.04461483
1009	1049	80	8	0.01981029	0.20392790
1009	1049	80	9	0.32839655	1.15181314
1009	1049	80	10	0.42086251	1.43320603
1009	1049	80	11	0.00267651	0.01767564
1009	1049	80	12	1.19387931	10.06348712
1009	1049	80	13	1.21831983	7.17044815
1009	1049	80	14	1.25001543	14.76200810
1009	1049	80	15	0.43881500	1.59924228
1009	1049	80	16	0.99199773	6.06903737
1009	1049	80	17	0.51846184	2.06796507
1009	1049	80	18	0.15369939	0.54558957
1009	1049	80	19	0.97065334	17.32906315
1009	1049	81	0	1.26749883	4.55771092
1009	1049	81	1	0.35198465	2.04882142
1009	1049	81	2	1.39446529	15.23552173
1009	1049	81	3	0.02969272	0.23870931
1009	1049	81	4	3.97243519	14.66402369
1009	1049	81	5	0.37657707	2.62427706
1009	1049	81	6	1.06663887	9.09798992
1009	1049	81	7	0.00716070	0.04472217
1009	1049	81	8	0.01985683	0.20324532
1009	1049	81	9	0.32837856	1.15173710
1009	1049	81	10	0.42087250	1.43325445
1009	1049	81	11	0.00268345	0.01771318
1009	1049	81	12	1.19387139	10.06356856
1009	1049	81	13	1.21830798	7.17030155
1009	1049	81	14	1.24999986	14.76617044
1009	1049	81	15	0.43882734	1.59930771
1009	1049	81	16	0.99199500	6.06901009
1009	1049	81	17	0.51847664	2.06804784
1009	1049	81	18	0.15370495	0.54561776
1009	1049	81	19	0.97064645	17.34649188
1009	1049	82	0	1.26748824	4.55765276
1009	1049	82	1	0.35197939	2.04876712
1009	1049	82	2	1.39449548	15.23330099
1009	1049	82	3	0.02970326	0.23893056
1009	1049	82	4	3.97246714	14.66440147
1009	1049	82	5	0.37658785	2.62438954
1009	1049	82	6	1.06663273	9.09808910
1009	1049	82	7	0.00717895	0.04483204
1009	1049	82	8	0.01990016	0.20267786
1009	1049	82	9	0.32836176	1.15166476
1009	1049	82	10	0.42088157	1.43329865
1009	1049	82	11	0.00268994	0.01775206
1009	1049	82	12	1.19386400	10.06363242
1009	1049	82	13	1.21829733	7.17016801
1009	1049	82	14	1.24998537	14.76996593
1009	1049	82	15	0.43883854	1.59936752
1009	1049	82	16	0.99199253	6.06898454
1009	1049	82	17	0.51849022	2.06812467
1009	1049	82	18	0.15371000	0.54564357
1009	1049	82	19	0.97064020	17.36295502
1009	1049	83	0	1.26747873	4.55760018
1009	1049	83	1	0.35197462	2.04871689
1009	1049	83	2	1.39452398	15.23131403
1009	1049	83	3	0.02971273	0.23913503
1009	1049	83	4	3.97248980	14.66470886
1009	1049	83	5	0.37659764	2.62449666
1009	1049	83	6	1.06662700	9.09817053
1009	1049	83	7	0.00719603	0.04494285
1009	1049	83	8	0.01994043	0.20221077
1009	1049	83	9	0.32834610	1.15159624
1009	1049	83	10	0.42088979	1.43333895
1009	1049	83	11	0.00269600	0.01779162
1009	1049	83	12	1.19385712	10.06368131
1009	1049	83	13	1.21828778	7.17004652
1009	1049	83	14	1.24997192	14.77342660
1009	1049	83	15	0.43884870	1.59942213
1009	1049	83	16	0.99199028	6.06896070
1009	1049	83	17	0.51850266	2.06819582
1009	1049	83	18	0.15371459	0.54566717
1009	1049	83	19	0.97063452	17.37850632
1009	1049	84	0	1.26747018	4.55755271
1009	1049	84	1	0.35197030	2.04867052
1009	1049	84	2	1.39455078	15.22953771
1009	1049	84	3	0.02972121	0.23932372
1009	1049	84	4	3.97250464	14.66495565
1009	1049	84	5	0.37660651	2.62459820
1009	1049	84	6	1.06662167	9.09823668
1009	1049	84	7	0.00721199	0.04505327
1009	1049	84	8	0.01997779	0.20183088
1009	1049	84	9	0.32833154	1.15153160
1009	1049	84	10	0.42089723	1.43337563
1009	1049	84	11	0.00270163	0.01783133
1009	1049	84	12	1.19385074	10.06371753
1009	1049	84	13	1.21827921	7.16993612
1009	1049	84	14	1.24995946	14.77658175
1009	1049	84	15	0.43885790	1.59947191
1009	1049	84	16	0.99198825	6.06893850
1009	1049	84	17	0.51851404	2.06826158
1009	1049	84	18	0.15371875	0.54568871
1009	1049	84	19	0.97062937	17.39319650
1009	1049	85	0	1.26746250	4.55750989
1009	1049	85	1	0.35196638	2.04862779
1009	1049	85	2	1.39457590	15.22795104
1009	1049	85	3	0.02972880	0.23949760
1009	1049	85	4	3.97251296	14.66515044
1009	1049	85	5	0.37661454	2.62469404
1009	1049	85	6	1.06661670	9.09828974
1009	1049	85	7	0.00722687	0.04516224
1009	1049	85	8	0.02001238	0.20152652
1009	1049	85	9	0.32831804	1.15147084
1009	1049	85	10	0.42090396	1.43340898
1009	1049	85	11	0.00270687	0.01787075
1009	1049	85	12	1.19384483	10.06374307
1009	1049	85	13	1.21827154	7.16983592
1009	1049	85	14	1.24994795	14.77945817
1009	1049	85	15	0.43886623	1.59951723
1009	1049	85	16	0.99198641	6.06891790
1009	1049	85	17	0.51852444	2.06832223
1009	1049	85	18	0.15372252	0.54570834
1009	1049	85	19	0.97062471	17.40707346
1009	1049	86	0	1.26745562	4.55747131
1009	1049	86	1	0.35196284	2.04858849
1009	1049	86	2	1.39459938	15.22653494
1009	1049	86	3	0.02973560	0.23965761
1009	1049	86	4	3.97251587	14.66530079
1009	1049	86	5	0.37662181	2.62478417
1009	1049	86	6	1.06661210	9.09833161
1009	1049	86	7	0.00724071	0.04526891
1009	1049	86	8	0.02004437	0.20128735
1009	1049	86	9	0.32830554	1.15141390
1009	1049	86	10	0.42091004	1.43343927
1009	1049	86	11	0.00271172	0.01790952
1009	1049	86	12	1.19383936	10.06375967
1009	1049	86	13	1.21826468	7.16974507
1009	1049	86	14	1.24993734	14.78208032
1009	1049	86	15	0.43887376	1.59955845
1009	1049	86	16	0.99198475	6.06889883
1009	1049	86	17	0.51853392	2.06837807
1009	1049	86	18	0.15372593	0.54572621
1009	1049	86	19	0.97062049	17.42018243
1009	1049	87	0	1.26744945	4.55743657
1009	1049	87	1	0.35195964	2.04855240
1009	1049	87	2	1.39462126	15.22527214
1009	1049	87	3	0.02974168	0.23980466
1009	1049	87	4	3.97251433	14.66541332
1009	1049	87	5	0.37662839	2.62486865
1009	1049	87	6	1.06660783	9.09836397
1009	1049	87	7	0.00725356	0.04537260
1009	1049	87	8	0.02007389	0.20110419
1009	1049	87	9	0.32829401	1.15136071
1009	1049	87	10	0.42091553	1.43346675
1009	1049	87	11	0.00271622	0.01794736
1009	1049	87	12	1.19383430	10.06376883
1009	1049	87	13	1.21825854	7.16966279
1009	1049	87	14	1.24992757	14.78447056
1009	1049	87	15	0.43888055	1.59959589
1009	1049	87	16	0.99198324	6.06888121
1009	1049	87	17	0.51854255	2.06842939
1009	1049	87	18	0.15372902	0.54574246
1009	1049	87	19	0.97061668	17.43256609
1009	1049	88	0	1.26744393	4.55740532
1009	1049	88	1	0.35195676	2.04851932
1009	1049	88	2	1.39464160	15.22414698
1009	1049	88	3	0.02974710	0.23993962
1009	1049	88	4	3.97250918	14.66549383
1009	1049	88	5	0.37663432	2.62494757
1009	1049	88	6	1.06660389	9.09838828
1009	1049	88	7	0.00726547	0.04547279
1009	1049	88	8	0.02010111	0.20096897
1009	1049	88	9	0.32828337	1.15131115
1009	1049	88	10	0.42092048	1.43349164
1009	1049	88	11	0.00272038	0.01798404
1009	1049	88	12	1.19382964	10.06377185
1009	1049	88	13	1.21825305	7.16958835
1009	1049	88	14	1.24991859	14.78664930
1009	1049	88	15	0.43888668	1.59962985
1009	1049	88	16	0.99198189	6.06886496
1009	1049	88	17	0.51855041	2.06847648
1009	1049	88	18	0.15373181	0.54575723
1009	1049	88	19	0.97061324	17.44426474
1009	1049	89	0	1.26743899	4.55737725
1009	1049	89	1	0.35195416	2.04848903
1009	1049	89	2	1.39466046	15.22314530
1009	1049	89	3	0.02975195	0.24006336
1009	1049	89	4	3.97250113	14.66554738
1009	1049	89	5	0.37663967	2.62502111
1009	1049	89	6	1.06660024	9.09840579
1009	1049	89	7	0.00727650	0.04556910
1009	1049	89	8	0.02012616	0.20087455
1009	1049	89	9	0.32827359	1.15126509
1009	1049	89	10	0.42092493	1.43351418
1009	1049	89	11	0.00272421	0.01801941
1009	1049	89	12	1.19382535	10.06376985
1009	1049	89	13	1.21824816	7.16952108
1009	1049	89	14	1.24991035	14.78863518
1009	1049	89	15	0.43889221	1.59966063
1009	1049	89	16	0.99198067	6.06885002
1009	1049	89	17	0.51855755	2.06851963
1009	1049	89	18	0.15373432	0.54577061
1009	1049	89	19	0.97061013	17.45531645
1009	1049	90	0	1.26743458	4.55735205
1009	1049	90	1	0.35195181	2.04846135
1009	1049	90	2	1.39467792	15.22225432
1009	1049	90	3	0.02975626	0.24017666
1009	1049	90	4	3.97249080	14.66557837
1009	1049	90	5	0.37664449	2.62508944
1009	1049	90	6	1.06659688	9.09841760
1009	1049	90	7	0.00728668	0.04566125
1009	1049	90	8	0.02014919	0.20081467
1009	1049	90	9	0.32826460	1.15122238
1009	1049	90	10	0.42092894	1.43353455
1009	1049	90	11	0.00272775	0.01805333
1009	1049	90	12	1.19382140	10.06376379
1009	1049	90	13	1.21824379	7.16946035
1009	1049	90	14	1.24990281	14.79044523
1009	1049	90	15	0.43889718	1.59968849
1009	1049	90	16	0.99197957	6.06883630
1009	1049	90	17	0.51856403	2.06855910
1009	1049	90	18	0.15373659	0.54578275
1009	1049	90	19	0.97060734	17.46575713
1009	1049	91	0	1.26743064	4.55732944
1009	1049	91	1	0.35194971	2.04843608
1009	1049	91	2	1.39469404	15.22146248
1009	1049	91	3	0.02976011	0.24028029
1009	1049	91	4	3.97247871	14.66559064
1009	1049	91	5	0.37664883	2.62515280
1009	1049	91	6	1.06659379	9.09842466
1009	1049	91	7	0.00729608	0.04574906
1009	1049	91	8	0.02017033	0.20078383
1009	1049	91	9	0.32825636	1.15118286
1009	1049	91	10	0.42093255	1.43355295
1009	1049	91	11	0.00273100	0.01808572
1009	1049	91	12	1.19381777	10.06375450
1009	1049	91	13	1.21823990	7.16940557
1009	1049	91	14	1.24989591	14.79209498
1009	1049	91	15	0.43890166	1.59971368
1009	1049	91	16	0.99197858	6.06882373
1009	1049	91	17	0.51856991	2.06859516
1009	1049	91	18	0.15373863	0.54579373
1009	1049	91	19	0.97060482	17.47562069
1009	1049	92	0	1.26742713	4.55730918
1009	1049	92	1	0.35194781	2.04841305
1009	1049	92	2	1.39470891	15.22075935
1009	1049	92	3	0.02976354	0.24037497
1009	1049	92	4	3.97246531	14.66558749
1009	1049	92	5	0.37665273	2.62521141
1009	1049	92	6	1.06659094	9.09842781
1009	1049	92	7	0.00730474	0.04583242
1009	1049	92	8	0.02018971	0.20077723
1009	1049	92	9	0.32824881	1.15114637
1009	1049	92	10	0.42093578	1.43356955
1009	1049	92	11	0.00273399	0.01811653
1009	1049	92	12	1.19381444	10.06374268
1009	1049	92	13	1.21823644	7.16935620
1009	1049	92	14	1.24988961	14.79359859
1009	1049	92	15	0.43890568	1.59973643
1009	1049	92	16	0.99197769	6.06881222
1009	1049	92	17	0.51857523	2.06862805
1009	1049	92	18	0.15374046	0.54580366
1009	1049	92	19	0.97060256	17.48493918
1009	1049	93	0	1.26742400	4.55729104
1009	1049	93	1	0.35194611	2.04839207
1009	1049	93	2	1.39472258	15.22013554
1009	1049	93	3	0.02976658	0.24046139
1009	1049	93	4	3.97245097	14.66557180
1009	1049	93	5	0.37665624	2.62526551
1009	1049	93	6	1.06658833	9.09842774
1009	1049	93	7	0.00731270	0.04591129
1009	1049	93	8	0.02020746	0.20079068
1009	1049	93	9	0.32824191	1.15111274
1009	1049	93	10	0.42093869	1.43358451
1009	1049	93	11	0.00273674	0.01814573
1009	1049	93	12	1.19381139	10.06372894
1009	1049	93	13	1.21823335	7.16931176
1009	1049	93	14	1.24988387	14.79496900
1009	1049	93	15	0.43890929	1.59975696
1009	1049	93	16	0.99197690	6.06880170
1009	1049	93	17	0.51858004	2.06865802
1009	1049	93	18	0.15374211	0.54581263
1009	1049	93	19	0.97060052	17.49374281
1009	1049	94	0	1.26742121	4.55727482
1009	1049	94	1	0.35194458	2.04837300
1009	1049	94	2	1.39473515	15.21958260
1009	1049	94	3	0.02976929	0.24054018
1009	1049	94	4	3.97243603	14.66554602
1009	1049	94	5	0.37665939	2.62531536
1009	1049	94	6	1.06658593	9.09842506
1009	1049	94	7	0.00732002	0.04598569
1009	1049	94	8	0.02022370	0.20082053
1009	1049	94	9	0.32823561	1.15108180
1009	1049	94	10	0.42094129	1.43359799
1009	1049	94	11	0.00273926	0.01817331
1009	1049	94	12	1.19380860	10.06371378
1009	1049	94	13	1.21823062	7.16927179
1009	1049	94	14	1.24987863	14.79621802
1009	1049	94	15	0.43891253	1.59977547
1009	1049	94	16	0.99197618	6.06879211
1009	1049	94	17	0.51858439	2.06868529
1009	1049	94	18	0.15374359	0.54582072
1009	1049	94	19	0.97059870	17.50206015
1009	1049	95	0	1.26741873	4.55726032
1009	1049	95	1	0.35194321	2.04835568
1009	1049	95	2	1.39474667	15.21909291
1009	1049	95	3	0.02977169	0.24061196
1009	1049	95	4	3.97242073	14.66551228
1009	1049	95	5	0.37666221	2.62536121
1009	1049	95	6	1.06658374	9.09842030
1009	1049	95	7	0.00732673	0.04605569
1009	1049	95	8	0.02023854	0.20086362
1009	1049	95	9	0.32822986	1.15105338
1009	1049	95	10	0.42094362	1.43361011
1009	1049	95	11	0.00274156	0.01819930
1009	1049	95	12	1.19380605	10.06369763
1009	1049	95	13	1.21822818	7.16923588
1009	1049	95	14	1.24987387	14.79735638
1009	1049	95	15	0.43891543	1.59979214
1009	1049	95	16	0.99197554	6.06878337
1009	1049	95	17	0.51858832	2.06871008
1009	1049	95	18	0.15374492	0.54582801
1009	1049	95	19	0.97059706	17.50991815
1009	1049	96	0	1.26741652	4.55724737
1009	1049	96	1	0.35194199	2.04833997
1009	1049	96	2	1.39475722	15.21865963
1009	1049	96	3	0.02977382	0.24067727
1009	1049	96	4	3.97240531	14.66547239
1009	1049	96	5	0.37666474	2.62540330
1009	1049	96	6	1.06658173	9.09841390
1009	1049	96	7	0.00733289	0.04612136
1009	1049	96	8	0.02025208	0.20091721
1009	1049	96	9	0.32822463	1.15102732
1009	1049	96	10	0.42094571	1.43362101
1009	1049	96	11	0.00274367	0.01822371
1009	1049	96	12	1.19380372	10.06368084
1009	1049	96	13	1.21822603	7.16920364
1009	1049	96	14	1.24986955	14.79839391
1009	1049	96	15	0.43891803	1.59980714
1009	1049	96	16	0.99197497	6.06877541
1009	1049	96	17	0.51859186	2.06873258
1009	1049	96	18	0.15374611	0.54583458
1009	1049	96	19	0.97059560	17.51734227
1009	1049	97	0	1.26741456	4.55723581
1009	1049	97	1	0.35194089	2.04832573
1009	1049	97	2	1.39476687	15.21827662
1009	1049	97	3	0.02977571	0.24073665
1009	1049	97	4	3.97238994	14.66542787
1009	1049	97	5	0.37666701	2.62544189
1009	1049	97	6	1.06657989	9.09840625
1009	1049	97	7	0.00733852	0.04618283
1009	1049	97	8	0.02026443	0.20097896
1009	1049	97	9	0.32821987	1.15100346
1009	1049	97	10	0.42094758	1.43363079
1009	1049	97	11	0.00274560	0.01824658
1009	1049	97	12	1.19380159	10.06366371
1009	1049	97	13	1.21822411	7.16917471
1009	1049	97	14	1.24986562	14.79933956
1009	1049	97	15	0.43892035	1.59982062
1009	1049	97	16	0.99197445	6.06876819
1009	1049	97	17	0.51859505	2.06875298
1009	1049	97	18	0.15374718	0.54584049
1009	1049	97	19	0.97059428	17.52435654
1009	1049	98	0	1.26741282	4.55722552
1009	1049	98	1	0.35193991	2.04831283
1009	1049	98	2	1.39477568	15.21793837
1009	1049	98	3	0.02977738	0.24079059
1009	1049	98	4	3.97237477	14.66538005
1009	1049	98	5	0.37666904	2.62547720
1009	1049	98	6	1.06657821	9.09839765
1009	1049	98	7	0.00734368	0.04624025
1009	1049	98	8	0.02027568	0.20104686
1009	1049	98	9	0.32821555	1.15098165
1009	1049	98	10	0.42094925	1.43363957
1009	1049	98	11	0.00274735	0.01826797
1009	1049	98	12	1.19379966	10.06364649
1009	1049	98	13	1.21822242	7.16914879
1009	1049	98	14	1.24986206	14.80020147
1009	1049	98	15	0.43892243	1.59983272
1009	1049	98	16	0.99197399	6.06876163
1009	1049	98	17	0.51859793	2.06877146
1009	1049	98	18	0.15374814	0.54584580
1009	1049	98	19	0.97059311	17.53098366
1009	1049	99	0	1.26741128	4.55721634
1009	1049	99	1	0.35193903	2.04830118
1009	1049	99	2	1.39478371	15.21763994
1009	1049	99	3	0.02977886	0.24083955
1009	1049	99	4	3.97235991	14.66533000
1009	1049	99	5	0.37667085	2.62550948
1009	1049	99	6	1.06657668	9.09838839
1009	1049	99	7	0.00734838	0.04629376
1009	1049	99	8	0.02028592	0.20111918
1009	1049	99	9	0.32821163	1.15096173
1009	1049	99	10	0.42095073	1.43364744
1009	1049	99	11	0.00274896	0.01828792
1009	1049	99	12	1.19379789	10.06362937
1009	1049	99	13	1.21822092	7.16912559
1009	1049	99	14	1.24985884	14.80098708
1009	1049	99	15	0.43892428	1.59984359
1009	1049	99	16	0.99197358	6.06875568
1009	1049	99	17	0.51860051	2.06878818
1009	1049	99	18	0.15374899	0.54585057
1009	1049	99	19	0.97059206	17.53724506
1009	1049	100	0	1.26740992	4.55720818
1009	1049	100	1	0.35193825	2.04829065
1009	1049	100	2	1.39479103	15.21737691
1009	1049	100	3	0.02978017	0.24088393
1009	1049	100	4	3.97234547	14.66527866
1009	1049	100	5	0.37667246	2.62553893
1009	1049	100	6	1.06657529	9.09837868
1009	1049	100	7	0.00735268	0.04634355
1009	1049	100	8	0.02029522	0.20119448
1009	1049	100	9	0.32820807	1.15094358
1009	1049	100	10	0.42095206	1.43365448
1009	1049	100	11	0.00275042	0.01830649
1009	1049	100	12	1.19379629	10.06361252
1009	1049	100	13	1.21821960	7.16910482
1009	1049	100	14	1.24985593	14.80170317
1009	1049	100	15	0.43892594	1.59985332
1009	1049	100	16	0.99197322	6.06875030
1009	1049	100	17	0.51860283	2.06880329
1009	1049	100	18	0.15374975	0.54585485
1009	1049	100	19	0.97059112	17.54316100
1009	1049	101	0	1.26740871	4.55720092
1009	1049	101	1	0.35193755	2.04828114
1009	1049	101	2	1.39479768	15.21714530
1009	1049	101	3	0.02978132	0.24092415
1009	1049	101	4	3.97233151	14.66522678
1009	1049	101	5	0.37667391	2.62556578
1009	1049	101	6	1.06657402	9.09836871
1009	1049	101	7	0.00735659	0.04638978
1009	1049	101	8	0.02030368	0.20127151
1009	1049	101	9	0.32820485	1.15092704
1009	1049	101	10	0.42095324	1.43366079
1009	1049	101	11	0.00275175	0.01832376
1009	1049	101	12	1.19379483	10.06359607
1009	1049	101	13	1.21821843	7.16908626
1009	1049	101	14	1.24985330	14.80235590
1009	1049	101	15	0.43892741	1.59986205
1009	1049	101	16	0.99197289	6.06874543
1009	1049	101	17	0.51860492	2.06881694
1009	1049	101	18	0.15375043	0.54585869
1009	1049	101	19	0.97059029	17.54875058
1009	1049	102	0	1.26740764	4.55719447
1009	1049	102	1	0.35193693	2.04827257
1009	1049	102	2	1.39480373	15.21694158
1009	1049	102	3	0.02978234	0.24096055
1009	1049	102	4	3.97231808	14.66517499
1009	1049	102	5	0.37667519	2.62559022
1009	1049	102	6	1.06657286	9.09835865
1009	1049	102	7	0.00736016	0.04643264
1009	1049	102	8	0.02031135	0.20134926
1009	1049	102	9	0.32820194	1.15091200
1009	1049	102	10	0.42095430	1.43366642
1009	1049	102	11	0.00275295	0.01833977
1009	1049	102	12	1.19379351	10.06358011
1009	1049	102	13	1.21821740	7.16906969
1009	1049	102	14	1.24985092	14.80295092
1009	1049	102	15	0.43892873	1.59986985
1009	1049	102	16	0.99197260	6.06874104
1009	1049	102	17	0.51860679	2.06882925
1009	1049	102	18	0.15375104	0.54586212
1009	1049	102	19	0.97058954	17.55403185
1009	1049	103	0	1.26740670	4.55718875
1009	1049	103	1	0.35193638	2.04826486
1009	1049	103	2	1.39480922	15.21676258
1009	1049	103	3	0.02978324	0.24099348
1009	1049	103	4	3.97230523	14.66512381
1009	1049	103	5	0.37667634	2.62561244
1009	1049	103	6	1.06657182	9.09834860
1009	1049	103	7	0.00736340	0.04647230
1009	1049	103	8	0.02031831	0.20142686
1009	1049	103	9	0.32819931	1.15089834
1009	1049	103	10	0.42095523	1.43367146
1009	1049	103	11	0.00275405	0.01835460
1009	1049	103	12	1.19379231	10.06356472
1009	1049	103	13	1.21821649	7.16905490
1009	1049	103	14	1.24984878	14.80349334
1009	1049	103	15	0.43892990	1.59987683
1009	1049	103	16	0.99197235	6.06873707
1009	1049	103	17	0.51860846	2.06884035
1009	1049	103	18	0.15375158	0.54586520
1009	1049	103	19	0.97058888	17.55902188
1009	1049	104	0	1.26740587	4.55718368
1009	1049	104	1	0.35193588	2.04825791
1009	1049	104	2	1.39481419	15.21660548
1009	1049	104	3	0.02978403	0.24102324
1009	1049	104	4	3.97229297	14.66507363
1009	1049	104	5	0.37667736	2.62563261
1009	1049	104	6	1.06657086	9.09833869
1009	1049	104	7	0.00736635	0.04650896
1009	1049	104	8	0.02032461	0.20150363
1009	1049	104	9	0.32819693	1.15088594
1009	1049	104	10	0.42095607	1.43367595
1009	1049	104	11	0.00275505	0.01836831
1009	1049	104	12	1.19379122	10.06354995
1009	1049	104	13	1.21821569	7.16904172
1009	1049	104	14	1.24984684	14.80398785
1009	1049	104	15	0.43893094	1.59988306
1009	1049	104	16	0.99197212	6.06873349
1009	1049	104	17	0.51860996	2.06885034
1009	1049	104	18	0.15375206	0.54586795
1009	1049	104	19	0.97058829	17.56373675
1009	1049	105	0	1.26740513	4.55717918
1009	1049	105	1	0.35193545	2.04825167
1009	1049	105	2	1.39481870	15.21646776
1009	1049	105	3	0.02978472	0.24105011
1009	1049	105	4	3.97228133	14.66502479
1009	1049	105	5	0.37667826	2.62565091
1009	1049	105	6	1.06657000	9.09832899
1009	1049	105	7	0.00736903	0.04654278
1009	1049	105	8	0.02033031	0.20157898
1009	1049	105	9	0.32819479	1.15087470
1009	1049	105	10	0.42095680	1.43367996
1009	1049	105	11	0.00275595	0.01838097
1009	1049	105	12	1.19379023	10.06353585
1009	1049	105	13	1.21821498	7.16902997
1009	1049	105	14	1.24984511	14.80443868
1009	1049	105	15	0.43893186	1.59988862
1009	1049	105	16	0.99197191	6.06873026
1009	1049	105	17	0.51861130	2.06885932
1009	1049	105	18	0.15375249	0.54587040
1009	1049	105	19	0.97058777	17.56819168
1009	1049	106	0	1.26740449	4.55717520
1009	1049	106	1	0.35193506	2.04824606
1009	1049	106	2	1.39482277	15.21634717
1009	1049	106	3	0.02978533	0.24107436
1009	1049	106	4	3.97227031	14.66497754
1009	1049	106	5	0.37667907	2.62566750
1009	1049	106	6	1.06656922	9.09831956
1009	1049	106	7	0.00737146	0.04657395
1009	1049	106	8	0.02033547	0.20165246
1009	1049	106	9	0.32819286	1.15086453
1009	1049	106	10	0.42095746	1.43368352
1009	1049	106	11	0.00275677	0.01839265
1009	1049	106	12	1.19378934	10.06352244
1009	1049	106	13	1.21821437	7.16901952
1009	1049	106	14	1.24984354	14.80484973
1009	1049	106	15	0.43893268	1.59989359
1009	1049	106	16	0.99197173	6.06872736
1009	1049	106	17	0.51861250	2.06886740
1009	1049	106	18	0.15375287	0.54587259
1009	1049	106	19	0.97058730	17.57240103
1009	1049	107	0	1.26740392	4.55717168
1009	1049	107	1	0.35193471	2.04824102
1009	1049	107	2	1.39482646	15.21624171
1009	1049	107	3	0.02978587	0.24109623
1009	1049	107	4	3.97225990	14.66493207
1009	1049	107	5	0.37667978	2.62568250
1009	1049	107	6	1.06656851	9.09831046
1009	1049	107	7	0.00737366	0.04660264
1009	1049	107	8	0.02034014	0.20172372
1009	1049	107	9	0.32819113	1.15085533
1009	1049	107	10	0.42095804	1.43368670
1009	1049	107	11	0.00275751	0.01840340
1009	1049	107	12	1.19378854	10.06350972
1009	1049	107	13	1.21821382	7.16901022
1009	1049	107	14	1.24984214	14.80522453
1009	1049	107	15	0.43893341	1.59989801
1009	1049	107	16	0.99197157	6.06872476
1009	1049	107	17	0.51861357	2.06887464
1009	1049	107	18	0.15375320	0.54587455
1009	1049	107	19	0.97058689	17.57637837
1009	1049	108	0	1.26740342	4.55716857
1009	1049	108	1	0.35193441	2.04823651
1009	1049	108	2	1.39482978	15.21614959
1009	1049	108	3	0.02978634	0.24111593
1009	1049	108	4	3.97225010	14.66488850
1009	1049	108	5	0.37668041	2.62569607
1009	1049	108	6	1.06656787	9.09830171
1009	1049	108	7	0.00737565	0.04662900
1009	1049	108	8	0.02034435	0.20179248
1009	1049	108	9	0.32818957	1.15084701
1009	1049	108	10	0.42095856	1.43368953
1009	1049	108	11	0.00275818	0.01841328
1009	1049	108	12	1.19378781	10.06349771
1009	1049	108	13	1.21821335	7.16900196
1009	1049	108	14	1.24984088	14.80556629
1009	1049	108	15	0.43893405	1.59990194
1009	1049	108	16	0.99197143	6.06872242
1009	1049	108	17	0.51861453	2.06888115
1009	1049	108	18	0.15375350	0.54587629
1009	1049	108	19	0.97058652	17.58013652
1009	1049	109	0	1.26740298	4.55716583
1009	1049	109	1	0.35193414	2.04823247
1009	1049	109	2	1.39483278	15.21606925
1009	1049	109	3	0.02978675	0.24113367
1009	1049	109	4	3.97224090	14.66484694
1009	1049	109	5	0.37668097	2.62570833
1009	1049	109	6	1.06656729	9.09829335
1009	1049	109	7	0.00737746	0.04665321
1009	1049	109	8	0.02034814	0.20185855
1009	1049	109	9	0.32818816	1.15083951
1009	1049	109	10	0.42095901	1.43369204
1009	1049	109	11	0.00275878	0.01842236
1009	1049	109	12	1.19378715	10.06348640
1009	1049	109	13	1.21821293	7.16899463
1009	1049	109	14	1.24983975	14.80587794
1009	1049	109	15	0.43893462	1.59990544
1009	1049	109	16	0.99197130	6.06872032
1009	1049	109	17	0.51861538	2.06888698
1009	1049	109	18	0.15375377	0.54587784
1009	1049	109	19	0.97058620	17.58368757
1009	1049	110	0	1.26740260	4.55716341
1009	1049	110	1	0.35193390	2.04822885
1009	1049	110	2	1.39483548	15.21599927
1009	1049	110	3	0.02978710	0.24114962
1009	1049	110	4	3.97223228	14.66480744
1009	1049	110	5	0.37668147	2.62571938
1009	1049	110	6	1.06656677	9.09828539
1009	1049	110	7	0.00737909	0.04667540
1009	1049	110	8	0.02035157	0.20192177
1009	1049	110	9	0.32818690	1.15083274
1009	1049	110	10	0.42095941	1.43369426
1009	1049	110	11	0.00275933	0.01843069
1009	1049	110	12	1.19378656	10.06347577
1009	1049	110	13	1.21821257	7.16898813
1009	1049	110	14	1.24983874	14.80616217
1009	1049	110	15	0.43893513	1.59990855
1009	1049	110	16	0.99197119	6.06871843
1009	1049	110	17	0.51861614	2.06889220
1009	1049	110	18	0.15375400	0.54587921
1009	1049	110	19	0.97058591	17.58704296
1009	1049	111	0	1.26740226	4.55716128
1009	1049	111	1	0.35193369	2.04822561
1009	1049	111	2	1.39483791	15.21593840
1009	1049	111	3	0.02978742	0.24116397
1009	1049	111	4	3.97222421	14.66477001
1009	1049	111	5	0.37668191	2.62572935
1009	1049	111	6	1.06656629	9.09827784
1009	1049	111	7	0.00738057	0.04669573
1009	1049	111	8	0.02035466	0.20198206
1009	1049	111	9	0.32818577	1.15082664
1009	1049	111	10	0.42095977	1.43369624
1009	1049	111	11	0.00275982	0.01843832
1009	1049	111	12	1.19378603	10.06346581
1009	1049	111	13	1.21821225	7.16898237
1009	1049	111	14	1.24983783	14.80642139
1009	1049	111	15	0.43893557	1.59991131
1009	1049	111	16	0.99197109	6.06871675
1009	1049	111	17	0.51861682	2.06889687
1009	1049	111	18	0.15375421	0.54588044
1009	1049	111	19	0.97058566	17.59021350
1009	1049	112	0	1.26740196	4.55715941
1009	1049	112	1	0.35193350	2.04822272
1009	1049	112	2	1.39484010	15.21588555
1009	1049	112	3	0.02978769	0.24117686
1009	1049	112	4	3.97221669	14.66473465
1009	1049	112	5	0.37668230	2.62573833
1009	1049	112	6	1.06656587	9.09827070
1009	1049	112	7	0.00738190	0.04671432
1009	1049	112	8	0.02035743	0.20203938
1009	1049	112	9	0.32818476	1.15082115
1009	1049	112	10	0.42096008	1.43369799
1009	1049	112	11	0.00276027	0.01844530
1009	1049	112	12	1.19378555	10.06345649
1009	1049	112	13	1.21821197	7.16897727
1009	1049	112	14	1.24983702	14.80665783
1009	1049	112	15	0.43893597	1.59991376
1009	1049	112	16	0.99197101	6.06871524
1009	1049	112	17	0.51861742	2.06890104
1009	1049	112	18	0.15375439	0.54588153
1009	1049	112	19	0.97058543	17.59320938
1009	1049	113	0	1.26740171	4.55715776
1009	1049	113	1	0.35193333	2.04822014
1009	1049	113	2	1.39484206	15.21583973
1009	1049	113	3	0.02978793	0.24118843
1009	1049	113	4	3.97220968	14.66470135
1009	1049	113	5	0.37668264	2.62574641
1009	1049	113	6	1.06656548	9.09826397
1009	1049	113	7	0.00738310	0.04673132
1009	1049	113	8	0.02035993	0.20209372
1009	1049	113	9	0.32818386	1.15081622
1009	1049	113	10	0.42096036	1.43369954
1009	1049	113	11	0.00276067	0.01845169
1009	1049	113	12	1.19378511	10.06344781
1009	1049	113	13	1.21821173	7.16897276
1009	1049	113	14	1.24983629	14.80687351
1009	1049	113	15	0.43893631	1.59991593
1009	1049	113	16	0.99197093	6.06871389
1009	1049	113	17	0.51861795	2.06890477
1009	1049	113	18	0.15375455	0.54588249
1009	1049	113	19	0.97058523	17.59604024
1009	1049	114	0	1.26740148	4.55715631
1009	1049	114	1	0.35193319	2.04821784
1009	1049	114	2	1.39484383	15.21580007
1009	1049	114	3	0.02978813	0.24119881
1009	1049	114	4	3.97220316	14.66467006
1009	1049	114	5	0.37668294	2.62575367
1009	1049	114	6	1.06656514	9.09825765
1009	1049	114	7	0.00738418	0.04674684
1009	1049	114	8	0.02036218	0.20214510
1009	1049	114	9	0.32818305	1.15081179
1009	1049	114	10	0.42096060	1.43370091
1009	1049	114	11	0.00276103	0.01845752
1009	1049	114	12	1.19378472	10.06343971
1009	1049	114	13	1.21821152	7.16896878
1009	1049	114	14	1.24983565	14.80707026
1009	1049	114	15	0.43893662	1.59991785
1009	1049	114	16	0.99197086	6.06871268
1009	1049	114	17	0.51861842	2.06890810
1009	1049	114	18	0.15375470	0.54588334
1009	1049	114	19	0.97058506	17.59871519
1009	1049	115	0	1.26740129	4.55715504
1009	1049	115	1	0.35193306	2.04821578
1009	1049	115	2	1.39484541	15.21576581
1009	1049	115	3	0.02978831	0.24120811
1009	1049	115	4	3.97219711	14.66464073
1009	1049	115	5	0.37668321	2.62576019
1009	1049	115	6	1.06656483	9.09825172
1009	1049	115	7	0.00738516	0.04676100
1009	1049	115	8	0.02036420	0.20219356
1009	1049	115	9	0.32818232	1.15080781
1009	1049	115	10	0.42096082	1.43370212
1009	1049	115	11	0.00276135	0.01846284
1009	1049	115	12	1.19378437	10.06343219
1009	1049	115	13	1.21821134	7.16896526
1009	1049	115	14	1.24983507	14.80724975
1009	1049	115	15	0.43893689	1.59991955
1009	1049	115	16	0.99197080	6.06871161
1009	1049	115	17	0.51861884	2.06891106
1009	1049	115	18	0.15375482	0.54588410
1009	1049	115	19	0.97058490	17.60124281
1009	1049	116	0	1.26740112	4.55715393
1009	1049	116	1	0.35193295	2.04821396
1009	1049	116	2	1.39484682	15.21573628
1009	1049	116	3	0.02978847	0.24121644
1009	1049	116	4	3.97219151	14.66461329
1009	1049	116	5	0.37668344	2.62576604
1009	1049	116	6	1.06656455	9.09824618
1009	1049	116	7	0.00738604	0.04677390
1009	1049	116	8	0.02036601	0.20223916
1009	1049	116	9	0.32818168	1.15080424
1009	1049	116	10	0.42096100	1.43370319
1009	1049	116	11	0.00276164	0.01846770
1009	1049	116	12	1.19378406	10.06342522
1009	1049	116	13	1.21821118	7.16896215
1009	1049	116	14	1.24983456	14.80741352
1009	1049	116	15	0.43893712	1.59992105
1009	1049	116	16	0.99197075	6.06871065
1009	1049	116	17	0.51861921	2.06891370
1009	1049	116	18	0.15375493	0.54588477
1009	1049	116	19	0.97058477	17.60363125
1009	1049	117	0	1.26740097	4.55715296
1009	1049	117	1	0.35193285	2.04821233
1009	1049	117	2	1.39484809	15.21571087
1009	1049	117	3	0.02978860	0.24122391
1009	1049	117	4	3.97218631	14.66458768
1009	1049	117	5	0.37668365	2.62577128
1009	1049	117	6	1.06656430	9.09824100
1009	1049	117	7	0.00738683	0.04678564
1009	1049	117	8	0.02036763	0.20228200
1009	1049	117	9	0.32818110	1.15080104
1009	1049	117	10	0.42096117	1.43370414
1009	1049	117	11	0.00276190	0.01847211
1009	1049	117	12	1.19378378	10.06341875
1009	1049	117	13	1.21821104	7.16895942
1009	1049	117	14	1.24983410	14.80756296
1009	1049	117	15	0.43893733	1.59992238
1009	1049	117	16	0.99197071	6.06870979
1009	1049	117	17	0.51861954	2.06891606
1009	1049	117	18	0.15375503	0.54588536
1009	1049	117	19	0.97058465	17.60588817
1009	1049	118	0	1.26740084	4.55715211
1009	1049	118	1	0.35193276	2.04821089
1009	1049	118	2	1.39484923	15.21568906
1009	1049	118	3	0.02978872	0.24123058
1009	1049	118	4	3.97218152	14.66456381
1009	1049	118	5	0.37668383	2.62577598
1009	1049	118	6	1.06656407	9.09823618
1009	1049	118	7	0.00738754	0.04679632
1009	1049	118	8	0.02036909	0.20232215
1009	1049	118	9	0.32818058	1.15079818
1009	1049	118	10	0.42096131	1.43370497
1009	1049	118	11	0.00276214	0.01847614
1009	1049	118	12	1.19378353	10.06341277
1009	1049	118	13	1.21821093	7.16895702
1009	1049	118	14	1.24983369	14.80769932
1009	1049	118	15	0.43893751	1.59992355
1009	1049	118	16	0.99197067	6.06870903
1009	1049	118	17	0.51861983	2.06891815
1009	1049	118	18	0.15375512	0.54588588
1009	1049	118	19	0.97058455	17.60802083
1009	1049	119	0	1.26740073	4.55715137
1009	1049	119	1	0.35193269	2.04820960
1009	1049	119	2	1.39485024	15.21567038
1009	1049	119	3	0.02978882	0.24123655
1009	1049	119	4	3.97217709	14.66454161
1009	1049	119	5	0.37668398	2.62578019
1009	1049	119	6	1.06656387	9.09823170
1009	1049	119	7	0.00738818	0.04680603
1009	1049	119	8	0.02037039	0.20235973
1009	1049	119	9	0.32818013	1.15079562
1009	1049	119	10	0.42096144	1.43370570
1009	1049	119	11	0.00276235	0.01847979
1009	1049	119	12	1.19378330	10.06340725
1009	1049	119	13	1.21821082	7.16895490
1009	1049	119	14	1.24983333	14.80782377
1009	1049	119	15	0.43893767	1.59992458
1009	1049	119	16	0.99197063	6.06870836
1009	1049	119	17	0.51862009	2.06892001
1009	1049	119	18	0.15375519	0.54588634
1009	1049	119	19	0.97058446	17.61003607
1009	1049	120	0	1.26740063	4.55715072
1009	1049	120	1	0.35193262	2.04820846
1009	1049	120	2	1.39485115	15.21565443
1009	1049	120	3	0.02978890	0.24124187
1009	1049	120	4	3.97217300	14.66452100
1009	1049	120	5	0.37668412	2.62578394
1009	1049	120	6	1.06656369	9.09822755
1009	1049	120	7	0.00738875	0.04681485
1009	1049	120	8	0.02037156	0.20239483
1009	1049	120	9	0.32817972	1.15079333
1009	1049	120	10	0.42096155	1.43370634
1009	1049	120	11	0.00276254	0.01848311
1009	1049	120	12	1.19378310	10.06340216
1009	1049	120	13	1.21821074	7.16895304
1009	1049	120	14	1.24983301	14.80793735
1009	1049	120	15	0.43893781	1.59992549
1009	1049	120	16	0.99197060	6.06870776
1009	1049	120	17	0.51862032	2.06892166
1009	1049	120	18	0.15375526	0.54588675
1009	1049	120	19	0.97058438	17.61194036
1009	1049	121	0	1.26740055	4.55715016
1009	1049	121	1	0.35193256	2.04820745
1009	1049	121	2	1.39485196	15.21564085
1009	1049	121	3	0.02978898	0.24124663
1009	1049	121	4	3.97216924	14.66450188
1009	1049	121	5	0.37668424	2.62578730
1009	1049	121	6	1.06656352	9.09822370
1009	1049	121	7	0.00738926	0.04682284
1009	1049	121	8	0.02037260	0.20242758
1009	1049	121	9	0.32817936	1.15079129
1009	1049	121	10	0.42096165	1.43370691
1009	1049	121	11	0.00276271	0.01848612
1009	1049	121	12	1.19378292	10.06339747
1009	1049	121	13	1.21821066	7.16895142
1009	1049	121	14	1.24983272	14.80804103
1009	1049	121	15	0.43893793	1.59992628
1009	1049	121	16	0.99197057	6.06870722
1009	1049	121	17	0.51862052	2.06892312
1009	1049	121	18	0.15375531	0.54588711
1009	1049	121	19	0.97058431	17.61373982
1009	1049	122	0	1.26740048	4.55714967
1009	1049	122	1	0.35193251	2.04820656
1009	1049	122	2	1.39485268	15.21562932
1009	1049	122	3	0.02978904	0.24125088
1009	1049	122	4	3.97216578	14.66448418
1009	1049	122	5	0.37668435	2.62579030
1009	1049	122	6	1.06656338	9.09822014
1009	1049	122	7	0.00738972	0.04683009
1009	1049	122	8	0.02037354	0.20245807
1009	1049	122	9	0.32817903	1.15078946
1009	1049	122	10	0.42096173	1.43370740
1009	1049	122	11	0.00276286	0.01848886
1009	1049	122	12	1.19378275	10.06339315
1009	1049	122	13	1.21821060	7.16894999
1009	1049	122	14	1.24983247	14.80813567
1009	1049	122	15	0.43893804	1.59992699
1009	1049	122	16	0.99197055	6.06870675
1009	1049	122	17	0.51862069	2.06892441
1009	1049	122	18	0.15375536	0.54588742
1009	1049	122	19	0.97058424	17.61544024
1009	1049	123	0	1.26740042	4.55714925
1009	1049	123	1	0.35193247	2.04820577
1009	1049	123	2	1.39485332	15.21561957
1009	1049	123	3	0.02978910	0.24125466
1009	1049	123	4	3.97216260	14.66446781
1009	1049	123	5	0.37668444	2.62579298
1009	1049	123	6	1.06656325	9.09821685
1009	1049	123	7	0.00739013	0.04683666
1009	1049	123	8	0.02037437	0.20248644
1009	1049	123	9	0.32817875	1.15078784
1009	1049	123	10	0.42096180	1.43370784
1009	1049	123	11	0.00276299	0.01849133
1009	1049	123	12	1.19378261	10.06338918
1009	1049	123	13	1.21821054	7.16894874
1009	1049	123	14	1.24983224	14.80822207
1009	1049	123	15	0.43893813	1.59992760
1009	1049	123	16	0.99197053	6.06870633
1009	1049	123	17	0.51862085	2.06892556
1009	1049	123	18	0.15375541	0.54588770
1009	1049	123	19	0.97058419	17.61704705
1009	1049	124	0	1.26740037	4.55714888
1009	1049	124	1	0.35193243	2.04820507
1009	1049	124	2	1.39485389	15.21561136
1009	1049	124	3	0.02978914	0.24125803
1009	1049	124	4	3.97215968	14.66445270
1009	1049	124	5	0.37668452	2.62579536
1009	1049	124	6	1.06656313	9.09821381
1009	1049	124	7	0.00739050	0.04684260
1009	1049	124	8	0.02037511	0.20251279
1009	1049	124	9	0.32817850	1.15078639
1009	1049	124	10	0.42096187	1.43370822
1009	1049	124	11	0.00276312	0.01849358
1009	1049	124	12	1.19378248	10.06338554
1009	1049	124	13	1.21821050	7.16894765
1009	1049	124	14	1.24983204	14.80830095
1009	1049	124	15	0.43893821	1.59992814
1009	1049	124	16	0.99197051	6.06870596
1009	1049	124	17	0.51862099	2.06892658
1009	1049	124	18	0.15375545	0.54588794
1009	1049	124	19	0.97058414	17.61856543
1009	1049	125	0	1.26740032	4.55714857
1009	1049	125	1	0.35193240	2.04820445
1009	1049	125	2	1.39485440	15.21560447
1009	1049	125	3	0.02978918	0.24126103
1009	1049	125	4	3.97215701	14.66443876
1009	1049	125	5	0.37668459	2.62579748
1009	1049	125	6	1.06656303	9.09821102
1009	1049	125	7	0.00739083	0.04684798
1009	1049	125	8	0.02037578	0.20253723
1009	1049	125	9	0.32817827	1.15078511
1009	1049	125	10	0.42096192	1.43370855
1009	1049	125	11	0.00276322	0.01849560
1009	1049	125	12	1.19378236	10.06338220
1009	1049	125	13	1.21821046	7.16894670
1009	1049	125	14	1.24983187	14.80837298
1009	1049	125	15	0.43893828	1.59992861
1009	1049	125	16	0.99197050	6.06870563
1009	1049	125	17	0.51862111	2.06892747
1009	1049	125	18	0.15375548	0.54588815
1009	1049	125	19	0.97058410	17.62000023
1009	1049	126	0	1.26740029	4.55714829
1009	1049	126	1	0.35193237	2.04820391
1009	1049	126	2	1.39485485	15.21559872
1009	1049	126	3	0.02978921	0.24126369
1009	1049	126	4	3.97215455	14.66442593
1009	1049	126	5	0.37668465	2.62579937
1009	1049	126	6	1.06656293	9.09820844
1009	1049	126	7	0.00739113	0.04685284
1009	1049	126	8	0.02037637	0.20255988
1009	1049	126	9	0.32817807	1.15078396
1009	1049	126	10	0.42096197	1.43370884
1009	1049	126	11	0.00276332	0.01849744
1009	1049	126	12	1.19378226	10.06337915
1009	1049	126	13	1.21821042	7.16894586
1009	1049	126	14	1.24983171	14.80843875
1009	1049	126	15	0.43893834	1.59992902
1009	1049	126	16	0.99197048	6.06870534
1009	1049	126	17	0.51862121	2.06892827
1009	1049	126	18	0.15375551	0.54588833
1009	1049	126	19	0.97058407	17.62135607
1009	1049	127	0	1.26740025	4.55714806
1009	1049	127	1	0.35193234	2.04820343
1009	1049	127	2	1.39485525	15.21559395
1009	1049	127	3	0.02978924	0.24126606
1009	1049	127	4	3.97215231	14.66441411
1009	1049	127	5	0.37668471	2.62580104
1009	1049	127	6	1.06656285	9.09820608
1009	1049	127	7	0.00739139	0.04685722
1009	1049	127	8	0.02037689	0.20258085
1009	1049	127	9	0.32817790	1.15078294
1009	1049	127	10	0.42096201	1.43370909
1009	1049	127	11	0.00276341	0.01849909
1009	1049	127	12	1.19378217	10.06337635
1009	1049	127	13	1.21821040	7.16894514
1009	1049	127	14	1.24983158	14.80849882
1009	1049	127	15	0.43893840	1.59992938
1009	1049	127	16	0.99197047	6.06870509
1009	1049	127	17	0.51862130	2.06892896
1009	1049	127	18	0.15375553	0.54588850
1009	1049	127	19	0.97058404	17.62263730
1009	1049	128	0	1.26740023	4.55714785
1009	1049	128	1	0.35193232	2.04820300
1009	1049	128	2	1.39485561	15.21559001
1009	1049	128	3	0.02978926	0.24126817
1009	1049	128	4	3.97215026	14.66440326
1009	1049	128	5	0.37668475	2.62580253
1009	1049	128	6	1.06656278	9.09820391
1009	1049	128	7	0.00739162	0.04686118
1009	1049	128	8	0.02037736	0.20260024
1009	1049	128	9	0.32817774	1.15078204
1009	1049	128	10	0.42096205	1.43370931
1009	1049	128	11	0.00276348	0.01850059
1009	1049	128	12	1.19378209	10.06337379
1009	1049	128	13	1.21821037	7.16894451
1009	1049	128	14	1.24983146	14.80855368
1009	1049	128	15	0.43893844	1.59992970
1009	1049	128	16	0.99197046	6.06870486
1009	1049	128	17	0.51862138	2.06892958
1009	1049	128	18	0.15375555	0.54588864
1009	1049	128	19	0.97058401	17.62384802
1009	1049	129	0	1.26740020	4.55714768
1009	1049	129	1	0.35193230	2.04820263
1009	1049	129	2	1.39485592	15.21558679
1009	1049	129	3	0.02978928	0.24127004
1009	1049	129	4	3.97214838	14.66439329
1009	1049	129	5	0.37668479	2.62580385
1009	1049	129	6	1.06656271	9.09820192
1009	1049	129	7	0.00739183	0.04686475
1009	1049	129	8	0.02037778	0.20261814
1009	1049	129	9	0.32817761	1.15078124
1009	1049	129	10	0.42096208	1.43370951
1009	1049	129	11	0.00276355	0.01850194
1009	1049	129	12	1.19378202	10.06337146
1009	1049	129	13	1.21821035	7.16894397
1009	1049	129	14	1.24983135	14.80860379
1009	1049	129	15	0.43893848	1.59992997
1009	1049	129	16	0.99197045	6.06870466
1009	1049	129	17	0.51862145	2.06893012
1009	1049	129	18	0.15375557	0.54588876
1009	1049	129	19	0.97058399	17.62499211
1009	1049	130	0	1.26740018	4.55714753
1009	1049	130	1	0.35193229	2.04820230
1009	1049	130	2	1.39485620	15.21558419
1009	1049	130	3	0.02978930	0.24127170
1009	1049	130	4	3.97214667	14.66438414
1009	1049	130	5	0.37668483	2.62580502
1009	1049	130	6	1.06656265	9.09820010
1009	1049	130	7	0.00739202	0.04686797
1009	1049	130	8	0.02037815	0.20263467
1009	1049	130	9	0.32817749	1.15078053
1009	1049	130	10	0.42096210	1.43370967
1009	1049	130	11	0.00276361	0.01850315
1009	1049	130	12	1.19378195	10.06336933
1009	1049	130	13	1.21821034	7.16894350
1009	1049	130	14	1.24983126	14.80864956
1009	1049	130	15	0.43893852	1.59993021
1009	1049	130	16	0.99197045	6.06870449
1009	1049	130	17	0.51862151	2.06893060
1009	1049	130	18	0.15375559	0.54588887
1009	1049	130	19	0.97058397	17.62607325
1009	1049	131	0	1.26740017	4.55714741
1009	1049	131	1	0.35193227	2.04820202
1009	1049	131	2	1.39485645	15.21558210
1009	1049	131	3	0.02978931	0.24127316
1009	1049	131	4	3.97214511	14.66437576
1009	1049	131	5	0.37668485	2.62580606
1009	1049	131	6	1.06656260	9.09819844
1009	1049	131	7	0.00739219	0.04687086
1009	1049	131	8	0.02037848	0.20264990
1009	1049	131	9	0.32817738	1.15077991
1009	1049	131	10	0.42096213	1.43370981
1009	1049	131	11	0.00276367	0.01850425
1009	1049	131	12	1.19378189	10.06336738
1009	1049	131	13	1.21821032	7.16894309
1009	1049	131	14	1.24983117	14.80869138
1009	1049	131	15	0.43893854	1.59993041
1009	1049	131	16	0.99197044	6.06870434
1009	1049	131	17	0.51862157	2.06893102
1009	1049	131	18	0.15375560	0.54588896
1009	1049	131	19	0.97058395	17.62709490
1009	1049	132	0	1.26740015	4.55714730
1009	1049	132	1	0.35193226	2.04820177
1009	1049	132	2	1.39485666	15.21558044
1009	1049	132	3	0.02978932	0.24127446
1009	1049	132	4	3.97214368	14.66436809
1009	1049	132	5	0.37668488	2.62580698
1009	1049	132	6	1.06656255	9.09819691
1009	1049	132	7	0.00739234	0.04687347
1009	1049	132	8	0.02037877	0.20266393
1009	1049	132	9	0.32817729	1.15077935
1009	1049	132	10	0.42096215	1.43370994
1009	1049	132	11	0.00276371	0.01850523
1009	1049	132	12	1.19378184	10.06336561
1009	1049	132	13	1.21821031	7.16894274
1009	1049	132	14	1.24983110	14.80872959
1009	1049	132	15	0.43893857	1.59993059
1009	1049	132	16	0.99197043	6.06870420
1009	1049	132	17	0.51862161	2.06893138
1009	1049	132	18	0.15375562	0.54588904
1009	1049	132	19	0.97058394	17.62806033
1009	1049	133	0	1.26740014	4.55714721
1009	1049	133	1	0.35193225	2.04820155
1009	1049	133	2	1.39485686	15.21557916
1009	1049	133	3	0.02978933	0.24127561
1009	1049	133	4	3.97214239	14.66436108
1009	1049	133	5	0.37668490	2.62580779
1009	1049	133	6	1.06656251	9.09819552
1009	1049	133	7	0.00739247	0.04687581
1009	1049	133	8	0.02037903	0.20267685
1009	1049	133	9	0.32817720	1.15077886
1009	1049	133	10	0.42096216	1.43371005
1009	1049	133	11	0.00276376	0.01850612
1009	1049	133	12	1.19378180	10.06336400
1009	1049	133	13	1.21821030	7.16894243
1009	1049	133	14	1.24983104	14.80876450
1009	1049	133	15	0.43893859	1.59993075
1009	1049	133	16	0.99197043	6.06870408
1009	1049	133	17	0.51862166	2.06893170
1009	1049	133	18	0.15375563	0.54588911
1009	1049	133	19	0.97058393	17.62897264
1009	1049	134	0	1.26740013	4.55714713
1009	1049	134	1	0.35193224	2.04820135
1009	1049	134	2	1.39485703	15.21557818
1009	1049	134	3	0.02978934	0.24127663
1009	1049	134	4	3.97214121	14.66435467
1009	1049	134	5	0.37668492	2.62580851
1009	1049	134	6	1.06656248	9.09819425
1009	1049	134	7	0.00739258	0.04687792
1009	1049	134	8	0.02037926	0.20268872
1009	1049	134	9	0.32817713	1.15077843
1009	1049	134	10	0.42096218	1.43371014
1009	1049	134	11	0.00276379	0.01850692
1009	1049	134	12	1.19378176	10.06336254
1009	1049	134	13	1.21821030	7.16894217
1009	1049	134	14	1.24983098	14.80879640
1009	1049	134	15	0.43893861	1.59993088
1009	1049	134	16	0.99197043	6.06870398
1009	1049	134	17	0.51862169	2.06893198
1009	1049	134	18	0.15375563	0.54588917
1009	1049	134	19	0.97058392	17.62983476
1009	1049	135	0	1.26740013	4.55714707
1009	1049	135	1	0.35193223	2.04820118
1009	1049	135	2	1.39485718	15.21557747
1009	1049	135	3	0.02978934	0.24127753
1009	1049	135	4	3.97214014	14.66434881
1009	1049	135	5	0.37668494	2.62580914
1009	1049	135	6	1.06656244	9.09819310
1009	1049	135	7	0.00739269	0.04687981
1009	1049	135	8	0.02037946	0.20269963
1009	1049	135	9	0.32817707	1.15077805
1009	1049	135	10	0.42096219	1.43371022
1009	1049	135	11	0.00276383	0.01850763
1009	1049	135	12	1.19378172	10.06336121
1009	1049	135	13	1.21821029	7.16894195
1009	1049	135	14	1.24983093	14.80882555
1009	1049	135	15	0.43893862	1.59993099
1009	1049	135	16	0.99197042	6.06870389
1009	1049	135	17	0.51862172	2.06893223
1009	1049	135	18	0.15375564	0.54588923
1009	1049	135	19	0.97058391	17.63064944
1009	1049	136	0	1.26740012	4.55714701
1009	1049	136	1	0.35193223	2.04820104
1009	1049	136	2	1.39485731	15.21557697
1009	1049	136	3	0.02978935	0.24127832
1009	1049	136	4	3.97213916	14.66434347
1009	1049	136	5	0.37668495	2.62580970
1009	1049	136	6	1.06656242	9.09819204
1009	1049	136	7	0.00739278	0.04688150
1009	1049	136	8	0.02037964	0.20270965
1009	1049	136	9	0.32817701	1.15077771
1009	1049	136	10	0.42096220	1.43371029
1009	1049	136	11	0.00276386	0.01850827
1009	1049	136	12	1.19378169	10.06336000
1009	1049	136	13	1.21821029	7.16894176
1009	1049	136	14	1.24983089	14.80885219
1009	1049	136	15	0.43893864	1.59993109
1009	1049	136	16	0.99197042	6.06870381
1009	1049	136	17	0.51862175	2.06893244
1009	1049	136	18	0.15375565	0.54588927
1009	1049	136	19	0.97058390	17.63141930
1009	1049	137	0	1.26740012	4.55714697
1009	1049	137	1	0.35193222	2.04820091
1009	1049	137	2	1.39485742	15.21557665
1009	1049	137	3	0.02978935	0.24127902
1009	1049	137	4	3.97213827	14.66433860
1009	1049	137	5	0.37668496	2.62581019
1009	1049	137	6	1.06656239	9.09819109
1009	1049	137	7	0.00739286	0.04688302
1009	1049	137	8	0.02037980	0.20271884
1009	1049	137	9	0.32817696	1.15077742
1009	1049	137	10	0.42096221	1.43371034
1009	1049	137	11	0.00276388	0.01850885
1009	1049	137	12	1.19378166	10.06335890
1009	1049	137	13	1.21821028	7.16894159
1009	1049	137	14	1.24983086	14.80887655
1009	1049	137	15	0.43893865	1.59993118
1009	1049	137	16	0.99197042	6.06870374
1009	1049	137	17	0.51862177	2.06893263
1009	1049	137	18	0.15375565	0.54588931
1009	1049	137	19	0.97058389	17.63214680
1009	1049	138	0	1.26740011	4.55714693
1009	1049	138	1	0.35193222	2.04820080
1009	1049	138	2	1.39485752	15.21557647
1009	1049	138	3	0.02978935	0.24127964
1009	1049	138	4	3.97213747	14.66433416
1009	1049	138	5	0.37668497	2.62581062
1009	1049	138	6	1.06656237	9.09819021
1009	1049	138	7	0.00739293	0.04688438
1009	1049	138	8	0.02037994	0.20272726
1009	1049	138	9	0.32817692	1.15077716
1009	1049	138	10	0.42096222	1.43371039
1009	1049	138	11	0.00276391	0.01850937
1009	1049	138	12	1.19378164	10.06335791
1009	1049	138	13	1.21821028	7.16894146
1009	1049	138	14	1.24983082	14.80889881
1009	1049	138	15	0.43893866	1.59993125
1009	1049	138	16	0.99197041	6.06870368
1009	1049	138	17	0.51862179	2.06893279
1009	1049	138	18	0.15375566	0.54588934
1009	1049	138	19	0.97058389	17.63283428
1009	1049	139	0	1.26740011	4.55714690
1009	1049	139	1	0.35193221	2.04820070
1009	1049	139	2	1.39485761	15.21557641
1009	1049	139	3	0.02978935	0.24128018
1009	1049	139	4	3.97213674	14.66433012
1009	1049	139	5	0.37668498	2.62581100
1009	1049	139	6	1.06656235	9.09818942
1009	1049	139	7	0.00739300	0.04688560
1009	1049	139	8	0.02038006	0.20273498
1009	1049	139	9	0.32817688	1.15077693
1009	1049	139	10	0.42096222	1.43371044
1009	1049	139	11	0.00276393	0.01850983
1009	1049	139	12	1.19378162	10.06335701
1009	1049	139	13	1.21821028	7.16894134
1009	1049	139	14	1.24983079	14.80891916
1009	1049	139	15	0.43893867	1.59993131
1009	1049	139	16	0.99197041	6.06870363
1009	1049	139	17	0.51862181	2.06893294
1009	1049	139	18	0.15375566	0.54588937
1009	1049	139	19	0.97058388	17.63348394
1009	1049	140	0	1.26740011	4.55714688
1009	1049	140	1	0.35193221	2.04820062
1009	1049	140	2	1.39485769	15.21557644
1009	1049	140	3	0.02978935	0.24128066
1009	1049	140	4	3.97213608	14.66432645
1009	1049	140	5	0.37668498	2.62581133
1009	1049	140	6	1.06656233	9.09818870
1009	1049	140	7	0.00739305	0.04688670
1009	1049	140	8	0.02038017	0.20274205
1009	1049	140	9	0.32817685	1.15077673
1009	1049	140	10	0.42096223	1.43371047
1009	1049	140	11	0.00276395	0.01851024
1009	1049	140	12	1.19378160	10.06335619
1009	1049	140	13	1.21821028	7.16894124
1009	1049	140	14	1.24983077	14.80893776
1009	1049	140	15	0.43893867	1.59993137
1009	1049	140	16	0.99197041	6.06870358
1009	1049	140	17	0.51862182	2.06893306
1009	1049	140	18	0.15375567	0.54588940
1009	1049	140	19	0.97058388	17.63409786
1009	1049	141	0	1.26740011	4.55714686
1009	1049	141	1	0.35193221	2.04820055
1009	1049	141	2	1.39485776	15.21557655
1009	1049	141	3	0.02978935	0.24128107
1009	1049	141	4	3.97213548	14.66432311
1009	1049	141	5	0.37668499	2.62581162
1009	1049	141	6	1.06656232	9.09818805
1009	1049	141	7	0.00739310	0.04688767
1009	1049	141	8	0.02038027	0.20274851
1009	1049	141	9	0.32817682	1.15077655
1009	1049	141	10	0.42096223	1.43371050
1009	1049	141	11	0.00276396	0.01851061
1009	1049	141	12	1.19378158	10.06335546
1009	1049	141	13	1.21821028	7.16894116
1009	1049	141	14	1.24983075	14.80895477
1009	1049	141	15	0.43893868	1.59993141
1009	1049	141	16	0.99197041	6.06870354
1009	1049	141	17	0.51862183	2.06893316
1009	1049	141	18	0.15375567	0.54588942
1009	1049	141	19	0.97058387	17.63467800
1009	1049	142	0	1.26740011	4.55714684
1009	1049	142	1	0.35193221	2.04820048
1009	1049	142	2	1.39485782	15.21557672
1009	1049	142	3	0.02978935	0.24128144
1009	1049	142	4	3.97213494	14.66432008
1009	1049	142	5	0.37668499	2.62581188
1009	1049	142	6	1.06656230	9.09818746
1009	1049	142	7	0.00739315	0.04688854
1009	1049	142	8	0.02038035	0.20275443
1009	1049	142	9	0.32817680	1.15077640
1009	1049	142	10	0.42096223	1.43371053
1009	1049	142	11	0.00276398	0.01851094
1009	1049	142	12	1.19378157	10.06335479
1009	1049	142	13	1.21821028	7.16894109
1009	1049	142	14	1.24983073	14.80897032
1009	1049	142	15	0.43893868	1.59993145
1009	1049	142	16	0.99197041	6.06870351
1009	1049	142	17	0.51862184	2.06893326
1009	1049	142	18	0.15375567	0.54588943
1009	1049	142	19	0.97058387	17.63522623
1009	1049	143	0	1.26740010	4.55714683
1009	1049	143	1	0.35193220	2.04820043
1009	1049	143	2	1.39485787	15.21557693
1009	1049	143	3	0.02978935	0.24128176
1009	1049	143	4	3.97213445	14.66431732
1009	1049	143	5	0.37668500	2.62581210
1009	1049	143	6	1.06656229	9.09818692
1009	1049	143	7	0.00739319	0.04688932
1009	1049	143	8	0.02038043	0.20275983
1009	1049	143	9	0.32817678	1.15077627
1009	1049	143	10	0.42096224	1.43371055
1009	1049	143	11	0.00276399	0.01851124
1009	1049	143	12	1.19378155	10.06335419
1009	1049	143	13	1.21821028	7.16894103
1009	1049	143	14	1.24983072	14.80898455
1009	1049	143	15	0.43893869	1.59993148
1009	1049	143	16	0.99197041	6.06870348
1009	1049	143	17	0.51862185	2.06893334
1009	1049	143	18	0.15375567	0.54588945
1009	1049	143	19	0.97058387	17.63574430
1009	1049	144	0	1.26740010	4.55714682
1009	1049	144	1	0.35193220	2.04820038
1009	1049	144	2	1.39485792	15.21557717
1009	1049	144	3	0.02978935	0.24128205
1009	1049	144	4	3.97213401	14.66431482
1009	1049	144	5	0.37668500	2.62581229
1009	1049	144	6	1.06656228	9.09818644
1009	1049	144	7	0.00739322	0.04689002
1009	1049	144	8	0.02038049	0.20276476
1009	1049	144	9	0.32817676	1.15077615
1009	1049	144	10	0.42096224	1.43371057
1009	1049	144	11	0.00276400	0.01851150
1009	1049	144	12	1.19378154	10.06335364
1009	1049	144	13	1.21821028	7.16894098
1009	1049	144	14	1.24983070	14.80899755
1009	1049	144	15	0.43893869	1.59993151
1009	1049	144	16	0.99197041	6.06870345
1009	1049	144	17	0.51862186	2.06893340
1009	1049	144	18	0.15375567	0.54588946
1009	1049	144	19	0.97058387	17.63623387
1009	1049	145	0	1.26740010	4.55714681
1009	1049	145	1	0.35193220	2.04820034
1009	1049	145	2	1.39485795	15.21557744
1009	1049	145	3	0.02978935	0.24128229
1009	1049	145	4	3.97213361	14.66431256
1009	1049	145	5	0.37668500	2.62581246
1009	1049	145	6	1.06656227	9.09818600
1009	1049	145	7	0.00739325	0.04689064
1009	1049	145	8	0.02038055	0.20276926
1009	1049	145	9	0.32817674	1.15077605
1009	1049	145	10	0.42096224	1.43371058
1009	1049	145	11	0.00276401	0.01851174
1009	1049	145	12	1.19378153	10.06335315
1009	1049	145	13	1.21821028	7.16894094
1009	1049	145	14	1.24983069	14.80900945
1009	1049	145	15	0.43893869	1.59993153
1009	1049	145	16	0.99197041	6.06870343
1009	1049	145	17	0.51862187	2.06893346
1009	1049	145	18	0.15375567	0.54588947
1009	1049	145	19	0.97058387	17.63669651
1009	1049	146	0	1.26740010	4.55714681
1009	1049	146	1	0.35193220	2.04820031
1009	1049	146	2	1.39485799	15.21557772
1009	1049	146	3	0.02978935	0.24128251
1009	1049	146	4	3.97213325	14.66431051
1009	1049	146	5	0.37668501	2.62581261
1009	1049	146	6	1.06656226	9.09818560
1009	1049	146	7	0.00739328	0.04689119
1009	1049	146	8	0.02038060	0.20277337
1009	1049	146	9	0.32817673	1.15077596
1009	1049	146	10	0.42096224	1.43371059
1009	1049	146	11	0.00276402	0.01851195
1009	1049	146	12	1.19378152	10.06335271
1009	1049	146	13	1.21821028	7.16894091
1009	1049	146	14	1.24983068	14.80902033
1009	1049	146	15	0.43893869	1.59993155
1009	1049	146	16	0.99197041	6.06870341
1009	1049	146	17	0.51862187	2.06893351
1009	1049	146	18	0.15375568	0.54588948
1009	1049	146	19	0.97058387	17.63713370
1009	1049	147	0	1.26740011	4.55714681
1009	1049	147	1	0.35193220	2.04820028
1009	1049	147	2	1.39485802	15.21557801
1009	1049	147	3	0.02978935	0.24128270
1009	1049	147	4	3.97213292	14.66430865
1009	1049	147	5	0.37668501	2.62581274
1009	1049	147	6	1.06656225	9.09818524
1009	1049	147	7	0.00739330	0.04689168
1009	1049	147	8	0.02038064	0.20277712
1009	1049	147	9	0.32817672	1.15077588
1009	1049	147	10	0.42096224	1.43371060
1009	1049	147	11	0.00276402	0.01851214
1009	1049	147	12	1.19378152	10.06335231
1009	1049	147	13	1.21821028	7.16894088
1009	1049	147	14	1.24983067	14.80903028
1009	1049	147	15	0.43893869	1.59993156
1009	1049	147	16	0.99197041	6.06870340
1009	1049	147	17	0.51862188	2.06893356
1009	1049	147	18	0.15375568	0.54588949
1009	1049	147	19	0.97058387	17.63754683
1009	1049	148	0	1.26740011	4.55714680
1009	1049	148	1	0.35193220	2.04820026
1009	1049	148	2	1.39485804	15.21557830
1009	1049	148	3	0.02978935	0.24128286
1009	1049	148	4	3.97213263	14.66430697
1009	1049	148	5	0.37668501	2.62581285
1009	1049	148	6	1.06656225	9.09818492
1009	1049	148	7	0.00739332	0.04689212
1009	1049	148	8	0.02038068	0.20278053
1009	1049	148	9	0.32817671	1.15077582
1009	1049	148	10	0.42096224	1.43371061
1009	1049	148	11	0.00276403	0.01851230
1009	1049	148	12	1.19378151	10.06335195
1009	1049	148	13	1.21821028	7.16894086
1009	1049	148	14	1.24983066	14.80903938
1009	1049	148	15	0.43893869	1.59993157
1009	1049	148	16	0.99197041	6.06870338
1009	1049	148	17	0.51862188	2.06893359
1009	1049	148	18	0.15375568	0.54588949
1009	1049	148	19	0.97058386	17.63793725
1009	1049	149	0	1.26740011	4.55714680
1009	1049	149	1	0.35193220	2.04820023
1009	1049	149	2	1.39485807	15.21557860
1009	1049	149	3	0.02978935	0.24128300
1009	1049	149	4	3.97213236	14.66430545
1009	1049	149	5	0.37668501	2.62581295
1009	1049	149	6	1.06656224	9.09818463
1009	1049	149	7	0.00739334	0.04689251
1009	1049	149	8	0.02038072	0.20278364
1009	1049	149	9	0.32817670	1.15077576
1009	1049	149	10	0.42096224	1.43371062
1009	1049	149	11	0.00276404	0.01851245
1009	1049	149	12	1.19378150	10.06335163
1009	1049	149	13	1.21821028	7.16894085
1009	1049	149	14	1.24983066	14.80904771
1009	1049	149	15	0.43893870	1.59993158
1009	1049	149	16	0.99197041	6.06870337
1009	1049	149	17	0.51862188	2.06893362
1009	1049	149	18	0.15375568	0.54588950
1009	1049	149	19	0.97058386	17.63830618
1009	1049	150	0	1.26740011	4.55714680
1009	1049	150	1	0.35193220	2.04820022
1009	1049	150	2	1.39485809	15.21557888
1009	1049	150	3	0.02978935	0.24128313
1009	1049	150	4	3.97213212	14.66430408
1009	1049	150	5	0.37668501	2.62581303
1009	1049	150	6	1.06656224	9.09818437
1009	1049	150	7	0.00739336	0.04689286
1009	1049	150	8	0.02038074	0.20278647
1009	1049	150	9	0.32817669	1.15077571
1009	1049	150	10	0.42096224	1.43371062
1009	1049	150	11	0.00276404	0.01851258
1009	1049	150	12	1.19378150	10.06335134
1009	1049	150	13	1.21821028	7.16894083
1009	1049	150	14	1.24983065	14.80905532
1009	1049	150	15	0.43893870	1.59993159
1009	1049	150	16	0.99197041	6.06870336
1009	1049	150	17	0.51862188	2.06893365
1009	1049	150	18	0.15375568	0.54588950
1009	1049	150	19	0.97058386	17.63865482
1009	1049	151	0	1.26740011	4.55714680
1009	1049	151	1	0.35193220	2.04820020
1009	1049	151	2	1.39485810	15.21557916
1009	1049	151	3	0.02978935	0.24128324
1009	1049	151	4	3.97213191	14.66430284
1009	1049	151	5	0.37668501	2.62581311
1009	1049	151	6	1.06656223	9.09818413
1009	1049	151	7	0.00739337	0.04689316
1009	1049	151	8	0.02038077	0.20278904
1009	1049	151	9	0.32817669	1.15077567
1009	1049	151	10	0.42096224	1.43371063
1009	1049	151	11	0.00276405	0.01851270
1009	1049	151	12	1.19378149	10.06335108
1009	1049	151	13	1.21821028	7.16894083
1009	1049	151	14	1.24983065	14.80906229
1009	1049	151	15	0.43893870	1.59993160
1009	1049	151	16	0.99197041	6.06870335
1009	1049	151	17	0.51862189	2.06893367
1009	1049	151	18	0.15375568	0.54588951
1009	1049	151	19	0.97058386	17.63898429
1009	1049	152	0	1.26740011	4.55714681
1009	1049	152	1	0.35193220	2.04820019
1009	1049	152	2	1.39485812	15.21557944
1009	1049	152	3	0.02978935	0.24128333
1009	1049	152	4	3.97213171	14.66430172
1009	1049	152	5	0.37668501	2.62581317
1009	1049	152	6	1.06656223	9.09818391
1009	1049	152	7	0.00739338	0.04689344
1009	1049	152	8	0.02038079	0.20279138
1009	1049	152	9	0.32817668	1.15077563
1009	1049	152	10	0.42096224	1.43371063
1009	1049	152	11	0.00276405	0.01851281
1009	1049	152	12	1.19378149	10.06335084
1009	1049	152	13	1.21821028	7.16894082
1009	1049	152	14	1.24983064	14.80906867
1009	1049	152	15	0.43893870	1.59993160
1009	1049	152	16	0.99197041	6.06870334
1009	1049	152	17	0.51862189	2.06893369
1009	1049	152	18	0.15375568	0.54588951
1009	1049	152	19	0.97058386	17.63929563
1009	1049	153	0	1.26740011	4.55714681
1009	1049	153	1	0.35193220	2.04820018
1009	1049	153	2	1.39485813	15.21557970
1009	1049	153	3	0.02978935	0.24128341
1009	1049	153	4	3.97213154	14.66430071
1009	1049	153	5	0.37668501	2.62581322
1009	1049	153	6	1.06656223	9.09818372
1009	1049	153	7	0.00739339	0.04689368
1009	1049	153	8	0.02038081	0.20279351
1009	1049	153	9	0.32817668	1.15077560
1009	1049	153	10	0.42096224	1.43371063
1009	1049	153	11	0.00276405	0.01851290
1009	1049	153	12	1.19378149	10.06335063
1009	1049	153	13	1.21821028	7.16894081
1009	1049	153	14	1.24983064	14.80907451
1009	1049	153	15	0.43893870	1.59993161
1009	1049	153	16	0.99197041	6.06870334
1009	1049	153	17	0.51862189	2.06893371
1009	1049	153	18	0.15375568	0.54588951
1009	1049	153	19	0.97058386	17.63958984
1009	1049	154	0	1.26740011	4.55714681
1009	1049	154	1	0.35193220	2.04820017
1009	1049	154	2	1.39485814	15.21557994
1009	1049	154	3	0.02978934	0.24128348
1009	1049	154	4	3.97213138	14.66429980
1009	1049	154	5	0.37668501	2.62581327
1009	1049	154	6	1.06656222	9.09818355
1009	1049	154	7	0.00739340	0.04689389
1009	1049	154	8	0.02038083	0.20279545
1009	1049	154	9	0.32817667	1.15077557
1009	1049	154	10	0.42096224	1.43371063
1009	1049	154	11	0.00276406	0.01851298
1009	1049	154	12	1.19378148	10.06335044
1009	1049	154	13	1.21821029	7.16894081
1009	1049	154	14	1.24983064	14.80907985
1009	1049	154	15	0.43893870	1.59993161
1009	1049	154	16	0.99197041	6.06870333
1009	1049	154	17	0.51862189	2.06893372
1009	1049	154	18	0.15375568	0.54588951
1009	1049	154	19	0.97058386	17.63986787
1009	1049	155	0	1.26740011	4.55714681
1009	1049	155	1	0.35193220	2.04820016
1009	1049	155	2	1.39485815	15.21558018
1009	1049	155	3	0.02978934	0.24128354
1009	1049	155	4	3.97213124	14.66429897
1009	1049	155	5	0.37668501	2.62581331
1009	1049	155	6	1.06656222	9.09818339
1009	1049	155	7	0.00739341	0.04689408
1009	1049	155	8	0.02038084	0.20279720
1009	1049	155	9	0.32817667	1.15077555
1009	1049	155	10	0.42096224	1.43371063
1009	1049	155	11	0.00276406	0.01851305
1009	1049	155	12	1.19378148	10.06335027
1009	1049	155	13	1.21821029	7.16894081
1009	1049	155	14	1.24983064	14.80908473
1009	1049	155	15	0.43893870	1.59993161
1009	1049	155	16	0.99197041	6.06870333
1009	1049	155	17	0.51862189	2.06893373
1009	1049	155	18	0.15375568	0.54588951
1009	1049	155	19	0.97058386	17.64013061
1009	1049	156	0	1.26740011	4.55714681
1009	1049	156	1	0.35193220	2.04820016
1009	1049	156	2	1.39485816	15.21558040
1009	1049	156	3	0.02978934	0.24128359
1009	1049	156	4	3.97213111	14.66429823
1009	1049	156	5	0.37668501	2.62581334
1009	1049	156	6	1.06656222	9.09818325
1009	1049	156	7	0.00739342	0.04689425
1009	1049	156	8	0.02038086	0.20279880
1009	1049	156	9	0.32817667	1.15077553
1009	1049	156	10	0.42096224	1.43371063
1009	1049	156	11	0.00276406	0.01851312
1009	1049	156	12	1.19378148	10.06335012
1009	1049	156	13	1.21821029	7.16894081
1009	1049	156	14	1.24983063	14.80908920
1009	1049	156	15	0.43893870	1.59993161
1009	1049	156	16	0.99197041	6.06870333
1009	1049	156	17	0.51862189	2.06893374
1009	1049	156	18	0.15375568	0.54588951
1009	1049	156	19	0.97058386	17.64037889
1009	1049	157	0	1.26740011	4.55714682
1009	1049	157	1	0.35193220	2.04820015
1009	1049	157	2	1.39485816	15.21558062
1009	1049	157	3	0.02978934	0.24128364
1009	1049	157	4	3.97213100	14.66429757
1009	1049	157	5	0.37668501	2.62581337
1009	1049	157	6	1.06656222	9.09818313
1009	1049	157	7	0.00739342	0.04689440
1009	1049	157	8	0.02038087	0.20280024
1009	1049	157	9	0.32817667	1.15077551
1009	1049	157	10	0.42096224	1.43371063
1009	1049	157	11	0.00276406	0.01851317
1009	1049	157	12	1.19378148	10.06334998
1009	1049	157	13	1.21821029	7.16894081
1009	1049	157	14	1.24983063	14.80909330
1009	1049	157	15	0.43893870	1.59993161
1009	1049	157	16	0.99197041	6.06870332
1009	1049	157	17	0.51862189	2.06893375
1009	1049	157	18	0.15375568	0.54588951
1009	1049	157	19	0.97058386	17.64061352
1009	1049	158	0	1.26740011	4.55714682
1009	1049	158	1	0.35193220	2.04820015
1009	1049	158	2	1.39485817	15.21558081
1009	1049	158	3	0.02978934	0.24128368
1009	1049	158	4	3.97213090	14.66429697
1009	1049	158	5	0.37668501	2.62581339
1009	1049	158	6	1.06656222	9.09818302
1009	1049	158	7	0.00739343	0.04689453
1009	1049	158	8	0.02038088	0.20280155
1009	1049	158	9	0.32817666	1.15077550
1009	1049	158	10	0.42096224	1.43371063
1009	1049	158	11	0.00276406	0.01851322
1009	1049	158	12	1.19378148	10.06334986
1009	1049	158	13	1.21821029	7.16894081
1009	1049	158	14	1.24983063	14.80909704
1009	1049	158	15	0.43893869	1.59993161
1009	1049	158	16	0.99197041	6.06870332
1009	1049	158	17	0.51862189	2.06893375
1009	1049	158	18	0.15375568	0.54588951
1009	1049	158	19	0.97058386	17.64083524
1009	1049	159	0	1.26740011	4.55714682
1009	1049	159	1	0.35193220	2.04820014
1009	1049	159	2	1.39485817	15.21558100
1009	1049	159	3	0.02978934	0.24128371
1009	1049	159	4	3.97213081	14.66429643
1009	1049	159	5	0.37668501	2.62581341
1009	1049	159	6	1.06656221	9.09818292
1009	1049	159	7	0.00739343	0.04689465
1009	1049	159	8	0.02038088	0.20280274
1009	1049	159	9	0.32817666	1.15077548
1009	1049	159	10	0.42096224	1.43371063
1009	1049	159	11	0.00276407	0.01851327
1009	1049	159	12	1.19378147	10.06334975
1009	1049	159	13	1.21821029	7.16894081
1009	1049	159	14	1.24983063	14.80910047
1009	1049	159	15	0.43893869	1.59993161
1009	1049	159	16	0.99197041	6.06870332
1009	1049	159	17	0.51862189	2.06893376
1009	1049	159	18	0.15375568	0.54588951
1009	1049	159	19	0.97058386	17.64104476
1009	1049	160	0	1.26740011	4.55714682
1009	1049	160	1	0.35193220	2.04820014
1009	1049	160	2	1.39485818	15.21558117
1009	1049	160	3	0.02978934	0.24128374
1009	1049	160	4	3.97213072	14.66429595
1009	1049	160	5	0.37668501	2.62581343
1009	1049	160	6	1.06656221	9.09818283
1009	1049	160	7	0.00739344	0.04689475
1009	1049	160	8	0.02038089	0.20280382
1009	1049	160	9	0.32817666	1.15077547
1009	1049	160	10	0.42096224	1.43371063
1009	1049	160	11	0.00276407	0.01851331
1009	1049	160	12	1.19378147	10.06334965
1009	1049	160	13	1.21821029	7.16894082
1009	1049	160	14	1.24983063	14.80910361
1009	1049	160	15	0.43893869	1.59993161
1009	1049	160	16	0.99197041	6.06870332
1009	1049	160	17	0.51862189	2.06893376
1009	1049	160	18	0.15375568	0.54588951
1009	1049	160	19	0.97058386	17.64124276
1009	1049	161	0	1.26740012	4.55714683
1009	1049	161	1	0.35193220	2.04820014
1009	1049	161	2	1.39485818	15.21558133
1009	1049	161	3	0.02978934	0.24128376
1009	1049	161	4	3.97213065	14.66429551
1009	1049	161	5	0.37668501	2.62581345
1009	1049	161	6	1.06656221	9.09818274
1009	1049	161	7	0.00739344	0.04689484
1009	1049	161	8	0.02038090	0.20280480
1009	1049	161	9	0.32817666	1.15077546
1009	1049	161	10	0.42096224	1.43371063
1009	1049	161	11	0.00276407	0.01851334
1009	1049	161	12	1.19378147	10.06334957
1009	1049	161	13	1.21821029	7.16894082
1009	1049	161	14	1.24983063	14.80910648
1009	1049	161	15	0.43893869	1.59993161
1009	1049	161	16	0.99197041	6.06870332
1009	1049	161	17	0.51862189	2.06893376
1009	1049	161	18	0.15375568	0.54588951
1009	1049	161	19	0.97058386	17.64142987
1009	1049	162	0	1.26740012	4.55714683
1009	1049	162	1	0.35193220	2.04820014
1009	1049	162	2	1.39485818	15.21558148
1009	1049	162	3	0.02978934	0.24128378
1009	1049	162	4	3.97213058	14.66429512
1009	1049	162	5	0.37668501	2.62581346
1009	1049	162	6	1.06656221	9.09818267
1009	1049	162	7	0.00739344	0.04689492
1009	1049	162	8	0.02038090	0.20280568
1009	1049	162	9	0.32817666	1.15077546
1009	1049	162	10	0.42096224	1.43371063
1009	1049	162	11	0.00276407	0.01851337
1009	1049	162	12	1.19378147	10.06334949
1009	1049	162	13	1.21821029	7.16894082
1009	1049	162	14	1.24983063	14.80910911
1009	1049	162	15	0.43893869	1.59993161
1009	1049	162	16	0.99197041	6.06870331
1009	1049	162	17	0.51862189	2.06893377
1009	1049	162	18	0.15375568	0.54588951
1009	1049	162	19	0.97058386	17.64160669
1009	1049	163	0	1.26740012	4.55714683
1009	1049	163	1	0.35193220	2.04820014
1009	1049	163	2	1.39485818	15.21558162
1009	1049	163	3	0.02978934	0.24128380
1009	1049	163	4	3.97213053	14.66429477
1009	1049	163	5	0.37668501	2.62581347
1009	1049	163	6	1.06656221	9.09818261
1009	1049	163	7	0.00739345	0.04689499
1009	1049	163	8	0.02038091	0.20280648
1009	1049	163	9	0.32817666	1.15077545
1009	1049	163	10	0.42096224	1.43371063
1009	1049	163	11	0.00276407	0.01851340
1009	1049	163	12	1.19378147	10.06334942
1009	1049	163	13	1.21821029	7.16894083
1009	1049	163	14	1.24983063	14.80911152
1009	1049	163	15	0.43893869	1.59993161
1009	1049	163	16	0.99197041	6.06870331
1009	1049	163	17	0.51862189	2.06893377
1009	1049	163	18	0.15375568	0.54588951
1009	1049	163	19	0.97058386	17.64177378
1009	1049	164	0	1.26740012	4.55714683
1009	1049	164	1	0.35193220	2.04820014
1009	1049	164	2	1.39485819	15.21558175
1009	1049	164	3	0.02978934	0.24128381
1009	1049	164	4	3.97213047	14.66429446
1009	1049	164	5	0.37668501	2.62581348
1009	1049	164	6	1.06656221	9.09818255
1009	1049	164	7	0.00739345	0.04689505
1009	1049	164	8	0.02038091	0.20280721
1009	1049	164	9	0.32817666	1.15077545
1009	1049	164	10	0.42096224	1.43371063
1009	1049	164	11	0.00276407	0.01851342
1009	1049	164	12	1.19378147	10.06334936
1009	1049	164	13	1.21821029	7.16894083
1009	1049	164	14	1.24983063	14.80911372
1009	1049	164	15	0.43893869	1.59993161
1009	1049	164	16	0.99197041	6.06870331
1009	1049	164	17	0.51862189	2.06893377
1009	1049	164	18	0.15375568	0.54588951
1009	1049	164	19	0.97058386	17.64193168
1009	1049	165	0	1.26740012	4.55714684
1009	1049	165	1	0.35193220	2.04820014
1009	1049	165	2	1.39485819	15.21558186
1009	1049	165	3	0.02978934	0.24128382
1009	1049	165	4	3.97213043	14.66429417
1009	1049	165	5	0.37668501	2.62581348
1009	1049	165	6	1.06656221	9.09818250
1009	1049	165	7	0.00739345	0.04689510
1009	1049	165	8	0.02038091	0.20280786
1009	1049	165	9	0.32817666	1.15077544
1009	1049	165	10	0.42096224	1.43371063
1009	1049	165	11	0.00276407	0.01851344
1009	1049	165	12	1.19378147	10.06334930
1009	1049	165	13	1.21821029	7.16894083
1009	1049	165	14	1.24983063	14.80911574
1009	1049	165	15	0.43893869	1.59993161
1009	1049	165	16	0.99197041	6.06870331
1009	1049	165	17	0.51862189	2.06893377
1009	1049	165	18	0.15375568	0.54588951
1009	1049	165	19	0.97058386	17.64208089
1009	1049	166	0	1.26740012	4.55714684
1009	1049	166	1	0.35193220	2.04820014
1009	1049	166	2	1.39485819	15.21558197
1009	1049	166	3	0.02978934	0.24128383
1009	1049	166	4	3.97213038	14.66429392
1009	1049	166	5	0.37668501	2.62581349
1009	1049	166	6	1.06656221	9.09818245
1009	1049	166	7	0.00739345	0.04689515
1009	1049	166	8	0.02038092	0.20280846
1009	1049	166	9	0.32817666	1.15077544
1009	1049	166	10	0.42096224	1.43371063
1009	1049	166	11	0.00276407	0.01851346
1009	1049	166	12	1.19378147	10.06334925
1009	1049	166	13	1.21821029	7.16894084
1009	1049	166	14	1.24983063	14.80911758
1009	1049	166	15	0.43893869	1.59993160
1009	1049	166	16	0.99197041	6.06870331
1009	1049	166	17	0.51862189	2.06893377
1009	1049	166	18	0.15375568	0.54588951
1009	1049	166	19	0.97058387	17.64222189
1009	1049	167	0	1.26740012	4.55714684
1009	1049	167	1	0.35193220	2.04820014
1009	1049	167	2	1.39485819	15.21558207
1009	1049	167	3	0.02978934	0.24128384
1009	1049	167	4	3.97213035	14.66429369
1009	1049	167	5	0.37668501	2.62581349
1009	1049	167	6	1.06656221	9.09818241
1009	1049	167	7	0.00739345	0.04689519
1009	1049	167	8	0.02038092	0.20280899
1009	1049	167	9	0.32817666	1.15077544
1009	1049	167	10	0.42096224	1.43371063
1009	1049	167	11	0.00276407	0.01851348
1009	1049	167	12	1.19378147	10.06334921
1009	1049	167	13	1.21821029	7.16894084
1009	1049	167	14	1.24983063	14.80911927
1009	1049	167	15	0.43893869	1.59993160
1009	1049	167	16	0.99197041	6.06870331
1009	1049	167	17	0.51862189	2.06893377
1009	1049	167	18	0.15375568	0.54588951
1009	1049	167	19	0.97058387	17.64235514
1009	1049	168	0	1.26740012	4.55714684
1009	1049	168	1	0.35193220	2.04820014
1009	1049	168	2	1.39485819	15.21558216
1009	1049	168	3	0.02978934	0.24128385
1009	1049	168	4	3.97213031	14.66429349
1009	1049	168	5	0.37668501	2.62581350
1009	1049	168	6	1.06656221	9.09818237
1009	1049	168	7	0.00739345	0.04689523
1009	1049	168	8	0.02038092	0.20280947
1009	1049	168	9	0.32817666	1.15077544
1009	1049	168	10	0.42096224	1.43371062
1009	1049	168	11	0.00276407	0.01851349
1009	1049	168	12	1.19378147	10.06334917
1009	1049	168	13	1.21821030	7.16894084
1009	1049	168	14	1.24983063	14.80912082
1009	1049	168	15	0.43893869	1.59993160
1009	1049	168	16	0.99197041	6.06870331
1009	1049	168	17	0.51862189	2.06893377
1009	1049	168	18	0.15375568	0.54588951
1009	1049	168	19	0.97058387	17.64248106
1009	1049	169	0	1.26740012	4.55714684
1009	1049	169	1	0.35193220	2.04820014
1009	1049	169	2	1.39485819	15.21558224
1009	1049	169	3	0.02978933	0.24128385
1009	1049	169	4	3.97213028	14.66429331
1009	1049	169	5	0.37668501	2.62581350
1009	1049	169	6	1.06656221	9.09818234
1009	1049	169	7	0.00739346	0.04689526
1009	1049	169	8	0.02038092	0.20280991
1009	1049	169	9	0.32817666	1.15077543
1009	1049	169	10	0.42096224	1.43371062
1009	1049	169	11	0.00276407	0.01851350
1009	1049	169	12	1.19378147	10.06334913
1009	1049	169	13	1.21821030	7.16894084
1009	1049	169	14	1.24983063	14.80912224
1009	1049	169	15	0.43893869	1.59993160
1009	1049	169	16	0.99197041	6.06870331
1009	1049	169	17	0.51862189	2.06893377
1009	1049	169	18	0.15375568	0.54588951
1009	1049	169	19	0.97058387	17.64260006
1009	1049	170	0	1.26740012	4.55714684
1009	1049	170	1	0.35193220	2.04820014
1009	1049	170	2	1.39485819	15.21558232
1009	1049	170	3	0.02978933	0.24128386
1009	1049	170	4	3.97213026	14.66429315
1009	1049	170	5	0.37668501	2.62581350
1009	1049	170	6	1.06656221	9.09818231
1009	1049	170	7	0.00739346	0.04689528
1009	1049	170	8	0.02038092	0.20281031
1009	1049	170	9	0.32817666	1.15077543
1009	1049	170	10	0.42096224	1.43371062
1009	1049	170	11	0.00276407	0.01851351
1009	1049	170	12	1.19378147	10.06334910
1009	1049	170	13	1.21821030	7.16894085
1009	1049	170	14	1.24983063	14.80912354
1009	1049	170	15	0.43893869	1.59993160
1009	1049	170	16	0.99197041	6.06870331
1009	1049	170	17	0.51862189	2.06893377
1009	1049	170	18	0.15375568	0.54588951
1009	1049	170	19	0.97058387	17.64271251
1009	1049	171	0	1.26740012	4.55714685
1009	1049	171	1	0.35193220	2.04820014
1009	1049	171	2	1.39485819	15.21558239
1009	1049	171	3	0.02978933	0.24128386
1009	1049	171	4	3.97213023	14.66429300
1009	1049	171	5	0.37668501	2.62581350
1009	1049	171	6	1.06656221	9.09818228
1009	1049	171	7	0.00739346	0.04689531
1009	1049	171	8	0.02038092	0.20281066
1009	1049	171	9	0.32817666	1.15077543
1009	1049	171	10	0.42096224	1.43371062
1009	1049	171	11	0.00276407	0.01851352
1009	1049	171	12	1.19378147	10.06334907
1009	1049	171	13	1.21821030	7.16894085
1009	1049	171	14	1.24983063	14.80912473
1009	1049	171	15	0.43893869	1.59993160
1009	1049	171	16	0.99197041	6.06870331
1009	1049	171	17	0.51862189	2.06893377
1009	1049	171	18	0.15375568	0.54588951
1009	1049	171	19	0.97058387	17.64281877
1009	1049	172	0	1.26740012	4.55714685
1009	1049	172	1	0.35193220	2.04820014
1009	1049	172	2	1.39485819	15.21558245
1009	1049	172	3	0.02978933	0.24128386
1009	1049	172	4	3.97213021	14.66429287
1009	1049	172	5	0.37668501	2.62581350
1009	1049	172	6	1.06656221	9.09818226
1009	1049	172	7	0.00739346	0.04689533
1009	1049	172	8	0.02038092	0.20281098
1009	1049	172	9	0.32817666	1.15077543
1009	1049	172	10	0.42096224	1.43371062
1009	1049	172	11	0.00276407	0.01851353
1009	1049	172	12	1.19378147	10.06334905
1009	1049	172	13	1.21821030	7.16894085
1009	1049	172	14	1.24983063	14.80912581
1009	1049	172	15	0.43893869	1.59993160
1009	1049	172	16	0.99197041	6.06870331
1009	1049	172	17	0.51862189	2.06893377
1009	1049	172	18	0.15375568	0.54588951
1009	1049	172	19	0.97058387	17.64291919
1009	1049	173	0	1.26740012	4.55714685
1009	1049	173	1	0.35193220	2.04820014
1009	1049	173	2	1.39485819	15.21558251
1009	1049	173	3	0.02978933	0.24128387
1009	1049	173	4	3.97213019	14.66429276
1009	1049	173	5	0.37668500	2.62581350
1009	1049	173	6	1.06656221	9.09818224
1009	1049	173	7	0.00739346	0.04689535
1009	1049	173	8	0.02038092	0.20281127
1009	1049	173	9	0.32817666	1.15077543
1009	1049	173	10	0.42096224	1.43371062
1009	1049	173	11	0.00276407	0.01851354
1009	1049	173	12	1.19378147	10.06334903
1009	1049	173	13	1.21821030	7.16894086
1009	1049	173	14	1.24983063	14.80912681
1009	1049	173	15	0.43893869	1.59993160
1009	1049	173	16	0.99197041	6.06870331
1009	1049	173	17	0.51862189	2.06893377
1009	1049	173	18	0.15375568	0.54588951
1009	1049	173	19	0.97058387	17.64301408
1009	1049	174	0	1.26740012	4.55714685
1009	1049	174	1	0.35193220	2.04820014
1009	1049	174	2	1.39485819	15.21558256
1009	1049	174	3	0.02978933	0.24128387
1009	1049	174	4	3.97213018	14.66429266
1009	1049	174	5	0.37668500	2.62581350
1009	1049	174	6	1.06656221	9.09818222
1009	1049	174	7	0.00739346	0.04689536
1009	1049	174	8	0.02038093	0.20281154
1009	1049	174	9	0.32817666	1.15077543
1009	1049	174	10	0.42096224	1.43371062
1009	1049	174	11	0.00276407	0.01851354
1009	1049	174	12	1.19378147	10.06334901
1009	1049	174	13	1.21821030	7.16894086
1009	1049	174	14	1.24983063	14.80912772
1009	1049	174	15	0.43893869	1.59993160
1009	1049	174	16	0.99197041	6.06870331
1009	1049	174	17	0.51862189	2.06893377
1009	1049	174	18	0.15375568	0.54588951
1009	1049	174	19	0.97058387	17.64310376
1009	1049	175	0	1.26740012	4.55714685
1009	1049	175	1	0.35193220	2.04820014
1009	1049	175	2	1.39485819	15.21558261
1009	1049	175	3	0.02978933	0.24128387
1009	1049	175	4	3.97213016	14.66429256
1009	1049	175	5	0.37668500	2.62581350
1009	1049	175	6	1.06656221	9.09818220
1009	1049	175	7	0.00739346	0.04689538
1009	1049	175	8	0.02038093	0.20281177
1009	1049	175	9	0.32817666	1.15077543
1009	1049	175	10	0.42096224	1.43371062
1009	1049	175	11	0.00276407	0.01851355
1009	1049	175	12	1.19378147	10.06334899
1009	1049	175	13	1.21821030	7.16894086
1009	1049	175	14	1.24983063	14.80912856
1009	1049	175	15	0.43893869	1.59993160
1009	1049	175	16	0.99197041	6.06870331
1009	1049	175	17	0.51862189	2.06893377
1009	1049	175	18	0.15375568	0.54588951
1009	1049	175	19	0.97058387	17.64318850
1009	1049	176	0	1.26740012	4.55714685
1009	1049	176	1	0.35193220	2.04820014
1009	1049	176	2	1.39485819	15.21558265
1009	1049	176	3	0.02978933	0.24128387
1009	1049	176	4	3.97213015	14.66429248
1009	1049	176	5	0.37668500	2.62581350
1009	1049	176	6	1.06656221	9.09818219
1009	1049	176	7	0.00739346	0.04689539
1009	1049	176	8	0.02038093	0.20281198
1009	1049	176	9	0.32817666	1.15077543
1009	1049	176	10	0.42096224	1.43371062
1009	1049	176	11	0.00276407	0.01851355
1009	1049	176	12	1.19378147	10.06334898
1009	1049	176	13	1.21821030	7.16894086
1009	1049	176	14	1.24983063	14.80912932
1009	1049	176	15	0.43893869	1.59993159
1009	1049	176	16	0.99197041	6.06870331
1009	1049	176	17	0.51862189	2.06893376
1009	1049	176	18	0.15375568	0.54588951
1009	1049	176	19	0.97058387	17.64326858
1009	1049	177	0	1.26740012	4.55714685
1009	1049	177	1	0.35193220	2.04820014
1009	1049	177	2	1.39485819	15.21558269
1009	1049	177	3	0.02978933	0.24128387
1009	1049	177	4	3.97213014	14.66429241
1009	1049	177	5	0.37668500	2.62581350
1009	1049	177	6	1.06656221	9.09818218
1009	1049	177	7	0.00739346	0.04689540
1009	1049	177	8	0.02038093	0.20281218
1009	1049	177	9	0.32817666	1.15077543
1009	1049	177	10	0.42096224	1.43371062
1009	1049	177	11	0.00276407	0.01851356
1009	1049	177	12	1.19378147	10.06334896
1009	1049	177	13	1.21821030	7.16894086
1009	1049	177	14	1.24983063	14.80913002
1009	1049	177	15	0.43893869	1.59993159
1009	1049	177	16	0.99197041	6.06870331
1009	1049	177	17	0.51862189	2.06893376
1009	1049	177	18	0.15375568	0.54588951
1009	1049	177	19	0.97058387	17.64334426
1009	1049	178	0	1.26740012	4.55714685
1009	1049	178	1	0.35193220	2.04820014
1009	1049	178	2	1.39485819	15.21558273
1009	1049	178	3	0.02978933	0.24128387
1009	1049	178	4	3.97213012	14.66429234
1009	1049	178	5	0.37668500	2.62581350
1009	1049	178	6	1.06656221	9.09818217
1009	1049	178	7	0.00739346	0.04689541
1009	1049	178	8	0.02038093	0.20281235
1009	1049	178	9	0.32817666	1.15077543
1009	1049	178	10	0.42096224	1.43371062
1009	1049	178	11	0.00276407	0.01851356
1009	1049	178	12	1.19378147	10.06334895
1009	1049	178	13	1.21821030	7.16894087
1009	1049	178	14	1.24983063	14.80913067
1009	1049	178	15	0.43893869	1.59993159
1009	1049	178	16	0.99197041	6.06870332
1009	1049	178	17	0.51862189	2.06893376
1009	1049	178	18	0.15375568	0.54588951
1009	1049	178	19	0.97058387	17.64341577
1009	1049	179	0	1.26740012	4.55714685
1009	1049	179	1	0.35193220	2.04820014
1009	1049	179	2	1.39485819	15.21558276
1009	1049	179	3	0.02978933	0.24128387
1009	1049	179	4	3.97213012	14.66429229
1009	1049	179	5	0.37668500	2.62581350
1009	1049	179	6	1.06656221	9.09818216
1009	1049	179	7	0.00739346	0.04689542
1009	1049	179	8	0.02038093	0.20281250
1009	1049	179	9	0.32817666	1.15077543
1009	1049	179	10	0.42096224	1.43371062
1009	1049	179	11	0.00276407	0.01851356
1009	1049	179	12	1.19378147	10.06334894
1009	1049	179	13	1.21821030	7.16894087
1009	1049	179	14	1.24983063	14.80913125
1009	1049	179	15	0.43893869	1.59993159
1009	1049	179	16	0.99197041	6.06870332
1009	1049	179	17	0.51862189	2.06893376
1009	1049	179	18	0.15375568	0.54588951
1009	1049	179	19	0.97058387	17.64348335
1009	1049	180	0	1.26740012	4.55714686
1009	1049	180	1	0.35193220	2.04820014
1009	1049	180	2	1.39485819	15.21558279
1009	1049	180	3	0.02978933	0.24128387
1009	1049	180	4	3.97213011	14.66429223
1009	1049	180	5	0.37668500	2.62581350
1009	1049	180	6	1.06656221	9.09818215
1009	1049	180	7	0.00739346	0.04689542
1009	1049	180	8	0.02038093	0.20281264
1009	1049	180	9	0.32817666	1.15077543
1009	1049	180	10	0.42096224	1.43371062
1009	1049	180	11	0.00276407	0.01851357
1009	1049	180	12	1.19378147	10.06334893
1009	1049	180	13	1.21821030	7.16894087
1009	1049	180	14	1.24983063	14.80913179
1009	1049	180	15	0.43893869	1.59993159
1009	1049	180	16	0.99197041	6.06870332
1009	1049	180	17	0.51862189	2.06893376
1009	1049	180	18	0.15375568	0.54588951
1009	1049	180	19	0.97058387	17.64354721
1009	1049	181	0	1.26740012	4.55714686
1009	1049	181	1	0.35193220	2.04820014
1009	1049	181	2	1.39485819	15.21558282
1009	1049	181	3	0.02978933	0.24128387
1009	1049	181	4	3.97213010	14.66429219
1009	1049	181	5	0.37668500	2.62581350
1009	1049	181	6	1.06656221	9.09818214
1009	1049	181	7	0.00739346	0.04689543
1009	1049	181	8	0.02038093	0.20281277
1009	1049	181	9	0.32817666	1.15077543
1009	1049	181	10	0.42096224	1.43371062
1009	1049	181	11	0.00276407	0.01851357
1009	1049	181	12	1.19378147	10.06334892
1009	1049	181	13	1.21821030	7.16894087
1009	1049	181	14	1.24983063	14.80913228
1009	1049	181	15	0.43893869	1.59993159
1009	1049	181	16	0.99197041	6.06870332
1009	1049	181	17	0.51862189	2.06893376
1009	1049	181	18	0.15375568	0.54588951
1009	1049	181	19	0.97058387	17.64360756
1009	1049	182	0	1.26740012	4.55714686
1009	1049	182	1	0.35193220	2.04820014
1009	1049	182	2	1.39485819	15.21558284
1009	1049	182	3	0.02978933	0.24128387
1009	1049	182	4	3.97213009	14.66429215
1009	1049	182	5	0.37668500	2.62581350
1009	1049	182	6	1.06656221	9.09818213
1009	1049	182	7	0.00739346	0.04689543
1009	1049	182	8	0.02038093	0.20281288
1009	1049	182	9	0.32817666	1.15077543
1009	1049	182	10	0.42096224	1.43371062
1009	1049	182	11	0.00276407	0.01851357
1009	1049	182	12	1.19378147	10.06334892
1009	1049	182	13	1.21821030	7.16894087
1009	1049	182	14	1.24983063	14.80913274
1009	1049	182	15	0.43893869	1.59993159
1009	1049	182	16	0.99197041	6.06870332
1009	1049	182	17	0.51862189	2.06893376
1009	1049	182	18	0.15375568	0.54588951
1009	1049	182	19	0.97058387	17.64366459
1009	1049	183	0	1.26740012	4.55714686
1009	1049	183	1	0.35193220	2.04820014
1009	1049	183	2	1.39485819	15.21558286
1009	1049	183	3	0.02978933	0.24128387
1009	1049	183	4	3.97213009	14.66429211
1009	1049	183	5	0.37668500	2.62581350
1009	1049	183	6	1.06656221	9.09818212
1009	1049	183	7	0.00739346	0.04689544
1009	1049	183	8	0.02038093	0.20281299
1009	1049	183	9	0.32817666	1.15077543
1009	1049	183	10	0.42096224	1.43371062
1009	1049	183	11	0.00276407	0.01851357
1009	1049	183	12	1.19378147	10.06334891
1009	1049	183	13	1.21821030	7.16894087
1009	1049	183	14	1.24983063	14.80913315
1009	1049	183	15	0.43893869	1.59993159
1009	1049	183	16	0.99197041	6.06870332
1009	1049	183	17	0.51862189	2.06893376
1009	1049	183	18	0.15375568	0.54588951
1009	1049	183	19	0.97058387	17.64371848
1009	1049	184	0	1.26740012	4.55714686
1009	1049	184	1	0.35193220	2.04820014
1009	1049	184	2	1.39485819	15.21558288
1009	1049	184	3	0.02978933	0.24128387
1009	1049	184	4	3.97213008	14.66429208
1009	1049	184	5	0.37668500	2.62581350
1009	1049	184	6	1.06656221	9.09818212
1009	1049	184	7	0.00739346	0.04689544
1009	1049	184	8	0.02038093	0.20281308
1009	1049	184	9	0.32817666	1.15077543
1009	1049	184	10	0.42096224	1.43371061
1009	1049	184	11	0.00276407	0.01851357
1009	1049	184	12	1.19378147	10.06334890
1009	1049	184	13	1.21821030	7.16894087
1009	1049	184	14	1.24983063	14.80913353
1009	1049	184	15	0.43893869	1.59993159
1009	1049	184	16	0.99197041	6.06870332
1009	1049	184	17	0.51862189	2.06893376
1009	1049	184	18	0.15375568	0.54588951
1009	1049	184	19	0.97058387	17.64376941
1009	1049	185	0	1.26740012	4.55714686
1009	1049	185	1	0.35193220	2.04820015
1009	1049	185	2	1.39485819	15.21558290
1009	1049	185	3	0.02978933	0.24128387
1009	1049	185	4	3.97213008	14.66429205
1009	1049	185	5	0.37668500	2.62581350
1009	1049	185	6	1.06656221	9.09818211
1009	1049	185	7	0.00739346	0.04689544
1009	1049	185	8	0.02038093	0.20281316
1009	1049	185	9	0.32817666	1.15077543
1009	1049	185	10	0.42096224	1.43371061
1009	1049	185	11	0.00276407	0.01851358
1009	1049	185	12	1.19378147	10.06334890
1009	1049	185	13	1.21821030	7.16894087
1009	1049	185	14	1.24983063	14.80913388
1009	1049	185	15	0.43893869	1.59993159
1009	1049	185	16	0.99197041	6.06870332
1009	1049	185	17	0.51862189	2.06893376
1009	1049	185	18	0.15375568	0.54588951
1009	1049	185	19	0.97058387	17.64381754
1009	1049	186	0	1.26740012	4.55714686
1009	1049	186	1	0.35193220	2.04820015
1009	1049	186	2	1.39485819	15.21558291
1009	1049	186	3	0.02978933	0.24128387
1009	1049	186	4	3.97213007	14.66429202
1009	1049	186	5	0.37668500	2.62581350
1009	1049	186	6	1.06656221	9.09818211
1009	1049	186	7	0.00739346	0.04689545
1009	1049	186	8	0.02038093	0.20281323
1009	1049	186	9	0.32817666	1.15077544
1009	1049	186	10	0.42096224	1.43371061
1009	1049	186	11	0.00276407	0.01851358
1009	1049	186	12	1.19378147	10.06334889
1009	1049	186	13	1.21821030	7.16894088
1009	1049	186	14	1.24983063	14.80913419
1009	1049	186	15	0.43893869	1.59993159
1009	1049	186	16	0.99197041	6.06870332
1009	1049	186	17	0.51862189	2.06893376
1009	1049	186	18	0.15375568	0.54588950
1009	1049	186	19	0.97058387	17.64386302
1009	1049	187	0	1.26740012	4.55714686
1009	1049	187	1	0.35193220	2.04820015
1009	1049	187	2	1.39485819	15.21558293
1009	1049	187	3	0.02978933	0.24128387
1009	1049	187	4	3.97213007	14.66429200
1009	1049	187	5	0.37668500	2.62581350
1009	1049	187	6	1.06656221	9.09818211
1009	1049	187	7	0.00739346	0.04689545
1009	1049	187	8	0.02038093	0.20281330
1009	1049	187	9	0.32817666	1.15077544
1009	1049	187	10	0.42096224	1.43371061
1009	1049	187	11	0.00276407	0.01851358
1009	1049	187	12	1.19378147	10.06334889
1009	1049	187	13	1.21821030	7.16894088
1009	1049	187	14	1.24983063	14.80913448
1009	1049	187	15	0.43893869	1.59993159
1009	1049	187	16	0.99197041	6.06870332
1009	1049	187	17	0.51862189	2.06893376
1009	1049	187	18	0.15375568	0.54588950
1009	1049	187	19	0.97058387	17.64390600
1009	1049	188	0	1.26740012	4.55714686
1009	1049	188	1	0.35193220	2.04820015
1009	1049	188	2	1.39485819	15.21558294
1009	1049	188	3	0.02978933	0.24128387
1009	1049	188	4	3.97213007	14.66429198
1009	1049	188	5	0.37668500	2.62581350
1009	1049	188	6	1.06656221	9.09818210
1009	1049	188	7	0.00739346	0.04689545
1009	1049	188	8	0.02038093	0.20281336
1009	1049	188	9	0.32817666	1.15077544
1009	1049	188	10	0.42096224	1.43371061
1009	1049	188	11	0.00276407	0.01851358
1009	1049	188	12	1.19378147	10.06334889
1009	1049	188	13	1.21821030	7.16894088
1009	1049	188	14	1.24983063	14.80913475
1009	1049	188	15	0.43893869	1.59993159
1009	1049	188	16	0.99197041	6.06870332
1009	1049	188	17	0.51862189	2.06893376
1009	1049	188	18	0.15375568	0.54588950
1009	1049	188	19	0.97058387	17.64394661
1009	1049	189	0	1.26740012	4.55714686
1009	1049	189	1	0.35193220	2.04820015
1009	1049	189	2	1.39485819	15.21558295
1009	1049	189	3	0.02978933	0.24128387
1009	1049	189	4	3.97213006	14.66429196
1009	1049	189	5	0.37668500	2.62581350
1009	1049	189	6	1.06656221	9.09818210
1009	1049	189	7	0.00739346	0.04689545
1009	1049	189	8	0.02038093	0.20281341
1009	1049	189	9	0.32817666	1.15077544
1009	1049	189	10	0.42096224	1.43371061
1009	1049	189	11	0.00276407	0.01851358
1009	1049	189	12	1.19378147	10.06334888
1009	1049	189	13	1.21821030	7.16894088
1009	1049	189	14	1.24983063	14.80913499
1009	1049	189	15	0.43893869	1.59993159
1009	1049	189	16	0.99197041	6.06870332
1009	1049	189	17	0.51862189	2.06893376
1009	1049	189	18	0.15375567	0.54588950
1009	1049	189	19	0.97058387	17.64398499
1009	1049	190	0	1.26740012	4.55714686
1009	1049	190	1	0.35193220	2.04820015
1009	1049	190	2	1.39485819	15.21558296
1009	1049	190	3	0.02978933	0.24128387
1009	1049	190	4	3.97213006	14.66429195
1009	1049	190	5	0.37668500	2.62581350
1009	1049	190	6	1.06656221	9.09818210
1009	1049	190	7	0.00739346	0.04689545
1009	1049	190	8	0.02038093	0.20281346
1009	1049	190	9	0.32817666	1.15077544
1009	1049	190	10	0.42096224	1.43371061
1009	1049	190	11	0.00276407	0.01851358
1009	1049	190	12	1.19378147	10.06334888
1009	1049	190	13	1.21821030	7.16894088
1009	1049	190	14	1.24983063	14.80913522
1009	1049	190	15	0.43893869	1.59993159
1009	1049	190	16	0.99197041	6.06870332
1009	1049	190	17	0.51862189	2.06893376
1009	1049	190	18	0.15375567	0.54588950
1009	1049	190	19	0.97058387	17.64402126
1009	1049	191	0	1.26740012	4.55714686
1009	1049	191	1	0.35193220	2.04820015
1009	1049	191	2	1.39485819	15.21558297
1009	1049	191	3	0.02978933	0.24128387
1009	1049	191	4	3.97213006	14.66429194
1009	1049	191	5	0.37668500	2.62581350
1009	1049	191	6	1.06656221	9.09818210
1009	1049	191	7	0.00739346	0.04689545
1009	1049	191	8	0.02038093	0.20281351
1009	1049	191	9	0.32817666	1.15077544
1009	1049	191	10	0.42096224	1.43371061
1009	1049	191	11	0.00276407	0.01851358
1009	1049	191	12	1.19378147	10.06334888
1009	1049	191	13	1.21821030	7.16894088
1009	1049	191	14	1.24983063	14.80913542
1009	1049	191	15	0.43893869	1.59993159
1009	1049	191	16	0.99197041	6.06870332
1009	1049	191	17	0.51862189	2.06893376
1009	1049	191	18	0.15375567	0.54588950
1009	1049	191	19	0.97058387	17.64405553
1009	1049	192	0	1.26740012	4.55714686
1009	1049	192	1	0.35193220	2.04820015
1009	1049	192	2	1.39485819	15.21558298
1009	1049	192	3	0.02978933	0.24128387
1009	1049	192	4	3.97213006	14.66429192
1009	1049	192	5	0.37668500	2.62581350
1009	1049	192	6	1.06656221	9.09818209
1009	1049	192	7	0.00739346	0.04689545
1009	1049	192	8	0.02038093	0.20281354
1009	1049	192	9	0.32817666	1.15077544
1009	1049	192	10	0.42096224	1.43371061
1009	1049	192	11	0.00276407	0.01851358
1009	1049	192	12	1.19378147	10.06334888
1009	1049	192	13	1.21821030	7.16894088
1009	1049	192	14	1.24983063	14.80913561
1009	1049	192	15	0.43893869	1.59993159
1009	1049	192	16	0.99197041	6.06870332
1009	1049	192	17	0.51862189	2.06893376
1009	1049	192	18	0.15375567	0.54588950
1009	1049	192	19	0.97058387	17.64408792
1009	1049	193	0	1.26740012	4.55714686
1009	1049	193	1	0.35193220	2.04820015
1009	1049	193	2	1.39485819	15.21558298
1009	1049	193	3	0.02978933	0.24128387
1009	1049	193	4	3.97213006	14.66429191
1009	1049	193	5	0.37668500	2.62581350
1009	1049	193	6	1.06656221	9.09818209
1009	1049	193	7	0.00739346	0.04689546
1009	1049	193	8	0.02038093	0.20281358
1009	1049	193	9	0.32817666	1.15077544
1009	1049	193	10	0.42096224	1.43371061
1009	1049	193	11	0.00276407	0.01851358
1009	1049	193	12	1.19378147	10.06334888
1009	1049	193	13	1.21821030	7.16894088
1009	1049	193	14	1.24983063	14.80913578
1009	1049	193	15	0.43893869	1.59993159
1009	1049	193	16	0.99197041	6.06870332
1009	1049	193	17	0.51862189	2.06893376
1009	1049	193	18	0.15375567	0.54588950
1009	1049	193	19	0.97058387	17.64411853
1009	1049	194	0	1.26740012	4.55714686
1009	1049	194	1	0.35193220	2.04820015
1009	1049	194	2	1.39485819	15.21558299
1009	1049	194	3	0.02978933	0.24128386
1009	1049	194	4	3.97213005	14.66429190
1009	1049	194	5	0.37668500	2.62581350
1009	1049	194	6	1.06656221	9.09818209
1009	1049	194	7	0.00739346	0.04689546
1009	1049	194	8	0.02038093	0.20281361
1009	1049	194	9	0.32817666	1.15077544
1009	1049	194	10	0.42096224	1.43371061
1009	1049	194	11	0.00276407	0.01851358
1009	1049	194	12	1.19378147	10.06334887
1009	1049	194	13	1.21821030	7.16894088
1009	1049	194	14	1.24983063	14.80913594
1009	1049	194	15	0.43893869	1.59993159
1009	1049	194	16	0.99197041	6.06870332
1009	1049	194	17	0.51862189	2.06893376
1009	1049	194	18	0.15375567	0.54588950
1009	1049	194	19	0.97058387	17.64414745
1009	1049	195	0	1.26740012	4.55714686
1009	1049	195	1	0.35193220	2.04820015
1009	1049	195	2	1.39485819	15.21558300
1009	1049	195	3	0.02978933	0.24128386
1009	1049	195	4	3.97213005	14.66429189
1009	1049	195	5	0.37668500	2.62581349
1009	1049	195	6	1.06656221	9.09818209
1009	1049	195	7	0.00739346	0.04689546
1009	1049	195	8	0.02038093	0.20281364
1009	1049	195	9	0.32817666	1.15077544
1009	1049	195	10	0.42096224	1.43371061
1009	1049	195	11	0.00276407	0.01851358
1009	1049	195	12	1.19378147	10.06334887
1009	1049	195	13	1.21821030	7.16894088
1009	1049	195	14	1.24983063	14.80913608
1009	1049	195	15	0.43893869	1.59993159
1009	1049	195	16	0.99197041	6.06870332
1009	1049	195	17	0.51862189	2.06893376
1009	1049	195	18	0.15375567	0.54588950
1009	1049	195	19	0.97058387	17.64417478
1009	1049	196	0	1.26740012	4.55714686
1009	1049	196	1	0.35193220	2.04820015
1009	1049	196	2	1.39485819	15.21558300
1009	1049	196	3	0.02978933	0.24128386
1009	1049	196	4	3.97213005	14.66429189
1009	1049	196	5	0.37668500	2.62581349
1009	1049	196	6	1.06656221	9.09818209
1009	1049	196	7	0.00739346	0.04689546
1009	1049	196	8	0.02038093	0.20281366
1009	1049	196	9	0.32817666	1.15077544
1009	1049	196	10	0.42096224	1.43371061
1009	1049	196	11	0.00276407	0.01851358
1009	1049	196	12	1.19378147	10.06334887
1009	1049	196	13	1.21821030	7.16894088
1009	1049	196	14	1.24983063	14.80913622
1009	1049	196	15	0.43893869	1.59993159
1009	1049	196	16	0.99197041	6.06870332
1009	1049	196	17	0.51862189	2.06893376
1009	1049	196	18	0.15375567	0.54588950
1009	1049	196	19	0.97058387	17.64420061
1009	1049	197	0	1.26740012	4.55714686
1009	1049	197	1	0.35193220	2.04820015
1009	1049	197	2	1.39485819	15.21558301
1009	1049	197	3	0.02978933	0.24128386
1009	1049	197	4	3.97213005	14.66429188
1009	1049	197	5	0.37668500	2.62581349
1009	1049	197	6	1.06656221	9.09818209
1009	1049	197	7	0.00739346	0.04689546
1009	1049	197	8	0.02038093	0.20281369
1009	1049	197	9	0.32817666	1.15077544
1009	1049	197	10	0.42096224	1.43371061
1009	1049	197	11	0.00276407	0.01851358
1009	1049	197	12	1.19378147	10.06334887
1009	1049	197	13	1.21821030	7.16894088
1009	1049	197	14	1.24983063	14.80913634
1009	1049	197	15	0.43893869	1.59993159
1009	1049	197	16	0.99197041	6.06870332
1009	1049	197	17	0.51862189	2.06893376
1009	1049	197	18	0.15375567	0.54588950
1009	1049	197	19	0.97058387	17.64422502
1009	1049	198	0	1.26740012	4.55714686
1009	1049	198	1	0.35193220	2.04820015
1009	1049	198	2	1.39485819	15.21558301
1009	1049	198	3	0.02978933	0.24128386
1009	1049	198	4	3.97213005	14.66429187
1009	1049	198	5	0.37668500	2.62581349
1009	1049	198	6	1.06656221	9.09818209
1009	1049	198	7	0.00739346	0.04689546
1009	1049	198	8	0.02038093	0.20281371
1009	1049	198	9	0.32817666	1.15077544
1009	1049	198	10	0.42096224	1.43371061
1009	1049	198	11	0.00276407	0.01851358
1009	1049	198	12	1.19378147	10.06334887
1009	1049	198	13	1.21821030	7.16894088
1009	1049	198	14	1.24983063	14.80913645
1009	1049	198	15	0.43893869	1.59993159
1009	1049	198	16	0.99197041	6.06870332
1009	1049	198	17	0.51862189	2.06893376
1009	1049	198	18	0.15375567	0.54588950
1009	1049	198	19	0.97058387	17.64424809
1009	1049	199	0	1.26740012	4.55714686
1009	1049	199	1	0.35193220	2.04820015
1009	1049	199	2	1.39485819	15.21558301
1009	1049	199	3	0.02978933	0.24128386
1009	1049	199	4	3.97213005	14.66429187
1009	1049	199	5	0.37668500	2.62581349
1009	1049	199	6	1.06656221	9.09818208
1009	1049	199	7	0.00739346	0.04689546
1009	1049	199	8	0.02038093	0.20281372
1009	1049	199	9	0.32817666	1.15077544
1009	1049	199	10	0.42096224	1.43371061
1009	1049	199	11	0.00276407	0.01851358
1009	1049	199	12	1.19378147	10.06334887
1009	1049	199	13	1.21821030	7.16894088
1009	1049	199	14	1.24983063	14.80913655
1009	1049	199	15	0.43893869	1.59993159
1009	1049	199	16	0.99197041	6.06870332
1009	1049	199	17	0.51862189	2.06893375
1009	1049	199	18	0.15375567	0.54588950
1009	1049	199	19	0.97058387	17.64426988
1009	1049	200	0	1.26740012	4.55714686
1009	1049	200	1	0.35193220	2.04820015
1009	1049	200	2	1.39485819	15.21558302
1009	1049	200	3	0.02978933	0.24128386
1009	1049	200	4	3.97213005	14.66429187
1009	1049	200	5	0.37668500	2.62581349
1009	1049	200	6	1.06656221	9.09818208
1009	1049	200	7	0.00739346	0.04689546
1009	1049	200	8	0.02038093	0.20281374
1009	1049	200	9	0.32817666	1.15077544
1009	1049	200	10	0.42096224	1.43371061
1009	1049	200	11	0.00276407	0.01851358
1009	1049	200	12	1.19378147	10.06334887
1009	1049	200	13	1.21821030	7.16894088
1009	1049	200	14	1.24983063	14.80913664
1009	1049	200	15	0.43893869	1.59993159
1009	1049	200	16	0.99197041	6.06870332
1009	1049	200	17	0.51862189	2.06893375
1009	1049	200	18	0.15375567	0.54588950
1009	1049	200	19	0.97058387	17.64429048
