world_seed	cell_seed	time	gene_id	X	P
1006	1040	0	0	0.39735449	0.39735449
1006	1040	0	1	0.13848076	0.13848076
1006	1040	0	2	0.31814400	0.31814400
1006	1040	0	3	0.17170770	0.17170770
1006	1040	0	4	0.37466279	0.37466279
1006	1040	0	5	0.10986419	0.10986419
1006	1040	0	6	0.79186868	0.79186868
1006	1040	0	7	0.91041160	0.91041160
1006	1040	0	8	0.34868832	0.34868832
1006	1040	0	9	0.36362855	0.36362855
1006	1040	0	10	0.23808790	0.23808790
1006	1040	0	11	0.50816510	0.50816510
1006	1040	0	12	0.10937930	0.10937930
1006	1040	0	13	0.40393614	0.40393614
1006	1040	0	14	0.10793412	0.10793412
1006	1040	0	15	0.23974835	0.23974835
1006	1040	0	16	0.62476896	0.62476896
1006	1040	0	17	0.08687132	0.08687132
1006	1040	0	18	0.23681694	0.23681694
1006	1040	0	19	0.03569276	0.03569276
1006	1040	1	0	0.34176834	0.74503191
1006	1040	1	1	0.11800047	0.26210898
1006	1040	1	2	0.98133910	0.56456562
1006	1040	1	3	0.38584025	0.31105309
1006	1040	1	4	1.08506848	0.64814430
1006	1040	1	5	0.34600948	0.20598195
1006	1040	1	6	1.21980114	1.40338428
1006	1040	1	7	0.63180534	1.55587566
1006	1040	1	8	0.30537101	0.66298772
1006	1040	1	9	0.22860487	0.66425742
1006	1040	1	10	0.69539315	0.41084481
1006	1040	1	11	0.33602184	0.86846073
1006	1040	1	12	0.79216606	0.18810325
1006	1040	1	13	0.26835329	0.68933849
1006	1040	1	14	0.10084906	0.19813246
1006	1040	1	15	0.77811529	0.45494972
1006	1040	1	16	0.52904906	1.07315948
1006	1040	1	17	0.57799331	0.14939303
1006	1040	1	18	0.80989371	0.45782508
1006	1040	1	19	0.03114427	0.06847335
1006	1040	2	0	0.32463136	0.99365671
1006	1040	2	1	0.15572974	0.35199737
1006	1040	2	2	1.47231841	1.41862904
1006	1040	2	3	0.56873405	0.63826814
1006	1040	2	4	1.68052669	1.55817520
1006	1040	2	5	0.47246483	0.52621854
1006	1040	2	6	1.48411302	2.30355581
1006	1040	2	7	0.43967360	1.73489082
1006	1040	2	8	0.28347372	0.90297244
1006	1040	2	9	0.14625448	0.77777783
1006	1040	2	10	0.97330079	0.99350270
1006	1040	2	11	0.22907134	0.95177173
1006	1040	2	12	1.29096206	0.92755026
1006	1040	2	13	0.18745433	0.75540757
1006	1040	2	14	0.12846218	0.26642431
1006	1040	2	15	1.10815332	1.18648434
1006	1040	2	16	0.48921504	1.29924502
1006	1040	2	17	0.92580223	0.68551220
1006	1040	2	18	1.04603880	1.23715650
1006	1040	2	19	0.03449565	0.09403088
1006	1040	3	0	0.47550607	1.19406157
1006	1040	3	1	0.22864754	0.46997419
1006	1040	3	2	1.83484217	2.57113171
1006	1040	3	3	0.70988391	1.08670570
1006	1040	3	4	2.16342444	2.81790176
1006	1040	3	5	0.52971895	0.93284182
1006	1040	3	6	1.62760296	3.26301949
1006	1040	3	7	0.31129864	1.66967734
1006	1040	3	8	0.32723147	1.09739169
1006	1040	3	9	0.09713206	0.78928011
1006	1040	3	10	1.13688771	1.69418770
1006	1040	3	11	0.18437505	0.90388980
1006	1040	3	12	1.63664383	1.95855105
1006	1040	3	13	0.19016360	0.72118993
1006	1040	3	14	0.18336687	0.35110754
1006	1040	3	15	1.30024644	2.17315779
1006	1040	3	16	0.49233799	1.42167038
1006	1040	3	17	1.16820237	1.41916866
1006	1040	3	18	1.10341980	2.20060843
1006	1040	3	19	0.04441869	0.12085455
1006	1040	4	0	0.81115139	1.52028663
1006	1040	4	1	0.31876273	0.64821540
1006	1040	4	2	2.09961788	3.82633792
1006	1040	4	3	0.79606971	1.59177462
1006	1040	4	4	2.52578486	4.22032484
1006	1040	4	5	0.54569956	1.34584167
1006	1040	4	6	1.66672015	4.14744921
1006	1040	4	7	0.23381754	1.49506730
1006	1040	4	8	0.48064695	1.31639434
1006	1040	4	9	0.07063816	0.74966717
1006	1040	4	10	1.22835423	2.36619261
1006	1040	4	11	0.20638684	0.82524461
1006	1040	4	12	1.84169370	3.04627862
1006	1040	4	13	0.30421673	0.69972261
1006	1040	4	14	0.25743854	0.47678027
1006	1040	4	15	1.40286683	3.25090240
1006	1040	4	16	0.52591928	1.51265679
1006	1040	4	17	1.33382654	2.18958490
1006	1040	4	18	1.07414979	3.15712576
1006	1040	4	19	0.05934874	0.15541273
1006	1040	5	0	1.22313641	2.14137250
1006	1040	5	1	0.44491469	0.89745483
1006	1040	5	2	2.28653306	5.06334615
1006	1040	5	3	0.82995856	2.08783735
1006	1040	5	4	2.76437771	5.60637056
1006	1040	5	5	0.52246599	1.72314675
1006	1040	5	6	1.61786569	4.86956168
1006	1040	5	7	0.19853369	1.29379108
1006	1040	5	8	0.73783002	1.66721363
1006	1040	5	9	0.06266950	0.69042338
1006	1040	5	10	1.26316754	2.94526681
1006	1040	5	11	0.28350931	0.79149594
1006	1040	5	12	1.92109947	4.03420245
1006	1040	5	13	0.49873092	0.79860794
1006	1040	5	14	0.36938329	0.65587406
1006	1040	5	15	1.42702727	4.32092101
1006	1040	5	16	0.60407867	1.61153814
1006	1040	5	17	1.43274909	2.90968135
1006	1040	5	18	0.96881936	4.02052037
1006	1040	5	19	0.08458386	0.20208135
1006	1040	6	0	1.63410688	3.09679552
1006	1040	6	1	0.63665793	1.24611444
1006	1040	6	2	2.40680290	6.20839841
1006	1040	6	3	0.82617852	2.52429436
1006	1040	6	4	2.89314560	6.85669421
1006	1040	6	5	0.45929868	2.03000907
1006	1040	6	6	1.51104948	5.37835403
1006	1040	6	7	0.19597081	1.11580632
1006	1040	6	8	1.05516537	2.24061689
1006	1040	6	9	0.07378126	0.63347508
1006	1040	6	10	1.23432185	3.40025714
1006	1040	6	11	0.38837989	0.84469016
1006	1040	6	12	1.90509545	4.82465008
1006	1040	6	13	0.71838317	1.06298988
1006	1040	6	14	0.55906085	0.91748385
1006	1040	6	15	1.35736302	5.30554468
1006	1040	6	16	0.75342617	1.76066369
1006	1040	6	17	1.45628182	3.52686079
1006	1040	6	18	0.79347488	4.72094831
1006	1040	6	19	0.13448504	0.27017740
1006	1040	7	0	2.01100112	4.34374249
1006	1040	7	1	0.87650349	1.74912235
1006	1040	7	2	2.46241779	7.21557991
1006	1040	7	3	0.79958800	2.87471085
1006	1040	7	4	2.93892471	7.89812388
1006	1040	7	5	0.37586166	2.23530883
1006	1040	7	6	1.38048014	5.66444951
1006	1040	7	7	0.21509999	0.98705572
1006	1040	7	8	1.39042843	3.07480436
1006	1040	7	9	0.11000353	0.59750500
1006	1040	7	10	1.13459682	3.70155305
1006	1040	7	11	0.49592554	0.98727614
1006	1040	7	12	1.83104521	5.37755771
1006	1040	7	13	0.92461581	1.46944202
1006	1040	7	14	0.83791489	1.32578335
1006	1040	7	15	1.19804707	6.11969203
1006	1040	7	16	0.96719633	2.01703713
1006	1040	7	17	1.39577670	3.99458053
1006	1040	7	18	0.59958088	5.19927444
1006	1040	7	19	0.22336720	0.38261867
1006	1040	8	0	2.34324349	5.81169097
1006	1040	8	1	1.11673283	2.43802651
1006	1040	8	2	2.44450785	8.05131731
1006	1040	8	3	0.76095745	3.13249267
1006	1040	8	4	2.93010673	8.70408460
1006	1040	8	5	0.29401978	2.33148404
1006	1040	8	6	1.25200284	5.75481560
1006	1040	8	7	0.24549137	0.91490324
1006	1040	8	8	1.71662064	4.16198424
1006	1040	8	9	0.18482979	0.60398911
1006	1040	8	10	0.98046314	3.82044875
1006	1040	8	11	0.59176371	1.19591709
1006	1040	8	12	1.73084172	5.70145359
1006	1040	8	13	1.10032516	1.96285469
1006	1040	8	14	1.16975963	1.94584495
1006	1040	8	15	0.99172318	6.69116580
1006	1040	8	16	1.20864615	2.41480398
1006	1040	8	17	1.26536957	4.27069557
1006	1040	8	18	0.43122053	5.45177570
1006	1040	8	19	0.35122264	0.57476803
1006	1040	9	0	2.62985721	7.42835958
1006	1040	9	1	1.32525233	3.29327270
1006	1040	9	2	2.34264954	8.68073612
1006	1040	9	3	0.71728980	3.30305896
1006	1040	9	4	2.89007541	9.28356994
1006	1040	9	5	0.22426140	2.33378374
1006	1040	9	6	1.14005924	5.69612295
1006	1040	9	7	0.27907562	0.89413991
1006	1040	9	8	2.01937274	5.46813465
1006	1040	9	9	0.31185682	0.68417609
1006	1040	9	10	0.80619679	3.75258595
1006	1040	9	11	0.67036076	1.43968439
1006	1040	9	12	1.62628795	5.83436882
1006	1040	9	13	1.24156588	2.48718632
1006	1040	9	14	1.50821522	2.79586250
1006	1040	9	15	0.78546898	6.99780454
1006	1040	9	16	1.44585234	2.94172714
1006	1040	9	17	1.09793325	4.33900977
1006	1040	9	18	0.30209003	5.51906081
1006	1040	9	19	0.50293225	0.87909538
1006	1040	10	0	2.87361271	9.12952677
1006	1040	10	1	1.49243805	4.26531032
1006	1040	10	2	2.16356647	9.06640044
1006	1040	10	3	0.67308965	3.39781041
1006	1040	10	4	2.83590082	9.66652839
1006	1040	10	5	0.16874025	2.26603731
1006	1040	10	6	1.05044727	5.53885431
1006	1040	10	7	0.31052225	0.91300337
1006	1040	10	8	2.29206102	6.94821978
1006	1040	10	9	0.48863338	0.87749747
1006	1040	10	10	0.64105227	3.52907826
1006	1040	10	11	0.73115554	1.69111561
1006	1040	10	12	1.53026480	5.82547860
1006	1040	10	13	1.35027043	2.99889520
1006	1040	10	14	1.82352481	3.84466039
1006	1040	10	15	0.60577148	7.06679343
1006	1040	10	16	1.66239122	3.55710088
1006	1040	10	17	0.92426843	4.22073951
1006	1040	10	18	0.20906115	5.45272376
1006	1040	10	19	0.66034524	1.31030228
1006	1040	11	0	3.07846419	10.86177033
1006	1040	11	1	1.62076904	5.30027931
1006	1040	11	2	1.93439819	9.18603752
1006	1040	11	3	0.63137484	3.43050360
1006	1040	11	4	2.77925608	9.89189065
1006	1040	11	5	0.12609287	2.15124630
1006	1040	11	6	0.98387775	5.32779263
1006	1040	11	7	0.33680491	0.95782382
1006	1040	11	8	2.53239131	8.55502174
1006	1040	11	9	0.69339867	1.21410194
1006	1040	11	10	0.49992166	3.20175626
1006	1040	11	11	0.77580194	1.93017838
1006	1040	11	12	1.44939560	5.72305685
1006	1040	11	13	1.43016906	3.46914928
1006	1040	11	14	2.10274603	5.03642895
1006	1040	11	15	0.46058661	6.94902130
1006	1040	11	16	1.85254382	4.21528743
1006	1040	11	17	0.76322352	3.96195501
1006	1040	11	18	0.14419344	5.29778620
1006	1040	11	19	0.81045899	1.86374001
1006	1040	12	0	3.24847431	12.58230110
1006	1040	12	1	1.71687809	6.35257535
1006	1040	12	2	1.68758752	9.04953533
1006	1040	12	3	0.59426721	3.41532017
1006	1040	12	4	2.72773134	9.99974693
1006	1040	12	5	0.09397034	2.00817080
1006	1040	12	6	0.93853733	5.09823205
1006	1040	12	7	0.35656473	1.01588331
1006	1040	12	8	2.74041501	10.24368525
1006	1040	12	9	0.89919108	1.69715403
1006	1040	12	10	0.38647371	2.82312035
1006	1040	12	11	0.80667667	2.14432336
1006	1040	12	12	1.38634341	5.56847129
1006	1040	12	13	1.48503537	3.88130740
1006	1040	12	14	2.34293441	6.31158681
1006	1040	12	15	0.34819721	6.69812257
1006	1040	12	16	2.01597405	4.87781402
1006	1040	12	17	0.62307347	3.61466165
1006	1040	12	18	0.09973900	5.08832383
1006	1040	12	19	0.94637859	2.52213654
1006	1040	13	0	3.38737247	14.25774204
1006	1040	13	1	1.78783411	7.38811810
1006	1040	13	2	1.44796619	8.69699552
1006	1040	13	3	0.56331534	3.36589080
1006	1040	13	4	2.68592897	10.02695085
1006	1040	13	5	0.07004794	1.85087467
1006	1040	13	6	0.91156764	4.87561493
1006	1040	13	7	0.36955572	1.07680618
1006	1040	13	8	2.91744656	11.97383024
1006	1040	13	9	1.08658974	2.30230840
1006	1040	13	10	0.29855333	2.43493367
1006	1040	13	11	0.82619631	2.32702966
1006	1040	13	12	1.34138000	5.39415870
1006	1040	13	13	1.51808615	4.22738533
1006	1040	13	14	2.54598821	7.61739856
1006	1040	13	15	0.26333389	6.36052306
1006	1040	13	16	2.15467413	5.51673304
1006	1040	13	17	0.50564996	3.22456289
1006	1040	13	18	0.06953994	4.84838978
1006	1040	13	19	1.06552959	3.26273412
1006	1040	14	0	3.49834706	15.86261830
1006	1040	14	1	1.83978844	8.38355139
1006	1040	14	2	1.22979573	8.18431096
1006	1040	14	3	0.53970369	3.29482566
1006	1040	14	4	2.65624523	10.00500573
1006	1040	14	5	0.05235077	1.68933735
1006	1040	14	6	0.89979698	4.67673056
1006	1040	14	7	0.37623942	1.13299029
1006	1040	14	8	3.06549854	13.71037349
1006	1040	14	9	1.24649682	2.99001673
1006	1040	14	10	0.23187898	2.06534452
1006	1040	14	11	0.83656938	2.47609043
1006	1040	14	12	1.31335037	5.22373667
1006	1040	14	13	1.53179267	4.50495856
1006	1040	14	14	2.71578886	8.91169256
1006	1040	14	15	0.20017787	5.97262583
1006	1040	14	16	2.27146675	6.11397900
1006	1040	14	17	0.40956478	2.82638342
1006	1040	14	18	0.04909576	4.59427355
1006	1040	14	19	1.16783265	4.06205738
1006	1040	15	0	3.58392829	17.37782828
1006	1040	15	1	1.87765877	9.32417539
1006	1040	15	2	1.03907992	7.56903556
1006	1040	15	3	0.52440039	3.21354275
1006	1040	15	4	2.63939768	9.95930335
1006	1040	15	5	0.03930884	1.53031476
1006	1040	15	6	0.90004203	4.51137270
1006	1040	15	7	0.37751054	1.17950743
1006	1040	15	8	3.18701142	15.42370443
1006	1040	15	9	1.37736790	3.71848473
1006	1040	15	10	0.18193419	1.73049577
1006	1040	15	11	0.83975961	2.59214951
1006	1040	15	12	1.30022923	5.07304860
1006	1040	15	13	1.52784993	4.71478532
1006	1040	15	14	2.85677391	10.16310827
1006	1040	15	15	0.15355405	5.56128799
1006	1040	15	16	2.36931122	6.65940916
1006	1040	15	17	0.33212241	2.44372656
1006	1040	15	18	0.03525240	4.33667678
1006	1040	15	19	1.25446695	4.89846696
1006	1040	16	0	3.64592143	18.78918865
1006	1040	16	1	1.90520889	10.20178461
1006	1040	16	2	0.87670882	6.90175203
1006	1040	16	3	0.51824279	3.13227621
1006	1040	16	4	2.63477885	9.90909579
1006	1040	16	5	0.02971634	1.37814746
1006	1040	16	6	0.90919202	4.38392119
1006	1040	16	7	0.37451658	1.21375829
1006	1040	16	8	3.28475187	17.08957324
1006	1040	16	9	1.48171587	4.45161469
1006	1040	16	10	0.14474684	1.43758427
1006	1040	16	11	0.83754007	2.67762713
1006	1040	16	12	1.29942836	4.95147222
1006	1040	16	13	1.50726156	4.85909634
1006	1040	16	14	2.97326925	11.34987586
1006	1040	16	15	0.11926533	5.14544173
1006	1040	16	16	2.45099815	7.14870346
1006	1040	16	17	0.27031944	2.09088420
1006	1040	16	18	0.02585017	4.08243261
1006	1040	16	19	1.32714309	5.75326821
1006	1040	17	0	3.68537877	20.08609454
1006	1040	17	1	1.92524822	11.01281737
1006	1040	17	2	0.74086013	6.22252981
1006	1040	17	3	0.52195481	3.06016863
1006	1040	17	4	2.64070441	9.86782843
1006	1040	17	5	0.02266548	1.23542714
1006	1040	17	6	0.92420321	4.29464755
1006	1040	17	7	0.36853902	1.23504752
1006	1040	17	8	3.36180253	18.68888837
1006	1040	17	9	1.56363539	5.16207579
1006	1040	17	10	0.11710686	1.18785994
1006	1040	17	11	0.83157375	2.73601233
1006	1040	17	12	1.30796620	4.86316875
1006	1040	17	13	1.47053469	4.94047137
1006	1040	17	14	3.06920398	12.45812863
1006	1040	17	15	0.09406908	4.73788376
1006	1040	17	16	2.51902979	7.58155209
1006	1040	17	17	0.22131575	1.77513888
1006	1040	17	18	0.01943011	3.83575839
1006	1040	17	19	1.38770608	6.61100241
1006	1040	18	0	3.70261155	21.26031922
1006	1040	18	1	1.93984181	11.75690343
1006	1040	18	2	0.62851400	5.56058277
1006	1040	18	3	0.53609713	3.00536343
1006	1040	18	4	2.65460887	9.84363128
1006	1040	18	5	0.01748122	1.10351343
1006	1040	18	6	0.94207798	4.24071773
1006	1040	18	7	0.36091268	1.24416362
1006	1040	18	8	3.42158576	20.20752380
1006	1040	18	9	1.62742482	5.83136702
1006	1040	18	10	0.09653843	0.97901965
1006	1040	18	11	0.82348388	2.77144187
1006	1040	18	12	1.32257604	4.80815163
1006	1040	18	13	1.41797494	4.96124029
1006	1040	18	14	3.14801433	13.48020756
1006	1040	18	15	0.07553033	4.34685793
1006	1040	18	16	2.57558835	7.96023492
1006	1040	18	17	0.18262419	1.49889176
1006	1040	18	18	0.01501437	3.59913093
1006	1040	18	19	1.43793207	7.45931710
1006	1040	19	0	3.69725539	22.30497566
1006	1040	19	1	1.95049264	12.43577731
1006	1040	19	2	0.53631451	4.93551894
1006	1040	19	3	0.56096264	2.97502986
1006	1040	19	4	2.67322849	9.83987326
1006	1040	19	5	0.01366561	0.98292077
1006	1040	19	6	0.95987076	4.21694554
1006	1040	19	7	0.35296777	1.24300041
1006	1040	19	8	3.46786941	21.63616904
1006	1040	19	9	1.67695288	6.44849109
1006	1040	19	10	0.08118510	0.80691642
1006	1040	19	11	0.81488932	2.78847201
1006	1040	19	12	1.33980466	4.78316381
1006	1040	19	13	1.35005554	4.92335489
1006	1040	19	14	3.21263840	14.41314839
1006	1040	19	15	0.06185276	3.97732909
1006	1040	19	16	2.62254530	8.28857041
1006	1040	19	17	0.15215864	1.26138381
1006	1040	19	18	0.01195042	3.37388390
1006	1040	19	19	1.47943421	8.28864384
1006	1040	20	0	3.66841417	23.21367348
1006	1040	20	1	1.95828741	13.05249049
1006	1040	20	2	0.46101871	4.35917002
1006	1040	20	3	0.59644580	2.97527887
1006	1040	20	4	2.69280032	9.85574974
1006	1040	20	5	0.01085333	0.87360131
1006	1040	20	6	0.97474360	4.21638040
1006	1040	20	7	0.34598467	1.23423081
1006	1040	20	8	3.50470521	22.97019967
1006	1040	20	9	1.71544430	7.00822474
1006	1040	20	10	0.06967954	0.66668476
1006	1040	20	11	0.80738829	2.79195203
1006	1040	20	12	1.35613564	4.78240785
1006	1040	20	13	1.26780448	4.82866744
1006	1040	20	14	3.26555207	15.25741205
1006	1040	20	15	0.05172641	3.63195741
1006	1040	20	16	2.66148822	8.57117050
1006	1040	20	17	0.12821593	1.05998265
1006	1040	20	18	0.00980370	3.16060937
1006	1040	20	19	1.51362790	9.09180798
1006	1040	21	0	3.61490979	23.97992511
1006	1040	21	1	1.96400824	13.61085385
1006	1040	21	2	0.39970400	3.83745741
1006	1040	21	3	0.64193092	3.01096410
1006	1040	21	4	2.70929657	9.88691047
1006	1040	21	5	0.00877739	0.77514785
1006	1040	21	6	0.98407934	4.23081681
1006	1040	21	7	0.34115427	1.22103023
1006	1040	21	8	3.53626276	24.20949907
1006	1040	21	9	1.74547173	7.50947438
1006	1040	21	10	0.06102674	0.55342691
1006	1040	21	11	0.80248315	2.78691838
1006	1040	21	12	1.36815668	4.79819474
1006	1040	21	13	1.17311508	4.67951466
1006	1040	21	14	3.30882091	16.01585961
1006	1040	21	15	0.04420351	3.31182073
1006	1040	21	16	2.69375378	8.81293272
1006	1040	21	17	0.10943072	0.89109056
1006	1040	21	18	0.00828498	2.95942535
1006	1040	21	19	1.54172744	9.86363568
1006	1040	22	0	3.53565154	24.59687594
1006	1040	22	1	1.96821610	14.11505167
1006	1040	22	2	0.34984121	3.37204497
1006	1040	22	3	0.69624895	3.08540875
1006	1040	22	4	2.71870369	9.92615219
1006	1040	22	5	0.00724325	0.68693714
1006	1040	22	6	0.98564727	4.25130097
1006	1040	22	7	0.33953794	1.20684088
1006	1040	22	8	3.56655071	25.35813174
1006	1040	22	9	1.76903387	7.95390854
1006	1040	22	10	0.05450891	0.46259406
1006	1040	22	11	0.80145377	2.77844432
1006	1040	22	12	1.37277515	4.82157813
1006	1040	22	13	1.06886877	4.47944089
1006	1040	22	14	3.34415552	16.69294758
1006	1040	22	15	0.03860238	3.01693881
1006	1040	22	16	2.72046126	9.01870864
1006	1040	22	17	0.09472310	0.75075289
1006	1040	22	18	0.00720167	2.77015272
1006	1040	22	19	1.56475814	10.60058953
1006	1040	23	0	3.43010138	25.05743761
1006	1040	23	1	1.97131208	14.56938042
1006	1040	23	2	0.30929724	2.96169233
1006	1040	23	3	0.75773530	3.20014060
1006	1040	23	4	2.71734266	9.96420343
1006	1040	23	5	0.00610955	0.60822940
1006	1040	23	6	0.97780074	4.26868767
1006	1040	23	7	0.34202201	1.19516457
1006	1040	23	8	3.59906282	26.42376997
1006	1040	23	9	1.78765859	8.34490537
1006	1040	23	10	0.04961223	0.39016779
1006	1040	23	11	0.80520650	2.77140672
1006	1040	23	12	1.36746842	4.84302641
1006	1040	23	13	0.95879361	4.23383183
1006	1040	23	14	3.37296433	17.29411078
1006	1040	23	15	0.03443523	2.74664766
1006	1040	23	16	2.74254379	9.19309946
1006	1040	23	17	0.08324815	0.63504358
1006	1040	23	18	0.00642553	2.59243176
1006	1040	23	19	1.58357529	11.30044606
1006	1040	24	0	3.29875552	25.35486992
1006	1040	24	1	1.97358196	14.97807684
1006	1040	24	2	0.27630361	2.60330563
1006	1040	24	3	0.82438526	3.35473491
1006	1040	24	4	2.70220697	9.99061754
1006	1040	24	5	0.00527385	0.53823604
1006	1040	24	6	0.95966733	4.27426791
1006	1040	24	7	0.34926505	1.18937037
1006	1040	24	8	3.63643309	27.41682314
1006	1040	24	9	1.80250292	8.68678561
1006	1040	24	10	0.04597205	0.33271851
1006	1040	24	11	0.81414391	2.77016970
1006	1040	24	12	1.35053346	4.85315673
1006	1040	24	13	0.84707185	3.95022081
1006	1040	24	14	3.39640116	17.82529939
1006	1040	24	15	0.03135504	2.49986350
1006	1040	24	16	2.76077657	9.34034057
1006	1040	24	17	0.07435134	0.54029208
1006	1040	24	18	0.00587122	2.42579849
1006	1040	24	19	1.59888503	11.96201847
1006	1040	25	0	3.14351330	25.48377153
1006	1040	25	1	1.97522837	15.34520906
1006	1040	25	2	0.24941132	2.29272000
1006	1040	25	3	0.89406668	3.54684228
1006	1040	25	4	2.67127075	9.99476257
1006	1040	25	5	0.00466217	0.47616469
1006	1040	25	6	0.93127655	4.26044380
1006	1040	25	7	0.36164221	1.19250544
1006	1040	25	8	3.68020389	28.34930802
1006	1040	25	9	1.81443893	8.98427848
1006	1040	25	10	0.04333271	0.28739305
1006	1040	25	11	0.82810518	2.77823004
1006	1040	25	12	1.32127955	4.84351289
1006	1040	25	13	0.73781101	3.63811280
1006	1040	25	14	3.41540679	18.29263969
1006	1040	25	15	0.02911695	2.27526649
1006	1040	25	16	2.77580134	9.46424684
1006	1040	25	17	0.06753083	0.46320216
1006	1040	25	18	0.00548215	2.26973457
1006	1040	25	19	1.61126486	12.58492296
1006	1040	26	0	2.96779914	25.44131569
1006	1040	26	1	1.97639384	15.67461151
1006	1040	26	2	0.22744292	2.02526050
1006	1040	26	3	0.96473289	3.77242398
1006	1040	26	4	2.62370120	9.96685198
1006	1040	26	5	0.00422142	0.42124815
1006	1040	26	6	0.89356872	4.22137744
1006	1040	26	7	0.37919954	1.20710530
1006	1040	26	8	3.73078302	29.23359859
1006	1040	26	9	1.82412310	9.24216587
1006	1040	26	10	0.04151850	0.25186549
1006	1040	26	11	0.84640938	2.79790620
1006	1040	26	12	1.28010160	4.80731800
1006	1040	26	13	0.63454287	3.30833106
1006	1040	26	14	3.43074450	18.70219205
1006	1040	26	15	0.02755037	2.07142707
1006	1040	26	16	2.78814756	9.56819791
1006	1040	26	17	0.06240662	0.40089966
1006	1040	26	18	0.00522117	2.12369970
1006	1040	26	19	1.62118246	13.16938453
1006	1040	27	0	2.77636674	25.22845351
1006	1040	27	1	1.97717733	15.96984990
1006	1040	27	2	0.20944712	1.79612868
1006	1040	27	3	1.03458820	4.02615575
1006	1040	27	4	2.55991534	9.89890937
1006	1040	27	5	0.00391379	0.37276214
1006	1040	27	6	0.84825585	4.15350086
1006	1040	27	7	0.40163616	1.23501364
1006	1040	27	8	3.78759757	30.08125631
1006	1040	27	9	1.83205031	9.46505772
1006	1040	27	10	0.04041278	0.22427244
1006	1040	27	11	0.86799721	2.83016105
1006	1040	27	12	1.22839288	4.74008936
1006	1040	27	13	0.53988618	2.97205459
1006	1040	27	14	3.44303012	19.05978431
1006	1040	27	15	0.02653910	1.88689146
1006	1040	27	16	2.79825044	9.65514879
1006	1040	27	17	0.05869562	0.35093604
1006	1040	27	18	0.00506442	1.98715247
1006	1040	27	19	1.62901235	13.71607750
1006	1040	28	0	2.57482430	24.85077085
1006	1040	28	1	1.97764601	16.23420646
1006	1040	28	2	0.19465834	1.60065653
1006	1040	28	3	1.10218383	4.30192117
1006	1040	28	4	2.48145748	9.78552944
1006	1040	28	5	0.00371272	0.33003515
1006	1040	28	6	0.79755454	4.05577073
1006	1040	28	7	0.42832904	1.27723673
1006	1040	28	8	3.84938282	30.90212944
1006	1040	28	9	1.83859490	9.65726014
1006	1040	28	10	0.03994319	0.20314517
1006	1040	28	11	0.89162913	2.87461800
1006	1040	28	12	1.16830465	4.63999395
1006	1040	28	13	0.45542667	2.63980070
1006	1040	28	14	3.45275698	19.37090248
1006	1040	28	15	0.02600713	1.72023852
1006	1040	28	16	2.80646606	9.72765545
1006	1040	28	17	0.05619203	0.31126598
1006	1040	28	18	0.00499722	1.85956374
1006	1040	28	19	1.63505028	14.22599571
1006	1040	29	0	2.36901720	24.31876346
1006	1040	29	1	1.97784351	16.47067856
1006	1040	29	2	0.18246208	1.43446285
1006	1040	29	3	1.16644671	4.59330782
1006	1040	29	4	2.39072729	9.62431099
1006	1040	29	5	0.00360006	0.29245320
1006	1040	29	6	0.74385774	3.92959794
1006	1040	29	7	0.45840306	1.33386497
1006	1040	29	8	3.91451176	31.70383029
1006	1040	29	9	1.84404150	9.82270753
1006	1040	29	10	0.04007128	0.18734559
1006	1040	29	11	0.91608172	2.92977047
1006	1040	29	12	1.10241064	4.50786370
1006	1040	29	13	0.38178776	2.32058617
1006	1040	29	14	3.46031656	19.64062443
1006	1040	29	15	0.02590867	1.57011660
1006	1040	29	16	2.81308409	9.78790840
1006	1040	29	17	0.05475204	0.28021166
1006	1040	29	18	0.00501148	1.74042505
1006	1040	29	19	1.63952530	14.70034764
1006	1040	30	0	2.16443536	23.64746028
1006	1040	30	1	1.97779572	16.68198571
1006	1040	30	2	0.17236581	1.29353961
1006	1040	30	3	1.22665843	4.89403874
1006	1040	30	4	2.29062934	9.41590093
1006	1040	30	5	0.00356394	0.25946092
1006	1040	30	6	0.68942851	3.77846500
1006	1040	30	7	0.49083372	1.40408729
1006	1040	30	8	3.98128360	32.49159338
1006	1040	30	9	1.84860785	9.96493730
1006	1040	30	10	0.04078557	0.17600950
1006	1040	30	11	0.94029561	2.99332686
1006	1040	30	12	1.03336038	4.34687112
1006	1040	30	13	0.31882003	2.02140522
1006	1040	30	14	3.46601532	19.87358514
1006	1040	30	15	0.02622134	1.43526667
1006	1040	30	16	2.81833823	9.83776937
1006	1040	30	17	0.05428224	0.25642172
1006	1040	30	18	0.00510395	1.62925377
1006	1040	30	19	1.64260969	15.14047225
1006	1040	31	0	1.96577242	22.85550127
1006	1040	31	1	1.97751475	16.87058167
1006	1040	31	2	0.16397501	1.17428984
1006	1040	31	3	1.28240542	5.19830164
1006	1040	31	4	2.18422524	9.16367606
1006	1040	31	5	0.00359731	0.23056057
1006	1040	31	6	0.63617883	3.60732431
1006	1040	31	7	0.52456013	1.48630422
1006	1040	31	8	4.04812849	33.26843621
1006	1040	31	9	1.85246177	10.08709172
1006	1040	31	10	0.04209695	0.16849830
1006	1040	31	11	0.96345547	3.06260306
1006	1040	31	12	0.96359426	4.16194911
1006	1040	31	13	0.26583429	1.74705026
1006	1040	31	14	3.47008812	20.07396440
1006	1040	31	15	0.02694164	1.31453621
1006	1040	31	16	2.82241482	9.87880823
1006	1040	31	17	0.05473111	0.23883019
1006	1040	31	18	0.00527523	1.52559625
1006	1040	31	19	1.64442682	15.54777149
1006	1040	32	0	1.77668780	21.96388967
1006	1040	32	1	1.97700147	17.03866910
1006	1040	32	2	0.15697367	1.07353294
1006	1040	32	3	1.33351783	5.50096611
1006	1040	32	4	2.07444874	8.87316283
1006	1040	32	5	0.00369699	0.20530966
1006	1040	32	6	0.58555722	3.42191231
1006	1040	32	7	0.55858508	1.57832082
1006	1040	32	8	4.11372288	34.03550882
1006	1040	32	9	1.85573358	10.19193646
1006	1040	32	10	0.04403623	0.16435955
1006	1040	32	11	0.98500778	3.13488064
1006	1040	32	12	0.89515884	3.95908842
1006	1040	32	13	0.22182228	1.50021814
1006	1040	32	14	3.47270879	20.24549006
1006	1040	32	15	0.02808218	1.20688720
1006	1040	32	16	2.82545976	9.91233802
1006	1040	32	17	0.05608297	0.22661835
1006	1040	32	18	0.00552908	1.42902970
1006	1040	32	19	1.64505732	15.92365635
1006	1040	33	0	1.59975555	20.99466231
1006	1040	33	1	1.97624704	17.18821529
1006	1040	33	2	0.15110846	0.98848934
1006	1040	33	3	1.38000902	5.79769881
1006	1040	33	4	1.96391180	8.55132898
1006	1040	33	5	0.00386300	0.18331788
1006	1040	33	6	0.53853348	3.22810746
1006	1040	33	7	0.59204718	1.67758375
1006	1040	33	8	4.17703279	34.79252430
1006	1040	33	9	1.85852531	10.28188835
1006	1040	33	10	0.04665286	0.16329575
1006	1040	33	11	1.00463576	3.20767869
1006	1040	33	12	0.82962475	3.74464737
1006	1040	33	13	0.18563557	1.28180614
1006	1040	33	14	3.47399828	20.39145121
1006	1040	33	15	0.02967022	1.11140054
1006	1040	33	16	2.82758393	9.93944694
1006	1040	33	17	0.05835409	0.21918129
1006	1040	33	18	0.00587227	1.33916334
1006	1040	33	19	1.64454353	16.26950327
1006	1040	34	0	1.43654752	19.96967505
1006	1040	34	1	1.97523374	17.32096772
1006	1040	34	2	0.14617611	0.91675276
1006	1040	34	3	1.42202220	6.08499653
1006	1040	34	4	1.85480074	8.20587250
1006	1040	34	5	0.00409818	0.16424378
1006	1040	34	6	0.49564986	3.03141913
1006	1040	34	7	0.62426008	1.78142132
1006	1040	34	8	4.23730867	35.53819002
1006	1040	34	9	1.86091751	10.35904757
1006	1040	34	10	0.05001483	0.16514047
1006	1040	34	11	1.02221276	3.27892143
1006	1040	34	12	0.76808594	3.52477288
1006	1040	34	13	0.15611358	1.09129973
1006	1040	34	14	3.47403065	20.51471745
1006	1040	34	15	0.03174718	1.02727845
1006	1040	34	16	2.82886750	9.96102693
1006	1040	34	17	0.06159030	0.21609992
1006	1040	34	18	0.00631444	1.25563923
1006	1040	34	19	1.64289274	16.58661878
1006	1040	35	0	1.28779129	18.90962319
1006	1040	35	1	1.97393514	17.43846870
1006	1040	35	2	0.14201327	0.85625612
1006	1040	35	3	1.45978652	6.36015948
1006	1040	35	4	1.74884494	7.84459879
1006	1040	35	5	0.00440795	0.14779143
1006	1040	35	6	0.45710581	2.83664419
1006	1040	35	7	0.65472229	1.88725303
1006	1040	35	8	4.29405380	36.27059132
1006	1040	35	9	1.86297424	10.42523093
1006	1040	35	10	0.05420925	0.16984098
1006	1040	35	11	1.03775036	3.34701046
1006	1040	35	12	0.71121101	3.30498303
1006	1040	35	13	0.13216496	0.92717484
1006	1040	35	14	3.47283733	20.61776091
1006	1040	35	15	0.03436890	0.95384628
1006	1040	35	16	2.82936306	9.97779824
1006	1040	35	17	0.06586596	0.21711846
1006	1040	35	18	0.00686831	1.17813298
1006	1040	35	19	1.64007926	16.87621004
1006	1040	36	0	1.15355438	17.83334228
1006	1040	36	1	1.97231586	17.54206870
1006	1040	36	2	0.13848844	0.80523500
1006	1040	36	3	1.49358303	6.62122589
1006	1040	36	4	1.64733518	7.47493470
1006	1040	36	5	0.00480036	0.13370741
1006	1040	36	6	0.42285034	2.64768642
1006	1040	36	7	0.68310546	1.99274786
1006	1040	36	8	4.34698149	36.98750563
1006	1040	36	9	1.86474682	10.48200456
1006	1040	36	10	0.05934329	0.17744610
1006	1040	36	11	1.05135122	3.41082406
1006	1040	36	12	0.65931981	3.08991799
1006	1040	36	13	0.11281179	0.78726326
1006	1040	36	14	3.47040989	20.70267890
1006	1040	36	15	0.03760644	0.89055429
1006	1040	36	16	2.82909787	9.99033041
1006	1040	36	17	0.07128368	0.22212716
1006	1040	36	18	0.00754997	1.10635456
1006	1040	36	19	1.63604579	17.13936010
1006	1040	37	0	1.03342262	16.75738059
1006	1040	37	1	1.97033100	17.63293797
1006	1040	37	2	0.13549561	0.76219126
1006	1040	37	3	1.52371931	6.86688477
1006	1040	37	4	1.55117090	7.10359219
1006	1040	37	5	0.00528610	0.12177802
1006	1040	37	6	0.39266605	2.46750951
1006	1040	37	7	0.70923008	2.09592481
1006	1040	37	8	4.39597099	37.68664290
1006	1040	37	9	1.86627661	10.53071458
1006	1040	37	10	0.06554536	0.18809842
1006	1040	37	11	1.06317103	3.46966958
1006	1040	37	12	0.61246566	2.88323727
1006	1040	37	13	0.09720734	0.66905513
1006	1040	37	14	3.46670152	20.77121569
1006	1040	37	15	0.04154727	0.83698007
1006	1040	37	16	2.82807539	9.99905943
1006	1040	37	17	0.07797474	0.23114966
1006	1040	37	18	0.00837921	1.04004939
1006	1040	37	19	1.63070409	17.37700627
1006	1040	38	0	0.92665541	15.69580336
1006	1040	38	1	1.96792529	17.71207634
1006	1040	38	2	0.13294916	0.72585847
1006	1040	38	3	1.55051121	7.09637979
1006	1040	38	4	1.46092025	6.73636999
1006	1040	38	5	0.00587873	0.11182701
1006	1040	38	6	0.36623753	2.29818473
1006	1040	38	7	0.73303578	2.19519988
1006	1040	38	8	4.44102704	38.36581817
1006	1040	38	9	1.86759712	10.57251525
1006	1040	38	10	0.07296611	0.20202982
1006	1040	38	11	1.07339036	3.52321163
1006	1040	38	12	0.57051157	2.68762808
1006	1040	38	13	0.08463670	0.56993035
1006	1040	38	14	3.46162764	20.82478211
1006	1040	38	15	0.04629668	0.79283196
1006	1040	38	16	2.82627604	10.00430168
1006	1040	38	17	0.08609962	0.24433426
1006	1040	38	18	0.00938010	0.97899970
1006	1040	38	19	1.62393557	17.58992121
1006	1040	39	0	0.83231166	14.66017682
1006	1040	39	1	1.96503204	17.78032114
1006	1040	39	2	0.13077988	0.69517009
1006	1040	39	3	1.57427037	7.30941303
1006	1040	39	4	1.37688248	6.37806902
1006	1040	39	5	0.00659492	0.10371371
1006	1040	39	6	0.34320250	2.14099621
1006	1040	39	7	0.75455168	2.28938966
1006	1040	39	8	4.48224547	39.02306672
1006	1040	39	9	1.86873554	10.60839435
1006	1040	39	10	0.08177903	0.21955922
1006	1040	39	11	1.08219545	3.57139296
1006	1040	39	12	0.53319453	2.50488751
1006	1040	39	13	0.07450751	0.48732278
1006	1040	39	14	3.45506568	20.86447260
1006	1040	39	15	0.05197928	0.75795343
1006	1040	39	16	2.82365748	10.00626465
1006	1040	39	17	0.09584841	0.26194816
1006	1040	39	18	0.01058148	0.92302628
1006	1040	39	19	1.61559194	17.77869591
1006	1040	40	0	0.74934621	13.65968006
1006	1040	40	1	1.96157198	17.83835320
1006	1040	40	2	0.12893180	0.66923081
1006	1040	40	3	1.59529595	7.50605436
1006	1040	40	4	1.29914636	6.03249288
1006	1040	40	5	0.00745479	0.09733176
1006	1040	40	6	0.32318735	1.99657334
1006	1040	40	7	0.77386976	2.37768428
1006	1040	40	8	4.51978514	39.65671343
1006	1040	40	9	1.86971393	10.63919571
1006	1040	40	10	0.09218026	0.24109151
1006	1040	40	11	1.08976602	3.61435925
1006	1040	40	12	0.50017637	2.33604596
1006	1040	40	13	0.06633590	0.41882696
1006	1040	40	14	3.44685438	20.89107917
1006	1040	40	15	0.05874043	0.73232858
1006	1040	40	16	2.82015445	10.00505489
1006	1040	40	17	0.10744061	0.28437377
1006	1040	40	18	0.01201767	0.87199078
1006	1040	40	19	1.60549629	17.94372486
1006	1040	41	0	0.67668035	12.70129950
1006	1040	41	1	1.95745203	17.88670107
1006	1040	41	2	0.12735972	0.64729121
1006	1040	41	3	1.61386957	7.68665963
1006	1040	41	4	1.22764162	5.70250677
1006	1040	41	5	0.00848223	0.09260820
1006	1040	41	6	0.30582999	1.86502853
1006	1040	41	7	0.79112260	2.45960152
1006	1040	41	8	4.55384587	40.26540723
1006	1040	41	9	1.87055015	10.66563904
1006	1040	41	10	0.10438705	0.26711658
1006	1040	41	11	1.09626831	3.65239346
1006	1040	41	12	0.47108184	2.18150688
1006	1040	41	13	0.05973073	0.36225940
1006	1040	41	14	3.43679302	20.90510244
1006	1040	41	15	0.06674729	0.71608851
1006	1040	41	16	2.81567824	10.00068362
1006	1040	41	17	0.12112378	0.31210578
1006	1040	41	18	0.01372912	0.82579836
1006	1040	41	19	1.59344533	18.08519345
1006	1040	42	0	0.61325092	11.79006936
1006	1040	42	1	1.95256422	17.92574351
1006	1040	42	2	0.12602724	0.62872559
1006	1040	42	3	1.63025253	7.85179926
1006	1040	42	4	1.16218215	5.39013183
1006	1040	42	5	0.00970534	0.08950309
1006	1040	42	6	0.29079323	1.74608653
1006	1040	42	7	0.80646604	2.53493208
1006	1040	42	8	4.58465154	40.84813014
1006	1040	42	9	1.87125849	10.68833721
1006	1040	42	10	0.11863461	0.29820720
1006	1040	42	11	1.10185178	3.68586250
1006	1040	42	12	0.44552575	2.04118541
1006	1040	42	13	0.05437833	0.31568625
1006	1040	42	14	3.42464079	20.90676003
1006	1040	42	15	0.07618933	0.70951807
1006	1040	42	16	2.81011614	9.99307020
1006	1040	42	17	0.13717055	0.34574782
1006	1040	42	18	0.01576311	0.78440099
1006	1040	42	19	1.57921299	18.20306867
1006	1040	43	0	0.55804266	10.92933135
1006	1040	43	1	1.94678471	17.95571071
1006	1040	43	2	0.12490526	0.61301293
1006	1040	43	3	1.64468455	8.00219744
1006	1040	43	4	1.10250137	5.09665726
1006	1040	43	5	0.01115681	0.08800963
1006	1040	43	6	0.27777149	1.63919756
1006	1040	43	7	0.82006607	2.60368342
1006	1040	43	8	4.61243750	41.40418843
1006	1040	43	9	1.87185018	10.70781119
1006	1040	43	10	0.13517050	0.33501416
1006	1040	43	11	1.10664816	3.71517595
1006	1040	43	12	0.42313130	1.91463525
1006	1040	43	13	0.05002857	0.27742744
1006	1040	43	14	3.41011694	20.89599302
1006	1040	43	15	0.08727773	0.71306239
1006	1040	43	16	2.80333077	9.98204402
1006	1040	43	17	0.15587315	0.38600692
1006	1040	43	18	0.01817444	0.74780110
1006	1040	43	19	1.56255623	18.29709412
1006	1040	44	0	0.51010798	10.12099414
1006	1040	44	1	1.93997333	17.97668431
1006	1040	44	2	0.12397077	0.59972055
1006	1040	44	3	1.65738371	8.13868160
1006	1040	44	4	1.04828017	4.82275753
1006	1040	44	5	0.01287417	0.08815449
1006	1040	44	6	0.26649299	1.54363148
1006	1040	44	7	0.83208966	2.66602681
1006	1040	44	8	4.63744137	41.93319217
1006	1040	44	9	1.87233379	10.72450295
1006	1040	44	10	0.15424623	0.37825723
1006	1040	44	11	1.11077191	3.74075595
1006	1040	44	12	0.40354167	1.80115842
1006	1040	44	13	0.04648277	0.24604580
1006	1040	44	14	3.39290216	20.87247140
1006	1040	44	15	0.10024354	0.72733223
1006	1040	44	16	2.79515983	9.96734527
1006	1040	44	17	0.17753508	0.43368419
1006	1040	44	18	0.02102603	0.71605578
1006	1040	44	19	1.54322333	18.36679127
1006	1040	45	0	0.46857762	9.36578019
1006	1040	45	1	1.93197367	17.98859705
1006	1040	45	2	0.12320594	0.58849032
1006	1040	45	3	1.66854701	8.26214130
1006	1040	45	4	0.99916873	4.56860585
1006	1040	45	5	0.01490012	0.08999858
1006	1040	45	6	0.25671928	1.45855268
1006	1040	45	7	0.84269846	2.72225065
1006	1040	45	8	4.65989655	42.43502748
1006	1040	45	9	1.87271548	10.73878642
1006	1040	45	10	0.17610564	0.42871018
1006	1040	45	11	1.11432149	3.76301625
1006	1040	45	12	0.38642666	1.69989570
1006	1040	45	13	0.04358353	0.22032721
1006	1040	45	14	3.37264193	20.83560009
1006	1040	45	15	0.11533379	0.75310684
1006	1040	45	16	2.78541641	9.94862519
1006	1040	45	17	0.20245913	0.48965969
1006	1040	45	18	0.02438935	0.68928123
1006	1040	45	19	1.52096530	18.41146894
1006	1040	46	0	0.43266483	8.66345237
1006	1040	46	1	1.92261414	17.99123244
1006	1040	46	2	0.12259743	0.57902699
1006	1040	46	3	1.67835144	8.37349545
1006	1040	46	4	0.95480295	4.33397882
1006	1040	46	5	0.01728255	0.09363789
1006	1040	46	6	0.24824304	1.38307740
1006	1040	46	7	0.85204492	2.77272105
1006	1040	46	8	4.68002774	42.90982511
1006	1040	46	9	1.87299917	10.75097692
1006	1040	46	10	0.20096990	0.48717833
1006	1040	46	11	1.11738105	3.78234867
1006	1040	46	12	0.37148584	1.60989853
1006	1040	46	13	0.04120633	0.19925641
1006	1040	46	14	3.34895247	20.78452725
1006	1040	46	15	0.13280532	0.79133272
1006	1040	46	16	2.77389016	9.92544655
1006	1040	46	17	0.23093160	0.55486957
1006	1040	46	18	0.02834459	0.66765734
1006	1040	46	19	1.49555034	18.43024332
1006	1040	47	0	0.40166517	8.01301645
1006	1040	47	1	1.91171021	17.98422564
1006	1040	47	2	0.12213585	0.57108857
1006	1040	47	3	1.68695525	8.47366674
1006	1040	47	4	0.91481675	4.11834929
1006	1040	47	5	0.02007441	0.09920428
1006	1040	47	6	0.24088523	1.31631586
1006	1040	47	7	0.86027012	2.81785004
1006	1040	47	8	4.69804815	43.35792764
1006	1040	47	9	1.87318671	10.76133908
1006	1040	47	10	0.22901946	0.55446716
1006	1040	47	11	1.12002218	3.79911517
1006	1040	47	12	0.35844931	1.53018373
1006	1040	47	13	0.03925280	0.18199157
1006	1040	47	14	3.32143012	20.71815726
1006	1040	47	15	0.15291575	0.84311633
1006	1040	47	16	2.76034986	9.89728522
1006	1040	47	17	0.26320281	0.63027391
1006	1040	47	18	0.03298047	0.65143220
1006	1040	47	19	1.46678123	18.42207095
1006	1040	48	0	0.37495358	7.41289808
1006	1040	48	1	1.89906824	17.96706641
1006	1040	48	2	0.12181538	0.56447820
1006	1040	48	3	1.69449942	8.56356224
1006	1040	48	4	0.87885086	3.92096638
1006	1040	48	5	0.02333319	0.10686604
1006	1040	48	6	0.23449183	1.25740186
1006	1040	48	7	0.86750272	2.85807082
1006	1040	48	8	4.71415768	43.77985706
1006	1040	48	9	1.87327793	10.77009350
1006	1040	48	10	0.26037390	0.63134158
1006	1040	48	11	1.12230559	3.81364396
1006	1040	48	12	0.34707686	1.45977378
1006	1040	48	13	0.03764524	0.16783952
1006	1040	48	14	3.28966465	20.63517087
1006	1040	48	15	0.17591146	0.90970843
1006	1040	48	16	2.74454772	9.86353381
1006	1040	48	17	0.29946464	0.71681398
1006	1040	48	18	0.03839350	0.64092606
1006	1040	48	19	1.43451467	18.38579626
1006	1040	49	0	0.35197963	6.86109462
1006	1040	49	1	1.88449112	17.93910561
1006	1040	49	2	0.12163348	0.55903761
1006	1040	49	3	1.70110908	8.64405901
1006	1040	49	4	0.84655902	3.74092272
1006	1040	49	5	0.02712011	0.11682793
1006	1040	49	6	0.22893070	1.20551249
1006	1040	49	7	0.87385889	2.89381917
1006	1040	49	8	4.72854214	44.17628377
1006	1040	49	9	1.87327070	10.77742242
1006	1040	49	10	0.29507128	0.71847621
1006	1040	49	11	1.12428275	3.82622847
1006	1040	49	12	0.33715630	1.39772494
1006	1040	49	13	0.03632239	0.15623278
1006	1040	49	14	3.25325696	20.53405537
1006	1040	49	15	0.20201244	0.99247810
1006	1040	49	16	2.72622574	9.82350861
1006	1040	49	17	0.33982655	0.81535912
1006	1040	49	18	0.04468661	0.63653429
1006	1040	49	19	1.39868125	18.32021465
1006	1040	50	0	0.33226196	6.35530343
1006	1040	50	1	1.86778594	17.89956658
1006	1040	50	2	0.12159069	0.55464165
1006	1040	50	3	1.70689499	8.71599395
1006	1040	50	4	0.81761206	3.57720974
1006	1040	50	5	0.03149866	0.12933029
1006	1040	50	6	0.22408864	1.15988013
1006	1040	50	7	0.87944260	2.92552021
1006	1040	50	8	4.74137295	44.54799788
1006	1040	50	9	1.87316091	10.78347434
1006	1040	50	10	0.33304927	0.81639859
1006	1040	50	11	1.12599722	3.83712821
1006	1040	50	12	0.32850118	1.34314575
1006	1040	50	13	0.03523596	0.14670915
1006	1040	50	14	3.21184095	20.41314752
1006	1040	50	15	0.23139473	1.09287427
1006	1040	50	16	2.70512457	9.77646093
1006	1040	50	17	0.38429240	0.92664444
1006	1040	50	18	0.05196686	0.63872880
1006	1040	50	19	1.35930396	18.22415042
1006	1040	51	0	0.31538230	5.89302834
1006	1040	51	1	1.84877377	17.84756306
1006	1040	51	2	0.12169047	0.55119392
1006	1040	51	3	1.71195486	8.78015698
1006	1040	51	4	0.79170042	3.42876205
1006	1040	51	5	0.03653265	0.14464688
1006	1040	51	6	0.21986864	1.11979877
1006	1040	51	7	0.88434643	2.95357935
1006	1040	51	8	4.75280734	44.89588299
1006	1040	51	9	1.87294251	10.78836797
1006	1040	51	10	0.37413076	0.92542920
1006	1040	51	11	1.12748597	3.84657074
1006	1040	51	12	0.32094837	1.29520817
1006	1040	51	13	0.03434808	0.13889378
1006	1040	51	14	3.16510915	20.27069129
1006	1040	51	15	0.26417122	1.21237353
1006	1040	51	16	2.68099487	9.72159412
1006	1040	51	17	0.43274080	1.05120288
1006	1040	51	18	0.06034230	0.64805707
1006	1040	51	19	1.31651279	18.09654678
1006	1040	52	0	0.30097955	5.47166701
1006	1040	52	1	1.82730132	17.78212492
1006	1040	52	2	0.12193911	0.54862322
1006	1040	52	3	1.71637472	8.83728687
1006	1040	52	4	0.76853554	3.29449244
1006	1040	52	5	0.04228365	0.16308101
1006	1040	52	6	0.21618757	1.08462618
1006	1040	52	7	0.88865236	2.97837655
1006	1040	52	8	4.76298882	45.22089277
1006	1040	52	9	1.87260751	10.79219536
1006	1040	52	10	0.41801668	1.04562345
1006	1040	52	11	1.12878035	3.85475437
1006	1040	52	12	0.31435553	1.25315306
1006	1040	52	13	0.03362917	0.13248391
1006	1040	52	14	3.11284051	20.10491174
1006	1040	52	15	0.30037252	1.35241417
1006	1040	52	16	2.65361107	9.65808705
1006	1040	52	17	0.48491215	1.18929658
1006	1040	52	18	0.06991769	0.66513806
1006	1040	52	19	1.27055310	17.93656315
1006	1040	53	0	0.28874408	5.08858133
1006	1040	53	1	1.80325406	17.70223280
1006	1040	53	2	0.12234567	0.54688071
1006	1040	53	3	1.72023004	8.88806916
1006	1040	53	4	0.74785030	3.17331875
1006	1040	53	5	0.04880775	0.18495963
1006	1040	53	6	0.21297414	1.05378331
1006	1040	53	7	0.89243279	3.00026322
1006	1040	53	8	4.77204785	45.52403036
1006	1040	53	9	1.87214595	10.79502465
1006	1040	53	10	0.46428825	1.17672247
1006	1040	53	11	1.12990700	3.86185104
1006	1040	53	12	0.30859878	1.21629176
1006	1040	53	13	0.03305639	0.12723609
1006	1040	53	14	3.05492840	19.91410450
1006	1040	53	15	0.33993002	1.51431786
1006	1040	53	16	2.62278708	9.58512485
1006	1040	53	17	0.54040500	1.34085464
1006	1040	53	18	0.08078916	0.69065420
1006	1040	53	19	1.22178579	17.74367288
1006	1040	54	0	0.27841242	4.74115336
1006	1040	54	1	1.77656985	17.60686212
1006	1040	54	2	0.12292182	0.54593759
1006	1040	54	3	1.72358685	8.93313566
1006	1040	54	4	0.72939888	3.06418393
1006	1040	54	5	0.05615183	0.21062485
1006	1040	54	6	0.21016709	1.02675167
1006	1040	54	7	0.89575147	3.01956087
1006	1040	54	8	4.78010261	45.80633044
1006	1040	54	9	1.87154599	10.79690220
1006	1040	54	10	0.51241964	1.31811968
1006	1040	54	11	1.13088863	3.86800932
1006	1040	54	12	0.30357041	1.18400469
1006	1040	54	13	0.03261240	0.12295545
1006	1040	54	14	2.99140603	19.69673869
1006	1040	54	15	0.38266323	1.69920231
1006	1040	54	16	2.58839314	9.50193661
1006	1040	54	17	0.59868354	1.50542455
1006	1040	54	18	0.09303788	0.72533847
1006	1040	54	19	1.17067832	17.51775320
1006	1040	55	0	0.26976247	4.42682902
1006	1040	55	1	1.74725212	17.49503606
1006	1040	55	2	0.12368180	0.54578323
1006	1040	55	3	1.72650273	8.97306514
1006	1040	55	4	0.71295619	2.96607060
1006	1040	55	5	0.06434935	0.24042286
1006	1040	55	6	0.20771373	1.00306960
1006	1040	55	7	0.89866443	3.03656120
1006	1040	55	8	4.78725988	46.06884380
1006	1040	55	9	1.87079391	10.79785449
1006	1040	55	10	0.56180060	1.46884907
1006	1040	55	11	1.13174462	3.87335726
1006	1040	55	12	0.29917693	1.15573824
1006	1040	55	13	0.03228442	0.11948697
1006	1040	55	14	2.92246637	19.45156814
1006	1040	55	15	0.42827393	1.90789032
1006	1040	55	16	2.55037238	9.40783929
1006	1040	55	17	0.65909648	1.68214485
1006	1040	55	18	0.10672301	0.76995609
1006	1040	55	19	1.11778692	17.25915884
1006	1040	56	0	0.26260918	4.14315141
1006	1040	56	1	1.71538110	17.36588599
1006	1040	56	2	0.12464226	0.54642365
1006	1040	56	3	1.72902765	9.00838486
1006	1040	56	4	0.69831696	2.87801102
1006	1040	56	5	0.07341614	0.27469001
1006	1040	56	6	0.20556870	0.98232791
1006	1040	56	7	0.90122087	3.05152707
1006	1040	56	8	4.79361586	46.31262440
1006	1040	56	9	1.86987432	10.79788972
1006	1040	56	10	0.61176686	1.62759948
1006	1040	56	11	1.13249155	3.87800500
1006	1040	56	12	0.29533716	1.13100045
1006	1040	56	13	0.03206350	0.11670831
1006	1040	56	14	2.84847359	19.17774447
1006	1040	56	15	0.47634842	2.14082221
1006	1040	56	16	2.50875591	9.30228581
1006	1040	56	17	0.72090588	1.86974424
1006	1040	56	18	0.12187422	0.82528038
1006	1040	56	19	1.06373158	16.96877177
1006	1040	57	0	0.25680073	3.88778575
1006	1040	57	1	1.68112176	17.21871669
1006	1040	57	2	0.12582207	0.54788016
1006	1040	57	3	1.73120482	9.03957268
1006	1040	57	4	0.68529469	2.79909354
1006	1040	57	5	0.08334618	0.31373638
1006	1040	57	6	0.20369282	0.96416524
1006	1040	57	7	0.90346391	3.06469402
1006	1040	57	8	4.79925706	46.53871843
1006	1040	57	9	1.86877022	10.79699925
1006	1040	57	10	0.66163506	1.79275526
1006	1040	57	11	1.13314363	3.88204725
1006	1040	57	12	0.29198069	1.10935606
1006	1040	57	13	0.03194399	0.11452412
1006	1040	57	14	2.76996408	18.87492284
1006	1040	57	15	0.52636882	2.39797953
1006	1040	57	16	2.46367447	9.18491465
1006	1040	57	17	0.78332294	2.06656983
1006	1040	57	18	0.13848427	0.89206268
1006	1040	57	19	1.00916657	16.64802204
1006	1040	58	0	0.25221524	3.65853733
1006	1040	58	1	1.64472727	17.05307246
1006	1040	58	2	0.12724204	0.55018812
1006	1040	58	3	1.73307131	9.06705960
1006	1040	58	4	0.67372044	2.72846621
1006	1040	58	5	0.09410802	0.35782722
1006	1040	58	6	0.20205228	0.94826335
1006	1040	58	7	0.90543133	3.07627216
1006	1040	58	8	4.80426109	46.74815544
1006	1040	58	9	1.86746335	10.79515896
1006	1040	58	10	0.71073798	1.96246071
1006	1040	58	11	1.13371305	3.88556532
1006	1040	58	12	0.28904643	1.09042139
1006	1040	58	13	0.03192313	0.11286136
1006	1040	58	14	2.68763584	18.54335148
1006	1040	58	15	0.57773262	2.67882784
1006	1040	58	16	2.41536549	9.05559709
1006	1040	58	17	0.84554684	2.27064321
1006	1040	58	18	0.15650244	0.97099695
1006	1040	58	19	0.95474957	16.29887725
1006	1040	59	0	0.24875791	3.45336395
1006	1040	59	1	1.60653710	16.86879965
1006	1040	59	2	0.12892462	0.55339575
1006	1040	59	3	1.73465873	9.09123246
1006	1040	59	4	0.66344165	2.66533823
1006	1040	59	5	0.10564208	0.40716316
1006	1040	59	6	0.20061782	0.93434268
1006	1040	59	7	0.90715622	3.08644827
1006	1040	59	8	4.80869751	46.94194103
1006	1040	59	9	1.86593444	10.79233064
1006	1040	59	10	0.75845624	2.13470214
1006	1040	59	11	1.13421031	3.88862910
1006	1040	59	12	0.28648138	1.07385922
1006	1040	59	13	0.03200078	0.11166569
1006	1040	59	14	2.60232694	18.18393583
1006	1040	59	15	0.62977873	2.98228489
1006	1040	59	16	2.36417425	8.91447817
1006	1040	59	17	0.90680235	2.47973970
1006	1040	59	18	0.17582919	1.06268011
1006	1040	59	19	0.90111283	15.92380217
1006	1040	60	0	0.24635853	3.27038392
1006	1040	60	1	1.56696957	16.66610055
1006	1040	60	2	0.13089343	0.55756282
1006	1040	60	3	1.73599369	9.11243680
1006	1040	60	4	0.65432083	2.60897976
1006	1040	60	5	0.11785920	0.46186014
1006	1040	60	6	0.19936414	0.92215807
1006	1040	60	7	0.90866752	3.09538782
1006	1040	60	8	4.81262853	47.12105119
1006	1040	60	9	1.86416362	10.78846342
1006	1040	60	10	0.80424338	2.30739902
1006	1040	60	11	1.13464446	3.89129863
1006	1040	60	12	0.28423957	1.05937383
1006	1040	60	13	0.03217912	0.11089852
1006	1040	60	14	2.51498488	17.79827062
1006	1040	60	15	0.68181743	3.30671818
1006	1040	60	16	2.31054881	8.76200728
1006	1040	60	17	0.96637243	2.69148297
1006	1040	60	18	0.19631287	1.16756967
1006	1040	60	19	0.84883870	15.52569270
1006	1040	61	0	0.24496943	3.10788059
1006	1040	61	1	1.52650936	16.44557410
1006	1040	61	2	0.13317280	0.56275929
1006	1040	61	3	1.73709835	9.13097965
1006	1040	61	4	0.64623443	2.55872063
1006	1040	61	5	0.13064065	0.52193044
1006	1040	61	6	0.19826930	0.91149490
1006	1040	61	7	0.90999051	3.10323708
1006	1040	61	8	4.81610971	47.28642786
1006	1040	61	9	1.86213095	10.78349539
1006	1040	61	10	0.84764245	2.47849524
1006	1040	61	11	1.13502329	3.89362550
1006	1040	61	12	0.28228112	1.04670639
1006	1040	61	13	0.03246260	0.11053482
1006	1040	61	14	2.42662993	17.38863602
1006	1040	61	15	0.73316066	3.64997260
1006	1040	61	16	2.25502900	8.59895498
1006	1040	61	17	1.02362322	2.90344570
1006	1040	61	18	0.21774891	1.28594096
1006	1040	61	19	0.79844147	15.10779084
1006	1040	62	0	0.24456364	2.96430425
1006	1040	62	1	1.48569102	16.20823964
1006	1040	62	2	0.13578706	0.56906363
1006	1040	62	3	1.73799076	9.14713234
1006	1040	62	4	0.63907160	2.51394805
1006	1040	62	5	0.14383974	0.58726608
1006	1040	62	6	0.19731433	0.90216550
1006	1040	62	7	0.91114727	3.11012505
1006	1040	62	8	4.81919061	47.43897566
1006	1040	62	9	1.85981696	10.77735542
1006	1040	62	10	0.88829376	2.64604197
1006	1040	62	11	1.13535353	3.89565412
1006	1040	62	12	0.28057144	1.03563076
1006	1040	62	13	0.03285775	0.11056132
1006	1040	62	14	2.33831608	16.95795780
1006	1040	62	15	0.78314996	4.00942567
1006	1040	62	16	2.19823029	8.42641414
1006	1040	62	17	1.07802003	3.11324709
1006	1040	62	18	0.23988170	1.41784638
1006	1040	62	19	0.75035604	14.67358834
1006	1040	63	0	0.24513335	2.83827197
1006	1040	63	1	1.44508016	15.95554178
1006	1040	63	2	0.13875985	0.57656097
1006	1040	63	3	1.73868524	9.16113308
1006	1040	63	4	0.63273316	2.47410390
1006	1040	63	5	0.15728488	0.65762588
1006	1040	63	6	0.19648280	0.89400596
1006	1040	63	7	0.91215706	3.11616524
1006	1040	63	8	4.82191538	47.57955953
1006	1040	63	9	1.85720334	10.76996522
1006	1040	63	10	0.92593443	2.80826541
1006	1040	63	11	1.13564099	3.89742267
1006	1040	63	12	0.27908057	1.02594959
1006	1040	63	13	0.03337312	0.11097520
1006	1040	63	14	2.25109343	16.50973495
1006	1040	63	15	0.83117920	4.38206494
1006	1040	63	16	2.14082427	8.24578458
1006	1040	63	17	1.12913425	3.31863897
1006	1040	63	18	0.26240919	1.56307919
1006	1040	63	19	0.70493338	14.22672698
1006	1040	64	0	0.24668856	2.72856589
1006	1040	64	1	1.40525404	15.68933576
1006	1040	64	2	0.14211324	0.58534091
1006	1040	64	3	1.73919268	9.17318953
1006	1040	64	4	0.62713053	2.43868161
1006	1040	64	5	0.17078399	0.73262726
1006	1040	64	6	0.19576053	0.88687328
1006	1040	64	7	0.91303663	3.12145742
1006	1040	64	8	4.82432330	47.70900327
1006	1040	64	9	1.85427372	10.76124177
1006	1040	64	10	0.96039129	2.96361563
1006	1040	64	11	1.13589066	3.89896406
1006	1040	64	12	0.27778254	1.01749085
1006	1040	64	13	0.03401925	0.11178300
1006	1040	64	14	2.16597502	16.04794164
1006	1040	64	15	0.87671074	4.76458024
1006	1040	64	16	2.08351736	8.05874250
1006	1040	64	17	1.17664218	3.51757472
1006	1040	64	18	0.28499006	1.72114441
1006	1040	64	19	0.66244179	13.77090235
1006	1040	65	0	0.24925574	2.63413042
1006	1040	65	1	1.36678331	15.41185512
1006	1040	65	2	0.14586673	0.59549489
1006	1040	65	3	1.73952084	9.18348111
1006	1040	65	4	0.62218474	2.40722282
1006	1040	65	5	0.18412979	0.81174341
1006	1040	65	6	0.19513527	0.88064283
1006	1040	65	7	0.91380053	3.12608904
1006	1040	65	8	4.82644924	47.82808871
1006	1040	65	9	1.85101459	10.75110006
1006	1040	65	10	0.99156917	3.11079482
1006	1040	65	11	1.13610685	3.90030659
1006	1040	65	12	0.27665494	1.01010478
1006	1040	65	13	0.03480857	0.11299988
1006	1040	65	14	2.08391038	15.57691199
1006	1040	65	15	0.91928441	5.15346272
1006	1040	65	16	2.02702975	7.86719734
1006	1040	65	17	1.22031745	3.70825767
1006	1040	65	18	0.30725283	1.89123881
1006	1040	65	19	0.62307277	13.30977685
1006	1040	66	0	0.25287667	2.55406842
1006	1040	66	1	1.33021624	15.12566450
1006	1040	66	2	0.15003611	0.60711325
1006	1040	66	3	1.73967454	9.19216115
1006	1040	66	4	0.61782560	2.37931398
1006	1040	66	5	0.19710576	0.89430619
1006	1040	66	6	0.19459651	0.87520615
1006	1040	66	7	0.91446132	3.13013666
1006	1040	66	8	4.82832414	47.93755545
1006	1040	66	9	1.84741624	10.73945631
1006	1040	66	10	1.01943644	3.24876612
1006	1040	66	11	1.13629325	3.90147465
1006	1040	66	12	0.27567840	1.00366118
1006	1040	66	13	0.03575534	0.11464899
1006	1040	66	14	2.00576694	15.10121749
1006	1040	66	15	0.95851969	5.54510258
1006	1040	66	16	1.97207604	7.67323966
1006	1040	66	17	1.26001876	3.88916838
1006	1040	66	18	0.32880640	2.07224125
1006	1040	66	19	0.58695021	12.84690553
1006	1040	67	0	0.25760704	2.48763665
1006	1040	67	1	1.29606633	14.83360173
1006	1040	67	2	0.15463216	0.62028174
1006	1040	67	3	1.73965593	9.19935894
1006	1040	67	4	0.61399086	2.35458305
1006	1040	67	5	0.20949212	0.97951452
1006	1040	67	6	0.19413526	0.87046895
1006	1040	67	7	0.91502984	3.13366713
1006	1040	67	8	4.82997540	48.03810107
1006	1040	67	9	1.84347394	10.72623152
1006	1040	67	10	1.04400949	3.37674556
1006	1040	67	11	1.13645302	3.90248923
1006	1040	67	12	0.27483628	0.99804696
1006	1040	67	13	0.03687559	0.11676095
1006	1040	67	14	1.93231951	14.62554587
1006	1040	67	15	0.99411212	5.93587912
1006	1040	67	16	1.91934882	7.47908443
1006	1040	67	17	1.29567499	4.05907200
1006	1040	67	18	0.34925144	2.26271437
1006	1040	67	19	0.55414145	12.38567730
1006	1040	68	0	0.26351501	2.43424052
1006	1040	68	1	1.26480363	14.53871377
1006	1040	68	2	0.15965927	0.63507758
1006	1040	68	3	1.73946470	9.20518153
1006	1040	68	4	0.61062546	2.33269621
1006	1040	68	5	0.22107178	1.06644776
1006	1040	68	6	0.19374387	0.86634942
1006	1040	68	7	0.91551538	3.13673869
1006	1040	68	8	4.83142722	48.13038178
1006	1040	68	9	1.83918912	10.71135566
1006	1040	68	10	1.06533761	3.49418065
1006	1040	68	11	1.13658885	3.90336834
1006	1040	68	12	0.27411432	0.99316410
1006	1040	68	13	0.03818690	0.11937340
1006	1040	68	14	1.86424705	14.15458940
1006	1040	68	15	1.02582544	6.32223789
1006	1040	68	16	1.86950575	7.28701393
1006	1040	68	17	1.32726913	4.21700868
1006	1040	68	18	0.36819185	2.46091742
1006	1040	68	19	0.52466918	11.92927190
1006	1040	69	0	0.27067937	2.39342793
1006	1040	69	1	1.23684951	14.24419084
1006	1040	69	2	0.16511382	0.65156496
1006	1040	69	3	1.73909831	9.20971549
1006	1040	69	4	0.60768086	2.31335471
1006	1040	69	5	0.23163588	1.15408340
1006	1040	69	6	0.19341592	0.86277676
1006	1040	69	7	0.91592581	3.13940191
1006	1040	69	8	4.83270094	48.21501324
1006	1040	69	9	1.83457069	10.69477226
1006	1040	69	10	1.08348911	3.60071984
1006	1040	69	11	1.13670299	3.90412748
1006	1040	69	12	0.27350040	0.98892779
1006	1040	69	13	0.03970827	0.12253056
1006	1040	69	14	1.80213537	13.69294823
1006	1040	69	15	1.05348097	6.70075209
1006	1040	69	16	1.82316023	7.09932374
1006	1040	69	17	1.35482249	4.36227062
1006	1040	69	18	0.38524613	2.66482975
1006	1040	69	19	0.49852335	11.48063233
1006	1040	70	0	0.27918724	2.36488206
1006	1040	70	1	1.21257423	13.95330238
1006	1040	70	2	0.17098253	0.66978997
1006	1040	70	3	1.73855221	9.21302852
1006	1040	70	4	0.60511444	2.29629198
1006	1040	70	5	0.24098884	1.24131799
1006	1040	70	6	0.19314603	0.85968983
1006	1040	70	7	0.91626777	3.14170050
1006	1040	70	8	4.83381533	48.29257175
1006	1040	70	9	1.82963648	10.67644355
1006	1040	70	10	1.09853926	3.69617633
1006	1040	70	11	1.13679733	3.90477985
1006	1040	70	12	0.27298426	0.98526485
1006	1040	70	13	0.04145970	0.12628262
1006	1040	70	14	1.74648437	13.24505246
1006	1040	70	15	1.07694591	7.06816711
1006	1040	70	16	1.78087538	6.91827483
1006	1040	70	17	1.37837988	4.49436969
1006	1040	70	18	0.40005823	2.87218413
1006	1040	70	19	0.47567235	11.04245141
1006	1040	71	0	0.28913123	2.34841286
1006	1040	71	1	1.19229642	13.66933743
1006	1040	71	2	0.17724073	0.68977505
1006	1040	71	3	1.73782020	9.21517104
1006	1040	71	4	0.60288893	2.28127078
1006	1040	71	5	0.24895299	1.32699057
1006	1040	71	6	0.19292983	0.85703609
1006	1040	71	7	0.91654678	3.14367213
1006	1040	71	8	4.83478683	48.36359554
1006	1040	71	9	1.82441456	10.65635613
1006	1040	71	10	1.11056038	3.78048983
1006	1040	71	11	1.13687343	3.90533674
1006	1040	71	12	0.27255731	0.98211237
1006	1040	71	13	0.04346178	0.13068509
1006	1040	71	14	1.69771769	12.81510411
1006	1040	71	15	1.09612167	7.42142877
1006	1040	71	16	1.74316049	6.74605296
1006	1040	71	17	1.39799667	4.61299942
1006	1040	71	18	0.41230784	3.08050858
1006	1040	71	19	0.45607306	10.61717065
1006	1040	72	0	0.30060574	2.34394662
1006	1040	72	1	1.17628332	13.39555087
1006	1040	72	2	0.18385063	0.71151289
1006	1040	72	3	1.73689470	9.21617774
1006	1040	72	4	0.60097191	2.26808069
1006	1040	72	5	0.25537285	1.40990776
1006	1040	72	6	0.19276379	0.85477055
1006	1040	72	7	0.91676731	3.14534897
1006	1040	72	8	4.83562983	48.42858622
1006	1040	72	9	1.81894464	10.63452700
1006	1040	72	10	1.11961417	3.85368894
1006	1040	72	11	1.13693253	3.90580768
1006	1040	72	12	0.27221249	0.97941647
1006	1040	72	13	0.04573501	0.13579774
1006	1040	72	14	1.65619331	12.40703838
1006	1040	72	15	1.11093372	7.75769699
1006	1040	72	16	1.71046900	6.58473614
1006	1040	72	17	1.41372786	4.71799459
1006	1040	72	18	0.42172022	3.28717586
1006	1040	72	19	0.43967956	10.20698925
1006	1040	73	0	0.31370230	2.35151325
1006	1040	73	1	1.16475071	13.13511575
1006	1040	73	2	0.19075975	0.73496005
1006	1040	73	3	1.73576730	9.21606921
1006	1040	73	4	0.59933535	2.25653568
1006	1040	73	5	0.26011922	1.48887004
1006	1040	73	6	0.19264520	0.85285497
1006	1040	73	7	0.91693295	3.14675836
1006	1040	73	8	4.83635682	48.48801026
1006	1040	73	9	1.81327917	10.61100990
1006	1040	73	10	1.12574633	3.91585611
1006	1040	73	11	1.13697561	3.90620068
1006	1040	73	12	0.27194406	0.97713133
1006	1040	73	13	0.04829891	0.14168333
1006	1040	73	14	1.62221333	12.02450181
1006	1040	73	15	1.12132353	8.07434797
1006	1040	73	16	1.68319698	6.43626915
1006	1040	73	17	1.42561962	4.80929132
1006	1040	73	18	0.42807564	3.48945937
1006	1040	73	19	0.42645026	9.81388102
1006	1040	74	0	0.32850396	2.37123047
1006	1040	74	1	1.15786161	12.89108058
1006	1040	74	2	0.19789962	0.76003040
1006	1040	74	3	1.73442922	9.21485373
1006	1040	74	4	0.59795523	2.24647197
1006	1040	74	5	0.26309319	1.56269877
1006	1040	74	6	0.19257203	0.85125707
1006	1040	74	7	0.91704644	3.14792322
1006	1040	74	8	4.83697860	48.54230068
1006	1040	74	9	1.80748417	10.58590174
1006	1040	74	10	1.12898335	3.96709684
1006	1040	74	11	1.13700341	3.90652241
1006	1040	74	12	0.27174749	0.97521820
1006	1040	74	13	0.05117092	0.14840571
1006	1040	74	14	1.59603134	11.67084383
1006	1040	74	15	1.12724353	8.36896800
1006	1040	74	16	1.66168104	6.30244385
1006	1040	74	17	1.43370328	4.88688977
1006	1040	74	18	0.43121834	3.68459478
1006	1040	74	19	0.41635332	9.43961718
1006	1040	75	0	0.34507842	2.40328431
1006	1040	75	1	1.15572302	12.66632990
1006	1040	75	2	0.20518499	0.78658876
1006	1040	75	3	1.73287206	9.21252925
1006	1040	75	4	0.59681108	2.23774593
1006	1040	75	5	0.26423010	1.63026387
1006	1040	75	6	0.19254290	0.84994994
1006	1040	75	7	0.91710980	3.14886258
1006	1040	75	8	4.83750449	48.59185856
1006	1040	75	9	1.80163952	10.55934864
1006	1040	75	10	1.12933173	4.00751422
1006	1040	75	11	1.13701644	3.90677831
1006	1040	75	12	0.27161932	0.97364469
1006	1040	75	13	0.05436497	0.15602744
1006	1040	75	14	1.57785631	11.34911710
1006	1040	75	15	1.12865565	8.63934294
1006	1040	75	16	1.64619466	6.18488280
1006	1040	75	17	1.43799206	4.95082142
1006	1040	75	18	0.43106489	3.86984655
1006	1040	75	19	0.40937029	9.08579256
1006	1040	76	0	0.36347024	2.44790525
1006	1040	76	1	1.15838033	12.46354592
1006	1040	76	2	0.21251380	0.81444517
1006	1040	76	3	1.73108858	9.20908572
1006	1040	76	4	0.59588571	2.23023229
1006	1040	76	5	0.26350339	1.69051199
1006	1040	76	6	0.19255698	0.84891139
1006	1040	76	7	0.91712438	3.14959192
1006	1040	76	8	4.83794242	48.63705474
1006	1040	76	9	1.79583850	10.53155128
1006	1040	76	10	1.12677942	4.03718949
1006	1040	76	11	1.13701502	3.90697277
1006	1040	76	12	0.27155704	0.97238401
1006	1040	76	13	0.05788980	0.16460666
1006	1040	76	14	1.56785176	11.06208160
1006	1040	76	15	1.12553365	8.88344729
1006	1040	76	16	1.63694241	6.08502402
1006	1040	76	17	1.43848067	5.00112211
1006	1040	76	18	0.42761146	4.04257831
1006	1040	76	19	0.40549776	8.75385345
1006	1040	77	0	0.38369211	2.50533953
1006	1040	77	1	1.16580962	12.28516852
1006	1040	77	2	0.21976812	0.84335045
1006	1040	77	3	1.72907372	9.20450772
1006	1040	77	4	0.59516479	2.22382242
1006	1040	77	5	0.26092799	1.74249504
1006	1040	77	6	0.19261392	0.84812345
1006	1040	77	7	0.91709097	3.15012360
1006	1040	77	8	4.83829913	48.67823145
1006	1040	77	9	1.79018642	10.50276888
1006	1040	77	10	1.12129994	4.05616960
1006	1040	77	11	1.13699932	3.90710923
1006	1040	77	12	0.27155899	0.97141438
1006	1040	77	13	0.06174696	0.17419315
1006	1040	77	14	1.56612978	10.81220736
1006	1040	77	15	1.11786956	9.09943667
1006	1040	77	16	1.63405173	6.00410411
1006	1040	77	17	1.43514795	5.03781238
1006	1040	77	18	0.42093916	4.20032586
1006	1040	77	19	0.40474696	8.44512471
1006	1040	78	0	0.40571566	2.57581527
1006	1040	78	1	1.17790856	12.13335199
1006	1040	78	2	0.22681628	0.87299364
1006	1040	78	3	1.72682568	9.19877769
1006	1040	78	4	0.59463655	2.21842267
1006	1040	78	5	0.25656288	1.78539846
1006	1040	78	6	0.19271377	0.84757191
1006	1040	78	7	0.91700989	3.15046713
1006	1040	78	8	4.83858029	48.71570386
1006	1040	78	9	1.78479812	10.47332103
1006	1040	78	10	1.11285908	4.06446212
1006	1040	78	11	1.13696935	3.90719029
1006	1040	78	12	0.27162417	0.97071845
1006	1040	78	13	0.06592877	0.18482367
1006	1040	78	14	1.57273957	10.60167058
1006	1040	78	15	1.10568401	9.28564758
1006	1040	78	16	1.63756256	5.94313800
1006	1040	78	17	1.42796280	5.06088581
1006	1040	78	18	0.41121648	4.34087061
1006	1040	78	19	0.40714091	8.16083433
1006	1040	79	0	0.42946244	2.65950372
1006	1040	79	1	1.19448722	12.00991723
1006	1040	79	2	0.23351652	0.90300223
1006	1040	79	3	1.72434711	9.19187958
1006	1040	79	4	0.59429145	2.21395293
1006	1040	79	5	0.25051211	1.81856860
1006	1040	79	6	0.19285685	0.84724584
1006	1040	79	7	0.91688110	3.15062962
1006	1040	79	8	4.83879062	48.74976177
1006	1040	79	9	1.77979415	10.44358680
1006	1040	79	10	1.10142435	4.06203832
1006	1040	79	11	1.13692505	3.90721779
1006	1040	79	12	0.27175217	0.97028275
1006	1040	79	13	0.07041610	0.19651652
1006	1040	79	14	1.58765113	10.43233908
1006	1040	79	15	1.08903979	9.44060747
1006	1040	79	16	1.64741583	5.90289407
1006	1040	79	17	1.41689358	5.07030672
1006	1040	79	18	0.39869770	4.46231057
1006	1040	79	19	0.41270914	7.90213313
1006	1040	80	0	0.45479575	2.75647626
1006	1040	80	1	1.21526083	11.91629994
1006	1040	80	2	0.23972198	0.93294591
1006	1040	80	3	1.72164637	9.18380300
1006	1040	80	4	0.59412180	2.21034519
1006	1040	80	5	0.24292381	1.84153766
1006	1040	80	6	0.19304368	0.84713711
1006	1040	80	7	0.91670429	3.15061602
1006	1040	80	8	4.83893406	48.78067109
1006	1040	80	9	1.77529588	10.41400015
1006	1040	80	10	1.08697707	4.04884487
1006	1040	80	11	1.13686626	3.90719299
1006	1040	80	12	0.27194299	0.97009716
1006	1040	80	13	0.07517639	0.20926547
1006	1040	80	14	1.61073561	10.30574377
1006	1040	80	15	1.06805745	9.56305735
1006	1040	80	16	1.66344221	5.88386466
1006	1040	80	17	1.40192062	5.06601778
1006	1040	80	18	0.38371624	4.56312497
1006	1040	80	19	0.42147986	7.67010759
1006	1040	81	0	0.48151430	2.86665864
1006	1040	81	1	1.23984639	11.85349703
1006	1040	81	2	0.24528716	0.96234456
1006	1040	81	3	1.71873867	9.17454791
1006	1040	81	4	0.59412140	2.20754210
1006	1040	81	5	0.23398651	1.85404448
1006	1040	81	6	0.19327483	0.84723997
1006	1040	81	7	0.91647906	3.15042957
1006	1040	81	8	4.83901388	48.80867546
1006	1040	81	9	1.77141938	10.38504119
1006	1040	81	10	1.06952654	4.02482441
1006	1040	81	11	1.13679280	3.90711661
1006	1040	81	12	0.27219687	0.97015441
1006	1040	81	13	0.08016199	0.22303356
1006	1040	81	14	1.64174443	10.22303513
1006	1040	81	15	1.04293127	9.65198770
1006	1040	81	16	1.68535344	5.88623382
1006	1040	81	17	1.38305171	5.04795804
1006	1040	81	18	0.36667258	4.64222801
1006	1040	81	19	0.43346962	7.46578372
1006	1040	82	0	0.50934874	2.98978462
1006	1040	82	1	1.26776548	11.82201551
1006	1040	82	2	0.25007531	0.99068076
1006	1040	82	3	1.71564704	9.16412945
1006	1040	82	4	0.59428519	2.20549562
1006	1040	82	5	0.22392265	1.85604912
1006	1040	82	6	0.19355076	0.84755056
1006	1040	82	7	0.91620502	3.15007215
1006	1040	82	8	4.83903283	48.83399776
1006	1040	82	9	1.76826879	10.35722296
1006	1040	82	10	1.04912537	3.98994461
1006	1040	82	11	1.13670453	3.90698900
1006	1040	82	12	0.27251409	0.97044949
1006	1040	82	13	0.08530927	0.23774705
1006	1040	82	14	1.68029048	10.18492603
1006	1040	82	15	1.01394293	9.70668660
1006	1040	82	16	1.71273834	5.90984538
1006	1040	82	17	1.36033934	5.01609146
1006	1040	82	18	0.34801692	4.69900683
1006	1040	82	19	0.44867104	7.29012039
1006	1040	83	0	0.53796188	3.12535190
1006	1040	83	1	1.29845457	11.82182958
1006	1040	83	2	0.25396632	1.01741699
1006	1040	83	3	1.71240303	9.15258297
1006	1040	83	4	0.59460874	2.20416560
1006	1040	83	5	0.21297947	1.84773908
1006	1040	83	6	0.19387170	0.84806635
1006	1040	83	7	0.91588203	3.14954471
1006	1040	83	8	4.83899330	48.85684163
1006	1040	83	9	1.76592954	10.33107372
1006	1040	83	10	1.02588448	3.94423460
1006	1040	83	11	1.13660137	3.90681026
1006	1040	83	12	0.27289480	0.97097909
1006	1040	83	13	0.09053868	0.25329020
1006	1040	83	14	1.72583513	10.19162509
1006	1040	83	15	0.98147045	9.72679674
1006	1040	83	16	1.74506577	5.95417605
1006	1040	83	17	1.33389820	4.97044456
1006	1040	83	18	0.32822763	4.73333970
1006	1040	83	19	0.46703938	7.14399084
1006	1040	84	0	0.56695331	3.27258375
1006	1040	84	1	1.33128327	11.85235268
1006	1040	84	2	0.25686425	1.04201681
1006	1040	84	3	1.70904685	9.13996868
1006	1040	84	4	0.59508789	2.20351831
1006	1040	84	5	0.20141773	1.82952562
1006	1040	84	6	0.19423743	0.84878560
1006	1040	84	7	0.91551031	3.14884778
1006	1040	84	8	4.83889745	48.87739302
1006	1040	84	9	1.76446227	10.30711566
1006	1040	84	10	0.99998581	3.88782647
1006	1040	84	11	1.13648337	3.90658036
1006	1040	84	12	0.27333872	0.97174097
1006	1040	84	13	0.09575601	0.26950167
1006	1040	84	14	1.77768433	10.24276800
1006	1040	84	15	0.94598973	9.71237539
1006	1040	84	16	1.78169584	6.01831917
1006	1040	84	17	1.30392088	4.91115112
1006	1040	84	18	0.30778758	4.74559138
1006	1040	84	19	0.48847929	7.02815233
1006	1040	85	0	0.59586882	3.43040017
1006	1040	85	1	1.36557960	11.91243077
1006	1040	85	2	0.25870375	1.06396878
1006	1040	85	3	1.70562699	9.12637567
1006	1040	85	4	0.59571823	2.20352497
1006	1040	85	5	0.18949956	1.80202934
1006	1040	85	6	0.19464710	0.84970676
1006	1040	85	7	0.91509068	3.14798195
1006	1040	85	8	4.83874739	48.89582170
1006	1040	85	9	1.76389824	10.28584113
1006	1040	85	10	0.97169065	3.82099798
1006	1040	85	11	1.13635077	3.90629936
1006	1040	85	12	0.27384499	0.97273324
1006	1040	85	13	0.10085507	0.28617327
1006	1040	85	14	1.83499658	10.33735629
1006	1040	85	15	0.90806689	9.66394988
1006	1040	85	16	1.82189960	6.10098413
1006	1040	85	17	1.27068938	4.83850002
1006	1040	85	18	0.28716049	4.73658515
1006	1040	85	19	0.51283337	6.94320499
1006	1040	86	0	0.62421440	3.59740198
1006	1040	86	1	1.40065983	12.00036161
1006	1040	86	2	0.25945444	1.08281140
1006	1040	86	3	1.70219919	9.11192472
1006	1040	86	4	0.59649464	2.20416018
1006	1040	86	5	0.17747639	1.76605527
1006	1040	86	6	0.19509909	0.85082779
1006	1040	86	7	0.91462471	3.14694846
1006	1040	86	8	4.83854535	48.91228282
1006	1040	86	9	1.76423672	10.26768845
1006	1040	86	10	0.94134159	3.74421199
1006	1040	86	11	1.13620409	3.90596753
1006	1040	86	12	0.27441184	0.97395368
1006	1040	86	13	0.10572174	0.30305169
1006	1040	86	14	1.89680381	10.47371404
1006	1040	86	15	0.86834111	9.58255964
1006	1040	86	16	1.86488599	6.20051571
1006	1040	86	17	1.23458011	4.75298118
1006	1040	86	18	0.26676998	4.70755303
1006	1040	86	19	0.53987419	6.88954258
1006	1040	87	0	0.65147403	3.77187087
1006	1040	87	1	1.43585970	12.11394180
1006	1040	87	2	0.25912275	1.09815683
1006	1040	87	3	1.69882468	9.09676958
1006	1040	87	4	0.59741081	2.20540025
1006	1040	87	5	0.16557839	1.72255919
1006	1040	87	6	0.19559079	0.85214549
1006	1040	87	7	0.91411496	3.14574976
1006	1040	87	8	4.83829382	48.92691844
1006	1040	87	9	1.76544501	10.25301924
1006	1040	87	10	0.90935681	3.65814689
1006	1040	87	11	1.13604412	3.90558557
1006	1040	87	12	0.27503641	0.97539892
1006	1040	87	13	0.11023926	0.31984387
1006	1040	87	14	1.96204388	10.64947265
1006	1040	87	15	0.82749901	9.46977687
1006	1040	87	16	1.90983368	6.31493493
1006	1040	87	17	1.19606079	4.65532359
1006	1040	87	18	0.24698323	4.66006846
1006	1040	87	19	0.56930145	6.86729930
1006	1040	88	0	0.67713037	3.95178738
1006	1040	88	1	1.47056352	12.25054000
1006	1040	88	2	0.25775099	1.10971110
1006	1040	88	3	1.69556791	9.08109627
1006	1040	88	4	0.59845882	2.20722160
1006	1040	88	5	0.15400623	1.67260743
1006	1040	88	6	0.19611851	0.85365478
1006	1040	88	7	0.91356506	3.14439016
1006	1040	88	8	4.83799572	48.93985912
1006	1040	88	9	1.76746103	10.24209981
1006	1040	88	10	0.87621674	3.56371317
1006	1040	88	11	1.13587202	3.90515479
1006	1040	88	12	0.27571455	0.97706369
1006	1040	88	13	0.11429426	0.33622595
1006	1040	88	14	2.02960190	10.86159060
1006	1040	88	15	0.78624346	9.32769942
1006	1040	88	16	1.95592451	6.44200017
1006	1040	88	17	1.15567862	4.54651962
1006	1040	88	18	0.22810045	4.59596698
1006	1040	88	19	0.60074520	6.87629811
1006	1040	89	0	0.70068653	4.13486715
1006	1040	89	1	1.50422787	12.40719139
1006	1040	89	2	0.25541367	1.11728881
1006	1040	89	3	1.69249378	9.06512019
1006	1040	89	4	0.59962876	2.20959910
1006	1040	89	5	0.14292584	1.61733357
1006	1040	89	6	0.19667737	0.85534804
1006	1040	89	7	0.91297986	3.14287633
1006	1040	89	8	4.83765450	48.95122544
1006	1040	89	9	1.77019804	10.23508822
1006	1040	89	10	0.84244391	3.46205186
1006	1040	89	11	1.13568934	3.90467726
1006	1040	89	12	0.27644062	0.97894001
1006	1040	89	13	0.11778318	0.35185576
1006	1040	89	14	2.09835568	11.10641126
1006	1040	89	15	0.74526046	9.15891323
1006	1040	89	16	2.00237515	6.57928447
1006	1040	89	17	1.11404070	4.42783072
1006	1040	89	18	0.21035064	4.51726185
1006	1040	89	19	0.63377516	6.91600646
1006	1040	90	0	0.72168752	4.31861453
1006	1040	90	1	1.53639800	12.58070574
1006	1040	90	2	0.25221170	1.12082088
1006	1040	90	3	1.68966468	9.04908104
1006	1040	90	4	0.60090844	2.21250446
1006	1040	90	5	0.13246623	1.55789530
1006	1040	90	6	0.19726125	0.85721450
1006	1040	90	7	0.91236546	3.14121785
1006	1040	90	8	4.83727427	48.96112955
1006	1040	90	9	1.77355117	10.23202842
1006	1040	90	10	0.80857860	3.35451345
1006	1040	90	11	1.13549803	3.90415601
1006	1040	90	12	0.27720747	0.98101653
1006	1040	90	13	0.12061821	0.36638797
1006	1040	90	14	2.16722041	11.37975667
1006	1040	90	15	0.70518831	8.96642545
1006	1040	90	16	2.04846407	6.72426270
1006	1040	90	17	1.07178849	4.30077182
1006	1040	90	18	0.19389292	4.42606090
1006	1040	90	19	0.66791559	6.98550497
1006	1040	91	0	0.73973953	4.50039089
1006	1040	91	1	1.56671597	12.76778022
1006	1040	91	2	0.24826522	1.12035472
1006	1040	91	3	1.68713756	9.03323575
1006	1040	91	4	0.60228325	2.21590489
1006	1040	91	5	0.12272003	1.49543445
1006	1040	91	6	0.19786289	0.85923975
1006	1040	91	7	0.91172920	3.13942763
1006	1040	91	8	4.83685984	48.96967665
1006	1040	91	9	1.77740453	10.23285187
1006	1040	91	10	0.77515306	3.24261813
1006	1040	91	11	1.13530042	3.90359513
1006	1040	91	12	0.27800639	0.98327793
1006	1040	91	13	0.12273245	0.37949078
1006	1040	91	14	2.23518800	11.67705057
1006	1040	91	15	0.66659223	8.75357365
1006	1040	91	16	2.09355173	6.87440106
1006	1040	91	17	1.02956967	4.16707471
1006	1040	91	18	0.17882236	4.32449038
1006	1040	91	19	0.70266388	7.08347353
1006	1040	92	0	0.75452588	4.67749367
1006	1040	92	1	1.59492101	12.96510829
1006	1040	92	2	0.24370579	1.11604716
1006	1040	92	3	1.68496132	9.01784975
1006	1040	92	4	0.60373612	2.21976180
1006	1040	92	5	0.11374630	1.43104264
1006	1040	92	6	0.19847392	0.86140537
1006	1040	92	7	0.91107952	3.13752213
1006	1040	92	8	4.83641677	48.97696637
1006	1040	92	9	1.78163844	10.23738601
1006	1040	92	10	0.74266749	3.12800118
1006	1040	92	11	1.13509919	3.90299984
1006	1040	92	12	0.27882720	0.98570445
1006	1040	92	13	0.12408344	0.39086285
1006	1040	92	14	2.30135771	11.99346060
1006	1040	92	15	0.62994708	8.52391890
1006	1040	92	16	2.13709331	7.02724155
1006	1040	92	17	0.98801028	4.02863343
1006	1040	92	18	0.16517891	4.21462969
1006	1040	92	19	0.73751077	7.20819713
1006	1040	93	0	0.76581840	4.84724149
1006	1040	93	1	1.62084349	13.16947729
1006	1040	93	2	0.23866899	1.10815127
1006	1040	93	3	1.68317466	9.00318736
1006	1040	93	4	0.60524768	2.22402998
1006	1040	93	5	0.10557477	1.36573393
1006	1040	93	6	0.19908517	0.86368880
1006	1040	93	7	0.91042584	3.13552149
1006	1040	93	8	4.83595132	48.98309409
1006	1040	93	9	1.78613580	10.24536850
1006	1040	93	10	0.71157034	3.01234940
1006	1040	93	11	1.13489733	3.90237655
1006	1040	93	12	0.27965848	0.98827171
1006	1040	93	13	0.12465504	0.40024882
1006	1040	93	14	2.36495637	12.32404771
1006	1040	93	15	0.59562859	8.28113252
1006	1040	93	16	2.17864387	7.18047523
1006	1040	93	17	0.94769047	3.88743719
1006	1040	93	18	0.15295775	4.09845934
1006	1040	93	19	0.77196018	7.35759142
1006	1040	94	0	0.77348388	5.00706004
1006	1040	94	1	1.64439425	13.37784950
1006	1040	94	2	0.23328777	1.09699863
1006	1040	94	3	1.68180468	8.98950178
1006	1040	94	4	0.60679655	2.22865706
1006	1040	94	5	0.09821096	1.30042526
1006	1040	94	6	0.19968683	0.86606340
1006	1040	94	7	0.90977823	3.13344939
1006	1040	94	8	4.83547037	48.98815202
1006	1040	94	9	1.79078728	10.25646537
1006	1040	94	10	0.68224450	2.89733516
1006	1040	94	11	1.13469804	3.90173277
1006	1040	94	12	0.28048779	0.99095073
1006	1040	94	13	0.12445736	0.40745210
1006	1040	94	14	2.42534812	12.66391126
1006	1040	94	15	0.56391287	8.02888568
1006	1040	94	16	2.21785723	7.33200009
1006	1040	94	17	0.90912563	3.74549776
1006	1040	94	18	0.14212013	3.97782283
1006	1040	94	19	0.80554653	7.52924606
1006	1040	95	0	0.77748536	5.15456363
1006	1040	95	1	1.66555126	13.58742384
1006	1040	95	2	0.22768721	1.08297902
1006	1040	95	3	1.68086617	8.97702558
1006	1040	95	4	0.60835978	2.23358343
1006	1040	95	5	0.09164148	1.23592433
1006	1040	95	6	0.20026883	0.86849884
1006	1040	95	7	0.90914718	3.13133271
1006	1040	95	8	4.83498130	48.99223017
1006	1040	95	9	1.79549499	10.27029115
1006	1040	95	10	0.65499999	2.78455483
1006	1040	95	11	1.13450460	3.90107702
1006	1040	95	12	0.28130209	0.99370822
1006	1040	95	13	0.12352492	0.41234392
1006	1040	95	14	2.48203457	13.00832003
1006	1040	95	15	0.53498258	7.77074977
1006	1040	95	16	2.25447974	7.47996135
1006	1040	95	17	0.87275420	3.60477843
1006	1040	95	18	0.13260337	3.85440183
1006	1040	95	19	0.83784838	7.72048174
1006	1040	96	0	0.77787859	5.28762787
1006	1040	96	1	1.68434533	13.79567763
1006	1040	96	2	0.22198072	1.06651944
1006	1040	96	3	1.68036170	8.96596230
1006	1040	96	4	0.60991344	2.23874262
1006	1040	96	5	0.08583906	1.17292441
1006	1040	96	6	0.20082122	0.87096159
1006	1040	96	7	0.90854316	3.12920097
1006	1040	96	8	4.83449181	48.99541703
1006	1040	96	9	1.80017467	10.28642929
1006	1040	96	10	0.63007272	2.67547676
1006	1040	96	11	1.13432032	3.90041865
1006	1040	96	12	0.28208813	0.99650718
1006	1040	96	13	0.12191337	0.41486781
1006	1040	96	14	2.53464754	13.35282186
1006	1040	96	15	0.50893786	7.51011318
1006	1040	96	16	2.28834056	7.62277420
1006	1040	96	17	0.83893209	3.46713062
1006	1040	96	18	0.12432975	3.72970309
1006	1040	96	19	0.86849770	7.92841637
1006	1040	97	0	0.77480433	5.40444970
1006	1040	97	1	1.70084625	14.00038956
1006	1040	97	2	0.21626763	1.04806400
1006	1040	97	3	1.68028234	8.95647969
1006	1040	97	4	0.61143325	2.24406218
1006	1040	97	5	0.08076713	1.11200474
1006	1040	97	6	0.20133445	0.87341582
1006	1040	97	7	0.90797632	3.12708559
1006	1040	97	8	4.83400975	48.99780011
1006	1040	97	9	1.80475657	10.30445113
1006	1040	97	10	0.60762820	2.57140230
1006	1040	97	11	1.13414835	3.89976758
1006	1040	97	12	0.28283291	0.99930772
1006	1040	97	13	0.11969520	0.41503953
1006	1040	97	14	2.58293637	13.69332797
1006	1040	97	15	0.48580998	7.25011751
1006	1040	97	16	2.31934009	7.75913039
1006	1040	97	17	0.80793294	3.33424271
1006	1040	97	18	0.11721381	3.60505504
1006	1040	97	19	0.89718476	8.15003494
1006	1040	98	0	0.76847737	5.50359227
1006	1040	98	1	1.71515021	14.19964637
1006	1040	98	2	0.21063220	1.02805608
1006	1040	98	3	1.68060895	8.94870494
1006	1040	98	4	0.61289529	2.24946495
1006	1040	98	5	0.07638367	1.05363555
1006	1040	98	6	0.20179983	0.87582432
1006	1040	98	7	0.90745610	3.12501899
1006	1040	98	8	4.83354288	48.99946611
1006	1040	98	9	1.80918525	10.32393253
1006	1040	98	10	0.58776880	2.47344120
1006	1040	98	11	1.13399163	3.89913399
1006	1040	98	12	0.28352411	1.00206814
1006	1040	98	13	0.11695482	0.41294269
1006	1040	98	14	2.62675196	14.02617080
1006	1040	98	15	0.46557589	6.99361399
1006	1040	98	16	2.34743756	7.88799141
1006	1040	98	17	0.77995304	3.20760349
1006	1040	98	18	0.11116806	3.48161198
1006	1040	98	19	0.92365912	8.38225872
1006	1040	99	0	0.75917319	5.58401312
1006	1040	99	1	1.72736906	14.39183616
1006	1040	99	2	0.20514349	1.00692330
1006	1040	99	3	1.68131380	8.94272213
1006	1040	99	4	0.61427674	2.25487069
1006	1040	99	5	0.07264427	0.99818618
1006	1040	99	6	0.20220975	0.87814964
1006	1040	99	7	0.90699089	3.12303359
1006	1040	99	8	4.83309865	49.00050093
1006	1040	99	9	1.81341860	10.34446741
1006	1040	99	10	0.57054314	2.38250110
1006	1040	99	11	1.13385271	3.89852804
1006	1040	99	12	0.28415057	1.00474612
1006	1040	99	13	0.11378360	0.40872077
1006	1040	99	14	2.66602962	14.34813635
1006	1040	99	15	0.44817232	6.74313885
1006	1040	99	16	2.37263890	8.00857117
1006	1040	99	17	0.75511941	3.08848074
1006	1040	99	18	0.10610719	3.36036367
1006	1040	99	19	0.94772747	8.62200973
1006	1040	100	0	0.74721338	5.64507561
1006	1040	100	1	1.73762164	14.57563179
1006	1040	100	2	0.19985620	0.98506600
1006	1040	100	3	1.68236252	8.93857177
1006	1040	100	4	0.61555651	2.26019800
1006	1040	100	5	0.06950453	0.94593533
1006	1040	100	6	0.20255800	0.88035528
1006	1040	100	7	0.90658778	3.12116077
1006	1040	100	8	4.83268399	49.00098946
1006	1040	100	9	1.81742640	10.36567791
1006	1040	100	10	0.55595612	2.29928918
1006	1040	100	11	1.13373374	3.89795950
1006	1040	100	12	0.28470259	1.00730000
1006	1040	100	13	0.11027521	0.40256655
1006	1040	100	14	2.70077186	14.65647403
1006	1040	100	15	0.43350853	6.50090539
1006	1040	100	16	2.39498542	8.12031141
1006	1040	100	17	0.73349961	2.97791390
1006	1040	100	18	0.10195100	3.24214846
1006	1040	100	19	0.96924929	8.86626782
1006	1040	101	0	0.73295076	5.68654430
1006	1040	101	1	1.74602704	14.74996730
1006	1040	101	2	0.19481186	0.96284891
1006	1040	101	3	1.68371596	8.93625235
1006	1040	101	4	0.61671586	2.26536640
1006	1040	101	5	0.06692182	0.89708248
1006	1040	101	6	0.20283990	0.88240682
1006	1040	101	7	0.90625231	3.11942986
1006	1040	101	8	4.83230514	49.00101515
1006	1040	101	9	1.82118860	10.38722143
1006	1040	101	10	0.54397880	2.22432348
1006	1040	101	11	1.13363635	3.89743743
1006	1040	101	12	0.28517229	1.00969013
1006	1040	101	13	0.10652147	0.39470987
1006	1040	101	14	2.73103243	14.94888778
1006	1040	101	15	0.42147707	6.26880956
1006	1040	101	16	2.41454385	8.22285279
1006	1040	101	17	0.71511217	2.87671860
1006	1040	101	18	0.09862626	3.12766857
1006	1040	101	19	0.98813101	9.11211872
1006	1040	102	0	0.71675501	5.70856597
1006	1040	102	1	1.75269972	14.91401012
1006	1040	102	2	0.19004041	0.94059610
1006	1040	102	3	1.68533212	8.93572353
1006	1040	102	4	0.61773889	2.27029837
1006	1040	102	5	0.06485646	0.85175950
1006	1040	102	6	0.20305244	0.88427301
1006	1040	102	7	0.90598840	3.11786721
1006	1040	102	8	4.83196745	49.00065945
1006	1040	102	9	1.82469358	10.40879468
1006	1040	102	10	0.53455725	2.15795094
1006	1040	102	11	1.13356164	3.89696988
1006	1040	102	12	0.28555377	1.01188010
1006	1040	102	13	0.10260909	0.38540497
1006	1040	102	14	2.75690205	15.22351254
1006	1040	102	15	0.41196250	6.04844573
1006	1040	102	16	2.43139775	8.31600416
1006	1040	102	17	0.69993669	2.78550041
1006	1040	102	18	0.09606771	3.01750608
1006	1040	102	19	1.00431969	9.35679238
1006	1040	103	0	0.69899958	5.71163875
1006	1040	103	1	1.75774619	15.06713148
1006	1040	103	2	0.18556195	0.91858852
1006	1040	103	3	1.68716785	8.93691054
1006	1040	103	4	0.61861284	2.27492144
1006	1040	103	5	0.06327248	0.81004206
1006	1040	103	6	0.20319427	0.88592670
1006	1040	103	7	0.90579825	3.11649541
1006	1040	103	8	4.83167532	49.00000115
1006	1040	103	9	1.82793641	10.43013528
1006	1040	103	10	0.52762008	2.10036939
1006	1040	103	11	1.13351016	3.89656367
1006	1040	103	12	0.28584322	1.01383776
1006	1040	103	13	0.09861718	0.37491818
1006	1040	103	14	2.77849632	15.47888046
1006	1040	103	15	0.40484790	5.84112958
1006	1040	103	16	2.44564045	8.39971188
1006	1040	103	17	0.68792297	2.70467477
1006	1040	103	18	0.09421847	2.91213899
1006	1040	103	19	1.01779658	9.59769180
1006	1040	104	0	0.68005029	5.69657194
1006	1040	104	1	1.76126299	15.20887652
1006	1040	104	2	0.18138835	0.89706387
1006	1040	104	3	1.68918028	8.93970956
1006	1040	104	4	0.61932836	2.27916996
1006	1040	104	5	0.06213797	0.77196040
1006	1040	104	6	0.20326566	0.88734558
1006	1040	104	7	0.90568241	3.11533269
1006	1040	104	8	4.83143207	48.99911564
1006	1040	104	9	1.83091737	10.45102140
1006	1040	104	10	0.52308436	2.05165096
1006	1040	104	11	1.13348193	3.89622419
1006	1040	104	12	0.28603896	1.01553622
1006	1040	104	13	0.09461562	0.36351680
1006	1040	104	14	2.79594584	15.71388049
1006	1040	104	15	0.40001960	5.64792520
1006	1040	104	16	2.45736946	8.47403079
1006	1040	104	17	0.67899874	2.63449044
1006	1040	104	18	0.09303001	2.81195647
1006	1040	104	19	1.02857117	9.83241314
1006	1040	105	0	0.66025600	5.66443948
1006	1040	105	1	1.76333566	15.33893572
1006	1040	105	2	0.17752487	0.87621813
1006	1040	105	3	1.69132806	8.94399347
1006	1040	105	4	0.61987954	2.28298664
1006	1040	105	5	0.06142527	0.73750909
1006	1040	105	6	0.20326837	0.88851270
1006	1040	105	7	0.90563981	3.11439249
1006	1040	105	8	4.83123994	48.99807422
1006	1040	105	9	1.83364054	10.47126990
1006	1040	105	10	0.52086011	2.01176509
1006	1040	105	11	1.13347647	3.89595526
1006	1040	105	12	0.28614132	1.01695439
1006	1040	105	13	0.09066424	0.35145956
1006	1040	105	14	2.80938844	15.92771472
1006	1040	105	15	0.39737013	5.46967402
1006	1040	105	16	2.46668216	8.53909775
1006	1040	105	17	0.67307601	2.57505422
1006	1040	105	18	0.09246172	2.71727322
1006	1040	105	19	1.03667588	10.05875816
1006	1040	106	0	0.63994135	5.61652992
1006	1040	106	1	1.76403860	15.45711830
1006	1040	106	2	0.17397164	0.85620837
1006	1040	106	3	1.69357228	8.94961775
1006	1040	106	4	0.62026388	2.28632378
1006	1040	106	5	0.06111085	0.70665571
1006	1040	106	6	0.20320549	0.88941670
1006	1040	106	7	0.90566797	3.11368331
1006	1040	106	8	4.83110009	48.99694337
1006	1040	106	9	1.83611268	10.49073345
1006	1040	106	10	0.52085321	1.98059959
1006	1040	106	11	1.13349285	3.89575913
1006	1040	106	12	0.28615251	1.01807745
1006	1040	106	13	0.08681260	0.33898910
1006	1040	106	14	2.81896352	16.11985423
1006	1040	106	15	0.39679978	5.30702386
1006	1040	106	16	2.47367269	8.59510835
1006	1040	106	17	0.67005572	2.52635495
1006	1040	106	18	0.09248040	2.62834230
1006	1040	106	19	1.04216171	10.27474043
1006	1040	107	0	0.61940172	5.55429534
1006	1040	107	1	1.76343546	15.56332833
1006	1040	107	2	0.17072489	0.83715639
1006	1040	107	3	1.69587714	8.95642623
1006	1040	107	4	0.62048208	2.28914403
1006	1040	107	5	0.06117508	0.67934834
1006	1040	107	6	0.20308122	0.89005194
1006	1040	107	7	0.90576317	3.11320868
1006	1040	107	8	4.83101266	48.99578420
1006	1040	107	9	1.83834232	10.50929703
1006	1040	107	10	0.52296724	1.95797897
1006	1040	107	11	1.13352976	3.89563645
1006	1040	107	12	0.28607642	1.01889695
1006	1040	107	13	0.08310031	0.32632642
1006	1040	107	14	2.82480811	16.28999637
1006	1040	107	15	0.39821709	5.16045652
1006	1040	107	16	2.47842995	8.64229715
1006	1040	107	17	0.66983116	2.48828556
1006	1040	107	18	0.09305951	2.54536668
1006	1040	107	19	1.04509469	10.47858654
1006	1040	108	0	0.59890004	5.47930167
1006	1040	108	1	1.76158003	15.65754384
1006	1040	108	2	0.16777807	0.81915274
1006	1040	108	3	1.69821032	8.96425636
1006	1040	108	4	0.62053783	2.29142084
1006	1040	108	5	0.06160192	0.65552196
1006	1040	108	6	0.20290064	0.89041822
1006	1040	108	7	0.90592065	3.11296738
1006	1040	108	8	4.83097682	48.99465192
1006	1040	108	9	1.84033897	10.52687406
1006	1040	108	10	0.52710415	1.94367944
1006	1040	108	11	1.13358559	3.89558638
1006	1040	108	12	0.28591835	1.01941068
1006	1040	108	13	0.07955776	0.31366727
1006	1040	108	14	2.82705464	16.43802527
1006	1040	108	15	0.40153837	5.03031299
1006	1040	108	16	2.48103634	8.68092134
1006	1040	108	17	0.67228995	2.46066228
1006	1040	108	18	0.09417839	2.46850923
1006	1040	108	19	1.04555328	10.66873383
1006	1040	109	0	0.57866537	5.39318199
1006	1040	109	1	1.75851748	15.73979899
1006	1040	109	2	0.16512271	0.80226101
1006	1040	109	3	1.70054326	8.97294389
1006	1040	109	4	0.62043739	2.29313853
1006	1040	109	5	0.06237852	0.63510362
1006	1040	109	6	0.20266949	0.89052050
1006	1040	109	7	0.90613487	3.11295378
1006	1040	109	8	4.83099090	48.99359547
1006	1040	109	9	1.84211259	10.54340247
1006	1040	109	10	0.53316427	1.93744059
1006	1040	109	11	1.13365849	3.89560671
1006	1040	109	12	0.28568473	1.01962236
1006	1040	109	13	0.07620705	0.30118036
1006	1040	109	14	2.82582992	16.56397653
1006	1040	109	15	0.40668653	4.91681568
1006	1040	109	16	2.48156740	8.71124793
1006	1040	109	17	0.67731506	2.44324046
1006	1040	109	18	0.09582144	2.39790131
1006	1040	109	19	1.04362657	10.84382560
1006	1040	110	0	0.55889299	5.29759428
1006	1040	110	1	1.75428581	15.81016944
1006	1040	110	2	0.16274923	0.78652199
1006	1040	110	3	1.70285113	8.98232700
1006	1040	110	4	0.62018928	2.29429190
1006	1040	110	5	0.06349474	0.61801667
1006	1040	110	6	0.20239396	0.89036834
1006	1040	110	7	0.90639970	3.11315835
1006	1040	110	8	4.83105248	48.99265729
1006	1040	110	9	1.84367308	10.55884090
1006	1040	110	10	0.54104561	1.93897380
1006	1040	110	11	1.13374646	3.89569403
1006	1040	110	12	0.28538287	1.01954109
1006	1040	110	13	0.07306305	0.28900698
1006	1040	110	14	2.82125545	16.66800670
1006	1040	110	15	0.41358946	4.82008711
1006	1040	110	16	2.48009202	8.73354408
1006	1040	110	17	0.68478496	2.43572700
1006	1040	110	18	0.09797724	2.33364990
1006	1040	110	19	1.03941315	11.00270493
1006	1040	111	0	0.53974552	5.19418453
1006	1040	111	1	1.74891751	15.86876074
1006	1040	111	2	0.16064749	0.77195769
1006	1040	111	3	1.70511279	8.99224951
1006	1040	111	4	0.61980384	2.29488568
1006	1040	111	5	0.06494266	0.60418389
1006	1040	111	6	0.20208042	0.88997530
1006	1040	111	7	0.90670866	3.11356822
1006	1040	111	8	4.83115854	48.99187322
1006	1040	111	9	1.84503002	10.57316507
1006	1040	111	10	0.55064291	1.94796764
1006	1040	111	11	1.13384741	3.89584390
1006	1040	111	12	0.28502064	1.01918073
1006	1040	111	13	0.07013457	0.27726185
1006	1040	111	14	2.81344851	16.75036812
1006	1040	111	15	0.42217798	4.74016516
1006	1040	111	16	2.47667322	8.74807044
1006	1040	111	17	0.69457312	2.43778942
1006	1040	111	18	0.10063764	2.27584343
1006	1040	111	19	1.03302051	11.14440789
1006	1040	112	0	0.52135495	5.08455554
1006	1040	112	1	1.74244140	15.91569964
1006	1040	112	2	0.15880727	0.75857504
1006	1040	112	3	1.70731055	9.00256355
1006	1040	112	4	0.61929281	2.29493367
1006	1040	112	5	0.06671604	0.59352982
1006	1040	112	6	0.20173533	0.88935824
1006	1040	112	7	0.90705513	3.11416778
1006	1040	112	8	4.83130558	48.99127254
1006	1040	112	9	1.84619240	10.58636449
1006	1040	112	10	0.56184642	1.96409088
1006	1040	112	11	1.13395921	3.89605111
1006	1040	112	12	0.28460626	1.01855915
1006	1040	112	13	0.06742540	0.26603480
1006	1040	112	14	2.80252409	16.81138894
1006	1040	112	15	0.43238362	4.67701465
1006	1040	112	16	2.47136930	8.75507706
1006	1040	112	17	0.70654714	2.44906192
1006	1040	112	18	0.10379687	2.22455624
1006	1040	112	19	1.02456484	11.26815666
1006	1040	113	0	0.50382532	4.97024174
1006	1040	113	1	1.73488445	15.95112807
1006	1040	113	2	0.15721861	0.74636915
1006	1040	113	3	1.70942997	9.01313143
1006	1040	113	4	0.61866895	2.29445766
1006	1040	113	5	0.06880976	0.58598218
1006	1040	113	6	0.20136497	0.88853663
1006	1040	113	7	0.90743250	3.11493932
1006	1040	113	8	4.83148971	48.99087813
1006	1040	113	9	1.84716850	10.59843944
1006	1040	113	10	0.57454074	1.98699343
1006	1040	113	11	1.13407979	3.89630982
1006	1040	113	12	0.28414804	1.01769739
1006	1040	113	13	0.06493543	0.25539313
1006	1040	113	14	2.78859738	16.85145837
1006	1040	113	15	0.44413627	4.63053553
1006	1040	113	16	2.46423546	8.75480172
1006	1040	113	17	0.72056770	2.46914882
1006	1040	113	18	0.10745059	2.17985199
1006	1040	113	19	1.01417106	11.37335312
1006	1040	114	0	0.48723564	4.85268977
1006	1040	114	1	1.72627376	15.97519972
1006	1040	114	2	0.15587209	0.73532629
1006	1040	114	3	1.71145946	9.02382696
1006	1040	114	4	0.61794564	2.29348635
1006	1040	114	5	0.07121927	0.58147265
1006	1040	114	6	0.20097542	0.88753179
1006	1040	114	7	0.90783432	3.11586370
1006	1040	114	8	4.83170686	48.99070676
1006	1040	114	9	1.84796575	10.60939847
1006	1040	114	10	0.58860381	2.01630588
1006	1040	114	11	1.13420713	3.89661384
1006	1040	114	12	0.28365418	1.01661894
1006	1040	114	13	0.06266149	0.24538425
1006	1040	114	14	2.77178659	16.87101687
1006	1040	114	15	0.45736185	4.60056789
1006	1040	114	16	2.45532564	8.74747027
1006	1040	114	17	0.73648741	2.49762601
1006	1040	114	18	0.11159490	2.14178570
1006	1040	114	19	1.00197293	11.45957281
1006	1040	115	0	0.47164308	4.73324442
1006	1040	115	1	1.71663853	15.98807892
1006	1040	115	2	0.15475896	0.72542641
1006	1040	115	3	1.71339007	9.03453617
1006	1040	115	4	0.61713656	2.29205403
1006	1040	115	5	0.07393991	0.57993686
1006	1040	115	6	0.20057236	0.88636625
1006	1040	115	7	0.90825443	3.11692089
1006	1040	115	8	4.83195277	48.99076943
1006	1040	115	9	1.84859074	10.61925607
1006	1040	115	10	0.60390609	2.05163810
1006	1040	115	11	1.13433934	3.89695673
1006	1040	115	12	0.28313262	1.01534888
1006	1040	115	13	0.06059822	0.23603851
1006	1040	115	14	2.75221604	16.87055071
1006	1040	115	15	0.47198012	4.58689412
1006	1040	115	16	2.44469456	8.73329875
1006	1040	115	17	0.75414995	2.53404090
1006	1040	115	18	0.11622542	2.11040485
1006	1040	115	19	0.98811309	11.52655971
1006	1040	116	0	0.45708610	4.61313951
1006	1040	116	1	1.70601196	15.98994155
1006	1040	116	2	0.15387132	0.71664524
1006	1040	116	3	1.71521504	9.04515758
1006	1040	116	4	0.61625538	2.29019945
1006	1040	116	5	0.07696639	0.58131388
1006	1040	116	6	0.20016109	0.88506312
1006	1040	116	7	0.90868705	3.11809053
1006	1040	116	8	4.83222318	48.99107184
1006	1040	116	9	1.84904920	10.62803081
1006	1040	116	10	0.62031020	2.09257749
1006	1040	116	11	1.13447463	3.89733205
1006	1040	116	12	0.28259091	1.01391322
1006	1040	116	13	0.05873875	0.22737197
1006	1040	116	14	2.73001928	16.85059060
1006	1040	116	15	0.48790261	4.58923861
1006	1040	116	16	2.43239994	8.71249690
1006	1040	116	17	0.77338943	2.57791140
1006	1040	116	18	0.12133621	2.08574937
1006	1040	116	19	0.97274297	11.57422132
1006	1040	117	0	0.44358752	4.49349308
1006	1040	117	1	1.69443316	15.98097784
1006	1040	117	2	0.15320213	0.70895605
1006	1040	117	3	1.71692959	9.05560212
1006	1040	117	4	0.61531553	2.28796454
1006	1040	117	5	0.08029211	0.58554508
1006	1040	117	6	0.19974641	0.88364551
1006	1040	117	7	0.90912682	3.11935239
1006	1040	117	8	4.83251388	48.99161483
1006	1040	117	9	1.84934602	10.63574376
1006	1040	117	10	0.63767096	2.13868727
1006	1040	117	11	1.13461139	3.89773344
1006	1040	117	12	0.28203608	1.01233821
1006	1040	117	13	0.05707528	0.21938913
1006	1040	117	14	2.70534206	16.81171359
1006	1040	117	15	0.50503099	4.60726556
1006	1040	117	16	2.41850473	8.68527300
1006	1040	117	17	0.79403019	2.62872470
1006	1040	117	18	0.12691879	2.06785056
1006	1040	117	19	0.95602242	11.60262410
1006	1040	118	0	0.43115736	4.37530620
1006	1040	118	1	1.68194886	15.96139672
1006	1040	118	2	0.15274521	0.70233112
1006	1040	118	3	1.71853051	9.06579269
1006	1040	118	4	0.61432995	2.28539334
1006	1040	118	5	0.08390856	0.59257258
1006	1040	118	6	0.19933264	0.88213609
1006	1040	118	7	0.90956889	3.12068680
1006	1040	118	8	4.83282077	48.99239497
1006	1040	118	9	1.84948531	10.64241724
1006	1040	118	10	0.65583587	2.18950535
1006	1040	118	11	1.13474816	3.89815480
1006	1040	118	12	0.28147461	1.01064979
1006	1040	118	13	0.05559954	0.21208536
1006	1040	118	14	2.67834501	16.75454764
1006	1040	118	15	0.52325576	4.64057517
1006	1040	118	16	2.40307936	8.65183946
1006	1040	118	17	0.81588712	2.68593603
1006	1040	118	18	0.13296110	2.05672917
1006	1040	118	19	0.93811897	11.61198894
1006	1040	119	0	0.41979551	4.25946484
1006	1040	119	1	1.66861502	15.93143144
1006	1040	119	2	0.15249525	0.69674280
1006	1040	119	3	1.72001596	9.07566353
1006	1040	119	4	0.61331094	2.28253093
1006	1040	119	5	0.08780472	0.60233724
1006	1040	119	6	0.19892360	0.88055668
1006	1040	119	7	0.91000889	3.12207494
1006	1040	119	8	4.83313992	48.99340506
1006	1040	119	9	1.84947046	10.64807381
1006	1040	119	10	0.67464616	2.24454393
1006	1040	119	11	1.13488364	3.89859031
1006	1040	119	12	0.28091238	1.00887311
1006	1040	119	13	0.05430319	0.20544912
1006	1040	119	14	2.64920593	16.67977817
1006	1040	119	15	0.54245537	4.68869910
1006	1040	119	16	2.38620382	8.61241917
1006	1040	119	17	0.83876644	2.74896823
1006	1040	119	18	0.13944654	2.05239251
1006	1040	119	19	0.91920686	11.60268626
1006	1040	120	0	0.40949402	4.14674406
1006	1040	120	1	1.65449813	15.89134620
1006	1040	120	2	0.15244770	0.69216434
1006	1040	120	3	1.72138514	9.08515942
1006	1040	120	4	0.61227008	2.27942254
1006	1040	120	5	0.09196650	0.61477628
1006	1040	120	6	0.19852259	0.87892795
1006	1040	120	7	0.91044296	3.12349910
1006	1040	120	8	4.83346762	48.99463468
1006	1040	120	9	1.84930426	10.65273551
1006	1040	120	10	0.69393816	2.30329029
1006	1040	120	11	1.13501672	3.89903459
1006	1040	120	12	0.28035464	1.00703215
1006	1040	120	13	0.05317808	0.19946391
1006	1040	120	14	2.61812142	16.58815578
1006	1040	120	15	0.56249597	4.75109540
1006	1040	120	16	2.36796961	8.56725209
1006	1040	120	17	0.86246709	2.81721214
1006	1040	120	18	0.14635297	2.05483078
1006	1040	120	19	0.89946559	11.57523047
1006	1040	121	0	0.40023924	4.03781409
1006	1040	121	1	1.63967623	15.84144334
1006	1040	121	2	0.15259873	0.68857051
1006	1040	121	3	1.72263812	9.09423478
1006	1040	121	4	0.61121806	2.27611273
1006	1040	121	5	0.09637624	0.62982070
1006	1040	121	6	0.19813249	0.87726917
1006	1040	121	7	0.91086773	3.12494287
1006	1040	121	8	4.83380042	48.99607073
1006	1040	121	9	1.84898901	10.65642336
1006	1040	121	10	0.71354508	2.36520872
1006	1040	121	11	1.13514640	3.89948266
1006	1040	121	12	0.27980602	1.00514941
1006	1040	121	13	0.05221648	0.19410994
1006	1040	121	14	2.58530791	16.48050431
1006	1040	121	15	0.58323163	4.82714377
1006	1040	121	16	2.34848128	8.51660190
1006	1040	121	17	0.88678247	2.89002825
1006	1040	121	18	0.15365190	2.06401272
1006	1040	121	19	0.87907831	11.53027354
1006	1040	122	0	0.39201353	3.93324771
1006	1040	122	1	1.62423963	15.78207084
1006	1040	122	2	0.15294505	0.68593789
1006	1040	122	3	1.72377558	9.10285265
1006	1040	122	4	0.61016472	2.27264475
1006	1040	122	5	0.10101224	0.64739247
1006	1040	122	6	0.19775568	0.87559808
1006	1040	122	7	0.91128032	3.12639125
1006	1040	122	8	4.83413512	48.99769795
1006	1040	122	9	1.84852664	10.65915703
1006	1040	122	10	0.73329912	2.42974374
1006	1040	122	11	1.13527187	3.89993003
1006	1040	122	12	0.27927054	1.00324571
1006	1040	122	13	0.05141120	0.18936547
1006	1040	122	14	2.55100185	16.35772866
1006	1040	122	15	0.60450512	4.91614148
1006	1040	122	16	2.32785774	8.46076243
1006	1040	122	17	0.91150271	2.96674974
1006	1040	122	18	0.16130768	2.07988063
1006	1040	122	19	0.85822979	11.46859736
1006	1040	123	0	0.38479681	3.83352846
1006	1040	123	1	1.60829114	15.71362964
1006	1040	123	2	0.15348379	0.68424510
1006	1040	123	3	1.72479868	9.11098374
1006	1040	123	4	0.60911895	2.26905999
1006	1040	123	5	0.10584844	0.66740163
1006	1040	123	6	0.19739418	0.87393078
1006	1040	123	7	0.91167827	3.12783071
1006	1040	123	8	4.83446881	48.99949939
1006	1040	123	9	1.84791883	10.66095471
1006	1040	123	10	0.75303364	2.49632448
1006	1040	123	11	1.13539243	3.90037269
1006	1040	123	12	0.27875166	1.00134008
1006	1040	123	13	0.05075576	0.18520797
1006	1040	123	14	2.51545913	16.22082151
1006	1040	123	15	0.62614929	5.01730053
1006	1040	123	16	2.30623304	8.40006345
1006	1040	123	17	0.93641708	3.04668681
1006	1040	123	18	0.16927696	2.10234506
1006	1040	123	19	0.83710443	11.39110481
1006	1040	124	0	0.37856778	3.73905935
1006	1040	124	1	1.59194591	15.63658051
1006	1040	124	2	0.15421236	0.68347267
1006	1040	124	3	1.72570888	9.11860545
1006	1040	124	4	0.60808875	2.26539756
1006	1040	124	5	0.11085420	0.68974340
1006	1040	124	6	0.19704961	0.87228172
1006	1040	124	7	0.91205954	3.12924921
1006	1040	124	8	4.83479884	49.00145685
1006	1040	124	9	1.84716721	10.66183313
1006	1040	124	10	0.77258545	2.56437008
1006	1040	124	11	1.13550752	3.90080711
1006	1040	124	12	0.27825229	0.99944965
1006	1040	124	13	0.05024436	0.18161503
1006	1040	124	14	2.47895372	16.07086828
1006	1040	124	15	0.64798876	5.12974643
1006	1040	124	16	2.28375665	8.33487570
1006	1040	124	17	0.96131665	3.12913227
1006	1040	124	18	0.17750826	2.13127915
1006	1040	124	19	0.81588404	11.29880952
1006	1040	125	0	0.37330489	3.65017168
1006	1040	125	1	1.57533082	15.55144992
1006	1040	125	2	0.15512819	0.68360294
1006	1040	125	3	1.72650782	9.12570086
1006	1040	125	4	0.60708120	2.26169400
1006	1040	125	5	0.11599417	0.71429548
1006	1040	125	6	0.19672327	0.87066368
1006	1040	125	7	0.91242247	3.13063617
1006	1040	125	8	4.83512288	49.00355130
1006	1040	125	9	1.84627352	10.66180774
1006	1040	125	10	0.79179695	2.63329587
1006	1040	125	11	1.13561669	3.90123020
1006	1040	125	12	0.27777487	0.99758968
1006	1040	125	13	0.04987200	0.17856504
1006	1040	125	14	2.44177548	15.90905001
1006	1040	125	15	0.66984223	5.25251887
1006	1040	125	16	2.26059322	8.26561470
1006	1040	125	17	0.98599694	3.21336823
1006	1040	125	18	0.18594182	2.16651304
1006	1040	125	19	0.79474575	11.19282420
1006	1040	126	0	0.36898715	3.56713383
1006	1040	126	1	1.55858339	15.45883478
1006	1040	126	2	0.15622858	0.68461967
1006	1040	126	3	1.72719723	9.13225792
1006	1040	126	4	0.60610254	2.25798308
1006	1040	126	5	0.12122841	0.74091553
1006	1040	126	6	0.19641618	0.86908781
1006	1040	126	7	0.91276572	3.13198243
1006	1040	126	8	4.83543881	49.00576321
1006	1040	126	9	1.84523977	10.66089306
1006	1040	126	10	0.81051811	2.70252001
1006	1040	126	11	1.13571957	3.90163935
1006	1040	126	12	0.27732137	0.99577357
1006	1040	126	13	0.04963438	0.17603769
1006	1040	126	14	2.40422741	15.73664354
1006	1040	126	15	0.69152481	5.38457455
1006	1040	126	16	2.23692183	8.19274333
1006	1040	126	17	1.01026040	3.29867356
1006	1040	126	18	0.19450969	2.20782843
1006	1040	126	19	0.77386007	11.07434794
1006	1040	127	0	0.36559461	3.49015959
1006	1040	127	1	1.54185031	15.35940551
1006	1040	127	2	0.15751045	0.68650759
1006	1040	127	3	1.72777882	9.13826855
1006	1040	127	4	0.60515820	2.25429567
1006	1040	127	5	0.12651255	0.76943906
1006	1040	127	6	0.19612910	0.86756377
1006	1040	127	7	0.91308823	3.13328015
1006	1040	127	8	4.83574482	49.00807292
1006	1040	127	9	1.84406847	10.65910311
1006	1040	127	10	0.82860820	2.77147030
1006	1040	127	11	1.13581590	3.90203232
1006	1040	127	12	0.27689339	0.99401296
1006	1040	127	13	0.04952793	0.17401436
1006	1040	127	14	2.36662225	15.55501892
1006	1040	127	15	0.71285073	5.52479210
1006	1040	127	16	2.21293461	8.11677288
1006	1040	127	17	1.03391870	3.38433166
1006	1040	127	18	0.20313614	2.25495366
1006	1040	127	19	0.75338909	10.94465247
1006	1040	128	0	0.36310874	3.41941608
1006	1040	128	1	1.52528551	15.25390728
1006	1040	128	2	0.15897012	0.68925176
1006	1040	128	3	1.72825426	9.14372793
1006	1040	128	4	0.60425285	2.25065973
1006	1040	128	5	0.13179823	0.79967781
1006	1040	128	6	0.19586258	0.86609976
1006	1040	128	7	0.91338921	3.13452272
1006	1040	128	8	4.83603930	49.01046084
1006	1040	128	9	1.84276281	10.65645196
1006	1040	128	10	0.84593710	2.83959082
1006	1040	128	11	1.13590547	3.90240727
1006	1040	128	12	0.27649216	0.99231780
1006	1040	128	13	0.04954974	0.17247832
1006	1040	128	14	2.32927873	15.36563377
1006	1040	128	15	0.73363597	5.67197920
1006	1040	128	16	2.18883494	8.03826242
1006	1040	128	17	1.05679470	3.46963851
1006	1040	128	18	0.21173839	2.30755948
1006	1040	128	19	0.73348500	10.80506786
1006	1040	129	0	0.36151261	3.35503103
1006	1040	129	1	1.50904800	15.14315931
1006	1040	129	2	0.16060299	0.69283696
1006	1040	129	3	1.72862511	9.14863381
1006	1040	129	4	0.60339048	2.24710037
1006	1040	129	5	0.13703369	0.83141870
1006	1040	129	6	0.19561700	0.86470266
1006	1040	129	7	0.91366806	3.13570465
1006	1040	129	8	4.83632087	49.01290773
1006	1040	129	9	1.84132687	10.65295447
1006	1040	129	10	0.86238626	2.90634806
1006	1040	129	11	1.13598815	3.90276268
1006	1040	129	12	0.27611864	0.99069652
1006	1040	129	13	0.04969750	0.17141484
1006	1040	129	14	2.29251752	15.17002495
1006	1040	129	15	0.75370085	5.82488159
1006	1040	129	16	2.16483514	7.95781657
1006	1040	129	17	1.07872401	3.55391027
1006	1040	129	18	0.22022761	2.36525582
1006	1040	129	19	0.71428899	10.65696786
1006	1040	130	0	0.36079084	3.29709924
1006	1040	130	1	1.49329933	15.02805191
1006	1040	130	2	0.16240336	0.69724677
1006	1040	130	3	1.72889281	9.15298591
1006	1040	130	4	0.60257444	2.24363988
1006	1040	130	5	0.14216444	0.86442357
1006	1040	130	6	0.19539259	0.86337819
1006	1040	130	7	0.91392439	3.13682147
1006	1040	130	8	4.83658837	49.01539487
1006	1040	130	9	1.83976586	10.64862700
1006	1040	130	10	0.87784928	2.97123637
1006	1040	130	11	1.13606385	3.90309736
1006	1040	130	12	0.27577352	0.98915610
1006	1040	130	13	0.04996938	0.17081119
1006	1040	130	14	2.25665715	14.96979744
1006	1040	130	15	0.77287248	5.98219372
1006	1040	130	16	2.14115383	7.87608157
1006	1040	130	17	1.09955606	3.63649037
1006	1040	130	18	0.22851028	2.42758985
1006	1040	130	19	0.69593042	10.50175533
1006	1040	131	0	0.36092947	3.24568828
1006	1040	131	1	1.47820101	14.90954150
1006	1040	131	2	0.16436413	0.70246282
1006	1040	131	3	1.72905869	9.15678546
1006	1040	131	4	0.60180754	2.24029788
1006	1040	131	5	0.14713420	0.89842955
1006	1040	131	6	0.19518947	0.86213096
1006	1040	131	7	0.91415793	3.13786961
1006	1040	131	8	4.83684080	49.01790423
1006	1040	131	9	1.83808630	10.64348826
1006	1040	131	10	0.89223213	3.03378243
1006	1040	131	11	1.13613252	3.90341035
1006	1040	131	12	0.27545728	0.98770229
1006	1040	131	13	0.05036397	0.17065657
1006	1040	131	14	2.22200992	14.76661104
1006	1040	131	15	0.79098694	6.14257087
1006	1040	131	16	2.11801295	7.79373986
1006	1040	131	17	1.11915486	3.71675571
1006	1040	131	18	0.23648982	2.49404542
1006	1040	131	19	0.67852637	10.34084802
1006	1040	132	0	0.36191561	3.20084332
1006	1040	132	1	1.46391175	14.78864342
1006	1040	132	2	0.16647652	0.70846372
1006	1040	132	3	1.72912393	9.16003477
1006	1040	132	4	0.60109208	2.23709152
1006	1040	132	5	0.15188588	0.93315039
1006	1040	132	6	0.19500766	0.86096467
1006	1040	132	7	0.91436853	3.13884625
1006	1040	132	8	4.83707732	49.02041852
1006	1040	132	9	1.83629625	10.63756026
1006	1040	132	10	0.90545298	3.09354879
1006	1040	132	11	1.13619415	3.90370094
1006	1040	132	12	0.27517023	0.98633970
1006	1040	132	13	0.05088009	0.17094190
1006	1040	132	14	2.18887799	14.56216508
1006	1040	132	15	0.80789117	6.30464203
1006	1040	132	16	2.09563458	7.71150315
1006	1040	132	17	1.13739924	3.79412187
1006	1040	132	18	0.24406844	2.56404425
1006	1040	132	19	0.66218150	10.17566507
1006	1040	133	0	0.36373698	3.16259100
1006	1040	133	1	1.45058467	14.66642282
1006	1040	133	2	0.16872986	0.71522417
1006	1040	133	3	1.72908967	9.16273692
1006	1040	133	4	0.60042995	2.23403562
1006	1040	133	5	0.15636274	0.96827858
1006	1040	133	6	0.19484713	0.85988221
1006	1040	133	7	0.91455616	3.13974928
1006	1040	133	8	4.83729726	49.02292138
1006	1040	133	9	1.83440547	10.63086926
1006	1040	133	10	0.91744185	3.15013619
1006	1040	133	11	1.13624874	3.90396859
1006	1040	133	12	0.27491254	0.98507195
1006	1040	133	13	0.05151671	0.17165963
1006	1040	133	14	2.15754974	14.35818184
1006	1040	133	15	0.82344457	6.46702354
1006	1040	133	16	2.07423770	7.63010430
1006	1040	133	17	1.15418280	3.86804705
1006	1040	133	18	0.25114924	2.63694891
1006	1040	133	19	0.64698819	10.00761452
1006	1040	134	0	0.36638133	3.13094234
1006	1040	134	1	1.43836461	14.54398371
1006	1040	134	2	0.17111136	0.72271389
1006	1040	134	3	1.72895698	9.16489552
1006	1040	134	4	0.59982265	2.23114286
1006	1040	134	5	0.16050951	1.00348830
1006	1040	134	6	0.19470778	0.85888575
1006	1040	134	7	0.91472081	3.14057713
1006	1040	134	8	4.83750004	49.02539733
1006	1040	134	9	1.83242556	10.62344670
1006	1040	134	10	0.92814003	3.20318495
1006	1040	134	11	1.13629632	3.90421295
1006	1040	134	12	0.27468428	0.98390181
1006	1040	134	13	0.05227275	0.17280336
1006	1040	134	14	2.12829643	14.15638896
1006	1040	134	15	0.83752029	6.62833279
1006	1040	134	16	2.05403479	7.55028827
1006	1040	134	17	1.16941356	3.93803492
1006	1040	134	18	0.25763847	2.71206759
1006	1040	134	19	0.63302695	9.83808190
1006	1040	135	0	0.36983565	3.10589473
1006	1040	135	1	1.42738548	14.42245655
1006	1040	135	2	0.17360591	0.73089662
1006	1040	135	3	1.72872698	9.16651459
1006	1040	135	4	0.59927135	2.22842401
1006	1040	135	5	0.16427369	1.03843929
1006	1040	135	6	0.19458948	0.85797689
1006	1040	135	7	0.91486258	3.14132872
1006	1040	135	8	4.83768521	49.02783187
1006	1040	135	9	1.83037014	10.61533022
1006	1040	135	10	0.93749936	3.25237538
1006	1040	135	11	1.13633692	3.90443378
1006	1040	135	12	0.27448541	0.98283137
1006	1040	135	13	0.05314694	0.17436751
1006	1040	135	14	2.10136924	13.95850147
1006	1040	135	15	0.85000626	6.78720188
1006	1040	135	16	2.03522858	7.47280218
1006	1040	135	17	1.18301342	4.00363629
1006	1040	135	18	0.26344778	2.78866092
1006	1040	135	19	0.62036688	9.66842019
1006	1040	136	0	0.37408538	3.08743287
1006	1040	136	1	1.41776783	14.30298445
1006	1040	136	2	0.17619596	0.73972920
1006	1040	136	3	1.72840087	9.16759851
1006	1040	136	4	0.59877698	2.22588812
1006	1040	136	5	0.16760676	1.07278131
1006	1040	136	6	0.19449209	0.85715673
1006	1040	136	7	0.91498157	3.14200335
1006	1040	136	8	4.83785240	49.03021148
1006	1040	136	9	1.82825487	10.60656452
1006	1040	136	10	0.94548156	3.29742736
1006	1040	136	11	1.13637059	3.90463096
1006	1040	136	12	0.27431586	0.98186207
1006	1040	136	13	0.05413758	0.17634686
1006	1040	136	14	2.07699658	13.76620375
1006	1040	136	15	0.86080596	6.94229091
1006	1040	136	16	2.01800884	7.39838498
1006	1040	136	17	1.19491744	4.06444976
1006	1040	136	18	0.26849655	2.86595054
1006	1040	136	19	0.60906637	9.49994111
1006	1040	137	0	0.37911342	3.07552885
1006	1040	137	1	1.40961657	14.18670850
1006	1040	137	2	0.17886143	0.74916060
1006	1040	137	3	1.72798006	9.16815203
1006	1040	137	4	0.59834021	2.22354270
1006	1040	137	5	0.17046536	1.10615946
1006	1040	137	6	0.19441544	0.85642598
1006	1040	137	7	0.91507793	3.14260064
1006	1040	137	8	4.83800134	49.03252359
1006	1040	137	9	1.82609750	10.59720224
1006	1040	137	10	0.95205748	3.33809933
1006	1040	137	11	1.13639740	3.90480443
1006	1040	137	12	0.27417548	0.98099487
1006	1040	137	13	0.05524235	0.17873600
1006	1040	137	14	2.05538176	13.58113182
1006	1040	137	15	0.86983908	7.09230064
1006	1040	137	16	2.00254926	7.32775673
1006	1040	137	17	1.20507325	4.12012154
1006	1040	137	18	0.27271413	2.94312943
1006	1040	137	19	0.59917369	9.33390772
1006	1040	138	0	0.38489912	3.07014110
1006	1040	138	1	1.40301887	14.07475228
1006	1040	138	2	0.18157972	0.75913127
1006	1040	138	3	1.72746625	9.16818041
1006	1040	138	4	0.59796153	2.22139391
1006	1040	138	5	0.17281245	1.13821986
1006	1040	138	6	0.19435935	0.85578501
1006	1040	138	7	0.91515181	3.14312046
1006	1040	138	8	4.83813180	49.03475662
1006	1040	138	9	1.82391776	10.58730462
1006	1040	138	10	0.95720661	3.37418690
1006	1040	138	11	1.13641738	3.90495423
1006	1040	138	12	0.27406410	0.98023034
1006	1040	138	13	0.05645812	0.18152884
1006	1040	138	14	2.03670092	13.40485616
1006	1040	138	15	0.87704199	7.23598452
1006	1040	138	16	1.98900464	7.26160797
1006	1040	138	17	1.21344030	4.17034459
1006	1040	138	18	0.27604193	3.01937380
1006	1040	138	19	0.59072768	9.17152830
1006	1040	139	0	0.39141718	3.07121263
1006	1040	139	1	1.39804240	13.96820605
1006	1040	139	2	0.18432579	0.76957243
1006	1040	139	3	1.72686158	9.16768965
1006	1040	139	4	0.59764123	2.21944674
1006	1040	139	5	0.17461832	1.16861590
1006	1040	139	6	0.19432362	0.85523394
1006	1040	139	7	0.91520341	3.14356289
1006	1040	139	8	4.83824365	49.03689988
1006	1040	139	9	1.82173730	10.57694206
1006	1040	139	10	0.96091660	3.40552121
1006	1040	139	11	1.13643062	3.90508043
1006	1040	139	12	0.27398151	0.97956871
1006	1040	139	13	0.05778068	0.18471790
1006	1040	139	14	2.02110113	13.23886535
1006	1040	139	15	0.88236830	7.37216003
1006	1040	139	16	1.97750815	7.20058903
1006	1040	139	17	1.21998943	4.21485741
1006	1040	139	18	0.27843516	3.09385624
1006	1040	139	19	0.58375821	9.01395140
1006	1040	140	0	0.39863653	3.07866825
1006	1040	140	1	1.39473375	13.86811079
1006	1040	140	2	0.18707237	0.78040580
1006	1040	140	3	1.72616869	9.16668670
1006	1040	140	4	0.59737948	2.21770512
1006	1040	140	5	0.17586144	1.19701459
1006	1040	140	6	0.19430806	0.85477264
1006	1040	140	7	0.91523293	3.14392816
1006	1040	140	8	4.83833676	49.03894361
1006	1040	140	9	1.81957937	10.56619438
1006	1040	140	10	0.96318308	3.43196742
1006	1040	140	11	1.13643717	3.90518314
1006	1040	140	12	0.27392747	0.97900991
1006	1040	140	13	0.05920454	0.18829369
1006	1040	140	14	2.00869877	13.08455043
1006	1040	140	15	0.88578923	7.49971933
1006	1040	140	16	1.96816896	7.14529985
1006	1040	140	17	1.22470253	4.25344263
1006	1040	140	18	0.27986442	3.16575981
1006	1040	140	19	0.57828664	8.86226173
1006	1040	141	0	0.40651928	3.09241112
1006	1040	141	1	1.39311724	13.77544245
1006	1040	141	2	0.18979025	0.79154348
1006	1040	141	3	1.72539091	9.16517988
1006	1040	141	4	0.59717628	2.21617210
1006	1040	141	5	0.17652917	1.22310310
1006	1040	141	6	0.19431244	0.85440085
1006	1040	141	7	0.91524059	3.14421665
1006	1040	141	8	4.83841111	49.04087889
1006	1040	141	9	1.81746857	10.55515083
1006	1040	141	10	0.96400969	3.45342330
1006	1040	141	11	1.13643710	3.90526251
1006	1040	141	12	0.27390172	0.97855369
1006	1040	141	13	0.06072270	0.19224404
1006	1040	141	14	1.99957789	12.94319025
1006	1040	141	15	0.88729417	7.61763923
1006	1040	141	16	1.96107011	7.09628016
1006	1040	141	17	1.22757244	4.28592571
1006	1040	141	18	0.28031675	3.23429270
1006	1040	141	19	0.57432598	8.71747684
1006	1040	142	0	0.41501971	3.11231862
1006	1040	142	1	1.39319404	13.69109659
1006	1040	142	2	0.19244874	0.80288816
1006	1040	142	3	1.72453236	9.16317929
1006	1040	142	4	0.59703149	2.21484987
1006	1040	142	5	0.17661819	1.24659509
1006	1040	142	6	0.19433650	0.85411812
1006	1040	142	7	0.91522666	3.14442884
1006	1040	142	8	4.83846668	49.04269765
1006	1040	142	9	1.81543038	10.54390981
1006	1040	142	10	0.96340831	3.46981833
1006	1040	142	11	1.13643051	3.90531872
1006	1040	142	12	0.27390395	0.97819959
1006	1040	142	13	0.06232648	0.19655333
1006	1040	142	14	1.99378889	12.81593755
1006	1040	142	15	0.88689111	7.72499067
1006	1040	142	16	1.95626671	7.05400036
1006	1040	142	17	1.22860310	4.31217384
1006	1040	142	18	0.27979625	3.29870297
1006	1040	142	19	0.57188091	8.58054427
1006	1040	143	0	0.42408337	3.13823772
1006	1040	143	1	1.39494169	13.61587390
1006	1040	143	2	0.19501614	0.81433379
1006	1040	143	3	1.72359810	9.16069721
1006	1040	143	4	0.59694485	2.21373995
1006	1040	143	5	0.17613478	1.26723673
1006	1040	143	6	0.19437996	0.85392384
1006	1040	143	7	0.91519143	3.14456535
1006	1040	143	8	4.83850353	49.04439262
1006	1040	143	9	1.81349065	10.53257813
1006	1040	143	10	0.96139951	3.48111321
1006	1040	143	11	1.13641748	3.90535198
1006	1040	143	12	0.27393378	0.97794695
1006	1040	143	13	0.06400533	0.20120185
1006	1040	143	14	1.99134723	12.70380607
1006	1040	143	15	0.88460714	7.82094773
1006	1040	143	16	1.95378457	7.01885317
1006	1040	143	17	1.22780993	4.33209541
1006	1040	143	18	0.27832421	3.35829300
1006	1040	143	19	0.57094762	8.45233897
1006	1040	144	0	0.43364641	3.16998009
1006	1040	144	1	1.39831412	13.55046676
1006	1040	144	2	0.19746047	0.82576651
1006	1040	144	3	1.72259417	9.15774867
1006	1040	144	4	0.59691590	2.21284312
1006	1040	144	5	0.17509469	1.28481224
1006	1040	144	6	0.19444246	0.85381726
1006	1040	144	7	0.91513528	3.14462691
1006	1040	144	8	4.83852176	49.04595727
1006	1040	144	9	1.81167502	10.52126998
1006	1040	144	10	0.95801322	3.48729999
1006	1040	144	11	1.13639813	3.90536254
1006	1040	144	12	0.27399080	0.97779496
1006	1040	144	13	0.06574674	0.20616513
1006	1040	144	14	1.99223245	12.60765843
1006	1040	144	15	0.88048884	7.90479611
1006	1040	144	16	1.95361932	6.99114624
1006	1040	144	17	1.22522050	4.34563989
1006	1040	144	18	0.27593870	3.41243304
1006	1040	144	19	0.57151340	8.33366064
1006	1040	145	0	0.44363516	3.20731708
1006	1040	145	1	1.40324216	13.49544718
1006	1040	145	2	0.19975014	0.83706617
1006	1040	145	3	1.72152777	9.15435193
1006	1040	145	4	0.59694403	2.21215955
1006	1040	145	5	0.17352286	1.29914857
1006	1040	145	6	0.19452359	0.85379746
1006	1040	145	7	0.91505861	3.14461440
1006	1040	145	8	4.83852154	49.04738584
1006	1040	145	9	1.81000824	10.51010536
1006	1040	145	10	0.95328944	3.48840284
1006	1040	145	11	1.13637258	3.90535066
1006	1040	145	12	0.27407449	0.97774258
1006	1040	145	13	0.06753616	0.21141336
1006	1040	145	14	1.99638744	12.52819502
1006	1040	145	15	0.87460257	7.97594126
1006	1040	145	16	1.95573597	6.97109599
1006	1040	145	17	1.22087520	4.35279848
1006	1040	145	18	0.27269355	3.46057343
1006	1040	145	19	0.57355605	8.22523105
1006	1040	146	0	0.45396605	3.24997496
1006	1040	146	1	1.40963458	13.45125668
1006	1040	146	2	0.20185480	0.84810811
1006	1040	146	3	1.72040723	9.15052897
1006	1040	146	4	0.59702839	2.21168871
1006	1040	146	5	0.17145280	1.31011928
1006	1040	146	6	0.19462284	0.85386330
1006	1040	146	7	0.91496197	3.14452886
1006	1040	146	8	4.83850310	49.04867330
1006	1040	146	9	1.80851348	10.49920826
1006	1040	146	10	0.94727906	3.48447928
1006	1040	146	11	1.13634101	3.90531670
1006	1040	146	12	0.27418423	0.97778858
1006	1040	146	13	0.06935705	0.21691094
1006	1040	146	14	2.00371823	12.46594407
1006	1040	146	15	0.86703443	8.03391584
1006	1040	146	16	1.96006917	6.95882278
1006	1040	146	17	1.21482820	4.35360526
1006	1040	146	18	0.26865686	3.50225504
1006	1040	146	19	0.57704326	8.12769087
1006	1040	147	0	0.46454585	3.29763067
1006	1040	147	1	1.41737975	13.41819819
1006	1040	147	2	0.20374616	0.85876541
1006	1040	147	3	1.71924209	9.14630600
1006	1040	147	4	0.59716793	2.21142938
1006	1040	147	5	0.16892572	1.31764726
1006	1040	147	6	0.19473961	0.85401340
1006	1040	147	7	0.91484596	3.14437157
1006	1040	147	8	4.83846674	49.04981534
1006	1040	147	9	1.80721162	10.48870436
1006	1040	147	10	0.94004460	3.47562197
1006	1040	147	11	1.13630360	3.90526105
1006	1040	147	12	0.27431927	0.97793142
1006	1040	147	13	0.07119098	0.22261615
1006	1040	147	14	2.01409424	12.42125301
1006	1040	147	15	0.85789002	8.07838648
1006	1040	147	16	1.96652413	6.95434762
1006	1040	147	17	1.20714819	4.34813890
1006	1040	147	18	0.26390905	3.53711749
1006	1040	147	19	0.58193181	8.04159621
1006	1040	148	0	0.47527237	3.34990828
1006	1040	148	1	1.42634782	13.39643049
1006	1040	148	2	0.20539881	0.86891149
1006	1040	148	3	1.71804308	9.14171381
1006	1040	148	4	0.59736128	2.21137963
1006	1040	148	5	0.16598937	1.32170624
1006	1040	148	6	0.19487315	0.85424608
1006	1040	148	7	0.91471135	3.14414405
1006	1040	148	8	4.83841286	49.05080838
1006	1040	148	9	1.80612059	10.47871843
1006	1040	148	10	0.93166080	3.46196063
1006	1040	148	11	1.13626060	3.90518418
1006	1040	148	12	0.27447870	0.97816927
1006	1040	148	13	0.07301784	0.22848112
1006	1040	148	14	2.02734927	12.39428161
1006	1040	148	15	0.84729363	8.10915951
1006	1040	148	16	1.97497814	6.95759079
1006	1040	148	17	1.19791917	4.33652472
1006	1040	148	18	0.25854042	3.56490486
1006	1040	148	19	0.58816687	7.96741454
1006	1040	149	0	0.48603560	3.40637669
1006	1040	149	1	1.43639355	13.38596553
1006	1040	149	2	0.20679104	0.87842289
1006	1040	149	3	1.71682198	9.13678812
1006	1040	149	4	0.59760678	2.21153667
1006	1040	149	5	0.16269678	1.32232100
1006	1040	149	6	0.19502259	0.85455931
1006	1040	149	7	0.91455905	3.14384814
1006	1040	149	8	4.83834197	49.05164962
1006	1040	149	9	1.80525477	10.46937156
1006	1040	149	10	0.92221497	3.44366414
1006	1040	149	11	1.13621229	3.90508668
1006	1040	149	12	0.27466144	0.97849988
1006	1040	149	13	0.07481617	0.23445190
1006	1040	149	14	2.04328328	12.38499720
1006	1040	149	15	0.83538698	8.12618542
1006	1040	149	16	1.98528296	6.96837241
1006	1040	149	17	1.18724087	4.31893693
1006	1040	149	18	0.25264860	3.58546866
1006	1040	149	19	0.59568143	7.90552043
1006	1040	150	0	0.49671927	3.46654868
1006	1040	150	1	1.44735948	13.38666871
1006	1040	150	2	0.20790547	0.88718227
1006	1040	150	3	1.71559157	9.13156968
1006	1040	150	4	0.59790241	2.21189679
1006	1040	150	5	0.15910478	1.31956625
1006	1040	150	6	0.19518687	0.85495063
1006	1040	150	7	0.91439013	3.14348604
1006	1040	150	8	4.83825467	49.05233699
1006	1040	150	9	1.80462447	10.46077823
1006	1040	150	10	0.91180695	3.42094236
1006	1040	150	11	1.13615900	3.90496925
1006	1040	150	12	0.27486620	0.97892057
1006	1040	150	13	0.07656355	0.24046890
1006	1040	150	14	2.06166496	12.39317241
1006	1040	150	15	0.82232745	8.12956145
1006	1040	150	16	1.99726770	6.98641508
1006	1040	150	17	1.17522888	4.29560061
1006	1040	150	18	0.24633564	3.59876789
1006	1040	150	19	0.60439579	7.85619080
1006	1040	151	0	0.50720282	3.52988166
1006	1040	151	1	1.45907952	13.39826239
1006	1040	151	2	0.20872966	0.89508136
1006	1040	151	3	1.71436541	9.12610437
1006	1040	151	4	0.59824575	2.21245529
1006	1040	151	5	0.15527249	1.31356418
1006	1040	151	6	0.19536478	0.85541711
1006	1040	151	7	0.91420583	3.14306039
1006	1040	151	8	4.83815169	49.05286927
1006	1040	151	9	1.80423563	10.45304343
1006	1040	151	10	0.90054872	3.39404738
1006	1040	151	11	1.13610113	3.90483269
1006	1040	151	12	0.27509146	0.97942812
1006	1040	151	13	0.07823709	0.24646761
1006	1040	151	14	2.08223528	12.41838595
1006	1040	151	15	0.80828567	8.11953229
1006	1040	151	16	2.01074250	7.01134887
1006	1040	151	17	1.16201429	4.26679335
1006	1040	151	18	0.23970527	3.60486636
1006	1040	151	19	0.61421752	7.81960034
1006	1040	152	0	0.51736372	3.59578033
1006	1040	152	1	1.47138275	13.42033265
1006	1040	152	2	0.20925644	0.90202387
1006	1040	152	3	1.71315760	9.12044297
1006	1040	152	4	0.59863395	2.21320630
1006	1040	152	5	0.15125982	1.30448082
1006	1040	152	6	0.19555492	0.85595526
1006	1040	152	7	0.91400761	3.14257432
1006	1040	152	8	4.83803391	49.05324608
1006	1040	152	9	1.80408959	10.44625987
1006	1040	152	10	0.88856340	3.36327411
1006	1040	152	11	1.13603914	3.90467801
1006	1040	152	12	0.27533550	0.98001868
1006	1040	152	13	0.07981407	0.25237956
1006	1040	152	14	2.10471175	12.46002671
1006	1040	152	15	0.79344262	8.09648820
1006	1040	152	16	2.02550252	7.04271840
1006	1040	152	17	1.14774279	4.23284604
1006	1040	152	18	0.23286018	3.60392736
1006	1040	152	19	0.62504167	7.79581702
1006	1040	153	0	0.52708012	3.66360128
1006	1040	153	1	1.48409730	13.45233904
1006	1040	153	2	0.20948413	0.90792804
1006	1040	153	3	1.71198255	9.11464078
1006	1040	153	4	0.59906372	2.21414270
1006	1040	153	5	0.14712598	1.29252131
1006	1040	153	6	0.19575568	0.85656097
1006	1040	153	7	0.91379711	3.14203148
1006	1040	153	8	4.83790235	49.05346795
1006	1040	153	9	1.80418310	10.44050554
1006	1040	153	10	0.87598393	3.32895967
1006	1040	153	11	1.13597352	3.90450633
1006	1040	153	12	0.27559629	0.98068777
1006	1040	153	13	0.08127249	0.25813364
1006	1040	153	14	2.12879348	12.51730151
1006	1040	153	15	0.77798638	8.06096046
1006	1040	153	16	2.04133240	7.07999203
1006	1040	153	17	1.13257328	4.19414250
1006	1040	153	18	0.22589952	3.59620595
1006	1040	153	19	0.63675139	7.78479834
1006	1040	154	0	0.53623358	3.73265969
1006	1040	154	1	1.49705398	13.49362717
1006	1040	154	2	0.20941652	0.91272887
1006	1040	154	3	1.71085459	9.10875709
1006	1040	154	4	0.59953130	2.21525598
1006	1040	154	5	0.14292817	1.27792436
1006	1040	154	6	0.19596529	0.85722950
1006	1040	154	7	0.91357617	3.14143612
1006	1040	154	8	4.83775815	49.05353638
1006	1040	154	9	1.80450846	10.43584166
1006	1040	154	10	0.86295112	3.29148160
1006	1040	154	11	1.13590487	3.90431900
1006	1040	154	12	0.27587160	0.98143012
1006	1040	154	13	0.08259175	0.26365762
1006	1040	154	14	2.15416676	12.58924663
1006	1040	154	15	0.76210846	8.01361404
1006	1040	154	16	2.05801079	7.12257282
1006	1040	154	17	1.11667577	4.15111786
1006	1040	154	18	0.21891682	3.58203932
1006	1040	154	19	0.64921904	7.78638838
1006	1040	155	0	0.54471195	3.80223791
1006	1040	155	1	1.51008979	13.54344369
1006	1040	155	2	0.20906261	0.91637979
1006	1040	155	3	1.70978771	9.10285437
1006	1040	155	4	0.60003244	2.21653619
1006	1040	155	5	0.13872046	1.26095600
1006	1040	155	6	0.19618177	0.85795537
1006	1040	155	7	0.91334685	3.14079308
1006	1040	155	8	4.83760265	49.05345386
1006	1040	155	9	1.80505393	10.43231119
1006	1040	155	10	0.84961136	3.25125464
1006	1040	155	11	1.13583383	3.90411753
1006	1040	155	12	0.27615892	0.98223973
1006	1040	155	13	0.08375329	0.26887987
1006	1040	155	14	2.18051091	12.67474296
1006	1040	155	15	0.74600015	7.95523733
1006	1040	155	16	2.07531491	7.16981103
1006	1040	155	17	1.10022895	4.10425531
1006	1040	155	18	0.21199830	3.56183570
1006	1040	155	19	0.66230771	7.80031635
1006	1040	156	0	0.55241212	3.87159587
1006	1040	156	1	1.52305086	13.60095303
1006	1040	156	2	0.20843625	0.91885373
1006	1040	156	3	1.70879517	9.09699727
1006	1040	156	4	0.60056245	2.21797181
1006	1040	156	5	0.13455285	1.24190304
1006	1040	156	6	0.19640300	0.85873240
1006	1040	156	7	0.91311134	3.14010786
1006	1040	156	8	4.83743731	49.05322398
1006	1040	156	9	1.80580413	10.42993784
1006	1040	156	10	0.83611408	3.20872614
1006	1040	156	11	1.13576107	3.90390364
1006	1040	156	12	0.27645553	0.98310976
1006	1040	156	13	0.08474115	0.27373120
1006	1040	156	14	2.20750429	12.77253466
1006	1040	156	15	0.72984880	7.88672930
1006	1040	156	16	2.09302485	7.22101754
1006	1040	156	17	1.08341720	4.05408129
1006	1040	156	18	0.20522156	3.53606226
1006	1040	156	19	0.67587312	7.82619660
1006	1040	157	0	0.55924255	3.93998289
1006	1040	157	1	1.53579493	13.66525537
1006	1040	157	2	0.20755554	0.92014358
1006	1040	157	3	1.70788919	9.09125154
1006	1040	157	4	0.60111618	2.21954973
1006	1040	157	5	0.13047056	1.22106642
1006	1040	157	6	0.19662671	0.85955369
1006	1040	157	7	0.91287205	3.13938654
1006	1040	157	8	4.83726372	49.05285142
1006	1040	157	9	1.80674067	10.42872588
1006	1040	157	10	0.82260896	3.16437014
1006	1040	157	11	1.13568736	3.90367923
1006	1040	157	12	0.27675846	0.98403254
1006	1040	157	13	0.08554250	0.27814679
1006	1040	157	14	2.23483010	12.88125056
1006	1040	157	15	0.71383441	7.80908420
1006	1040	157	16	2.11092754	7.27547789
1006	1040	157	17	1.06642746	4.00115905
1006	1040	157	18	0.19865482	3.50523259
1006	1040	157	19	0.68976587	7.86353070
1006	1040	158	0	0.56512555	4.00665063
1006	1040	158	1	1.54819321	13.73540513
1006	1040	158	2	0.20644218	0.92026194
1006	1040	158	3	1.70708064	9.08568275
1006	1040	158	4	0.60168809	2.22125525
1006	1040	158	5	0.12651366	1.19875464
1006	1040	158	6	0.19685051	0.86041164
1006	1040	158	7	0.91263146	3.13863585
1006	1040	158	8	4.83708363	49.05234202
1006	1040	158	9	1.80784284	10.42866044
1006	1040	158	10	0.80924311	3.11868023
1006	1040	158	11	1.13561346	3.90344641
1006	1040	158	12	0.27706461	0.98499964
1006	1040	158	13	0.08614798	0.28206799
1006	1040	158	14	2.26218170	12.99942803
1006	1040	158	15	0.69812662	7.72337452
1006	1040	158	16	2.12882017	7.33246624
1006	1040	158	17	1.04944585	3.94608092
1006	1040	158	18	0.19235657	3.46989423
1006	1040	158	19	0.70383383	7.91171145
1006	1040	159	0	0.56999908	4.07086660
1006	1040	159	1	1.56013155	13.81042937
1006	1040	159	2	0.20512065	0.91924026
1006	1040	159	3	1.70637874	9.08035497
1006	1040	159	4	0.60227230	2.22307209
1006	1040	159	5	0.12271676	1.17527765
1006	1040	159	6	0.19707194	0.86129798
1006	1040	159	7	0.91239218	3.13786304
1006	1040	159	8	4.83689889	49.05170277
1006	1040	159	9	1.80908827	10.42970851
1006	1040	159	10	0.79615843	3.07216172
1006	1040	159	11	1.13554019	3.90320745
1006	1040	159	12	0.27737071	0.98600184
1006	1040	159	13	0.08655200	0.28544400
1006	1040	159	14	2.28926741	13.12553812
1006	1040	159	15	0.68288213	7.63073255
1006	1040	159	16	2.14651300	7.39125884
1006	1040	159	17	1.03265441	3.88945932
1006	1040	159	18	0.18637559	3.43061665
1006	1040	159	19	0.71792480	7.97002911
1006	1040	160	0	0.57381809	4.13192785
1006	1040	160	1	1.57151111	13.88934535
1006	1040	160	2	0.20361749	0.91712738
1006	1040	160	3	1.70579089	9.07532943
1006	1040	160	4	0.60286266	2.22498249
1006	1040	160	5	0.11910907	1.15094124
1006	1040	160	6	0.19728852	0.86220388
1006	1040	160	7	0.91215686	3.13707585
1006	1040	160	8	4.83671145	49.05094183
1006	1040	160	9	1.81045364	10.43182042
1006	1040	160	10	0.78348914	3.02532316
1006	1040	160	11	1.13546836	3.90296474
1006	1040	160	12	0.27767343	0.98702926
1006	1040	160	13	0.08675284	0.28823336
1006	1040	160	14	2.31581448	13.25801146
1006	1040	160	15	0.66824278	7.53233137
1006	1040	160	16	2.16383158	7.45114654
1006	1040	160	17	1.01622801	3.83191703
1006	1040	160	18	0.18075130	3.38798008
1006	1040	160	19	0.73188899	8.03767960
1006	1040	161	0	0.57655525	4.18917426
1006	1040	161	1	1.58224839	13.97117688
1006	1040	161	2	0.20196042	0.91398766
1006	1040	161	3	1.70532252	9.07066323
1006	1040	161	4	0.60345284	2.22696732
1006	1040	161	5	0.11571455	1.12604217
1006	1040	161	6	0.19749777	0.86312003
1006	1040	161	7	0.91192813	3.13628242
1006	1040	161	8	4.83652330	49.05006849
1006	1040	161	9	1.81191537	10.43493182
1006	1040	161	10	0.77135966	2.97866774
1006	1040	161	11	1.13539879	3.90272083
1006	1040	161	12	0.27796940	0.98807144
1006	1040	161	13	0.08675262	0.29040503
1006	1040	161	14	2.34157221	13.39526379
1006	1040	161	15	0.65433427	7.42936578
1006	1040	161	16	2.18061821	7.51144594
1006	1040	161	17	1.00033156	3.77407717
1006	1040	161	18	0.17551437	3.34256544
1006	1040	161	19	0.74558148	8.11377468
1006	1040	162	0	0.57820124	4.24200092
1006	1040	162	1	1.59227479	14.05496898
1006	1040	162	2	0.20017766	0.90989869
1006	1040	162	3	1.70497695	9.06640811
1006	1040	162	4	0.60403644	2.22900631
1006	1040	162	5	0.11255221	1.10086400
1006	1040	162	6	0.19769729	0.86403678
1006	1040	162	7	0.91170859	3.13549117
1006	1040	162	8	4.83633649	49.04909313
1006	1040	162	9	1.81345013	10.43896588
1006	1040	162	10	0.75988292	2.93268502
1006	1040	162	11	1.13533227	3.90247832
1006	1040	162	12	0.27825529	0.98911751
1006	1040	162	13	0.08655710	0.29193921
1006	1040	162	14	2.36631419	13.53572050
1006	1040	162	15	0.64126541	7.32303396
1006	1040	162	16	2.19673281	7.57150884
1006	1040	162	17	0.98511766	3.71655310
1006	1040	162	18	0.17068756	3.29494554
1006	1040	162	19	0.75886451	8.19735365
1006	1040	163	0	0.57876435	4.28986920
1006	1040	163	1	1.60153583	14.13980049
1006	1040	163	2	0.19829722	0.90494878
1006	1040	163	3	1.70475545	9.06260940
1006	1040	163	4	0.60460706	2.23107825
1006	1040	163	5	0.10963653	1.07567384
1006	1040	163	6	0.19788480	0.86494425
1006	1040	163	7	0.91150073	3.13471064
1006	1040	163	8	4.83615307	49.04802716
1006	1040	163	9	1.81503546	10.44383579
1006	1040	163	10	0.74915912	2.88784317
1006	1040	163	11	1.13526957	3.90223986
1006	1040	163	12	0.27852788	0.99015629
1006	1040	163	13	0.08617540	0.29282767
1006	1040	163	14	2.38983960	13.67783927
1006	1040	163	15	0.62912803	7.21452021
1006	1040	163	16	2.21205322	7.63073000
1006	1040	163	17	0.97072474	3.65993885
1006	1040	163	18	0.16628655	3.24567771
1006	1040	163	19	0.77160936	8.28739645
1006	1040	164	0	0.57826964	4.33231612
1006	1040	164	1	1.60999005	14.22479458
1006	1040	164	2	0.19634635	0.89923434
1006	1040	164	3	1.70465721	9.05930514
1006	1040	164	4	0.60515845	2.23316126
1006	1040	164	5	0.10697791	1.05071984
1006	1040	164	6	0.19805817	0.86583255
1006	1040	164	7	0.91130689	3.13394941
1006	1040	164	8	4.83597503	49.04688290
1006	1040	164	9	1.81665005	10.44944730
1006	1040	164	10	0.73927490	2.84458205
1006	1040	164	11	1.13521140	3.90200810
1006	1040	164	12	0.27878410	0.99117652
1006	1040	164	13	0.08561959	0.29307371
1006	1040	164	14	2.41197380	13.82013044
1006	1040	164	15	0.61799730	7.10497942
1006	1040	164	16	2.22647499	7.68855285
1006	1040	164	17	0.95727565	3.60480038
1006	1040	164	18	0.16232099	3.19529777
1006	1040	164	19	0.78369799	8.38283751
1006	1040	165	0	0.57675769	4.36896163
1006	1040	165	1	1.61760772	14.30912698
1006	1040	165	2	0.19435100	0.89285729
1006	1040	165	3	1.70467953	9.05652541
1006	1040	165	4	0.60568463	2.23523313
1006	1040	165	5	0.10458320	1.02622952
1006	1040	165	6	0.19821549	0.86669191
1006	1040	165	7	0.91112921	3.13321587
1006	1040	165	8	4.83580432	49.04567344
1006	1040	165	9	1.81827417	10.45570120
1006	1040	165	10	0.73030299	2.80330750
1006	1040	165	11	1.13515841	3.90178560
1006	1040	165	12	0.27902113	0.99216704
1006	1040	165	13	0.08490422	0.29269175
1006	1040	165	14	2.43256817	13.96117446
1006	1040	165	15	0.60793251	6.99552339
1006	1040	165	16	2.23991072	7.74447350
1006	1040	165	17	0.94487686	3.55166786
1006	1040	165	18	0.15879536	3.14431540
1006	1040	165	19	0.79502431	8.48258017
1006	1040	166	0	0.57428291	4.39951379
1006	1040	166	1	1.62436950	14.39203211
1006	1040	166	2	0.19233550	0.88592253
1006	1040	166	3	1.70481793	9.05429191
1006	1040	166	4	0.60617994	2.23727165
1006	1040	166	5	0.10245618	1.00240876
1006	1040	166	6	0.19835509	0.86751286
1006	1040	166	7	0.91096957	3.13251813
1006	1040	166	8	4.83564277	49.04441256
1006	1040	166	9	1.81988977	10.46249571
1006	1040	166	10	0.72230221	2.76438673
1006	1040	166	11	1.13511115	3.90157485
1006	1040	166	12	0.27923642	0.99311698
1006	1040	166	13	0.08404576	0.29170649
1006	1040	166	14	2.45149934	14.09963644
1006	1040	166	15	0.59897808	6.88720938
1006	1040	166	16	2.25228918	7.79804294
1006	1040	166	17	0.93361805	3.50102935
1006	1040	166	18	0.15570994	3.09321074
1006	1040	166	19	0.80549503	8.58551115
1006	1040	167	0	0.57091162	4.42377156
1006	1040	167	1	1.63026506	14.47280717
1006	1040	167	2	0.19032228	0.87853565
1006	1040	167	3	1.70506636	9.05261776
1006	1040	167	4	0.60663920	2.23925495
1006	1040	167	5	0.10059809	0.97944150
1006	1040	167	6	0.19847560	0.86828643
1006	1040	167	7	0.91082958	3.13186380
1006	1040	167	8	4.83549208	49.04311448
1006	1040	167	9	1.82148070	10.46972865
1006	1040	167	10	0.71531774	2.72814497
1006	1040	167	11	1.13507010	3.90137816
1006	1040	167	12	0.27942775	0.99401597
1006	1040	167	13	0.08306208	0.29015190
1006	1040	167	14	2.46866799	14.23427746
1006	1040	167	15	0.59116477	6.78103082
1006	1040	167	16	2.26355409	7.84886765
1006	1040	167	17	0.92357210	3.45332576
1006	1040	167	18	0.15306163	3.04243219
1006	1040	167	19	0.81503023	8.69051471
1006	1040	168	0	0.56671993	4.44162533
1006	1040	168	1	1.63529172	14.55081438
1006	1040	168	2	0.18833168	0.87080084
1006	1040	168	3	1.70541744	9.05150757
1006	1040	168	4	0.60705776	2.24116191
1006	1040	168	5	0.09900805	0.95748985
1006	1040	168	6	0.19857593	0.86900432
1006	1040	168	7	0.91071055	3.13125990
1006	1040	168	8	4.83535379	49.04179374
1006	1040	168	9	1.82303267	10.47729939
1006	1040	168	10	0.70938175	2.69486345
1006	1040	168	11	1.13503563	3.90119766
1006	1040	168	12	0.27959328	0.99485433
1006	1040	168	13	0.08197192	0.28806982
1006	1040	168	14	2.48399740	14.36396286
1006	1040	168	15	0.58451106	6.67791019
1006	1040	168	16	2.27366290	7.89660895
1006	1040	168	17	0.91479547	3.40894730
1006	1040	168	18	0.15084466	2.99239506
1006	1040	168	19	0.82356356	8.79648624
1006	1040	169	0	0.56179157	4.45305535
1006	1040	169	1	1.63945330	14.62548172
1006	1040	169	2	0.18638191	0.86281917
1006	1040	169	3	1.70586271	9.05095771
1006	1040	169	4	0.60743162	2.24297243
1006	1040	169	5	0.09768345	0.93669479
1006	1040	169	6	0.19865532	0.86965904
1006	1040	169	7	0.91061343	3.13071272
1006	1040	169	8	4.83522924	49.04046496
1006	1040	169	9	1.82453328	10.48511045
1006	1040	169	10	0.70451404	2.66477833
1006	1040	169	11	1.13500802	3.90103522
1006	1040	169	12	0.27973159	0.99562327
1006	1040	169	13	0.08079434	0.28550855
1006	1040	169	14	2.49743169	14.48766771
1006	1040	169	15	0.57902440	6.57869400
1006	1040	169	16	2.28258542	7.94098123
1006	1040	169	17	0.90732881	3.36823128
1006	1040	169	18	0.14905125	2.94348121
1006	1040	169	19	0.83104221	8.90234489
1006	1040	170	0	0.55621566	4.45812803
1006	1040	170	1	1.64275892	14.69630231
1006	1040	170	2	0.18448900	0.85468713
1006	1040	170	3	1.70639285	9.05095674
1006	1040	170	4	0.60775743	2.24466787
1006	1040	170	5	0.09662036	0.91717706
1006	1040	170	6	0.19871336	0.87024404
1006	1040	170	7	0.91053887	3.13022766
1006	1040	170	8	4.83511956	49.03914267
1006	1040	170	9	1.82597195	10.49306884
1006	1040	170	10	0.70072294	2.63808082
1006	1040	170	11	1.13498744	3.90089244
1006	1040	170	12	0.27984165	0.99631500
1006	1040	170	13	0.07954832	0.28252131
1006	1040	170	14	2.50893408	14.60447961
1006	1040	170	15	0.57470256	6.48414955
1006	1040	170	16	2.29030253	7.98174930
1006	1040	170	17	0.90119778	3.33146110
1006	1040	170	18	0.14767212	2.89603921
1006	1040	170	19	0.83742663	9.00704519
1006	1040	171	0	0.55008465	4.45699062
1006	1040	171	1	1.64522217	14.76283277
1006	1040	171	2	0.18266686	0.84649545
1006	1040	171	3	1.70699799	9.05148610
1006	1040	171	4	0.60803259	2.24623125
1006	1040	171	5	0.09581378	0.89903833
1006	1040	171	6	0.19874992	0.87075384
1006	1040	171	7	0.91048715	3.12980921
1006	1040	171	8	4.83502565	49.03784112
1006	1040	171	9	1.82733977	10.50108708
1006	1040	171	10	0.69800615	2.61491796
1006	1040	171	11	1.13497393	3.90077062
1006	1040	171	12	0.27992288	0.99692293
1006	1040	171	13	0.07825228	0.27916464
1006	1040	171	14	2.51848512	14.71359932
1006	1040	171	15	0.57153476	6.39496332
1006	1040	171	16	2.29680489	8.01872525
1006	1040	171	17	0.89641395	3.29886640
1006	1040	171	18	0.14669691	2.85038510
1006	1040	171	19	0.84269011	9.10958741
1006	1040	172	0	0.54349230	4.44986440
1006	1040	172	1	1.64686024	14.82469086
1006	1040	172	2	0.18092741	0.83832837
1006	1040	172	3	1.70766787	9.05252083
1006	1040	172	4	0.60825523	2.24764758
1006	1040	172	5	0.09525788	0.88236258
1006	1040	172	6	0.19876521	0.87118409
1006	1040	172	7	0.91045824	3.12946081
1006	1040	172	8	4.83494821	49.03657402
1006	1040	172	9	1.82862941	10.50908396
1006	1040	172	10	0.69635167	2.59539418
1006	1040	172	11	1.13496745	3.90067074
1006	1040	172	12	0.27997512	0.99744170
1006	1040	172	13	0.07692384	0.27549693
1006	1040	172	14	2.52608096	14.81433947
1006	1040	172	15	0.56950274	6.31174074
1006	1040	172	16	2.30209180	8.05176488
1006	1040	172	17	0.89297582	3.27062401
1006	1040	172	18	0.14611448	2.80680343
1006	1040	172	19	0.84681820	9.20902670
1006	1040	173	0	0.53653193	4.43703675
1006	1040	173	1	1.64769338	14.88155253
1006	1040	173	2	0.17928066	0.83026302
1006	1040	173	3	1.70839211	9.05403041
1006	1040	173	4	0.60842425	2.24890406
1006	1040	173	5	0.09494621	0.86721744
1006	1040	173	6	0.19875972	0.87153163
1006	1040	173	7	0.91045176	3.12918489
1006	1040	173	8	4.83488765	49.03535445
1006	1040	173	9	1.82983494	10.51698500
1006	1040	173	10	0.69573863	2.57957321
1006	1040	173	11	1.13496786	3.90059344
1006	1040	173	12	0.27999861	0.99786732
1006	1040	173	13	0.07557950	0.27157706
1006	1040	173	14	2.53173187	14.90612180
1006	1040	173	15	0.56858166	6.23500700
1006	1040	173	16	2.30617019	8.08076401
1006	1040	173	17	0.89086980	3.24685969
1006	1040	173	18	0.14591315	2.76554865
1006	1040	173	19	0.84980803	9.30448083
1006	1040	174	0	0.52929486	4.41885243
1006	1040	174	1	1.64774439	14.93314873
1006	1040	174	2	0.17773491	0.82236918
1006	1040	174	3	1.70916039	9.05597973
1006	1040	174	4	0.60853926	2.24999023
1006	1040	174	5	0.09487179	0.85365562
1006	1040	174	6	0.19873422	0.87179453
1006	1040	174	7	0.91046707	3.12898279
1006	1040	174	8	4.83484419	49.03419459
1006	1040	174	9	1.83095170	10.52472269
1006	1040	174	10	0.69613812	2.56748046
1006	1040	174	11	1.13497493	3.90053905
1006	1040	174	12	0.27999398	0.99819713
1006	1040	174	13	0.07423448	0.26746313
1006	1040	174	14	2.53546080	14.98847333
1006	1040	174	15	0.56874086	6.16520869
1006	1040	174	16	2.30905372	8.10565479
1006	1040	174	17	0.89007119	3.22765037
1006	1040	174	18	0.14608078	2.72684651
1006	1040	174	19	0.85166764	9.39513669
1006	1040	175	0	0.52186909	4.39570443
1006	1040	175	1	1.64703831	14.97926208
1006	1040	175	2	0.17629688	0.81470917
1006	1040	175	3	1.70996261	9.05832993
1006	1040	175	4	0.60860062	2.25089808
1006	1040	175	5	0.09502722	0.84171626
1006	1040	175	6	0.19868972	0.87197206
1006	1040	175	7	0.91050325	3.12885482
1006	1040	175	8	4.83481779	49.03310567
1006	1040	175	9	1.83197611	10.53223656
1006	1040	175	10	0.69751398	2.55910544
1006	1040	175	11	1.13498833	3.90050755
1006	1040	175	12	0.27996223	0.99842989
1006	1040	175	13	0.07290260	0.26321140
1006	1040	175	14	2.53730218	15.06102174
1006	1040	175	15	0.56994442	6.10271596
1006	1040	175	16	2.31076206	8.12640219
1006	1040	175	17	0.89054514	3.21302672
1006	1040	175	18	0.14660491	2.69089558
1006	1040	175	19	0.85241523	9.48025556
1006	1040	176	0	0.51433826	4.36802462
1006	1040	176	1	1.64560226	15.01972353
1006	1040	176	2	0.17497190	0.80733800
1006	1040	176	3	1.71078903	9.06103940
1006	1040	176	4	0.60860933	2.25162212
1006	1040	176	5	0.09540470	0.83142621
1006	1040	176	6	0.19862742	0.87206465
1006	1040	176	7	0.91055914	3.12880027
1006	1040	176	8	4.83480823	49.03209774
1006	1040	176	9	1.83290557	10.53947304
1006	1040	176	10	0.69982343	2.55440436
1006	1040	176	11	1.13500769	3.90049862
1006	1040	176	12	0.27990465	0.99856566
1006	1040	176	13	0.07159619	0.25887544
1006	1040	176	14	2.53730094	15.12349035
1006	1040	176	15	0.57215165	6.04782521
1006	1040	176	16	2.31132028	8.14300072
1006	1040	176	17	0.89224755	3.20297597
1006	1040	176	18	0.14747268	2.65786870
1006	1040	176	19	0.85207839	9.55917717
1006	1040	177	0	0.50678084	4.33627450
1006	1040	177	1	1.64346533	15.05440930
1006	1040	177	2	0.17376405	0.80030361
1006	1040	177	3	1.71163036	9.06406463
1006	1040	177	4	0.60856704	2.25215934
1006	1040	177	5	0.09599605	0.82280115
1006	1040	177	6	0.19854869	0.87207385
1006	1040	177	7	0.91063338	3.12881748
1006	1040	177	8	4.83481505	49.03117965
1006	1040	177	9	1.83373830	10.54638524
1006	1040	177	10	0.70301779	2.55330270
1006	1040	177	11	1.13503256	3.90051165
1006	1040	177	12	0.27982283	0.99860580
1006	1040	177	13	0.07032612	0.25450545
1006	1040	177	14	2.53551168	15.17569285
1006	1040	177	15	0.57531745	6.00076175
1006	1040	177	16	2.31075847	8.15547156
1006	1040	177	17	0.89512588	3.19744480
1006	1040	177	18	0.14867080	2.62791430
1006	1040	177	19	0.85069337	9.63132273
1006	1040	178	0	0.49926953	4.30093634
1006	1040	178	1	1.64065861	15.08323798
1006	1040	178	2	0.17267634	0.79364721
1006	1040	178	3	1.71247789	9.06736101
1006	1040	178	4	0.60847592	2.25250918
1006	1040	178	5	0.09679268	0.81584663
1006	1040	178	6	0.19845506	0.87200223
1006	1040	178	7	0.91072447	3.12890393
1006	1040	178	8	4.83483763	49.03035893
1006	1040	178	9	1.83447321	10.55293262
1006	1040	178	10	0.70704303	2.55569770
1006	1040	178	11	1.13506246	3.90054576
1006	1040	178	12	0.27971856	0.99855287
1006	1040	178	13	0.06910179	0.25014774
1006	1040	178	14	2.53199799	15.21752815
1006	1040	178	15	0.57939251	5.96168275
1006	1040	178	16	2.30911134	8.16385993
1006	1040	178	17	0.89911993	3.19634232
1006	1040	178	18	0.15018547	2.60115765
1006	1040	178	19	0.84830431	9.69619692
1006	1040	179	0	0.49187090	4.26250483
1006	1040	179	1	1.63721524	15.10616797
1006	1040	179	2	0.17171083	0.78740372
1006	1040	179	3	1.71332351	9.07088364
1006	1040	179	4	0.60833867	2.25267343
1006	1040	179	5	0.09778552	0.81055890
1006	1040	179	6	0.19834814	0.87185329
1006	1040	179	7	0.91083074	3.12905630
1006	1040	179	8	4.83487518	49.02964173
1006	1040	179	9	1.83510981	10.55908055
1006	1040	179	10	0.71184038	2.56146076
1006	1040	179	11	1.13509685	3.90059984
1006	1040	179	12	0.27959384	0.99841050
1006	1040	179	13	0.06793124	0.24584446
1006	1040	179	14	2.52683194	15.24897537
1006	1040	179	15	0.58432355	5.93067996
1006	1040	179	16	2.30641809	8.16823306
1006	1040	179	17	0.90416265	3.19954292
1006	1040	179	18	0.15200222	2.57770182
1006	1040	179	19	0.84496254	9.75338896
1006	1040	180	0	0.48464523	4.22147938
1006	1040	180	1	1.63317055	15.12319526
1006	1040	180	2	0.17086876	0.78160224
1006	1040	180	3	1.71415976	9.07458797
1006	1040	180	4	0.60815838	2.25265607
1006	1040	180	5	0.09896498	0.80692562
1006	1040	180	6	0.19822960	0.87163135
1006	1040	180	7	0.91095047	3.12927060
1006	1040	180	8	4.83492678	49.02903281
1006	1040	180	9	1.83564811	10.56479994
1006	1040	180	10	0.71734684	2.57043979
1006	1040	180	11	1.13513519	3.90067258
1006	1040	180	12	0.27945080	0.99818331
1006	1040	180	13	0.06682119	0.24163342
1006	1040	180	14	2.52009367	15.27008912
1006	1040	180	15	0.59005343	5.90778248
1006	1040	180	16	2.30272227	8.16867836
1006	1040	180	17	0.91018075	3.20688911
1006	1040	180	18	0.15410574	2.55762853
1006	1040	180	19	0.84072585	9.80257294
1006	1040	181	0	0.47764650	4.17835724
1006	1040	181	1	1.62856222	15.13435163
1006	1040	181	2	0.17015069	0.77626659
1006	1040	181	3	1.71497985	9.07843039
1006	1040	181	4	0.60793848	2.25246310
1006	1040	181	5	0.10032086	0.80492640
1006	1040	181	6	0.19810116	0.87134142
1006	1040	181	7	0.91108187	3.12954227
1006	1040	181	8	4.83499140	49.02853556
1006	1040	181	9	1.83608852	10.57006672
1006	1040	181	10	0.72349572	2.58246145
1006	1040	181	11	1.13517692	3.90076249
1006	1040	181	12	0.27929166	0.99787676
1006	1040	181	13	0.06577718	0.23754804
1006	1040	181	14	2.51187106	15.28099518
1006	1040	181	15	0.59652128	5.89295927
1006	1040	181	16	2.29807170	8.16530213
1006	1040	181	17	0.91709551	3.21819431
1006	1040	181	18	0.15647978	2.54099878
1006	1040	181	19	0.83565774	9.84350731
1006	1040	182	0	0.47092247	4.13362749
1006	1040	182	1	1.62343042	15.13970311
1006	1040	182	2	0.16955656	0.77141574
1006	1040	182	3	1.71577764	9.08236870
1006	1040	182	4	0.60768270	2.25210235
1006	1040	182	5	0.10184226	0.80453321
1006	1040	182	6	0.19796455	0.87098909
1006	1040	182	7	0.91122312	3.12986628
1006	1040	182	8	4.83506788	49.02815195
1006	1040	182	9	1.83643185	10.57486143
1006	1040	182	10	0.73021721	2.59733326
1006	1040	182	11	1.13522147	3.90086797
1006	1040	182	12	0.27911871	0.99749699
1006	1040	182	13	0.06480367	0.23361750
1006	1040	182	14	2.50225942	15.28188654
1006	1040	182	15	0.60366262	5.88612160
1006	1040	182	16	2.29251854	8.15822847
1006	1040	182	17	0.92482339	3.23324547
1006	1040	182	18	0.15910690	2.52785318
1006	1040	182	19	0.82982671	9.87603374
1006	1040	183	0	0.46451493	4.08776579
1006	1040	183	1	1.61781797	15.13934883
1006	1040	183	2	0.16908576	0.76706432
1006	1040	183	3	1.71654766	9.08636253
1006	1040	183	4	0.60739493	2.25158324
1006	1040	183	5	0.10351749	0.80571062
1006	1040	183	6	0.19782146	0.87058039
1006	1040	183	7	0.91137240	3.13023724
1006	1040	183	8	4.83515503	49.02788267
1006	1040	183	9	1.83667921	10.57916877
1006	1040	183	10	0.73743892	2.61484576
1006	1040	183	11	1.13526827	3.90098730
1006	1040	183	12	0.27893425	0.99705070
1006	1040	183	13	0.06390415	0.22986685
1006	1040	183	14	2.49136124	15.27301980
1006	1040	183	15	0.61140952	5.88712536
1006	1040	183	16	2.28611928	8.14759862
1006	1040	183	17	0.93327679	3.25180575
1006	1040	183	18	0.16196835	2.51821225
1006	1040	183	19	0.82330553	9.90007531
1006	1040	184	0	0.45846000	4.04123016
1006	1040	184	1	1.61177045	15.13342009
1006	1040	184	2	0.16873725	0.76322310
1006	1040	184	3	1.71728507	9.09037366
1006	1040	184	4	0.60707922	2.25091656
1006	1040	184	5	0.10533402	0.80841594
1006	1040	184	6	0.19767355	0.87012168
1006	1040	184	7	0.91152792	3.13064952
1006	1040	184	8	4.83525159	49.02772709
1006	1040	184	9	1.83683200	10.58297722
1006	1040	184	10	0.74508643	2.63477456
1006	1040	184	11	1.13531678	3.90111871
1006	1040	184	12	0.27874055	0.99654503
1006	1040	184	13	0.06308127	0.22631730
1006	1040	184	14	2.47928586	15.25471186
1006	1040	184	15	0.61969078	5.89577325
1006	1040	184	16	2.27893475	8.13357042
1006	1040	184	17	0.94236473	3.27361707
1006	1040	184	18	0.16504391	2.51207634
1006	1040	184	19	0.81617052	9.91563414
1006	1040	185	0	0.45278850	3.99445747
1006	1040	185	1	1.60533626	15.12207971
1006	1040	185	2	0.16850954	0.75989933
1006	1040	185	3	1.71798562	9.09436620
1006	1040	185	4	0.60673969	2.25011421
1006	1040	185	5	0.10727837	0.81259929
1006	1040	185	6	0.19752243	0.86961954
1006	1040	185	7	0.91168795	3.13109734
1006	1040	185	8	4.83535627	49.02768341
1006	1040	185	9	1.83689187	10.58627862
1006	1040	185	10	0.75308392	2.65688243
1006	1040	185	11	1.13536646	3.90126038
1006	1040	185	12	0.27853986	0.99598739
1006	1040	185	13	0.06233695	0.22298647
1006	1040	185	14	2.46614914	15.22733690
1006	1040	185	15	0.62843222	5.91181698
1006	1040	185	16	2.27103017	8.11631799
1006	1040	185	17	0.95199360	3.29840272
1006	1040	185	18	0.16831178	2.50942561
1006	1040	185	19	0.80850079	9.92278852
1006	1040	186	0	0.44752629	3.94786077
1006	1040	186	1	1.59856667	15.10552143
1006	1040	186	2	0.16840075	0.75709716
1006	1040	186	3	1.71864564	9.09830680
1006	1040	186	4	0.60638045	2.24918901
1006	1040	186	5	0.10933609	0.81820356
1006	1040	186	6	0.19736961	0.86908064
1006	1040	186	7	0.91185081	3.13157487
1006	1040	186	8	4.83546777	49.02774872
1006	1040	186	9	1.83686074	10.58906792
1006	1040	186	10	0.76135472	2.68092142
1006	1040	186	11	1.13541681	3.90141052
1006	1040	186	12	0.27833433	0.99538534
1006	1040	186	13	0.06167247	0.21988874
1006	1040	186	14	2.45207307	15.19132350
1006	1040	186	15	0.63755694	5.93495948
1006	1040	186	16	2.26247509	8.09603151
1006	1040	186	17	0.96206794	3.32586994
1006	1040	186	18	0.17174845	2.51021970
1006	1040	186	19	0.80037752	9.92168944
1006	1040	187	0	0.44269473	3.90182736
1006	1040	187	1	1.59151573	15.08396950
1006	1040	187	2	0.16840862	0.75481792
1006	1040	187	3	1.71926197	9.10216473
1006	1040	187	4	0.60600560	2.24815443
1006	1040	187	5	0.11149171	0.82516434
1006	1040	187	6	0.19721654	0.86851166
1006	1040	187	7	0.91201492	3.13207629
1006	1040	187	8	4.83558481	49.02791910
1006	1040	187	9	1.83674080	10.59134284
1006	1040	187	10	0.76982198	2.70663495
1006	1040	187	11	1.13546734	3.90156732
1006	1040	187	12	0.27812605	0.99474649
1006	1040	187	13	0.06108857	0.21703555
1006	1040	187	14	2.43718519	15.14715176
1006	1040	187	15	0.64698575	5.96485723
1006	1040	187	16	2.25334329	8.07291703
1006	1040	187	17	0.97249114	3.35571257
1006	1040	187	18	0.17532866	2.51439744
1006	1040	187	19	0.79188322	9.91255678
1006	1040	188	0	0.43831104	3.85671747
1006	1040	188	1	1.58424015	15.05767814
1006	1040	188	2	0.16853051	0.75306038
1006	1040	188	3	1.71983195	9.10591187
1006	1040	188	4	0.60561913	2.24702440
1006	1040	188	5	0.11372876	0.83340978
1006	1040	188	6	0.19706456	0.86791920
1006	1040	188	7	0.91217876	3.13259589
1006	1040	188	8	4.83570610	49.02818970
1006	1040	188	9	1.83653448	10.59310368
1006	1040	188	10	0.77840924	2.73375998
1006	1040	188	11	1.13551761	3.90172902
1006	1040	188	12	0.27791699	0.99407842
1006	1040	188	13	0.06058556	0.21443573
1006	1040	188	14	2.42161804	15.09535046
1006	1040	188	15	0.65663761	6.00112267
1006	1040	188	16	2.24371263	8.04719619
1006	1040	188	17	0.98316630	3.38761366
1006	1040	188	18	0.17902542	2.52187651
1006	1040	188	19	0.78310098	9.89567495
1006	1040	189	0	0.43438870	3.81286350
1006	1040	189	1	1.57679908	15.02693104
1006	1040	189	2	0.16876340	0.75182095
1006	1040	189	3	1.72035336	9.10952276
1006	1040	189	4	0.60522493	2.24581307
1006	1040	189	5	0.11602977	0.84286060
1006	1040	189	6	0.19691494	0.86730970
1006	1040	189	7	0.91234095	3.13312813
1006	1040	189	8	4.83583040	49.02855491
1006	1040	189	9	1.83624452	10.59435313
1006	1040	189	10	0.78704107	2.76202920
1006	1040	189	11	1.13556719	3.90189394
1006	1040	189	12	0.27770900	0.99338852
1006	1040	189	13	0.06016332	0.21209579
1006	1040	189	14	2.40550839	15.03649402
1006	1040	189	15	0.66643019	6.04332688
1006	1040	189	16	2.23366479	8.01910593
1006	1040	189	17	0.99399696	3.42124819
1006	1040	189	18	0.18281000	2.53255307
1006	1040	189	19	0.77411376	9.87138826
1006	1040	190	0	0.43093782	3.77056980
1006	1040	190	1	1.56925380	14.99204061
1006	1040	190	2	0.16910388	0.75109383
1006	1040	190	3	1.72082440	9.11297450
1006	1040	190	4	0.60482674	2.24453468
1006	1040	190	5	0.11837633	0.85342991
1006	1040	190	6	0.19676880	0.86668939
1006	1040	190	7	0.91250018	3.13366766
1006	1040	190	8	4.83595651	49.02900840
1006	1040	190	9	1.83587396	10.59509615
1006	1040	190	10	0.79564365	2.79117321
1006	1040	190	11	1.13561570	3.90206045
1006	1040	190	12	0.27750381	0.99268399
1006	1040	190	13	0.05982146	0.21002027
1006	1040	190	14	2.38899644	14.97119925
1006	1040	190	15	0.67628042	6.09100252
1006	1040	190	16	2.22328491	7.98889800
1006	1040	190	17	1.00488787	3.45628578
1006	1040	190	18	0.18665210	2.54630150
1006	1040	190	19	0.76500369	9.84009589
1006	1040	191	0	0.42796543	3.73011275
1006	1040	191	1	1.56166733	14.95334701
1006	1040	191	2	0.16954811	0.75087111
1006	1040	191	3	1.72124362	9.11624672
1006	1040	191	4	0.60442812	2.24320334
1006	1040	191	5	0.12074918	0.86502333
1006	1040	191	6	0.19662720	0.86606422
1006	1040	191	7	0.91265526	3.13420940
1006	1040	191	8	4.83608329	49.02954328
1006	1040	191	9	1.83542617	10.59533987
1006	1040	191	10	0.80414536	2.82092272
1006	1040	191	11	1.13566278	3.90222701
1006	1040	191	12	0.27730301	0.99197172
1006	1040	191	13	0.05955927	0.20821195
1006	1040	191	14	2.37222483	14.90012179
1006	1040	191	15	0.68610519	6.14364707
1006	1040	191	16	2.21266115	7.95683818
1006	1040	191	17	1.01574577	3.49239342
1006	1040	191	18	0.19051994	2.56297424
1006	1040	191	19	0.75585144	9.80224661
1006	1040	192	0	0.42547579	3.69174124
1006	1040	192	1	1.55410392	14.91121696
1006	1040	192	2	0.17009179	0.75114282
1006	1040	192	3	1.72160993	9.11932143
1006	1040	192	4	0.60403243	2.24183292
1006	1040	192	5	0.12312836	0.87753901
1006	1040	192	6	0.19649108	0.86543984
1006	1040	192	7	0.91280510	3.13474857
1006	1040	192	8	4.83620963	49.03015218
1006	1040	192	9	1.83490489	10.59509358
1006	1040	192	10	0.81247729	2.85101072
1006	1040	192	11	1.13570813	3.90239220
1006	1040	192	12	0.27710806	0.99125828
1006	1040	192	13	0.05937580	0.20667207
1006	1040	192	14	2.35533763	14.82395220
1006	1040	192	15	0.69582198	6.20072629
1006	1040	192	16	2.20188414	7.92320541
1006	1040	192	17	1.02648004	3.52923815
1006	1040	192	18	0.19438053	2.58240182
1006	1040	192	19	0.74673555	9.75833320
1006	1040	193	0	0.42347063	3.65567728
1006	1040	193	1	1.54662852	14.86604209
1006	1040	193	2	0.17073016	0.75189697
1006	1040	193	3	1.72192255	9.12218295
1006	1040	193	4	0.60364282	2.24043690
1006	1040	193	5	0.12549332	0.89086787
1006	1040	193	6	0.19636128	0.86482154
1006	1040	193	7	0.91294874	3.13528067
1006	1040	193	8	4.83633452	49.03082738
1006	1040	193	9	1.83431426	10.59436869
1006	1040	193	10	0.82057374	2.88117454
1006	1040	193	11	1.13575144	3.90255465
1006	1040	193	12	0.27692030	0.99054984
1006	1040	193	13	0.05926991	0.20540061
1006	1040	193	14	2.33847920	14.74341163
1006	1040	193	15	0.70534963	6.26167817
1006	1040	193	16	2.19104631	7.88829048
1006	1040	193	17	1.03700345	3.56648976
1006	1040	193	18	0.19819996	2.60439310
1006	1040	193	19	0.73773188	9.70888679
1006	1040	194	0	0.42194931	3.62211685
1006	1040	194	1	1.53930616	14.81823698
1006	1040	194	2	0.17145794	0.75311948
1006	1040	194	3	1.72218099	9.12481777
1006	1040	194	4	0.60326225	2.23902828
1006	1040	194	5	0.12782316	0.90489397
1006	1040	194	6	0.19623856	0.86421428
1006	1040	194	7	0.91308528	3.13580156
1006	1040	194	8	4.83645698	49.03156087
1006	1040	194	9	1.83365883	10.59317875
1006	1040	194	10	0.82837267	2.91115790
1006	1040	194	11	1.13579247	3.90271315
1006	1040	194	12	0.27674092	0.98985220
1006	1040	194	13	0.05924022	0.20439636
1006	1040	194	14	2.32179296	14.65924709
1006	1040	194	15	0.71460905	6.32591706
1006	1040	194	16	2.18024117	7.85239456
1006	1040	194	17	1.04723272	3.60382333
1006	1040	194	18	0.20194373	2.62873578
1006	1040	194	19	0.72891307	9.65447104
1006	1040	195	0	0.42090903	3.59123082
1006	1040	195	1	1.53220122	14.76823677
1006	1040	195	2	0.17226928	0.75479415
1006	1040	195	3	1.72238502	9.12721444
1006	1040	195	4	0.60289342	2.23761950
1006	1040	195	5	0.13009683	0.91949493
1006	1040	195	6	0.19612357	0.86362260
1006	1040	195	7	0.91321396	3.13630740
1006	1040	195	8	4.83657612	49.03234448
1006	1040	195	9	1.83294361	10.59153955
1006	1040	195	10	0.83581608	2.94071280
1006	1040	195	11	1.13583099	3.90286656
1006	1040	195	12	0.27657099	0.98917070
1006	1040	195	13	0.05928516	0.20365711
1006	1040	195	14	2.30542019	14.57222627
1006	1040	195	15	0.72352395	6.39283818
1006	1040	195	16	2.16956246	7.81582726
1006	1040	195	17	1.05708909	3.64092175
1006	1040	195	18	0.20557716	2.65519721
1006	1040	195	19	0.72034810	9.59567627
1006	1040	196	0	0.42034485	3.56316586
1006	1040	196	1	1.52537672	14.71649432
1006	1040	196	2	0.17315778	0.75690263
1006	1040	196	3	1.72253469	9.12936343
1006	1040	196	4	0.60253883	2.23622235
1006	1040	196	5	0.13229338	0.93454266
1006	1040	196	6	0.19601688	0.86305068
1006	1040	196	7	0.91333410	3.13679471
1006	1040	196	8	4.83669112	49.03316996
1006	1040	196	9	1.83217407	10.58946912
1006	1040	196	10	0.84285032	2.96960129
1006	1040	196	11	1.13586681	3.90301385
1006	1040	196	12	0.27641145	0.98851027
1006	1040	196	13	0.05940295	0.20317973
1006	1040	196	14	2.28949872	14.48313197
1006	1040	196	15	0.73202155	6.46182238
1006	1040	196	16	2.15910328	7.77890457
1006	1040	196	17	1.06649882	3.67747804
1006	1040	196	18	0.20906583	2.68352564
1006	1040	196	19	0.71210185	9.53311358
1006	1040	197	0	0.42024981	3.53804539
1006	1040	197	1	1.51889358	14.66347692
1006	1040	197	2	0.17411644	0.75942427
1006	1040	197	3	1.72263028	9.13125706
1006	1040	197	4	0.60220075	2.23484792
1006	1040	197	5	0.13439225	0.94990413
1006	1040	197	6	0.19591899	0.86250234
1006	1040	197	7	0.91344510	3.13726034
1006	1040	197	8	4.83680122	49.03402901
1006	1040	197	9	1.83135617	10.58698786
1006	1040	197	10	0.84942640	2.99759705
1006	1040	197	11	1.13589976	3.90315410
1006	1040	197	12	0.27626312	0.98787540
1006	1040	197	13	0.05959159	0.20296022
1006	1040	197	14	2.27416164	14.39275622
1006	1040	197	15	0.74003330	6.53224114
1006	1040	197	16	2.14895512	7.74194633
1006	1040	197	17	1.07539360	3.71319750
1006	1040	197	18	0.21237608	2.71345165
1006	1040	197	19	0.70423479	9.46740913
1006	1040	198	0	0.42061493	3.51597042
1006	1040	198	1	1.51280978	14.60966267
1006	1040	198	2	0.17513766	0.76233610
1006	1040	198	3	1.72267230	9.13288938
1006	1040	198	4	0.60188121	2.23350658
1006	1040	198	5	0.13637353	0.96544242
1006	1040	198	6	0.19583029	0.86198099
1006	1040	198	7	0.91354647	3.13770147
1006	1040	198	8	4.83690573	49.03491344
1006	1040	198	9	1.83049636	10.58411859
1006	1040	198	10	0.85550019	3.02448690
1006	1040	198	11	1.13592970	3.90328649
1006	1040	198	12	0.27612673	0.98727013
1006	1040	198	13	0.05984886	0.20299378
1006	1040	198	14	2.25953605	14.30189396
1006	1040	198	15	0.74749551	6.60346173
1006	1040	198	16	2.13920688	7.70527361
1006	1040	198	17	1.08371093	3.74779974
1006	1040	198	18	0.21547553	2.74469020
1006	1040	198	19	0.69680264	9.39919843
1006	1040	199	0	0.42142917	3.49702038
1006	1040	199	1	1.50717965	14.55553638
1006	1040	199	2	0.17621321	0.76561271
1006	1040	199	3	1.72266155	9.13425608
1006	1040	199	4	0.60158204	2.23220795
1006	1040	199	5	0.13821828	0.98101780
1006	1040	199	6	0.19575113	0.86148967
1006	1040	199	7	0.91363778	3.13811558
1006	1040	199	8	4.83700403	49.03581516
1006	1040	199	9	1.82960157	10.58088661
1006	1040	199	10	0.86103257	3.05007200
1006	1040	199	11	1.13595651	3.90341029
1006	1040	199	12	0.27600286	0.98669811
1006	1040	199	13	0.06017224	0.20327475
1006	1040	199	14	2.24574183	14.21133665
1006	1040	199	15	0.75434998	6.67485250
1006	1040	199	16	2.12994387	7.66920573
1006	1040	199	17	1.09139442	3.78102048
1006	1040	199	18	0.21833358	2.77694285
1006	1040	199	19	0.68985619	9.32912090
1006	1040	200	0	0.42267941	3.48125370
1006	1040	200	1	1.50205312	14.50158520
1006	1040	200	2	0.17733427	0.76922618
1006	1040	200	3	1.72259902	9.13535443
1006	1040	200	4	0.60130486	2.23096086
1006	1040	200	5	0.13990884	0.99648912
1006	1040	200	6	0.19568177	0.86103110
1006	1040	200	7	0.91371869	3.13850049
1006	1040	200	8	4.83709559	49.03672625
1006	1040	200	9	1.82867919	10.57731980
1006	1040	200	10	0.86598963	3.07416896
1006	1040	200	11	1.13598011	3.90352489
1006	1040	200	12	0.27589203	0.98616253
1006	1040	200	13	0.06055895	0.20379665
1006	1040	200	14	2.23289043	14.12186553
1006	1040	200	15	0.76054452	6.74578830
1006	1040	200	16	2.12124678	7.63405715
1006	1040	200	17	1.09839400	3.81261309
1006	1040	200	18	0.22092198	2.80990052
1006	1040	200	19	0.68344109	9.25781454
