world_seed	cell_seed	time	gene_id	X	P
1017	1071	0	0	0.91042873	0.91042873
1017	1071	0	1	0.61931626	0.61931626
1017	1071	0	2	0.01062446	0.01062446
1017	1071	0	3	0.51822790	0.51822790
1017	1071	0	4	0.71775903	0.71775903
1017	1071	0	5	0.76492275	0.76492275
1017	1071	0	6	0.53883622	0.53883622
1017	1071	0	7	0.37948341	0.37948341
1017	1071	0	8	0.86491167	0.86491167
1017	1071	0	9	0.52408089	0.52408089
1017	1071	0	10	0.58122883	0.58122883
1017	1071	0	11	0.72704334	0.72704334
1017	1071	0	12	0.50174563	0.50174563
1017	1071	0	13	0.15825619	0.15825619
1017	1071	0	14	0.02023499	0.02023499
1017	1071	0	15	0.28375917	0.28375917
1017	1071	0	16	0.17221843	0.17221843
1017	1071	0	17	0.40228277	0.40228277
1017	1071	0	18	0.77990138	0.77990138
1017	1071	0	19	0.67391533	0.67391533
1017	1071	1	0	0.64038407	1.67187680
1017	1071	1	1	0.49446543	1.07443220
1017	1071	1	2	0.62404558	0.01852881
1017	1071	1	3	1.01756206	0.97600848
1017	1071	1	4	1.21622358	1.27464626
1017	1071	1	5	1.13891123	1.34691743
1017	1071	1	6	1.06390075	0.93610149
1017	1071	1	7	0.37826329	0.70242414
1017	1071	1	8	0.64483786	1.48815316
1017	1071	1	9	0.43317390	0.94767591
1017	1071	1	10	0.77220861	1.00149227
1017	1071	1	11	0.66422143	1.35850513
1017	1071	1	12	1.00242312	0.90836418
1017	1071	1	13	0.12136461	0.28563617
1017	1071	1	14	0.22621252	0.03861149
1017	1071	1	15	0.47783703	0.51297578
1017	1071	1	16	0.14743036	0.31306029
1017	1071	1	17	0.76242602	0.77212653
1017	1071	1	18	1.02902393	1.38249224
1017	1071	1	19	0.57112991	1.31225172
1017	1071	2	0	0.45044915	2.03867843
1017	1071	2	1	0.43255005	1.28403167
1017	1071	2	2	1.04601877	0.63783057
1017	1071	2	3	1.37229300	1.87972662
1017	1071	2	4	1.53122332	2.20518255
1017	1071	2	5	1.23836306	2.16371900
1017	1071	2	6	1.46537048	1.75405595
1017	1071	2	7	0.48227635	0.97602685
1017	1071	2	8	0.50786431	1.71717718
1017	1071	2	9	0.38374322	1.19914496
1017	1071	2	10	0.74089306	1.49634783
1017	1071	2	11	0.78045102	1.84412920
1017	1071	2	12	1.27308854	1.73856850
1017	1071	2	13	0.09317302	0.35127238
1017	1071	2	14	0.58695360	0.26127773
1017	1071	2	15	0.56932518	0.89221155
1017	1071	2	16	0.19776742	0.40345402
1017	1071	2	17	0.84816539	1.47229030
1017	1071	2	18	1.07005942	2.09720666
1017	1071	2	19	0.56577072	1.81410214
1017	1071	3	0	0.33334919	2.15552249
1017	1071	3	1	0.40330680	1.37614432
1017	1071	3	2	1.34148343	1.52054967
1017	1071	3	3	1.50465670	3.03276391
1017	1071	3	4	1.60322530	3.24215688
1017	1071	3	5	1.24912901	2.88463774
1017	1071	3	6	1.68347268	2.75857516
1017	1071	3	7	0.76705071	1.31287607
1017	1071	3	8	0.48290934	1.74523467
1017	1071	3	9	0.35828771	1.35296733
1017	1071	3	10	0.67442291	1.82284264
1017	1071	3	11	1.05105137	2.38213975
1017	1071	3	12	1.29879724	2.68203795
1017	1071	3	13	0.18817610	0.37591120
1017	1071	3	14	0.92203974	0.82423418
1017	1071	3	15	0.61314035	1.29004097
1017	1071	3	16	0.25433277	0.52771593
1017	1071	3	17	0.84240990	2.20173409
1017	1071	3	18	1.05742742	2.69046629
1017	1071	3	19	0.58910153	2.28409849
1017	1071	4	0	0.31537280	2.13614646
1017	1071	4	1	0.38664126	1.41459174
1017	1071	4	2	1.55426837	2.47273651
1017	1071	4	3	1.35323499	4.18367193
1017	1071	4	4	1.53882673	4.11871546
1017	1071	4	5	1.23948425	3.44391774
1017	1071	4	6	1.72673393	3.71727457
1017	1071	4	7	1.14760979	1.88430940
1017	1071	4	8	0.57234658	1.74049747
1017	1071	4	9	0.34466814	1.45184070
1017	1071	4	10	0.61431225	1.99244789
1017	1071	4	11	1.33471715	3.12002051
1017	1071	4	12	1.15306925	3.47234162
1017	1071	4	13	0.44091391	0.49074599
1017	1071	4	14	1.18956713	1.67057185
1017	1071	4	15	0.63910528	1.65521707
1017	1071	4	16	0.29531396	0.68590384
1017	1071	4	17	0.82197868	2.86660196
1017	1071	4	18	1.03479162	3.13621640
1017	1071	4	19	0.61438083	2.75261250
1017	1071	5	0	0.38961474	2.10196470
1017	1071	5	1	0.37285924	1.42617999
1017	1071	5	2	1.71093555	3.39392600
1017	1071	5	3	1.10912867	5.04891363
1017	1071	5	4	1.42705104	4.73441182
1017	1071	5	5	1.23472772	3.85980351
1017	1071	5	6	1.66846619	4.46735168
1017	1071	5	7	1.53598812	2.75115876
1017	1071	5	8	0.72666625	1.82652117
1017	1071	5	9	0.33667135	1.51813678
1017	1071	5	10	0.57104172	2.05497205
1017	1071	5	11	1.57701773	4.04456074
1017	1071	5	12	0.95547721	3.96708186
1017	1071	5	13	0.71098434	0.83591402
1017	1071	5	14	1.38694669	2.70670473
1017	1071	5	15	0.66058168	1.97616605
1017	1071	5	16	0.31823285	0.85625261
1017	1071	5	17	0.81213096	3.45742543
1017	1071	5	18	1.01740765	3.45798946
1017	1071	5	19	0.63241450	3.22167090
1017	1071	6	0	0.51595385	2.14761831
1017	1071	6	1	0.36055565	1.42091382
1017	1071	6	2	1.82841724	4.23593643
1017	1071	6	3	0.87579083	5.56912520
1017	1071	6	4	1.30694618	5.10033608
1017	1071	6	5	1.23618422	4.17147540
1017	1071	6	6	1.57170247	4.96208981
1017	1071	6	7	1.89337922	3.87722666
1017	1071	6	8	0.89031375	2.04282812
1017	1071	6	9	0.33114659	1.56372464
1017	1071	6	10	0.54169331	2.05691025
1017	1071	6	11	1.76976201	5.08985585
1017	1071	6	12	0.77688503	4.17043115
1017	1071	6	13	0.94756547	1.38380924
1017	1071	6	14	1.52969888	3.84505320
1017	1071	6	15	0.67959867	2.25690047
1017	1071	6	16	0.32953105	1.01848432
1017	1071	6	17	0.81095534	3.99075873
1017	1071	6	18	1.00601590	3.68922346
1017	1071	6	19	0.64397244	3.68399934
1017	1071	7	0	0.65754078	2.31214038
1017	1071	7	1	0.35336446	1.40474028
1017	1071	7	2	1.91831220	4.97985402
1017	1071	7	3	0.68145534	5.79532023
1017	1071	7	4	1.19249520	5.26414063
1017	1071	7	5	1.23037632	4.41006878
1017	1071	7	6	1.46797364	5.23007937
1017	1071	7	7	2.20904636	5.19290254
1017	1071	7	8	1.03486238	2.36234296
1017	1071	7	9	0.32630311	1.59504684
1017	1071	7	10	0.51580495	2.02896327
1017	1071	7	11	1.91873661	6.19047437
1017	1071	7	12	0.63773590	4.15663481
1017	1071	7	13	1.14227419	2.06138974
1017	1071	7	14	1.64291786	5.02160185
1017	1071	7	15	0.69124759	2.50269072
1017	1071	7	16	0.33913391	1.16245715
1017	1071	7	17	0.80371595	4.47990983
1017	1071	7	18	0.99180230	3.85649467
1017	1071	7	19	0.65565657	4.13347739
1017	1071	8	0	0.79281387	2.59132732
1017	1071	8	1	0.35593614	1.38566366
1017	1071	8	2	1.98865832	5.62320611
1017	1071	8	3	0.52812098	5.80079586
1017	1071	8	4	1.08879565	5.27678058
1017	1071	8	5	1.20253824	4.58579565
1017	1071	8	6	1.37166404	5.32392996
1017	1071	8	7	2.48217735	6.62821103
1017	1071	8	8	1.15038642	2.73712886
1017	1071	8	9	0.32116829	1.61551993
1017	1071	8	10	0.48366762	1.98286756
1017	1071	8	11	2.03204468	7.29537348
1017	1071	8	12	0.53809472	4.00630501
1017	1071	8	13	1.29848706	2.80148114
1017	1071	8	14	1.74892178	6.20330896
1017	1071	8	15	0.68948506	2.71288550
1017	1071	8	16	0.35483609	1.28980235
1017	1071	8	17	0.77690576	4.92237768
1017	1071	8	18	0.96496371	3.97152320
1017	1071	8	19	0.67427172	4.57090965
1017	1071	9	0	0.91220806	2.96010178
1017	1071	9	1	0.37122361	1.37421655
1017	1071	9	2	2.04452225	6.17219102
1017	1071	9	3	0.41020522	5.65229843
1017	1071	9	4	0.99771984	5.18288798
1017	1071	9	5	1.14698996	4.69166009
1017	1071	9	6	1.28949751	5.29681315
1017	1071	9	7	2.71517595	8.12279080
1017	1071	9	8	1.23536710	3.12271761
1017	1071	9	9	0.31558775	1.62693274
1017	1071	9	10	0.44227070	1.91740026
1017	1071	9	11	2.11706343	8.36832388
1017	1071	9	12	0.47230678	3.78483541
1017	1071	9	13	1.42226736	3.55339155
1017	1071	9	14	1.85835704	7.38248569
1017	1071	9	15	0.67135094	2.88091533
1017	1071	9	16	0.37919372	1.40964864
1017	1071	9	17	0.72641178	5.30235591
1017	1071	9	18	0.92173893	4.03356139
1017	1071	9	19	0.70270546	5.00386310
1017	1071	10	0	1.01303394	3.38792494
1017	1071	10	1	0.39941978	1.38109189
1017	1071	10	2	2.08840600	6.63648677
1017	1071	10	3	0.32074655	5.40320633
1017	1071	10	4	0.91989340	5.01896378
1017	1071	10	5	1.06804246	4.71665921
1017	1071	10	6	1.22472579	5.19465434
1017	1071	10	7	2.91132209	9.62767811
1017	1071	10	8	1.29158653	3.48554736
1017	1071	10	9	0.31023862	1.63057675
1017	1071	10	10	0.39441825	1.82866654
1017	1071	10	11	2.17981814	9.38523643
1017	1071	10	12	0.43416774	3.53956677
1017	1071	10	13	1.51968492	4.28238248
1017	1071	10	14	1.97093733	8.56279580
1017	1071	10	15	0.63809772	2.99851331
1017	1071	10	16	0.41014909	1.53201769
1017	1071	10	17	0.65744736	5.60119971
1017	1071	10	18	0.86471147	4.03827043
1017	1071	10	19	0.73955237	5.44239279
1017	1071	11	0	1.09596468	3.84656590
1017	1071	11	1	0.43826286	1.41434053
1017	1071	11	2	2.12085497	7.02579560
1017	1071	11	3	0.25338288	5.09371025
1017	1071	11	4	0.85547201	4.81395358
1017	1071	11	5	0.97488040	4.65673240
1017	1071	11	6	1.17896099	5.05456446
1017	1071	11	7	3.07390013	11.10448469
1017	1071	11	8	1.32189245	3.80321610
1017	1071	11	9	0.30646492	1.62817293
1017	1071	11	10	0.34476864	1.71665427
1017	1071	11	11	2.22500815	10.33121415
1017	1071	11	12	0.41847243	3.30266013
1017	1071	11	13	1.59604836	4.96656284
1017	1071	11	14	2.08146061	9.74728020
1017	1071	11	15	0.59387244	3.06025406
1017	1071	11	16	0.44369307	1.66304763
1017	1071	11	17	0.57958308	5.80698112
1017	1071	11	18	0.79925396	3.98488141
1017	1071	11	19	0.78119252	5.89461750
1017	1071	12	0	1.16305126	4.31308654
1017	1071	12	1	0.48416918	1.47761699
1017	1071	12	2	2.14123720	7.34788116
1017	1071	12	3	0.20286812	4.75295084
1017	1071	12	4	0.80448119	4.59047106
1017	1071	12	5	0.87665031	4.51797478
1017	1071	12	6	1.15300548	4.90551624
1017	1071	12	7	3.20586361	12.52382643
1017	1071	12	8	1.32929633	4.06242902
1017	1071	12	9	0.30597882	1.62245633
1017	1071	12	10	0.29717024	1.58601304
1017	1071	12	11	2.25619587	11.19801790
1017	1071	12	12	0.42127923	3.09497384
1017	1071	12	13	1.65575813	5.59362117
1017	1071	12	14	2.18470371	10.93349851
1017	1071	12	15	0.54364783	3.06590208
1017	1071	12	16	0.47619511	1.80374913
1017	1071	12	17	0.50181130	5.91830458
1017	1071	12	18	0.73057044	3.87817287
1017	1071	12	19	0.82390549	6.36460745
1017	1071	13	0	1.21670144	4.77035329
1017	1071	13	1	0.53342126	1.57002318
1017	1071	13	2	2.14852408	7.60788745
1017	1071	13	3	0.16507989	4.40142365
1017	1071	13	4	0.76697533	4.36608699
1017	1071	13	5	0.78020357	4.31417037
1017	1071	13	6	1.14722320	4.76967265
1017	1071	13	7	3.30971867	13.86365099
1017	1071	13	8	1.31667197	4.25661757
1017	1071	13	9	0.31053505	1.61734970
1017	1071	13	10	0.25393155	1.44395316
1017	1071	13	11	2.27601445	11.98205406
1017	1071	13	12	0.43974382	2.92947006
1017	1071	13	13	1.70236598	6.15804847
1017	1071	13	14	2.27735232	12.11401129
1017	1071	13	15	0.49175553	3.02023986
1017	1071	13	16	0.50537951	1.95131819
1017	1071	13	17	0.43018977	5.94287943
1017	1071	13	18	0.66253219	3.72704100
1017	1071	13	19	0.86491389	6.85249754
1017	1071	14	0	1.25919996	5.20644405
1017	1071	14	1	0.58291473	1.68718164
1017	1071	14	2	2.14193389	7.80861287
1017	1071	14	3	0.13686494	4.05311118
1017	1071	14	4	0.74311080	4.15448842
1017	1071	14	5	0.68982049	4.06265819
1017	1071	14	6	1.16168149	4.66373759
1017	1071	14	7	3.38750745	15.10769794
1017	1071	14	8	1.28671641	4.38392237
1017	1071	14	9	0.32164968	1.61777844
1017	1071	14	10	0.21605398	1.29799663
1017	1071	14	11	2.28635284	12.68283463
1017	1071	14	12	0.47183324	2.81380910
1017	1071	14	13	1.73869523	6.65896231
1017	1071	14	14	2.35806082	13.27874808
1017	1071	14	15	0.44132062	2.93146228
1017	1071	14	16	0.53028251	2.10118596
1017	1071	14	17	0.36771400	5.89385110
1017	1071	14	18	0.59761581	3.54223069
1017	1071	14	19	0.90254842	7.35563819
1017	1071	15	0	1.29251707	5.61367234
1017	1071	15	1	0.63042097	1.82277116
1017	1071	15	2	2.12137130	7.95135767
1017	1071	15	3	0.11585170	3.71721174
1017	1071	15	4	0.73317045	3.96645104
1017	1071	15	5	0.60773567	3.78091101
1017	1071	15	6	1.19617069	4.60009364
1017	1071	15	7	3.44084448	16.24417178
1017	1071	15	8	1.24201002	4.44570061
1017	1071	15	9	0.34038648	1.62923960
1017	1071	15	10	0.18368161	1.15458370
1017	1071	15	11	2.28851019	13.30182469
1017	1071	15	12	0.51603162	2.75216598
1017	1071	15	13	1.76696882	7.09847574
1017	1071	15	14	2.42688270	14.41721772
1017	1071	15	15	0.39428439	2.80931409
1017	1071	15	16	0.55083119	2.24865224
1017	1071	15	17	0.31515127	5.78630052
1017	1071	15	18	0.53721474	3.33452061
1017	1071	15	19	0.93602841	7.86985038
1017	1071	16	0	1.31826321	5.98757976
1017	1071	16	1	0.67454374	1.96991785
1017	1071	16	2	2.08763379	8.03699384
1017	1071	16	3	0.10027673	3.39947916
1017	1071	16	4	0.73755425	3.81061825
1017	1071	16	5	0.53478764	3.48445767
1017	1071	16	6	1.25016024	4.58766036
1017	1071	16	7	3.47098708	17.26464904
1017	1071	16	8	1.18509220	4.44551063
1017	1071	16	9	0.36722174	1.65724003
1017	1071	16	10	0.15648035	1.01851514
1017	1071	16	11	2.28332261	13.84159590
1017	1071	16	12	0.57107750	2.74640830
1017	1071	16	13	1.78892576	7.48051248
1017	1071	16	14	2.48468099	15.51994610
1017	1071	16	15	0.35166022	2.66360829
1017	1071	16	16	0.56742738	2.38980023
1017	1071	16	17	0.27196887	5.63485980
1017	1071	16	18	0.48197970	3.11363233
1017	1071	16	19	0.96517036	8.39039505
1017	1071	17	0	1.33771250	6.32604788
1017	1071	17	1	0.71454891	2.12217407
1017	1071	17	2	2.04238374	8.06696762
1017	1071	17	3	0.08883926	3.10323269
1017	1071	17	4	0.75674149	3.69409617
1017	1071	17	5	0.47095079	3.18595188
1017	1071	17	6	1.32273159	4.63248328
1017	1071	17	7	3.47893178	18.16321870
1017	1071	17	8	1.11850960	4.38845591
1017	1071	17	9	0.40200111	1.70670699
1017	1071	17	10	0.13389308	0.89292812
1017	1071	17	11	2.27126922	14.30521791
1017	1071	17	12	0.63574867	2.79678811
1017	1071	17	13	1.80592042	7.80996974
1017	1071	17	14	2.53269610	16.57919230
1017	1071	17	15	0.31381879	2.50328506
1017	1071	17	16	0.58065861	2.52182859
1017	1071	17	17	0.23702945	5.45244846
1017	1071	17	18	0.43208619	2.88772795
1017	1071	17	19	0.99014575	8.91259985
1017	1071	18	0	1.35185373	6.62857907
1017	1071	18	1	0.75017464	2.27406752
1017	1071	18	2	1.98793207	8.04401735
1017	1071	18	3	0.08058516	2.83010362
1017	1071	18	4	0.79122644	3.62287749
1017	1071	18	5	0.41571054	2.89499564
1017	1071	18	6	1.41251962	4.73810101
1017	1071	18	7	3.46553185	18.93584697
1017	1071	18	8	1.04481838	4.28076060
1017	1071	18	9	0.44399256	1.78146866
1017	1071	18	10	0.11529260	0.77953388
1017	1071	18	11	2.25256475	14.69583596
1017	1071	18	12	0.70870482	2.90228747
1017	1071	18	13	1.81900428	8.09214365
1017	1071	18	14	2.57227462	17.58916678
1017	1071	18	15	0.28072385	2.33593681
1017	1071	18	16	0.59113277	2.64303386
1017	1071	18	17	0.20902054	5.24980687
1017	1071	18	18	0.38742129	2.66328940
1017	1071	18	19	1.01131119	9.43221057
1017	1071	19	0	1.36144785	6.89574592
1017	1071	19	1	0.78146856	2.42131495
1017	1071	19	2	1.92692338	7.97249122
1017	1071	19	3	0.07481707	2.58057887
1017	1071	19	4	0.84143008	3.60210606
1017	1071	19	5	0.36830842	2.61838011
1017	1071	19	6	1.51768791	4.90575734
1017	1071	19	7	3.43162969	19.57995439
1017	1071	19	8	0.96654040	4.12946586
1017	1071	19	9	0.49201676	1.88388718
1017	1071	19	10	0.10006532	0.67894253
1017	1071	19	11	2.22724579	15.01639650
1017	1071	19	12	0.78839585	3.06074112
1017	1071	19	13	1.82899196	8.33234852
1017	1071	19	14	2.60471687	18.54595832
1017	1071	19	15	0.25210369	2.16766033
1017	1071	19	16	0.59939900	2.75263084
1017	1071	19	17	0.18668310	5.03549684
1017	1071	19	18	0.34770730	2.44521203
1017	1071	19	19	1.02909993	9.94555421
1017	1071	20	0	1.36708175	7.12878826
1017	1071	20	1	0.80866415	2.56081634
1017	1071	20	2	1.86202067	7.85826878
1017	1071	20	3	0.07102611	2.35439118
1017	1071	20	4	0.90759344	3.63619377
1017	1071	20	5	0.32789396	2.36051391
1017	1071	20	6	1.63595432	5.13453283
1017	1071	20	7	3.37819374	20.09418821
1017	1071	20	8	0.88608590	3.94216732
1017	1071	20	9	0.54461790	2.01469244
1017	1071	20	10	0.08765224	0.59098165
1017	1071	20	11	2.19525601	15.26949525
1017	1071	20	12	0.87304020	3.26884422
1017	1071	20	13	1.83651378	8.53567644
1017	1071	20	14	2.63120154	19.44731527
1017	1071	20	15	0.22756685	2.00310883
1017	1071	20	16	0.60591928	2.85052650
1017	1071	20	17	0.16891260	4.81613078
1017	1071	20	18	0.31258125	2.23700056
1017	1071	20	19	1.04395749	10.44958494
1017	1071	21	0	1.36921459	7.32932994
1017	1071	21	1	0.83209371	2.69052709
1017	1071	21	2	1.79565821	7.70838727
1017	1071	21	3	0.06884063	2.15079560
1017	1071	21	4	0.98966301	3.72880475
1017	1071	21	5	0.29361432	2.12390087
1017	1071	21	6	1.76467115	5.42146748
1017	1071	21	7	3.30644535	20.47836570
1017	1071	21	8	0.80566268	3.72674849
1017	1071	21	9	0.60023591	2.17301859
1017	1071	21	10	0.07756507	0.51496755
1017	1071	21	11	2.15653352	15.45733030
1017	1071	21	12	0.96066928	3.52213694
1017	1071	21	13	1.84205724	8.70685634
1017	1071	21	14	2.65275654	20.29237146
1017	1071	21	15	0.20667600	1.84564963
1017	1071	21	16	0.61106644	2.93710678
1017	1071	21	17	0.15478837	4.59668331
1017	1071	21	18	0.28164486	2.04099990
1017	1071	21	19	1.05630619	10.94186325
1017	1071	22	0	1.36821574	7.49918823
1017	1071	22	1	0.85213034	2.80927698
1017	1071	22	2	1.72988958	7.53051650
1017	1071	22	3	0.06798785	1.96876239
1017	1071	22	4	1.08718359	3.88272833
1017	1071	22	5	0.26466406	1.90959321
1017	1071	22	6	1.90095175	5.76173129
1017	1071	22	7	3.21795719	20.73355269
1017	1071	22	8	0.72719254	3.49109792
1017	1071	22	9	0.65735108	2.35660571
1017	1071	22	10	0.06938866	0.44991762
1017	1071	22	11	2.11110000	15.58174893
1017	1071	22	12	1.04922432	3.81503640
1017	1071	22	13	1.84599974	8.85018204
1017	1071	22	14	2.67025574	21.08136815
1017	1071	22	15	0.18899273	1.69756548
1017	1071	22	16	0.61513375	3.01306012
1017	1071	22	17	0.14356679	4.38080728
1017	1071	22	18	0.25449531	1.85862358
1017	1071	22	19	1.06652785	11.42050074
1017	1071	23	0	1.36439522	7.64025241
1017	1071	23	1	0.86915128	2.91657916
1017	1071	23	2	1.66632480	7.33241622
1017	1071	23	3	0.06826546	1.80710919
1017	1071	23	4	1.19921713	4.09967351
1017	1071	23	5	0.24030986	1.71758606
1017	1071	23	6	2.04182463	6.14887661
1017	1071	23	7	3.11470605	20.86222889
1017	1071	23	8	0.65225082	3.24282175
1017	1071	23	9	0.71458754	2.56210751
1017	1071	23	10	0.06277645	0.39470619
1017	1071	23	11	2.05914722	15.64437721
1017	1071	23	12	1.13668300	4.14095944
1017	1071	23	13	1.84863413	8.96948700
1017	1071	23	14	2.68442919	21.81539839
1017	1071	23	15	0.17410298	1.56026194
1017	1071	23	16	0.61834830	3.07924278
1017	1071	23	17	0.13465919	4.17111735
1017	1071	23	18	0.23074352	1.69056095
1017	1071	23	19	1.07495734	11.88409053
1017	1071	24	0	1.35802764	7.75441263
1017	1071	24	1	0.88351613	3.01245306
1017	1071	24	2	1.60613419	7.12146950
1017	1071	24	3	0.06952017	1.66458920
1017	1071	24	4	1.32430529	4.38002816
1017	1071	24	5	0.21990011	1.54714242
1017	1071	24	6	2.18439186	6.57517832
1017	1071	24	7	2.99906825	20.86848131
1017	1071	24	8	0.58203756	2.98897621
1017	1071	24	9	0.77077420	2.78544340
1017	1071	24	10	0.05744291	0.34817279
1017	1071	24	11	2.00111232	15.64681920
1017	1071	24	12	1.22118916	4.49254868
1017	1071	24	13	1.85018882	9.06814962
1017	1071	24	14	2.69587911	22.49618481
1017	1071	24	15	0.16162990	1.43446035
1017	1071	24	16	0.62088431	3.13658214
1017	1071	24	17	0.12760541	3.96942865
1017	1071	24	18	0.21002445	1.53695556
1017	1071	24	19	1.08188232	12.33163489
1017	1071	25	0	1.34937061	7.84352432
1017	1071	25	1	0.89555519	3.09727261
1017	1071	25	2	1.55009333	6.90433951
1017	1071	25	3	0.07163176	1.53994779
1017	1071	25	4	1.46048723	4.72263490
1017	1071	25	5	0.20286557	1.39704990
1017	1071	25	6	2.32596947	7.03204303
1017	1071	25	7	2.87375571	20.75816432
1017	1071	25	8	0.51738075	2.73584591
1017	1071	25	9	0.82497002	3.02214411
1017	1071	25	10	0.05315494	0.30919280
1017	1071	25	11	1.93773066	15.59090527
1017	1071	25	12	1.30116145	4.86198549
1017	1071	25	13	1.85084365	9.14911759
1017	1071	25	14	2.70509780	23.12589409
1017	1071	25	15	0.15123899	1.32036654
1017	1071	25	16	0.62287484	3.18601082
1017	1071	25	17	0.12204851	3.77694982
1017	1071	25	18	0.19200221	1.39755328
1017	1071	25	19	1.08754626	12.76247640
1017	1071	26	0	1.33867836	7.90939694
1017	1071	26	1	0.90556427	3.17164288
1017	1071	26	2	1.49864782	6.68675906
1017	1071	26	3	0.07450091	1.43195644
1017	1071	26	4	1.60537446	5.12463491
1017	1071	26	5	0.18871504	1.26581685
1017	1071	26	6	2.46419441	7.51045117
1017	1071	26	7	2.74170278	20.53897193
1017	1071	26	8	0.45876639	2.48878747
1017	1071	26	9	0.87646279	3.26765629
1017	1071	26	10	0.04972359	0.27671995
1017	1071	26	11	1.87005484	15.47896045
1017	1071	26	12	1.37536472	5.24135224
1017	1071	26	13	1.85074228	9.21494331
1017	1071	26	14	2.71248502	23.70698619
1017	1071	26	15	0.14263849	1.21781227
1017	1071	26	16	0.62442140	3.22842459
1017	1071	26	17	0.11771266	3.59443507
1017	1071	26	18	0.17637200	1.27182186
1017	1071	26	19	1.09215308	13.17623585
1017	1071	27	0	1.32621076	7.95379804
1017	1071	27	1	0.91380369	3.23630432
1017	1071	27	2	1.45198289	6.47343882
1017	1071	27	3	0.07804023	1.33943059
1017	1071	27	4	1.75627276	5.58142163
1017	1071	27	5	0.17702850	1.15181709
1017	1071	27	6	2.59709057	8.00138985
1017	1071	27	7	2.60592301	20.22038607
1017	1071	27	8	0.40638678	2.25214675
1017	1071	27	9	0.92475097	3.51758739
1017	1071	27	10	0.04699641	0.24980877
1017	1071	27	11	1.79943268	15.31405677
1017	1071	27	12	1.44293810	5.62299727
1017	1071	27	13	1.85000199	9.26782488
1017	1071	27	14	2.71836377	24.24209491
1017	1071	27	15	0.13557713	1.12636990
1017	1071	27	16	0.62560150	3.26465753
1017	1071	27	17	0.11438493	3.42230198
1017	1071	27	18	0.16286002	1.15904525
1017	1071	27	19	1.09587218	13.57275795
1017	1071	28	0	1.31223822	7.97846584
1017	1071	28	1	0.92049965	3.29206139
1017	1071	28	2	1.41008874	6.26806867
1017	1071	28	3	0.08216762	1.26123650
1017	1071	28	4	1.91033228	6.08672675
1017	1071	28	5	0.16744923	1.05339337
1017	1071	28	6	2.72309481	8.49623809
1017	1071	28	7	2.46935967	19.81348946
1017	1071	28	8	0.36019817	2.02924764
1017	1071	28	9	0.96951623	3.76788554
1017	1071	28	10	0.04485086	0.22762320
1017	1071	28	11	1.72744375	15.10021017
1017	1071	28	12	1.50338342	5.99985875
1017	1071	28	13	1.84872121	9.30964883
1017	1071	28	14	2.72299422	24.73393513
1017	1071	28	15	0.12984048	1.04544269
1017	1071	28	16	0.62647464	3.29546928
1017	1071	28	17	0.11190063	3.26072152
1017	1071	28	18	0.15122215	1.05839642
1017	1071	28	19	1.09884353	13.95206502
1017	1071	29	0	1.29704256	7.98512451
1017	1071	29	1	0.92584711	3.33973146
1017	1071	29	2	1.37281732	6.07338397
1017	1071	29	3	0.08680181	1.19629054
1017	1071	29	4	2.06470335	6.63283702
1017	1071	29	5	0.15967567	0.96892799
1017	1071	29	6	2.84104906	8.98707680
1017	1071	29	7	2.33475170	19.33065674
1017	1071	29	8	0.31997994	1.82244149
1017	1071	29	9	1.01059244	4.01495746
1017	1071	29	10	0.04318857	0.20943613
1017	1071	29	11	1.65580281	14.84248822
1017	1071	29	12	1.55652344	6.36571552
1017	1071	29	13	1.84698531	9.34203203
1017	1071	29	14	2.72658551	25.18523257
1017	1071	29	15	0.12524668	0.97433420
1017	1071	29	16	0.62708676	3.32154055
1017	1071	29	17	0.11013178	3.10968618
1017	1071	29	18	0.14124193	0.96899222
1017	1071	29	19	1.10118235	14.31431817
1017	1071	30	0	1.28091444	7.97549792
1017	1071	30	1	0.93001329	3.38011014
1017	1071	30	2	1.33992874	5.89127173
1017	1071	30	3	0.09185967	1.14355423
1017	1071	30	4	2.21667708	7.21091831
1017	1071	30	5	0.15345369	0.89688859
1017	1071	30	6	2.95016773	9.46690942
1017	1071	30	7	2.20453063	18.78515770
1017	1071	30	8	0.28538969	1.63320207
1017	1071	30	9	1.04793482	4.25573268
1017	1071	30	10	0.04193066	0.19462351
1017	1071	30	11	1.58624505	14.54700703
1017	1071	30	12	1.60244244	6.71534872
1017	1071	30	13	1.84487078	9.36636128
1017	1071	30	14	2.72930575	25.59867173
1017	1071	30	15	0.12164207	0.91229997
1017	1071	30	16	0.62747372	3.34347401
1017	1071	30	17	0.10897809	2.96906107
1017	1071	30	18	0.13272819	0.88993384
1017	1071	30	19	1.10298331	14.65978521
1017	1071	31	0	1.26414805	7.95131848
1017	1071	31	1	0.93314139	3.41394933
1017	1071	31	2	1.31112775	5.72289593
1017	1071	31	3	0.09725507	1.10202706
1017	1071	31	4	2.36379665	7.81140760
1017	1071	31	5	0.14856938	0.83585513
1017	1071	31	6	3.04999006	9.92979206
1017	1071	31	7	2.08075525	18.19071647
1017	1071	31	8	0.25601074	1.46224893
1017	1071	31	9	1.08159153	4.48768468
1017	1071	31	10	0.04101373	0.18265517
1017	1071	31	11	1.52041101	14.22081384
1017	1071	31	12	1.64142036	7.04461318
1017	1071	31	13	1.84244813	9.38382930
1017	1071	31	14	2.73129027	25.97685867
1017	1071	31	15	0.11889695	0.85858499
1017	1071	31	16	0.62766394	3.36179835
1017	1071	31	17	0.10835999	2.83862192
1017	1071	31	18	0.12551252	0.82033563
1017	1071	31	19	1.10432425	14.98881450
1017	1071	32	0	1.24703398	7.91432933
1017	1071	32	1	0.93535434	3.44194479
1017	1071	32	2	1.28609117	5.56882732
1017	1071	32	3	0.10289913	1.07073912
1017	1071	32	4	2.50393288	8.42442841
1017	1071	32	5	0.14484258	0.78453327
1017	1071	32	6	3.14032566	10.37088172
1017	1071	32	7	1.96508306	17.56107106
1017	1071	32	8	0.23139036	1.30968388
1017	1071	32	9	1.11167892	4.70881953
1017	1071	32	10	0.04038666	0.17308442
1017	1071	32	11	1.45974730	13.87166995
1017	1071	32	12	1.67386979	7.35042958
1017	1071	32	13	1.83978367	9.39546660
1017	1071	32	14	2.73264847	26.32229543
1017	1071	32	15	0.11690169	0.81244968
1017	1071	32	16	0.62768042	3.37697439
1017	1071	32	17	0.10821318	2.71808294
1017	1071	32	18	0.11944674	0.75934490
1017	1071	32	19	1.10526934	15.30181384
1017	1071	33	0	1.22985128	7.86627893
1017	1071	33	1	0.93675826	3.46473072
1017	1071	33	2	1.26448785	5.42916733
1017	1071	33	3	0.10870144	1.04874473
1017	1071	33	4	2.63532493	9.04018870
1017	1071	33	5	0.14212108	0.74175801
1017	1071	33	6	3.22120000	10.78641745
1017	1071	33	7	1.85877243	16.90957008
1017	1071	33	8	0.21106872	1.17512757
1017	1071	33	9	1.13836068	4.91764197
1017	1071	33	10	0.04000793	0.16553712
1017	1071	33	11	1.40543353	13.50776294
1017	1071	33	12	1.70028158	7.63071499
1017	1071	33	13	1.83694037	9.40216898
1017	1071	33	14	2.73346940	26.63736362
1017	1071	33	15	0.11556316	0.77318697
1017	1071	33	16	0.62754226	3.38940198
1017	1071	33	17	0.10848441	2.60711709
1017	1071	33	18	0.11440048	0.70615464
1017	1071	33	19	1.10587180	15.59923367
1017	1071	34	0	1.21285973	7.80890869
1017	1071	34	1	0.93744561	3.48287929
1017	1071	34	2	1.24599239	5.30366027
1017	1071	34	3	0.11457208	1.03511813
1017	1071	34	4	2.75659180	9.64933028
1017	1071	34	5	0.14027562	0.70649077
1017	1071	34	6	3.29280416	11.17365189
1017	1071	34	7	1.76270643	16.24883154
1017	1071	34	8	0.19459912	1.05784682
1017	1071	34	9	1.16183101	5.11310711
1017	1071	34	10	0.03984347	0.15970124
1017	1071	34	11	1.35833987	13.13738359
1017	1071	34	12	1.72118192	7.88427225
1017	1071	34	13	1.83397809	9.40472040
1017	1071	34	14	2.73382631	26.92431519
1017	1071	34	15	0.11480160	0.74013258
1017	1071	34	16	0.62726589	3.39942723
1017	1071	34	17	0.10912824	2.50537046
1017	1071	34	18	0.11025883	0.66001091
1017	1071	34	19	1.10617616	15.88155387
1017	1071	35	0	1.19629314	7.74393486
1017	1071	35	1	0.93749803	3.49690345
1017	1071	35	2	1.23029429	5.19179052
1017	1071	35	3	0.12042396	1.02895161
1017	1071	35	4	2.86672239	10.24321143
1017	1071	35	5	0.13919550	0.67781208
1017	1071	35	6	3.35545145	11.53075058
1017	1071	35	7	1.67742964	15.59047646
1017	1071	35	8	0.18156076	0.95686659
1017	1071	35	9	1.18230144	5.29456461
1017	1071	35	10	0.03986490	0.15531708
1017	1071	35	11	1.31901345	12.76860291
1017	1071	35	12	1.73710148	8.11065736
1017	1071	35	13	1.83095324	9.40381176
1017	1071	35	14	2.73378038	27.18526851
1017	1071	35	15	0.11454795	0.71267015
1017	1071	35	16	0.62686589	3.40734959
1017	1071	35	17	0.11010457	2.41247225
1017	1071	35	18	0.10692024	0.62021631
1017	1071	35	19	1.10622022	16.14927351
1017	1071	36	0	1.18035421	7.67302661
1017	1071	36	1	0.93698871	3.50726178
1017	1071	36	2	1.21710326	5.09286396
1017	1071	36	3	0.12617523	1.02935625
1017	1071	36	4	2.96505173	10.81411621
1017	1071	36	5	0.13878493	0.65491167
1017	1071	36	6	3.40954198	11.85667436
1017	1071	36	7	1.60319050	14.94493891
1017	1071	36	8	0.17156548	0.87106348
1017	1071	36	9	1.19999079	5.46170036
1017	1071	36	10	0.04004817	0.15216851
1017	1071	36	11	1.28768867	12.40897796
1017	1071	36	12	1.74855552	8.31004117
1017	1071	36	13	1.82791823	9.40005554
1017	1071	36	14	2.73338363	27.42220855
1017	1071	36	15	0.11474153	0.69023275
1017	1071	36	16	0.62635578	3.41342858
1017	1071	36	17	0.11137668	2.32804142
1017	1071	36	18	0.10429457	0.58613042
1017	1071	36	19	1.10603655	16.40290313
1017	1071	37	0	1.16521145	7.59778272
1017	1071	37	1	0.93598441	3.51436448
1017	1071	37	2	1.20615208	5.00607392
1017	1071	37	3	0.13175147	1.03546496
1017	1071	37	4	3.05122959	11.35539307
1017	1071	37	5	0.13895986	0.63707722
1017	1071	37	6	3.45553512	12.15105721
1017	1071	37	7	1.53998408	14.32134675
1017	1071	37	8	0.16426008	0.79923987
1017	1071	37	9	1.21511786	5.61447931
1017	1071	37	10	0.04037238	0.15007516
1017	1071	37	11	1.26431496	12.06530673
1017	1071	37	12	1.75603298	8.48307740
1017	1071	37	13	1.82492076	9.39399717
1017	1071	37	14	2.73268133	27.63699001
1017	1071	37	15	0.11532809	0.67230171
1017	1071	37	16	0.62574840	3.41788992
1017	1071	37	17	0.11290990	2.25169100
1017	1071	37	18	0.10230136	0.55716827
1017	1071	37	19	1.10565378	16.64295885
1017	1071	38	0	1.15099791	7.51970882
1017	1071	38	1	0.93454702	3.51857972
1017	1071	38	2	1.19719731	4.93055298
1017	1071	38	3	0.13708749	1.04643737
1017	1071	38	4	3.12518585	11.86153106
1017	1071	38	5	0.13964544	0.62368273
1017	1071	38	6	3.49392894	12.41408861
1017	1071	38	7	1.48759227	13.72746285
1017	1071	38	8	0.15932529	0.74017952
1017	1071	38	9	1.22789635	5.75309190
1017	1071	38	10	0.04081899	0.14888576
1017	1071	38	11	1.24859589	11.74344289
1017	1071	38	12	1.75999221	8.63078476
1017	1071	38	13	1.82200321	9.38612332
1017	1071	38	14	2.73171378	27.83134249
1017	1071	38	15	0.11625829	0.65840383
1017	1071	38	16	0.62505634	3.42093107
1017	1071	38	17	0.11467058	2.18303048
1017	1071	38	18	0.10086834	0.53279747
1017	1071	38	19	1.10509766	16.86995823
1017	1071	39	0	1.13781181	7.44019723
1017	1071	39	1	0.93273482	3.52023998
1017	1071	39	2	1.19001891	4.86541242
1017	1071	39	3	0.14212852	1.06146596
1017	1071	39	4	3.18709500	12.32818428
1017	1071	39	5	0.14077396	0.61417706
1017	1071	39	6	3.52524564	12.64640638
1017	1071	39	7	1.44562019	13.16967531
1017	1071	39	8	0.15647285	0.69268679
1017	1071	39	9	1.23853152	5.87790577
1017	1071	39	10	0.04137111	0.14847236
1017	1071	39	11	1.24003457	11.44817418
1017	1071	39	12	1.76086116	8.75444719
1017	1071	39	13	1.81920214	9.37686814
1017	1071	39	14	2.73051775	28.00687705
1017	1071	39	15	0.11748649	0.64810753
1017	1071	39	16	0.62429210	3.42272609
1017	1071	39	17	0.11662550	2.12166725
1017	1071	39	18	0.09993006	0.51253434
1017	1071	39	19	1.10439175	17.08441719
1017	1071	40	0	1.12571857	7.36051065
1017	1071	40	1	0.93060331	3.51964785
1017	1071	40	2	1.18441883	4.80977098
1017	1071	40	3	0.14683089	1.07978261
1017	1071	40	4	3.23734099	12.75215535
1017	1071	40	5	0.14228324	0.60807315
1017	1071	40	6	3.55002127	12.84900293
1017	1071	40	7	1.41352886	12.65302554
1017	1071	40	8	0.15544161	0.65561185
1017	1071	40	9	1.24721822	5.98942333
1017	1071	40	10	0.04201301	0.14872556
1017	1071	40	11	1.23798138	11.18316197
1017	1071	40	12	1.75903988	8.85553313
1017	1071	40	13	1.81654796	9.36661760
1017	1071	40	14	2.72912747	28.16509354
1017	1071	40	15	0.11896982	0.64101852
1017	1071	40	16	0.62346825	3.42342984
1017	1071	40	17	0.11874151	2.06720711
1017	1071	40	18	0.09942683	0.49593975
1017	1071	40	19	1.10355810	17.28684802
1017	1071	41	0	1.11475397	7.28177058
1017	1071	41	1	0.92820580	3.51708121
1017	1071	41	2	1.18021914	4.76277498
1017	1071	41	3	0.15116202	1.10066512
1017	1071	41	4	3.27648291	13.13134751
1017	1071	41	5	0.14411538	0.60493825
1017	1071	41	6	3.56879870	13.02314596
1017	1071	41	7	1.39066463	12.18126480
1017	1071	41	8	0.15599329	0.62786500
1017	1071	41	9	1.25414003	6.08824551
1017	1071	41	10	0.04272982	0.14955054
1017	1071	41	11	1.24168115	10.95093669
1017	1071	41	12	1.75490382	8.93563268
1017	1071	41	13	1.81406492	9.35571279
1017	1071	41	14	2.72757538	28.30738831
1017	1071	41	15	0.12066753	0.63677545
1017	1071	41	16	0.62259737	3.42318151
1017	1071	41	17	0.12098544	2.01925450
1017	1071	41	18	0.09930382	0.48261472
1017	1071	41	19	1.10261757	17.47775800
1017	1071	42	0	1.10492787	7.20495077
1017	1071	42	1	0.92559365	3.51279756
1017	1071	42	2	1.17725993	4.72361137
1017	1071	42	3	0.15510011	1.12344299
1017	1071	42	4	3.30522138	13.46469300
1017	1071	42	5	0.14621595	0.60438519
1017	1071	42	6	3.58212245	13.17031302
1017	1071	42	7	1.37628614	11.75693176
1017	1071	42	8	0.15790867	0.60842275
1017	1071	42	9	1.25946901	6.17504160
1017	1071	42	10	0.04350727	0.15086386
1017	1071	42	11	1.25031747	10.75294094
1017	1071	42	12	1.74880689	8.99640992
1017	1071	42	13	1.81177120	9.34445249
1017	1071	42	14	2.72589253	28.43506187
1017	1071	42	15	0.12254063	0.63504566
1017	1071	42	16	0.62169205	3.42210755
1017	1071	42	17	0.12332425	1.97741259
1017	1071	42	18	0.09951031	0.47219612
1017	1071	42	19	1.10159013	17.65764846
1017	1071	43	0	1.09622831	7.13087549
1017	1071	43	1	0.92281632	3.50703748
1017	1071	43	2	1.17539713	4.69151537
1017	1071	43	3	0.15863325	1.14750208
1017	1071	43	4	3.32436606	13.75206402
1017	1071	43	5	0.14853342	0.60606496
1017	1071	43	6	3.59053461	13.29213794
1017	1071	43	7	1.36958935	11.38144548
1017	1071	43	8	0.16098433	0.59632835
1017	1071	43	9	1.26336607	6.25052462
1017	1071	43	10	0.04433163	0.15259093
1017	1071	43	11	1.26305238	10.58961123
1017	1071	43	12	1.74108362	9.03956734
1017	1071	43	13	1.80967929	9.33309538
1017	1071	43	14	2.72410886	28.54932636
1017	1071	43	15	0.12455169	0.63552147
1017	1071	43	16	0.62076476	3.42032394
1017	1071	43	17	0.12572525	1.94128351
1017	1071	43	18	0.09999916	0.46435268
1017	1071	43	19	1.10049498	17.82701429
1017	1071	44	0	1.08862559	7.06022217
1017	1071	44	1	0.91992126	3.50002726
1017	1071	44	2	1.17450037	4.66577389
1017	1071	44	3	0.16175842	1.17228800
1017	1071	44	4	3.33480444	13.99417107
1017	1071	44	5	0.15101885	0.60966048
1017	1071	44	6	3.59457113	13.39036740
1017	1071	44	7	1.36973090	11.05520953
1017	1071	44	8	0.16503028	0.59068898
1017	1071	44	9	1.26598155	6.31543179
1017	1071	44	10	0.04518963	0.15466406
1017	1071	44	11	1.27906023	10.46048875
1017	1071	44	12	1.73205005	9.06681917
1017	1071	44	13	1.80779642	9.32186217
1017	1071	44	14	2.72225317	28.65131252
1017	1071	44	15	0.12666483	0.63791689
1017	1071	44	16	0.61982767	3.41793799
1017	1071	44	17	0.12815653	1.91046879
1017	1071	44	18	0.10072640	0.45878129
1017	1071	44	19	1.09935059	17.98634341
1017	1071	45	0	1.08207612	6.99352770
1017	1071	45	1	0.91695363	3.49198060
1017	1071	45	2	1.17445104	4.64572608
1017	1071	45	3	0.16448028	1.19730800
1017	1071	45	4	3.33747251	14.19245289
1017	1071	45	5	0.15362586	0.61488159
1017	1071	45	6	3.59475808	13.46682509
1017	1071	45	7	1.37584965	10.77772399
1017	1071	45	8	0.16986841	0.59067129
1017	1071	45	9	1.26745604	6.37050931
1017	1071	45	10	0.04606853	0.15702106
1017	1071	45	11	1.29755487	10.36434935
1017	1071	45	12	1.72200373	9.07987070
1017	1071	45	13	1.80612520	9.31093773
1017	1071	45	14	2.72035312	28.74207603
1017	1071	45	15	0.12884576	0.64196500
1017	1071	45	16	0.61889251	3.41504966
1017	1071	45	17	0.13058738	1.88457016
1017	1071	45	18	0.10165097	0.45520379
1017	1071	45	19	1.09817463	18.13611646
1017	1071	46	0	1.07652587	6.93119751
1017	1071	46	1	0.91395598	3.48309975
1017	1071	46	2	1.17514057	4.63076165
1017	1071	46	3	0.16680988	1.22213147
1017	1071	46	4	3.33332783	14.34896174
1017	1071	46	5	0.15631066	0.62146110
1017	1071	46	6	3.59160792	13.52338166
1017	1071	46	7	1.38708642	10.54770231
1017	1071	46	8	0.17533168	0.59549668
1017	1071	46	9	1.26792118	6.41650091
1017	1071	46	10	0.04695619	0.15960422
1017	1071	46	11	1.31780993	10.29934365
1017	1071	46	12	1.71122273	9.08040144
1017	1071	46	13	1.80466415	9.30047345
1017	1071	46	14	2.71843503	28.82260330
1017	1071	46	15	0.13106208	0.64741594
1017	1071	46	16	0.61797035	3.41175239
1017	1071	46	17	0.13298874	1.86319078
1017	1071	46	18	0.10273458	0.45336422
1017	1071	46	19	1.09698389	18.27680638
1017	1071	47	0	1.07191339	6.87351664
1017	1071	47	1	0.91096786	3.47357583
1017	1071	47	2	1.17646897	4.62031800
1017	1071	47	3	0.16876349	1.24638908
1017	1071	47	4	3.32332568	14.46624748
1017	1071	47	5	0.15903221	0.62915194
1017	1071	47	6	3.58561555	13.56192869
1017	1071	47	7	1.40260123	10.36319043
1017	1071	47	8	0.18126390	0.60443704
1017	1071	47	9	1.26750043	6.45413934
1017	1071	47	10	0.04784116	0.16235965
1017	1071	47	11	1.33917255	10.26313907
1017	1071	47	12	1.69996421	9.07005055
1017	1071	47	13	1.80340840	9.29058972
1017	1071	47	14	2.71652362	28.89381642
1017	1071	47	15	0.13328342	0.65403545
1017	1071	47	16	0.61707141	3.40813369
1017	1071	47	17	0.13533373	1.84593674
1017	1071	47	18	0.10394160	0.45302648
1017	1071	47	19	1.09579411	18.40887792
1017	1071	48	0	1.06817240	6.82066207
1017	1071	48	1	0.90802548	3.46358889
1017	1071	48	2	1.17834360	4.61387657
1017	1071	48	3	0.17036136	1.26977083
1017	1071	48	4	3.30839855	14.54724375
1017	1071	48	5	0.16175253	0.63772511
1017	1071	48	6	3.57725445	13.58435571
1017	1071	48	7	1.42158813	10.22168546
1017	1071	48	8	0.18752002	0.61681155
1017	1071	48	9	1.26630976	6.48414032
1017	1071	48	10	0.04871283	0.16523696
1017	1071	48	11	1.36107096	10.25305677
1017	1071	48	12	1.68846293	9.05040359
1017	1071	48	13	1.80235031	9.28137860
1017	1071	48	14	2.71464178	28.95657752
1017	1071	48	15	0.13548176	0.66160394
1017	1071	48	16	0.61620494	3.40427534
1017	1071	48	17	0.13759798	1.83241900
1017	1071	48	18	0.10523905	0.45397254
1017	1071	48	19	1.09461989	18.53278705
1017	1071	49	0	1.06523382	6.77271552
1017	1071	49	1	0.90516138	3.45330742
1017	1071	49	2	1.18067825	4.61095893
1017	1071	49	3	0.17162673	1.29202314
1017	1071	49	4	3.28943943	14.59515914
1017	1071	49	5	0.16443688	0.64696835
1017	1071	49	6	3.56697304	13.59252927
1017	1071	49	7	1.44328714	10.12025151
1017	1071	49	8	0.19396655	0.63198454
1017	1071	49	9	1.26445822	6.50719833
1017	1071	49	10	0.04956153	0.16818910
1017	1071	49	11	1.38301707	10.26619838
1017	1071	49	12	1.67692978	9.02298026
1017	1071	49	13	1.80148001	9.27290650
1017	1071	49	14	2.71281034	29.01169248
1017	1071	49	15	0.13763168	0.66991600
1017	1071	49	16	0.61537907	3.40025348
1017	1071	49	17	0.13976004	1.82225555
1017	1071	49	18	0.10659666	0.45600097
1017	1071	49	19	1.09347446	18.64898026
1017	1071	50	0	1.06302750	6.72967627
1017	1071	50	1	0.90240417	3.44288779
1017	1071	50	2	1.18339244	4.61112292
1017	1071	50	3	0.17258490	1.31294527
1017	1071	50	4	3.26728869	14.61337610
1017	1071	50	5	0.16705406	0.65668546
1017	1071	50	6	3.55519144	13.58827395
1017	1071	50	7	1.46699336	10.05563013
1017	1071	50	8	0.20048214	0.64936448
1017	1071	50	9	1.26204834	6.52398372
1017	1071	50	10	0.05037863	0.17117238
1017	1071	50	11	1.40460491	10.29955841
1017	1071	50	12	1.66555085	8.98922304
1017	1071	50	13	1.80078596	9.26521702
1017	1071	50	14	2.71104782	29.05991395
1017	1071	50	15	0.13971055	0.67878028
1017	1071	50	16	0.61460069	3.39613849
1017	1071	50	17	0.14180159	1.81507372
1017	1071	50	18	0.10798688	0.45892585
1017	1071	50	19	1.09236965	18.75789369
1017	1071	51	0	1.06148345	6.69147355
1017	1071	51	1	0.89977838	3.43247353
1017	1071	51	2	1.18641099	4.61395912
1017	1071	51	3	0.17326243	1.33238516
1017	1071	51	4	3.24272457	14.60535934
1017	1071	51	5	0.16957660	0.66669595
1017	1071	51	6	3.54229863	13.57335505
1017	1071	51	7	1.49206340	10.02434350
1017	1071	51	8	0.20695810	0.66840377
1017	1071	51	9	1.25917639	6.53514084
1017	1071	51	10	0.05115664	0.17414657
1017	1071	51	11	1.42550620	10.35012057
1017	1071	51	12	1.65448688	8.95048699
1017	1071	51	13	1.80025540	9.25833374
1017	1071	51	14	2.70937028	29.10194398
1017	1071	51	15	0.14169869	0.68801959
1017	1071	51	16	0.61387540	3.39199483
1017	1071	51	17	0.14370763	1.81051255
1017	1071	51	18	0.10938493	0.46257597
1017	1071	51	19	1.09131570	18.85995229
1017	1071	52	0	1.06053288	6.65797820
1017	1071	52	1	0.89730436	3.42219463
1017	1071	52	2	1.18966364	4.61908773
1017	1071	52	3	0.17368649	1.35023506
1017	1071	52	4	3.21645695	14.57457527
1017	1071	52	5	0.17198089	0.67683501
1017	1071	52	6	3.52865046	13.54946305
1017	1071	52	7	1.51791918	10.02278859
1017	1071	52	8	0.21329877	0.68859914
1017	1071	52	9	1.25593258	6.54128677
1017	1071	52	10	0.05188925	0.17707509
1017	1071	52	11	1.44546379	10.41493681
1017	1071	52	12	1.64387334	8.90803102
1017	1071	52	13	1.79987479	9.25226284
1017	1071	52	14	2.70779117	29.13843621
1017	1071	52	15	0.14357953	0.69747112
1017	1071	52	16	0.61320753	3.38788083
1017	1071	52	17	0.14546654	1.80822524
1017	1071	52	18	0.11076882	0.46679429
1017	1071	52	19	1.09032125	18.95556883
1017	1071	53	0	1.06010892	6.62901338
1017	1071	53	1	0.89499829	3.41216697
1017	1071	53	2	1.19308503	4.62615595
1017	1071	53	3	0.17388430	1.36642697
1017	1071	53	4	3.18912386	14.52442322
1017	1071	53	5	0.17424727	0.68695365
1017	1071	53	6	3.51456815	13.51820014
1017	1071	53	7	1.54404957	10.04732115
1017	1071	53	8	0.21942167	0.70949228
1017	1071	53	9	1.25240106	6.54301049
1017	1071	53	10	0.05257138	0.17992520
1017	1071	53	11	1.46428409	10.49118950
1017	1071	53	12	1.63382109	8.86301084
1017	1071	53	13	1.79963013	9.24699579
1017	1071	53	14	2.70632133	29.16999769
1017	1071	53	15	0.14533956	0.70698676
1017	1071	53	16	0.61260009	3.38384848
1017	1071	53	17	0.14707001	1.80788127
1017	1071	53	18	0.11211940	0.47143746
1017	1071	53	19	1.08939328	19.04514290
1017	1071	54	0	1.06014719	6.60436435
1017	1071	54	1	0.89287229	3.40249189
1017	1071	54	2	1.19661459	4.63483593
1017	1071	54	3	0.17388270	1.38092803
1017	1071	54	4	3.16129046	14.45817870
1017	1071	54	5	0.17636004	0.69691884
1017	1071	54	6	3.50033762	13.48106876
1017	1071	54	7	1.57001007	10.09432876
1017	1071	54	8	0.22525747	0.73067044
1017	1071	54	9	1.24865996	6.54087219
1017	1071	54	10	0.05319917	0.18266813
1017	1071	54	11	1.48182896	10.57623785
1017	1071	54	12	1.62441745	8.81647389
1017	1071	54	13	1.79950727	9.24251169
1017	1071	54	14	2.70496893	29.19719054
1017	1071	54	15	0.14696839	0.71643340
1017	1071	54	16	0.61205486	3.37994335
1017	1071	54	17	0.14851296	1.80916850
1017	1071	54	18	0.11342027	0.47637559
1017	1071	54	19	1.08853713	19.12905999
1017	1071	55	0	1.06058619	6.58378710
1017	1071	55	1	0.89093458	3.39325597
1017	1071	55	2	1.20019663	4.64482319
1017	1071	55	3	0.17370780	1.39373605
1017	1071	55	4	3.13344989	14.37894820
1017	1071	55	5	0.17830732	0.70661366
1017	1071	55	6	3.48620940	13.43946255
1017	1071	55	7	1.59542106	10.16029278
1017	1071	55	8	0.23074964	0.75176687
1017	1071	55	9	1.24478125	6.53540278
1017	1071	55	10	0.05376995	0.18527923
1017	1071	55	11	1.49800767	10.66765010
1017	1071	55	12	1.61572769	8.76935634
1017	1071	55	13	1.79949216	9.23877959
1017	1071	55	14	2.70373961	29.22053346
1017	1071	55	15	0.14845857	0.72569308
1017	1071	55	16	0.61157248	3.37620447
1017	1071	55	17	0.14979333	1.81179489
1017	1071	55	18	0.11465777	0.48149191
1017	1071	55	19	1.08775656	19.20769059
1017	1071	56	0	1.06136759	6.56701608
1017	1071	56	1	0.88918975	3.38453108
1017	1071	56	2	1.20378041	4.65583551
1017	1071	56	3	0.17338465	1.40487522
1017	1071	56	4	3.10602564	14.28963512
1017	1071	56	5	0.18008096	0.71593729
1017	1071	56	6	3.47239926	13.39465952
1017	1071	56	7	1.61996481	10.24183921
1017	1071	56	8	0.23585400	0.77246080
1017	1071	56	9	1.24083071	6.52710335
1017	1071	56	10	0.05428218	0.18773799
1017	1071	56	11	1.51276926	10.76322344
1017	1071	56	12	1.60779683	8.72248215
1017	1071	56	13	1.79957105	9.23576052
1017	1071	56	14	2.70263656	29.24050312
1017	1071	56	15	0.14980551	0.73466311
1017	1071	56	16	0.61115251	3.37266439
1017	1071	56	17	0.15091182	1.81548987
1017	1071	56	18	0.11582087	0.48668253
1017	1071	56	19	1.08705380	19.28138936
1017	1071	57	0	1.06243644	6.55377082
1017	1071	57	1	0.88763903	3.37637461
1017	1071	57	2	1.20732028	4.66761220
1017	1071	57	3	0.17293708	1.41439193
1017	1071	57	4	3.07937499	14.19291558
1017	1071	57	5	0.18167628	0.72480485
1017	1071	57	6	3.45908922	13.34781766
1017	1071	57	7	1.64338170	10.33577905
1017	1071	57	8	0.24053801	0.79247688
1017	1071	57	9	1.23686782	6.51644468
1017	1071	57	10	0.05473538	0.19002805
1017	1071	57	11	1.52609561	10.86099372
1017	1071	57	12	1.60065162	8.67656408
1017	1071	57	13	1.79973065	9.23340937
1017	1071	57	14	2.70166072	29.25753561
1017	1071	57	15	0.15100722	0.74325590
1017	1071	57	16	0.61079358	3.36934931
1017	1071	57	17	0.15187158	1.82000538
1017	1071	57	18	0.11690104	0.49185616
1017	1071	57	19	1.08642966	19.35049449
1017	1071	58	0	1.06374132	6.54376184
1017	1071	58	1	0.88628065	3.36882995
1017	1071	58	2	1.21077572	4.67991365
1017	1071	58	3	0.17238751	1.42235103
1017	1071	58	4	3.05379321	14.09122321
1017	1071	58	5	0.18309180	0.73314709
1017	1071	58	6	3.44642915	13.29997274
1017	1071	58	7	1.66546583	10.43913882
1017	1071	58	8	0.24477989	0.81158414
1017	1071	58	9	1.23294574	6.50386680
1017	1071	58	10	0.05513003	0.19213711
1017	1071	58	11	1.53799514	10.95923687
1017	1071	58	12	1.59430258	8.63220652
1017	1071	58	13	1.79995829	9.23167654
1017	1071	58	14	2.70081097	29.27202791
1017	1071	58	15	0.15206414	0.75139875
1017	1071	58	16	0.61049352	3.36627928
1017	1071	58	17	0.15267794	1.82511654
1017	1071	58	18	0.11789212	0.49693374
1017	1071	58	19	1.08588368	19.41532712
1017	1071	59	0	1.06523448	6.53669560
1017	1071	59	1	0.88511017	3.36192724
1017	1071	59	2	1.21411142	4.69252108
1017	1071	59	3	0.17175681	1.42883218
1017	1071	59	4	3.02951822	13.98674144
1017	1071	59	5	0.18432893	0.74090983
1017	1071	59	6	3.43453860	13.25203826
1017	1071	59	7	1.68606038	10.54918221
1017	1071	59	8	0.24856772	0.82959441
1017	1071	59	9	1.22911123	6.48977849
1017	1071	59	10	0.05546746	0.19405673
1017	1071	59	11	1.54849746	11.05646391
1017	1071	59	12	1.58874612	8.58990976
1017	1071	59	13	1.80024199	9.23050943
1017	1071	59	14	2.70008437	29.28433941
1017	1071	59	15	0.15297879	0.75903335
1017	1071	59	16	0.61024946	3.36346851
1017	1071	59	17	0.15333797	1.83062190
1017	1071	59	18	0.11879011	0.50184802
1017	1071	59	19	1.08541426	19.47619098
1017	1071	60	0	1.06687183	6.53227881
1017	1071	60	1	0.88412091	3.35568418
1017	1071	60	2	1.21729726	4.70523642
1017	1071	60	3	0.17106426	1.43392667
1017	1071	60	4	3.00673553	13.88140224
1017	1071	60	5	0.18539165	0.74805328
1017	1071	60	6	3.42350901	13.20480729
1017	1071	60	7	1.70505279	10.66342377
1017	1071	60	8	0.25189838	0.84636015
1017	1071	60	9	1.22540478	6.47455692
1017	1071	60	10	0.05574974	0.19578216
1017	1071	60	11	1.55764867	11.15141121
1017	1071	60	12	1.58396654	8.55007568
1017	1071	60	13	1.80057054	9.22985372
1017	1071	60	14	2.69947641	29.29479355
1017	1071	60	15	0.15375559	0.76611512
1017	1071	60	16	0.61005800	3.36092579
1017	1071	60	17	0.15386026	1.83634336
1017	1071	60	18	0.11959296	0.50654301
1017	1071	60	19	1.08501880	19.53337215
1017	1071	61	0	1.06861303	6.53022213
1017	1071	61	1	0.88330428	3.35010710
1017	1071	61	2	1.22030826	4.71788216
1017	1071	61	3	0.17032745	1.43773437
1017	1071	61	4	2.98558320	13.77689010
1017	1071	61	5	0.18628611	0.75455113
1017	1071	61	6	3.41340600	13.15895594
1017	1071	61	7	1.72236997	10.77963586
1017	1071	61	8	0.25477649	0.86177194
1017	1071	61	9	1.22186064	6.45854744
1017	1071	61	10	0.05597956	0.19731203
1017	1071	61	11	1.56550746	11.24302737
1017	1071	61	12	1.57993807	8.51301425
1017	1071	61	13	1.80093358	9.22965449
1017	1071	61	14	2.69898130	29.30367957
1017	1071	61	15	0.15440047	0.77261247
1017	1071	61	16	0.60991533	3.35865486
1017	1071	61	17	0.15425448	1.84212574
1017	1071	61	18	0.12030043	0.51097346
1017	1071	61	19	1.08469389	19.58713901
1017	1071	62	0	1.07042148	6.53024320
1017	1071	62	1	0.88265017	3.34519204
1017	1071	62	2	1.22312444	4.73030130
1017	1071	62	3	0.16956229	1.44036111
1017	1071	62	4	2.96615682	13.67465000
1017	1071	62	5	0.18702030	0.76038950
1017	1071	62	6	3.40427182	13.11504831
1017	1071	62	7	1.73797360	10.89584963
1017	1071	62	8	0.25721335	0.87575554
1017	1071	62	9	1.21850705	6.44206343
1017	1071	62	10	0.05616008	0.19864804
1017	1071	62	11	1.57214186	11.33045789
1017	1071	62	12	1.57662666	8.47895091
1017	1071	62	13	1.80132163	9.22985717
1017	1071	62	14	2.69859216	29.31125434
1017	1071	62	15	0.15492068	0.77850582
1017	1071	62	16	0.60981733	3.35665501
1017	1071	62	17	0.15453112	1.84783607
1017	1071	62	18	0.12091380	0.51510411
1017	1071	62	19	1.08443543	19.63774238
1017	1071	63	0	1.07226429	6.53206928
1017	1071	63	1	0.88214729	3.34092601
1017	1071	63	2	1.22573065	4.74235702
1017	1071	63	3	0.16878301	1.44191631
1017	1071	63	4	2.94851425	13.57589866
1017	1071	63	5	0.18760369	0.76556584
1017	1071	63	6	3.39612787	13.07354255
1017	1071	63	7	1.75185569	11.01035128
1017	1071	63	8	0.25922586	0.88826876
1017	1071	63	9	1.21536647	6.42538644
1017	1071	63	10	0.05629488	0.19979458
1017	1071	63	11	1.57762656	11.41302867
1017	1071	63	12	1.57399170	8.44803430
1017	1071	63	13	1.80172607	9.23040836
1017	1071	63	14	2.69830133	29.31774426
1017	1071	63	15	0.15532445	0.78378660
1017	1071	63	16	0.60975971	3.35492151
1017	1071	63	17	0.15470119	1.85336257
1017	1071	63	18	0.12143566	0.51890903
1017	1071	63	19	1.08423881	19.68541572
1017	1071	64	0	1.07411221	6.53543934
1017	1071	64	1	0.88178353	3.33728816
1017	1071	64	2	1.22811629	4.75393240
1017	1071	64	3	0.16800219	1.44251083
1017	1071	64	4	2.93268024	13.48163795
1017	1071	64	5	0.18804686	0.77008767
1017	1071	64	6	3.38897719	13.03479785
1017	1071	64	7	1.76403433	11.12167438
1017	1071	64	8	0.26083549	0.89929809
1017	1071	64	9	1.21245583	6.40876647
1017	1071	64	10	0.05638777	0.20075839
1017	1071	64	11	1.58204071	11.49022888
1017	1071	64	12	1.57198759	8.42034428
1017	1071	64	13	1.80213921	9.23125646
1017	1071	64	14	2.69810058	29.32334729
1017	1071	64	15	0.15562073	0.78845609
1017	1071	64	16	0.60973810	3.35344622
1017	1071	64	17	0.15477596	1.85861350
1017	1071	64	18	0.12186974	0.52237076
1017	1071	64	19	1.08409904	19.73037555
1017	1071	65	0	1.07593958	6.54010587
1017	1071	65	1	0.88154623	3.33425106
1017	1071	65	2	1.23027506	4.76492985
1017	1071	65	3	0.16723079	1.44225518
1017	1071	65	4	2.91865077	13.39266995
1017	1071	65	5	0.18836122	0.77397130
1017	1071	65	6	3.38280687	12.99908205
1017	1071	65	7	1.77454972	11.22858908
1017	1071	65	8	0.26206736	0.90885528
1017	1071	65	9	1.20978694	6.39242253
1017	1071	65	10	0.05644276	0.20154818
1017	1071	65	11	1.58546614	11.56169404
1017	1071	65	12	1.57056517	8.39589997
1017	1071	65	13	1.80255421	9.23235222
1017	1071	65	14	2.69798132	29.32823495
1017	1071	65	15	0.15581901	0.79252434
1017	1071	65	16	0.60974812	3.35221810
1017	1071	65	17	0.15476670	1.86351578
1017	1071	65	18	0.12222065	0.52547954
1017	1071	65	19	1.08401089	19.77282199
1017	1071	66	0	1.07772420	6.54583614
1017	1071	66	1	0.88142247	3.33178189
1017	1071	66	2	1.23220454	4.77527046
1017	1071	66	3	0.16647821	1.44125795
1017	1071	66	4	2.90639706	13.30961293
1017	1071	66	5	0.18855870	0.77724053
1017	1071	66	6	3.37759045	12.96657970
1017	1071	66	7	1.78346055	11.33008897
1017	1071	66	8	0.26294929	0.91697391
1017	1071	66	9	1.20736685	6.37654344
1017	1071	66	10	0.05646390	0.20217423
1017	1071	66	11	1.58798593	11.62718938
1017	1071	66	12	1.56967293	8.37466768
1017	1071	66	13	1.80296512	9.23364921
1017	1071	66	14	2.69793481	29.33255444
1017	1071	66	15	0.15592900	0.79600888
1017	1071	66	16	0.60978550	3.35122376
1017	1071	66	17	0.15468453	1.86801349
1017	1071	66	18	0.12249371	0.52823245
1017	1071	66	19	1.08396900	19.81293933
1017	1071	67	0	1.07944718	6.55241333
1017	1071	67	1	0.88139933	3.32984361
1017	1071	67	2	1.23390588	4.78489312
1017	1071	67	3	0.16575237	1.43962446
1017	1071	67	4	2.89586939	13.23291782
1017	1071	67	5	0.18865144	0.77992541
1017	1071	67	6	3.37329013	12.93740043
1017	1071	67	7	1.79084058	11.42537630
1017	1071	67	8	0.26351102	0.92370599
1017	1071	67	9	1.20519829	6.36128888
1017	1071	67	10	0.05645528	0.20264804
1017	1071	67	11	1.58968323	11.68659410
1017	1071	67	12	1.56925816	8.35656863
1017	1071	67	13	1.80336680	9.23510405
1017	1071	67	14	2.69795232	29.33643070
1017	1071	67	15	0.15596052	0.79893363
1017	1071	67	16	0.60984609	3.35044795
1017	1071	67	17	0.15454019	1.87206635
1017	1071	67	18	0.12269478	0.53063256
1017	1071	67	19	1.08396801	19.85089682
1017	1071	68	0	1.08109283	6.55963723
1017	1071	68	1	0.88146405	3.32839609
1017	1071	68	2	1.23538335	4.79375349
1017	1071	68	3	0.16505980	1.43745566
1017	1071	68	4	2.88700059	13.16288477
1017	1071	68	5	0.18865163	0.78206096
1017	1071	68	6	3.36985893	12.91158724
1017	1071	68	7	1.79677559	11.51384592
1017	1071	68	8	0.26378343	0.92911876
1017	1071	68	9	1.20328011	6.34679062
1017	1071	68	10	0.05642087	0.20298201
1017	1071	68	11	1.59064032	11.73988642
1017	1071	68	12	1.56926790	8.34148626
1017	1071	68	13	1.80375491	9.23667672
1017	1071	68	14	2.69802527	29.33996845
1017	1071	68	15	0.15592329	0.80132773
1017	1071	68	16	0.60992596	3.34987408
1017	1071	68	17	0.15434399	1.87564806
1017	1071	68	18	0.12283004	0.53268806
1017	1071	68	19	1.08400262	19.88684938
1017	1071	69	0	1.08264846	6.56732468
1017	1071	69	1	0.88160427	3.32739708
1017	1071	69	2	1.23664393	4.80182286
1017	1071	69	3	0.16440574	1.43484727
1017	1071	69	4	2.87970925	13.09967946
1017	1071	69	5	0.18857126	0.78368600
1017	1071	69	6	3.36724261	12.88912487
1017	1071	69	7	1.80136060	11.59506866
1017	1071	69	8	0.26379790	0.93329152
1017	1071	69	9	1.20160776	6.33315404
1017	1071	69	10	0.05636455	0.20318909
1017	1071	69	11	1.59093782	11.78712969
1017	1071	69	12	1.56964980	8.32927313
1017	1071	69	13	1.80412587	9.23833067
1017	1071	69	14	2.69814537	29.34325422
1017	1071	69	15	0.15582678	0.80322441
1017	1071	69	16	0.61002139	3.34948464
1017	1071	69	17	0.15410559	1.87874474
1017	1071	69	18	0.12290589	0.53441151
1017	1071	69	19	1.08406770	19.92093846
1017	1071	70	0	1.08410415	6.57530980
1017	1071	70	1	0.88180813	3.32680316
1017	1071	70	2	1.23769690	4.80908686
1017	1071	70	3	0.16379419	1.43188907
1017	1071	70	4	2.87390269	13.04334907
1017	1071	70	5	0.18842196	0.78484204
1017	1071	70	6	3.36538154	12.86994782
1017	1071	70	7	1.80469732	11.66877430
1017	1071	70	8	0.26358572	0.93631281
1017	1071	70	9	1.20017375	6.32045975
1017	1071	70	10	0.05628999	0.20328250
1017	1071	70	11	1.59065408	11.82845957
1017	1071	70	12	1.57035275	8.31975740
1017	1071	70	13	1.80447679	9.24003290
1017	1071	70	14	2.69830472	29.34635831
1017	1071	70	15	0.15568011	0.80466002
1017	1071	70	16	0.61012895	3.34926157
1017	1071	70	17	0.15383404	1.88135331
1017	1071	70	18	0.12292880	0.53581898
1017	1071	70	19	1.08415833	19.95329291
1017	1071	71	0	1.08545260	6.58344393
1017	1071	71	1	0.88206438	3.32657056
1017	1071	71	2	1.23855344	4.81554408
1017	1071	71	3	0.16322808	1.42866437
1017	1071	71	4	2.86947963	12.99383749
1017	1071	71	5	0.18821483	0.78557231
1017	1071	71	6	3.36421226	12.85394818
1017	1071	71	7	1.80689191	11.73483459
1017	1071	71	8	0.26317761	0.93827772
1017	1071	71	9	1.19896811	6.30876543
1017	1071	71	10	0.05620067	0.20327548
1017	1071	71	11	1.58986464	11.86407223
1017	1071	71	12	1.57132757	8.31274874
1017	1071	71	13	1.80480545	9.24175393
1017	1071	71	14	2.69849588	29.34933666
1017	1071	71	15	0.15549193	0.80567301
1017	1071	71	16	0.61024546	3.34918670
1017	1071	71	17	0.15353764	1.88347999
1017	1071	71	18	0.12290520	0.53692938
1017	1071	71	19	1.08426986	19.98402985
1017	1071	72	0	1.08668890	6.59159547
1017	1071	72	1	0.88236253	3.32665588
1017	1071	72	2	1.23922618	4.82120464
1017	1071	72	3	0.16270931	1.42524969
1017	1071	72	4	2.86633260	12.95099991
1017	1071	72	5	0.18796041	0.78592082
1017	1071	72	6	3.36366905	12.84098292
1017	1071	72	7	1.80805293	11.79324653
1017	1071	72	8	0.26260331	0.93928550
1017	1071	72	9	1.19797886	6.29810770
1017	1071	72	10	0.05609982	0.20318109
1017	1071	72	11	1.58864181	11.89421360
1017	1071	72	12	1.57252741	8.30804369
1017	1071	72	13	1.80511020	9.24346785
1017	1071	72	14	2.69871190	29.35223262
1017	1071	72	15	0.15527037	0.80630311
1017	1071	72	16	0.61036808	3.34924199
1017	1071	72	17	0.15322394	1.88513878
1017	1071	72	18	0.12284136	0.53776372
1017	1071	72	19	1.08439795	20.01325559
1017	1071	73	0	1.08781026	6.59964940
1017	1071	73	1	0.88269285	3.32701674
1017	1071	73	2	1.23972889	4.82608870
1017	1071	73	3	0.16223891	1.42171455
1017	1071	73	4	2.86435019	12.91461651
1017	1071	73	5	0.18766850	0.78593156
1017	1071	73	6	3.36368518	12.83088087
1017	1071	73	7	1.80828964	11.84411617
1017	1071	73	8	0.26189122	0.93943739
1017	1071	73	9	1.19719239	6.28850420
1017	1071	73	10	0.05599039	0.20301198
1017	1071	73	11	1.58705431	11.91916957
1017	1071	73	12	1.57390818	8.30543052
1017	1071	73	13	1.80538994	9.24515213
1017	1071	73	14	2.69894643	29.35507862
1017	1071	73	15	0.15502297	0.80659055
1017	1071	73	16	0.61049423	3.34940983
1017	1071	73	17	0.15289972	1.88635011
1017	1071	73	18	0.12274334	0.53834453
1017	1071	73	19	1.08453860	20.04106647
1017	1071	74	0	1.08881585	6.60750677
1017	1071	74	1	0.88304643	3.32761223
1017	1071	74	2	1.24007608	4.83022504
1017	1071	74	3	0.16181710	1.41812135
1017	1071	74	4	2.86341899	12.88440534
1017	1071	74	5	0.18734818	0.78564783
1017	1071	74	6	3.36419407	12.82344912
1017	1071	74	7	1.80771035	11.88764299
1017	1071	74	8	0.26106815	0.93883475
1017	1071	74	9	1.19659391	6.27995558
1017	1071	74	10	0.05587509	0.20278028
1017	1071	74	11	1.58516696	11.93925717
1017	1071	74	12	1.57542877	8.30469355
1017	1071	74	13	1.80564407	9.24678754
1017	1071	74	14	2.69919368	29.35789776
1017	1071	74	15	0.15475662	0.80657532
1017	1071	74	16	0.61062164	3.34967323
1017	1071	74	17	0.15257102	1.88713954
1017	1071	74	18	0.12261691	0.53869528
1017	1071	74	19	1.08468813	20.06754973
1017	1071	75	0	1.08970652	6.61508397
1017	1071	75	1	0.88341521	3.32840342
1017	1071	75	2	1.24028269	4.83364957
1017	1071	75	3	0.16144341	1.41452546
1017	1071	75	4	2.86342533	12.86003422
1017	1071	75	5	0.18700770	0.78511162
1017	1071	75	6	3.36513029	12.81847883
1017	1071	75	7	1.80642114	11.92410506
1017	1071	75	8	0.26015911	0.93757743
1017	1071	75	9	1.19616782	6.27244758
1017	1071	75	10	0.05575633	0.20249744
1017	1071	75	11	1.58304047	11.95481658
1017	1071	75	12	1.57705133	8.30561689
1017	1071	75	13	1.80587239	9.24835800
1017	1071	75	14	2.69944843	29.36070522
1017	1071	75	15	0.15447760	0.80629668
1017	1071	75	16	0.61074834	3.35001606
1017	1071	75	17	0.15224309	1.88753661
1017	1071	75	18	0.12246750	0.53883986
1017	1071	75	19	1.08484326	20.09278436
1017	1071	76	0	1.09048460	6.62231191
1017	1071	76	1	0.88379200	3.32935362
1017	1071	76	2	1.24036382	4.83640394
1017	1071	76	3	0.16111676	1.41097530
1017	1071	76	4	2.86425681	12.84113175
1017	1071	76	5	0.18665454	0.78436318
1017	1071	76	6	3.36643036	12.81575062
1017	1071	76	7	1.80452470	11.95384510
1017	1071	76	8	0.25918714	0.93576238
1017	1071	76	9	1.19589801	6.26595304
1017	1071	76	10	0.05563626	0.20217417
1017	1071	76	11	1.58073125	11.96620397
1017	1071	76	12	1.57874135	8.30798774
1017	1071	76	13	1.80607511	9.24985039
1017	1071	76	14	2.69970610	29.36350958
1017	1071	76	15	0.15419152	0.80579257
1017	1071	76	16	0.61087263	3.35042313
1017	1071	76	17	0.15192048	1.88757373
1017	1071	76	18	0.12230015	0.53880215
1017	1071	76	19	1.08500105	20.11684187
1017	1071	77	0	1.09115370	6.62913518
1017	1071	77	1	0.88417044	3.33042869
1017	1071	77	2	1.24033445	4.83853426
1017	1071	77	3	0.16083560	1.40751261
1017	1071	77	4	2.86580362	12.82729738
1017	1071	77	5	0.18629534	0.78344055
1017	1071	77	6	3.36803348	12.81503928
1017	1071	77	7	1.80211935	11.97725747
1017	1071	77	8	0.25817328	0.93348251
1017	1071	77	9	1.19576819	6.26043394
1017	1071	77	10	0.05551674	0.20182036
1017	1071	77	11	1.57829126	11.97378508
1017	1071	77	12	1.58046772	8.31159911
1017	1071	77	13	1.80625274	9.25125433
1017	1071	77	14	2.69996264	29.36631404
1017	1071	77	15	0.15390334	0.80509929
1017	1071	77	16	0.61099306	3.35088032
1017	1071	77	17	0.15160704	1.88728525
1017	1071	77	18	0.12211952	0.53860567
1017	1071	77	19	1.08515892	20.13978708
1017	1071	78	0	1.09171845	6.63551099
1017	1071	78	1	0.88454499	3.33159716
1017	1071	78	2	1.24020924	4.84008980
1017	1071	78	3	0.16059791	1.40417264
1017	1071	78	4	2.86795973	12.81811054
1017	1071	78	5	0.18593596	0.78237938
1017	1071	78	6	3.36988209	12.81611796
1017	1071	78	7	1.79929827	11.99477606
1017	1071	78	8	0.25713647	0.93082582
1017	1071	78	9	1.19576218	6.25584325
1017	1071	78	10	0.05539940	0.20144501
1017	1071	78	11	1.57576795	11.97792954
1017	1071	78	12	1.58220277	8.31625217
1017	1071	78	13	1.80640608	9.25256199
1017	1071	78	14	2.70021459	29.36911747
1017	1071	78	15	0.15361740	0.80425108
1017	1071	78	16	0.61110845	3.35137464
1017	1071	78	17	0.15130598	1.88670660
1017	1071	78	18	0.12192983	0.53827323
1017	1071	78	19	1.08531464	20.16167878
1017	1071	79	0	1.09218438	6.64140824
1017	1071	79	1	0.88491090	3.33283038
1017	1071	79	2	1.24000237	4.84112188
1017	1071	79	3	0.16040137	1.40098456
1017	1071	79	4	2.87062379	12.81313885
1017	1071	79	5	0.18558146	0.78121259
1017	1071	79	6	3.37192227	12.81876184
1017	1071	79	7	1.79614886	12.00686331
1017	1071	79	8	0.25609354	0.92787463
1017	1071	79	9	1.19586409	6.25212675
1017	1071	79	10	0.05528560	0.20105628
1017	1071	79	11	1.57320419	11.97900584
1017	1071	79	12	1.58392217	8.32175809
1017	1071	79	13	1.80653615	9.25376786
1017	1071	79	14	2.70045900	29.37191536
1017	1071	79	15	0.15333742	0.80327996
1017	1071	79	16	0.61121786	3.35189430
1017	1071	79	17	0.15101988	1.88587354
1017	1071	79	18	0.12173489	0.53782669
1017	1071	79	19	1.08546629	20.18257043
1017	1071	80	0	1.09255766	6.64680640
1017	1071	80	1	0.88526418	3.33410254
1017	1071	80	2	1.23972733	4.84168285
1017	1071	80	3	0.16024339	1.39797182
1017	1071	80	4	2.87369991	12.81194553
1017	1071	80	5	0.18523617	0.77997034
1017	1071	80	6	3.37410405	12.82275126
1017	1071	80	7	1.79275230	12.01400017
1017	1071	80	8	0.25505930	0.92470513
1017	1071	80	9	1.19605853	6.24922475
1017	1071	80	10	0.05517647	0.20066140
1017	1071	80	11	1.57063830	11.97737688
1017	1071	80	12	1.58560490	8.32793953
1017	1071	80	13	1.80664417	9.25486853
1017	1071	80	14	2.70069344	29.37470070
1017	1071	80	15	0.15306653	0.80221553
1017	1071	80	16	0.61132053	3.35242869
1017	1071	80	17	0.15075077	1.88482155
1017	1071	80	18	0.12153808	0.53728672
1017	1071	80	19	1.08561228	20.20251077
1017	1071	81	0	1.09284497	6.65169449
1017	1071	81	1	0.88560155	3.33539070
1017	1071	81	2	1.23939685	4.84182516
1017	1071	81	3	0.16012118	1.39515251
1017	1071	81	4	2.87709832	12.81409579
1017	1071	81	5	0.18490372	0.77867988
1017	1071	81	6	3.37638169	12.82787430
1017	1071	81	7	1.78918318	12.01667708
1017	1071	81	8	0.25404650	0.92138700
1017	1071	81	9	1.19633082	6.24707361
1017	1071	81	10	0.05507292	0.20026675
1017	1071	81	11	1.56810409	11.97339618
1017	1071	81	12	1.58723307	8.33463175
1017	1071	81	13	1.80673148	9.25586248
1017	1071	81	14	2.70091594	29.37746465
1017	1071	81	15	0.15280735	0.80108481
1017	1071	81	16	0.61141593	3.35296839
1017	1071	81	17	0.15050019	1.88358529
1017	1071	81	18	0.12134237	0.53667271
1017	1071	81	19	1.08575132	20.22154437
1017	1071	82	0	1.09305333	6.65607002
1017	1071	82	1	0.88592037	3.33667469
1017	1071	82	2	1.23902279	4.84160055
1017	1071	82	3	0.16003181	1.39253984
1017	1071	82	4	2.88073581	12.81916252
1017	1071	82	5	0.18458706	0.77736557
1017	1071	82	6	3.37871375	12.83392898
1017	1071	82	7	1.78550931	12.01538601
1017	1071	82	8	0.25306602	0.91798321
1017	1071	82	9	1.19666705	6.24560722
1017	1071	82	10	0.05497567	0.19987784
1017	1071	82	11	1.56563094	11.96740460
1017	1071	82	12	1.58879180	8.34168335
1017	1071	82	13	1.80679956	9.25674981
1017	1071	82	14	2.70112495	29.38019724
1017	1071	82	15	0.15256195	0.79991225
1017	1071	82	16	0.61150368	3.35350516
1017	1071	82	17	0.15026919	1.88219814
1017	1071	82	18	0.12115030	0.53600257
1017	1071	82	19	1.08588237	20.23971214
1017	1071	83	0	1.09318999	6.65993791
1017	1071	83	1	0.88621862	3.33793708
1017	1071	83	2	1.23861610	4.84105939
1017	1071	83	3	0.15997230	1.39014255
1017	1071	83	4	2.88453605	12.82673113
1017	1071	83	5	0.18428854	0.77604892
1017	1071	83	6	3.38106313	12.84072494
1017	1071	83	7	1.78179166	12.01061344
1017	1071	83	8	0.25212686	0.91455001
1017	1071	83	9	1.19705422	6.24475822
1017	1071	83	10	0.05488524	0.19949938
1017	1071	83	11	1.56324395	11.95972756
1017	1071	83	12	1.59026904	8.34895675
1017	1071	83	13	1.80684995	9.25753211
1017	1071	83	14	2.70131934	29.38288788
1017	1071	83	15	0.15233195	0.79871967
1017	1071	83	16	0.61158355	3.35403188
1017	1071	83	17	0.15005840	1.88069184
1017	1071	83	18	0.12096407	0.53529273
1017	1071	83	19	1.08600466	20.25705180
1017	1071	84	0	1.09326223	6.66330951
1017	1071	84	1	0.88649484	3.33916301
1017	1071	84	2	1.23818673	4.84025009
1017	1071	84	3	0.15993961	1.38796536
1017	1071	84	4	2.88842979	12.83640362
1017	1071	84	5	0.18400994	0.77474862
1017	1071	84	6	3.38339710	12.84808475
1017	1071	84	7	1.77808429	12.00283433
1017	1071	84	8	0.25123632	0.91113693
1017	1071	84	9	1.19748029	6.24445917
1017	1071	84	10	0.05480201	0.19913531
1017	1071	84	11	1.56096409	11.95067281
1017	1071	84	12	1.59165535	8.35632840
1017	1071	84	13	1.80688422	9.25821216
1017	1071	84	14	2.70149832	29.38552578
1017	1071	84	15	0.15211854	0.79752632
1017	1071	84	16	0.61165549	3.35454251
1017	1071	84	17	0.14986812	1.87909622
1017	1071	84	18	0.12078548	0.53455804
1017	1071	84	19	1.08611762	20.27359832
1017	1071	85	0	1.09327732	6.66620164
1017	1071	85	1	0.88674805	3.34034014
1017	1071	85	2	1.23774367	4.83921861
1017	1071	85	3	0.15993076	1.38600945
1017	1071	85	4	2.89235497	12.84780196
1017	1071	85	5	0.18375253	0.77348068
1017	1071	85	6	3.38568715	12.85584486
1017	1071	85	7	1.77443455	11.99250693
1017	1071	85	8	0.25040013	0.90778700
1017	1071	85	9	1.19793425	6.24464352
1017	1071	85	10	0.05472617	0.19878883
1017	1071	85	11	1.55880841	11.94052858
1017	1071	85	12	1.59294375	8.36368877
1017	1071	85	13	1.80690399	9.25879381
1017	1071	85	14	2.70166140	29.38810037
1017	1071	85	15	0.15192253	0.79634895
1017	1071	85	16	0.61171952	3.35503205
1017	1071	85	17	0.14969829	1.87743898
1017	1071	85	18	0.12061599	0.53381178
1017	1071	85	19	1.08622091	20.28938423
1017	1071	86	0	1.09324240	6.66863560
1017	1071	86	1	0.88697774	3.34145838
1017	1071	86	2	1.23729493	4.83800817
1017	1071	86	3	0.15994279	1.38427282
1017	1071	86	4	2.89625663	12.86057075
1017	1071	86	5	0.18351712	0.77225855
1017	1071	86	6	3.38790890	12.86385617
1017	1071	86	7	1.77088320	11.98006857
1017	1071	86	8	0.24962250	0.90453689
1017	1071	86	9	1.19840614	6.24524650
1017	1071	86	10	0.05465783	0.19846246
1017	1071	86	11	1.55679025	11.92956230
1017	1071	86	12	1.59412944	8.37094206
1017	1071	86	13	1.80691084	9.25928174
1017	1071	86	14	2.70180842	29.39060159
1017	1071	86	15	0.15174436	0.79520187
1017	1071	86	16	0.61177579	3.35549643
1017	1071	86	17	0.14954860	1.87574555
1017	1071	86	18	0.12045677	0.53306570
1017	1071	86	19	1.08631436	20.30444003
1017	1071	87	0	1.09316437	6.67063634
1017	1071	87	1	0.88718378	3.34250983
1017	1071	87	2	1.23684752	4.83665888
1017	1071	87	3	0.15997286	1.38275079
1017	1071	87	4	2.90008683	12.87437933
1017	1071	87	5	0.18330409	0.77109327
1017	1071	87	6	3.39004189	12.87198437
1017	1071	87	7	1.76746466	11.96593215
1017	1071	87	8	0.24890636	0.90141729
1017	1071	87	9	1.19888703	6.24620575
1017	1071	87	10	0.05459694	0.19815814
1017	1071	87	11	1.55491950	11.91801955
1017	1071	87	12	1.59520963	8.37800587
1017	1071	87	13	1.80690635	9.25968133
1017	1071	87	14	2.70193943	29.39302009
1017	1071	87	15	0.15158418	0.79409710
1017	1071	87	16	0.61182454	3.35593247
1017	1071	87	17	0.14941850	1.87403899
1017	1071	87	18	0.12030867	0.53233003
1017	1071	87	19	1.08639796	20.31879442
1017	1071	88	0	1.09304986	6.67223166
1017	1071	88	1	0.88736638	3.34348855
1017	1071	88	2	1.23640753	4.83520763
1017	1071	88	3	0.16001823	1.38143636
1017	1071	88	4	2.90380446	12.88892318
1017	1071	88	5	0.18311350	0.76999364
1017	1071	88	6	3.39206939	12.88011001
1017	1071	88	7	1.76420737	11.95048352
1017	1071	88	8	0.24825339	0.89845321
1017	1071	88	9	1.19936905	6.24746197
1017	1071	88	10	0.05454337	0.19787720
1017	1071	88	11	1.55320288	11.90612353
1017	1071	88	12	1.59618330	8.38481063
1017	1071	88	13	1.80689203	9.25999847
1017	1071	88	14	2.70205470	29.39534748
1017	1071	88	15	0.15144186	0.79304450
1017	1071	88	16	0.61186607	3.35633783
1017	1071	88	17	0.14930724	1.87233994
1017	1071	88	18	0.12017229	0.53161350
1017	1071	88	19	1.08647183	20.33247458
1017	1071	89	0	1.09290517	6.67345142
1017	1071	89	1	0.88752605	3.34439037
1017	1071	89	2	1.23598015	4.83368795
1017	1071	89	3	0.16007631	1.38032062
1017	1071	89	4	2.90737494	12.90392494
1017	1071	89	5	0.18294505	0.76896639
1017	1071	89	6	3.39397815	12.88812826
1017	1071	89	7	1.76113408	11.93407943
1017	1071	89	8	0.24766423	0.89566437
1017	1071	89	9	1.19984532	6.24895935
1017	1071	89	10	0.05449693	0.19762051
1017	1071	89	11	1.55164419	11.89407481
1017	1071	89	12	1.59705101	8.39129893
1017	1071	89	13	1.80686935	9.26023941
1017	1071	89	14	2.70215468	29.39757638
1017	1071	89	15	0.15131707	0.79205191
1017	1071	89	16	0.61190074	3.35671086
1017	1071	89	17	0.14921390	1.87066663
1017	1071	89	18	0.12004798	0.53092350
1017	1071	89	19	1.08653621	20.34550637
1017	1071	90	0	1.09273617	6.67432689
1017	1071	90	1	0.88766356	3.34521277
1017	1071	90	2	1.23556969	4.83212996
1017	1071	90	3	0.16014465	1.37939310
1017	1071	90	4	2.91076989	12.91913483
1017	1071	90	5	0.18279820	0.76801635
1017	1071	90	6	3.39575816	12.89594859
1017	1071	90	7	1.75826225	11.91704624
1017	1071	90	8	0.24713857	0.89306562
1017	1071	90	9	1.20030996	6.25064589
1017	1071	90	10	0.05445731	0.19738845
1017	1071	90	11	1.55024464	11.88205140
1017	1071	90	12	1.59781467	8.39742480
1017	1071	90	13	1.80683970	9.26041067
1017	1071	90	14	2.70223998	29.39970054
1017	1071	90	15	0.15120925	0.79112533
1017	1071	90	16	0.61192897	3.35705060
1017	1071	90	17	0.14913745	1.86903491
1017	1071	90	18	0.11993589	0.53026606
1017	1071	90	19	1.08659145	20.35791453
1017	1071	91	0	1.09254836	6.67489010
1017	1071	91	1	0.88777986	3.34595463
1017	1071	91	2	1.23517967	4.83056039
1017	1071	91	3	0.16022100	1.37864211
1017	1071	91	4	2.91396681	12.93433067
1017	1071	91	5	0.18267218	0.76714666
1017	1071	91	6	3.39740236	12.90349426
1017	1071	91	7	1.75560449	11.89967914
1017	1071	91	8	0.24667528	0.89066734
1017	1071	91	9	1.20075801	6.25247370
1017	1071	91	10	0.05442419	0.19718105
1017	1071	91	11	1.54900313	11.87020912
1017	1071	91	12	1.59847737	8.40315293
1017	1071	91	13	1.80680438	9.26051886
1017	1071	91	14	2.70231133	29.40171491
1017	1071	91	15	0.15111769	0.79026902
1017	1071	91	16	0.61195120	3.35735667
1017	1071	91	17	0.14907677	1.86745832
1017	1071	91	18	0.11983598	0.52964600
1017	1071	91	19	1.08663797	20.36972286
1017	1071	92	0	1.09234675	6.67517333
1017	1071	92	1	0.88787610	3.34661610
1017	1071	92	2	1.23481286	4.82900265
1017	1071	92	3	0.16030327	1.37805507
1017	1071	92	4	2.91694858	12.94931757
1017	1071	92	5	0.18256604	0.76635894
1017	1071	92	6	3.39890639	12.91070163
1017	1071	92	7	1.75316897	11.88224198
1017	1071	92	8	0.24627255	0.88847589
1017	1071	92	9	1.20118538	6.25439909
1017	1071	92	10	0.05439718	0.19699796
1017	1071	92	11	1.54791650	11.85868218
1017	1071	92	12	1.59904314	8.40845774
1017	1071	92	13	1.80676461	9.26057062
1017	1071	92	14	2.70236954	29.40361562
1017	1071	92	15	0.15104156	0.78948575
1017	1071	92	16	0.61196789	3.35762920
1017	1071	92	17	0.14903064	1.86594818
1017	1071	92	18	0.11974805	0.52906700
1017	1071	92	19	1.08667626	20.38095429
1017	1071	93	0	1.09213593	6.67520861
1017	1071	93	1	0.88795354	3.34719844
1017	1071	93	2	1.23447135	4.82747692
1017	1071	93	3	0.16038956	1.37761877
1017	1071	93	4	2.91970312	12.96392722
1017	1071	93	5	0.18247866	0.76565345
1017	1071	93	6	3.40026829	12.91751940
1017	1071	93	7	1.75095985	11.86496741
1017	1071	93	8	0.24592798	0.88649404
1017	1071	93	9	1.20158881	6.25638268
1017	1071	93	10	0.05437585	0.19683857
1017	1071	93	11	1.54697989	11.84758401
1017	1071	93	12	1.59951683	8.41332257
1017	1071	93	13	1.80672152	9.26057252
1017	1071	93	14	2.70241552	29.40539997
1017	1071	93	15	0.15097991	0.78877691
1017	1071	93	16	0.61197954	3.35786878
1017	1071	93	17	0.14899783	1.86451369
1017	1071	93	18	0.11967176	0.52853171
1017	1071	93	19	1.08670685	20.39163106
1017	1071	94	0	1.09192002	6.67502730
1017	1071	94	1	0.88801353	3.34770382
1017	1071	94	2	1.23415659	4.82600030
1017	1071	94	3	0.16047815	1.37731966
1017	1071	94	4	2.92222287	12.97801694
1017	1071	94	5	0.18240882	0.76502930
1017	1071	94	6	3.40148824	12.92390781
1017	1071	94	7	1.74897774	11.84805763
1017	1071	94	8	0.24563868	0.88472137
1017	1071	94	9	1.20196582	6.25838939
1017	1071	94	10	0.05435978	0.19670199
1017	1071	94	11	1.54618698	11.83700826
1017	1071	94	12	1.59990391	8.41773876
1017	1071	94	13	1.80667612	9.26053095
1017	1071	94	14	2.70245021	29.40706642
1017	1071	94	15	0.15093172	0.78814266
1017	1071	94	16	0.61198663	3.35807636
1017	1071	94	17	0.14897707	1.86316206
1017	1071	94	18	0.11960666	0.52804183
1017	1071	94	19	1.08673031	20.40177473
1017	1071	95	0	1.09170266	6.67465974
1017	1071	95	1	0.88805749	3.34813520
1017	1071	95	2	1.23386948	4.82458697
1017	1071	95	3	0.16056753	1.37714402
1017	1071	95	4	2.92450437	12.99146847
1017	1071	95	5	0.18235523	0.76448457
1017	1071	95	6	3.40256828	12.92983771
1017	1071	95	7	1.74722011	11.83168527
1017	1071	95	8	0.24540143	0.88315472
1017	1071	95	9	1.20231458	6.26038833
1017	1071	95	10	0.05434850	0.19658716
1017	1071	95	11	1.54553025	11.82702996
1017	1071	95	12	1.60021031	8.42170475
1017	1071	95	13	1.80662935	9.26045209
1017	1071	95	14	2.70247459	29.40861451
1017	1071	95	15	0.15089592	0.78758213
1017	1071	95	16	0.61198966	3.35825321
1017	1071	95	17	0.14896709	1.86189866
1017	1071	95	18	0.11955219	0.52759821
1017	1071	95	19	1.08674724	20.41140634
1017	1071	96	0	1.09148706	6.67413497
1017	1071	96	1	0.88808688	3.34849616
1017	1071	96	2	1.23361041	4.82324837
1017	1071	96	3	0.16065636	1.37707825
1017	1071	96	4	2.92654777	13.00418660
1017	1071	96	5	0.18231653	0.76401653
1017	1071	96	6	3.40351206	12.93528966
1017	1071	96	7	1.74568172	11.81599475
1017	1071	96	8	0.24521267	0.88178857
1017	1071	96	9	1.20263392	6.26235277
1017	1071	96	10	0.05434155	0.19649285
1017	1071	96	11	1.54500127	11.81770674
1017	1071	96	12	1.60044232	8.42522523
1017	1071	96	13	1.80658202	9.26034185
1017	1071	96	14	2.70248966	29.41004479
1017	1071	96	15	0.15087140	0.78709354
1017	1071	96	16	0.61198909	3.35840086
1017	1071	96	17	0.14896665	1.86072716
1017	1071	96	18	0.11950773	0.52720099
1017	1071	96	19	1.08675826	20.42054639
1017	1071	97	0	1.09127598	6.67348047
1017	1071	97	1	0.88810318	3.34879082
1017	1071	97	2	1.23337934	4.82199342
1017	1071	97	3	0.16074347	1.37710898
1017	1071	97	4	2.92835640	13.01609760
1017	1071	97	5	0.18229133	0.76362171
1017	1071	97	6	3.40432457	12.94025298
1017	1071	97	7	1.74435506	11.80110371
1017	1071	97	8	0.24506868	0.88061538
1017	1071	97	9	1.20292321	6.26425989
1017	1071	97	10	0.05433846	0.19641771
1017	1071	97	11	1.54459088	11.80908022
1017	1071	97	12	1.60060640	8.42831025
1017	1071	97	13	1.80653487	9.26020579
1017	1071	97	14	2.70249640	29.41135877
1017	1071	97	15	0.15085706	0.78667435
1017	1071	97	16	0.61198541	3.35852104
1017	1071	97	17	0.14897453	1.85964969
1017	1071	97	18	0.11947260	0.52684961
1017	1071	97	19	1.08676396	20.42921492
1017	1071	98	0	1.09107178	6.67272200
1017	1071	98	1	0.88810783	3.34902365
1017	1071	98	2	1.23317584	4.82082869
1017	1071	98	3	0.16082788	1.37722323
1017	1071	98	4	2.92993634	13.02714762
1017	1071	98	5	0.18227824	0.76329611
1017	1071	98	6	3.40501192	12.94472476
1017	1071	98	7	1.74323070	11.78710477
1017	1071	98	8	0.24496561	0.87962601
1017	1071	98	9	1.20318234	6.26609064
1017	1071	98	10	0.05433879	0.19636029
1017	1071	98	11	1.54428945	11.80117741
1017	1071	98	12	1.60070914	8.43097446
1017	1071	98	13	1.80648852	9.26004912
1017	1071	98	14	2.70249579	29.41255880
1017	1071	98	15	0.15085177	0.78632139
1017	1071	98	16	0.61197906	3.35861565
1017	1071	98	17	0.14898954	1.85866697
1017	1071	98	18	0.11944609	0.52654299
1017	1071	98	19	1.08676496	20.43743149
1017	1071	99	0	1.09087640	6.67188344
1017	1071	99	1	0.88810228	3.34919940
1017	1071	99	2	1.23299916	4.81975866
1017	1071	99	3	0.16090876	1.37740857
1017	1071	99	4	2.93129595	13.03730093
1017	1071	99	5	0.18227588	0.76303529
1017	1071	99	6	3.40558113	12.94870901
1017	1071	99	7	1.74229767	11.77406730
1017	1071	99	8	0.24489953	0.87881001
1017	1071	99	9	1.20341161	6.26782949
1017	1071	99	10	0.05434209	0.19631911
1017	1071	99	11	1.54408708	11.79401212
1017	1071	99	12	1.60075708	8.43323630
1017	1071	99	13	1.80644352	9.25987667
1017	1071	99	14	2.70248879	29.41364801
1017	1071	99	15	0.15085445	0.78603099
1017	1071	99	16	0.61197047	3.35868667
1017	1071	99	17	0.14901057	1.85777852
1017	1071	99	18	0.11942744	0.52627957
1017	1071	99	19	1.08676185	20.44521528
1017	1071	100	0	1.09069141	6.67098672
1017	1071	100	1	0.88808791	3.34932300
1017	1071	100	2	1.23284828	4.81878591
1017	1071	100	3	0.16098545	1.37765317
1017	1071	100	4	2.93244551	13.04653818
1017	1071	100	5	0.18228291	0.76283448
1017	1071	100	6	3.40603989	12.95221566
1017	1071	100	7	1.74154383	11.76203937
1017	1071	100	8	0.24486654	0.87815594
1017	1071	100	9	1.20361171	6.26946421
1017	1071	100	10	0.05434794	0.19629263
1017	1071	100	11	1.54397374	11.78758645
1017	1071	100	12	1.60075671	8.43511725
1017	1071	100	13	1.80640031	9.25969286
1017	1071	100	14	2.70247631	29.41463018
1017	1071	100	15	0.15086404	0.78579909
1017	1071	100	16	0.61196005	3.35873617
1017	1071	100	17	0.14903656	1.85698274
1017	1071	100	18	0.11941591	0.52605739
1017	1071	100	19	1.08675519	20.45258501
1017	1071	101	0	1.09051803	6.67005174
1017	1071	101	1	0.88806606	3.34939947
1017	1071	101	2	1.23272195	4.81791132
1017	1071	101	3	0.16105743	1.37794593
1017	1071	101	4	2.93339682	13.05485464
1017	1071	101	5	0.18229802	0.76268873
1017	1071	101	6	3.40639638	12.95525976
1017	1071	101	7	1.74095613	11.75104974
1017	1071	101	8	0.24486279	0.87765164
1017	1071	101	9	1.20378363	6.27098559
1017	1071	101	10	0.05435591	0.19627933
1017	1071	101	11	1.54393945	11.78189220
1017	1071	101	12	1.60071430	8.43664122
1017	1071	101	13	1.80635927	9.25950171
1017	1071	101	14	2.70245924	29.41550966
1017	1071	101	15	0.15087951	0.78562135
1017	1071	101	16	0.61194818	3.35876622
1017	1071	101	17	0.14906650	1.85627711
1017	1071	101	18	0.11941073	0.52587419
1017	1071	101	19	1.08674554	20.45955901
1017	1071	102	0	1.09035718	6.66909639
1017	1071	102	1	0.88803798	3.34943381
1017	1071	102	2	1.23261874	4.81713432
1017	1071	102	3	0.16112430	1.37827653
1017	1071	102	4	2.93416285	13.06225844
1017	1071	102	5	0.18231996	0.76259293
1017	1071	102	6	3.40665913	12.95786055
1017	1071	102	7	1.74052096	11.74110987
1017	1071	102	8	0.24488451	0.87728450
1017	1071	102	9	1.20392863	6.27238719
1017	1071	102	10	0.05436564	0.19627768
1017	1071	102	11	1.54397442	11.77691226
1017	1071	102	12	1.60063592	8.43783384
1017	1071	102	13	1.80632067	9.25930680
1017	1071	102	14	2.70243839	29.41629130
1017	1071	102	15	0.15089990	0.78549325
1017	1071	102	16	0.61193521	3.35877893
1017	1071	102	17	0.14909948	1.85565833
1017	1071	102	18	0.11941115	0.52572746
1017	1071	102	19	1.08673341	20.46615516
1017	1071	103	0	1.09020947	6.66813652
1017	1071	103	1	0.88800487	3.34943096
1017	1071	103	2	1.23253710	4.81645303
1017	1071	103	3	0.16118580	1.37863543
1017	1071	103	4	2.93475740	13.06876884
1017	1071	103	5	0.18234755	0.76254199
1017	1071	103	6	3.40683682	12.96004078
1017	1071	103	7	1.74022436	11.73221585
1017	1071	103	8	0.24492810	0.87704166
1017	1071	103	9	1.20404818	6.27366505
1017	1071	103	10	0.05437676	0.19628623
1017	1071	103	11	1.54406916	11.77262198
1017	1071	103	12	1.60052732	8.43872197
1017	1071	103	13	1.80628476	9.25911133
1017	1071	103	14	2.70241454	29.41698029
1017	1071	103	15	0.15092429	0.78541016
1017	1071	103	16	0.61192145	3.35877635
1017	1071	103	17	0.14913466	1.85512243
1017	1071	103	18	0.11941645	0.52561451
1017	1071	103	19	1.08671929	20.47239095
1017	1071	104	0	1.09007526	6.66718601
1017	1071	104	1	0.88796783	3.34939576
1017	1071	104	2	1.23247537	4.81586454
1017	1071	104	3	0.16124176	1.37901397
1017	1071	104	4	2.93519485	13.07441462
1017	1071	104	5	0.18237969	0.76253082
1017	1071	104	6	3.40693816	12.96182587
1017	1071	104	7	1.74005231	11.72435044
1017	1071	104	8	0.24499009	0.87691026
1017	1071	104	9	1.20414391	6.27481745
1017	1071	104	10	0.05438894	0.19630352
1017	1071	104	11	1.54421456	11.76899047
1017	1071	104	12	1.60039396	8.43933312
1017	1071	104	13	1.80625166	9.25891808
1017	1071	104	14	2.70238840	29.41758216
1017	1071	104	15	0.15095184	0.78536743
1017	1071	104	16	0.61190720	3.35876049
1017	1071	104	17	0.14917127	1.85466492
1017	1071	104	18	0.11942593	0.52553254
1017	1071	104	19	1.08670363	20.47828341
1017	1071	105	0	1.08995466	6.66625683
1017	1071	105	1	0.88792787	3.34933285
1017	1071	105	2	1.23243184	4.81536498
1017	1071	105	3	0.16129211	1.37940430
1017	1071	105	4	2.93548984	13.07923245
1017	1071	105	5	0.18241534	0.76255446
1017	1071	105	6	3.40697178	12.96324330
1017	1071	105	7	1.73999087	11.71748491
1017	1071	105	8	0.24506723	0.87687757
1017	1071	105	9	1.20421756	6.27584462
1017	1071	105	10	0.05440188	0.19632821
1017	1071	105	11	1.54440200	11.76598179
1017	1071	105	12	1.60024090	8.43969504
1017	1071	105	13	1.80622149	9.25872944
1017	1071	105	14	2.70236063	29.41810261
1017	1071	105	15	0.15098175	0.78536046
1017	1071	105	16	0.61189272	3.35873326
1017	1071	105	17	0.14920862	1.85428091
1017	1071	105	18	0.11943892	0.52547869
1017	1071	105	19	1.08668684	20.48384911
1017	1071	106	0	1.08984759	6.66535909
1017	1071	106	1	0.88788592	3.34924666
1017	1071	106	2	1.23240476	4.81494979
1017	1071	106	3	0.16133689	1.37979947
1017	1071	106	4	2.93565706	13.08326545
1017	1071	106	5	0.18245357	0.76260810
1017	1071	106	6	3.40694611	12.96432194
1017	1071	106	7	1.74002639	11.71158090
1017	1071	106	8	0.24515649	0.87693116
1017	1071	106	9	1.20427097	6.27674849
1017	1071	106	10	0.05441530	0.19635900
1017	1071	106	11	1.54462337	11.76355608
1017	1071	106	12	1.60007284	8.43983528
1017	1071	106	13	1.80619429	9.25854744
1017	1071	106	14	2.70233183	29.41854749
1017	1071	106	15	0.15101331	0.78538474
1017	1071	106	16	0.61187823	3.35869651
1017	1071	106	17	0.14924609	1.85396521
1017	1071	106	18	0.11945478	0.52545007
1017	1071	106	19	1.08666931	20.48910420
1017	1071	107	0	1.08975379	6.66450119
1017	1071	107	1	0.88784282	3.34914138
1017	1071	107	2	1.23239240	4.81461382
1017	1071	107	3	0.16137619	1.38019332
1017	1071	107	4	2.93571105	13.08656175
1017	1071	107	5	0.18249352	0.76268715
1017	1071	107	6	3.40686929	12.96509151
1017	1071	107	7	1.74014567	11.70659211
1017	1071	107	8	0.24525503	0.87705902
1017	1071	107	9	1.20430599	6.27753246
1017	1071	107	10	0.05442895	0.19639468
1017	1071	107	11	1.54487115	11.76167064
1017	1071	107	12	1.59989406	8.43978087
1017	1071	107	13	1.80617004	9.25837374
1017	1071	107	14	2.70230251	29.41892271
1017	1071	107	15	0.15104587	0.78543591
1017	1071	107	16	0.61186394	3.35865197
1017	1071	107	17	0.14928316	1.85371244
1017	1071	107	18	0.11947293	0.52544381
1017	1071	107	19	1.08665136	20.49406430
1017	1071	108	0	1.08967285	6.66368988
1017	1071	108	1	0.88779932	3.34902091
1017	1071	108	2	1.23239301	4.81435150
1017	1071	108	3	0.16141016	1.38058053
1017	1071	108	4	2.93566600	13.08917323
1017	1071	108	5	0.18253440	0.76278723
1017	1071	108	6	3.40674912	12.96558208
1017	1071	108	7	1.74033606	11.70246592
1017	1071	108	8	0.24536029	0.87724971
1017	1071	108	9	1.20432451	6.27820113
1017	1071	108	10	0.05444261	0.19643412
1017	1071	108	11	1.54513844	11.76028085
1017	1071	108	12	1.59970845	8.43955800
1017	1071	108	13	1.80614871	9.25820968
1017	1071	108	14	2.70227315	29.41923414
1017	1071	108	15	0.15107885	0.78550981
1017	1071	108	16	0.61185002	3.35860125
1017	1071	108	17	0.14931936	1.85351713
1017	1071	108	18	0.11949283	0.52545713
1017	1071	108	19	1.08663330	20.49874459
1017	1071	109	0	1.08960424	6.66293039
1017	1071	109	1	0.88775605	3.34888887
1017	1071	109	2	1.23240494	4.81415696
1017	1071	109	3	0.16143903	1.38095655
1017	1071	109	4	2.93553562	13.09115436
1017	1071	109	5	0.18257554	0.76290427
1017	1071	109	6	3.40659296	12.96582358
1017	1071	109	7	1.74058559	11.69914492
1017	1071	109	8	0.24546993	0.87749238
1017	1071	109	9	1.20432840	6.27876012
1017	1071	109	10	0.05445610	0.19647631
1017	1071	109	11	1.54541896	11.75934107
1017	1071	109	12	1.59951949	8.43919178
1017	1071	109	13	1.80613022	9.25805630
1017	1071	109	14	2.70224417	29.41948761
1017	1071	109	15	0.15111175	0.78560249
1017	1071	109	16	0.61183662	3.35854586
1017	1071	109	17	0.14935431	1.85337376
1017	1071	109	18	0.11951396	0.52548732
1017	1071	109	19	1.08661539	20.50315973
1017	1071	110	0	1.08954731	6.66222657
1017	1071	110	1	0.88771360	3.34874857
1017	1071	110	2	1.23242655	4.81402416
1017	1071	110	3	0.16146305	1.38131758
1017	1071	110	4	2.93533300	13.09256107
1017	1071	110	5	0.18261634	0.76303445
1017	1071	110	6	3.40640772	12.96584547
1017	1071	110	7	1.74088300	11.69656827
1017	1071	110	8	0.24558184	0.87777687
1017	1071	110	9	1.20431950	6.27921583
1017	1071	110	10	0.05446925	0.19652030
1017	1071	110	11	1.54570704	11.75880534
1017	1071	110	12	1.59933025	8.43870603
1017	1071	110	13	1.80611445	9.25791435
1017	1071	110	14	2.70221591	29.41968883
1017	1071	110	15	0.15114412	0.78571025
1017	1071	110	16	0.61182385	3.35848716
1017	1071	110	17	0.14938768	1.85327691
1017	1071	110	18	0.11953589	0.52553178
1017	1071	110	19	1.08659786	20.50732387
1017	1071	111	0	1.08950135	6.66158099
1017	1071	111	1	0.88767244	3.34860302
1017	1071	111	2	1.23245631	4.81394696
1017	1071	111	3	0.16148252	1.38166052
1017	1071	111	4	2.93507052	13.09344988
1017	1071	111	5	0.18265627	0.76317431
1017	1071	111	6	3.40619981	12.96567637
1017	1071	111	7	1.74121786	11.69467295
1017	1071	111	8	0.24569418	0.87809379
1017	1071	111	9	1.20429956	6.27957525
1017	1071	111	10	0.05448192	0.19656526
1017	1071	111	11	1.54599767	11.75862813
1017	1071	111	12	1.59914341	8.43812313
1017	1071	111	13	1.80610128	9.25778434
1017	1071	111	14	2.70218868	29.41984330
1017	1071	111	15	0.15117557	0.78582966
1017	1071	111	16	0.61181181	3.35842638
1017	1071	111	17	0.14941922	1.85322124
1017	1071	111	18	0.11955820	0.52558805
1017	1071	111	19	1.08658091	20.51125063
1017	1071	112	0	1.08946559	6.66099510
1017	1071	112	1	0.88763298	3.34845490
1017	1071	112	2	1.23249274	4.81391929
1017	1071	112	3	0.16149774	1.38198292
1017	1071	112	4	2.93475978	13.09387700
1017	1071	112	5	0.18269489	0.76332064
1017	1071	112	6	3.40597512	12.96534379
1017	1071	112	7	1.74158058	11.69339490
1017	1071	112	8	0.24580531	0.87843449
1017	1071	112	9	1.20427029	6.27984581
1017	1071	112	10	0.05449400	0.19661044
1017	1071	112	11	1.54628645	11.75876485
1017	1071	112	12	1.59896126	8.43746390
1017	1071	112	13	1.80609056	9.25766651
1017	1071	112	14	2.70216271	29.41995635
1017	1071	112	15	0.15120580	0.78595758
1017	1071	112	16	0.61180057	3.35836463
1017	1071	112	17	0.14944872	1.85320159
1017	1071	112	18	0.11958053	0.52565385
1017	1071	112	19	1.08656469	20.51495314
1017	1071	113	0	1.08943920	6.66046931
1017	1071	113	1	0.88759555	3.34830659
1017	1071	113	2	1.23253450	4.81393513
1017	1071	113	3	0.16150905	1.38228293
1017	1071	113	4	2.93441151	13.09389765
1017	1071	113	5	0.18273185	0.76347061
1017	1071	113	6	3.40573899	12.96487390
1017	1071	113	7	1.74196242	11.69266999
1017	1071	113	8	0.24591385	0.87879113
1017	1071	113	9	1.20423328	6.28003523
1017	1071	113	10	0.05450539	0.19665518
1017	1071	113	11	1.54656958	11.75917237
1017	1071	113	12	1.59878574	8.43674751
1017	1071	113	13	1.80608211	9.25756095
1017	1071	113	14	2.70213821	29.42003306
1017	1071	113	15	0.15123454	0.78609114
1017	1071	113	16	0.61179018	3.35830289
1017	1071	113	17	0.14947603	1.85321303
1017	1071	113	18	0.11960258	0.52572702
1017	1071	113	19	1.08654934	20.51844395
1017	1071	114	0	1.08942135	6.66000318
1017	1071	114	1	0.88756040	3.34816017
1017	1071	114	2	1.23258031	4.81398868
1017	1071	114	3	0.16151680	1.38255926
1017	1071	114	4	2.93403557	13.09356540
1017	1071	114	5	0.18276683	0.76362166
1017	1071	114	6	3.40549625	12.96429134
1017	1071	114	7	1.74235551	11.69243493
1017	1071	114	8	0.24601861	0.87915665
1017	1071	114	9	1.20419006	6.28015133
1017	1071	114	10	0.05451604	0.19669893
1017	1071	114	11	1.54684382	11.75980945
1017	1071	114	12	1.59861845	8.43599142
1017	1071	114	13	1.80607576	9.25746753
1017	1071	114	14	2.70211533	29.42007821
1017	1071	114	15	0.15126158	0.78622776
1017	1071	114	16	0.61178069	3.35824202
1017	1071	114	17	0.14950106	1.85325086
1017	1071	114	18	0.11962408	0.52580560
1017	1071	114	19	1.08653496	20.52173512
1017	1071	115	0	1.08941117	6.65959546
1017	1071	115	1	0.88752772	3.34801742
1017	1071	115	2	1.23262903	4.81407433
1017	1071	115	3	0.16152135	1.38281112
1017	1071	115	4	2.93364091	13.09293169
1017	1071	115	5	0.18279960	0.76377157
1017	1071	115	6	3.40525117	12.96361910
1017	1071	115	7	1.74275287	11.69262799
1017	1071	115	8	0.24611861	0.87952480
1017	1071	115	9	1.20414201	6.28020194
1017	1071	115	10	0.05452588	0.19674121
1017	1071	115	11	1.54710650	11.76063701
1017	1071	115	12	1.59846066	8.43521139
1017	1071	115	13	1.80607133	9.25738599
1017	1071	115	14	2.70209417	29.42009634
1017	1071	115	15	0.15128677	0.78636517
1017	1071	115	16	0.61177210	3.35818274
1017	1071	115	17	0.14952376	1.85331067
1017	1071	115	18	0.11964479	0.52588782
1017	1071	115	19	1.08652161	20.52483815
1017	1071	116	0	1.08940783	6.65924429
1017	1071	116	1	0.88749766	3.34787985
1017	1071	116	2	1.23267961	4.81418677
1017	1071	116	3	0.16152303	1.38303814
1017	1071	116	4	2.93323557	13.09204534
1017	1071	116	5	0.18283001	0.76391841
1017	1071	116	6	3.40500749	12.96287839
1017	1071	116	7	1.74314836	11.69318965
1017	1071	116	8	0.24621308	0.87989009
1017	1071	116	9	1.20409041	6.28019479
1017	1071	116	10	0.05453488	0.19678162
1017	1071	116	11	1.54735544	11.76161846
1017	1071	116	12	1.59831333	8.43442146
1017	1071	116	13	1.80606863	9.25731593
1017	1071	116	14	2.70207480	29.42009164
1017	1071	116	15	0.15131000	0.78650136
1017	1071	116	16	0.61176442	3.35812567
1017	1071	116	17	0.14954411	1.85338835
1017	1071	116	18	0.11966454	0.52597205
1017	1071	116	19	1.08650936	20.52776401
1017	1071	117	0	1.08941049	6.65894725
1017	1071	117	1	0.88747029	3.34774868
1017	1071	117	2	1.23273110	4.81432101
1017	1071	117	3	0.16152221	1.38324037
1017	1071	117	4	2.93282667	13.09095231
1017	1071	117	5	0.18285793	0.76406053
1017	1071	117	6	3.40476848	12.96208862
1017	1071	117	7	1.74353666	11.69406310
1017	1071	117	8	0.24630141	0.88024778
1017	1071	117	9	1.20403645	6.28013742
1017	1071	117	10	0.05454303	0.19681984
1017	1071	117	11	1.54758895	11.76271983
1017	1071	117	12	1.59817719	8.43363396
1017	1071	117	13	1.80606748	9.25725684
1017	1071	117	14	2.70205727	29.42006801
1017	1071	117	15	0.15133120	0.78663459
1017	1071	117	16	0.61175764	3.35807132
1017	1071	117	17	0.14956213	1.85348012
1017	1071	117	18	0.11968316	0.52605688
1017	1071	117	19	1.08649823	20.53052315
1017	1071	118	0	1.08941834	6.65870147
1017	1071	118	1	0.88744564	3.34762492
1017	1071	118	2	1.23278269	4.81447236
1017	1071	118	3	0.16151920	1.38341818
1017	1071	118	4	2.93242048	13.08969536
1017	1071	118	5	0.18288329	0.76419659
1017	1071	118	6	3.40453688	12.96126734
1017	1071	118	7	1.74391325	11.69519471
1017	1071	118	8	0.24638316	0.88059385
1017	1071	118	9	1.20398117	6.28003709
1017	1071	118	10	0.05455032	0.19685562
1017	1071	118	11	1.54780576	11.76390991
1017	1071	118	12	1.59805268	8.43285963
1017	1071	118	13	1.80606770	9.25720813
1017	1071	118	14	2.70204159	29.42002901
1017	1071	118	15	0.15135033	0.78676342
1017	1071	118	16	0.61175173	3.35802009
1017	1071	118	17	0.14957787	1.85358251
1017	1071	118	18	0.11970056	0.52614105
1017	1071	118	19	1.08648823	20.53312549
1017	1071	119	0	1.08943060	6.65850376
1017	1071	119	1	0.88742371	3.34750933
1017	1071	119	2	1.23283363	4.81463656
1017	1071	119	3	0.16151433	1.38357224
1017	1071	119	4	2.93202238	13.08831394
1017	1071	119	5	0.18290608	0.76432548
1017	1071	119	6	3.40431499	12.96043024
1017	1071	119	7	1.74427435	11.69653430
1017	1071	119	8	0.24645804	0.88092498
1017	1071	119	9	1.20392550	6.27990072
1017	1071	119	10	0.05455676	0.19688878
1017	1071	119	11	1.54800501	11.76516034
1017	1071	119	12	1.59794003	8.43210759
1017	1071	119	13	1.80606910	9.25716915
1017	1071	119	14	2.70202772	29.41997792
1017	1071	119	15	0.15136739	0.78688661
1017	1071	119	16	0.61174667	3.35797229
1017	1071	119	17	0.14959141	1.85369239
1017	1071	119	18	0.11971664	0.52622348
1017	1071	119	19	1.08647936	20.53558045
1017	1071	120	0	1.08944654	6.65835066
1017	1071	120	1	0.88740445	3.34740245
1017	1071	120	2	1.23288332	4.81480965
1017	1071	120	3	0.16150792	1.38370347
1017	1071	120	4	2.93163695	13.08684404
1017	1071	120	5	0.18292630	0.76444632
1017	1071	120	6	3.40410467	12.95959118
1017	1071	120	7	1.74461692	11.69803540
1017	1071	120	8	0.24652589	0.88123847
1017	1071	120	9	1.20387027	6.27973483
1017	1071	120	10	0.05456238	0.19691921
1017	1071	120	11	1.54818618	11.76644563
1017	1071	120	12	1.59783930	8.43138549
1017	1071	120	13	1.80607152	9.25713917
1017	1071	120	14	2.70201563	29.41991764
1017	1071	120	15	0.15138243	0.78700319
1017	1071	120	16	0.61174242	3.35792814
1017	1071	120	17	0.14960283	1.85380693
1017	1071	120	18	0.11973135	0.52630325
1017	1071	120	19	1.08647159	20.53789692
1017	1071	121	0	1.08946546	6.65823856
1017	1071	121	1	0.88738778	3.34730464
1017	1071	121	2	1.23293122	4.81498812
1017	1071	121	3	0.16150024	1.38381298
1017	1071	121	4	2.93126798	13.08531816
1017	1071	121	5	0.18294401	0.76455849
1017	1071	121	6	3.40390737	12.95876225
1017	1071	121	7	1.74493854	11.69965540
1017	1071	121	8	0.24658667	0.88153220
1017	1071	121	9	1.20381619	6.27954551
1017	1071	121	10	0.05456719	0.19694682
1017	1071	121	11	1.54834909	11.76774313
1017	1071	121	12	1.59775035	8.43069956
1017	1071	121	13	1.80607478	9.25711745
1017	1071	121	14	2.70200526	29.41985082
1017	1071	121	15	0.15139548	0.78711239
1017	1071	121	16	0.61173893	3.35788778
1017	1071	121	17	0.14961226	1.85392367
1017	1071	121	18	0.11974467	0.52637960
1017	1071	121	19	1.08646489	20.54008333
1017	1071	122	0	1.08948671	6.65816372
1017	1071	122	1	0.88737360	3.34721610
1017	1071	122	2	1.23297690	4.81516880
1017	1071	122	3	0.16149157	1.38390203
1017	1071	122	4	2.93091855	13.08376531
1017	1071	122	5	0.18295929	0.76466155
1017	1071	122	6	3.40372418	12.95795381
1017	1071	122	7	1.74523742	11.70135565
1017	1071	122	8	0.24664043	0.88180464
1017	1071	122	9	1.20376384	6.27933841
1017	1071	122	10	0.05457125	0.19697160
1017	1071	122	11	1.54849383	11.76903296
1017	1071	122	12	1.59767290	8.43005472
1017	1071	122	13	1.80607874	9.25710324
1017	1071	122	14	2.70199653	29.41977976
1017	1071	122	15	0.15140662	0.78721365
1017	1071	122	16	0.61173616	3.35785129
1017	1071	122	17	0.14961982	1.85404043
1017	1071	122	18	0.11975658	0.52645190
1017	1071	122	19	1.08645921	20.54214760
1017	1071	123	0	1.08950971	6.65812238
1017	1071	123	1	0.88736179	3.34713686
1017	1071	123	2	1.23302001	4.81534890
1017	1071	123	3	0.16148215	1.38397203
1017	1071	123	4	2.93059107	13.08221107
1017	1071	123	5	0.18297223	0.76475524
1017	1071	123	6	3.40355585	12.95717459
1017	1071	123	7	1.74551230	11.70310143
1017	1071	123	8	0.24668734	0.88205473
1017	1071	123	9	1.20371375	6.27911867
1017	1071	123	10	0.05457458	0.19699357
1017	1071	123	11	1.54862073	11.77029795
1017	1071	123	12	1.59760655	8.42945470
1017	1071	123	13	1.80608325	9.25709575
1017	1071	123	14	2.70198935	29.41970650
1017	1071	123	15	0.15141594	0.78730659
1017	1071	123	16	0.61173404	3.35781866
1017	1071	123	17	0.14962565	1.85415533
1017	1071	123	18	0.11976711	0.52651968
1017	1071	123	19	1.08645450	20.54409722
1017	1071	124	0	1.08953390	6.65811080
1017	1071	124	1	0.88735220	3.34706681
1017	1071	124	2	1.23306029	4.81552600
1017	1071	124	3	0.16147222	1.38402444
1017	1071	124	4	2.93028729	13.08067770
1017	1071	124	5	0.18298296	0.76483946
1017	1071	124	6	3.40340282	12.95643177
1017	1071	124	7	1.74576243	11.70486198
1017	1071	124	8	0.24672763	0.88228185
1017	1071	124	9	1.20366630	6.27889097
1017	1071	124	10	0.05457723	0.19701279
1017	1071	124	11	1.54873031	11.77152354
1017	1071	124	12	1.59755079	8.42890208
1017	1071	124	13	1.80608818	9.25709424
1017	1071	124	14	2.70198363	29.41963279
1017	1071	124	15	0.15142356	0.78739100
1017	1071	124	16	0.61173252	3.35778986
1017	1071	124	17	0.14962989	1.85426679
1017	1071	124	18	0.11977629	0.52658258
1017	1071	124	19	1.08645071	20.54593920
1017	1071	125	0	1.08955881	6.65812531
1017	1071	125	1	0.88734469	3.34700575
1017	1071	125	2	1.23309755	4.81569804
1017	1071	125	3	0.16146197	1.38406081
1017	1071	125	4	2.93000844	13.07918423
1017	1071	125	5	0.18299161	0.76491427
1017	1071	125	6	3.40326527	12.95573108
1017	1071	125	7	1.74598751	11.70661033
1017	1071	125	8	0.24676158	0.88248579
1017	1071	125	9	1.20362183	6.27865949
1017	1071	125	10	0.05457927	0.19702935
1017	1071	125	11	1.54882329	11.77269759
1017	1071	125	12	1.59750504	8.42839847
1017	1071	125	13	1.80609340	9.25709796
1017	1071	125	14	2.70197924	29.41956013
1017	1071	125	15	0.15142958	0.78746679
1017	1071	125	16	0.61173156	3.35776480
1017	1071	125	17	0.14963268	1.85437350
1017	1071	125	18	0.11978415	0.52664036
1017	1071	125	19	1.08644776	20.54768014
1017	1071	126	0	1.08958398	6.65816235
1017	1071	126	1	0.88733909	3.34695337
1017	1071	126	2	1.23313165	4.81586329
1017	1071	126	3	0.16145159	1.38408269
1017	1071	126	4	2.92975523	13.07774664
1017	1071	126	5	0.18299833	0.76497984
1017	1071	126	6	3.40314311	12.95507693
1017	1071	126	7	1.74618761	11.70832327
1017	1071	126	8	0.24678954	0.88266670
1017	1071	126	9	1.20358055	6.27842791
1017	1071	126	10	0.05458072	0.19704335
1017	1071	126	11	1.54890052	11.77381027
1017	1071	126	12	1.59746865	8.42794460
1017	1071	126	13	1.80609881	9.25710617
1017	1071	126	14	2.70197609	29.41948975
1017	1071	126	15	0.15143412	0.78753403
1017	1071	126	16	0.61173108	3.35774333
1017	1071	126	17	0.14963417	1.85447439
1017	1071	126	18	0.11979077	0.52669287
1017	1071	126	19	1.08644559	20.54932622
1017	1071	127	0	1.08960905	6.65821850
1017	1071	127	1	0.88733522	3.34690927
1017	1071	127	2	1.23316253	4.81602034
1017	1071	127	3	0.16144124	1.38409163
1017	1071	127	4	2.92952790	13.07637804
1017	1071	127	5	0.18300328	0.76503645
1017	1071	127	6	3.40303609	12.95447249
1017	1071	127	7	1.74636317	11.70998108
1017	1071	127	8	0.24681188	0.88282501
1017	1071	127	9	1.20354263	6.27819945
1017	1071	127	10	0.05458167	0.19705493
1017	1071	127	11	1.54896294	11.77485390
1017	1071	127	12	1.59744091	8.42754038
1017	1071	127	13	1.80610431	9.25711819
1017	1071	127	14	2.70197406	29.41942269
1017	1071	127	15	0.15143731	0.78759289
1017	1071	127	16	0.61173104	3.35772530
1017	1071	127	17	0.14963451	1.85456865
1017	1071	127	18	0.11979622	0.52674006
1017	1071	127	19	1.08644413	20.55088323
1017	1071	128	0	1.08963367	6.65829054
1017	1071	128	1	0.88733293	3.34687300
1017	1071	128	2	1.23319018	4.81616805
1017	1071	128	3	0.16143105	1.38408918
1017	1071	128	4	2.92932631	13.07508886
1017	1071	128	5	0.18300662	0.76508448
1017	1071	128	6	3.40294374	12.95391984
1017	1071	128	7	1.74651488	11.71156743
1017	1071	128	8	0.24682903	0.88296144
1017	1071	128	9	1.20350817	6.27797688
1017	1071	128	10	0.05458214	0.19706424
1017	1071	128	11	1.54901160	11.77582275
1017	1071	128	12	1.59742111	8.42718507
1017	1071	128	13	1.80610980	9.25713335
1017	1071	128	14	2.70197302	29.41935974
1017	1071	128	15	0.15143929	0.78764363
1017	1071	128	16	0.61173137	3.35771051
1017	1071	128	17	0.14963384	1.85465564
1017	1071	128	18	0.11980055	0.52678196
1017	1071	128	19	1.08644331	20.55235657
1017	1071	129	0	1.08965756	6.65837540
1017	1071	129	1	0.88733204	3.34684406
1017	1071	129	2	1.23321463	4.81630560
1017	1071	129	3	0.16142116	1.38407683
1017	1071	129	4	2.92914998	13.07388703
1017	1071	129	5	0.18300850	0.76512435
1017	1071	129	6	3.40286547	12.95342004
1017	1071	129	7	1.74664370	11.71306913
1017	1071	129	8	0.24684140	0.88307689
1017	1071	129	9	1.20347719	6.27776253
1017	1071	129	10	0.05458220	0.19707145
1017	1071	129	11	1.54904759	11.77671289
1017	1071	129	12	1.59740850	8.42687731
1017	1071	129	13	1.80611522	9.25715105
1017	1071	129	14	2.70197287	29.41930155
1017	1071	129	15	0.15144017	0.78768659
1017	1071	129	16	0.61173203	3.35769876
1017	1071	129	17	0.14963230	1.85473495
1017	1071	129	18	0.11980387	0.52681867
1017	1071	129	19	1.08644305	20.55375131
1017	1071	130	0	1.08968049	6.65847027
1017	1071	130	1	0.88733238	3.34682190
1017	1071	130	2	1.23323595	4.81643238
1017	1071	130	3	0.16141165	1.38405603
1017	1071	130	4	2.92899814	13.07277825
1017	1071	130	5	0.18300909	0.76515657
1017	1071	130	6	3.40280056	12.95297328
1017	1071	130	7	1.74675077	11.71447590
1017	1071	130	8	0.24684944	0.88317245
1017	1071	130	9	1.20344968	6.27755829
1017	1071	130	10	0.05458191	0.19707673
1017	1071	130	11	1.54907204	11.77752200
1017	1071	130	12	1.59740232	8.42661529
1017	1071	130	13	1.80612049	9.25717072
1017	1071	130	14	2.70197350	29.41924855
1017	1071	130	15	0.15144010	0.78772218
1017	1071	130	16	0.61173297	3.35768980
1017	1071	130	17	0.14963003	1.85480633
1017	1071	130	18	0.11980626	0.52685036
1017	1071	130	19	1.08644329	20.55507216
1017	1071	131	0	1.08970226	6.65857255
1017	1071	131	1	0.88733379	3.34680596
1017	1071	131	2	1.23325425	4.81654802
1017	1071	131	3	0.16140261	1.38402814
1017	1071	131	4	2.92886976	13.07176613
1017	1071	131	5	0.18300854	0.76518167
1017	1071	131	6	3.40274821	12.95257900
1017	1071	131	7	1.74683740	11.71578014
1017	1071	131	8	0.24685360	0.88324936
1017	1071	131	9	1.20342558	6.27736571
1017	1071	131	10	0.05458130	0.19708025
1017	1071	131	11	1.54908610	11.77824918
1017	1071	131	12	1.59740184	8.42639678
1017	1071	131	13	1.80612557	9.25719182
1017	1071	131	14	2.70197479	29.41920105
1017	1071	131	15	0.15143918	0.78775085
1017	1071	131	16	0.61173413	3.35768341
1017	1071	131	17	0.14962715	1.85486967
1017	1071	131	18	0.11980779	0.52687722
1017	1071	131	19	1.08644396	20.55632351
1017	1071	132	0	1.08972272	6.65867986
1017	1071	132	1	0.88733612	3.34679565
1017	1071	132	2	1.23326966	4.81665235
1017	1071	132	3	0.16139411	1.38399447
1017	1071	132	4	2.92876362	13.07085248
1017	1071	132	5	0.18300702	0.76520023
1017	1071	132	6	3.40270753	12.95223596
1017	1071	132	7	1.74690500	11.71697667
1017	1071	132	8	0.24685431	0.88330894
1017	1071	132	9	1.20340477	6.27718595
1017	1071	132	10	0.05458043	0.19708219
1017	1071	132	11	1.54909090	11.77889483
1017	1071	132	12	1.59740634	8.42621921
1017	1071	132	13	1.80613040	9.25721388
1017	1071	132	14	2.70197665	29.41915920
1017	1071	132	15	0.15143755	0.78777310
1017	1071	132	16	0.61173547	3.35767935
1017	1071	132	17	0.14962378	1.85492503
1017	1071	132	18	0.11980856	0.52689952
1017	1071	132	19	1.08644500	20.55750947
1017	1071	133	0	1.08974176	6.65879007
1017	1071	133	1	0.88733920	3.34679040
1017	1071	133	2	1.23328235	4.81674539
1017	1071	133	3	0.16138619	1.38395622
1017	1071	133	4	2.92867837	13.07003747
1017	1071	133	5	0.18300466	0.76521282
1017	1071	133	6	3.40267759	12.95194236
1017	1071	133	7	1.74695508	11.71806252
1017	1071	133	8	0.24685202	0.88335258
1017	1071	133	9	1.20338712	6.27701984
1017	1071	133	10	0.05457935	0.19708272
1017	1071	133	11	1.54908757	11.77946039
1017	1071	133	12	1.59741510	8.42607980
1017	1071	133	13	1.80613496	9.25723648
1017	1071	133	14	2.70197896	29.41912305
1017	1071	133	15	0.15143532	0.78778944
1017	1071	133	16	0.61173695	3.35767736
1017	1071	133	17	0.14962002	1.85497256
1017	1071	133	18	0.11980867	0.52691751
1017	1071	133	19	1.08644634	20.55863386
1017	1071	134	0	1.08975929	6.65890128
1017	1071	134	1	0.88734291	3.34678962
1017	1071	134	2	1.23329248	4.81682729
1017	1071	134	3	0.16137889	1.38391452
1017	1071	134	4	2.92861252	13.06931988
1017	1071	134	5	0.18300161	0.76522004
1017	1071	134	6	3.40265742	12.95169596
1017	1071	134	7	1.74698919	11.71903666
1017	1071	134	8	0.24684713	0.88338173
1017	1071	134	9	1.20337247	6.27686793
1017	1071	134	10	0.05457810	0.19708203
1017	1071	134	11	1.54907720	11.77994827
1017	1071	134	12	1.59742747	8.42597559
1017	1071	134	13	1.80613922	9.25725922
1017	1071	134	14	2.70198166	29.41909254
1017	1071	134	15	0.15143260	0.78780041
1017	1071	134	16	0.61173853	3.35767722
1017	1071	134	17	0.14961599	1.85501249
1017	1071	134	18	0.11980818	0.52693152
1017	1071	134	19	1.08644793	20.55970022
1017	1071	135	0	1.08977526	6.65901182
1017	1071	135	1	0.88734710	3.34679276
1017	1071	135	2	1.23330025	4.81689835
1017	1071	135	3	0.16137222	1.38387037
1017	1071	135	4	2.92856449	13.06869727
1017	1071	135	5	0.18299800	0.76522249
1017	1071	135	6	3.40264606	12.95149413
1017	1071	135	7	1.74700890	11.71989976
1017	1071	135	8	0.24684004	0.88339784
1017	1071	135	9	1.20336064	6.27673051
1017	1071	135	10	0.05457671	0.19708027
1017	1071	135	11	1.54906083	11.78036164
1017	1071	135	12	1.59744281	8.42590351
1017	1071	135	13	1.80614314	9.25728178
1017	1071	135	14	2.70198463	29.41906752
1017	1071	135	15	0.15142948	0.78780655
1017	1071	135	16	0.61174017	3.35767868
1017	1071	135	17	0.14961177	1.85504517
1017	1071	135	18	0.11980719	0.52694186
1017	1071	135	19	1.08644971	20.56071187
1017	1071	136	0	1.08978966	6.65912025
1017	1071	136	1	0.88735167	3.34679926
1017	1071	136	2	1.23330585	4.81695899
1017	1071	136	3	0.16136621	1.38382472
1017	1071	136	4	2.92853268	13.06816617
1017	1071	136	5	0.18299395	0.76522074
1017	1071	136	6	3.40264254	12.95133397
1017	1071	136	7	1.74701578	11.72065397
1017	1071	136	8	0.24683114	0.88340237
1017	1071	136	9	1.20335143	6.27660760
1017	1071	136	10	0.05457522	0.19707761
1017	1071	136	11	1.54903946	11.78070430
1017	1071	136	12	1.59746052	8.42586043
1017	1071	136	13	1.80614673	9.25730387
1017	1071	136	14	2.70198782	29.41904778
1017	1071	136	15	0.15142607	0.78780840
1017	1071	136	16	0.61174185	3.35768153
1017	1071	136	17	0.14960744	1.85507100
1017	1071	136	18	0.11980577	0.52694885
1017	1071	136	19	1.08645163	20.56167190
1017	1071	137	0	1.08980249	6.65922534
1017	1071	137	1	0.88735649	3.34680860
1017	1071	137	2	1.23330948	4.81700971
1017	1071	137	3	0.16136084	1.38377837
1017	1071	137	4	2.92851545	13.06772230
1017	1071	137	5	0.18298957	0.76521536
1017	1071	137	6	3.40264589	12.95121237
1017	1071	137	7	1.74701139	11.72130269
1017	1071	137	8	0.24682079	0.88339673
1017	1071	137	9	1.20334462	6.27649905
1017	1071	137	10	0.05457367	0.19707420
1017	1071	137	11	1.54901404	11.78098054
1017	1071	137	12	1.59748005	8.42584322
1017	1071	137	13	1.80614998	9.25732524
1017	1071	137	14	2.70199115	29.41903304
1017	1071	137	15	0.15142245	0.78780647
1017	1071	137	16	0.61174354	3.35768553
1017	1071	137	17	0.14960308	1.85509041
1017	1071	137	18	0.11980400	0.52695284
1017	1071	137	19	1.08645365	20.56258316
1017	1071	138	0	1.08981377	6.65932605
1017	1071	138	1	0.88736147	3.34682029
1017	1071	138	2	1.23331136	4.81705108
1017	1071	138	3	0.16135612	1.38373207
1017	1071	138	4	2.92851119	13.06736069
1017	1071	138	5	0.18298497	0.76520688
1017	1071	138	6	3.40265520	12.95112607
1017	1071	138	7	1.74699722	11.72185035
1017	1071	138	8	0.24680931	0.88338232
1017	1071	138	9	1.20334001	6.27640450
1017	1071	138	10	0.05457209	0.19707019
1017	1071	138	11	1.54898542	11.78119505
1017	1071	138	12	1.59750091	8.42584881
1017	1071	138	13	1.80615289	9.25734568
1017	1071	138	14	2.70199455	29.41902298
1017	1071	138	15	0.15141868	0.78780129
1017	1071	138	16	0.61174521	3.35769049
1017	1071	138	17	0.14959875	1.85510390
1017	1071	138	18	0.11980195	0.52695415
1017	1071	138	19	1.08645573	20.56344833
1017	1071	139	0	1.08982354	6.65942156
1017	1071	139	1	0.88736652	3.34683386
1017	1071	139	2	1.23331166	4.81708373
1017	1071	139	3	0.16135202	1.38368644
1017	1071	139	4	2.92851829	13.06707586
1017	1071	139	5	0.18298024	0.76519583
1017	1071	139	6	3.40266957	12.95107175
1017	1071	139	7	1.74697474	11.72230225
1017	1071	139	8	0.24679701	0.88336045
1017	1071	139	9	1.20333737	6.27632347
1017	1071	139	10	0.05457050	0.19706570
1017	1071	139	11	1.54895443	11.78135274
1017	1071	139	12	1.59752262	8.42587420
1017	1071	139	13	1.80615545	9.25736505
1017	1071	139	14	2.70199796	29.41901724
1017	1071	139	15	0.15141486	0.78779335
1017	1071	139	16	0.61174684	3.35769622
1017	1071	139	17	0.14959451	1.85511197
1017	1071	139	18	0.11979968	0.52695311
1017	1071	139	19	1.08645783	20.56426990
1017	1071	140	0	1.08983187	6.65951122
1017	1071	140	1	0.88737156	3.34684888
1017	1071	140	2	1.23331061	4.81710832
1017	1071	140	3	0.16134852	1.38364204
1017	1071	140	4	2.92853520	13.06686197
1017	1071	140	5	0.18297545	0.76518270
1017	1071	140	6	3.40268815	12.95104607
1017	1071	140	7	1.74694530	11.72266433
1017	1071	140	8	0.24678416	0.88333239
1017	1071	140	9	1.20333649	6.27625534
1017	1071	140	10	0.05456892	0.19706087
1017	1071	140	11	1.54892178	11.78145870
1017	1071	140	12	1.59754479	8.42591649
1017	1071	140	13	1.80615768	9.25738319
1017	1071	140	14	2.70200135	29.41901544
1017	1071	140	15	0.15141103	0.78778310
1017	1071	140	16	0.61174842	3.35770253
1017	1071	140	17	0.14959041	1.85511516
1017	1071	140	18	0.11979725	0.52695003
1017	1071	140	19	1.08645991	20.56505020
1017	1071	141	0	1.08983882	6.65959453
1017	1071	141	1	0.88737652	3.34686496
1017	1071	141	2	1.23330838	4.81712557
1017	1071	141	3	0.16134559	1.38359931
1017	1071	141	4	2.92856044	13.06671294
1017	1071	141	5	0.18297070	0.76516792
1017	1071	141	6	3.40271015	12.95104572
1017	1071	141	7	1.74691022	11.72294303
1017	1071	141	8	0.24677101	0.88329932
1017	1071	141	9	1.20333716	6.27619939
1017	1071	141	10	0.05456738	0.19705580
1017	1071	141	11	1.54888815	11.78151808
1017	1071	141	12	1.59756704	8.42597293
1017	1071	141	13	1.80615959	9.25740003
1017	1071	141	14	2.70200465	29.41901719
1017	1071	141	15	0.15140725	0.78777100
1017	1071	141	16	0.61174992	3.35770927
1017	1071	141	17	0.14958648	1.85511398
1017	1071	141	18	0.11979472	0.52694523
1017	1071	141	19	1.08646196	20.56579139
1017	1071	142	0	1.08984448	6.65967117
1017	1071	142	1	0.88738134	3.34688173
1017	1071	142	2	1.23330515	4.81713616
1017	1071	142	3	0.16134319	1.38355863
1017	1071	142	4	2.92859260	13.06662255
1017	1071	142	5	0.18296603	0.76515192
1017	1071	142	6	3.40273482	12.95106746
1017	1071	142	7	1.74687070	11.72314511
1017	1071	142	8	0.24675778	0.88326234
1017	1071	142	9	1.20333915	6.27615484
1017	1071	142	10	0.05456590	0.19705059
1017	1071	142	11	1.54885413	11.78153603
1017	1071	142	12	1.59758906	8.42604091
1017	1071	142	13	1.80616120	9.25741549
1017	1071	142	14	2.70200785	29.41902210
1017	1071	142	15	0.15140356	0.78775744
1017	1071	142	16	0.61175134	3.35771628
1017	1071	142	17	0.14958276	1.85510898
1017	1071	142	18	0.11979213	0.52693898
1017	1071	142	19	1.08646395	20.56649550
1017	1071	143	0	1.08984893	6.65974092
1017	1071	143	1	0.88738598	3.34689888
1017	1071	143	2	1.23330111	4.81714082
1017	1071	143	3	0.16134130	1.38352031
1017	1071	143	4	2.92863035	13.06658458
1017	1071	143	5	0.18296150	0.76513507
1017	1071	143	6	3.40276148	12.95110815
1017	1071	143	7	1.74682785	11.72327757
1017	1071	143	8	0.24674466	0.88322247
1017	1071	143	9	1.20334229	6.27612082
1017	1071	143	10	0.05456447	0.19704534
1017	1071	143	11	1.54882023	11.78151760
1017	1071	143	12	1.59761057	8.42611803
1017	1071	143	13	1.80616251	9.25742954
1017	1071	143	14	2.70201091	29.41902974
1017	1071	143	15	0.15140001	0.78774280
1017	1071	143	16	0.61175267	3.35772344
1017	1071	143	17	0.14957928	1.85510065
1017	1071	143	18	0.11978953	0.52693157
1017	1071	143	19	1.08646586	20.56716443
1017	1071	144	0	1.08985227	6.65980370
1017	1071	144	1	0.88739039	3.34691612
1017	1071	144	2	1.23329640	4.81714025
1017	1071	144	3	0.16133988	1.38348457
1017	1071	144	4	2.92867245	13.06659286
1017	1071	144	5	0.18295715	0.76511772
1017	1071	144	6	3.40278951	12.95116482
1017	1071	144	7	1.74678270	11.72334745
1017	1071	144	8	0.24673183	0.88318062
1017	1071	144	9	1.20334637	6.27609646
1017	1071	144	10	0.05456313	0.19704012
1017	1071	144	11	1.54878692	11.78146769
1017	1071	144	12	1.59763134	8.42620204
1017	1071	144	13	1.80616356	9.25744217
1017	1071	144	14	2.70201380	29.41903975
1017	1071	144	15	0.15139663	0.78772743
1017	1071	144	16	0.61175390	3.35773062
1017	1071	144	17	0.14957604	1.85508951
1017	1071	144	18	0.11978695	0.52692325
1017	1071	144	19	1.08646767	20.56779995
1017	1071	145	0	1.08985459	6.65985955
1017	1071	145	1	0.88739454	3.34693320
1017	1071	145	2	1.23329119	4.81713511
1017	1071	145	3	0.16133887	1.38345157
1017	1071	145	4	2.92871776	13.06664139
1017	1071	145	5	0.18295303	0.76510018
1017	1071	145	6	3.40281835	12.95123463
1017	1071	145	7	1.74673616	11.72336176
1017	1071	145	8	0.24671942	0.88313763
1017	1071	145	9	1.20335121	6.27608085
1017	1071	145	10	0.05456187	0.19703500
1017	1071	145	11	1.54875457	11.78139103
1017	1071	145	12	1.59765119	8.42629090
1017	1071	145	13	1.80616436	9.25745338
1017	1071	145	14	2.70201651	29.41905172
1017	1071	145	15	0.15139343	0.78771162
1017	1071	145	16	0.61175503	3.35773773
1017	1071	145	17	0.14957306	1.85507603
1017	1071	145	18	0.11978443	0.52691424
1017	1071	145	19	1.08646937	20.56840373
1017	1071	146	0	1.08985599	6.65990859
1017	1071	146	1	0.88739841	3.34694990
1017	1071	146	2	1.23328561	4.81712608
1017	1071	146	3	0.16133825	1.38342141
1017	1071	146	4	2.92876525	13.06672435
1017	1071	146	5	0.18294915	0.76508271
1017	1071	146	6	3.40284748	12.95131493
1017	1071	146	7	1.74668906	11.72332740
1017	1071	146	8	0.24670755	0.88309425
1017	1071	146	9	1.20335666	6.27607307
1017	1071	146	10	0.05456070	0.19703004
1017	1071	146	11	1.54872350	11.78129210
1017	1071	146	12	1.59766994	8.42638275
1017	1071	146	13	1.80616493	9.25746320
1017	1071	146	14	2.70201902	29.41906531
1017	1071	146	15	0.15139045	0.78769566
1017	1071	146	16	0.61175605	3.35774467
1017	1071	146	17	0.14957036	1.85506066
1017	1071	146	18	0.11978200	0.52690476
1017	1071	146	19	1.08647095	20.56897733
1017	1071	147	0	1.08985658	6.65995100
1017	1071	147	1	0.88740198	3.34696605
1017	1071	147	2	1.23327978	4.81711378
1017	1071	147	3	0.16133797	1.38339415
1017	1071	147	4	2.92881399	13.06683621
1017	1071	147	5	0.18294555	0.76506554
1017	1071	147	6	3.40287648	12.95140328
1017	1071	147	7	1.74664211	11.72325105
1017	1071	147	8	0.24669631	0.88305111
1017	1071	147	9	1.20336256	6.27607224
1017	1071	147	10	0.05455963	0.19702529
1017	1071	147	11	1.54869399	11.78117510
1017	1071	147	12	1.59768749	8.42647594
1017	1071	147	13	1.80616529	9.25747168
1017	1071	147	14	2.70202132	29.41908015
1017	1071	147	15	0.15138770	0.78767979
1017	1071	147	16	0.61175697	3.35775137
1017	1071	147	17	0.14956793	1.85504383
1017	1071	147	18	0.11977968	0.52689500
1017	1071	147	19	1.08647241	20.56952223
1017	1071	148	0	1.08985645	6.65998706
1017	1071	148	1	0.88740524	3.34698148
1017	1071	148	2	1.23327381	4.81709879
1017	1071	148	3	0.16133800	1.38336979
1017	1071	148	4	2.92886315	13.06697175
1017	1071	148	5	0.18294223	0.76504887
1017	1071	148	6	3.40290496	12.95149741
1017	1071	148	7	1.74659595	11.72313913
1017	1071	148	8	0.24668579	0.88300879
1017	1071	148	9	1.20336876	6.27607746
1017	1071	148	10	0.05455866	0.19702078
1017	1071	148	11	1.54866624	11.78104398
1017	1071	148	12	1.59770374	8.42656901
1017	1071	148	13	1.80616547	9.25747887
1017	1071	148	14	2.70202341	29.41909594
1017	1071	148	15	0.15138517	0.78766421
1017	1071	148	16	0.61175779	3.35775777
1017	1071	148	17	0.14956577	1.85502592
1017	1071	148	18	0.11977748	0.52688514
1017	1071	148	19	1.08647373	20.57003981
1017	1071	149	0	1.08985568	6.66001709
1017	1071	149	1	0.88740818	3.34699608
1017	1071	149	2	1.23326782	4.81708168
1017	1071	149	3	0.16133828	1.38334829
1017	1071	149	4	2.92891200	13.06712606
1017	1071	149	5	0.18293921	0.76503287
1017	1071	149	6	3.40293260	12.95159529
1017	1071	149	7	1.74655110	11.72299773
1017	1071	149	8	0.24667602	0.88296777
1017	1071	149	9	1.20337515	6.27608789
1017	1071	149	10	0.05455779	0.19701655
1017	1071	149	11	1.54864041	11.78090235
1017	1071	149	12	1.59771865	8.42666069
1017	1071	149	13	1.80616549	9.25748483
1017	1071	149	14	2.70202529	29.41911236
1017	1071	149	15	0.15138289	0.78764910
1017	1071	149	16	0.61175850	3.35776381
1017	1071	149	17	0.14956387	1.85500730
1017	1071	149	18	0.11977542	0.52687532
1017	1071	149	19	1.08647493	20.57053140
1017	1071	150	0	1.08985439	6.66004144
1017	1071	150	1	0.88741080	3.34700975
1017	1071	150	2	1.23326187	4.81706296
1017	1071	150	3	0.16133879	1.38332959
1017	1071	150	4	2.92895989	13.06729463
1017	1071	150	5	0.18293649	0.76501768
1017	1071	150	6	3.40295911	12.95169509
1017	1071	150	7	1.74650803	11.72283255
1017	1071	150	8	0.24666705	0.88292845
1017	1071	150	9	1.20338161	6.27610271
1017	1071	150	10	0.05455702	0.19701262
1017	1071	150	11	1.54861661	11.78075350
1017	1071	150	12	1.59773217	8.42674989
1017	1071	150	13	1.80616536	9.25748964
1017	1071	150	14	2.70202695	29.41912916
1017	1071	150	15	0.15138085	0.78763462
1017	1071	150	16	0.61175911	3.35776947
1017	1071	150	17	0.14956224	1.85498828
1017	1071	150	18	0.11977351	0.52686568
1017	1071	150	19	1.08647599	20.57099823
1017	1071	151	0	1.08985264	6.66006050
1017	1071	151	1	0.88741312	3.34702242
1017	1071	151	2	1.23325606	4.81704308
1017	1071	151	3	0.16133949	1.38331358
1017	1071	151	4	2.92900630	13.06747331
1017	1071	151	5	0.18293406	0.76500340
1017	1071	151	6	3.40298428	12.95179518
1017	1071	151	7	1.74646710	11.72264891
1017	1071	151	8	0.24665891	0.88289114
1017	1071	151	9	1.20338805	6.27612115
1017	1071	151	10	0.05455634	0.19700900
1017	1071	151	11	1.54859490	11.78060043
1017	1071	151	12	1.59774429	8.42683570
1017	1071	151	13	1.80616511	9.25749339
1017	1071	151	14	2.70202841	29.41914607
1017	1071	151	15	0.15137904	0.78762088
1017	1071	151	16	0.61175963	3.35777471
1017	1071	151	17	0.14956085	1.85496916
1017	1071	151	18	0.11977176	0.52685632
1017	1071	151	19	1.08647693	20.57144148
1017	1071	152	0	1.08985053	6.66007470
1017	1071	152	1	0.88741513	3.34703404
1017	1071	152	2	1.23325044	4.81702248
1017	1071	152	3	0.16134035	1.38330014
1017	1071	152	4	2.92905078	13.06765836
1017	1071	152	5	0.18293193	0.76499011
1017	1071	152	6	3.40300794	12.95189415
1017	1071	152	7	1.74642859	11.72245170
1017	1071	152	8	0.24665159	0.88285612
1017	1071	152	9	1.20339437	6.27614248
1017	1071	152	10	0.05455576	0.19700571
1017	1071	152	11	1.54857533	11.78044577
1017	1071	152	12	1.59775504	8.42691737
1017	1071	152	13	1.80616475	9.25749615
1017	1071	152	14	2.70202966	29.41916288
1017	1071	152	15	0.15137747	0.78760797
1017	1071	152	16	0.61176005	3.35777951
1017	1071	152	17	0.14955970	1.85495020
1017	1071	152	18	0.11977017	0.52684733
1017	1071	152	19	1.08647773	20.57186226
1017	1071	153	0	1.08984813	6.66008447
1017	1071	153	1	0.88741685	3.34704460
1017	1071	153	2	1.23324506	4.81700153
1017	1071	153	3	0.16134133	1.38328912
1017	1071	153	4	2.92909296	13.06784641
1017	1071	153	5	0.18293009	0.76497787
1017	1071	153	6	3.40302995	12.95199077
1017	1071	153	7	1.74639274	11.72224537
1017	1071	153	8	0.24664510	0.88282356
1017	1071	153	9	1.20340050	6.27616605
1017	1071	153	10	0.05455527	0.19700275
1017	1071	153	11	1.54855787	11.78029186
1017	1071	153	12	1.59776443	8.42699429
1017	1071	153	13	1.80616431	9.25749802
1017	1071	153	14	2.70203072	29.41917941
1017	1071	153	15	0.15137612	0.78759597
1017	1071	153	16	0.61176040	3.35778386
1017	1071	153	17	0.14955876	1.85493161
1017	1071	153	18	0.11976875	0.52683881
1017	1071	153	19	1.08647842	20.57226163
1017	1071	154	0	1.08984550	6.66009024
1017	1071	154	1	0.88741829	3.34705407
1017	1071	154	2	1.23323998	4.81698057
1017	1071	154	3	0.16134240	1.38328037
1017	1071	154	4	2.92913256	13.06803449
1017	1071	154	5	0.18292852	0.76496671
1017	1071	154	6	3.40305021	12.95208401
1017	1071	154	7	1.74635968	11.72203393
1017	1071	154	8	0.24663941	0.88279361
1017	1071	154	9	1.20340639	6.27619123
1017	1071	154	10	0.05455486	0.19700011
1017	1071	154	11	1.54854251	11.78014074
1017	1071	154	12	1.59777251	8.42706603
1017	1071	154	13	1.80616380	9.25749909
1017	1071	154	14	2.70203160	29.41919548
1017	1071	154	15	0.15137499	0.78758493
1017	1071	154	16	0.61176066	3.35778776
1017	1071	154	17	0.14955804	1.85491359
1017	1071	154	18	0.11976749	0.52683079
1017	1071	154	19	1.08647900	20.57264061
1017	1071	155	0	1.08984273	6.66009243
1017	1071	155	1	0.88741946	3.34706248
1017	1071	155	2	1.23323521	4.81695989
1017	1071	155	3	0.16134354	1.38327371
1017	1071	155	4	2.92916935	13.06822001
1017	1071	155	5	0.18292721	0.76495665
1017	1071	155	6	3.40306868	12.95217302
1017	1071	155	7	1.74632953	11.72182093
1017	1071	155	8	0.24663450	0.88276633
1017	1071	155	9	1.20341198	6.27621747
1017	1071	155	10	0.05455453	0.19699780
1017	1071	155	11	1.54852919	11.77999412
1017	1071	155	12	1.59777934	8.42713224
1017	1071	155	13	1.80616324	9.25749944
1017	1071	155	14	2.70203231	29.41921095
1017	1071	155	15	0.15137405	0.78757488
1017	1071	155	16	0.61176086	3.35779122
1017	1071	155	17	0.14955750	1.85489629
1017	1071	155	18	0.11976638	0.52682333
1017	1071	155	19	1.08647946	20.57300015
1017	1071	156	0	1.08983985	6.66009150
1017	1071	156	1	0.88742040	3.34706983
1017	1071	156	2	1.23323080	4.81693975
1017	1071	156	3	0.16134472	1.38326896
1017	1071	156	4	2.92920320	13.06840075
1017	1071	156	5	0.18292614	0.76494768
1017	1071	156	6	3.40308533	12.95225711
1017	1071	156	7	1.74630232	11.72160952
1017	1071	156	8	0.24663034	0.88274177
1017	1071	156	9	1.20341724	6.27624427
1017	1071	156	10	0.05455428	0.19699580
1017	1071	156	11	1.54851782	11.77985346
1017	1071	156	12	1.59778499	8.42719274
1017	1071	156	13	1.80616265	9.25749916
1017	1071	156	14	2.70203285	29.41922571
1017	1071	156	15	0.15137331	0.78756582
1017	1071	156	16	0.61176098	3.35779424
1017	1071	156	17	0.14955714	1.85487986
1017	1071	156	18	0.11976543	0.52681647
1017	1071	156	19	1.08647983	20.57334118
1017	1071	157	0	1.08983694	6.66008784
1017	1071	157	1	0.88742110	3.34707616
1017	1071	157	2	1.23322674	4.81692034
1017	1071	157	3	0.16134592	1.38326595
1017	1071	157	4	2.92923402	13.06857483
1017	1071	157	5	0.18292531	0.76493980
1017	1071	157	6	3.40310016	12.95233576
1017	1071	157	7	1.74627805	11.72140240
1017	1071	157	8	0.24662689	0.88271992
1017	1071	157	9	1.20342212	6.27627119
1017	1071	157	10	0.05455409	0.19699410
1017	1071	157	11	1.54850832	11.77971992
1017	1071	157	12	1.59778953	8.42724741
1017	1071	157	13	1.80616202	9.25749834
1017	1071	157	14	2.70203325	29.41923965
1017	1071	157	15	0.15137274	0.78755776
1017	1071	157	16	0.61176105	3.35779684
1017	1071	157	17	0.14955692	1.85486438
1017	1071	157	18	0.11976462	0.52681021
1017	1071	157	19	1.08648011	20.57366458
1017	1071	158	0	1.08983402	6.66008186
1017	1071	158	1	0.88742160	3.34708152
1017	1071	158	2	1.23322306	4.81690185
1017	1071	158	3	0.16134712	1.38326450
1017	1071	158	4	2.92926177	13.06874071
1017	1071	158	5	0.18292468	0.76493296
1017	1071	158	6	3.40311321	12.95240857
1017	1071	158	7	1.74625667	11.72120187
1017	1071	158	8	0.24662411	0.88270072
1017	1071	158	9	1.20342663	6.27629783
1017	1071	158	10	0.05455397	0.19699269
1017	1071	158	11	1.54850057	11.77959443
1017	1071	158	12	1.59779303	8.42729626
1017	1071	158	13	1.80616139	9.25749705
1017	1071	158	14	2.70203352	29.41925272
1017	1071	158	15	0.15137233	0.78755068
1017	1071	158	16	0.61176107	3.35779903
1017	1071	158	17	0.14955685	1.85484994
1017	1071	158	18	0.11976396	0.52680457
1017	1071	158	19	1.08648030	20.57397117
1017	1071	159	0	1.08983115	6.66007395
1017	1071	159	1	0.88742191	3.34708596
1017	1071	159	2	1.23321976	4.81688441
1017	1071	159	3	0.16134831	1.38326441
1017	1071	159	4	2.92928646	13.06889716
1017	1071	159	5	0.18292425	0.76492713
1017	1071	159	6	3.40312452	12.95247530
1017	1071	159	7	1.74623812	11.72100984
1017	1071	159	8	0.24662195	0.88268411
1017	1071	159	9	1.20343073	6.27632387
1017	1071	159	10	0.05455390	0.19699154
1017	1071	159	11	1.54849446	11.77947770
1017	1071	159	12	1.59779559	8.42733935
1017	1071	159	13	1.80616075	9.25749538
1017	1071	159	14	2.70203367	29.41926486
1017	1071	159	15	0.15137206	0.78754455
1017	1071	159	16	0.61176104	3.35780084
1017	1071	159	17	0.14955690	1.85483659
1017	1071	159	18	0.11976342	0.52679955
1017	1071	159	19	1.08648041	20.57426177
1017	1071	160	0	1.08982835	6.66006445
1017	1071	160	1	0.88742206	3.34708954
1017	1071	160	2	1.23321682	4.81686813
1017	1071	160	3	0.16134947	1.38326553
1017	1071	160	4	2.92930815	13.06904324
1017	1071	160	5	0.18292399	0.76492227
1017	1071	160	6	3.40313415	12.95253581
1017	1071	160	7	1.74622228	11.72082787
1017	1071	160	8	0.24662035	0.88266997
1017	1071	160	9	1.20343443	6.27634902
1017	1071	160	10	0.05455388	0.19699064
1017	1071	160	11	1.54848986	11.77937020
1017	1071	160	12	1.59779729	8.42737683
1017	1071	160	13	1.80616012	9.25749340
1017	1071	160	14	2.70203372	29.41927603
1017	1071	160	15	0.15137193	0.78753933
1017	1071	160	16	0.61176097	3.35780229
1017	1071	160	17	0.14955705	1.85482437
1017	1071	160	18	0.11976300	0.52679513
1017	1071	160	19	1.08648046	20.57453714
1017	1071	161	0	1.08982566	6.66005372
1017	1071	161	1	0.88742205	3.34709230
1017	1071	161	2	1.23321426	4.81685308
1017	1071	161	3	0.16135059	1.38326767
1017	1071	161	4	2.92932692	13.06917827
1017	1071	161	5	0.18292388	0.76491830
1017	1071	161	6	3.40314220	12.95259005
1017	1071	161	7	1.74620902	11.72065718
1017	1071	161	8	0.24661928	0.88265819
1017	1071	161	9	1.20343773	6.27637305
1017	1071	161	10	0.05455390	0.19698997
1017	1071	161	11	1.54848664	11.77927223
1017	1071	161	12	1.59779822	8.42740890
1017	1071	161	13	1.80615950	9.25749117
1017	1071	161	14	2.70203366	29.41928622
1017	1071	161	15	0.15137191	0.78753499
1017	1071	161	16	0.61176087	3.35780342
1017	1071	161	17	0.14955730	1.85481329
1017	1071	161	18	0.11976270	0.52679130
1017	1071	161	19	1.08648044	20.57479801
1017	1071	162	0	1.08982309	6.66004204
1017	1071	162	1	0.88742192	3.34709434
1017	1071	162	2	1.23321204	4.81683932
1017	1071	162	3	0.16135165	1.38327067
1017	1071	162	4	2.92934289	13.06930180
1017	1071	162	5	0.18292391	0.76491518
1017	1071	162	6	3.40314875	12.95263809
1017	1071	162	7	1.74619820	11.72049866
1017	1071	162	8	0.24661867	0.88264862
1017	1071	162	9	1.20344063	6.27639577
1017	1071	162	10	0.05455396	0.19698951
1017	1071	162	11	1.54848467	11.77918392
1017	1071	162	12	1.59779846	8.42743582
1017	1071	162	13	1.80615890	9.25748876
1017	1071	162	14	2.70203353	29.41929542
1017	1071	162	15	0.15137199	0.78753146
1017	1071	162	16	0.61176075	3.35780423
1017	1071	162	17	0.14955761	1.85480334
1017	1071	162	18	0.11976250	0.52678804
1017	1071	162	19	1.08648038	20.57504510
1017	1071	163	0	1.08982068	6.66002972
1017	1071	163	1	0.88742168	3.34709569
1017	1071	163	2	1.23321017	4.81682687
1017	1071	163	3	0.16135265	1.38327439
1017	1071	163	4	2.92935621	13.06941362
1017	1071	163	5	0.18292406	0.76491284
1017	1071	163	6	3.40315391	12.95268006
1017	1071	163	7	1.74618965	11.72035294
1017	1071	163	8	0.24661847	0.88264112
1017	1071	163	9	1.20344314	6.27641703
1017	1071	163	10	0.05455406	0.19698924
1017	1071	163	11	1.54848381	11.77910524
1017	1071	163	12	1.59779810	8.42745787
1017	1071	163	13	1.80615834	9.25748623
1017	1071	163	14	2.70203333	29.41930365
1017	1071	163	15	0.15137216	0.78752869
1017	1071	163	16	0.61176059	3.35780477
1017	1071	163	17	0.14955799	1.85479451
1017	1071	163	18	0.11976239	0.52678531
1017	1071	163	19	1.08648027	20.57527909
1017	1071	164	0	1.08981842	6.66001699
1017	1071	164	1	0.88742134	3.34709645
1017	1071	164	2	1.23320862	4.81681573
1017	1071	164	3	0.16135359	1.38327868
1017	1071	164	4	2.92936702	13.06951369
1017	1071	164	5	0.18292431	0.76491120
1017	1071	164	6	3.40315778	12.95271617
1017	1071	164	7	1.74618319	11.72022037
1017	1071	164	8	0.24661864	0.88263552
1017	1071	164	9	1.20344528	6.27643672
1017	1071	164	10	0.05455418	0.19698914
1017	1071	164	11	1.54848393	11.77903605
1017	1071	164	12	1.59779722	8.42747539
1017	1071	164	13	1.80615780	9.25748362
1017	1071	164	14	2.70203308	29.41931092
1017	1071	164	15	0.15137240	0.78752662
1017	1071	164	16	0.61176043	3.35780506
1017	1071	164	17	0.14955842	1.85478678
1017	1071	164	18	0.11976235	0.52678310
1017	1071	164	19	1.08648012	20.57550060
1017	1071	165	0	1.08981634	6.66000410
1017	1071	165	1	0.88742093	3.34709667
1017	1071	165	2	1.23320737	4.81680590
1017	1071	165	3	0.16135446	1.38328341
1017	1071	165	4	2.92937550	13.06960214
1017	1071	165	5	0.18292465	0.76491021
1017	1071	165	6	3.40316048	12.95274666
1017	1071	165	7	1.74617865	11.72010110
1017	1071	165	8	0.24661912	0.88263165
1017	1071	165	9	1.20344707	6.27645479
1017	1071	165	10	0.05455432	0.19698919
1017	1071	165	11	1.54848490	11.77897608
1017	1071	165	12	1.59779590	8.42748870
1017	1071	165	13	1.80615730	9.25748098
1017	1071	165	14	2.70203278	29.41931727
1017	1071	165	15	0.15137271	0.78752519
1017	1071	165	16	0.61176025	3.35780513
1017	1071	165	17	0.14955888	1.85478009
1017	1071	165	18	0.11976239	0.52678135
1017	1071	165	19	1.08647994	20.57571028
1017	1071	166	0	1.08981444	6.65999123
1017	1071	166	1	0.88742045	3.34709642
1017	1071	166	2	1.23320640	4.81679733
1017	1071	166	3	0.16135525	1.38328845
1017	1071	166	4	2.92938183	13.06967924
1017	1071	166	5	0.18292505	0.76490979
1017	1071	166	6	3.40316212	12.95277184
1017	1071	166	7	1.74617584	11.71999506
1017	1071	166	8	0.24661987	0.88262934
1017	1071	166	9	1.20344852	6.27647117
1017	1071	166	10	0.05455447	0.19698936
1017	1071	166	11	1.54848661	11.77892496
1017	1071	166	12	1.59779422	8.42749818
1017	1071	166	13	1.80615683	9.25747835
1017	1071	166	14	2.70203244	29.41932273
1017	1071	166	15	0.15137306	0.78752434
1017	1071	166	16	0.61176006	3.35780501
1017	1071	166	17	0.14955936	1.85477440
1017	1071	166	18	0.11976249	0.52678005
1017	1071	166	19	1.08647974	20.57590871
1017	1071	167	0	1.08981272	6.65997857
1017	1071	167	1	0.88741993	3.34709576
1017	1071	167	2	1.23320568	4.81678998
1017	1071	167	3	0.16135597	1.38329370
1017	1071	167	4	2.92938621	13.06974540
1017	1071	167	5	0.18292551	0.76490987
1017	1071	167	6	3.40316282	12.95279204
1017	1071	167	7	1.74617458	11.71990201
1017	1071	167	8	0.24662084	0.88262843
1017	1071	167	9	1.20344967	6.27648587
1017	1071	167	10	0.05455464	0.19698964
1017	1071	167	11	1.54848892	11.77888227
1017	1071	167	12	1.59779224	8.42750417
1017	1071	167	13	1.80615640	9.25747578
1017	1071	167	14	2.70203207	29.41932735
1017	1071	167	15	0.15137344	0.78752400
1017	1071	167	16	0.61175986	3.35780472
1017	1071	167	17	0.14955986	1.85476965
1017	1071	167	18	0.11976265	0.52677914
1017	1071	167	19	1.08647952	20.57609646
1017	1071	168	0	1.08981119	6.65996626
1017	1071	168	1	0.88741938	3.34709476
1017	1071	168	2	1.23320520	4.81678380
1017	1071	168	3	0.16135661	1.38329905
1017	1071	168	4	2.92938882	13.06980111
1017	1071	168	5	0.18292601	0.76491039
1017	1071	168	6	3.40316268	12.95280763
1017	1071	168	7	1.74617468	11.71982157
1017	1071	168	8	0.24662200	0.88262875
1017	1071	168	9	1.20345053	6.27649890
1017	1071	168	10	0.05455482	0.19699002
1017	1071	168	11	1.54849174	11.77884751
1017	1071	168	12	1.59779004	8.42750705
1017	1071	168	13	1.80615602	9.25747327
1017	1071	168	14	2.70203169	29.41933119
1017	1071	168	15	0.15137386	0.78752411
1017	1071	168	16	0.61175967	3.35780428
1017	1071	168	17	0.14956037	1.85476579
1017	1071	168	18	0.11976284	0.52677858
1017	1071	168	19	1.08647929	20.57627408
1017	1071	169	0	1.08980983	6.65995443
1017	1071	169	1	0.88741881	3.34709346
1017	1071	169	2	1.23320494	4.81677873
1017	1071	169	3	0.16135718	1.38330442
1017	1071	169	4	2.92938987	13.06984695
1017	1071	169	5	0.18292653	0.76491128
1017	1071	169	6	3.40316182	12.95281899
1017	1071	169	7	1.74617597	11.71975321
1017	1071	169	8	0.24662329	0.88263013
1017	1071	169	9	1.20345113	6.27651029
1017	1071	169	10	0.05455501	0.19699047
1017	1071	169	11	1.54849496	11.77882013
1017	1071	169	12	1.59778766	8.42750718
1017	1071	169	13	1.80615567	9.25747087
1017	1071	169	14	2.70203130	29.41933429
1017	1071	169	15	0.15137429	0.78752462
1017	1071	169	16	0.61175947	3.35780374
1017	1071	169	17	0.14956087	1.85476274
1017	1071	169	18	0.11976307	0.52677835
1017	1071	169	19	1.08647905	20.57644209
1017	1071	170	0	1.08980865	6.65994319
1017	1071	170	1	0.88741822	3.34709194
1017	1071	170	2	1.23320485	4.81677468
1017	1071	170	3	0.16135767	1.38330973
1017	1071	170	4	2.92938952	13.06988355
1017	1071	170	5	0.18292708	0.76491249
1017	1071	170	6	3.40316034	12.95282650
1017	1071	170	7	1.74617828	11.71969633
1017	1071	170	8	0.24662469	0.88263242
1017	1071	170	9	1.20345149	6.27652009
1017	1071	170	10	0.05455519	0.19699097
1017	1071	170	11	1.54849848	11.77879958
1017	1071	170	12	1.59778517	8.42750490
1017	1071	170	13	1.80615536	9.25746859
1017	1071	170	14	2.70203090	29.41933671
1017	1071	170	15	0.15137474	0.78752546
1017	1071	170	16	0.61175928	3.35780309
1017	1071	170	17	0.14956137	1.85476045
1017	1071	170	18	0.11976333	0.52677841
1017	1071	170	19	1.08647881	20.57660099
1017	1071	171	0	1.08980765	6.65993260
1017	1071	171	1	0.88741764	3.34709024
1017	1071	171	2	1.23320494	4.81677159
1017	1071	171	3	0.16135809	1.38331492
1017	1071	171	4	2.92938797	13.06991161
1017	1071	171	5	0.18292763	0.76491396
1017	1071	171	6	3.40315834	12.95283055
1017	1071	171	7	1.74618144	11.71965023
1017	1071	171	8	0.24662616	0.88263547
1017	1071	171	9	1.20345165	6.27652838
1017	1071	171	10	0.05455537	0.19699152
1017	1071	171	11	1.54850221	11.77878524
1017	1071	171	12	1.59778261	8.42750057
1017	1071	171	13	1.80615509	9.25746645
1017	1071	171	14	2.70203051	29.41933852
1017	1071	171	15	0.15137518	0.78752659
1017	1071	171	16	0.61175910	3.35780238
1017	1071	171	17	0.14956185	1.85475883
1017	1071	171	18	0.11976361	0.52677870
1017	1071	171	19	1.08647856	20.57675126
1017	1071	172	0	1.08980680	6.65992273
1017	1071	172	1	0.88741706	3.34708840
1017	1071	172	2	1.23320516	4.81676938
1017	1071	172	3	0.16135845	1.38331992
1017	1071	172	4	2.92938540	13.06993183
1017	1071	172	5	0.18292819	0.76491563
1017	1071	172	6	3.40315591	12.95283154
1017	1071	172	7	1.74618530	11.71961416
1017	1071	172	8	0.24662768	0.88263914
1017	1071	172	9	1.20345161	6.27653523
1017	1071	172	10	0.05455555	0.19699211
1017	1071	172	11	1.54850608	11.77877652
1017	1071	172	12	1.59778004	8.42749451
1017	1071	172	13	1.80615486	9.25746445
1017	1071	172	14	2.70203012	29.41933976
1017	1071	172	15	0.15137562	0.78752794
1017	1071	172	16	0.61175892	3.35780161
1017	1071	172	17	0.14956231	1.85475782
1017	1071	172	18	0.11976390	0.52677921
1017	1071	172	19	1.08647833	20.57689335
1017	1071	173	0	1.08980610	6.65991364
1017	1071	173	1	0.88741649	3.34708647
1017	1071	173	2	1.23320551	4.81676795
1017	1071	173	3	0.16135874	1.38332470
1017	1071	173	4	2.92938197	13.06994495
1017	1071	173	5	0.18292873	0.76491745
1017	1071	173	6	3.40315315	12.95282985
1017	1071	173	7	1.74618972	11.71958733
1017	1071	173	8	0.24662921	0.88264329
1017	1071	173	9	1.20345142	6.27654074
1017	1071	173	10	0.05455573	0.19699271
1017	1071	173	11	1.54851001	11.77877282
1017	1071	173	12	1.59777748	8.42748701
1017	1071	173	13	1.80615467	9.25746262
1017	1071	173	14	2.70202975	29.41934050
1017	1071	173	15	0.15137605	0.78752947
1017	1071	173	16	0.61175875	3.35780080
1017	1071	173	17	0.14956275	1.85475736
1017	1071	173	18	0.11976420	0.52677990
1017	1071	173	19	1.08647809	20.57702771
1017	1071	174	0	1.08980555	6.65990533
1017	1071	174	1	0.88741595	3.34708449
1017	1071	174	2	1.23320596	4.81676724
1017	1071	174	3	0.16135898	1.38332921
1017	1071	174	4	2.92937785	13.06995170
1017	1071	174	5	0.18292926	0.76491938
1017	1071	174	6	3.40315014	12.95282584
1017	1071	174	7	1.74619456	11.71956892
1017	1071	174	8	0.24663073	0.88264782
1017	1071	174	9	1.20345109	6.27654500
1017	1071	174	10	0.05455589	0.19699332
1017	1071	174	11	1.54851395	11.77877354
1017	1071	174	12	1.59777497	8.42747838
1017	1071	174	13	1.80615450	9.25746094
1017	1071	174	14	2.70202939	29.41934080
1017	1071	174	15	0.15137647	0.78753114
1017	1071	174	16	0.61175860	3.35779997
1017	1071	174	17	0.14956316	1.85475737
1017	1071	174	18	0.11976450	0.52678072
1017	1071	174	19	1.08647787	20.57715473
1017	1071	175	0	1.08980513	6.65989784
1017	1071	175	1	0.88741543	3.34708249
1017	1071	175	2	1.23320648	4.81676716
1017	1071	175	3	0.16135916	1.38333343
1017	1071	175	4	2.92937317	13.06995280
1017	1071	175	5	0.18292977	0.76492139
1017	1071	175	6	3.40314694	12.95281986
1017	1071	175	7	1.74619971	11.71955809
1017	1071	175	8	0.24663223	0.88265261
1017	1071	175	9	1.20345064	6.27654810
1017	1071	175	10	0.05455605	0.19699392
1017	1071	175	11	1.54851783	11.77877809
1017	1071	175	12	1.59777254	8.42746888
1017	1071	175	13	1.80615437	9.25745944
1017	1071	175	14	2.70202905	29.41934072
1017	1071	175	15	0.15137687	0.78753291
1017	1071	175	16	0.61175845	3.35779914
1017	1071	175	17	0.14956354	1.85475779
1017	1071	175	18	0.11976480	0.52678166
1017	1071	175	19	1.08647766	20.57727483
1017	1071	176	0	1.08980483	6.65989115
1017	1071	176	1	0.88741494	3.34708050
1017	1071	176	2	1.23320707	4.81676762
1017	1071	176	3	0.16135929	1.38333734
1017	1071	176	4	2.92936807	13.06994899
1017	1071	176	5	0.18293026	0.76492342
1017	1071	176	6	3.40314363	12.95281227
1017	1071	176	7	1.74620505	11.71955402
1017	1071	176	8	0.24663368	0.88265755
1017	1071	176	9	1.20345010	6.27655017
1017	1071	176	10	0.05455620	0.19699452
1017	1071	176	11	1.54852161	11.77878593
1017	1071	176	12	1.59777021	8.42745874
1017	1071	176	13	1.80615427	9.25745809
1017	1071	176	14	2.70202873	29.41934030
1017	1071	176	15	0.15137724	0.78753473
1017	1071	176	16	0.61175832	3.35779831
1017	1071	176	17	0.14956389	1.85475857
1017	1071	176	18	0.11976509	0.52678269
1017	1071	176	19	1.08647746	20.57738837
1017	1071	177	0	1.08980464	6.65988525
1017	1071	177	1	0.88741448	3.34707855
1017	1071	177	2	1.23320771	4.81676856
1017	1071	177	3	0.16135937	1.38334092
1017	1071	177	4	2.92936268	13.06994093
1017	1071	177	5	0.18293072	0.76492545
1017	1071	177	6	3.40314028	12.95280336
1017	1071	177	7	1.74621047	11.71955589
1017	1071	177	8	0.24663507	0.88266256
1017	1071	177	9	1.20344948	6.27655130
1017	1071	177	10	0.05455634	0.19699510
1017	1071	177	11	1.54852525	11.77879652
1017	1071	177	12	1.59776800	8.42744820
1017	1071	177	13	1.80615420	9.25745691
1017	1071	177	14	2.70202843	29.41933960
1017	1071	177	15	0.15137760	0.78753658
1017	1071	177	16	0.61175819	3.35779750
1017	1071	177	17	0.14956422	1.85475963
1017	1071	177	18	0.11976538	0.52678378
1017	1071	177	19	1.08647727	20.57749572
1017	1071	178	0	1.08980455	6.65988013
1017	1071	178	1	0.88741406	3.34707666
1017	1071	178	2	1.23320838	4.81676990
1017	1071	178	3	0.16135941	1.38334417
1017	1071	178	4	2.92935712	13.06992929
1017	1071	178	5	0.18293114	0.76492745
1017	1071	178	6	3.40313692	12.95279343
1017	1071	178	7	1.74621591	11.71956291
1017	1071	178	8	0.24663639	0.88266757
1017	1071	178	9	1.20344881	6.27655160
1017	1071	178	10	0.05455647	0.19699566
1017	1071	178	11	1.54852872	11.77880936
1017	1071	178	12	1.59776593	8.42743746
1017	1071	178	13	1.80615415	9.25745589
1017	1071	178	14	2.70202816	29.41933866
1017	1071	178	15	0.15137792	0.78753843
1017	1071	178	16	0.61175808	3.35779671
1017	1071	178	17	0.14956451	1.85476093
1017	1071	178	18	0.11976565	0.52678490
1017	1071	178	19	1.08647710	20.57759721
1017	1071	179	0	1.08980455	6.65987576
1017	1071	179	1	0.88741367	3.34707485
1017	1071	179	2	1.23320907	4.81677156
1017	1071	179	3	0.16135942	1.38334708
1017	1071	179	4	2.92935147	13.06991469
1017	1071	179	5	0.18293154	0.76492940
1017	1071	179	6	3.40313361	12.95278276
1017	1071	179	7	1.74622127	11.71957432
1017	1071	179	8	0.24663763	0.88267250
1017	1071	179	9	1.20344810	6.27655117
1017	1071	179	10	0.05455658	0.19699619
1017	1071	179	11	1.54853199	11.77882398
1017	1071	179	12	1.59776401	8.42742667
1017	1071	179	13	1.80615413	9.25745502
1017	1071	179	14	2.70202791	29.41933754
1017	1071	179	15	0.15137822	0.78754025
1017	1071	179	16	0.61175799	3.35779596
1017	1071	179	17	0.14956477	1.85476241
1017	1071	179	18	0.11976591	0.52678604
1017	1071	179	19	1.08647694	20.57769317
1017	1071	180	0	1.08980462	6.65987210
1017	1071	180	1	0.88741332	3.34707313
1017	1071	180	2	1.23320977	4.81677348
1017	1071	180	3	0.16135939	1.38334966
1017	1071	180	4	2.92934584	13.06989772
1017	1071	180	5	0.18293190	0.76493128
1017	1071	180	6	3.40313039	12.95277158
1017	1071	180	7	1.74622650	11.71958940
1017	1071	180	8	0.24663879	0.88267729
1017	1071	180	9	1.20344736	6.27655010
1017	1071	180	10	0.05455669	0.19699669
1017	1071	180	11	1.54853504	11.77883994
1017	1071	180	12	1.59776224	8.42741601
1017	1071	180	13	1.80615412	9.25745429
1017	1071	180	14	2.70202768	29.41933627
1017	1071	180	15	0.15137849	0.78754201
1017	1071	180	16	0.61175790	3.35779525
1017	1071	180	17	0.14956499	1.85476404
1017	1071	180	18	0.11976615	0.52678719
1017	1071	180	19	1.08647679	20.57778391
1017	1071	181	0	1.08980475	6.65986910
1017	1071	181	1	0.88741301	3.34707151
1017	1071	181	2	1.23321046	4.81677561
1017	1071	181	3	0.16135934	1.38335191
1017	1071	181	4	2.92934029	13.06987892
1017	1071	181	5	0.18293222	0.76493307
1017	1071	181	6	3.40312728	12.95276011
1017	1071	181	7	1.74623154	11.71960746
1017	1071	181	8	0.24663985	0.88268190
1017	1071	181	9	1.20344662	6.27654851
1017	1071	181	10	0.05455678	0.19699716
1017	1071	181	11	1.54853786	11.77885686
1017	1071	181	12	1.59776063	8.42740561
1017	1071	181	13	1.80615413	9.25745369
1017	1071	181	14	2.70202749	29.41933490
1017	1071	181	15	0.15137874	0.78754372
1017	1071	181	16	0.61175783	3.35779458
1017	1071	181	17	0.14956519	1.85476576
1017	1071	181	18	0.11976638	0.52678831
1017	1071	181	19	1.08647667	20.57786971
1017	1071	182	0	1.08980494	6.65986674
1017	1071	182	1	0.88741273	3.34707001
1017	1071	182	2	1.23321114	4.81677789
1017	1071	182	3	0.16135926	1.38335384
1017	1071	182	4	2.92933489	13.06985878
1017	1071	182	5	0.18293251	0.76493476
1017	1071	182	6	3.40312433	12.95274856
1017	1071	182	7	1.74623634	11.71962786
1017	1071	182	8	0.24664082	0.88268628
1017	1071	182	9	1.20344587	6.27654647
1017	1071	182	10	0.05455686	0.19699759
1017	1071	182	11	1.54854044	11.77887438
1017	1071	182	12	1.59775919	8.42739556
1017	1071	182	13	1.80615416	9.25745323
1017	1071	182	14	2.70202731	29.41933345
1017	1071	182	15	0.15137895	0.78754533
1017	1071	182	16	0.61175776	3.35779396
1017	1071	182	17	0.14956536	1.85476754
1017	1071	182	18	0.11976659	0.52678941
1017	1071	182	19	1.08647656	20.57795086
1017	1071	183	0	1.08980518	6.65986495
1017	1071	183	1	0.88741249	3.34706863
1017	1071	183	2	1.23321180	4.81678026
1017	1071	183	3	0.16135917	1.38335548
1017	1071	183	4	2.92932970	13.06983776
1017	1071	183	5	0.18293277	0.76493633
1017	1071	183	6	3.40312155	12.95273708
1017	1071	183	7	1.74624087	11.71965003
1017	1071	183	8	0.24664169	0.88269041
1017	1071	183	9	1.20344513	6.27654408
1017	1071	183	10	0.05455693	0.19699798
1017	1071	183	11	1.54854277	11.77889217
1017	1071	183	12	1.59775790	8.42738598
1017	1071	183	13	1.80615420	9.25745288
1017	1071	183	14	2.70202716	29.41933196
1017	1071	183	15	0.15137914	0.78754686
1017	1071	183	16	0.61175771	3.35779339
1017	1071	183	17	0.14956550	1.85476934
1017	1071	183	18	0.11976678	0.52679046
1017	1071	183	19	1.08647646	20.57802761
1017	1071	184	0	1.08980545	6.65986368
1017	1071	184	1	0.88741228	3.34706737
1017	1071	184	2	1.23321243	4.81678269
1017	1071	184	3	0.16135906	1.38335683
1017	1071	184	4	2.92932477	13.06981626
1017	1071	184	5	0.18293299	0.76493778
1017	1071	184	6	3.40311895	12.95272584
1017	1071	184	7	1.74624510	11.71967342
1017	1071	184	8	0.24664247	0.88269426
1017	1071	184	9	1.20344441	6.27654140
1017	1071	184	10	0.05455699	0.19699833
1017	1071	184	11	1.54854486	11.77890996
1017	1071	184	12	1.59775677	8.42737692
1017	1071	184	13	1.80615424	9.25745264
1017	1071	184	14	2.70202703	29.41933046
1017	1071	184	15	0.15137931	0.78754828
1017	1071	184	16	0.61175767	3.35779287
1017	1071	184	17	0.14956562	1.85477114
1017	1071	184	18	0.11976695	0.52679147
1017	1071	184	19	1.08647637	20.57810021
1017	1071	185	0	1.08980575	6.65986290
1017	1071	185	1	0.88741210	3.34706624
1017	1071	185	2	1.23321303	4.81678512
1017	1071	185	3	0.16135894	1.38335791
1017	1071	185	4	2.92932012	13.06979464
1017	1071	185	5	0.18293318	0.76493911
1017	1071	185	6	3.40311655	12.95271495
1017	1071	185	7	1.74624901	11.71969756
1017	1071	185	8	0.24664315	0.88269781
1017	1071	185	9	1.20344372	6.27653852
1017	1071	185	10	0.05455704	0.19699865
1017	1071	185	11	1.54854670	11.77892749
1017	1071	185	12	1.59775579	8.42736845
1017	1071	185	13	1.80615430	9.25745249
1017	1071	185	14	2.70202692	29.41932896
1017	1071	185	15	0.15137945	0.78754959
1017	1071	185	16	0.61175764	3.35779241
1017	1071	185	17	0.14956571	1.85477291
1017	1071	185	18	0.11976710	0.52679241
1017	1071	185	19	1.08647630	20.57816890
1017	1071	186	0	1.08980606	6.65986254
1017	1071	186	1	0.88741196	3.34706523
1017	1071	186	2	1.23321359	4.81678753
1017	1071	186	3	0.16135881	1.38335874
1017	1071	186	4	2.92931579	13.06977322
1017	1071	186	5	0.18293334	0.76494031
1017	1071	186	6	3.40311436	12.95270453
1017	1071	186	7	1.74625259	11.71972202
1017	1071	186	8	0.24664375	0.88270105
1017	1071	186	9	1.20344306	6.27653551
1017	1071	186	10	0.05455708	0.19699892
1017	1071	186	11	1.54854831	11.77894456
1017	1071	186	12	1.59775497	8.42736061
1017	1071	186	13	1.80615436	9.25745243
1017	1071	186	14	2.70202684	29.41932749
1017	1071	186	15	0.15137956	0.78755078
1017	1071	186	16	0.61175761	3.35779199
1017	1071	186	17	0.14956577	1.85477463
1017	1071	186	18	0.11976723	0.52679329
1017	1071	186	19	1.08647625	20.57823389
1017	1071	187	0	1.08980639	6.65986256
1017	1071	187	1	0.88741184	3.34706435
1017	1071	187	2	1.23321411	4.81678989
1017	1071	187	3	0.16135867	1.38335935
1017	1071	187	4	2.92931179	13.06975227
1017	1071	187	5	0.18293347	0.76494138
1017	1071	187	6	3.40311238	12.95269465
1017	1071	187	7	1.74625583	11.71974640
1017	1071	187	8	0.24664425	0.88270398
1017	1071	187	9	1.20344244	6.27653241
1017	1071	187	10	0.05455711	0.19699917
1017	1071	187	11	1.54854968	11.77896099
1017	1071	187	12	1.59775428	8.42735343
1017	1071	187	13	1.80615443	9.25745244
1017	1071	187	14	2.70202677	29.41932608
1017	1071	187	15	0.15137965	0.78755187
1017	1071	187	16	0.61175760	3.35779163
1017	1071	187	17	0.14956582	1.85477628
1017	1071	187	18	0.11976735	0.52679411
1017	1071	187	19	1.08647620	20.57829539
1017	1071	188	0	1.08980673	6.65986290
1017	1071	188	1	0.88741175	3.34706358
1017	1071	188	2	1.23321459	4.81679216
1017	1071	188	3	0.16135853	1.38335974
1017	1071	188	4	2.92930814	13.06973202
1017	1071	188	5	0.18293357	0.76494233
1017	1071	188	6	3.40311061	12.95268539
1017	1071	188	7	1.74625873	11.71977040
1017	1071	188	8	0.24664467	0.88270659
1017	1071	188	9	1.20344186	6.27652928
1017	1071	188	10	0.05455714	0.19699937
1017	1071	188	11	1.54855084	11.77897664
1017	1071	188	12	1.59775372	8.42734693
1017	1071	188	13	1.80615450	9.25745252
1017	1071	188	14	2.70202672	29.41932472
1017	1071	188	15	0.15137972	0.78755283
1017	1071	188	16	0.61175759	3.35779131
1017	1071	188	17	0.14956585	1.85477784
1017	1071	188	18	0.11976744	0.52679485
1017	1071	188	19	1.08647617	20.57835359
1017	1071	189	0	1.08980707	6.65986353
1017	1071	189	1	0.88741169	3.34706293
1017	1071	189	2	1.23321503	4.81679434
1017	1071	189	3	0.16135839	1.38335996
1017	1071	189	4	2.92930485	13.06971266
1017	1071	189	5	0.18293365	0.76494315
1017	1071	189	6	3.40310904	12.95267679
1017	1071	189	7	1.74626129	11.71979371
1017	1071	189	8	0.24664501	0.88270889
1017	1071	189	9	1.20344133	6.27652618
1017	1071	189	10	0.05455715	0.19699954
1017	1071	189	11	1.54855179	11.77899139
1017	1071	189	12	1.59775328	8.42734109
1017	1071	189	13	1.80615458	9.25745266
1017	1071	189	14	2.70202668	29.41932344
1017	1071	189	15	0.15137978	0.78755368
1017	1071	189	16	0.61175758	3.35779105
1017	1071	189	17	0.14956586	1.85477930
1017	1071	189	18	0.11976753	0.52679553
1017	1071	189	19	1.08647614	20.57840869
1017	1071	190	0	1.08980741	6.65986440
1017	1071	190	1	0.88741165	3.34706239
1017	1071	190	2	1.23321543	4.81679639
1017	1071	190	3	0.16135825	1.38336001
1017	1071	190	4	2.92930190	13.06969434
1017	1071	190	5	0.18293371	0.76494386
1017	1071	190	6	3.40310768	12.95266889
1017	1071	190	7	1.74626352	11.71981611
1017	1071	190	8	0.24664528	0.88271089
1017	1071	190	9	1.20344084	6.27652314
1017	1071	190	10	0.05455716	0.19699969
1017	1071	190	11	1.54855254	11.77900514
1017	1071	190	12	1.59775296	8.42733593
1017	1071	190	13	1.80615465	9.25745284
1017	1071	190	14	2.70202666	29.41932224
1017	1071	190	15	0.15137981	0.78755442
1017	1071	190	16	0.61175758	3.35779083
1017	1071	190	17	0.14956586	1.85478066
1017	1071	190	18	0.11976759	0.52679613
1017	1071	190	19	1.08647613	20.57846086
1017	1071	191	0	1.08980773	6.65986545
1017	1071	191	1	0.88741163	3.34706195
1017	1071	191	2	1.23321578	4.81679832
1017	1071	191	3	0.16135812	1.38335991
1017	1071	191	4	2.92929931	13.06967719
1017	1071	191	5	0.18293374	0.76494445
1017	1071	191	6	3.40310652	12.95266170
1017	1071	191	7	1.74626543	11.71983741
1017	1071	191	8	0.24664548	0.88271261
1017	1071	191	9	1.20344040	6.27652019
1017	1071	191	10	0.05455717	0.19699980
1017	1071	191	11	1.54855312	11.77901785
1017	1071	191	12	1.59775274	8.42733142
1017	1071	191	13	1.80615473	9.25745306
1017	1071	191	14	2.70202665	29.41932113
1017	1071	191	15	0.15137983	0.78755505
1017	1071	191	16	0.61175759	3.35779065
1017	1071	191	17	0.14956585	1.85478191
1017	1071	191	18	0.11976764	0.52679666
1017	1071	191	19	1.08647612	20.57851026
1017	1071	192	0	1.08980805	6.65986666
1017	1071	192	1	0.88741162	3.34706160
1017	1071	192	2	1.23321609	4.81680010
1017	1071	192	3	0.16135799	1.38335969
1017	1071	192	4	2.92929706	13.06966129
1017	1071	192	5	0.18293376	0.76494494
1017	1071	192	6	3.40310554	12.95265523
1017	1071	192	7	1.74626704	11.71985744
1017	1071	192	8	0.24664562	0.88271404
1017	1071	192	9	1.20344000	6.27651737
1017	1071	192	10	0.05455716	0.19699988
1017	1071	192	11	1.54855353	11.77902946
1017	1071	192	12	1.59775261	8.42732755
1017	1071	192	13	1.80615480	9.25745331
1017	1071	192	14	2.70202666	29.41932011
1017	1071	192	15	0.15137983	0.78755558
1017	1071	192	16	0.61175760	3.35779051
1017	1071	192	17	0.14956582	1.85478304
1017	1071	192	18	0.11976768	0.52679712
1017	1071	192	19	1.08647612	20.57855704
1017	1071	193	0	1.08980835	6.65986799
1017	1071	193	1	0.88741164	3.34706135
1017	1071	193	2	1.23321636	4.81680174
1017	1071	193	3	0.16135786	1.38335937
1017	1071	193	4	2.92929513	13.06964670
1017	1071	193	5	0.18293376	0.76494533
1017	1071	193	6	3.40310474	12.95264949
1017	1071	193	7	1.74626837	11.71987610
1017	1071	193	8	0.24664571	0.88271521
1017	1071	193	9	1.20343966	6.27651469
1017	1071	193	10	0.05455716	0.19699994
1017	1071	193	11	1.54855380	11.77903996
1017	1071	193	12	1.59775256	8.42732428
1017	1071	193	13	1.80615487	9.25745359
1017	1071	193	14	2.70202667	29.41931919
1017	1071	193	15	0.15137983	0.78755602
1017	1071	193	16	0.61175762	3.35779040
1017	1071	193	17	0.14956578	1.85478405
1017	1071	193	18	0.11976771	0.52679752
1017	1071	193	19	1.08647613	20.57860135
1017	1071	194	0	1.08980864	6.65986941
1017	1071	194	1	0.88741166	3.34706117
1017	1071	194	2	1.23321658	4.81680322
1017	1071	194	3	0.16135774	1.38335895
1017	1071	194	4	2.92929352	13.06963345
1017	1071	194	5	0.18293375	0.76494562
1017	1071	194	6	3.40310410	12.95264445
1017	1071	194	7	1.74626942	11.71989330
1017	1071	194	8	0.24664574	0.88271614
1017	1071	194	9	1.20343935	6.27651218
1017	1071	194	10	0.05455715	0.19699998
1017	1071	194	11	1.54855393	11.77904934
1017	1071	194	12	1.59775258	8.42732158
1017	1071	194	13	1.80615493	9.25745388
1017	1071	194	14	2.70202669	29.41931837
1017	1071	194	15	0.15137981	0.78755636
1017	1071	194	16	0.61175763	3.35779033
1017	1071	194	17	0.14956574	1.85478495
1017	1071	194	18	0.11976772	0.52679785
1017	1071	194	19	1.08647614	20.57864333
1017	1071	195	0	1.08980890	6.65987087
1017	1071	195	1	0.88741170	3.34706106
1017	1071	195	2	1.23321677	4.81680456
1017	1071	195	3	0.16135763	1.38335847
1017	1071	195	4	2.92929220	13.06962156
1017	1071	195	5	0.18293372	0.76494583
1017	1071	195	6	3.40310362	12.95264010
1017	1071	195	7	1.74627023	11.71990900
1017	1071	195	8	0.24664573	0.88271685
1017	1071	195	9	1.20343909	6.27650984
1017	1071	195	10	0.05455714	0.19699999
1017	1071	195	11	1.54855394	11.77905762
1017	1071	195	12	1.59775267	8.42731942
1017	1071	195	13	1.80615500	9.25745418
1017	1071	195	14	2.70202672	29.41931764
1017	1071	195	15	0.15137979	0.78755662
1017	1071	195	16	0.61175765	3.35779029
1017	1071	195	17	0.14956569	1.85478574
1017	1071	195	18	0.11976773	0.52679812
1017	1071	195	19	1.08647615	20.57868311
1017	1071	196	0	1.08980915	6.65987237
1017	1071	196	1	0.88741174	3.34706102
1017	1071	196	2	1.23321693	4.81680574
1017	1071	196	3	0.16135753	1.38335793
1017	1071	196	4	2.92929116	13.06961102
1017	1071	196	5	0.18293368	0.76494597
1017	1071	196	6	3.40310327	12.95263641
1017	1071	196	7	1.74627081	11.71992316
1017	1071	196	8	0.24664568	0.88271735
1017	1071	196	9	1.20343888	6.27650770
1017	1071	196	10	0.05455712	0.19699999
1017	1071	196	11	1.54855385	11.77906482
1017	1071	196	12	1.59775281	8.42731775
1017	1071	196	13	1.80615506	9.25745449
1017	1071	196	14	2.70202675	29.41931701
1017	1071	196	15	0.15137975	0.78755681
1017	1071	196	16	0.61175767	3.35779028
1017	1071	196	17	0.14956564	1.85478641
1017	1071	196	18	0.11976773	0.52679834
1017	1071	196	19	1.08647617	20.57872080
1017	1071	197	0	1.08980937	6.65987386
1017	1071	197	1	0.88741180	3.34706104
1017	1071	197	2	1.23321705	4.81680677
1017	1071	197	3	0.16135744	1.38335736
1017	1071	197	4	2.92929036	13.06960179
1017	1071	197	5	0.18293364	0.76494603
1017	1071	197	6	3.40310305	12.95263334
1017	1071	197	7	1.74627118	11.71993580
1017	1071	197	8	0.24664560	0.88271766
1017	1071	197	9	1.20343870	6.27650575
1017	1071	197	10	0.05455710	0.19699998
1017	1071	197	11	1.54855367	11.77907099
1017	1071	197	12	1.59775300	8.42731655
1017	1071	197	13	1.80615511	9.25745479
1017	1071	197	14	2.70202679	29.41931647
1017	1071	197	15	0.15137971	0.78755692
1017	1071	197	16	0.61175769	3.35779029
1017	1071	197	17	0.14956559	1.85478697
1017	1071	197	18	0.11976772	0.52679850
1017	1071	197	19	1.08647620	20.57875652
1017	1071	198	0	1.08980958	6.65987534
1017	1071	198	1	0.88741186	3.34706110
1017	1071	198	2	1.23321714	4.81680766
1017	1071	198	3	0.16135735	1.38335675
1017	1071	198	4	2.92928980	13.06959384
1017	1071	198	5	0.18293359	0.76494604
1017	1071	198	6	3.40310294	12.95263086
1017	1071	198	7	1.74627137	11.71994692
1017	1071	198	8	0.24664550	0.88271780
1017	1071	198	9	1.20343855	6.27650399
1017	1071	198	10	0.05455708	0.19699995
1017	1071	198	11	1.54855342	11.77907617
1017	1071	198	12	1.59775322	8.42731575
1017	1071	198	13	1.80615516	9.25745509
1017	1071	198	14	2.70202683	29.41931602
1017	1071	198	15	0.15137967	0.78755698
1017	1071	198	16	0.61175772	3.35779031
1017	1071	198	17	0.14956553	1.85478744
1017	1071	198	18	0.11976770	0.52679862
1017	1071	198	19	1.08647622	20.57879037
1017	1071	199	0	1.08980976	6.65987678
1017	1071	199	1	0.88741192	3.34706121
1017	1071	199	2	1.23321720	4.81680841
1017	1071	199	3	0.16135727	1.38335613
1017	1071	199	4	2.92928946	13.06958712
1017	1071	199	5	0.18293353	0.76494599
1017	1071	199	6	3.40310294	12.95262893
1017	1071	199	7	1.74627140	11.71995658
1017	1071	199	8	0.24664537	0.88271780
1017	1071	199	9	1.20343845	6.27650243
1017	1071	199	10	0.05455706	0.19699991
1017	1071	199	11	1.54855311	11.77908042
1017	1071	199	12	1.59775347	8.42731533
1017	1071	199	13	1.80615521	9.25745539
1017	1071	199	14	2.70202688	29.41931565
1017	1071	199	15	0.15137962	0.78755698
1017	1071	199	16	0.61175774	3.35779036
1017	1071	199	17	0.14956547	1.85478781
1017	1071	199	18	0.11976768	0.52679869
1017	1071	199	19	1.08647625	20.57882247
1017	1071	200	0	1.08980993	6.65987817
1017	1071	200	1	0.88741198	3.34706135
1017	1071	200	2	1.23321724	4.81680903
1017	1071	200	3	0.16135721	1.38335551
1017	1071	200	4	2.92928929	13.06958155
1017	1071	200	5	0.18293347	0.76494590
1017	1071	200	6	3.40310302	12.95262749
1017	1071	200	7	1.74627128	11.71996482
1017	1071	200	8	0.24664522	0.88271767
1017	1071	200	9	1.20343837	6.27650106
1017	1071	200	10	0.05455704	0.19699986
1017	1071	200	11	1.54855275	11.77908379
1017	1071	200	12	1.59775374	8.42731524
1017	1071	200	13	1.80615525	9.25745567
1017	1071	200	14	2.70202692	29.41931536
1017	1071	200	15	0.15137957	0.78755693
1017	1071	200	16	0.61175776	3.35779042
1017	1071	200	17	0.14956541	1.85478809
1017	1071	200	18	0.11976765	0.52679873
1017	1071	200	19	1.08647627	20.57885289
