world_seed	cell_seed	time	gene_id	X	P
1018	1074	0	0	0.75082958	0.75082958
1018	1074	0	1	0.36006860	0.36006860
1018	1074	0	2	0.96110377	0.96110377
1018	1074	0	3	0.04143858	0.04143858
1018	1074	0	4	0.93580087	0.93580087
1018	1074	0	5	0.93871814	0.93871814
1018	1074	0	6	0.61424624	0.61424624
1018	1074	0	7	0.40156088	0.40156088
1018	1074	0	8	0.70788933	0.70788933
1018	1074	0	9	0.91224423	0.91224423
1018	1074	0	10	0.15892225	0.15892225
1018	1074	0	11	0.59533104	0.59533104
1018	1074	0	12	0.28046200	0.28046200
1018	1074	0	13	0.24749741	0.24749741
1018	1074	0	14	0.04139331	0.04139331
1018	1074	0	15	0.72155652	0.72155652
1018	1074	0	16	0.79445664	0.79445664
1018	1074	0	17	0.96803144	0.96803144
1018	1074	0	18	0.53281538	0.53281538
1018	1074	0	19	0.15594350	0.15594350
1018	1074	1	0	0.59857625	1.29857722
1018	1074	1	1	0.25190754	0.62678251
1018	1074	1	2	1.06170897	1.79038340
1018	1074	1	3	0.68748292	0.07527414
1018	1074	1	4	0.82347488	1.60837823
1018	1074	1	5	0.89105447	1.64697369
1018	1074	1	6	0.86162600	1.17132787
1018	1074	1	7	0.29139650	0.73482661
1018	1074	1	8	0.54892867	1.22800828
1018	1074	1	9	0.60781171	1.75112058
1018	1074	1	10	0.40832428	0.30661020
1018	1074	1	11	0.43209707	1.04711317
1018	1074	1	12	0.56974023	0.52095337
1018	1074	1	13	0.28957286	0.46129633
1018	1074	1	14	0.04636031	0.07257174
1018	1074	1	15	0.64715228	1.38265623
1018	1074	1	16	0.45692089	1.38421095
1018	1074	1	17	0.88471809	1.67889405
1018	1074	1	18	0.85307486	1.03716368
1018	1074	1	19	0.11932428	0.28407068
1018	1074	2	0	0.59754263	1.54591853
1018	1074	2	1	0.19454299	0.71618466
1018	1074	2	2	1.10676700	2.60652495
1018	1074	2	3	1.01349557	0.74894602
1018	1074	2	4	0.76686378	1.97944602
1018	1074	2	5	0.80801661	2.13368336
1018	1074	2	6	1.02546890	1.92394468
1018	1074	2	7	0.21185079	0.90124806
1018	1074	2	8	0.42579373	1.45120300
1018	1074	2	9	0.44214318	2.21809721
1018	1074	2	10	0.53133552	0.69326005
1018	1074	2	11	0.31373320	1.22672558
1018	1074	2	12	0.78248522	1.01644885
1018	1074	2	13	0.49126598	0.68806052
1018	1074	2	14	0.09151232	0.10102308
1018	1074	2	15	0.57959473	1.91396034
1018	1074	2	16	0.37881954	1.48447148
1018	1074	2	17	0.79513494	2.11759437
1018	1074	2	18	0.97928611	1.83482533
1018	1074	2	19	0.11445474	0.35272404
1018	1074	3	0	0.70837801	1.72532616
1018	1074	3	1	0.16478772	0.72504304
1018	1074	3	2	1.12742584	3.35578329
1018	1074	3	3	1.12027230	1.62502750
1018	1074	3	4	0.69165545	2.18952819
1018	1074	3	5	0.73221636	2.41786416
1018	1074	3	6	1.05321385	2.77036237
1018	1074	3	7	0.20010429	0.95981981
1018	1074	3	8	0.34657227	1.49205952
1018	1074	3	9	0.34689408	2.48184839
1018	1074	3	10	0.60479889	1.17558867
1018	1074	3	11	0.24169115	1.24466517
1018	1074	3	12	0.84889376	1.65407275
1018	1074	3	13	0.72587530	1.08564232
1018	1074	3	14	0.14032024	0.16760532
1018	1074	3	15	0.52969569	2.33319071
1018	1074	3	16	0.38365010	1.48079719
1018	1074	3	17	0.72163623	2.35016570
1018	1074	3	18	1.02542456	2.71608104
1018	1074	3	19	0.12221000	0.40426186
1018	1074	4	0	0.87480101	1.96704358
1018	1074	4	1	0.15175096	0.70184943
1018	1074	4	2	1.14003443	4.02293285
1018	1074	4	3	1.10735544	2.44714524
1018	1074	4	4	0.55209646	2.26530979
1018	1074	4	5	0.66848639	2.55647612
1018	1074	4	6	0.92242370	3.56575346
1018	1074	4	7	0.31533754	0.99668352
1018	1074	4	8	0.33940202	1.44285723
1018	1074	4	9	0.28655354	2.62913810
1018	1074	4	10	0.64839014	1.69728461
1018	1074	4	11	0.23609404	1.18623703
1018	1074	4	12	0.76665469	2.26723289
1018	1074	4	13	0.92852113	1.66369994
1018	1074	4	14	0.18581028	0.26656458
1018	1074	4	15	0.49276234	2.66739612
1018	1074	4	16	0.41719141	1.48290020
1018	1074	4	17	0.66324018	2.44745303
1018	1074	4	18	1.02894065	3.59639178
1018	1074	4	19	0.13601191	0.45436191
1018	1074	5	0	1.05603420	2.30980505
1018	1074	5	1	0.15299310	0.67163246
1018	1074	5	2	1.15067862	4.61118535
1018	1074	5	3	1.03813732	3.10550672
1018	1074	5	4	0.41065928	2.18021644
1018	1074	5	5	0.60726486	2.59732781
1018	1074	5	6	0.74824236	4.15633163
1018	1074	5	7	0.51316920	1.14251091
1018	1074	5	8	0.40397791	1.39953579
1018	1074	5	9	0.24450314	2.70424138
1018	1074	5	10	0.66427591	2.22569286
1018	1074	5	11	0.29337013	1.13630024
1018	1074	5	12	0.64468246	2.71076818
1018	1074	5	13	1.08481421	2.36569685
1018	1074	5	14	0.23704510	0.38659310
1018	1074	5	15	0.45836544	2.93666622
1018	1074	5	16	0.47391681	1.51800264
1018	1074	5	17	0.60924455	2.46049880
1018	1074	5	18	0.99557305	4.43318569
1018	1074	5	19	0.15715793	0.50932730
1018	1074	6	0	1.22970693	2.74109070
1018	1074	6	1	0.16873262	0.65049195
1018	1074	6	2	1.16068382	5.12939784
1018	1074	6	3	0.94733710	3.57385615
1018	1074	6	4	0.30290477	1.97762110
1018	1074	6	5	0.54147505	2.56692855
1018	1074	6	6	0.59194463	4.51776651
1018	1074	6	7	0.72808189	1.46136848
1018	1074	6	8	0.51345101	1.43228142
1018	1074	6	9	0.21335385	2.73125404
1018	1074	6	10	0.65455068	2.73263342
1018	1074	6	11	0.38778124	1.15568052
1018	1074	6	12	0.52919370	2.96911988
1018	1074	6	13	1.19954142	3.12840513
1018	1074	6	14	0.30349244	0.52823628
1018	1074	6	15	0.41943513	3.14897818
1018	1074	6	16	0.55376146	1.60078588
1018	1074	6	17	0.55156245	2.41608317
1018	1074	6	18	0.92857084	5.19190406
1018	1074	6	19	0.18818089	0.57563430
1018	1074	7	0	1.38575036	3.22939635
1018	1074	7	1	0.19845056	0.65057205
1018	1074	7	2	1.16930518	5.58653798
1018	1074	7	3	0.85281386	3.86547417
1018	1074	7	4	0.23041327	1.72425758
1018	1074	7	5	0.47137952	2.47820275
1018	1074	7	6	0.46871644	4.68926686
1018	1074	7	7	0.92382604	1.94090930
1018	1074	7	8	0.63912562	1.56581423
1018	1074	7	9	0.19046314	2.72494489
1018	1074	7	10	0.62532137	3.19401288
1018	1074	7	11	0.49307161	1.26479885
1018	1074	7	12	0.43238994	3.07516329
1018	1074	7	13	1.28197080	3.90199262
1018	1074	7	14	0.38806520	0.70137265
1018	1074	7	15	0.37485196	3.30457092
1018	1074	7	16	0.64893948	1.74208357
1018	1074	7	17	0.48882047	2.32578497
1018	1074	7	18	0.83785415	5.84308369
1018	1074	7	19	0.22934996	0.66113679
1018	1074	8	0	1.52095204	3.74167010
1018	1074	8	1	0.23962933	0.68034932
1018	1074	8	2	1.17494238	5.98959853
1018	1074	8	3	0.76324666	4.00906387
1018	1074	8	4	0.18492807	1.46966903
1018	1074	8	5	0.40180888	2.34116428
1018	1074	8	6	0.37744030	4.72157841
1018	1074	8	7	1.08668978	2.53463675
1018	1074	8	8	0.76075497	1.78960157
1018	1074	8	9	0.17568940	2.69625246
1018	1074	8	10	0.58413089	3.59354789
1018	1074	8	11	0.59147584	1.45289644
1018	1074	8	12	0.35546728	3.06928995
1018	1074	8	13	1.34078639	4.65268023
1018	1074	8	14	0.48644486	0.91635586
1018	1074	8	15	0.32776542	3.40254388
1018	1074	8	16	0.74699390	1.94215204
1018	1074	8	17	0.42458359	2.19673357
1018	1074	8	18	0.73668967	6.36875564
1018	1074	8	19	0.27809130	0.77255691
1018	1074	9	0	1.63553976	4.25058740
1018	1074	9	1	0.28819644	0.74358503
1018	1074	9	2	1.17570420	6.34301284
1018	1074	9	3	0.68243646	4.03674102
1018	1074	9	4	0.15816813	1.24120634
1018	1074	9	5	0.33780435	2.16819919
1018	1074	9	6	0.31273547	4.65960674
1018	1074	9	7	1.21412593	3.19025022
1018	1074	9	8	0.86656287	2.07565780
1018	1074	9	9	0.17005799	2.65509389
1018	1074	9	10	0.53731905	3.92364909
1018	1074	9	11	0.67339822	1.69404333
1018	1074	9	12	0.29635837	2.98733100
1018	1074	9	13	1.38281173	5.35997213
1018	1074	9	14	0.59032801	1.17666603
1018	1074	9	15	0.28240568	3.44522148
1018	1074	9	16	0.83739135	2.18872464
1018	1074	9	17	0.36359625	2.03772929
1018	1074	9	18	0.63635957	6.76517769
1018	1074	9	19	0.33032009	0.91284386
1018	1074	10	0	1.73126532	4.73644213
1018	1074	10	1	0.33975233	0.83899279
1018	1074	10	2	1.16970108	6.64871498
1018	1074	10	3	0.61164419	3.97852985
1018	1074	10	4	0.14404027	1.05024605
1018	1074	10	5	0.28238749	1.97369383
1018	1074	10	6	0.26896658	4.53869762
1018	1074	10	7	1.30827905	3.86179690
1018	1074	10	8	0.95078719	2.39164440
1018	1074	10	9	0.17480958	2.61161412
1018	1074	10	10	0.48924706	4.18360342
1018	1074	10	11	0.73485121	1.95896616
1018	1074	10	12	0.25229112	2.85794369
1018	1074	10	13	1.41302290	6.01298671
1018	1074	10	14	0.69143196	1.47662103
1018	1074	10	15	0.24187382	3.43896353
1018	1074	10	16	0.91451113	2.46216197
1018	1074	10	17	0.30928595	1.85997901
1018	1074	10	18	0.54398952	7.04008974
1018	1074	10	19	0.38208638	1.08033602
1018	1074	11	0	1.81039033	5.18661002
1018	1074	11	1	0.39059718	0.96122014
1018	1074	11	2	1.15532238	6.90648417
1018	1074	11	3	0.55085869	3.86020681
1018	1074	11	4	0.13852287	0.89887150
1018	1074	11	5	0.23644952	1.77152419
1018	1074	11	6	0.24140191	4.38527197
1018	1074	11	7	1.37290903	4.51328395
1018	1074	11	8	1.01148667	2.70803866
1018	1074	11	9	0.19057506	2.57638282
1018	1074	11	10	0.44257618	4.37710946
1018	1074	11	11	0.77523559	2.22146260
1018	1074	11	12	0.22064399	2.70292903
1018	1074	11	13	1.43491188	6.60730001
1018	1074	11	14	0.78387464	1.80365826
1018	1074	11	15	0.20757198	3.39269805
1018	1074	11	16	0.97703483	2.74226431
1018	1074	11	17	0.26317074	1.67513987
1018	1074	11	18	0.46295439	7.20794383
1018	1074	11	19	0.43050567	1.26971816
1018	1074	12	0	1.87517844	5.59414297
1018	1074	12	1	0.43816954	1.10260256
1018	1074	12	2	1.13162360	7.11451926
1018	1074	12	3	0.49948460	3.70280777
1018	1074	12	4	0.13908359	0.78455841
1018	1074	12	5	0.19947688	1.57305079
1018	1074	12	6	0.22639203	4.21856016
1018	1074	12	7	1.41204553	5.11859984
1018	1074	12	8	1.04904587	3.00120759
1018	1074	12	9	0.21671245	2.55975051
1018	1074	12	10	0.39877858	4.51026559
1018	1074	12	11	0.79586274	2.46104909
1018	1074	12	12	0.19919956	2.53835948
1018	1074	12	13	1.45087545	7.14258244
1018	1074	12	14	0.86463922	2.14243321
1018	1074	12	15	0.17958608	3.31600715
1018	1074	12	16	1.02615258	3.01271826
1018	1074	12	17	0.22529412	1.49329018
1018	1074	12	18	0.39409797	7.28579475
1018	1074	12	19	0.47392713	1.47373867
1018	1074	13	0	1.92766444	5.95623584
1018	1074	13	1	0.48101695	1.25490123
1018	1074	13	2	1.09870547	7.27032166
1018	1074	13	3	0.45671130	3.52291370
1018	1074	13	4	0.14414913	0.70296021
1018	1074	13	5	0.17028419	1.38633151
1018	1074	13	6	0.22123219	4.05235344
1018	1074	13	7	1.42947025	5.66010361
1018	1074	13	8	1.06523606	3.25417152
1018	1074	13	9	0.25112563	2.57059325
1018	1074	13	10	0.35856651	4.59021124
1018	1074	13	11	0.79905713	2.66349255
1018	1074	13	12	0.18617487	2.37579947
1018	1074	13	13	1.46253578	7.62094605
1018	1074	13	14	0.93297250	2.47837120
1018	1074	13	15	0.15727549	3.21775604
1018	1074	13	16	1.06405722	3.26260390
1018	1074	13	17	0.19486767	1.32187437
1018	1074	13	18	0.33683634	7.29062986
1018	1074	13	19	0.51170108	1.68478862
1018	1074	14	0	1.96957406	6.27287702
1018	1074	14	1	0.51854941	1.41056095
1018	1074	14	2	1.05783558	7.37183622
1018	1074	14	3	0.42170210	3.33325267
1018	1074	14	4	0.15272016	0.64937961
1018	1074	14	5	0.14750300	1.21626056
1018	1074	14	6	0.22394577	3.89645485
1018	1074	14	7	1.42858393	6.12693628
1018	1074	14	8	1.06263348	3.45622599
1018	1074	14	9	0.29072824	2.61497714
1018	1074	14	10	0.32218947	4.62429343
1018	1074	14	11	0.78762663	2.82031633
1018	1074	14	12	0.18016916	2.22338234
1018	1074	14	13	1.47098104	8.04583749
1018	1074	14	14	0.98952516	2.79974101
1018	1074	14	15	0.13972758	3.10542647
1018	1074	14	16	1.09306206	3.48600783
1018	1074	14	17	0.17077028	1.16557071
1018	1074	14	18	0.28991441	7.23794501
1018	1074	14	19	0.54384770	1.89596662
1018	1074	15	0	2.00232454	6.54578374
1018	1074	15	1	0.55075527	1.56339537
1018	1074	15	2	1.01119922	7.41855723
1018	1074	15	3	0.39368071	3.14338082
1018	1074	15	4	0.16411244	0.61944128
1018	1074	15	5	0.12984128	1.06516217
1018	1074	15	6	0.23307065	3.75777848
1018	1074	15	7	1.41244124	6.51348644
1018	1074	15	8	1.04424765	3.60208215
1018	1074	15	9	0.33225332	2.69539403
1018	1074	15	10	0.28962529	4.61958928
1018	1074	15	11	0.76454518	2.92789554
1018	1074	15	12	0.18008374	2.08668154
1018	1074	15	13	1.47693855	8.42132229
1018	1074	15	14	1.03563513	3.09835710
1018	1074	15	15	0.12602093	2.98496070
1018	1074	15	16	1.11520414	3.68085360
1018	1074	15	17	0.15184777	1.02669355
1018	1074	15	18	0.25185758	7.14115306
1018	1074	15	19	0.57077014	2.10162249
1018	1074	16	0	2.02706418	6.77762603
1018	1074	16	1	0.57796234	1.70881039
1018	1074	16	2	0.96140694	7.41223367
1018	1074	16	3	0.37196050	2.96032462
1018	1074	16	4	0.17778797	0.60931632
1018	1074	16	5	0.11619126	0.93349788
1018	1074	16	6	0.24747366	3.64113285
1018	1074	16	7	1.38384382	6.81815171
1018	1074	16	8	1.01326768	3.69086356
1018	1074	16	9	0.37293931	2.81086842
1018	1074	16	10	0.26069953	4.58265350
1018	1074	16	11	0.73275270	2.98645332
1018	1074	16	12	0.18503593	1.96937753
1018	1074	16	13	1.48089630	8.75163975
1018	1074	16	14	1.07285366	3.36939186
1018	1074	16	15	0.11534534	2.86088172
1018	1074	16	16	1.13212709	3.84763684
1018	1074	16	17	0.13705971	0.90578821
1018	1074	16	18	0.22121472	7.01147564
1018	1074	16	19	0.59305014	2.29751707
1018	1074	17	0	2.04472487	6.97150001
1018	1074	17	1	0.60066573	1.84373084
1018	1074	17	2	0.91099146	7.35698517
1018	1074	17	3	0.35594519	2.78913474
1018	1074	17	4	0.19324833	0.61571486
1018	1074	17	5	0.10565374	0.82050818
1018	1074	17	6	0.26619921	3.54974582
1018	1074	17	7	1.34543390	7.04240386
1018	1074	17	8	0.97287568	3.72511540
1018	1074	17	9	0.41085425	2.95774169
1018	1074	17	10	0.23515887	4.51940297
1018	1074	17	11	0.69502036	2.99909891
1018	1074	17	12	0.19427616	1.87374353
1018	1074	17	13	1.48318627	9.04093996
1018	1074	17	14	1.10268011	3.61076025
1018	1074	17	15	0.10703781	2.73652331
1018	1074	17	16	1.14509523	3.98836912
1018	1074	17	17	0.12553256	0.80221473
1018	1074	17	18	0.19667351	6.85808372
1018	1074	17	19	0.61131905	2.48074909
1018	1074	18	0	2.05607282	7.13059627
1018	1074	18	1	0.61941606	1.96637397
1018	1074	18	2	0.86205993	7.25889902
1018	1074	18	3	0.34511789	2.63333889
1018	1074	18	4	0.20997265	0.63577397
1018	1074	18	5	0.09752276	0.72472080
1018	1074	18	6	0.28835288	3.48558924
1018	1074	18	7	1.29975860	7.19010658
1018	1074	18	8	0.92610306	3.70988980
1018	1074	18	9	0.44489902	3.13071752
1018	1074	18	10	0.21271583	4.43508298
1018	1074	18	11	0.65385673	2.97096299
1018	1074	18	12	0.20711349	1.80097924
1018	1074	18	13	1.48403991	9.29313993
1018	1074	18	14	1.12643914	3.82239115
1018	1074	18	15	0.10057768	2.61427694
1018	1074	18	16	1.15505543	4.10580799
1018	1074	18	17	0.11656331	0.71462960
1018	1074	18	18	0.17710316	6.68834596
1018	1074	18	19	0.62618456	2.64956612
1018	1074	19	0	2.06175141	7.25800865
1018	1074	19	1	0.63475343	2.07596985
1018	1074	19	2	0.81614274	7.12533475
1018	1074	19	3	0.33902703	2.49530064
1018	1074	19	4	0.22739051	0.66691515
1018	1074	19	5	0.09125561	0.64431898
1018	1074	19	6	0.31302127	3.44955704
1018	1074	19	7	1.24929265	7.26701357
1018	1074	19	8	0.87572154	3.65193023
1018	1074	19	9	0.47463993	3.32382642
1018	1074	19	10	0.19307567	4.33428058
1018	1074	19	11	0.61144543	2.90844770
1018	1074	19	12	0.22285420	1.75142243
1018	1074	19	13	1.48362436	9.51185478
1018	1074	19	14	1.14524209	4.00555564
1018	1074	19	15	0.09556564	2.49581307
1018	1074	19	16	1.16270687	4.20294737
1018	1074	19	17	0.10960097	0.64134323
1018	1074	19	18	0.16155854	6.50810654
1018	1074	19	19	0.63819438	2.80313604
1018	1074	20	0	2.06231509	7.35663753
1018	1074	20	1	0.64717258	2.17248826
1018	1074	20	2	0.77419603	6.96417285
1018	1074	20	3	0.33727253	2.37649833
1018	1074	20	4	0.24488309	0.70671474
1018	1074	20	5	0.08644045	0.57738929
1018	1074	20	6	0.33922921	3.44154655
1018	1074	20	7	1.19642084	7.28037473
1018	1074	20	8	0.82416766	3.55896314
1018	1074	20	9	0.50009827	3.53114531
1018	1074	20	10	0.17595204	4.22096379
1018	1074	20	11	0.56961159	2.81859508
1018	1074	20	12	0.24075835	1.72466902
1018	1074	20	13	1.48206586	9.70037453
1018	1074	20	14	1.15999229	4.16232247
1018	1074	20	15	0.09169943	2.38226284
1018	1074	20	16	1.16856276	4.28270895
1018	1074	20	17	0.10422078	0.58056389
1018	1074	20	18	0.14926564	6.32195227
1018	1074	20	19	0.64782240	2.94132284
1018	1074	21	0	2.05825611	7.42915328
1018	1074	21	1	0.65710798	2.25640157
1018	1074	21	2	0.73669112	6.78316906
1018	1074	21	3	0.33949305	2.27773895
1018	1074	21	4	0.26180595	0.75281203
1018	1074	21	5	0.08276717	0.52207620
1018	1074	21	6	0.36593371	3.46048950
1018	1074	21	7	1.14339093	7.23859168
1018	1074	21	8	0.77350082	3.43910205
1018	1074	21	9	0.52156523	3.74724877
1018	1074	21	10	0.16107567	4.09853379
1018	1074	21	11	0.52981536	2.70857429
1018	1074	21	12	0.26001892	1.71963258
1018	1074	21	13	1.47946521	9.86166753
1018	1074	21	14	1.17140970	4.29515320
1018	1074	21	15	0.08875165	2.27436040
1018	1074	21	16	1.17299948	4.34777478
1018	1074	21	17	0.10009863	0.53055111
1018	1074	21	18	0.13959953	6.13345089
1018	1074	21	19	0.65546771	3.06448868
1018	1074	22	0	2.05002551	7.47799622
1018	1074	22	1	0.66493072	2.32849414
1018	1074	22	2	0.70373465	6.58948668
1018	1074	22	3	0.34535430	2.19932015
1018	1074	22	4	0.27752553	0.80286586
1018	1074	22	5	0.08000315	0.47666962
1018	1074	22	6	0.39205066	3.50437402
1018	1074	22	7	1.09225339	7.15088494
1018	1074	22	8	0.72539326	3.30036774
1018	1074	22	9	0.53946493	3.96743893
1018	1074	22	10	0.14819880	3.96988206
1018	1074	22	11	0.49316926	2.58528598
1018	1074	22	12	0.27976587	1.73457449
1018	1074	22	13	1.47590829	9.99839872
1018	1074	22	14	1.18006141	4.40662189
1018	1074	22	15	0.08655148	2.17255096
1018	1074	22	16	1.17629385	4.40051225
1018	1074	22	17	0.09698854	0.48970266
1018	1074	22	18	0.13206070	5.94535457
1018	1074	22	19	0.66146021	3.17333020
1018	1074	23	0	2.03804994	7.50539768
1018	1074	23	1	0.67095179	2.38971807
1018	1074	23	2	0.67518511	6.38941314
1018	1074	23	3	0.35453820	2.14115060
1018	1074	23	4	0.29146022	0.85456004
1018	1074	23	5	0.07797408	0.43964668
1018	1074	23	6	0.41650580	3.57029141
1018	1074	23	7	1.04480424	7.02695731
1018	1074	23	8	0.68114689	3.15032569
1018	1074	23	9	0.55426404	4.18781984
1018	1074	23	10	0.13709682	3.83744791
1018	1074	23	11	0.46047380	2.45507941
1018	1074	23	12	0.29909416	1.76713387
1018	1074	23	13	1.47147357	10.11295610
1018	1074	23	14	1.18639134	4.49923449
1018	1074	23	15	0.08497036	2.07707163
1018	1074	23	16	1.17865053	4.44295558
1018	1074	23	17	0.09470431	0.45659598
1018	1074	23	18	0.12625283	5.75976897
1018	1074	23	19	0.66606906	3.26874969
1018	1074	24	0	2.02274463	7.51341211
1018	1074	24	1	0.67542858	2.44108959
1018	1074	24	2	0.65074969	6.18823197
1018	1074	24	3	0.36673345	2.10283771
1018	1074	24	4	0.30311795	0.90564831
1018	1074	24	5	0.07654926	0.40968409
1018	1074	24	6	0.43829836	3.65452935
1018	1074	24	7	1.00254276	6.87665743
1018	1074	24	8	0.64172966	2.99583650
1018	1074	24	9	0.56641803	4.40527557
1018	1074	24	10	0.12756835	3.70327362
1018	1074	24	11	0.43226451	2.32357336
1018	1074	24	12	0.31711041	1.81438128
1018	1074	24	13	1.46623775	10.20748099
1018	1074	24	14	1.19074636	4.57532245
1018	1074	24	15	0.08391108	1.98801107
1018	1074	24	16	1.18022181	4.47681950
1018	1074	24	17	0.09310490	0.43000025
1018	1074	24	18	0.12186311	5.57829091
1018	1074	24	19	0.66951192	3.35175764
1018	1074	25	0	2.00452292	7.50395352
1018	1074	25	1	0.67857248	2.48361885
1018	1074	25	2	0.63005724	5.99020921
1018	1074	25	3	0.38162747	2.08374959
1018	1074	25	4	0.31212419	0.95402411
1018	1074	25	5	0.07563029	0.38565273
1018	1074	25	6	0.45656513	3.75272028
1018	1074	25	7	0.96664962	6.70965820
1018	1074	25	8	0.60782337	2.84290893
1018	1074	25	9	0.57634295	4.61739626
1018	1074	25	10	0.11943426	3.56905571
1018	1074	25	11	0.40886342	2.19556737
1018	1074	25	12	0.33298971	1.87291137
1018	1074	25	13	1.46027981	10.28389983
1018	1074	25	14	1.19339811	4.63698873
1018	1074	25	15	0.08329968	1.90535333
1018	1074	25	16	1.18112207	4.50352921
1018	1074	25	17	0.09208319	0.40887057
1018	1074	25	18	0.11864548	5.40211906
1018	1074	25	19	0.67196381	3.42340195
1018	1074	26	0	1.98380201	7.47883154
1018	1074	26	1	0.68055660	2.51826549
1018	1074	26	2	0.61270901	5.79865463
1018	1074	26	3	0.39890054	2.08305772
1018	1074	26	4	0.31823811	0.99779893
1018	1074	26	5	0.07514272	0.36660228
1018	1074	26	6	0.47063435	3.86003987
1018	1074	26	7	0.93798451	6.53516809
1018	1074	26	8	0.57987487	2.69663971
1018	1074	26	9	0.58440348	4.82238193
1018	1074	26	10	0.11253617	3.43619164
1018	1074	26	11	0.39042853	2.07502566
1018	1074	26	12	0.34603240	1.93897922
1018	1074	26	13	1.45368389	10.34395578
1018	1074	26	14	1.19456086	4.68608901
1018	1074	26	15	0.08307922	1.82900979
1018	1074	26	16	1.18143813	4.52425707
1018	1074	26	17	0.09155735	0.39233253
1018	1074	26	18	0.11640677	5.23214204
1018	1074	26	19	0.67356519	3.48471864
1018	1074	27	0	1.96100537	7.43978357
1018	1074	27	1	0.68152303	2.54591344
1018	1074	27	2	0.59831158	5.61602528
1018	1074	27	3	0.41822227	2.09976585
1018	1074	27	4	0.32135707	1.03537463
1018	1074	27	5	0.07502967	0.35174130
1018	1074	27	6	0.48006276	3.97144103
1018	1074	27	7	0.91709871	6.36168913
1018	1074	27	8	0.55814438	2.56122046
1018	1074	27	9	0.59091061	5.01894200
1018	1074	27	10	0.10673467	3.30582170
1018	1074	27	11	0.37699714	1.96511463
1018	1074	27	12	0.35571151	2.00867397
1018	1074	27	13	1.44654096	10.38923878
1018	1074	27	14	1.19440572	4.72423526
1018	1074	27	15	0.08320525	1.75884238
1018	1074	27	16	1.18123699	4.53996018
1018	1074	27	17	0.09146425	0.37966217
1018	1074	27	18	0.11499528	5.06900778
1018	1074	27	19	0.67442893	3.53669939
1018	1074	28	0	1.93656156	7.38850052
1018	1074	28	1	0.68158929	2.56735955
1018	1074	28	2	0.58649634	5.44404777
1018	1074	28	3	0.43925071	2.13273017
1018	1074	28	4	0.32151131	1.06549993
1018	1074	28	5	0.07524701	0.34041576
1018	1074	28	6	0.48465231	4.08190309
1018	1074	28	7	0.90425635	6.19682868
1018	1074	28	8	0.54274650	2.43999120
1018	1074	28	9	0.59612465	5.20620073
1018	1074	28	10	0.10190737	3.17886619
1018	1074	28	11	0.36851991	1.86827446
1018	1074	28	12	0.36170382	2.07811513
1018	1074	28	13	1.43894927	10.42121326
1018	1074	28	14	1.19307221	4.75281280
1018	1074	28	15	0.08364224	1.69468008
1018	1074	28	16	1.18057145	4.55141603
1018	1074	28	17	0.09175437	0.37026474
1018	1074	28	18	0.11429151	4.91317791
1018	1074	28	19	0.67464634	3.58027185
1018	1074	29	0	1.91090042	7.32664453
1018	1074	29	1	0.68085410	2.58331161
1018	1074	29	2	0.57692964	5.28384331
1018	1074	29	3	0.46163389	2.18067474
1018	1074	29	4	0.31885143	1.08730578
1018	1074	29	5	0.07575973	0.33208806
1018	1074	29	6	0.48444673	4.18667458
1018	1074	29	7	0.89945957	6.04716437
1018	1074	29	8	0.53368159	2.33552059
1018	1074	29	9	0.60026063	5.38361308
1018	1074	29	10	0.09794692	3.05605792
1018	1074	29	11	0.36488501	1.78630759
1018	1074	29	12	0.36390087	2.14365206
1018	1074	29	13	1.43101383	10.44124250
1018	1074	29	14	1.19067735	4.77300456
1018	1074	29	15	0.08436087	1.63633073
1018	1074	29	16	1.17948456	4.55925460
1018	1074	29	17	0.09238796	0.36365397
1018	1074	29	18	0.11420068	4.76496989
1018	1074	29	19	0.67429218	3.61628951
1018	1074	30	0	1.88444694	7.25585801
1018	1074	30	1	0.67940222	2.59439260
1018	1074	30	2	0.56931658	5.13604566
1018	1074	30	3	0.48501367	2.24220578
1018	1074	30	4	0.31363032	1.10031818
1018	1074	30	5	0.07653913	0.32631760
1018	1074	30	6	0.47970985	4.28148998
1018	1074	30	7	0.90247484	5.91815732
1018	1074	30	8	0.53085707	2.24969630
1018	1074	30	9	0.60349457	5.55089290
1018	1074	30	10	0.09475919	2.93797058
1018	1074	30	11	0.36593264	1.72047004
1018	1074	30	12	0.36239953	2.20204590
1018	1074	30	13	1.42284490	10.45060918
1018	1074	30	14	1.18732311	4.78581863
1018	1074	30	15	0.08533592	1.58358890
1018	1074	30	16	1.17801291	4.56398656
1018	1074	30	17	0.09333196	0.35943301
1018	1074	30	18	0.11464667	4.62458945
1018	1074	30	19	0.67342893	3.64552838
1018	1074	31	0	1.85761392	7.17776412
1018	1074	31	1	0.67730861	2.60114875
1018	1074	31	2	0.56340087	5.00090673
1018	1074	31	3	0.50903130	2.31582710
1018	1074	31	4	0.30618103	1.10444932
1018	1074	31	5	0.07756061	0.32274323
1018	1074	31	6	0.47088909	4.36274454
1018	1074	31	7	0.91286000	5.81410630
1018	1074	31	8	0.53409988	2.18381272
1018	1074	31	9	0.60596971	5.70795307
1018	1074	31	10	0.09226135	2.82504316
1018	1074	31	11	0.37146173	1.67155517
1018	1074	31	12	0.35747496	2.25061628
1018	1074	31	13	1.41455577	10.45053160
1018	1074	31	14	1.18310215	4.79211625
1018	1074	31	15	0.08654456	1.53624117
1018	1074	31	16	1.17618923	4.56602762
1018	1074	31	17	0.09455766	0.35727740
1018	1074	31	18	0.11556713	4.49215519
1018	1074	31	19	0.67211025	3.66868854
1018	1074	32	0	1.83079418	7.09395979
1018	1074	32	1	0.67464176	2.60405963
1018	1074	32	2	0.55896236	4.87838764
1018	1074	32	3	0.53333399	2.39995825
1018	1074	32	4	0.29689185	1.09996915
1018	1074	32	5	0.07880201	0.32106788
1018	1074	32	6	0.45856869	4.42761641
1018	1074	32	7	0.92999338	5.73813684
1018	1074	32	8	0.54316210	2.13864782
1018	1074	32	9	0.60780219	5.85485671
1018	1074	32	10	0.09038024	2.71760080
1018	1074	32	11	0.38123092	1.63996396
1018	1074	32	12	0.34954080	2.28733999
1018	1074	32	13	1.40626006	10.44217545
1018	1074	32	14	1.17810250	4.79263881
1018	1074	32	15	0.08796512	1.49406921
1018	1074	32	16	1.17404453	4.56571909
1018	1074	32	17	0.09603884	0.35692015
1018	1074	32	18	0.11690953	4.36771704
1018	1074	32	19	0.67038382	3.68639884
1018	1074	33	0	1.80435312	7.00600284
1018	1074	33	1	0.67146647	2.60354896
1018	1074	33	2	0.55581328	4.76823464
1018	1074	33	3	0.55758203	2.49295599
1018	1074	33	4	0.28618015	1.08745999
1018	1074	33	5	0.08024225	0.32104524
1018	1074	33	6	0.44341795	4.47413061
1018	1074	33	7	0.95310638	5.69222121
1018	1074	33	8	0.55772283	2.11452531
1018	1074	33	9	0.60908608	5.99177800
1018	1074	33	10	0.08905074	2.61587248
1018	1074	33	11	0.39495667	1.62575936
1018	1074	33	12	0.33910269	2.31089578
1018	1074	33	13	1.39806874	10.42666133
1018	1074	33	14	1.17241100	4.78803276
1018	1074	33	15	0.08957599	1.45685124
1018	1074	33	16	1.17160961	4.56334536
1018	1074	33	17	0.09775034	0.35813899
1018	1074	33	18	0.11862804	4.25126973
1018	1074	33	19	0.66829369	3.69922365
1018	1074	34	0	1.77862239	6.91539514
1018	1074	34	1	0.66784586	2.59999541
1018	1074	34	2	0.55379397	4.67004106
1018	1074	34	3	0.58145555	2.59313886
1018	1074	34	4	0.27446672	1.06775773
1018	1074	34	5	0.08186039	0.32246840
1018	1074	34	6	0.42613967	4.50116524
1018	1074	34	7	0.98132031	5.67722764
1018	1074	34	8	0.57738890	2.11136212
1018	1074	34	9	0.60989770	6.11897118
1018	1074	34	10	0.08821440	2.52000589
1018	1074	34	11	0.41231085	1.62870559
1018	1074	34	12	0.32671139	2.32065635
1018	1074	34	13	1.39008729	10.40506825
1018	1074	34	14	1.16611578	4.77887188
1018	1074	34	15	0.09135497	1.42436251
1018	1074	34	16	1.16891627	4.55914833
1018	1074	34	17	0.09966697	0.36074554
1018	1074	34	18	0.12068098	4.14276244
1018	1074	34	19	0.66588200	3.70767071
1018	1074	35	0	1.75389490	6.82356399
1018	1074	35	1	0.66384285	2.59374256
1018	1074	35	2	0.55276844	4.58329631
1018	1074	35	3	0.60466068	2.69881404
1018	1074	35	4	0.26215286	1.04188392
1018	1074	35	5	0.08363483	0.32516029
1018	1074	35	6	0.40742399	4.50840562
1018	1074	35	7	1.01368691	5.69299802
1018	1074	35	8	0.60169717	2.12870404
1018	1074	35	9	0.61029929	6.23674639
1018	1074	35	10	0.08781809	2.43007981
1018	1074	35	11	0.43292012	1.64829559
1018	1074	35	12	0.31292053	2.31663458
1018	1074	35	13	1.38241305	10.37843377
1018	1074	35	14	1.15930785	4.76567646
1018	1074	35	15	0.09327872	1.39637488
1018	1074	35	16	1.16599817	4.55333938
1018	1074	35	17	0.10176273	0.36457625
1018	1074	35	18	0.12302889	4.04210538
1018	1074	35	19	0.66319038	3.71219934
1018	1074	36	0	1.73042170	6.73184354
1018	1074	36	1	0.65952105	2.58510787
1018	1074	36	2	0.55262021	4.50742387
1018	1074	36	3	0.62693445	2.80830543
1018	1074	36	4	0.24960205	1.01097407
1018	1074	36	5	0.08554291	0.32896575
1018	1074	36	6	0.38791109	4.49625650
1018	1074	36	7	1.04923043	5.73845286
1018	1074	36	8	0.63012007	2.16575422
1018	1074	36	9	0.61034204	6.34545104
1018	1074	36	10	0.08781295	2.34611434
1018	1074	36	11	0.45636831	1.68377123
1018	1074	36	12	0.29825273	2.29939512
1018	1074	36	13	1.37513296	10.34775152
1018	1074	36	14	1.15208184	4.74892942
1018	1074	36	15	0.09532253	1.37265600
1018	1074	36	16	1.16289128	4.54610909
1018	1074	36	17	0.10401033	0.36948505
1018	1074	36	18	0.12563306	3.94917409
1018	1074	36	19	0.66026080	3.71322856
1018	1074	37	0	1.70841040	6.64145814
1018	1074	37	1	0.65494519	2.57439010
1018	1074	37	2	0.55324838	4.44180979
1018	1074	37	3	0.64804844	2.91998147
1018	1074	37	4	0.23712726	0.97620779
1018	1074	37	5	0.08756059	0.33374502
1018	1074	37	6	0.36816497	4.46572512
1018	1074	37	7	1.08698832	5.81172053
1018	1074	37	8	0.66207518	2.22139961
1018	1074	37	9	0.61006866	6.44545580
1018	1074	37	10	0.08815340	2.26807930
1018	1074	37	11	0.48220260	1.73414101
1018	1074	37	12	0.28317553	2.26994478
1018	1074	37	13	1.36832191	10.31396677
1018	1074	37	14	1.14453599	4.72908914
1018	1074	37	15	0.09746027	1.35296826
1018	1074	37	16	1.15963405	4.53763489
1018	1074	37	17	0.10638099	0.37533737
1018	1074	37	18	0.12845455	3.86381207
1018	1074	37	19	0.65713613	3.71114461
1018	1074	38	0	1.68802524	6.55350858
1018	1074	38	1	0.65018099	2.56187526
1018	1074	38	2	0.55456416	4.38582345
1018	1074	38	3	0.66781103	3.03228156
1018	1074	38	4	0.22498431	0.93874582
1018	1074	38	5	0.08966246	0.33936863
1018	1074	38	6	0.34865836	4.41828902
1018	1074	38	7	1.12604737	5.91028515
1018	1074	38	8	0.69693875	2.29423994
1018	1074	38	9	0.60951543	6.53714421
1018	1074	38	10	0.08879640	2.19590104
1018	1074	38	11	0.50994318	1.79819969
1018	1074	38	12	0.26808725	2.22961441
1018	1074	38	13	1.36204162	10.27797100
1018	1074	38	14	1.13677147	4.70659912
1018	1074	38	15	0.09966448	1.33706782
1018	1074	38	16	1.15626726	4.52808695
1018	1074	38	17	0.10884437	0.38200561
1018	1074	38	18	0.13145349	3.78583224
1018	1074	38	19	0.65386032	3.70630772
1018	1074	39	0	1.66938846	6.46896217
1018	1074	39	1	0.64529475	2.54784092
1018	1074	39	2	0.55648787	4.33883193
1018	1074	39	3	0.68606822	3.14373979
1018	1074	39	4	0.21337074	0.89967826
1018	1074	39	5	0.09182183	0.34571346
1018	1074	39	6	0.32976775	4.35576094
1018	1074	39	7	1.16557292	6.03114552
1018	1074	39	8	0.73406229	2.38262267
1018	1074	39	9	0.60871402	6.62090530
1018	1074	39	10	0.08970083	2.12946809
1018	1074	39	11	0.53909556	1.87455283
1018	1074	39	12	0.25331150	2.17994353
1018	1074	39	13	1.35634007	10.24059602
1018	1074	39	14	1.12889112	4.68189458
1018	1074	39	15	0.10190677	1.32470384
1018	1074	39	16	1.15283361	4.51763236
1018	1074	39	17	0.11136889	0.38936575
1018	1074	39	18	0.13458888	3.71501763
1018	1074	39	19	0.65047825	3.69905780
1018	1074	40	0	1.65258269	6.38864682
1018	1074	40	1	0.64035258	2.53255902
1018	1074	40	2	0.55894638	4.30020944
1018	1074	40	3	0.70270343	3.25300524
1018	1074	40	4	0.20242904	0.85998612
1018	1074	40	5	0.09401110	0.35265995
1018	1074	40	6	0.31177634	4.28016140
1018	1074	40	7	1.20482943	6.17097621
1018	1074	40	8	0.77279074	2.48468507
1018	1074	40	9	0.60769280	6.69712842
1018	1074	40	10	0.09082710	2.06863576
1018	1074	40	11	0.56916441	1.96164774
1018	1074	40	12	0.23909832	2.12257586
1018	1074	40	13	1.35125148	10.20260835
1018	1074	40	14	1.12099786	4.65540618
1018	1074	40	15	0.10415821	1.31561809
1018	1074	40	16	1.14937707	4.50643789
1018	1074	40	17	0.11392205	0.39729509
1018	1074	40	18	0.13781858	3.65112186
1018	1074	40	19	0.64703533	3.68971900
1018	1074	41	0	1.63765406	6.31324914
1018	1074	41	1	0.63541944	2.51629708
1018	1074	41	2	0.56187100	4.26934287
1018	1074	41	3	0.71763613	3.35885824
1018	1074	41	4	0.19225279	0.82051695
1018	1074	41	5	0.09620219	0.36009031
1018	1074	41	6	0.29488257	4.19360610
1018	1074	41	7	1.24319231	6.32628181
1018	1074	41	8	0.81248073	2.59840348
1018	1074	41	9	0.60647806	6.76620004
1018	1074	41	10	0.09213685	2.01322997
1018	1074	41	11	0.59966740	2.05781078
1018	1074	41	12	0.22563000	2.05917087
1018	1074	41	13	1.34679663	10.16470436
1018	1074	41	14	1.11319267	4.62756122
1018	1074	41	15	0.10638991	1.30954504
1018	1074	41	16	1.14594203	4.49467129
1018	1074	41	17	0.11647105	0.40567107
1018	1074	41	18	0.14109966	3.59386960
1018	1074	41	19	0.64357695	3.67860308
1018	1074	42	0	1.62461567	6.24331614
1018	1074	42	1	0.63055800	2.49931822
1018	1074	42	2	0.56519593	4.24563456
1018	1074	42	3	0.73081987	3.46022239
1018	1074	42	4	0.18289446	0.78197348
1018	1074	42	5	0.09836708	0.36788754
1018	1074	42	6	0.27921186	4.09821226
1018	1074	42	7	1.28015162	6.49353682
1018	1074	42	8	0.85251740	2.72164763
1018	1074	42	9	0.60509481	6.82850178
1018	1074	42	10	0.09359290	1.96305059
1018	1074	42	11	0.63014800	2.16128955
1018	1074	42	12	0.21302961	1.99133386
1018	1074	42	13	1.34298369	10.12750642
1018	1074	42	14	1.10557257	4.59878254
1018	1074	42	15	0.10857368	1.30621253
1018	1074	42	16	1.14257230	4.48250147
1018	1074	42	17	0.11898341	0.41437087
1018	1074	42	18	0.14438896	3.54295726
1018	1074	42	19	0.64014766	3.66601158
1018	1074	43	0	1.61345133	6.17926001
1018	1074	43	1	0.62582749	2.48188000
1018	1074	43	2	0.56885705	4.22850300
1018	1074	43	3	0.74223968	3.55617232
1018	1074	43	4	0.17437364	0.74491324
1018	1074	43	5	0.10047847	0.37593538
1018	1074	43	6	0.26482959	3.99602549
1018	1074	43	7	1.31530898	6.66930538
1018	1074	43	8	0.89232873	2.85223746
1018	1074	43	9	0.60356750	6.88440961
1018	1074	43	10	0.09515924	1.91787446
1018	1074	43	11	0.66018618	2.27029765
1018	1074	43	12	0.20137071	1.92056439
1018	1074	43	13	1.33980912	10.09156030
1018	1074	43	14	1.09822853	4.56948565
1018	1074	43	15	0.11068265	1.30534301
1018	1074	43	16	1.13931010	4.47009764
1018	1074	43	17	0.12142773	0.42327183
1018	1074	43	18	0.14764379	3.49805435
1018	1074	43	19	0.63679043	3.65223679
1018	1074	44	0	1.60411926	6.12136522
1018	1074	44	1	0.62128264	2.46423248
1018	1074	44	2	0.57279116	4.21738230
1018	1074	44	3	0.75190917	3.64593750
1018	1074	44	4	0.16668490	0.70975654
1018	1074	44	5	0.10251040	0.38411880
1018	1074	44	6	0.25175399	3.88896643
1018	1074	44	7	1.34836957	6.85033760
1018	1074	44	8	0.93139665	2.98799917
1018	1074	44	9	0.60192044	6.93429371
1018	1074	44	10	0.09680124	1.87745820
1018	1074	44	11	0.68940651	2.38305941
1018	1074	44	12	0.19068710	1.84822188
1018	1074	44	13	1.33725885	10.05733391
1018	1074	44	14	1.09124350	4.54007449
1018	1074	44	15	0.11269193	1.30665531
1018	1074	44	16	1.13619494	4.45762762
1018	1074	44	17	0.12377441	0.43225247
1018	1074	44	18	0.15082279	3.45880533
1018	1074	44	19	0.63354568	3.63756184
1018	1074	45	0	1.59655571	6.06979756
1018	1074	45	1	0.61697259	2.44661556
1018	1074	45	2	0.57693563	4.21172102
1018	1074	45	3	0.75986735	3.72890235
1018	1074	45	4	0.15980481	0.67680003
1018	1074	45	5	0.10443892	0.39232505
1018	1074	45	6	0.23996788	3.77879519
1018	1074	45	7	1.37913085	7.03364150
1018	1074	45	8	0.96926463	3.12681747
1018	1074	45	9	0.60017807	6.97851878
1018	1074	45	10	0.09848584	1.84154098
1018	1074	45	11	0.71748342	2.49785186
1018	1074	45	12	0.18098190	1.77550580
1018	1074	45	13	1.33530960	10.02521741
1018	1074	45	14	1.08469076	4.51093627
1018	1074	45	15	0.11457922	1.30986694
1018	1074	45	16	1.13326268	4.44525551
1018	1074	45	17	0.12599636	0.44119398
1018	1074	45	18	0.15388681	3.42483230
1018	1074	45	19	0.63045056	3.62225978
1018	1074	46	0	1.59067834	6.02461421
1018	1074	46	1	0.61294010	2.42925611
1018	1074	46	2	0.58122838	4.21098070
1018	1074	46	3	0.76617549	3.80460328
1018	1074	46	4	0.15369770	0.64623349
1018	1074	46	5	0.10624266	0.40044513
1018	1074	46	6	0.22942881	3.66709088
1018	1074	46	7	1.40746968	7.21653142
1018	1074	46	8	1.00554189	3.26668166
1018	1074	46	9	0.59836508	7.01744464
1018	1074	46	10	0.10018190	1.80984737
1018	1074	46	11	0.74414380	2.61304195
1018	1074	46	12	0.17223552	1.70344780
1018	1074	46	13	1.33393018	9.99552454
1018	1074	46	14	1.07863253	4.48243593
1018	1074	46	15	0.11632526	1.31469677
1018	1074	46	16	1.13054463	4.43313897
1018	1074	46	17	0.12806963	0.44998201
1018	1074	46	18	0.15679977	3.39573838
1018	1074	46	19	0.62753813	3.60659209
1018	1074	47	0	1.58638945	5.98577453
1018	1074	47	1	0.60922089	2.41236495
1018	1074	47	2	0.58560815	4.21463467
1018	1074	47	3	0.77091381	3.87272299
1018	1074	47	4	0.14832040	0.61815764
1018	1074	47	5	0.10790334	0.40837541
1018	1074	47	6	0.22007749	3.55524323
1018	1074	47	7	1.43332899	7.39665532
1018	1074	47	8	1.03990466	3.40572360
1018	1074	47	9	0.59650635	7.05142688
1018	1074	47	10	0.10186050	1.78209026
1018	1074	47	11	0.76916720	2.72711726
1018	1074	47	12	0.16441240	1.63291292
1018	1074	47	13	1.33308288	9.96849515
1018	1074	47	14	1.07311897	4.45491056
1018	1074	47	15	0.11791428	1.32086797
1018	1074	47	16	1.12806681	4.42142637
1018	1074	47	17	0.12997398	0.45850868
1018	1074	47	18	0.15952953	3.37111184
1018	1074	47	19	0.62483678	3.59080669
1018	1074	48	0	1.58357894	5.95315119
1018	1074	48	1	0.60584318	2.39613393
1018	1074	48	2	0.59001501	4.22216724
1018	1074	48	3	0.77417841	3.93308265
1018	1074	48	4	0.14362573	0.59260171
1018	1074	48	5	0.10940613	0.41601942
1018	1074	48	6	0.21184435	3.44445331
1018	1074	48	7	1.45670502	7.57200409
1018	1074	48	8	1.07209481	3.54224689
1018	1074	48	9	0.59462676	7.08081734
1018	1074	48	10	0.10349527	1.75797391
1018	1074	48	11	0.79238412	2.83870963
1018	1074	48	12	0.15746641	1.56460734
1018	1074	48	13	1.33272479	9.94429870
1018	1074	48	14	1.06818762	4.42866423
1018	1074	48	15	0.11933422	1.32811112
1018	1074	48	16	1.12584948	4.41025386
1018	1074	48	17	0.13169319	0.46667448
1018	1074	48	18	0.16204853	3.35053081
1018	1074	48	19	0.62236972	3.57513564
1018	1074	49	0	1.58212705	5.92654119
1018	1074	49	1	0.60282756	2.38073341
1018	1074	49	2	0.59439103	4.23307351
1018	1074	49	3	0.77607812	3.98563232
1018	1074	49	4	0.13956512	0.56953953
1018	1074	49	5	0.11073996	0.42328956
1018	1074	49	6	0.20465461	3.33574088
1018	1074	49	7	1.47763576	7.74090660
1018	1074	49	8	1.10191669	3.67474700
1018	1074	49	9	0.59275092	7.10596447
1018	1074	49	10	0.10506272	1.73719712
1018	1074	49	11	0.81367287	2.94661126
1018	1074	49	12	0.15134513	1.49909049
1018	1074	49	13	1.33280911	9.92303867
1018	1074	49	14	1.06386325	4.40396351
1018	1074	49	15	0.12057688	1.33616733
1018	1074	49	16	1.12390678	4.39974276
1018	1074	49	17	0.13321542	0.47439016
1018	1074	49	18	0.16433436	3.33356836
1018	1074	49	19	0.62015471	3.55979285
1018	1074	50	0	1.58190698	5.90567669
1018	1074	50	1	0.60018695	2.36631015
1018	1074	50	2	0.59868112	4.24685991
1018	1074	50	3	0.77673158	4.03044006
1018	1074	50	4	0.13609034	0.54890369
1018	1074	50	5	0.11189759	0.43010865
1018	1074	50	6	0.19843192	3.22995599
1018	1074	50	7	1.49619078	7.90201388
1018	1074	50	8	1.12923262	3.80192282
1018	1074	50	9	0.59090278	7.12721329
1018	1074	50	10	0.10654249	1.71945651
1018	1074	50	11	0.83295554	3.04978391
1018	1074	50	12	0.14599305	1.43678963
1018	1074	50	13	1.33328645	9.90475766
1018	1074	50	14	1.06015807	4.38103397
1018	1074	50	15	0.12163792	1.34479120
1018	1074	50	16	1.12224674	4.38999730
1018	1074	50	17	0.13453320	0.48157831
1018	1074	50	18	0.16637014	3.31979802
1018	1074	50	19	0.61820393	3.54497181
1018	1074	51	0	1.58278727	5.89023548
1018	1074	51	1	0.59792687	2.35298578
1018	1074	51	2	0.60283385	4.26304546
1018	1074	51	3	0.77626440	4.06768009
1018	1074	51	4	0.13315469	0.53059756
1018	1074	51	5	0.11287562	0.43641123
1018	1074	51	6	0.19310091	3.12779324
1018	1074	51	7	1.51246273	8.05427600
1018	1074	51	8	1.15395754	3.92268069
1018	1074	51	9	0.58910523	7.14490501
1018	1074	51	10	0.10791750	1.70444976
1018	1074	51	11	0.85019338	3.14736178
1018	1074	51	12	0.14135393	1.37801562
1018	1074	51	13	1.33410594	9.88944307
1018	1074	51	14	1.05707233	4.36005772
1018	1074	51	15	0.12251673	1.35375355
1018	1074	51	16	1.12087135	4.38110284
1018	1074	51	17	0.13564342	0.48817462
1018	1074	51	18	0.16814464	3.30879916
1018	1074	51	19	0.61652401	3.53084368
1018	1074	52	0	1.58463404	5.87985105
1018	1074	52	1	0.59604586	2.34085593
1018	1074	52	2	0.60680228	4.28116375
1018	1074	52	3	0.77480650	4.09762026
1018	1074	52	4	0.13071367	0.51450496
1018	1074	52	5	0.11367436	0.44214451
1018	1074	52	6	0.18858885	3.02980722
1018	1074	52	7	1.52656038	8.19691421
1018	1074	52	8	1.17605331	4.03613199
1018	1074	52	9	0.58737966	7.15937632
1018	1074	52	10	0.10917412	1.69187885
1018	1074	52	11	0.86538208	3.23864907
1018	1074	52	12	0.13737240	1.32297879
1018	1074	52	13	1.33521639	9.87703315
1018	1074	52	14	1.05459519	4.34117216
1018	1074	52	15	0.12321616	1.36284377
1018	1074	52	16	1.11977694	4.37312476
1018	1074	52	17	0.13654714	0.49412877
1018	1074	52	18	0.16965232	3.30016245
1018	1074	52	19	0.61511627	3.51755573
1018	1074	53	0	1.58731310	5.87412214
1018	1074	53	1	0.59453603	2.32998997
1018	1074	53	2	0.61054473	4.30076538
1018	1074	53	3	0.77248961	4.12060922
1018	1074	53	4	0.12872524	0.50049788
1018	1074	53	5	0.11429752	0.44726896
1018	1074	53	6	0.18482658	2.93642817
1018	1074	53	7	1.53860310	8.32939099
1018	1074	53	8	1.19552296	4.14158567
1018	1074	53	9	0.58574552	7.17095819
1018	1074	53	10	0.11030212	1.68145321
1018	1074	53	11	0.87854706	3.32311345
1018	1074	53	12	0.13399506	1.27180413
1018	1074	53	13	1.33656724	9.86742339
1018	1074	53	14	1.05270585	4.32446997
1018	1074	53	15	0.12374222	1.37187179
1018	1074	53	16	1.11895466	4.36610793
1018	1074	53	17	0.13724924	0.49940485
1018	1074	53	18	0.17089306	3.29349486
1018	1074	53	19	0.61397701	3.50523027
1018	1074	54	0	1.59069189	5.87262183
1018	1074	54	1	0.59338379	2.32043139
1018	1074	54	2	0.61402545	4.32142092
1018	1074	54	3	0.76944494	4.13706334
1018	1074	54	4	0.12714997	0.48844231
1018	1074	54	5	0.11475191	0.45175848
1018	1074	54	6	0.18174900	2.84797715
1018	1074	54	7	1.54871673	8.45137961
1018	1074	54	8	1.21240508	4.23853700
1018	1074	54	9	0.58421993	7.17997444
1018	1074	54	10	0.11129464	1.67289257
1018	1074	54	11	0.88973899	3.40037638
1018	1074	54	12	0.13117108	1.22454538
1018	1074	54	13	1.33810946	9.86047291
1018	1074	54	14	1.05137486	4.31000014
1018	1074	54	15	0.12410368	1.38066944
1018	1074	54	16	1.11839116	4.36007680
1018	1074	54	17	0.13775800	0.50398137
1018	1074	54	18	0.17187181	3.28842424
1018	1074	54	19	0.61309805	3.49396409
1018	1074	55	0	1.59464121	5.87490610
1018	1074	55	1	0.59257058	2.31219881
1018	1074	55	2	0.61721509	4.34272408
1018	1074	55	3	0.76580115	4.14745385
1018	1074	55	4	0.12595091	0.47820248
1018	1074	55	5	0.11504698	0.45560019
1018	1074	55	6	0.17929519	2.76468020
1018	1074	55	7	1.55703037	8.56273473
1018	1074	55	8	1.22676860	4.32665374
1018	1074	55	9	0.58281735	7.18673996
1018	1074	55	10	0.11214804	1.66592960
1018	1074	55	11	0.89902973	3.47020126
1018	1074	55	12	0.12885252	1.18119784
1018	1074	55	13	1.33979626	9.85601101
1018	1074	55	14	1.05056555	4.29777013
1018	1074	55	15	0.12431157	1.38909142
1018	1074	55	16	1.11806930	4.35503618
1018	1074	55	17	0.13808466	0.50785085
1018	1074	55	18	0.17259809	3.28460329
1018	1074	55	19	0.61246725	3.48382855
1018	1074	56	0	1.59903691	5.88052186
1018	1074	56	1	0.59207377	2.30528748
1018	1074	56	2	0.62009101	4.36429496
1018	1074	56	3	0.76168246	4.15229416
1018	1074	56	4	0.12509337	0.46964386
1018	1074	56	5	0.11519436	0.45879379
1018	1074	56	6	0.17740822	2.68668144
1018	1074	56	7	1.56367420	8.66346486
1018	1074	56	8	1.23870791	4.40576068
1018	1074	56	9	0.58154931	7.19155877
1018	1074	56	10	0.11286166	1.66031224
1018	1074	56	11	0.90650850	3.53248038
1018	1074	56	12	0.12699439	1.14170949
1018	1074	56	13	1.34158374	9.85384343
1018	1074	56	14	1.05023549	4.28774888
1018	1074	56	15	0.12437876	1.39701565
1018	1074	56	16	1.11796891	4.35097247
1018	1074	56	17	0.13824281	0.51101901
1018	1074	56	18	0.17308535	3.28171275
1018	1074	56	19	0.61206912	3.47487013
1018	1074	57	0	1.60376117	5.88901437
1018	1074	57	1	0.59186745	2.29967124
1018	1074	57	2	0.62263741	4.38578312
1018	1074	57	3	0.75720704	4.15212769
1018	1074	57	4	0.12454475	0.46263508
1018	1074	57	5	0.11520735	0.46135072
1018	1074	57	6	0.17603493	2.61405464
1018	1074	57	7	1.56877792	8.75370723
1018	1074	57	8	1.24833850	4.47582352
1018	1074	57	9	0.58042430	7.19472199
1018	1074	57	10	0.11343757	1.65580560
1018	1074	57	11	0.91227861	3.58722125
1018	1074	57	12	0.12555461	1.10599078
1018	1074	57	13	1.34343137	9.85375846
1018	1074	57	14	1.05033801	4.27987057
1018	1074	57	15	0.12431943	1.40434311
1018	1074	57	16	1.11806760	4.34785544
1018	1074	57	17	0.13824790	0.51350367
1018	1074	57	18	0.17335031	3.27946392
1018	1074	57	19	0.61188550	3.46711154
1018	1074	58	0	1.60870378	5.89993413
1018	1074	58	1	0.59192334	2.29530479
1018	1074	58	2	0.62484530	4.40687038
1018	1074	58	3	0.75248574	4.14751635
1018	1074	58	4	0.12427423	0.45704912
1018	1074	58	5	0.11510046	0.46329289
1018	1074	58	6	0.17512553	2.54681354
1018	1074	58	7	1.57246973	8.83370543
1018	1074	58	8	1.25579296	4.53693251
1018	1074	58	9	0.57944765	7.19650580
1018	1074	58	10	0.11388022	1.65219345
1018	1074	58	11	0.91645441	3.63453286
1018	1074	58	12	0.12449378	1.07392282
1018	1074	58	13	1.34530233	9.85553268
1018	1074	58	14	1.05082360	4.27403896
1018	1074	58	15	0.12414863	1.41099731
1018	1074	58	16	1.11834157	4.34564025
1018	1074	58	17	0.13811663	0.51533333
1018	1074	58	18	0.17341223	3.27760019
1018	1074	58	19	0.61189621	3.46055326
1018	1074	59	0	1.61376305	5.91284295
1018	1074	59	1	0.59221155	2.29212631
1018	1074	59	2	0.62671218	4.42727322
1018	1074	59	3	0.74762095	4.13902977
1018	1074	59	4	0.12425254	0.45276387
1018	1074	59	5	0.11488890	0.46465135
1018	1074	59	6	0.17463318	2.48492080
1018	1074	59	7	1.57487569	8.90378980
1018	1074	59	8	1.26121739	4.58928655
1018	1074	59	9	0.57862162	7.19716949
1018	1074	59	10	0.11419608	1.64927929
1018	1074	59	11	0.91915864	3.67461229
1018	1074	59	12	0.12377495	1.04536425
1018	1074	59	13	1.34716375	9.85893629
1018	1074	59	14	1.05164130	4.27013205
1018	1074	59	15	0.12388185	1.41692318
1018	1074	59	16	1.11876628	4.34426980
1018	1074	59	17	0.13786649	0.51654566
1018	1074	59	18	0.17329220	3.27589796
1018	1074	59	19	0.61207967	3.45517551
1018	1074	60	0	1.61884658	5.92731951
1018	1074	60	1	0.59270144	2.29006013
1018	1074	60	2	0.62824171	4.44674450
1018	1074	60	3	0.74270590	4.12723551
1018	1074	60	4	0.12445173	0.44966229
1018	1074	60	5	0.11458817	0.46546474
1018	1074	60	6	0.17451366	2.42829574
1018	1074	60	7	1.57611928	8.96436059
1018	1074	60	8	1.26476821	4.63317792
1018	1074	60	9	0.57794553	7.19695377
1018	1074	60	10	0.11439333	1.64688699
1018	1074	60	11	0.92052004	3.70773181
1018	1074	60	12	0.12336338	1.02015695
1018	1074	60	13	1.34898683	9.86373790
1018	1074	60	14	1.05273989	4.26800696
1018	1074	60	15	0.12353457	1.42208575
1018	1074	60	16	1.11931714	4.34367718
1018	1074	60	17	0.13751522	0.51718578
1018	1074	60	18	0.17301248	3.27416665
1018	1074	60	19	0.61241356	3.45094048
1018	1074	61	0	1.62387171	5.94296402
1018	1074	61	1	0.59336221	2.28901953
1018	1074	61	2	0.62944309	4.46507465
1018	1074	61	3	0.73782402	4.11269015
1018	1074	61	4	0.12484502	0.44763232
1018	1074	61	5	0.11421367	0.46577771
1018	1074	61	6	0.17472494	2.37682094
1018	1074	61	7	1.57632123	9.01587345
1018	1074	61	8	1.26660922	4.66897775
1018	1074	61	9	0.57741596	7.19607932
1018	1074	61	10	0.11448140	1.64486106
1018	1074	61	11	0.92067119	3.73422681
1018	1074	61	12	0.12322622	0.99813054
1018	1074	61	13	1.35074685	9.86970882
1018	1074	61	14	1.05406899	4.26750489
1018	1074	61	15	0.12312199	1.42646849
1018	1074	61	16	1.11997008	4.34378811
1018	1074	61	17	0.13708039	0.51730457
1018	1074	61	18	0.17259580	3.27224811
1018	1074	61	19	0.61287534	3.44779476
1018	1074	62	0	1.62876590	5.95940219
1018	1074	62	1	0.59416360	2.28890950
1018	1074	62	2	0.63033047	4.48209204
1018	1074	62	3	0.73304873	4.09593165
1018	1074	62	4	0.12540660	0.44656664
1018	1074	62	5	0.11378034	0.46563935
1018	1074	62	6	0.17522694	2.33034791
1018	1074	62	7	1.57559926	9.05882724
1018	1074	62	8	1.26690899	4.69712255
1018	1074	62	9	0.57702708	7.19474562
1018	1074	62	10	0.11447072	1.64306641
1018	1074	62	11	0.91974656	3.75448435
1018	1074	62	12	0.12333236	0.97910611
1018	1074	62	13	1.35242309	9.87662677
1018	1074	62	14	1.05558001	4.26845581
1018	1074	62	15	0.12265867	1.43007144
1018	1074	62	16	1.12070201	4.34452340
1018	1074	62	17	0.13657907	0.51695698
1018	1074	62	18	0.17206486	3.27001540
1018	1074	62	19	0.61344276	3.44567193
1018	1074	63	0	1.63346674	5.97628841
1018	1074	63	1	0.59507642	2.28962939
1018	1074	63	2	0.63092215	4.49766271
1018	1074	63	3	0.72844335	4.07747266
1018	1074	63	4	0.12611159	0.44636228
1018	1074	63	5	0.11330242	0.46510162
1018	1074	63	6	0.17598126	2.28870187
1018	1074	63	7	1.57406795	9.09375374
1018	1074	63	8	1.26583837	4.71810160
1018	1074	63	9	0.57677096	7.19313031
1018	1074	63	10	0.11437229	1.64138794
1018	1074	63	11	0.91788079	3.76893268
1018	1074	63	12	0.12365210	0.96289913
1018	1074	63	13	1.35399869	9.88427904
1018	1074	63	14	1.05722690	4.27068310
1018	1074	63	15	0.12215834	1.43290918
1018	1074	63	16	1.12149122	4.34580117
1018	1074	63	17	0.13602746	0.51620040
1018	1074	63	18	0.17144179	3.26737104
1018	1074	63	19	0.61409427	3.44449519
1018	1074	64	0	1.63792185	5.99330813
1018	1074	64	1	0.59607292	2.29107545
1018	1074	64	2	0.63123985	4.51168940
1018	1074	64	3	0.72406119	4.05779508
1018	1074	64	4	0.12693601	0.44692041
1018	1074	64	5	0.11279319	0.46421799
1018	1074	64	6	0.17695104	2.25168594
1018	1074	64	7	1.57183851	9.12120882
1018	1074	64	8	1.26356834	4.73244526
1018	1074	64	9	0.57663797	7.19138879
1018	1074	64	10	0.11419745	1.63972969
1018	1074	64	11	0.91520699	3.77803139
1018	1074	64	12	0.12415712	0.94932166
1018	1074	64	13	1.35546046	9.89246500
1018	1074	64	14	1.05896671	4.27400762
1018	1074	64	15	0.12163370	1.43500883
1018	1074	64	16	1.12231764	4.34753890
1018	1074	64	17	0.13544073	0.51509321
1018	1074	64	18	0.17074774	3.26424488
1018	1074	64	19	0.61480939	3.44417985
1018	1074	65	0	1.64208865	6.01017952
1018	1074	65	1	0.59712723	2.29314310
1018	1074	65	2	0.63130791	4.52410990
1018	1074	65	3	0.71994587	4.03734572
1018	1074	65	4	0.12785671	0.44814596
1018	1074	65	5	0.11226487	0.46304206
1018	1074	65	6	0.17810083	2.21908466
1018	1074	65	7	1.56901853	9.14176506
1018	1074	65	8	1.26026794	4.74071417
1018	1074	65	9	0.57661713	7.18965434
1018	1074	65	10	0.11395757	1.63801383
1018	1074	65	11	0.91185534	3.78226239
1018	1074	65	12	0.12482025	0.93818423
1018	1074	65	13	1.35679861	9.90099815
1018	1074	65	14	1.06076012	4.27825155
1018	1074	65	15	0.12109633	1.43640792
1018	1074	65	16	1.12316309	4.34965531
1018	1074	65	17	0.13483277	0.51369343
1018	1074	65	18	0.17000260	3.26059171
1018	1074	65	19	0.61556896	3.44463588
1018	1074	66	0	1.64593394	6.02665440
1018	1074	66	1	0.59821554	2.29572897
1018	1074	66	2	0.63115252	4.53489488
1018	1074	66	3	0.71613176	4.01653301
1018	1074	66	4	0.12885152	0.44994749
1018	1074	66	5	0.11172848	0.46162652
1018	1074	66	6	0.17939659	2.19066719
1018	1074	66	7	1.56571165	9.15600524
1018	1074	66	8	1.25610240	4.74348933
1018	1074	66	9	0.57669657	7.18803855
1018	1074	66	10	0.11366383	1.63617938
1018	1074	66	11	0.90795171	3.78212153
1018	1074	66	12	0.12561548	0.92929721
1018	1074	66	13	1.35800650	9.90970761
1018	1074	66	14	1.06257163	4.28324159
1018	1074	66	15	0.12055656	1.43715241
1018	1074	66	16	1.12401131	4.35207184
1018	1074	66	17	0.13421613	0.51205756
1018	1074	66	18	0.16922471	3.25638857
1018	1074	66	19	0.61635537	3.44577014
1018	1074	67	0	1.64943332	6.04251849
1018	1074	67	1	0.59931635	2.29873272
1018	1074	67	2	0.63080097	4.54404521
1018	1074	67	3	0.71264447	3.99572484
1018	1074	67	4	0.12989925	0.45223709
1018	1074	67	5	0.11119378	0.46002211
1018	1074	67	6	0.18080573	2.16619015
1018	1074	67	7	1.56201714	9.16451665
1018	1074	67	8	1.25123149	4.74136283
1018	1074	67	9	0.57686381	7.18663215
1018	1074	67	10	0.11332703	1.63418088
1018	1074	67	11	0.90361646	3.77811101
1018	1074	67	12	0.12651789	0.92247197
1018	1074	67	13	1.35908031	9.91843910
1018	1074	67	14	1.06436981	4.28881171
1018	1074	67	15	0.12002346	1.43729476
1018	1074	67	16	1.12484812	4.35471395
1018	1074	67	17	0.13360193	0.51023963
1018	1074	67	18	0.16843071	3.25163210
1018	1074	67	19	0.61715271	3.44748849
1018	1074	68	0	1.65257063	6.05759110
1018	1074	68	1	0.60041051	2.30205850
1018	1074	68	2	0.63028097	4.55158894
1018	1074	68	3	0.70950155	3.97524719
1018	1074	68	4	0.13097984	0.45493040
1018	1074	68	5	0.11066927	0.45827690
1018	1074	68	6	0.18229716	2.14540018
1018	1074	68	7	1.55802951	9.16788598
1018	1074	68	8	1.24580794	4.73492947
1018	1074	68	9	0.57710616	7.18550609
1018	1074	68	10	0.11295741	1.63198684
1018	1074	68	11	0.89896343	3.77073228
1018	1074	68	12	0.12750369	0.91752185
1018	1074	68	13	1.36001880	9.92705556
1018	1074	68	14	1.06612731	4.29480544
1018	1074	68	15	0.11950486	1.43689207
1018	1074	68	16	1.12566130	4.35751209
1018	1074	68	17	0.13299985	0.50829046
1018	1074	68	18	0.16763546	3.24633577
1018	1074	68	19	0.61794681	3.44969767
1018	1074	69	0	1.65533726	6.07172423
1018	1074	69	1	0.60148132	2.30561617
1018	1074	69	2	0.62962007	4.55757798
1018	1074	69	3	0.70671312	3.95538380
1018	1074	69	4	0.13207445	0.45794672
1018	1074	69	5	0.11016218	0.45643564
1018	1074	69	6	0.18384149	2.12803647
1018	1074	69	7	1.55383793	9.16669464
1018	1074	69	8	1.23997616	4.72477904
1018	1074	69	9	0.57741103	7.18471295
1018	1074	69	10	0.11256455	1.62957828
1018	1074	69	11	0.89409896	3.76047970
1018	1074	69	12	0.12855029	0.91426301
1018	1074	69	13	1.36082294	9.93543731
1018	1074	69	14	1.06782081	4.30107756
1018	1074	69	15	0.11900735	1.43600453
1018	1074	69	16	1.12644063	4.36040244
1018	1074	69	17	0.13241813	0.50625703
1018	1074	69	18	0.16685195	3.24052715
1018	1074	69	19	0.61872529	3.45230688
1018	1074	70	0	1.65773139	6.08480131
1018	1074	70	1	0.60251445	2.30932225
1018	1074	70	2	0.62884511	4.56208466
1018	1074	70	3	0.70428258	3.93637644
1018	1074	70	4	0.13316565	0.46120921
1018	1074	70	5	0.10967856	0.45453934
1018	1074	70	6	0.18541114	2.11383303
1018	1074	70	7	1.54952584	9.16151435
1018	1074	70	8	1.23387111	4.71148928
1018	1074	70	9	0.57776614	7.18428847
1018	1074	70	10	0.11215728	1.62694713
1018	1074	70	11	0.88912123	3.74783480
1018	1074	70	12	0.12963636	0.91251521
1018	1074	70	13	1.36149566	9.94348196
1018	1074	70	14	1.06943092	4.30749538
1018	1074	70	15	0.11853634	1.43469384
1018	1074	70	16	1.12717773	4.36332737
1018	1074	70	17	0.13186364	0.50418208
1018	1074	70	18	0.16609137	3.23424536
1018	1074	70	19	0.61947756	3.45522916
1018	1074	71	0	1.65975722	6.09673546
1018	1074	71	1	0.60349794	2.31310059
1018	1074	71	2	0.62798177	4.56519825
1018	1074	71	3	0.70220741	3.91842595
1018	1074	71	4	0.13423749	0.46464523
1018	1074	71	5	0.10922326	0.45262496
1018	1074	71	6	0.18698051	2.10252107
1018	1074	71	7	1.54517036	9.15290299
1018	1074	71	8	1.22761732	4.69561962
1018	1074	71	9	0.57815978	7.18425324
1018	1074	71	10	0.11174361	1.62409470
1018	1074	71	11	0.88411960	3.73326117
1018	1074	71	12	0.13074196	0.91210257
1018	1074	71	13	1.36204156	9.95110401
1018	1074	71	14	1.07094199	4.31393954
1018	1074	71	15	0.11809612	1.43302196
1018	1074	71	16	1.12786598	4.36623576
1018	1074	71	17	0.13134193	0.50210387
1018	1074	71	18	0.16536311	3.22753862
1018	1074	71	19	0.62019477	3.45838245
1018	1074	72	0	1.66142427	6.10746754
1018	1074	72	1	0.60442206	2.31688281
1018	1074	72	2	0.62705424	4.56702145
1018	1074	72	3	0.70047987	3.90169378
1018	1074	72	4	0.13527566	0.46818659
1018	1074	72	5	0.10880011	0.45072529
1018	1074	72	6	0.18852621	2.09383123
1018	1074	72	7	1.54084193	9.14140072
1018	1074	72	8	1.22132818	4.67770566
1018	1074	72	9	0.57858097	7.18461448
1018	1074	72	10	0.11133069	1.62103024
1018	1074	72	11	0.87917424	3.71719996
1018	1074	72	12	0.13184864	0.91285434
1018	1074	72	13	1.36246662	9.95823416
1018	1074	72	14	1.07234184	4.32030450
1018	1074	72	15	0.11768998	1.43104995
1018	1074	72	16	1.12850041	4.36908301
1018	1074	72	17	0.13085735	0.50005606
1018	1074	72	18	0.16467485	3.22046194
1018	1074	72	19	0.62086970	3.46169048
1018	1074	73	0	1.66274656	6.11696389
1018	1074	73	1	0.60527920	2.32060854
1018	1074	73	2	0.62608494	4.56766705
1018	1074	73	3	0.69908772	3.88630403
1018	1074	73	4	0.13626757	0.47177001
1018	1074	73	5	0.10841190	0.44886884
1018	1074	73	6	0.19002716	2.08749580
1018	1074	73	7	1.53660387	9.12752626
1018	1074	73	8	1.21510544	4.65825431
1018	1074	73	9	0.57901957	7.18536786
1018	1074	73	10	0.11092483	1.61776950
1018	1074	73	11	0.87435586	3.70006615
1018	1074	73	12	0.13293955	0.91460565
1018	1074	73	13	1.36277794	9.96481855
1018	1074	73	14	1.07362158	4.32649860
1018	1074	73	15	0.11732023	1.42883702
1018	1074	73	16	1.12907748	4.37183106
1018	1074	73	17	0.13041307	0.49806769
1018	1074	73	18	0.16403268	3.21307508
1018	1074	73	19	0.62149671	3.46508337
1018	1074	74	0	1.66374190	6.12521400
1018	1074	74	1	0.60606373	2.32422545
1018	1074	74	2	0.62509430	4.56725479
1018	1074	74	3	0.69801498	3.87234579
1018	1074	74	4	0.13720244	0.47533739
1018	1074	74	5	0.10806056	0.44707996
1018	1074	74	6	0.19146479	2.08325093
1018	1074	74	7	1.53251210	9.11177343
1018	1074	74	8	1.20903884	4.63773976
1018	1074	74	9	0.57946640	7.18649925
1018	1074	74	10	0.11053144	1.61433339
1018	1074	74	11	0.86972561	3.68224535
1018	1074	74	12	0.13399958	0.91719827
1018	1074	74	13	1.36298352	9.97081774
1018	1074	74	14	1.07477524	4.33244388
1018	1074	74	15	0.11698834	1.42643975
1018	1074	74	16	1.12959503	4.37444811
1018	1074	74	17	0.13001127	0.49616327
1018	1074	74	18	0.16344119	3.20544073
1018	1074	74	19	0.62207159	3.46849807
1018	1074	75	0	1.66443116	6.13222798
1018	1074	75	1	0.60677182	2.32768913
1018	1074	75	2	0.62410066	4.56590844
1018	1074	75	3	0.69724258	3.85987583
1018	1074	75	4	0.13807134	0.47883621
1018	1074	75	5	0.10774718	0.44537892
1018	1074	75	6	0.19282311	2.08083874
1018	1074	75	7	1.52861496	9.09460798
1018	1074	75	8	1.20320606	4.61660018
1018	1074	75	9	0.57991326	7.18798648
1018	1074	75	10	0.11015514	1.61074679
1018	1074	75	11	0.86533511	3.66409132
1018	1074	75	12	0.13501542	0.92048144
1018	1074	75	13	1.36309205	9.97620569
1018	1074	75	14	1.07579954	4.33807566
1018	1074	75	15	0.11669502	1.42391146
1018	1074	75	16	1.13005205	4.37690839
1018	1074	75	17	0.12965319	0.49436298
1018	1074	75	18	0.16290363	3.19762277
1018	1074	75	19	0.62259147	3.47187856
1018	1074	76	0	1.66483761	6.13803410
1018	1074	76	1	0.60740128	2.33096288
1018	1074	76	2	0.62312021	4.56375312
1018	1074	76	3	0.69674900	3.84892142
1018	1074	76	4	0.13886718	0.48221976
1018	1074	76	5	0.10747215	0.44378212
1018	1074	76	6	0.19408878	2.08000935
1018	1074	76	7	1.52495308	9.07646480
1018	1074	76	8	1.19767273	4.59523517
1018	1074	76	9	0.58035298	7.18980096
1018	1074	76	10	0.10979970	1.60703744
1018	1074	76	11	0.86122671	3.64592418
1018	1074	76	12	0.13597563	0.92431253
1018	1074	76	13	1.36311267	9.98096857
1018	1074	76	14	1.07669360	4.34334197
1018	1074	76	15	0.11644029	1.42130168
1018	1074	76	16	1.13044859	4.37919176
1018	1074	76	17	0.12933925	0.49268289
1018	1074	76	18	0.16242197	3.18968494
1018	1074	76	19	0.62305467	3.47517594
1018	1074	77	0	1.66498626	6.14267624
1018	1074	77	1	0.60795138	2.33401730
1018	1074	77	2	0.62216697	4.56091298
1018	1074	77	3	0.69651087	3.83948329
1018	1074	77	4	0.13958473	0.48544743
1018	1074	77	5	0.10723523	0.44230232
1018	1074	77	6	0.19525116	2.08052282
1018	1074	77	7	1.52155943	9.05774542
1018	1074	77	8	1.19249273	4.57400399
1018	1074	77	9	0.58077937	7.19190922
1018	1074	77	10	0.10946815	1.60323485
1018	1074	77	11	0.85743375	3.62802918
1018	1074	77	12	0.13687068	0.92855784
1018	1074	77	13	1.36305480	9.98510356
1018	1074	77	14	1.07745860	4.34820273
1018	1074	77	15	0.11622360	1.41865583
1018	1074	77	16	1.13078561	4.38128334
1018	1074	77	17	0.12906915	0.49113519
1018	1074	77	18	0.16199714	3.18168955
1018	1074	77	19	0.62346058	3.47834834
1018	1074	78	0	1.66490334	6.14621145
1018	1074	78	1	0.60842271	2.33682990
1018	1074	78	2	0.62125281	4.55750914
1018	1074	78	3	0.69650359	3.83153872
1018	1074	78	4	0.14022052	0.48848476
1018	1074	78	5	0.10703563	0.44094890
1018	1074	78	6	0.19630223	2.08215089
1018	1074	78	7	1.51845950	9.03881607
1018	1074	78	8	1.18770854	4.55322445
1018	1074	78	9	0.58118727	7.19427432
1018	1074	78	10	0.10916281	1.59936954
1018	1074	78	11	0.85398100	3.61065614
1018	1074	78	12	0.13769299	0.93309317
1018	1074	78	13	1.36292799	9.98861767
1018	1074	78	14	1.07809754	4.35262897
1018	1074	78	15	0.11604390	1.41601499
1018	1074	78	16	1.13106482	4.38317301
1018	1074	78	17	0.12884196	0.48972855
1018	1074	78	18	0.16162906	3.17369651
1018	1074	78	19	0.62380953	3.48136078
1018	1074	79	0	1.66461567	6.14870754
1018	1074	79	1	0.60881697	2.33938462
1018	1074	79	2	0.62038757	4.55365801
1018	1074	79	3	0.69670174	3.82504451
1018	1074	79	4	0.14077279	0.49130354
1018	1074	79	5	0.10687211	0.43972816
1018	1074	79	6	0.19723658	2.08467851
1018	1074	79	7	1.51567153	9.02000619
1018	1074	79	8	1.18335184	4.53317258
1018	1074	79	9	0.58157241	7.19685710
1018	1074	79	10	0.10888531	1.59547211
1018	1074	79	11	0.85088522	3.59401941
1018	1074	79	12	0.13843683	0.93780444
1018	1074	79	13	1.36274176	9.99152651
1018	1074	79	14	1.07861497	4.35660186
1018	1074	79	15	0.11589969	1.41341571
1018	1074	79	16	1.13128860	4.38485500
1018	1074	79	17	0.12865624	0.48846842
1018	1074	79	18	0.16131680	3.16576244
1018	1074	79	19	0.62410269	3.48418483
1018	1074	80	0	1.66415026	6.15024083
1018	1074	80	1	0.60913685	2.34167123
1018	1074	80	2	0.61957910	4.54946986
1018	1074	80	3	0.69707965	3.81993998
1018	1074	80	4	0.14124131	0.49388172
1018	1074	80	5	0.10674304	0.43864360
1018	1074	80	6	0.19805123	2.08790525
1018	1074	80	7	1.51320688	9.00160741
1018	1074	80	8	1.17944413	4.51408284
1018	1074	80	9	0.58193144	7.19961729
1018	1074	80	10	0.10863670	1.59157271
1018	1074	80	11	0.84815573	3.57829843
1018	1074	80	12	0.13909835	0.94258813
1018	1074	80	13	1.36250545	9.99385306
1018	1074	80	14	1.07901674	4.36011177
1018	1074	80	15	0.11578915	1.41089000
1018	1074	80	16	1.13145987	4.38632738
1018	1074	80	17	0.12851008	0.48735733
1018	1074	80	18	0.16105875	3.15794001
1018	1074	80	19	0.62434191	3.48679830
1018	1074	81	0	1.66353383	6.15089399
1018	1074	81	1	0.60938581	2.34368488
1018	1074	81	2	0.61883344	4.54504768
1018	1074	81	3	0.69761175	3.81614993
1018	1074	81	4	0.14162733	0.49620322
1018	1074	81	5	0.10664646	0.43769623
1018	1074	81	6	0.19874547	2.09164634
1018	1074	81	7	1.51107052	8.98387314
1018	1074	81	8	1.17599751	4.49614903
1018	1074	81	9	0.58226183	7.20251453
1018	1074	81	10	0.10841745	1.58770033
1018	1074	81	11	0.84579506	3.56363867
1018	1074	81	12	0.13967540	0.94735157
1018	1074	81	13	1.36222813	9.99562652
1018	1074	81	14	1.07930972	4.36315728
1018	1074	81	15	0.11571015	1.40846538
1018	1074	81	16	1.13158196	4.38759165
1018	1074	81	17	0.12840122	0.48639525
1018	1074	81	18	0.16085263	3.15027745
1018	1074	81	19	0.62452965	3.48918481
1018	1074	82	0	1.66279246	6.15075406
1018	1074	82	1	0.60956802	2.34542541
1018	1074	82	2	0.61815491	4.54048638
1018	1074	82	3	0.69827296	3.81358737
1018	1074	82	4	0.14193332	0.49825775
1018	1074	82	5	0.10658018	0.43688488
1018	1074	82	6	0.19932070	2.09573351
1018	1074	82	7	1.50926156	8.96701865
1018	1074	82	8	1.17301548	4.47952560
1018	1074	82	9	0.58256180	7.20550914
1018	1074	82	10	0.10822757	1.58388246
1018	1074	82	11	0.84379969	3.55015307
1018	1074	82	12	0.14016746	0.95201319
1018	1074	82	13	1.36191849	9.99688119
1018	1074	82	14	1.07950163	4.36574421
1018	1074	82	15	0.11566035	1.40616490
1018	1074	82	16	1.13165856	4.38865226
1018	1074	82	17	0.12832712	0.48557991
1018	1074	82	18	0.16069570	3.14281817
1018	1074	82	19	0.62466884	3.49133337
1018	1074	83	0	1.66195123	6.14991060
1018	1074	83	1	0.60968815	2.34689688
1018	1074	83	2	0.61754629	4.53587217
1018	1074	83	3	0.69903900	3.81215618
1018	1074	83	4	0.14216287	0.50004036
1018	1074	83	5	0.10654180	0.43620643
1018	1074	83	6	0.19978019	2.10001555
1018	1074	83	7	1.50777386	8.95122172
1018	1074	83	8	1.17049385	4.46432958
1018	1074	83	9	0.58283025	7.20856288
1018	1074	83	10	0.10806662	1.58014459
1018	1074	83	11	0.84216072	3.53792381
1018	1074	83	12	0.14057551	0.95650251
1018	1074	83	13	1.36158474	9.99765539
1018	1074	83	14	1.07960082	4.36788467
1018	1074	83	15	0.11563725	1.40400737
1018	1074	83	16	1.13169357	4.38951618
1018	1074	83	17	0.12828501	0.48490706
1018	1074	83	18	0.16058479	3.13560049
1018	1074	83	19	0.62476280	3.49323787
1018	1074	84	0	1.66103402	6.14845405
1018	1074	84	1	0.60975127	2.34810697
1018	1074	84	2	0.61700895	4.53128223
1018	1074	84	3	0.69988669	3.81175362
1018	1074	84	4	0.14232048	0.50155111
1018	1074	84	5	0.10652879	0.43565616
1018	1074	84	6	0.20012881	2.10435856
1018	1074	84	7	1.50659663	8.93662373
1018	1074	84	8	1.16842164	4.45064273
1018	1074	84	9	0.58306672	7.21163948
1018	1074	84	10	0.10793378	1.57651000
1018	1074	84	11	0.84086464	3.52700436
1018	1074	84	12	0.14090181	0.96076008
1018	1074	84	13	1.36123458	9.99799043
1018	1074	84	14	1.07961606	4.36959610
1018	1074	84	15	0.11563824	1.40200752
1018	1074	84	16	1.13169108	4.39019251
1018	1074	84	17	0.12827196	0.48437086
1018	1074	84	18	0.16051643	3.12865752
1018	1074	84	19	0.62481515	3.49489662
1018	1074	85	0	1.66006318	6.14647425
1018	1074	85	1	0.60976274	2.34906645
1018	1074	85	2	0.61654302	4.52678450
1018	1074	85	3	0.70079415	3.81227262
1018	1074	85	4	0.14241139	0.50279452
1018	1074	85	5	0.10653855	0.43522799
1018	1074	85	6	0.20037279	2.10864601
1018	1074	85	7	1.50571518	8.92333125
1018	1074	85	8	1.16678200	4.43851416
1018	1074	85	9	0.58327126	7.21470510
1018	1074	85	10	0.10782791	1.57299951
1018	1074	85	11	0.83989404	3.51742178
1018	1074	85	12	0.14114979	0.96473717
1018	1074	85	13	1.36087512	9.99792969
1018	1074	85	14	1.07955640	4.37090043
1018	1074	85	15	0.11566065	1.40017622
1018	1074	85	16	1.13165528	4.39069209
1018	1074	85	17	0.12828497	0.48396406
1018	1074	85	18	0.16048690	3.12201714
1018	1074	85	19	0.62482972	3.49631184
1018	1074	86	0	1.65905945	6.14405910
1018	1074	86	1	0.60972809	2.34978863
1018	1074	86	2	0.61614751	4.52243774
1018	1074	86	3	0.70174098	3.81360384
1018	1074	86	4	0.14244141	0.50377910
1018	1074	86	5	0.10656842	0.43491470
1018	1074	86	6	0.20051949	2.11277844
1018	1074	86	7	1.50511152	8.91141803
1018	1074	86	8	1.16555310	4.42796310
1018	1074	86	9	0.58344442	7.21772872
1018	1074	86	10	0.10774760	1.56963130
1018	1074	86	11	0.83922831	3.50917919
1018	1074	86	12	0.14132384	0.96839544
1018	1074	86	13	1.36051281	9.99751776
1018	1074	86	14	1.07943096	4.37182322
1018	1074	86	15	0.11570179	1.39852076
1018	1074	86	16	1.13159034	4.39102714
1018	1074	86	17	0.12832095	0.48367833
1018	1074	86	18	0.16049236	3.11570202
1018	1074	86	19	0.62481046	3.49748920
1018	1074	87	0	1.65804178	6.14129347
1018	1074	87	1	0.60965292	2.35028893
1018	1074	87	2	0.61582052	4.51829168
1018	1074	87	3	0.70270844	3.81563765
1018	1074	87	4	0.14241671	0.50451675
1018	1074	87	5	0.10661575	0.43470819
1018	1074	87	6	0.20057708	2.11667297
1018	1074	87	7	1.50476506	8.90092728
1018	1074	87	8	1.16470908	4.41898184
1018	1074	87	9	0.58358712	7.22068231
1018	1074	87	10	0.10769122	1.56642088
1018	1074	87	11	0.83884433	3.50225835
1018	1074	87	12	0.14142911	0.97170639
1018	1074	87	13	1.36015348	9.99679960
1018	1074	87	14	1.07924886	4.37239285
1018	1074	87	15	0.11575899	1.39704516
1018	1074	87	16	1.13150044	4.39121093
1018	1074	87	17	0.12837687	0.48350450
1018	1074	87	18	0.16052886	3.10972976
1018	1074	87	19	0.62476138	3.49843728
1018	1074	88	0	1.65702723	6.13825820
1018	1074	88	1	0.60954282	2.35058434
1018	1074	88	2	0.61555929	4.51438729
1018	1074	88	3	0.70367952	3.81826577
1018	1074	88	4	0.14234371	0.50502221
1018	1074	88	5	0.10667791	0.43459971
1018	1074	88	6	0.20055439	2.12026266
1018	1074	88	7	1.50465325	8.89187428
1018	1074	88	8	1.16422090	4.41153889
1018	1074	88	9	0.58370066	7.22354106
1018	1074	88	10	0.10765698	1.56338103
1018	1074	88	11	0.83871715	3.49662233
1018	1074	88	12	0.14147136	0.97465074
1018	1074	88	13	1.35980227	9.99581991
1018	1074	88	14	1.07901905	4.37263980
1018	1074	88	15	0.11582963	1.39575038
1018	1074	88	16	1.13138965	4.39125746
1018	1074	88	17	0.12844968	0.48343276
1018	1074	88	18	0.16059243	3.10411307
1018	1074	88	19	0.62468651	3.49916717
1018	1074	89	0	1.65603097	6.13502936
1018	1074	89	1	0.60940328	2.35069306
1018	1074	89	2	0.61536043	4.51075719
1018	1074	89	3	0.70463901	3.82138276
1018	1074	89	4	0.14222893	0.50531250
1018	1074	89	5	0.10675235	0.43458002
1018	1074	89	6	0.20046056	2.12349558
1018	1074	89	7	1.50475220	8.88424915
1018	1074	89	8	1.16405710	4.40558202
1018	1074	89	9	0.58378661	7.22628343
1018	1074	89	10	0.10764293	1.56052182
1018	1074	89	11	0.83882053	3.49221810
1018	1074	89	12	0.14145678	0.97721773
1018	1074	89	13	1.35946364	9.99462239
1018	1074	89	14	1.07875021	4.37259601
1018	1074	89	15	0.11591119	1.39463473
1018	1074	89	16	1.13126190	4.39118121
1018	1074	89	17	0.12853645	0.48345290
1018	1074	89	18	0.16067916	3.09886005
1018	1074	89	19	0.62458979	3.49969200
1018	1074	90	0	1.65506618	6.13167757
1018	1074	90	1	0.60923963	2.35063405
1018	1074	90	2	0.61521999	4.50742614
1018	1074	90	3	0.70557353	3.82488735
1018	1074	90	4	0.14207883	0.50540636
1018	1074	90	5	0.10683662	0.43463961
1018	1074	90	6	0.20030496	2.12633381
1018	1074	90	7	1.50503721	8.87801981
1018	1074	90	8	1.16418466	4.40104144
1018	1074	90	9	0.58384677	7.22889120
1018	1074	90	10	0.10764706	1.55785068
1018	1074	90	11	0.83912754	3.48897922
1018	1074	90	12	0.14139184	0.97940430
1018	1074	90	13	1.35914138	9.99324929
1018	1074	90	14	1.07845065	4.37229418
1018	1074	90	15	0.11600125	1.39369412
1018	1074	90	16	1.13112096	4.39099686
1018	1074	90	17	0.12863437	0.48355445
1018	1074	90	18	0.16078521	3.09397442
1018	1074	90	19	0.62447508	3.50002649
1018	1074	91	0	1.65414414	6.12826758
1018	1074	91	1	0.60905699	2.35042670
1018	1074	91	2	0.61513359	4.50441152
1018	1074	91	3	0.70647157	3.82868345
1018	1074	91	4	0.14189973	0.50532372
1018	1074	91	5	0.10692838	0.43476884
1018	1074	91	6	0.20009688	2.12875229
1018	1074	91	7	1.50548334	8.87313493
1018	1074	91	8	1.16456963	4.39783282
1018	1074	91	9	0.58388310	7.23134940
1018	1074	91	10	0.10766731	1.55537249
1018	1074	91	11	0.83961107	3.48682833
1018	1074	91	12	0.14128309	0.98121429
1018	1074	91	13	1.35883862	9.99174089
1018	1074	91	14	1.07812826	4.37176728
1018	1074	91	15	0.11609753	1.39292238
1018	1074	91	16	1.13097038	4.39071907
1018	1074	91	17	0.12874073	0.48372695
1018	1074	91	18	0.16090687	3.08945586
1018	1074	91	19	0.62434607	3.50018660
1018	1074	92	0	1.65327424	6.12485788
1018	1074	92	1	0.60886020	2.35009046
1018	1074	92	2	0.61509654	4.50172399
1018	1074	92	3	0.70732341	3.83268109
1018	1074	92	4	0.14169771	0.50508522
1018	1074	92	5	0.10702544	0.43495810
1018	1074	92	6	0.19984547	2.13073762
1018	1074	92	7	1.50606579	8.86952697
1018	1074	92	8	1.16517779	4.39586027
1018	1074	92	9	0.58389771	7.23364622
1018	1074	92	10	0.10770160	1.55308974
1018	1074	92	11	0.84024424	3.48567959
1018	1074	92	12	0.14113712	0.98265759
1018	1074	92	13	1.35855785	9.99013510
1018	1074	92	14	1.07779039	4.37104801
1018	1074	92	15	0.11619791	1.39231159
1018	1074	92	16	1.13081346	4.39036227
1018	1074	92	17	0.12885303	0.48395998
1018	1074	92	18	0.16104061	3.08530038
1018	1074	92	19	0.62420628	3.50018915
1018	1074	93	0	1.65246403	6.12150052
1018	1074	93	1	0.60865378	2.34964461
1018	1074	93	2	0.61510395	4.49936803
1018	1074	93	3	0.70812110	3.83679710
1018	1074	93	4	0.14147850	0.50471178
1018	1074	93	5	0.10712575	0.43519795
1018	1074	93	6	0.19955953	2.13228678
1018	1074	93	7	1.50676039	8.86711509
1018	1074	93	8	1.16597525	4.39501911
1018	1074	93	9	0.58389278	7.23577293
1018	1074	93	10	0.10774786	1.55100265
1018	1074	93	11	0.84100083	3.48544101
1018	1074	93	12	0.14096034	0.98374922
1018	1074	93	13	1.35830098	9.98846719
1018	1074	93	14	1.07744385	4.37016837
1018	1074	93	15	0.11630042	1.39185235
1018	1074	93	16	1.13065328	4.38994049
1018	1074	93	17	0.12896891	0.48424340
1018	1074	93	18	0.16118310	3.08150066
1018	1074	93	19	0.62405898	3.50005145
1018	1074	94	0	1.65171933	6.11824104
1018	1074	94	1	0.60844191	2.34910793
1018	1074	94	2	0.61515079	4.49734262
1018	1074	94	3	0.70885839	3.84095561
1018	1074	94	4	0.14124748	0.50422418
1018	1074	94	5	0.10722745	0.43547924
1018	1074	94	6	0.19924741	2.13340582
1018	1074	94	7	1.50754386	8.86580800
1018	1074	94	8	1.16692892	4.39519853
1018	1074	94	9	0.58387055	7.23772366
1018	1074	94	10	0.10780408	1.54910936
1018	1074	94	11	0.84185563	3.48601656
1018	1074	94	12	0.14075898	0.98450850
1018	1074	94	13	1.35806930	9.98676950
1018	1074	94	14	1.07709483	4.36915927
1018	1074	94	15	0.11640327	1.39153409
1018	1074	94	16	1.13049260	4.38946720
1018	1074	94	17	0.12908625	0.48456741
1018	1074	94	18	0.16133123	3.07804643
1018	1074	94	19	0.62390724	3.49979101
1018	1074	95	0	1.65104431	6.11511847
1018	1074	95	1	0.60822842	2.34849853
1018	1074	95	2	0.61523203	4.49564186
1018	1074	95	3	0.70953063	3.84508841
1018	1074	95	4	0.14100959	0.50364271
1018	1074	95	5	0.10732885	0.43579316
1018	1074	95	6	0.19891694	2.13410860
1018	1074	95	7	1.50839414	8.86550668
1018	1074	95	8	1.16800694	4.39628403
1018	1074	95	9	0.58383324	7.23949528
1018	1074	95	10	0.10786831	1.54740612
1018	1074	95	11	0.84278466	3.48730812
1018	1074	95	12	0.14053893	0.98495820
1018	1074	95	13	1.35786363	9.98507129
1018	1074	95	14	1.07674892	4.36805017
1018	1074	95	15	0.11650487	1.39134535
1018	1074	95	16	1.13033392	4.38895519
1018	1074	95	17	0.12920309	0.48492268
1018	1074	95	18	0.16148215	3.07492489
1018	1074	95	19	0.62375384	3.49942529
1018	1074	96	0	1.65044163	6.11216546
1018	1074	96	1	0.60801672	2.34783364
1018	1074	96	2	0.61534264	4.49425561
1018	1074	96	3	0.71013468	3.84913519
1018	1074	96	4	0.14076931	0.50298691
1018	1074	96	5	0.10742844	0.43613141
1018	1074	96	6	0.19857534	2.13441550
1018	1074	96	7	1.50929062	8.86610689
1018	1074	96	8	1.16917906	4.39815962
1018	1074	96	9	0.58378308	7.24108711
1018	1074	96	10	0.10793870	1.54588752
1018	1074	96	11	0.84376549	3.48921730
1018	1074	96	12	0.14030571	0.98512376
1018	1074	96	13	1.35768426	9.98339863
1018	1074	96	14	1.07641102	4.36686885
1018	1074	96	15	0.11660382	1.39127403
1018	1074	96	16	1.13017943	4.38841642
1018	1074	96	17	0.12931773	0.48530041
1018	1074	96	18	0.16163326	3.07212104
1018	1074	96	19	0.62360128	3.49897141
1018	1074	97	0	1.64991255	6.10940850
1018	1074	97	1	0.60780984	2.34712944
1018	1074	97	2	0.61547775	4.49317011
1018	1074	97	3	0.71066878	3.85304353
1018	1074	97	4	0.14053062	0.50227528
1018	1074	97	5	0.10752490	0.43648621
1018	1074	97	6	0.19822918	2.13435224
1018	1074	97	7	1.51021426	8.86750150
1018	1074	97	8	1.17041693	4.40070982
1018	1074	97	9	0.58372223	7.24250075
1018	1074	97	10	0.10801350	1.54454666
1018	1074	97	11	0.84477736	3.49164695
1018	1074	97	12	0.14006444	0.98503252
1018	1074	97	13	1.35753107	9.98177434
1018	1074	97	14	1.07608541	4.36564116
1018	1074	97	15	0.11669888	1.39130763
1018	1074	97	16	1.13003102	4.38786198
1018	1074	97	17	0.12942865	0.48569243
1018	1074	97	18	0.16178225	3.06961810
1018	1074	97	19	0.62345181	3.49844592
1018	1074	98	0	1.64945705	6.10686814
1018	1074	98	1	0.60761042	2.34640093
1018	1074	98	2	0.61563261	4.49236860
1018	1074	98	3	0.71113244	3.85676888
1018	1074	98	4	0.14029705	0.50152514
1018	1074	98	5	0.10761710	0.43685036
1018	1074	98	6	0.19788434	2.13394872
1018	1074	98	7	1.51114777	8.86958256
1018	1074	98	8	1.17169431	4.40382143
1018	1074	98	9	0.58365278	7.24373985
1018	1074	98	10	0.10809108	1.54337539
1018	1074	98	11	0.84580131	3.49450262
1018	1074	98	12	0.13981977	0.98471301
1018	1074	98	13	1.35740353	9.98021802
1018	1074	98	14	1.07577573	4.36439083
1018	1074	98	15	0.11678905	1.39143348
1018	1074	98	16	1.12989030	4.38730199
1018	1074	98	17	0.12953457	0.48609123
1018	1074	98	18	0.16192708	3.06739788
1018	1074	98	19	0.62330735	3.49786470
1018	1074	99	0	1.64907402	6.10455940
1018	1074	99	1	0.60742067	2.34566188
1018	1074	99	2	0.61580273	4.49183189
1018	1074	99	3	0.71152629	3.86027438
1018	1074	99	4	0.14007162	0.50075243
1018	1074	99	5	0.10770410	0.43721731
1018	1074	99	6	0.19754601	2.13323791
1018	1074	99	7	1.51207567	8.87224320
1018	1074	99	8	1.17298727	4.40738506
1018	1074	99	9	0.58357671	7.24480984
1018	1074	99	10	0.10816996	1.54236449
1018	1074	99	11	0.84682034	3.49769367
1018	1074	99	12	0.13957586	0.98419436
1018	1074	99	13	1.35730079	9.97874607
1018	1074	99	14	1.07548496	4.36313936
1018	1074	99	15	0.11687346	1.39163895
1018	1074	99	16	1.12975859	4.38674557
1018	1074	99	17	0.12963442	0.48649000
1018	1074	99	18	0.16206599	3.06544111
1018	1074	99	19	0.62316957	3.49724269
1018	1074	100	0	1.64876134	6.10249209
1018	1074	100	1	0.60724244	2.34492469
1018	1074	100	2	0.61598385	4.49153890
1018	1074	100	3	0.71185198	3.86353055
1018	1074	100	4	0.13985688	0.49997164
1018	1074	100	5	0.10778513	0.43758117
1018	1074	100	6	0.19721867	2.13225491
1018	1074	100	7	1.51298430	8.87537923
1018	1074	100	8	1.17427428	4.41129638
1018	1074	100	9	0.58349589	7.24571771
1018	1074	100	10	0.10824878	1.54150393
1018	1074	100	11	0.84781937	3.50113431
1018	1074	100	12	0.13933639	0.98350571
1018	1074	100	13	1.35722171	9.97737179
1018	1074	100	14	1.07521549	4.36190597
1018	1074	100	15	0.11695146	1.39191161
1018	1074	100	16	1.12963691	4.38620081
1018	1074	100	17	0.12972733	0.48688269
1018	1074	100	18	0.16219752	3.06372780
1018	1074	100	19	0.62303984	3.49659385
1018	1074	101	0	1.64851605	6.10067125
1018	1074	101	1	0.60707720	2.34420040
1018	1074	101	2	0.61617202	4.49146723
1018	1074	101	3	0.71211200	3.86651498
1018	1074	101	4	0.13965492	0.49919573
1018	1074	101	5	0.10785961	0.43793673
1018	1074	101	6	0.19690611	2.13103606
1018	1074	101	7	1.51386186	8.87889053
1018	1074	101	8	1.17553631	4.41545722
1018	1074	101	9	0.58341206	7.24647174
1018	1074	101	10	0.10832634	1.54078303
1018	1074	101	11	0.84878532	3.50474435
1018	1074	101	12	0.13910454	0.98267574
1018	1074	101	13	1.35716490	9.97610555
1018	1074	101	14	1.07496912	4.36070747
1018	1074	101	15	0.11702255	1.39223943
1018	1074	101	16	1.12952604	4.38567473
1018	1074	101	17	0.12981264	0.48726396
1018	1074	101	18	0.16232044	3.06223755
1018	1074	101	19	0.62291927	3.49593102
1018	1074	102	0	1.64833448	6.09909762
1018	1074	102	1	0.60692606	2.34349866
1018	1074	102	2	0.61636362	4.49159356
1018	1074	102	3	0.71230960	3.86921185
1018	1074	102	4	0.13946740	0.49843611
1018	1074	102	5	0.10792709	0.43827947
1018	1074	102	6	0.19661148	2.12961809
1018	1074	102	7	1.51469836	8.88268221
1018	1074	102	8	1.17675680	4.41977642
1018	1074	102	9	0.58332683	7.24708130
1018	1074	102	10	0.10840159	1.54019064
1018	1074	102	11	0.84970705	3.50844987
1018	1074	102	12	0.13888302	0.98173220
1018	1074	102	13	1.35712878	9.97495490
1018	1074	102	14	1.07474710	4.35955836
1018	1074	102	15	0.11708639	1.39261088
1018	1074	102	16	1.12942651	4.38517334
1018	1074	102	17	0.12988986	0.48762925
1018	1074	102	18	0.16243382	3.06094985
1018	1074	102	19	0.62280870	3.49526585
1018	1074	103	0	1.64821241	6.09776805
1018	1074	103	1	0.60678979	2.34282772
1018	1074	103	2	0.61655535	4.49189416
1018	1074	103	3	0.71244861	3.87161151
1018	1074	103	4	0.13929556	0.49770264
1018	1074	103	5	0.10798733	0.43860556
1018	1074	103	6	0.19633725	2.12803744
1018	1074	103	7	1.51548558	8.88666552
1018	1074	103	8	1.17792166	4.42417041
1018	1074	103	9	0.58324164	7.24755660
1018	1074	103	10	0.10847363	1.53971539
1018	1074	103	11	0.85057535	3.51218364
1018	1074	103	12	0.13867407	0.98070162
1018	1074	103	13	1.35711164	9.97392480
1018	1074	103	14	1.07455017	4.35847080
1018	1074	103	15	0.11714280	1.39301504
1018	1074	103	16	1.12933860	4.38470160
1018	1074	103	17	0.12995869	0.48797472
1018	1074	103	18	0.16253696	3.05984432
1018	1074	103	19	0.62270874	3.49460876
1018	1074	104	0	1.64814513	6.09667603
1018	1074	104	1	0.60666885	2.34219447
1018	1074	104	2	0.61674428	4.49234526
1018	1074	104	3	0.71253336	3.87370991
1018	1074	104	4	0.13914026	0.49700363
1018	1074	104	5	0.10804016	0.43891182
1018	1074	104	6	0.19608534	2.12632967
1018	1074	104	7	1.51621697	8.89075860
1018	1074	104	8	1.17901923	4.42856375
1018	1074	104	9	0.58315778	7.24790849
1018	1074	104	10	0.10854170	1.53934577
1018	1074	104	11	0.85138283	3.51588540
1018	1074	104	12	0.13847946	0.97960896
1018	1074	104	13	1.35711164	9.97301782
1018	1074	104	14	1.07437861	4.35745470
1018	1074	104	15	0.11719171	1.39344174
1018	1074	104	16	1.12926240	4.38426351
1018	1074	104	17	0.13001900	0.48829724
1018	1074	104	18	0.16262939	3.05890100
1018	1074	104	19	0.62261976	3.49396893
1018	1074	105	0	1.64812766	6.09581209
1018	1074	105	1	0.60656342	2.34160446
1018	1074	105	2	0.61692784	4.49292342
1018	1074	105	3	0.71256852	3.87550804
1018	1074	105	4	0.13900202	0.49634595
1018	1074	105	5	0.10808560	0.43919573
1018	1074	105	6	0.19585709	2.12452892
1018	1074	105	7	1.51688759	8.89488694
1018	1074	105	8	1.18004016	4.43288930
1018	1074	105	9	0.58307639	7.24814822
1018	1074	105	10	0.10860519	1.53907035
1018	1074	105	11	0.85212387	3.51950206
1018	1074	105	12	0.13830055	0.97847741
1018	1074	105	13	1.35712691	9.97223434
1018	1074	105	14	1.07423228	4.35651779
1018	1074	105	15	0.11723321	1.39388161
1018	1074	105	16	1.12919780	4.38386210
1018	1074	105	17	0.13007078	0.48859439
1018	1074	105	18	0.16271086	3.05810051
1018	1074	105	19	0.62254193	3.49335424
1018	1074	106	0	1.64815476	6.09516436
1018	1074	106	1	0.60647342	2.34106199
1018	1074	106	2	0.61710380	4.49360584
1018	1074	106	3	0.71255901	3.87701141
1018	1074	106	4	0.13888103	0.49573502
1018	1074	106	5	0.10812376	0.43945538
1018	1074	106	6	0.19565331	2.12266751
1018	1074	106	7	1.51749397	8.89898377
1018	1074	106	8	1.18097730	4.43708841
1018	1074	106	9	0.58299843	7.24828727
1018	1074	106	10	0.10866363	1.53887789
1018	1074	106	11	0.85279446	3.52298768
1018	1074	106	12	0.13813833	0.97732822
1018	1074	106	13	1.35715551	9.97157279
1018	1074	106	14	1.07411065	4.35566575
1018	1074	106	15	0.11726745	1.39432612
1018	1074	106	16	1.12914453	4.38349951
1018	1074	106	17	0.13011418	0.48886438
1018	1074	106	18	0.16278132	3.05742426
1018	1074	106	19	0.62247521	3.49277136
1018	1074	107	0	1.64822110	6.09471892
1018	1074	107	1	0.60639854	2.34057017
1018	1074	107	2	0.61727031	4.49437062
1018	1074	107	3	0.71250990	3.87822944
1018	1074	107	4	0.13877721	0.49517495
1018	1074	107	5	0.10815484	0.43968944
1018	1074	107	6	0.19547438	2.12077555
1018	1074	107	7	1.51803401	8.90299022
1018	1074	107	8	1.18182558	4.44111083
1018	1074	107	9	0.58292473	7.24833718
1018	1074	107	10	0.10871667	1.53875748
1018	1074	107	11	0.85339213	3.52630343
1018	1074	107	12	0.13799338	0.97618059
1018	1074	107	13	1.35719555	9.97102992
1018	1074	107	14	1.07401289	4.35490235
1018	1074	107	15	0.11729472	1.39476763
1018	1074	107	16	1.12910216	4.38317708
1018	1074	107	17	0.13014944	0.48910603
1018	1074	107	18	0.16284089	3.05685460
1018	1074	107	19	0.62241942	3.49222574
1018	1074	108	0	1.64832135	6.09446031
1018	1074	108	1	0.60633826	2.34013097
1018	1074	108	2	0.61742585	4.49519701
1018	1074	108	3	0.71242632	3.87917488
1018	1074	108	4	0.13869023	0.49466859
1018	1074	108	5	0.10817914	0.43989711
1018	1074	108	6	0.19532024	2.11888074
1018	1074	108	7	1.51850686	8.90685532
1018	1074	108	8	1.18258185	4.44491457
1018	1074	108	9	0.58285595	7.24830938
1018	1074	108	10	0.10876409	1.53869862
1018	1074	108	11	0.85391580	3.52941735
1018	1074	108	12	0.13786599	0.97505156
1018	1074	108	13	1.35724514	9.97060101
1018	1074	108	14	1.07393789	4.35422958
1018	1074	108	15	0.11731535	1.39519942
1018	1074	108	16	1.12907015	4.38289536
1018	1074	108	17	0.13017691	0.48931875
1018	1074	108	18	0.16288985	3.05637495
1018	1074	108	19	0.62237422	3.49172165
1018	1074	109	0	1.64845022	6.09437189
1018	1074	109	1	0.60629191	2.33974536
1018	1074	109	2	0.61756925	4.49606560
1018	1074	109	3	0.71231335	3.87986328
1018	1074	109	4	0.13861952	0.49421768
1018	1074	109	5	0.10819703	0.44007810
1018	1074	109	6	0.19519047	2.11700812
1018	1074	109	7	1.51891278	8.91053591
1018	1074	109	8	1.18324472	4.44846563
1018	1074	109	9	0.58279260	7.24821503
1018	1074	109	10	0.10880577	1.53869133
1018	1074	109	11	0.85436563	3.53230410
1018	1074	109	12	0.13775612	0.97395605
1018	1074	109	13	1.35730246	9.97028008
1018	1074	109	14	1.07388428	4.35364782
1018	1074	109	15	0.11732976	1.39561566
1018	1074	109	16	1.12904786	4.38265421
1018	1074	109	17	0.13019703	0.48950243
1018	1074	109	18	0.16292860	3.05596988
1018	1074	109	19	0.62233913	3.49126227
1018	1074	110	0	1.64860257	6.09443626
1018	1074	110	1	0.60625866	2.33941338
1018	1074	110	2	0.61769963	4.49695845
1018	1074	110	3	0.71217597	3.88031241
1018	1074	110	4	0.13856435	0.49382289
1018	1074	110	5	0.10820894	0.44023254
1018	1074	110	6	0.19508433	2.11518001
1018	1074	110	7	1.51925303	8.91399646
1018	1074	110	8	1.18381436	4.45173762
1018	1074	110	9	0.58273507	7.24806492
1018	1074	110	10	0.10884170	1.53872624
1018	1074	110	11	0.85474289	3.53494460
1018	1074	110	12	0.13766350	0.97290680
1018	1074	110	13	1.35736578	9.97006017
1018	1074	110	14	1.07385055	4.35315603
1018	1074	110	15	0.11733841	1.39601143
1018	1074	110	16	1.12903455	4.38245291
1018	1074	110	17	0.13021029	0.48965744
1018	1074	110	18	0.16295767	3.05562520
1018	1074	110	19	0.62231359	3.49084975
1018	1074	111	0	1.64877349	6.09463557
1018	1074	111	1	0.60623760	2.33913424
1018	1074	111	2	0.61781641	4.49785922
1018	1074	111	3	0.71201899	3.88054175
1018	1074	111	4	0.13852384	0.49348398
1018	1074	111	5	0.10821534	0.44036098
1018	1074	111	6	0.19500079	2.11341589
1018	1074	111	7	1.51952969	8.91720869
1018	1074	111	8	1.18429237	4.45471135
1018	1074	111	9	0.58268359	7.24786935
1018	1074	111	10	0.10887196	1.53879462
1018	1074	111	11	0.85504983	3.53732568
1018	1074	111	12	0.13758761	0.97191446
1018	1074	111	13	1.35743346	9.96993353
1018	1074	111	14	1.07383503	4.35275187
1018	1074	111	15	0.11734180	1.39638269
1018	1074	111	16	1.12902946	4.38229017
1018	1074	111	17	0.13021725	0.48978452
1018	1074	111	18	0.16297768	3.05532802
1018	1074	111	19	0.62229694	3.49048527
1018	1074	112	0	1.64895829	6.09495189
1018	1074	112	1	0.60622770	2.33890640
1018	1074	112	2	0.61791930	4.49875321
1018	1074	112	3	0.71184697	3.88057202
1018	1074	112	4	0.13849698	0.49319989
1018	1074	112	5	0.10821675	0.44046428
1018	1074	112	6	0.19493863	2.11173241
1018	1074	112	7	1.51974562	8.92015128
1018	1074	112	8	1.18468154	4.45737429
1018	1074	112	9	0.58263831	7.24763804
1018	1074	112	10	0.10889671	1.53888842
1018	1074	112	11	0.85528950	3.53943955
1018	1074	112	12	0.13752775	0.97098767
1018	1074	112	13	1.35750399	9.96989181
1018	1074	112	14	1.07383594	4.35243192
1018	1074	112	15	0.11734046	1.39672623
1018	1074	112	16	1.12903175	4.38216427
1018	1074	112	17	0.13021849	0.48988481
1018	1074	112	18	0.16298931	3.05506671
1018	1074	112	19	0.62228845	3.49016916
1018	1074	113	0	1.64915261	6.09536746
1018	1074	113	1	0.60622788	2.33872773
1018	1074	113	2	0.61800823	4.49962748
1018	1074	113	3	0.71166422	3.88042473
1018	1074	113	4	0.13848267	0.49296885
1018	1074	113	5	0.10821368	0.44054363
1018	1074	113	6	0.19489641	2.11014344
1018	1074	113	7	1.51990424	8.92280933
1018	1074	113	8	1.18498575	4.45972005
1018	1074	113	9	0.58259924	7.24738005
1018	1074	113	10	0.10891617	1.53900034
1018	1074	113	11	0.85546568	3.54128340
1018	1074	113	12	0.13748304	0.97013309
1018	1074	113	13	1.35757595	9.96992630
1018	1074	113	14	1.07385147	4.35219184
1018	1074	113	15	0.11733492	1.39703965
1018	1074	113	16	1.12904056	4.38207310
1018	1074	113	17	0.13021462	0.48995968
1018	1074	113	18	0.16299331	3.05483100
1018	1074	113	19	0.62228737	3.48990094
1018	1074	114	0	1.64935241	6.09586494
1018	1074	114	1	0.60623703	2.33859556
1018	1074	114	2	0.61808338	4.50047077
1018	1074	114	3	0.71147474	3.88012171
1018	1074	114	4	0.13847973	0.49278848
1018	1074	114	5	0.10820669	0.44060044
1018	1074	114	6	0.19487256	2.10866012
1018	1074	114	7	1.52000948	8.92517393
1018	1074	114	8	1.18520971	4.46174779
1018	1074	114	9	0.58256630	7.24710374
1018	1074	114	10	0.10893063	1.53912381
1018	1074	114	11	0.85558267	3.54285882
1018	1074	114	12	0.13745248	0.96935559
1018	1074	114	13	1.35764809	9.97002806
1018	1074	114	14	1.07387975	4.35202653
1018	1074	114	15	0.11732575	1.39732127
1018	1074	114	16	1.12905506	4.38201423
1018	1074	114	17	0.13020626	0.49001080
1018	1074	114	18	0.16299046	3.05461188
1018	1074	114	19	0.62229288	3.48967948
1018	1074	115	0	1.64955402	6.09642767
1018	1074	115	1	0.60625402	2.33850682
1018	1074	115	2	0.61814509	4.50127354
1018	1074	115	3	0.71128218	3.87968480
1018	1074	115	4	0.13848696	0.49265591
1018	1074	115	5	0.10819631	0.44063630
1018	1074	115	6	0.19486542	2.10729100
1018	1074	115	7	1.52006563	8.92724162
1018	1074	115	8	1.18535886	4.46346163
1018	1074	115	9	0.58253932	7.24681670
1018	1074	115	10	0.10894041	1.53925301
1018	1074	115	11	0.85564521	3.54417136
1018	1074	115	12	0.13743497	0.96865835
1018	1074	115	13	1.35771928	9.97018810
1018	1074	115	14	1.07391895	4.35193030
1018	1074	115	15	0.11731347	1.39757012
1018	1074	115	16	1.12907437	4.38198503
1018	1074	115	17	0.13019405	0.49003998
1018	1074	115	18	0.16298155	3.05440162
1018	1074	115	19	0.62230418	3.48950304
1018	1074	116	0	1.64975414	6.09703980
1018	1074	116	1	0.60627772	2.33845807
1018	1074	116	2	0.61819391	4.50202792
1018	1074	116	3	0.71108983	3.87913550
1018	1074	116	4	0.13850312	0.49256786
1018	1074	116	5	0.10818307	0.44065298
1018	1074	116	6	0.19487325	2.10604216
1018	1074	116	7	1.52007728	8.92901380
1018	1074	116	8	1.18543917	4.46487001
1018	1074	116	9	0.58251806	7.24652577
1018	1074	116	10	0.10894588	1.53938286
1018	1074	116	11	0.85565836	3.54522996
1018	1074	116	12	0.13742934	0.96804296
1018	1074	116	13	1.35778852	9.97039753
1018	1074	116	14	1.07396726	4.35189702
1018	1074	116	15	0.11729863	1.39778585
1018	1074	116	16	1.12909768	4.38198267
1018	1074	116	17	0.13017859	0.49004920
1018	1074	116	18	0.16296739	3.05419367
1018	1074	116	19	0.62232045	3.48936936
1018	1074	117	0	1.64994986	6.09768648
1018	1074	117	1	0.60630702	2.33844565
1018	1074	117	2	0.61823048	4.50272764
1018	1074	117	3	0.71090063	3.87849463
1018	1074	117	4	0.13852699	0.49252073
1018	1074	117	5	0.10816750	0.44065233
1018	1074	117	6	0.19489429	2.10491737
1018	1074	117	7	1.52004915	8.93049623
1018	1074	117	8	1.18545702	4.46598513
1018	1074	117	9	0.58250223	7.24623698
1018	1074	117	10	0.10894743	1.53950900
1018	1074	117	11	0.85562736	3.54604645
1018	1074	117	12	0.13743435	0.96750965
1018	1074	117	13	1.35785497	9.97064769
1018	1074	117	14	1.07402293	4.35192026
1018	1074	117	15	0.11728174	1.39796866
1018	1074	117	16	1.12912419	4.38200422
1018	1074	117	17	0.13016048	0.49004051
1018	1074	117	18	0.16294878	3.05398269
1018	1074	117	19	0.62234090	3.48927581
1018	1074	118	0	1.65013866	6.09835397
1018	1074	118	1	0.60634087	2.33846577
1018	1074	118	2	0.61825561	4.50336796
1018	1074	118	3	0.71071714	3.87778215
1018	1074	118	4	0.13855735	0.49251074
1018	1074	118	5	0.10815010	0.44063627
1018	1074	118	6	0.19492674	2.10391830
1018	1074	118	7	1.51998606	8.93169840
1018	1074	118	8	1.18541902	4.46682231
1018	1074	118	9	0.58249147	7.24595559
1018	1074	118	10	0.10894546	1.53962776
1018	1074	118	11	0.85555756	3.54663506
1018	1074	118	12	0.13744876	0.96705735
1018	1074	118	13	1.35791792	9.97093024
1018	1074	118	14	1.07408428	4.35199342
1018	1074	118	15	0.11726328	1.39811926
1018	1074	118	16	1.12915312	4.38204673
1018	1074	118	17	0.13014029	0.49001601
1018	1074	118	18	0.16292650	3.05376436
1018	1074	118	19	0.62236474	3.48921938
1018	1074	119	0	1.65031841	6.09902973
1018	1074	119	1	0.60637822	2.33851451
1018	1074	119	2	0.61827015	4.50394559
1018	1074	119	3	0.71054155	3.87701690
1018	1074	119	4	0.13859303	0.49253391
1018	1074	119	5	0.10813133	0.44060674
1018	1074	119	6	0.19496887	2.10304465
1018	1074	119	7	1.51989283	8.93263302
1018	1074	119	8	1.18533192	4.46739942
1018	1074	119	9	0.58248539	7.24568606
1018	1074	119	10	0.10894040	1.53973617
1018	1074	119	11	0.85545431	3.54701195
1018	1074	119	12	0.13747130	0.96668392
1018	1074	119	13	1.35797678	9.97123727
1018	1074	119	14	1.07414974	4.35210989
1018	1074	119	15	0.11724370	1.39823878
1018	1074	119	16	1.12918377	4.38210722
1018	1074	119	17	0.13011857	0.48997784
1018	1074	119	18	0.16290130	3.05353542
1018	1074	119	19	0.62239124	3.48919687
1018	1074	120	0	1.65048734	6.09970245
1018	1074	120	1	0.60641813	2.33858797
1018	1074	120	2	0.61827506	4.50445853
1018	1074	120	3	0.71037568	3.87621646
1018	1074	120	4	0.13863289	0.49258624
1018	1074	120	5	0.10811163	0.44056570
1018	1074	120	6	0.19501896	2.10229444
1018	1074	120	7	1.51977421	8.93331547
1018	1074	120	8	1.18520247	4.46773635
1018	1074	120	9	0.58248356	7.24543214
1018	1074	120	10	0.10893267	1.53983185
1018	1074	120	11	0.85532289	3.54719472
1018	1074	120	12	0.13750075	0.96638626
1018	1074	120	13	1.35803110	9.97156135
1018	1074	120	14	1.07421786	4.35226308
1018	1074	120	15	0.11722345	1.39832871
1018	1074	120	16	1.12921548	4.38218277
1018	1074	120	17	0.13009581	0.48992808
1018	1074	120	18	0.16287388	3.05329351
1018	1074	120	19	0.62241969	3.48920487
1018	1074	121	0	1.65064405	6.10036215
1018	1074	121	1	0.60645970	2.33868229
1018	1074	121	2	0.61827132	4.50490602
1018	1074	121	3	0.71022100	3.87539702
1018	1074	121	4	0.13867587	0.49266372
1018	1074	121	5	0.10809142	0.44051503
1018	1074	121	6	0.19507537	2.10166414
1018	1074	121	7	1.51963482	8.93376323
1018	1074	121	8	1.18503734	4.46785446
1018	1074	121	9	0.58248555	7.24519680
1018	1074	121	10	0.10892267	1.53991304
1018	1074	121	11	0.85516842	3.54720199
1018	1074	121	12	0.13753588	0.96616046
1018	1074	121	13	1.35808056	9.97189564
1018	1074	121	14	1.07428729	4.35244659
1018	1074	121	15	0.11720289	1.39839085
1018	1074	121	16	1.12924764	4.38227057
1018	1074	121	17	0.13007248	0.48986879
1018	1074	121	18	0.16284492	3.05303711
1018	1074	121	19	0.62244945	3.48923990
1018	1074	122	0	1.65078748	6.10100012
1018	1074	122	1	0.60650209	2.33879373
1018	1074	122	2	0.61825994	4.50528840
1018	1074	122	3	0.71007866	3.87457324
1018	1074	122	4	0.13872097	0.49276238
1018	1074	122	5	0.10807105	0.44045659
1018	1074	122	6	0.19513655	2.10114890
1018	1074	122	7	1.51947906	8.93399544
1018	1074	122	8	1.18484298	4.46777611
1018	1074	122	9	0.58249091	7.24498239
1018	1074	122	10	0.10891082	1.53997849
1018	1074	122	11	0.85499580	3.54705303
1018	1074	122	12	0.13757554	0.96600197
1018	1074	122	13	1.35812492	9.97223386
1018	1074	122	14	1.07435682	4.35265424
1018	1074	122	15	0.11718239	1.39842723
1018	1074	122	16	1.12927970	4.38236790
1018	1074	122	17	0.13004901	0.48980192
1018	1074	122	18	0.16281503	3.05276545
1018	1074	122	19	0.62247990	3.48929843
1018	1074	123	0	1.65091690	6.10160897
1018	1074	123	1	0.60654458	2.33891866
1018	1074	123	2	0.61824194	4.50560695
1018	1074	123	3	0.70994948	3.87375827
1018	1074	123	4	0.13876727	0.49287839
1018	1074	123	5	0.10805086	0.44039214
1018	1074	123	6	0.19520103	2.10074280
1018	1074	123	7	1.51931113	8.93403240
1018	1074	123	8	1.18462561	4.46752418
1018	1074	123	9	0.58249918	7.24479058
1018	1074	123	10	0.10889749	1.54002746
1018	1074	123	11	0.85480969	3.54676738
1018	1074	123	12	0.13761862	0.96590573
1018	1074	123	13	1.35816408	9.97257040
1018	1074	123	14	1.07442537	4.35288018
1018	1074	123	15	0.11716224	1.39844006
1018	1074	123	16	1.12931119	4.38247221
1018	1074	123	17	0.13002578	0.48972935
1018	1074	123	18	0.16278478	3.05247841
1018	1074	123	19	0.62251051	3.48937698
1018	1074	124	0	1.65103186	6.10218256
1018	1074	124	1	0.60658649	2.33905370
1018	1074	124	2	0.61821833	4.50586381
1018	1074	124	3	0.70983399	3.87296365
1018	1074	124	4	0.13881392	0.49300807
1018	1074	124	5	0.10803115	0.44032332
1018	1074	124	6	0.19526748	2.10043898
1018	1074	124	7	1.51913494	8.93389514
1018	1074	124	8	1.18439110	4.46712171
1018	1074	124	9	0.58250991	7.24462246
1018	1074	124	10	0.10888307	1.54005964
1018	1074	124	11	0.85461444	3.54636450
1018	1074	124	12	0.13766409	0.96586629
1018	1074	124	13	1.35819799	9.97290026
1018	1074	124	14	1.07449199	4.35311891
1018	1074	124	15	0.11714273	1.39843167
1018	1074	124	16	1.12934167	4.38258113
1018	1074	124	17	0.13000310	0.48965282
1018	1074	124	18	0.16275466	3.05217645
1018	1074	124	19	0.62254078	3.48947212
1018	1074	125	0	1.65113219	6.10271597
1018	1074	125	1	0.60662725	2.33919563
1018	1074	125	2	0.61819008	4.50606182
1018	1074	125	3	0.70973246	3.87219934
1018	1074	125	4	0.13886017	0.49314792
1018	1074	125	5	0.10801215	0.44025168
1018	1074	125	6	0.19533465	2.10022987
1018	1074	125	7	1.51895409	8.93360504
1018	1074	125	8	1.18414493	4.46659149
1018	1074	125	9	0.58252266	7.24447859
1018	1074	125	10	0.10886788	1.54007512
1018	1074	125	11	0.85441404	3.54586350
1018	1074	125	12	0.13771099	0.96587794
1018	1074	125	13	1.35822673	9.97321913
1018	1074	125	14	1.07455587	4.35336535
1018	1074	125	15	0.11712408	1.39840446
1018	1074	125	16	1.12937081	4.38269248
1018	1074	125	17	0.12998127	0.48957394
1018	1074	125	18	0.16272513	3.05186051
1018	1074	125	19	0.62257029	3.48958056
1018	1074	126	0	1.65121797	6.10320543
1018	1074	126	1	0.60666636	2.33934153
1018	1074	126	2	0.61815815	4.50620443
1018	1074	126	3	0.70964490	3.87147372
1018	1074	126	4	0.13890537	0.49329469
1018	1074	126	5	0.10799409	0.44017863
1018	1074	126	6	0.19540144	2.10010740
1018	1074	126	7	1.51877188	8.93318343
1018	1074	126	8	1.18389218	4.46595574
1018	1074	126	9	0.58253702	7.24435905
1018	1074	126	10	0.10885225	1.54007433
1018	1074	126	11	0.85421213	3.54528291
1018	1074	126	12	0.13775844	0.96593482
1018	1074	126	13	1.35825042	9.97352333
1018	1074	126	14	1.07461634	4.35361485
1018	1074	126	15	0.11710648	1.39836089
1018	1074	126	16	1.12939829	4.38280427
1018	1074	126	17	0.12996054	0.48949419
1018	1074	126	18	0.16269658	3.05153191
1018	1074	126	19	0.62259867	3.48969918
1018	1074	127	0	1.65128948	6.10364828
1018	1074	127	1	0.60670340	2.33948871
1018	1074	127	2	0.61812344	4.50629555
1018	1074	127	3	0.70957111	3.87079368
1018	1074	127	4	0.13894892	0.49344537
1018	1074	127	5	0.10797713	0.44010545
1018	1074	127	6	0.19546686	2.10006311
1018	1074	127	7	1.51859124	8.93265131
1018	1074	127	8	1.18363744	4.46523587
1018	1074	127	9	0.58255259	7.24426348
1018	1074	127	10	0.10883647	1.54005795
1018	1074	127	11	0.85401200	3.54464041
1018	1074	127	12	0.13780565	0.96603105
1018	1074	127	13	1.35826926	9.97380979
1018	1074	127	14	1.07467284	4.35386325
1018	1074	127	15	0.11709008	1.39830336
1018	1074	127	16	1.12942387	4.38291473
1018	1074	127	17	0.12994109	0.48941489
1018	1074	127	18	0.16266933	3.05119232
1018	1074	127	19	0.62262561	3.48982501
1018	1074	128	0	1.65134720	6.10404287
1018	1074	128	1	0.60673802	2.33963476
1018	1074	128	2	0.61808678	4.50633946
1018	1074	128	3	0.70951071	3.87016462
1018	1074	128	4	0.13899035	0.49359722
1018	1074	128	5	0.10796142	0.44003328
1018	1074	128	6	0.19553007	2.10008837
1018	1074	128	7	1.51841477	8.93202905
1018	1074	128	8	1.18338485	4.46445221
1018	1074	128	9	0.58256899	7.24419117
1018	1074	128	10	0.10882079	1.54002696
1018	1074	128	11	0.85381650	3.54395269
1018	1074	128	12	0.13785194	0.96616078
1018	1074	128	13	1.35828349	9.97407609
1018	1074	128	14	1.07472494	4.35410685
1018	1074	128	15	0.11707501	1.39823427
1018	1074	128	16	1.12944738	4.38302232
1018	1074	128	17	0.12992308	0.48933721
1018	1074	128	18	0.16264366	3.05084363
1018	1074	128	19	0.62265085	3.48995533
1018	1074	129	0	1.65139177	6.10438844
1018	1074	129	1	0.60676997	2.33977757
1018	1074	129	2	0.61804895	4.50634068
1018	1074	129	3	0.70946315	3.86959058
1018	1074	129	4	0.13902924	0.49374778
1018	1074	129	5	0.10794706	0.43996312
1018	1074	129	6	0.19559033	2.10017448
1018	1074	129	7	1.51824473	8.93133615
1018	1074	129	8	1.18313804	4.46362382
1018	1074	129	9	0.58258587	7.24414107
1018	1074	129	10	0.10880545	1.53998247
1018	1074	129	11	0.85362814	3.54323531
1018	1074	129	12	0.13789668	0.96631831
1018	1074	129	13	1.35829340	9.97432036
1018	1074	129	14	1.07477233	4.35434244
1018	1074	129	15	0.11706135	1.39815589
1018	1074	129	16	1.12946868	4.38312569
1018	1074	129	17	0.12990664	0.48926216
1018	1074	129	18	0.16261980	3.05048790
1018	1074	129	19	0.62267419	3.49008765
1018	1074	130	0	1.65142395	6.10468512
1018	1074	130	1	0.60679904	2.33991530
1018	1074	130	2	0.61801067	4.50630391
1018	1074	130	3	0.70942774	3.86907431
1018	1074	130	4	0.13906529	0.49389489
1018	1074	130	5	0.10793412	0.43989583
1018	1074	130	6	0.19564705	2.10031284
1018	1074	130	7	1.51808301	8.93059105
1018	1074	130	8	1.18290018	4.46276837
1018	1074	130	9	0.58260294	7.24411188
1018	1074	130	10	0.10879064	1.53992579
1018	1074	130	11	0.85344902	3.54250255
1018	1074	130	12	0.13793937	0.96649813
1018	1074	130	13	1.35829932	9.97454129
1018	1074	130	14	1.07481481	4.35456728
1018	1074	130	15	0.11704916	1.39807042
1018	1074	130	16	1.12948770	4.38322373
1018	1074	130	17	0.12989184	0.48919061
1018	1074	130	18	0.16259790	3.05012731
1018	1074	130	19	0.62269548	3.49021970
1018	1074	131	0	1.65144461	6.10493373
1018	1074	131	1	0.60682512	2.34004640
1018	1074	131	2	0.61797257	4.50623391
1018	1074	131	3	0.70940369	3.86861734
1018	1074	131	4	0.13909825	0.49403667
1018	1074	131	5	0.10792264	0.43983211
1018	1074	131	6	0.19569974	2.10049505
1018	1074	131	7	1.51793118	8.92981096
1018	1074	131	8	1.18267392	4.46190196
1018	1074	131	9	0.58261990	7.24410211
1018	1074	131	10	0.10877653	1.53985830
1018	1074	131	11	0.85328086	3.54176734
1018	1074	131	12	0.13797957	0.96669501
1018	1074	131	13	1.35830160	9.97473805
1018	1074	131	14	1.07485225	4.35477911
1018	1074	131	15	0.11703845	1.39797991
1018	1074	131	16	1.12950438	4.38331553
1018	1074	131	17	0.12987873	0.48912327
1018	1074	131	18	0.16257809	3.04976408
1018	1074	131	19	0.62271463	3.49034950
1018	1074	132	0	1.65145471	6.10513575
1018	1074	132	1	0.60684813	2.34016958
1018	1074	132	2	0.61793522	4.50613540
1018	1074	132	3	0.70939010	3.86822017
1018	1074	132	4	0.13912795	0.49417153
1018	1074	132	5	0.10791264	0.43977256
1018	1074	132	6	0.19574803	2.10071298
1018	1074	132	7	1.51779049	8.92901171
1018	1074	132	8	1.18246146	4.46103911
1018	1074	132	9	0.58263650	7.24411009
1018	1074	132	10	0.10876326	1.53978148
1018	1074	132	11	0.85312505	3.54104126
1018	1074	132	12	0.13801694	0.96690403
1018	1074	132	13	1.35830060	9.97491030
1018	1074	132	14	1.07488465	4.35497611
1018	1074	132	15	0.11702923	1.39788628
1018	1074	132	16	1.12951874	4.38340035
1018	1074	132	17	0.12986732	0.48906070
1018	1074	132	18	0.16256043	3.04940045
1018	1074	132	19	0.62273158	3.49047530
1018	1074	133	0	1.65145525	6.10529323
1018	1074	133	1	0.60686805	2.34028384
1018	1074	133	2	0.61789911	4.50601306
1018	1074	133	3	0.70938604	3.86788228
1018	1074	133	4	0.13915430	0.49429815
1018	1074	133	5	0.10790410	0.43971762
1018	1074	133	6	0.19579168	2.10095893
1018	1074	133	7	1.51766187	8.92820770
1018	1074	133	8	1.18226455	4.46019268
1018	1074	133	9	0.58265253	7.24413402
1018	1074	133	10	0.10875094	1.53969681
1018	1074	133	11	0.85298262	3.54033444
1018	1074	133	12	0.13805121	0.96712063
1018	1074	133	13	1.35829670	9.97505809
1018	1074	133	14	1.07491207	4.35515690
1018	1074	133	15	0.11702148	1.39779127
1018	1074	133	16	1.12953080	4.38347768
1018	1074	133	17	0.12985759	0.48900335
1018	1074	133	18	0.16254497	3.04903860
1018	1074	133	19	0.62274631	3.49059560
1018	1074	134	0	1.65144729	6.10540866
1018	1074	134	1	0.60688492	2.34038839
1018	1074	134	2	0.61786466	4.50587139
1018	1074	134	3	0.70939052	3.86760233
1018	1074	134	4	0.13917726	0.49441551
1018	1074	134	5	0.10789700	0.43966764
1018	1074	134	6	0.19583051	2.10122564
1018	1074	134	7	1.51754597	8.92741182
1018	1074	134	8	1.18208449	4.45937385
1018	1074	134	9	0.58266781	7.24417206
1018	1074	134	10	0.10873966	1.53960582
1018	1074	134	11	0.85285427	3.53965562
1018	1074	134	12	0.13808221	0.96734064
1018	1074	134	13	1.35829028	9.97518187
1018	1074	134	14	1.07493463	4.35532049
1018	1074	134	15	0.11701515	1.39769648
1018	1074	134	16	1.12954064	4.38354714
1018	1074	134	17	0.12984952	0.48895150
1018	1074	134	18	0.16253170	3.04868062
1018	1074	134	19	0.62275883	3.49070917
1018	1074	135	0	1.65143187	6.10548491
1018	1074	135	1	0.60689883	2.34048271
1018	1074	135	2	0.61783221	4.50571469
1018	1074	135	3	0.70940253	3.86737822
1018	1074	135	4	0.13919684	0.49452282
1018	1074	135	5	0.10789128	0.43962282
1018	1074	135	6	0.19586446	2.10150635
1018	1074	135	7	1.51744317	8.92663539
1018	1074	135	8	1.18192219	4.45859217
1018	1074	135	9	0.58268218	7.24422232
1018	1074	135	10	0.10872947	1.53950998
1018	1074	135	11	0.85274042	3.53901213
1018	1074	135	12	0.13810981	0.96756029
1018	1074	135	13	1.35828171	9.97528237
1018	1074	135	14	1.07495252	4.35546626
1018	1074	135	15	0.11701018	1.39760329
1018	1074	135	16	1.12954836	4.38360855
1018	1074	135	17	0.12984305	0.48890536
1018	1074	135	18	0.16252058	3.04832849
1018	1074	135	19	0.62276921	3.49081501
1018	1074	136	0	1.65141007	6.10552512
1018	1074	136	1	0.60690987	2.34056648
1018	1074	136	2	0.61780204	4.50554704
1018	1074	136	3	0.70942105	3.86720724
1018	1074	136	4	0.13921313	0.49461952
1018	1074	136	5	0.10788689	0.43958329
1018	1074	136	6	0.19589355	2.10179490
1018	1074	136	7	1.51735361	8.92588822
1018	1074	136	8	1.18177818	4.45785552
1018	1074	136	9	0.58269553	7.24428291
1018	1074	136	10	0.10872041	1.53941072
1018	1074	136	11	0.85264124	3.53840996
1018	1074	136	12	0.13813396	0.96777624
1018	1074	136	13	1.35827137	9.97536062
1018	1074	136	14	1.07496599	4.35559396
1018	1074	136	15	0.11700650	1.39751294
1018	1074	136	16	1.12955406	4.38366185
1018	1074	136	17	0.12983808	0.48886500
1018	1074	136	18	0.16251154	3.04798406
1018	1074	136	19	0.62277751	3.49091234
1018	1074	137	0	1.65138292	6.10553265
1018	1074	137	1	0.60691821	2.34063958
1018	1074	137	2	0.61777436	4.50537221
1018	1074	137	3	0.70944507	3.86708614
1018	1074	137	4	0.13922623	0.49470531
1018	1074	137	5	0.10788374	0.43954908
1018	1074	137	6	0.19591786	2.10208567
1018	1074	137	7	1.51727720	8.92517855
1018	1074	137	8	1.18165267	4.45717028
1018	1074	137	9	0.58270775	7.24435197
1018	1074	137	10	0.10871250	1.53930942
1018	1074	137	11	0.85255661	3.53785380
1018	1074	137	12	0.13815467	0.96798555
1018	1074	137	13	1.35825961	9.97541787
1018	1074	137	14	1.07497531	4.35570360
1018	1074	137	15	0.11700402	1.39742649
1018	1074	137	16	1.12955788	4.38370712
1018	1074	137	17	0.12983455	0.48883040
1018	1074	137	18	0.16250449	3.04764898
1018	1074	137	19	0.62278384	3.49100062
1018	1074	138	0	1.65135142	6.10551099
1018	1074	138	1	0.60692400	2.34070205
1018	1074	138	2	0.61774932	4.50519368
1018	1074	138	3	0.70947364	3.86701129
1018	1074	138	4	0.13923628	0.49478007
1018	1074	138	5	0.10788174	0.43952011
1018	1074	138	6	0.19593754	2.10237370
1018	1074	138	7	1.51721368	8.92451318
1018	1074	138	8	1.18154554	4.45654128
1018	1074	138	9	0.58271880	7.24442771
1018	1074	138	10	0.10870572	1.53920737
1018	1074	138	11	0.85248624	3.53734712
1018	1074	138	12	0.13817201	0.96818575
1018	1074	138	13	1.35824676	9.97545557
1018	1074	138	14	1.07498080	4.35579552
1018	1074	138	15	0.11700266	1.39734480
1018	1074	138	16	1.12955998	4.38374455
1018	1074	138	17	0.12983233	0.48880146
1018	1074	138	18	0.16249932	3.04732476
1018	1074	138	19	0.62278833	3.49107948
1018	1074	139	0	1.65131654	6.10546370
1018	1074	139	1	0.60692745	2.34075413
1018	1074	139	2	0.61772702	4.50501461
1018	1074	139	3	0.70950580	3.86697874
1018	1074	139	4	0.13924348	0.49484386
1018	1074	139	5	0.10788080	0.43949625
1018	1074	139	6	0.19595281	2.10265460
1018	1074	139	7	1.51716259	8.92389745
1018	1074	139	8	1.18145641	4.45597200
1018	1074	139	9	0.58272863	7.24450840
1018	1074	139	10	0.10870006	1.53910575
1018	1074	139	11	0.85242964	3.53689224
1018	1074	139	12	0.13818606	0.96837476
1018	1074	139	13	1.35823315	9.97547529
1018	1074	139	14	1.07498280	4.35587024
1018	1074	139	15	0.11700229	1.39726859
1018	1074	139	16	1.12956051	4.38377443
1018	1074	139	17	0.12983133	0.48877799
1018	1074	139	18	0.16249590	3.04701268
1018	1074	139	19	0.62279109	3.49114876
1018	1074	140	0	1.65127919	6.10539431
1018	1074	140	1	0.60692875	2.34079615
1018	1074	140	2	0.61770749	4.50483779
1018	1074	140	3	0.70954066	3.86698432
1018	1074	140	4	0.13924803	0.49489690
1018	1074	140	5	0.10788081	0.43947732
1018	1074	140	6	0.19596391	2.10292463
1018	1074	140	7	1.51712336	8.92333535
1018	1074	140	8	1.18138466	4.45546458
1018	1074	140	9	0.58273722	7.24459243
1018	1074	140	10	0.10869549	1.53900566
1018	1074	140	11	0.85238616	3.53649044
1018	1074	140	12	0.13819699	0.96855088
1018	1074	140	13	1.35821906	9.97547871
1018	1074	140	14	1.07498166	4.35592852
1018	1074	140	15	0.11700283	1.39719840
1018	1074	140	16	1.12955963	4.38379714
1018	1074	140	17	0.12983142	0.48875975
1018	1074	140	18	0.16249409	3.04671386
1018	1074	140	19	0.62279229	3.49120845
1018	1074	141	0	1.65124021	6.10530634
1018	1074	141	1	0.60692813	2.34082858
1018	1074	141	2	0.61769073	4.50466569
1018	1074	141	3	0.70957740	3.86702374
1018	1074	141	4	0.13925014	0.49493957
1018	1074	141	5	0.10788167	0.43946304
1018	1074	141	6	0.19597113	2.10318063
1018	1074	141	7	1.51709529	8.92282962
1018	1074	141	8	1.18132948	4.45502002
1018	1074	141	9	0.58274457	7.24467828
1018	1074	141	10	0.10869194	1.53890807
1018	1074	141	11	0.85235501	3.53614205
1018	1074	141	12	0.13820497	0.96871283
1018	1074	141	13	1.35820476	9.97546757
1018	1074	141	14	1.07497775	4.35597128
1018	1074	141	15	0.11700417	1.39713463
1018	1074	141	16	1.12955751	4.38381311
1018	1074	141	17	0.12983248	0.48874645
1018	1074	141	18	0.16249374	3.04642920
1018	1074	141	19	0.62279208	3.49125869
1018	1074	142	0	1.65120038	6.10520319
1018	1074	142	1	0.60692581	2.34085198
1018	1074	142	2	0.61767669	4.50450044
1018	1074	142	3	0.70961524	3.86709266
1018	1074	142	4	0.13925006	0.49497236
1018	1074	142	5	0.10788328	0.43945313
1018	1074	142	6	0.19597479	2.10342002
1018	1074	142	7	1.51707756	8.92238182
1018	1074	142	8	1.18128989	4.45463819
1018	1074	142	9	0.58275072	7.24476459
1018	1074	142	10	0.10868936	1.53881383
1018	1074	142	11	0.85233532	3.53584651
1018	1074	142	12	0.13821020	0.96885968
1018	1074	142	13	1.35819050	9.97544366
1018	1074	142	14	1.07497143	4.35599958
1018	1074	142	15	0.11700619	1.39707754
1018	1074	142	16	1.12955433	4.38382286
1018	1074	142	17	0.12983438	0.48873774
1018	1074	142	18	0.16249470	3.04615940
1018	1074	142	19	0.62279061	3.49129975
1018	1074	143	0	1.65116040	6.10508810
1018	1074	143	1	0.60692200	2.34086699
1018	1074	143	2	0.61766528	4.50434381
1018	1074	143	3	0.70965348	3.86718678
1018	1074	143	4	0.13924803	0.49499583
1018	1074	143	5	0.10788552	0.43944726
1018	1074	143	6	0.19597522	2.10364080
1018	1074	143	7	1.51706932	8.92199246
1018	1074	143	8	1.18126478	4.45431805
1018	1074	143	9	0.58275570	7.24485011
1018	1074	143	10	0.10868769	1.53872368
1018	1074	143	11	0.85232613	3.53560254
1018	1074	143	12	0.13821290	0.96899083
1018	1074	143	13	1.35817650	9.97540874
1018	1074	143	14	1.07496307	4.35601458
1018	1074	143	15	0.11700879	1.39702725
1018	1074	143	16	1.12955024	4.38382691
1018	1074	143	17	0.12983701	0.48873324
1018	1074	143	18	0.16249680	3.04590497
1018	1074	143	19	0.62278805	3.49133202
1018	1074	144	0	1.65112091	6.10496417
1018	1074	144	1	0.60691693	2.34087430
1018	1074	144	2	0.61765639	4.50419726
1018	1074	144	3	0.70969149	3.86730188
1018	1074	144	4	0.13924429	0.49501067
1018	1074	144	5	0.10788829	0.43944507
1018	1074	144	6	0.19597278	2.10384146
1018	1074	144	7	1.51706965	8.92166108
1018	1074	144	8	1.18125293	4.45405772
1018	1074	144	9	0.58275956	7.24493373
1018	1074	144	10	0.10868685	1.53863822
1018	1074	144	11	0.85232641	3.53540821
1018	1074	144	12	0.13821330	0.96910599
1018	1074	144	13	1.35816292	9.97536456
1018	1074	144	14	1.07495301	4.35601751
1018	1074	144	15	0.11701186	1.39698378
1018	1074	144	16	1.12954542	4.38382583
1018	1074	144	17	0.12984025	0.48873258
1018	1074	144	18	0.16249989	3.04566624
1018	1074	144	19	0.62278455	3.49135597
1018	1074	145	0	1.65108245	6.10483426
1018	1074	145	1	0.60691083	2.34087465
1018	1074	145	2	0.61764988	4.50406192
1018	1074	145	3	0.70972872	3.86743387
1018	1074	145	4	0.13923909	0.49501760
1018	1074	145	5	0.10789150	0.43944620
1018	1074	145	6	0.19596781	2.10402100
1018	1074	145	7	1.51707759	8.92138638
1018	1074	145	8	1.18125308	4.45385460
1018	1074	145	9	0.58276237	7.24501448
1018	1074	145	10	0.10868677	1.53855797
1018	1074	145	11	0.85233513	3.53526102
1018	1074	145	12	0.13821167	0.96920514
1018	1074	145	13	1.35814995	9.97531284
1018	1074	145	14	1.07494160	4.35600966
1018	1074	145	15	0.11701531	1.39694702
1018	1074	145	16	1.12954001	4.38382020
1018	1074	145	17	0.12984397	0.48873532
1018	1074	145	18	0.16250382	3.04544336
1018	1074	145	19	0.62278028	3.49137215
1018	1074	146	0	1.65104551	6.10470103
1018	1074	146	1	0.60690388	2.34086880
1018	1074	146	2	0.61764558	4.50393863
1018	1074	146	3	0.70976467	3.86757886
1018	1074	146	4	0.13923266	0.49501738
1018	1074	146	5	0.10789503	0.43945025
1018	1074	146	6	0.19596068	2.10417887
1018	1074	146	7	1.51709219	8.92116634
1018	1074	146	8	1.18126388	4.45370551
1018	1074	146	9	0.58276420	7.24509155
1018	1074	146	10	0.10868735	1.53848331
1018	1074	146	11	0.85235121	3.53515804
1018	1074	146	12	0.13820824	0.96928852
1018	1074	146	13	1.35813771	9.97525518
1018	1074	146	14	1.07492917	4.35599234
1018	1074	146	15	0.11701904	1.39691679
1018	1074	146	16	1.12953416	4.38381062
1018	1074	146	17	0.12984807	0.48874106
1018	1074	146	18	0.16250842	3.04523631
1018	1074	146	19	0.62277538	3.49138118
1018	1074	147	0	1.65101047	6.10456689
1018	1074	147	1	0.60689631	2.34085753
1018	1074	147	2	0.61764332	4.50382795
1018	1074	147	3	0.70979894	3.86773320
1018	1074	147	4	0.13922526	0.49501079
1018	1074	147	5	0.10789882	0.43945684
1018	1074	147	6	0.19595172	2.10431491
1018	1074	147	7	1.51711248	8.92099833
1018	1074	147	8	1.18128401	4.45360677
1018	1074	147	9	0.58276513	7.24516425
1018	1074	147	10	0.10868852	1.53841450
1018	1074	147	11	0.85237361	3.53509597
1018	1074	147	12	0.13820327	0.96935659
1018	1074	147	13	1.35812631	9.97519313
1018	1074	147	14	1.07491601	4.35596686
1018	1074	147	15	0.11702297	1.39689282
1018	1074	147	16	1.12952802	4.38379766
1018	1074	147	17	0.12985245	0.48874938
1018	1074	147	18	0.16251356	3.04504492
1018	1074	147	19	0.62276999	3.49138369
1018	1074	148	0	1.65097768	6.10443401
1018	1074	148	1	0.60688828	2.34084160
1018	1074	148	2	0.61764291	4.50373019
1018	1074	148	3	0.70983118	3.86789350
1018	1074	148	4	0.13921709	0.49499866
1018	1074	148	5	0.10790275	0.43946559
1018	1074	148	6	0.19594129	2.10442934
1018	1074	148	7	1.51713753	8.92087918
1018	1074	148	8	1.18131213	4.45355435
1018	1074	148	9	0.58276525	7.24523203
1018	1074	148	10	0.10869019	1.53835173
1018	1074	148	11	0.85240127	3.53507126
1018	1074	148	12	0.13819700	0.96940999
1018	1074	148	13	1.35811582	9.97512812
1018	1074	148	14	1.07490241	4.35593451
1018	1074	148	15	0.11702700	1.39687479
1018	1074	148	16	1.12952170	4.38378189
1018	1074	148	17	0.12985699	0.48875986
1018	1074	148	18	0.16251909	3.04486890
1018	1074	148	19	0.62276427	3.49138037
1018	1074	149	0	1.65094738	6.10430427
1018	1074	149	1	0.60687998	2.34082178
1018	1074	149	2	0.61764414	4.50364543
1018	1074	149	3	0.70986113	3.86805662
1018	1074	149	4	0.13920836	0.49498176
1018	1074	149	5	0.10790677	0.43947614
1018	1074	149	6	0.19592970	2.10452269
1018	1074	149	7	1.51716643	8.92080535
1018	1074	149	8	1.18134692	4.45354395
1018	1074	149	9	0.58276463	7.24529448
1018	1074	149	10	0.10869229	1.53829507
1018	1074	149	11	0.85243319	3.53508017
1018	1074	149	12	0.13818967	0.96944951
1018	1074	149	13	1.35810632	9.97506148
1018	1074	149	14	1.07488862	4.35589654
1018	1074	149	15	0.11703108	1.39686231
1018	1074	149	16	1.12951533	4.38376388
1018	1074	149	17	0.12986163	0.48877210
1018	1074	149	18	0.16252489	3.04470781
1018	1074	149	19	0.62275832	3.49137192
1018	1074	150	0	1.65091977	6.10417932
1018	1074	150	1	0.60687156	2.34079879
1018	1074	150	2	0.61764683	4.50357353
1018	1074	150	3	0.70988858	3.86821977
1018	1074	150	4	0.13919928	0.49496089
1018	1074	150	5	0.10791080	0.43948811
1018	1074	150	6	0.19591726	2.10459576
1018	1074	150	7	1.51719831	8.92077297
1018	1074	150	8	1.18138711	4.45357110
1018	1074	150	9	0.58276338	7.24535129
1018	1074	150	10	0.10869473	1.53824451
1018	1074	150	11	0.85246842	3.53511886
1018	1074	150	12	0.13818151	0.96947606
1018	1074	150	13	1.35809783	9.97499441
1018	1074	150	14	1.07487489	4.35585416
1018	1074	150	15	0.11703512	1.39685494
1018	1074	150	16	1.12950901	4.38374413
1018	1074	150	17	0.12986627	0.48878573
1018	1074	150	18	0.16253084	3.04456113
1018	1074	150	19	0.62275227	3.49135902
1018	1074	151	0	1.65089497	6.10406056
1018	1074	151	1	0.60686316	2.34077334
1018	1074	151	2	0.61765076	4.50351418
1018	1074	151	3	0.70991338	3.86838043
1018	1074	151	4	0.13919002	0.49493681
1018	1074	151	5	0.10791478	0.43950117
1018	1074	151	6	0.19590425	2.10464959
1018	1074	151	7	1.51723235	8.92077798
1018	1074	151	8	1.18143149	4.45363124
1018	1074	151	9	0.58276159	7.24540229
1018	1074	151	10	0.10869744	1.53819997
1018	1074	151	11	0.85250604	3.53518344
1018	1074	151	12	0.13817274	0.96949068
1018	1074	151	13	1.35809039	9.97492799
1018	1074	151	14	1.07486140	4.35580849
1018	1074	151	15	0.11703908	1.39685224
1018	1074	151	16	1.12950282	4.38372314
1018	1074	151	17	0.12987085	0.48880037
1018	1074	151	18	0.16253684	3.04442824
1018	1074	151	19	0.62274621	3.49134238
1018	1074	152	0	1.65087305	6.10394912
1018	1074	152	1	0.60685491	2.34074609
1018	1074	152	2	0.61765574	4.50346690
1018	1074	152	3	0.70993544	3.86853641
1018	1074	152	4	0.13918073	0.49491024
1018	1074	152	5	0.10791864	0.43951500
1018	1074	152	6	0.19589094	2.10468540
1018	1074	152	7	1.51726779	8.92081618
1018	1074	152	8	1.18147893	4.45371981
1018	1074	152	9	0.58275933	7.24544738
1018	1074	152	10	0.10870035	1.53816129
1018	1074	152	11	0.85254522	3.53527008
1018	1074	152	12	0.13816357	0.96949445
1018	1074	152	13	1.35808397	9.97486317
1018	1074	152	14	1.07484835	4.35576062
1018	1074	152	15	0.11704290	1.39685373
1018	1074	152	16	1.12949686	4.38370138
1018	1074	152	17	0.12987529	0.48881571
1018	1074	152	18	0.16254278	3.04430845
1018	1074	152	19	0.62274025	3.49132265
1018	1074	153	0	1.65085404	6.10384590
1018	1074	153	1	0.60684692	2.34071766
1018	1074	153	2	0.61766158	4.50343108
1018	1074	153	3	0.70995473	3.86868584
1018	1074	153	4	0.13917158	0.49488187
1018	1074	153	5	0.10792235	0.43952931
1018	1074	153	6	0.19587756	2.10470457
1018	1074	153	7	1.51730393	8.92088332
1018	1074	153	8	1.18152834	4.45383231
1018	1074	153	9	0.58275670	7.24548660
1018	1074	153	10	0.10870339	1.53812825
1018	1074	153	11	0.85258519	3.53537501
1018	1074	153	12	0.13815417	0.96948850
1018	1074	153	13	1.35807858	9.97480076
1018	1074	153	14	1.07483588	4.35571150
1018	1074	153	15	0.11704654	1.39685890
1018	1074	153	16	1.12949118	4.38367926
1018	1074	153	17	0.12987956	0.48883141
1018	1074	153	18	0.16254857	3.04420099
1018	1074	153	19	0.62273447	3.49130048
1018	1074	154	0	1.65083789	6.10375159
1018	1074	154	1	0.60683929	2.34068861
1018	1074	154	2	0.61766809	4.50340602
1018	1074	154	3	0.70997126	3.86882714
1018	1074	154	4	0.13916268	0.49485232
1018	1074	154	5	0.10792587	0.43954381
1018	1074	154	6	0.19586433	2.10470857
1018	1074	154	7	1.51734015	8.92097519
1018	1074	154	8	1.18157876	4.45396439
1018	1074	154	9	0.58275378	7.24552002
1018	1074	154	10	0.10870650	1.53810058
1018	1074	154	11	0.85262524	3.53549460
1018	1074	154	12	0.13814471	0.96947400
1018	1074	154	13	1.35807418	9.97474145
1018	1074	154	14	1.07482412	4.35566203
1018	1074	154	15	0.11704996	1.39686728
1018	1074	154	16	1.12948584	4.38365717
1018	1074	154	17	0.12988359	0.48884721
1018	1074	154	18	0.16255416	3.04410507
1018	1074	154	19	0.62272892	3.49127647
1018	1074	155	0	1.65082455	6.10366664
1018	1074	155	1	0.60683208	2.34065945
1018	1074	155	2	0.61767510	4.50339091
1018	1074	155	3	0.70998508	3.86895905
1018	1074	155	4	0.13915414	0.49482218
1018	1074	155	5	0.10792916	0.43955827
1018	1074	155	6	0.19585143	2.10469897
1018	1074	155	7	1.51737586	8.92108764
1018	1074	155	8	1.18162931	4.45411186
1018	1074	155	9	0.58275064	7.24554784
1018	1074	155	10	0.10870963	1.53807798
1018	1074	155	11	0.85266475	3.53562541
1018	1074	155	12	0.13813536	0.96945211
1018	1074	155	13	1.35807073	9.97468581
1018	1074	155	14	1.07481318	4.35561302
1018	1074	155	15	0.11705313	1.39687838
1018	1074	155	16	1.12948089	4.38363543
1018	1074	155	17	0.12988736	0.48886285
1018	1074	155	18	0.16255947	3.04401986
1018	1074	155	19	0.62272368	3.49125121
1018	1074	156	0	1.65081392	6.10359133
1018	1074	156	1	0.60682537	2.34063065
1018	1074	156	2	0.61768245	4.50338488
1018	1074	156	3	0.70999627	3.86908057
1018	1074	156	4	0.13914606	0.49479198
1018	1074	156	5	0.10793219	0.43957246
1018	1074	156	6	0.19583903	2.10467737
1018	1074	156	7	1.51741060	8.92121669
1018	1074	156	8	1.18167918	4.45427076
1018	1074	156	9	0.58274735	7.24557028
1018	1074	156	10	0.10871272	1.53806011
1018	1074	156	11	0.85270317	3.53576418
1018	1074	156	12	0.13812623	0.96942398
1018	1074	156	13	1.35806817	9.97463430
1018	1074	156	14	1.07480312	4.35556515
1018	1074	156	15	0.11705603	1.39689172
1018	1074	156	16	1.12947636	4.38361434
1018	1074	156	17	0.12989084	0.48887810
1018	1074	156	18	0.16256445	3.04394451
1018	1074	156	19	0.62271879	3.49122521
1018	1074	157	0	1.65080584	6.10352575
1018	1074	157	1	0.60681921	2.34060261
1018	1074	157	2	0.61768999	4.50338703
1018	1074	157	3	0.71000495	3.86919099
1018	1074	157	4	0.13913850	0.49476219
1018	1074	157	5	0.10793496	0.43958621
1018	1074	157	6	0.19582725	2.10464537
1018	1074	157	7	1.51744392	8.92135852
1018	1074	157	8	1.18172770	4.45443738
1018	1074	157	9	0.58274399	7.24558763
1018	1074	157	10	0.10871573	1.53804659
1018	1074	157	11	0.85274004	3.53590792
1018	1074	157	12	0.13811744	0.96939074
1018	1074	157	13	1.35806645	9.97458725
1018	1074	157	14	1.07479402	4.35551905
1018	1074	157	15	0.11705865	1.39690685
1018	1074	157	16	1.12947227	4.38359415
1018	1074	157	17	0.12989400	0.48889278
1018	1074	157	18	0.16256907	3.04387817
1018	1074	157	19	0.62271428	3.49119895
1018	1074	158	0	1.65080018	6.10346984
1018	1074	158	1	0.60681362	2.34057568
1018	1074	158	2	0.61769758	4.50339642
1018	1074	158	3	0.71001127	3.86928983
1018	1074	158	4	0.13913152	0.49473322
1018	1074	158	5	0.10793744	0.43959934
1018	1074	158	6	0.19581622	2.10460457
1018	1074	158	7	1.51747547	8.92150955
1018	1074	158	8	1.18177427	4.45460833
1018	1074	158	9	0.58274061	7.24560022
1018	1074	158	10	0.10871862	1.53803703
1018	1074	158	11	0.85277496	3.53605387
1018	1074	158	12	0.13810910	0.96935345
1018	1074	158	13	1.35806550	9.97454488
1018	1074	158	14	1.07478590	4.35547522
1018	1074	158	15	0.11706098	1.39692333
1018	1074	158	16	1.12946864	4.38357508
1018	1074	158	17	0.12989684	0.48890672
1018	1074	158	18	0.16257328	3.04381999
1018	1074	158	19	0.62271018	3.49117287
1018	1074	159	0	1.65079674	6.10342338
1018	1074	159	1	0.60680863	2.34055014
1018	1074	159	2	0.61770509	4.50341210
1018	1074	159	3	0.71001539	3.86937685
1018	1074	159	4	0.13912518	0.49470542
1018	1074	159	5	0.10793962	0.43961173
1018	1074	159	6	0.19580602	2.10455654
1018	1074	159	7	1.51750496	8.92166645
1018	1074	159	8	1.18181838	4.45478050
1018	1074	159	9	0.58273727	7.24560843
1018	1074	159	10	0.10872137	1.53803105
1018	1074	159	11	0.85280760	3.53619954
1018	1074	159	12	0.13810128	0.96931313
1018	1074	159	13	1.35806526	9.97450734
1018	1074	159	14	1.07477877	4.35543408
1018	1074	159	15	0.11706302	1.39694076
1018	1074	159	16	1.12946547	4.38355729
1018	1074	159	17	0.12989934	0.48891979
1018	1074	159	18	0.16257708	3.04376914
1018	1074	159	19	0.62270652	3.49114735
1018	1074	160	0	1.65079533	6.10338605
1018	1074	160	1	0.60680426	2.34052623
1018	1074	160	2	0.61771243	4.50343316
1018	1074	160	3	0.71001749	3.86945203
1018	1074	160	4	0.13911949	0.49467910
1018	1074	160	5	0.10794152	0.43962327
1018	1074	160	6	0.19579671	2.10450278
1018	1074	160	7	1.51753218	8.92182615
1018	1074	160	8	1.18185964	4.45495111
1018	1074	160	9	0.58273401	7.24561263
1018	1074	160	10	0.10872395	1.53802824
1018	1074	160	11	0.85283773	3.53634273
1018	1074	160	12	0.13809404	0.96927073
1018	1074	160	13	1.35806564	9.97447466
1018	1074	160	14	1.07477265	4.35539597
1018	1074	160	15	0.11706476	1.39695876
1018	1074	160	16	1.12946277	4.38354091
1018	1074	160	17	0.12990150	0.48893189
1018	1074	160	18	0.16258045	3.04372480
1018	1074	160	19	0.62270329	3.49112271
1018	1074	161	0	1.65079576	6.10335741
1018	1074	161	1	0.60680049	2.34050415
1018	1074	161	2	0.61771949	4.50345866
1018	1074	161	3	0.71001776	3.86951552
1018	1074	161	4	0.13911447	0.49465449
1018	1074	161	5	0.10794312	0.43963387
1018	1074	161	6	0.19578834	2.10444471
1018	1074	161	7	1.51755695	8.92198591
1018	1074	161	8	1.18189771	4.45511772
1018	1074	161	9	0.58273088	7.24561323
1018	1074	161	10	0.10872633	1.53802820
1018	1074	161	11	0.85286514	3.53648152
1018	1074	161	12	0.13808743	0.96922714
1018	1074	161	13	1.35806657	9.97444681
1018	1074	161	14	1.07476751	4.35536114
1018	1074	161	15	0.11706621	1.39697699
1018	1074	161	16	1.12946051	4.38352605
1018	1074	161	17	0.12990333	0.48894293
1018	1074	161	18	0.16258339	3.04368620
1018	1074	161	19	0.62270050	3.49109924
1018	1074	162	0	1.65079781	6.10333694
1018	1074	162	1	0.60679732	2.34048402
1018	1074	162	2	0.61772621	4.50348773
1018	1074	162	3	0.71001639	3.86956762
1018	1074	162	4	0.13911012	0.49463178
1018	1074	162	5	0.10794445	0.43964347
1018	1074	162	6	0.19578093	2.10438367
1018	1074	162	7	1.51757916	8.92214327
1018	1074	162	8	1.18193238	4.45527821
1018	1074	162	9	0.58272790	7.24561065
1018	1074	162	10	0.10872850	1.53803054
1018	1074	162	11	0.85288974	3.53661426
1018	1074	162	12	0.13808148	0.96918315
1018	1074	162	13	1.35806799	9.97442369
1018	1074	162	14	1.07476332	4.35532976
1018	1074	162	15	0.11706738	1.39699515
1018	1074	162	16	1.12945869	4.38351276
1018	1074	162	17	0.12990483	0.48895287
1018	1074	162	18	0.16258589	3.04365260
1018	1074	162	19	0.62269815	3.49107717
1018	1074	163	0	1.65080128	6.10332407
1018	1074	163	1	0.60679474	2.34046595
1018	1074	163	2	0.61773251	4.50351952
1018	1074	163	3	0.71001360	3.86960880
1018	1074	163	4	0.13910644	0.49461112
1018	1074	163	5	0.10794550	0.43965204
1018	1074	163	6	0.19577449	2.10432091
1018	1074	163	7	1.51759875	8.92229607
1018	1074	163	8	1.18196348	4.45543080
1018	1074	163	9	0.58272511	7.24560530
1018	1074	163	10	0.10873045	1.53803489
1018	1074	163	11	0.85291143	3.53673959
1018	1074	163	12	0.13807622	0.96913948
1018	1074	163	13	1.35806980	9.97440513
1018	1074	163	14	1.07476004	4.35530194
1018	1074	163	15	0.11706829	1.39701296
1018	1074	163	16	1.12945728	4.38350107
1018	1074	163	17	0.12990602	0.48896167
1018	1074	163	18	0.16258797	3.04362329
1018	1074	163	19	0.62269622	3.49105669
1018	1074	164	0	1.65080595	6.10331814
1018	1074	164	1	0.60679272	2.34044998
1018	1074	164	2	0.61773834	4.50355326
1018	1074	164	3	0.71000957	3.86963963
1018	1074	164	4	0.13910341	0.49459258
1018	1074	164	5	0.10794630	0.43965956
1018	1074	164	6	0.19576902	2.10425755
1018	1074	164	7	1.51761571	8.92244248
1018	1074	164	8	1.18199093	4.45557402
1018	1074	164	9	0.58272253	7.24559759
1018	1074	164	10	0.10873218	1.53804089
1018	1074	164	11	0.85293022	3.53685639
1018	1074	164	12	0.13807163	0.96909677
1018	1074	164	13	1.35807194	9.97439091
1018	1074	164	14	1.07475762	4.35527770
1018	1074	164	15	0.11706894	1.39703018
1018	1074	164	16	1.12945626	4.38349098
1018	1074	164	17	0.12990692	0.48896933
1018	1074	164	18	0.16258964	3.04359764
1018	1074	164	19	0.62269469	3.49103792
1018	1074	165	0	1.65081161	6.10331848
1018	1074	165	1	0.60679122	2.34043613
1018	1074	165	2	0.61774368	4.50358820
1018	1074	165	3	0.71000451	3.86966077
1018	1074	165	4	0.13910100	0.49457623
1018	1074	165	5	0.10794685	0.43966603
1018	1074	165	6	0.19576448	2.10419461
1018	1074	165	7	1.51763008	8.92258096
1018	1074	165	8	1.18201471	4.45570669
1018	1074	165	9	0.58272018	7.24558793
1018	1074	165	10	0.10873368	1.53804819
1018	1074	165	11	0.85294614	3.53696382
1018	1074	165	12	0.13806773	0.96905556
1018	1074	165	13	1.35807435	9.97438077
1018	1074	165	14	1.07475601	4.35525704
1018	1074	165	15	0.11706937	1.39704662
1018	1074	165	16	1.12945561	4.38348248
1018	1074	165	17	0.12990754	0.48897585
1018	1074	165	18	0.16259092	3.04357502
1018	1074	165	19	0.62269355	3.49102098
1018	1074	166	0	1.65081808	6.10332440
1018	1074	166	1	0.60679022	2.34042437
1018	1074	166	2	0.61774848	4.50362369
1018	1074	166	3	0.70999861	3.86967297
1018	1074	166	4	0.13909918	0.49456207
1018	1074	166	5	0.10794718	0.43967146
1018	1074	166	6	0.19576085	2.10413299
1018	1074	166	7	1.51764191	8.92271024
1018	1074	166	8	1.18203486	4.45582796
1018	1074	166	9	0.58271806	7.24557668
1018	1074	166	10	0.10873495	1.53805647
1018	1074	166	11	0.85295925	3.53706126
1018	1074	166	12	0.13806450	0.96901633
1018	1074	166	13	1.35807695	9.97437442
1018	1074	166	14	1.07475514	4.35523986
1018	1074	166	15	0.11706957	1.39706210
1018	1074	166	16	1.12945529	4.38347552
1018	1074	166	17	0.12990790	0.48898126
1018	1074	166	18	0.16259184	3.04355489
1018	1074	166	19	0.62269277	3.49100592
1018	1074	167	0	1.65082517	6.10333519
1018	1074	167	1	0.60678967	2.34041465
1018	1074	167	2	0.61775273	4.50365910
1018	1074	167	3	0.70999205	3.86967703
1018	1074	167	4	0.13909792	0.49455007
1018	1074	167	5	0.10794731	0.43967589
1018	1074	167	6	0.19575808	2.10407348
1018	1074	167	7	1.51765131	8.92282938
1018	1074	167	8	1.18205148	4.45593721
1018	1074	167	9	0.58271619	7.24556423
1018	1074	167	10	0.10873601	1.53806545
1018	1074	167	11	0.85296967	3.53714831
1018	1074	167	12	0.13806190	0.96897945
1018	1074	167	13	1.35807969	9.97437153
1018	1074	167	14	1.07475494	4.35522604
1018	1074	167	15	0.11706959	1.39707649
1018	1074	167	16	1.12945528	4.38347003
1018	1074	167	17	0.12990803	0.48898559
1018	1074	167	18	0.16259242	3.04353676
1018	1074	167	19	0.62269232	3.49099276
1018	1074	168	0	1.65083269	6.10335014
1018	1074	168	1	0.60678953	2.34040691
1018	1074	168	2	0.61775644	4.50369392
1018	1074	168	3	0.70998500	3.86967379
1018	1074	168	4	0.13909717	0.49454019
1018	1074	168	5	0.10794725	0.43967936
1018	1074	168	6	0.19575613	2.10401674
1018	1074	168	7	1.51765840	8.92293765
1018	1074	168	8	1.18206469	4.45603410
1018	1074	168	9	0.58271456	7.24555090
1018	1074	168	10	0.10873685	1.53807484
1018	1074	168	11	0.85297753	3.53722480
1018	1074	168	12	0.13805992	0.96894523
1018	1074	168	13	1.35808250	9.97437177
1018	1074	168	14	1.07475534	4.35521544
1018	1074	168	15	0.11706943	1.39708969
1018	1074	168	16	1.12945553	4.38346594
1018	1074	168	17	0.12990795	0.48898890
1018	1074	168	18	0.16259268	3.04352017
1018	1074	168	19	0.62269217	3.49098149
1018	1074	169	0	1.65084049	6.10336858
1018	1074	169	1	0.60678976	2.34040103
1018	1074	169	2	0.61775960	4.50372766
1018	1074	169	3	0.70997763	3.86966410
1018	1074	169	4	0.13909689	0.49453234
1018	1074	169	5	0.10794703	0.43968192
1018	1074	169	6	0.19575492	2.10396332
1018	1074	169	7	1.51766332	8.92303459
1018	1074	169	8	1.18207467	4.45611849
1018	1074	169	9	0.58271317	7.24553701
1018	1074	169	10	0.10873750	1.53808442
1018	1074	169	11	0.85298299	3.53729070
1018	1074	169	12	0.13805851	0.96891391
1018	1074	169	13	1.35808534	9.97437480
1018	1074	169	14	1.07475627	4.35520785
1018	1074	169	15	0.11706912	1.39710163
1018	1074	169	16	1.12945602	4.38346316
1018	1074	169	17	0.12990769	0.48899126
1018	1074	169	18	0.16259267	3.04350474
1018	1074	169	19	0.62269229	3.49097209
1018	1074	170	0	1.65084842	6.10338983
1018	1074	170	1	0.60679032	2.34039691
1018	1074	170	2	0.61776222	4.50375994
1018	1074	170	3	0.70997009	3.86964881
1018	1074	170	4	0.13909703	0.49452642
1018	1074	170	5	0.10794667	0.43968363
1018	1074	170	6	0.19575439	2.10391366
1018	1074	170	7	1.51766625	8.92311997
1018	1074	170	8	1.18208162	4.45619049
1018	1074	170	9	0.58271202	7.24552286
1018	1074	170	10	0.10873795	1.53809396
1018	1074	170	11	0.85298624	3.53734617
1018	1074	170	12	0.13805763	0.96888563
1018	1074	170	13	1.35808816	9.97438025
1018	1074	170	14	1.07475766	4.35520307
1018	1074	170	15	0.11706868	1.39711226
1018	1074	170	16	1.12945671	4.38346158
1018	1074	170	17	0.12990727	0.48899272
1018	1074	170	18	0.16259241	3.04349012
1018	1074	170	19	0.62269265	3.49096449
1018	1074	171	0	1.65085633	6.10341325
1018	1074	171	1	0.60679115	2.34039442
1018	1074	171	2	0.61776433	4.50379042
1018	1074	171	3	0.70996250	3.86962879
1018	1074	171	4	0.13909754	0.49452230
1018	1074	171	5	0.10794620	0.43968457
1018	1074	171	6	0.19575449	2.10386810
1018	1074	171	7	1.51766734	8.92319375
1018	1074	171	8	1.18208578	4.45625034
1018	1074	171	9	0.58271110	7.24550869
1018	1074	171	10	0.10873823	1.53810328
1018	1074	171	11	0.85298747	3.53739152
1018	1074	171	12	0.13805723	0.96886051
1018	1074	171	13	1.35809091	9.97438777
1018	1074	171	14	1.07475943	4.35520085
1018	1074	171	15	0.11706814	1.39712156
1018	1074	171	16	1.12945757	4.38346110
1018	1074	171	17	0.12990670	0.48899337
1018	1074	171	18	0.16259193	3.04347601
1018	1074	171	19	0.62269322	3.49095860
1018	1074	172	0	1.65086411	6.10343825
1018	1074	172	1	0.60679222	2.34039340
1018	1074	172	2	0.61776595	4.50381882
1018	1074	172	3	0.70995500	3.86960485
1018	1074	172	4	0.13909838	0.49451985
1018	1074	172	5	0.10794562	0.43968479
1018	1074	172	6	0.19575513	2.10382688
1018	1074	172	7	1.51766680	8.92325608
1018	1074	172	8	1.18208738	4.45629846
1018	1074	172	9	0.58271040	7.24549475
1018	1074	172	10	0.10873835	1.53811222
1018	1074	172	11	0.85298688	3.53742717
1018	1074	172	12	0.13805728	0.96883858
1018	1074	172	13	1.35809357	9.97439703
1018	1074	172	14	1.07476151	4.35520095
1018	1074	172	15	0.11706750	1.39712954
1018	1074	172	16	1.12945856	4.38346161
1018	1074	172	17	0.12990603	0.48899329
1018	1074	172	18	0.16259126	3.04346218
1018	1074	172	19	0.62269396	3.49095433
1018	1074	173	0	1.65087165	6.10346427
1018	1074	173	1	0.60679349	2.34039372
1018	1074	173	2	0.61776710	4.50384494
1018	1074	173	3	0.70994769	3.86957780
1018	1074	173	4	0.13909948	0.49451892
1018	1074	173	5	0.10794496	0.43968439
1018	1074	173	6	0.19575625	2.10379014
1018	1074	173	7	1.51766480	8.92330727
1018	1074	173	8	1.18208668	4.45633542
1018	1074	173	9	0.58270991	7.24548122
1018	1074	173	10	0.10873832	1.53812065
1018	1074	173	11	0.85298469	3.53745363
1018	1074	173	12	0.13805772	0.96881982
1018	1074	173	13	1.35809610	9.97440768
1018	1074	173	14	1.07476384	4.35520311
1018	1074	173	15	0.11706680	1.39713621
1018	1074	173	16	1.12945967	4.38346297
1018	1074	173	17	0.12990527	0.48899256
1018	1074	173	18	0.16259044	3.04344842
1018	1074	173	19	0.62269485	3.49095157
1018	1074	174	0	1.65087887	6.10349079
1018	1074	174	1	0.60679491	2.34039523
1018	1074	174	2	0.61776783	4.50386864
1018	1074	174	3	0.70994065	3.86954841
1018	1074	174	4	0.13910082	0.49451937
1018	1074	174	5	0.10794424	0.43968342
1018	1074	174	6	0.19575778	2.10375793
1018	1074	174	7	1.51766155	8.92334776
1018	1074	174	8	1.18208394	4.45636188
1018	1074	174	9	0.58270960	7.24546829
1018	1074	174	10	0.10873817	1.53812846
1018	1074	174	11	0.85298110	3.53747151
1018	1074	174	12	0.13805850	0.96880417
1018	1074	174	13	1.35809848	9.97441942
1018	1074	174	14	1.07476636	4.35520707
1018	1074	174	15	0.11706605	1.39714162
1018	1074	174	16	1.12946085	4.38346509
1018	1074	174	17	0.12990443	0.48899125
1018	1074	174	18	0.16258949	3.04343457
1018	1074	174	19	0.62269586	3.49095019
1018	1074	175	0	1.65088569	6.10351736
1018	1074	175	1	0.60679644	2.34039776
1018	1074	175	2	0.61776816	4.50388980
1018	1074	175	3	0.70993397	3.86951736
1018	1074	175	4	0.13910234	0.49452102
1018	1074	175	5	0.10794348	0.43968197
1018	1074	175	6	0.19575965	2.10373026
1018	1074	175	7	1.51765722	8.92337810
1018	1074	175	8	1.18207944	4.45637858
1018	1074	175	9	0.58270947	7.24545609
1018	1074	175	10	0.10873791	1.53813556
1018	1074	175	11	0.85297632	3.53748149
1018	1074	175	12	0.13805956	0.96879153
1018	1074	175	13	1.35810069	9.97443194
1018	1074	175	14	1.07476900	4.35521256
1018	1074	175	15	0.11706526	1.39714582
1018	1074	175	16	1.12946208	4.38346785
1018	1074	175	17	0.12990355	0.48898946
1018	1074	175	18	0.16258844	3.04342052
1018	1074	175	19	0.62269695	3.49095006
1018	1074	176	0	1.65089205	6.10354356
1018	1074	176	1	0.60679806	2.34040118
1018	1074	176	2	0.61776814	4.50390840
1018	1074	176	3	0.70992771	3.86948534
1018	1074	176	4	0.13910400	0.49452373
1018	1074	176	5	0.10794269	0.43968012
1018	1074	176	6	0.19576180	2.10370703
1018	1074	176	7	1.51765201	8.92339896
1018	1074	176	8	1.18207344	4.45638636
1018	1074	176	9	0.58270949	7.24544474
1018	1074	176	10	0.10873755	1.53814190
1018	1074	176	11	0.85297055	3.53748429
1018	1074	176	12	0.13806088	0.96878175
1018	1074	176	13	1.35810271	9.97444496
1018	1074	176	14	1.07477172	4.35521935
1018	1074	176	15	0.11706445	1.39714888
1018	1074	176	16	1.12946334	4.38347112
1018	1074	176	17	0.12990264	0.48898727
1018	1074	176	18	0.16258733	3.04340617
1018	1074	176	19	0.62269810	3.49095104
1018	1074	177	0	1.65089790	6.10356904
1018	1074	177	1	0.60679971	2.34040532
1018	1074	177	2	0.61776780	4.50392443
1018	1074	177	3	0.70992192	3.86945293
1018	1074	177	4	0.13910575	0.49452733
1018	1074	177	5	0.10794189	0.43967793
1018	1074	177	6	0.19576415	2.10368810
1018	1074	177	7	1.51764608	8.92341105
1018	1074	177	8	1.18206619	4.45638606
1018	1074	177	9	0.58270965	7.24543432
1018	1074	177	10	0.10873711	1.53814743
1018	1074	177	11	0.85296400	3.53748064
1018	1074	177	12	0.13806238	0.96877468
1018	1074	177	13	1.35810454	9.97445823
1018	1074	177	14	1.07477446	4.35522718
1018	1074	177	15	0.11706365	1.39715088
1018	1074	177	16	1.12946460	4.38347481
1018	1074	177	17	0.12990172	0.48898475
1018	1074	177	18	0.16258616	3.04339147
1018	1074	177	19	0.62269929	3.49095301
1018	1074	178	0	1.65090320	6.10359347
1018	1074	178	1	0.60680139	2.34041004
1018	1074	178	2	0.61776719	4.50393792
1018	1074	178	3	0.70991663	3.86942067
1018	1074	178	4	0.13910756	0.49453168
1018	1074	178	5	0.10794109	0.43967548
1018	1074	178	6	0.19576665	2.10367329
1018	1074	178	7	1.51763962	8.92341516
1018	1074	178	8	1.18205794	4.45637860
1018	1074	178	9	0.58270993	7.24542490
1018	1074	178	10	0.10873661	1.53815212
1018	1074	178	11	0.85295685	3.53747133
1018	1074	178	12	0.13806404	0.96877013
1018	1074	178	13	1.35810616	9.97447151
1018	1074	178	14	1.07477717	4.35523581
1018	1074	178	15	0.11706285	1.39715191
1018	1074	178	16	1.12946585	4.38347882
1018	1074	178	17	0.12990080	0.48898197
1018	1074	178	18	0.16258498	3.04337639
1018	1074	178	19	0.62270049	3.49095581
1018	1074	179	0	1.65090795	6.10361660
1018	1074	179	1	0.60680305	2.34041521
1018	1074	179	2	0.61776634	4.50394895
1018	1074	179	3	0.70991188	3.86938905
1018	1074	179	4	0.13910940	0.49453661
1018	1074	179	5	0.10794031	0.43967284
1018	1074	179	6	0.19576926	2.10366236
1018	1074	179	7	1.51763277	8.92341211
1018	1074	179	8	1.18204893	4.45636486
1018	1074	179	9	0.58271032	7.24541653
1018	1074	179	10	0.10873605	1.53815599
1018	1074	179	11	0.85294928	3.53745711
1018	1074	179	12	0.13806580	0.96876788
1018	1074	179	13	1.35810757	9.97448461
1018	1074	179	14	1.07477982	4.35524502
1018	1074	179	15	0.11706207	1.39715205
1018	1074	179	16	1.12946707	4.38348304
1018	1074	179	17	0.12989990	0.48897902
1018	1074	179	18	0.16258379	3.04336093
1018	1074	179	19	0.62270169	3.49095931
1018	1074	180	0	1.65091212	6.10363822
1018	1074	180	1	0.60680467	2.34042070
1018	1074	180	2	0.61776529	4.50395761
1018	1074	180	3	0.70990767	3.86935847
1018	1074	180	4	0.13911124	0.49454200
1018	1074	180	5	0.10793955	0.43967006
1018	1074	180	6	0.19577190	2.10365505
1018	1074	180	7	1.51762569	8.92340273
1018	1074	180	8	1.18203938	4.45634576
1018	1074	180	9	0.58271079	7.24540921
1018	1074	180	10	0.10873547	1.53815903
1018	1074	180	11	0.85294145	3.53743875
1018	1074	180	12	0.13806764	0.96876772
1018	1074	180	13	1.35810878	9.97449734
1018	1074	180	14	1.07478238	4.35525461
1018	1074	180	15	0.11706132	1.39715140
1018	1074	180	16	1.12946823	4.38348739
1018	1074	180	17	0.12989903	0.48897595
1018	1074	180	18	0.16258262	3.04334511
1018	1074	180	19	0.62270286	3.49096339
1018	1074	181	0	1.65091571	6.10365816
1018	1074	181	1	0.60680623	2.34042639
1018	1074	181	2	0.61776409	4.50396405
1018	1074	181	3	0.70990401	3.86932930
1018	1074	181	4	0.13911304	0.49454771
1018	1074	181	5	0.10793883	0.43966720
1018	1074	181	6	0.19577455	2.10365107
1018	1074	181	7	1.51761851	8.92338787
1018	1074	181	8	1.18202951	4.45632219
1018	1074	181	9	0.58271133	7.24540296
1018	1074	181	10	0.10873486	1.53816127
1018	1074	181	11	0.85293351	3.53741699
1018	1074	181	12	0.13806951	0.96876941
1018	1074	181	13	1.35810979	9.97450954
1018	1074	181	14	1.07478481	4.35526440
1018	1074	181	15	0.11706061	1.39715006
1018	1074	181	16	1.12946934	4.38349178
1018	1074	181	17	0.12989820	0.48897282
1018	1074	181	18	0.16258148	3.04332896
1018	1074	181	19	0.62270400	3.49096791
1018	1074	182	0	1.65091874	6.10367630
1018	1074	182	1	0.60680772	2.34043217
1018	1074	182	2	0.61776277	4.50396840
1018	1074	182	3	0.70990090	3.86930182
1018	1074	182	4	0.13911478	0.49455361
1018	1074	182	5	0.10793814	0.43966433
1018	1074	182	6	0.19577716	2.10365011
1018	1074	182	7	1.51761135	8.92336835
1018	1074	182	8	1.18201948	4.45629498
1018	1074	182	9	0.58271193	7.24539775
1018	1074	182	10	0.10873424	1.53816274
1018	1074	182	11	0.85292558	3.53739252
1018	1074	182	12	0.13807138	0.96877274
1018	1074	182	13	1.35811060	9.97452109
1018	1074	182	14	1.07478710	4.35527420
1018	1074	182	15	0.11705995	1.39714812
1018	1074	182	16	1.12947038	4.38349615
1018	1074	182	17	0.12989741	0.48896969
1018	1074	182	18	0.16258039	3.04331254
1018	1074	182	19	0.62270508	3.49097276
1018	1074	183	0	1.65092122	6.10369257
1018	1074	183	1	0.60680912	2.34043794
1018	1074	183	2	0.61776135	4.50397082
1018	1074	183	3	0.70989832	3.86927627
1018	1074	183	4	0.13911645	0.49455960
1018	1074	183	5	0.10793751	0.43966147
1018	1074	183	6	0.19577969	2.10365184
1018	1074	183	7	1.51760432	8.92334499
1018	1074	183	8	1.18200948	4.45626497
1018	1074	183	9	0.58271256	7.24539355
1018	1074	183	10	0.10873362	1.53816349
1018	1074	183	11	0.85291780	3.53736604
1018	1074	183	12	0.13807322	0.96877746
1018	1074	183	13	1.35811123	9.97453188
1018	1074	183	14	1.07478921	4.35528387
1018	1074	183	15	0.11705934	1.39714568
1018	1074	183	16	1.12947133	4.38350043
1018	1074	183	17	0.12989668	0.48896661
1018	1074	183	18	0.16257935	3.04329590
1018	1074	183	19	0.62270610	3.49097783
1018	1074	184	0	1.65092317	6.10370691
1018	1074	184	1	0.60681042	2.34044362
1018	1074	184	2	0.61775988	4.50397150
1018	1074	184	3	0.70989626	3.86925283
1018	1074	184	4	0.13911802	0.49456557
1018	1074	184	5	0.10793692	0.43965868
1018	1074	184	6	0.19578211	2.10365594
1018	1074	184	7	1.51759751	8.92331858
1018	1074	184	8	1.18199966	4.45623292
1018	1074	184	9	0.58271322	7.24539032
1018	1074	184	10	0.10873301	1.53816356
1018	1074	184	11	0.85291027	3.53733816
1018	1074	184	12	0.13807501	0.96878335
1018	1074	184	13	1.35811169	9.97454184
1018	1074	184	14	1.07479115	4.35529326
1018	1074	184	15	0.11705878	1.39714284
1018	1074	184	16	1.12947220	4.38350456
1018	1074	184	17	0.12989601	0.48896361
1018	1074	184	18	0.16257839	3.04327912
1018	1074	184	19	0.62270705	3.49098301
1018	1074	185	0	1.65092462	6.10371933
1018	1074	185	1	0.60681161	2.34044912
1018	1074	185	2	0.61775838	4.50397061
1018	1074	185	3	0.70989468	3.86923163
1018	1074	185	4	0.13911949	0.49457143
1018	1074	185	5	0.10793639	0.43965598
1018	1074	185	6	0.19578440	2.10366208
1018	1074	185	7	1.51759100	8.92328984
1018	1074	185	8	1.18199015	4.45619955
1018	1074	185	9	0.58271389	7.24538802
1018	1074	185	10	0.10873242	1.53816302
1018	1074	185	11	0.85290307	3.53730947
1018	1074	185	12	0.13807673	0.96879019
1018	1074	185	13	1.35811198	9.97455089
1018	1074	185	14	1.07479290	4.35530228
1018	1074	185	15	0.11705828	1.39713967
1018	1074	185	16	1.12947299	4.38350850
1018	1074	185	17	0.12989540	0.48896074
1018	1074	185	18	0.16257749	3.04326226
1018	1074	185	19	0.62270792	3.49098821
1018	1074	186	0	1.65092561	6.10372984
1018	1074	186	1	0.60681268	2.34045438
1018	1074	186	2	0.61775687	4.50396835
1018	1074	186	3	0.70989357	3.86921274
1018	1074	186	4	0.13912083	0.49457711
1018	1074	186	5	0.10793591	0.43965342
1018	1074	186	6	0.19578654	2.10366994
1018	1074	186	7	1.51758487	8.92325949
1018	1074	186	8	1.18198105	4.45616552
1018	1074	186	9	0.58271456	7.24538656
1018	1074	186	10	0.10873186	1.53816193
1018	1074	186	11	0.85289628	3.53728050
1018	1074	186	12	0.13807835	0.96879777
1018	1074	186	13	1.35811212	9.97455900
1018	1074	186	14	1.07479445	4.35531082
1018	1074	186	15	0.11705783	1.39713626
1018	1074	186	16	1.12947368	4.38351221
1018	1074	186	17	0.12989486	0.48895803
1018	1074	186	18	0.16257668	3.04324542
1018	1074	186	19	0.62270870	3.49099336
1018	1074	187	0	1.65092616	6.10373849
1018	1074	187	1	0.60681363	2.34045935
1018	1074	187	2	0.61775539	4.50396489
1018	1074	187	3	0.70989288	3.86919620
1018	1074	187	4	0.13912205	0.49458254
1018	1074	187	5	0.10793550	0.43965101
1018	1074	187	6	0.19578851	2.10367921
1018	1074	187	7	1.51757915	8.92322817
1018	1074	187	8	1.18197247	4.45613142
1018	1074	187	9	0.58271522	7.24538589
1018	1074	187	10	0.10873132	1.53816035
1018	1074	187	11	0.85288995	3.53725172
1018	1074	187	12	0.13807987	0.96880590
1018	1074	187	13	1.35811213	9.97456615
1018	1074	187	14	1.07479580	4.35531880
1018	1074	187	15	0.11705745	1.39713270
1018	1074	187	16	1.12947428	4.38351566
1018	1074	187	17	0.12989439	0.48895549
1018	1074	187	18	0.16257596	3.04322866
1018	1074	187	19	0.62270940	3.49099838
1018	1074	188	0	1.65092632	6.10374535
1018	1074	188	1	0.60681447	2.34046399
1018	1074	188	2	0.61775395	4.50396042
1018	1074	188	3	0.70989258	3.86918201
1018	1074	188	4	0.13912314	0.49458765
1018	1074	188	5	0.10793514	0.43964878
1018	1074	188	6	0.19579030	2.10368958
1018	1074	188	7	1.51757390	8.92319645
1018	1074	188	8	1.18196448	4.45609779
1018	1074	188	9	0.58271586	7.24538594
1018	1074	188	10	0.10873082	1.53815835
1018	1074	188	11	0.85288414	3.53722355
1018	1074	188	12	0.13808127	0.96881439
1018	1074	188	13	1.35811202	9.97457234
1018	1074	188	14	1.07479695	4.35532617
1018	1074	188	15	0.11705712	1.39712905
1018	1074	188	16	1.12947479	4.38351881
1018	1074	188	17	0.12989398	0.48895316
1018	1074	188	18	0.16257531	3.04321208
1018	1074	188	19	0.62271002	3.49100320
1018	1074	189	0	1.65092614	6.10375052
1018	1074	189	1	0.60681518	2.34046825
1018	1074	189	2	0.61775257	4.50395513
1018	1074	189	3	0.70989263	3.86917012
1018	1074	189	4	0.13912410	0.49459242
1018	1074	189	5	0.10793484	0.43964674
1018	1074	189	6	0.19579190	2.10370078
1018	1074	189	7	1.51756914	8.92316488
1018	1074	189	8	1.18195713	4.45606508
1018	1074	189	9	0.58271647	7.24538662
1018	1074	189	10	0.10873036	1.53815599
1018	1074	189	11	0.85287887	3.53719637
1018	1074	189	12	0.13808254	0.96882306
1018	1074	189	13	1.35811180	9.97457757
1018	1074	189	14	1.07479792	4.35533287
1018	1074	189	15	0.11705685	1.39712538
1018	1074	189	16	1.12947521	4.38352167
1018	1074	189	17	0.12989364	0.48895103
1018	1074	189	18	0.16257476	3.04319573
1018	1074	189	19	0.62271054	3.49100777
1018	1074	190	0	1.65092564	6.10375411
1018	1074	190	1	0.60681577	2.34047212
1018	1074	190	2	0.61775126	4.50394918
1018	1074	190	3	0.70989299	3.86916046
1018	1074	190	4	0.13912492	0.49459680
1018	1074	190	5	0.10793459	0.43964489
1018	1074	190	6	0.19579331	2.10371254
1018	1074	190	7	1.51756490	8.92313393
1018	1074	190	8	1.18195047	4.45603370
1018	1074	190	9	0.58271705	7.24538786
1018	1074	190	10	0.10872994	1.53815333
1018	1074	190	11	0.85287417	3.53717047
1018	1074	190	12	0.13808368	0.96883177
1018	1074	190	13	1.35811150	9.97458187
1018	1074	190	14	1.07479869	4.35533888
1018	1074	190	15	0.11705663	1.39712174
1018	1074	190	16	1.12947555	4.38352421
1018	1074	190	17	0.12989336	0.48894913
1018	1074	190	18	0.16257429	3.04317971
1018	1074	190	19	0.62271098	3.49101206
1018	1074	191	0	1.65092487	6.10375622
1018	1074	191	1	0.60681625	2.34047557
1018	1074	191	2	0.61775004	4.50394273
1018	1074	191	3	0.70989362	3.86915294
1018	1074	191	4	0.13912561	0.49460077
1018	1074	191	5	0.10793440	0.43964326
1018	1074	191	6	0.19579453	2.10372462
1018	1074	191	7	1.51756117	8.92310399
1018	1074	191	8	1.18194452	4.45600398
1018	1074	191	9	0.58271759	7.24538958
1018	1074	191	10	0.10872957	1.53815045
1018	1074	191	11	0.85287004	3.53714611
1018	1074	191	12	0.13808468	0.96884037
1018	1074	191	13	1.35811112	9.97458528
1018	1074	191	14	1.07479929	4.35534418
1018	1074	191	15	0.11705647	1.39711819
1018	1074	191	16	1.12947580	4.38352643
1018	1074	191	17	0.12989314	0.48894745
1018	1074	191	18	0.16257390	3.04316407
1018	1074	191	19	0.62271134	3.49101602
1018	1074	192	0	1.65092388	6.10375700
1018	1074	192	1	0.60681661	2.34047861
1018	1074	192	2	0.61774891	4.50393595
1018	1074	192	3	0.70989449	3.86914743
1018	1074	192	4	0.13912617	0.49460432
1018	1074	192	5	0.10793426	0.43964183
1018	1074	192	6	0.19579556	2.10373679
1018	1074	192	7	1.51755797	8.92307541
1018	1074	192	8	1.18193930	4.45597620
1018	1074	192	9	0.58271809	7.24539170
1018	1074	192	10	0.10872924	1.53814740
1018	1074	192	11	0.85286649	3.53712350
1018	1074	192	12	0.13808555	0.96884876
1018	1074	192	13	1.35811067	9.97458785
1018	1074	192	14	1.07479971	4.35534876
1018	1074	192	15	0.11705635	1.39711478
1018	1074	192	16	1.12947598	4.38352833
1018	1074	192	17	0.12989298	0.48894600
1018	1074	192	18	0.16257359	3.04314887
1018	1074	192	19	0.62271162	3.49101963
1018	1074	193	0	1.65092271	6.10375658
1018	1074	193	1	0.60681688	2.34048123
1018	1074	193	2	0.61774789	4.50392898
1018	1074	193	3	0.70989555	3.86914380
1018	1074	193	4	0.13912661	0.49460743
1018	1074	193	5	0.10793416	0.43964061
1018	1074	193	6	0.19579640	2.10374885
1018	1074	193	7	1.51755527	8.92304849
1018	1074	193	8	1.18193481	4.45595056
1018	1074	193	9	0.58271854	7.24539415
1018	1074	193	10	0.10872896	1.53814423
1018	1074	193	11	0.85286351	3.53710279
1018	1074	193	12	0.13808628	0.96885681
1018	1074	193	13	1.35811018	9.97458962
1018	1074	193	14	1.07479999	4.35535265
1018	1074	193	15	0.11705628	1.39711154
1018	1074	193	16	1.12947609	4.38352992
1018	1074	193	17	0.12989287	0.48894478
1018	1074	193	18	0.16257336	3.04313419
1018	1074	193	19	0.62271182	3.49102288
1018	1074	194	0	1.65092138	6.10375510
1018	1074	194	1	0.60681705	2.34048344
1018	1074	194	2	0.61774697	4.50392193
1018	1074	194	3	0.70989676	3.86914189
1018	1074	194	4	0.13912694	0.49461010
1018	1074	194	5	0.10793411	0.43963960
1018	1074	194	6	0.19579707	2.10376064
1018	1074	194	7	1.51755308	8.92302346
1018	1074	194	8	1.18193103	4.45592724
1018	1074	194	9	0.58271895	7.24539685
1018	1074	194	10	0.10872872	1.53814100
1018	1074	194	11	0.85286107	3.53708409
1018	1074	194	12	0.13808688	0.96886445
1018	1074	194	13	1.35810966	9.97459067
1018	1074	194	14	1.07480012	4.35535585
1018	1074	194	15	0.11705625	1.39710850
1018	1074	194	16	1.12947613	4.38353121
1018	1074	194	17	0.12989281	0.48894377
1018	1074	194	18	0.16257320	3.04312005
1018	1074	194	19	0.62271196	3.49102575
1018	1074	195	0	1.65091994	6.10375269
1018	1074	195	1	0.60681713	2.34048524
1018	1074	195	2	0.61774616	4.50391493
1018	1074	195	3	0.70989810	3.86914155
1018	1074	195	4	0.13912716	0.49461235
1018	1074	195	5	0.10793410	0.43963878
1018	1074	195	6	0.19579757	2.10377200
1018	1074	195	7	1.51755135	8.92300048
1018	1074	195	8	1.18192794	4.45590632
1018	1074	195	9	0.58271930	7.24539974
1018	1074	195	10	0.10872852	1.53813776
1018	1074	195	11	0.85285917	3.53706747
1018	1074	195	12	0.13808736	0.96887161
1018	1074	195	13	1.35810911	9.97459104
1018	1074	195	14	1.07480012	4.35535839
1018	1074	195	15	0.11705626	1.39710568
1018	1074	195	16	1.12947612	4.38353221
1018	1074	195	17	0.12989280	0.48894298
1018	1074	195	18	0.16257311	3.04310651
1018	1074	195	19	0.62271203	3.49102824
1018	1074	196	0	1.65091843	6.10374949
1018	1074	196	1	0.60681714	2.34048666
1018	1074	196	2	0.61774545	4.50390808
1018	1074	196	3	0.70989952	3.86914260
1018	1074	196	4	0.13912727	0.49461419
1018	1074	196	5	0.10793412	0.43963815
1018	1074	196	6	0.19579791	2.10378279
1018	1074	196	7	1.51755008	8.92297970
1018	1074	196	8	1.18192552	4.45588786
1018	1074	196	9	0.58271961	7.24540276
1018	1074	196	10	0.10872837	1.53813456
1018	1074	196	11	0.85285776	3.53705295
1018	1074	196	12	0.13808772	0.96887822
1018	1074	196	13	1.35810855	9.97459082
1018	1074	196	14	1.07480001	4.35536030
1018	1074	196	15	0.11705630	1.39710311
1018	1074	196	16	1.12947605	4.38353294
1018	1074	196	17	0.12989283	0.48894238
1018	1074	196	18	0.16257307	3.04309360
1018	1074	196	19	0.62271204	3.49103036
1018	1074	197	0	1.65091688	6.10374565
1018	1074	197	1	0.60681707	2.34048772
1018	1074	197	2	0.61774486	4.50390147
1018	1074	197	3	0.70990099	3.86914488
1018	1074	197	4	0.13912730	0.49461562
1018	1074	197	5	0.10793417	0.43963769
1018	1074	197	6	0.19579810	2.10379293
1018	1074	197	7	1.51754923	8.92296118
1018	1074	197	8	1.18192373	4.45587188
1018	1074	197	9	0.58271987	7.24540584
1018	1074	197	10	0.10872825	1.53813142
1018	1074	197	11	0.85285681	3.53704051
1018	1074	197	12	0.13808796	0.96888424
1018	1074	197	13	1.35810799	9.97459006
1018	1074	197	14	1.07479979	4.35536163
1018	1074	197	15	0.11705637	1.39710079
1018	1074	197	16	1.12947594	4.38353342
1018	1074	197	17	0.12989289	0.48894197
1018	1074	197	18	0.16257309	3.04308134
1018	1074	197	19	0.62271200	3.49103212
1018	1074	198	0	1.65091530	6.10374129
1018	1074	198	1	0.60681694	2.34048844
1018	1074	198	2	0.61774437	4.50389517
1018	1074	198	3	0.70990249	3.86914822
1018	1074	198	4	0.13912725	0.49461669
1018	1074	198	5	0.10793425	0.43963740
1018	1074	198	6	0.19579817	2.10380232
1018	1074	198	7	1.51754877	8.92294495
1018	1074	198	8	1.18192253	4.45585835
1018	1074	198	9	0.58272009	7.24540894
1018	1074	198	10	0.10872817	1.53812840
1018	1074	198	11	0.85285629	3.53703014
1018	1074	198	12	0.13808811	0.96888966
1018	1074	198	13	1.35810743	9.97458885
1018	1074	198	14	1.07479949	4.35536242
1018	1074	198	15	0.11705646	1.39709874
1018	1074	198	16	1.12947579	4.38353366
1018	1074	198	17	0.12989298	0.48894173
1018	1074	198	18	0.16257316	3.04306976
1018	1074	198	19	0.62271192	3.49103352
1018	1074	199	0	1.65091374	6.10373654
1018	1074	199	1	0.60681676	2.34048884
1018	1074	199	2	0.61774398	4.50388924
1018	1074	199	3	0.70990399	3.86915245
1018	1074	199	4	0.13912713	0.49461740
1018	1074	199	5	0.10793435	0.43963726
1018	1074	199	6	0.19579811	2.10381089
1018	1074	199	7	1.51754865	8.92293102
1018	1074	199	8	1.18192187	4.45584720
1018	1074	199	9	0.58272025	7.24541200
1018	1074	199	10	0.10872813	1.53812550
1018	1074	199	11	0.85285617	3.53702174
1018	1074	199	12	0.13808816	0.96889444
1018	1074	199	13	1.35810689	9.97458724
1018	1074	199	14	1.07479912	4.35536271
1018	1074	199	15	0.11705658	1.39709695
1018	1074	199	16	1.12947562	4.38353369
1018	1074	199	17	0.12989310	0.48894165
1018	1074	199	18	0.16257326	3.04305886
1018	1074	199	19	0.62271179	3.49103459
1018	1074	200	0	1.65091221	6.10373151
1018	1074	200	1	0.60681654	2.34048895
1018	1074	200	2	0.61774369	4.50388375
1018	1074	200	3	0.70990547	3.86915740
1018	1074	200	4	0.13912695	0.49461779
1018	1074	200	5	0.10793447	0.43963725
1018	1074	200	6	0.19579796	2.10381862
1018	1074	200	7	1.51754885	8.92291935
1018	1074	200	8	1.18192169	4.45583835
1018	1074	200	9	0.58272038	7.24541498
1018	1074	200	10	0.10872811	1.53812277
1018	1074	200	11	0.85285638	3.53701524
1018	1074	200	12	0.13808812	0.96889860
1018	1074	200	13	1.35810637	9.97458531
1018	1074	200	14	1.07479869	4.35536256
1018	1074	200	15	0.11705671	1.39709543
1018	1074	200	16	1.12947541	4.38353354
1018	1074	200	17	0.12989324	0.48894170
1018	1074	200	18	0.16257340	3.04304865
1018	1074	200	19	0.62271164	3.49103534
