world_seed	cell_seed	time	gene_id	X	P
1019	1077	0	0	0.28718867	0.28718867
1019	1077	0	1	0.65442659	0.65442659
1019	1077	0	2	0.91013728	0.91013728
1019	1077	0	3	0.76844668	0.76844668
1019	1077	0	4	0.33338913	0.33338913
1019	1077	0	5	0.64187837	0.64187837
1019	1077	0	6	0.91251674	0.91251674
1019	1077	0	7	0.83212598	0.83212598
1019	1077	0	8	0.02929842	0.02929842
1019	1077	0	9	0.91202586	0.91202586
1019	1077	0	10	0.38490774	0.38490774
1019	1077	0	11	0.62717944	0.62717944
1019	1077	0	12	0.48623496	0.48623496
1019	1077	0	13	0.53508192	0.53508192
1019	1077	0	14	0.13439657	0.13439657
1019	1077	0	15	0.10704354	0.10704354
1019	1077	0	16	0.65497753	0.65497753
1019	1077	0	17	0.21549249	0.21549249
1019	1077	0	18	0.68750341	0.68750341
1019	1077	0	19	0.74789318	0.74789318
1019	1077	1	0	0.22184062	0.54991610
1019	1077	1	1	0.47358858	1.15766022
1019	1077	1	2	1.20970997	1.62147791
1019	1077	1	3	1.23346739	1.47325410
1019	1077	1	4	0.69450326	0.57665706
1019	1077	1	5	1.20094669	1.20687107
1019	1077	1	6	0.75177580	1.63600164
1019	1077	1	7	0.71447068	1.44882145
1019	1077	1	8	0.04223496	0.05141634
1019	1077	1	9	0.77106091	1.63809639
1019	1077	1	10	0.75468725	0.67858716
1019	1077	1	11	0.55048856	1.18916151
1019	1077	1	12	0.49265272	0.90018796
1019	1077	1	13	0.50175345	0.97326761
1019	1077	1	14	0.07361769	0.23478991
1019	1077	1	15	0.70628272	0.19010445
1019	1077	1	16	0.44246625	1.17346457
1019	1077	1	17	0.88369587	0.39583808
1019	1077	1	18	1.14577783	1.24488270
1019	1077	1	19	0.64846814	1.44747878
1019	1077	2	0	0.24884283	0.72491773
1019	1077	2	1	0.43721136	1.36379318
1019	1077	2	2	1.34486784	2.47701672
1019	1077	2	3	1.43193444	2.58471331
1019	1077	2	4	0.82229528	1.11527932
1019	1077	2	5	1.55173419	2.26325596
1019	1077	2	6	0.57648039	2.04887252
1019	1077	2	7	0.68636780	1.78820428
1019	1077	2	8	0.10525888	0.08105011
1019	1077	2	9	0.70833212	2.07516156
1019	1077	2	10	1.01882828	1.27244011
1019	1077	2	11	0.57068116	1.61603282
1019	1077	2	12	0.46976839	1.25902195
1019	1077	2	13	0.57691914	1.29877521
1019	1077	2	14	0.05122113	0.24900418
1019	1077	2	15	1.13990814	0.85379514
1019	1077	2	16	0.30505917	1.37139304
1019	1077	2	17	1.37009993	1.21497262
1019	1077	2	18	1.46022894	2.15504094
1019	1077	2	19	0.57530015	2.00245199
1019	1077	3	0	0.34734951	0.91201586
1019	1077	3	1	0.48120373	1.48592578
1019	1077	3	2	1.40356566	3.28084241
1019	1077	3	3	1.45296532	3.80259358
1019	1077	3	4	0.76176316	1.63609410
1019	1077	3	5	1.75817867	3.54389214
1019	1077	3	6	0.39344138	2.20091998
1019	1077	3	7	0.78443839	2.01162083
1019	1077	3	8	0.25295430	0.16644511
1019	1077	3	9	0.67713146	2.36038358
1019	1077	3	10	1.20224509	1.98968293
1019	1077	3	11	0.72985077	2.01872206
1019	1077	3	12	0.40808256	1.54162863
1019	1077	3	13	0.75005607	1.64050339
1019	1077	3	14	0.04867007	0.23722558
1019	1077	3	15	1.44796855	1.80241436
1019	1077	3	16	0.21805592	1.39066821
1019	1077	3	17	1.72237903	2.38691009
1019	1077	3	18	1.67402459	3.20738418
1019	1077	3	19	0.52444739	2.44841064
1019	1077	4	0	0.46934250	1.18168462
1019	1077	4	1	0.58447368	1.62383431
1019	1077	4	2	1.42604703	3.96779036
1019	1077	4	3	1.39506018	4.94064545
1019	1077	4	4	0.62620666	1.95559096
1019	1077	4	5	1.85161706	4.87757525
1019	1077	4	6	0.25465212	2.13843113
1019	1077	4	7	0.96597035	2.27526728
1019	1077	4	8	0.44841445	0.37860680
1019	1077	4	9	0.66252391	2.55625029
1019	1077	4	10	1.31594282	2.72034634
1019	1077	4	11	0.97521721	2.53872004
1019	1077	4	12	0.33042436	1.72053818
1019	1077	4	13	0.96684393	2.09348606
1019	1077	4	14	0.05940493	0.22587598
1019	1077	4	15	1.64605357	2.84656016
1019	1077	4	16	0.16668163	1.31892338
1019	1077	4	17	1.97340427	3.71998325
1019	1077	4	18	1.81518507	4.27434553
1019	1077	4	19	0.49660721	2.81471136
1019	1077	5	0	0.58405913	1.55037739
1019	1077	5	1	0.75104093	1.83315162
1019	1077	5	2	1.42721786	4.52717314
1019	1077	5	3	1.30650578	5.92654393
1019	1077	5	4	0.49047915	2.05316544
1019	1077	5	5	1.83782389	6.14494511
1019	1077	5	6	0.16403312	1.95009787
1019	1077	5	7	1.17630865	2.65218982
1019	1077	5	8	0.63989844	0.73423173
1019	1077	5	9	0.66173198	2.69757366
1019	1077	5	10	1.35846316	3.39153041
1019	1077	5	11	1.24405035	3.25002896
1019	1077	5	12	0.25886311	1.79519347
1019	1077	5	13	1.18861163	2.68122744
1019	1077	5	14	0.08594804	0.22813277
1019	1077	5	15	1.73260415	3.85485486
1019	1077	5	16	0.14452101	1.21075513
1019	1077	5	17	2.14275515	5.08665695
1019	1077	5	18	1.89888368	5.28052304
1019	1077	5	19	0.50003086	3.12951195
1019	1077	6	0	0.67986296	2.00238347
1019	1077	6	1	0.96931286	2.16067734
1019	1077	6	2	1.41017026	4.96554363
1019	1077	6	3	1.20887798	6.74224038
1019	1077	6	4	0.37961489	1.98863624
1019	1077	6	5	1.72818748	7.24671332
1019	1077	6	6	0.10823978	1.71015966
1019	1077	6	7	1.38429622	3.14186853
1019	1077	6	8	0.80208596	1.19418357
1019	1077	6	9	0.67592206	2.80929032
1019	1077	6	10	1.33265024	3.94615514
1019	1077	6	11	1.50246573	4.15622813
1019	1077	6	12	0.20144128	1.78718952
1019	1077	6	13	1.39626979	3.38430436
1019	1077	6	14	0.13347852	0.25636169
1019	1077	6	15	1.71836314	4.72379629
1019	1077	6	16	0.14957717	1.10296740
1019	1077	6	17	2.24109678	6.39977657
1019	1077	6	18	1.93219113	6.17995943
1019	1077	6	19	0.54632415	3.42740274
1019	1077	7	0	0.75507228	2.51169386
1019	1077	7	1	1.20725713	2.63080635
1019	1077	7	2	1.37132131	5.29111547
1019	1077	7	3	1.11215360	7.39275677
1019	1077	7	4	0.29629083	1.83068621
1019	1077	7	5	1.55294914	8.10687279
1019	1077	7	6	0.07461730	1.46413237
1019	1077	7	7	1.57600028	3.71276106
1019	1077	7	8	0.92963884	1.70359724
1019	1077	7	9	0.70648841	2.91241885
1019	1077	7	10	1.25391525	4.34351342
1019	1077	7	11	1.73636351	5.22664030
1019	1077	7	12	0.15835140	1.72295359
1019	1077	7	13	1.58198937	4.16772153
1019	1077	7	14	0.20398785	0.32497898
1019	1077	7	15	1.63203501	5.38381433
1019	1077	7	16	0.18014430	1.02269767
1019	1077	7	17	2.27523913	7.59706755
1019	1077	7	18	1.91915035	6.94246649
1019	1077	7	19	0.64365514	3.75234559
1019	1077	8	0	0.81181904	3.05283317
1019	1077	8	1	1.43353207	3.23026516
1019	1077	8	2	1.30526416	5.50672537
1019	1077	8	3	1.02112924	7.89267598
1019	1077	8	4	0.23616705	1.63210891
1019	1077	8	5	1.34902691	8.68876202
1019	1077	8	6	0.05444135	1.23544823
1019	1077	8	7	1.74632144	4.32755832
1019	1077	8	8	1.02590218	2.21571594
1019	1077	8	9	0.75152145	3.02508659
1019	1077	8	10	1.14387351	4.56795744
1019	1077	8	11	1.94140470	6.41967739
1019	1077	8	12	0.12714636	1.62517685
1019	1077	8	13	1.74346233	4.99499184
1019	1077	8	14	0.29335641	0.44674497
1019	1077	8	15	1.50539711	5.80963020
1019	1077	8	16	0.23206850	0.98972244
1019	1077	8	17	2.25261047	8.63322231
1019	1077	8	18	1.86499496	7.54761267
1019	1077	8	19	0.79171622	4.15363085
1019	1077	9	0	0.85308366	3.60462781
1019	1077	9	1	1.63021092	3.91750523
1019	1077	9	2	1.21121152	5.60918355
1019	1077	9	3	0.93821166	8.26016981
1019	1077	9	4	0.19376107	1.42708693
1019	1077	9	5	1.14529584	8.99702900
1019	1077	9	6	0.04228392	1.03396106
1019	1077	9	7	1.89436252	4.95351083
1019	1077	9	8	1.09672251	2.69858716
1019	1077	9	9	0.80536445	3.15981526
1019	1077	9	10	1.02136974	4.62916346
1019	1077	9	11	2.11771219	7.69373554
1019	1077	9	12	0.10501723	1.51073022
1019	1077	9	13	1.88083000	5.83392742
1019	1077	9	14	0.39286728	0.62707190
1019	1077	9	15	1.36245410	6.01340606
1019	1077	9	16	0.29866510	1.01554311
1019	1077	9	17	2.18338973	9.47775120
1019	1077	9	18	1.77791565	7.98406712
1019	1077	9	19	0.98191134	4.67705756
1019	1077	10	0	0.88148374	4.15068809
1019	1077	10	1	1.79177137	4.64265025
1019	1077	10	2	1.09648049	5.59520967
1019	1077	10	3	0.86472546	8.51431190
1019	1077	10	4	0.16430775	1.23508018
1019	1077	10	5	0.95850646	9.06463998
1019	1077	10	6	0.03490778	0.86205541
1019	1077	10	7	2.02115290	5.56545051
1019	1077	10	8	1.14786811	3.13393591
1019	1077	10	9	0.86165179	3.32091675
1019	1077	10	10	0.89909485	4.55335906
1019	1077	10	11	2.26733593	9.01165865
1019	1077	10	12	0.08955535	1.39116769
1019	1077	10	13	1.99511440	6.65831057
1019	1077	10	14	0.49305976	0.86128578
1019	1077	10	15	1.21809730	6.02858385
1019	1077	10	16	0.37248166	1.10257962
1019	1077	10	17	2.07994944	10.11531639
1019	1077	10	18	1.66823203	8.25083432
1019	1077	10	19	1.20130810	5.35687043
1019	1077	11	0	0.89893590	4.67863788
1019	1077	11	1	1.91989498	5.36182461
1019	1077	11	2	0.97364938	5.46955700
1019	1077	11	3	0.80154052	8.67392089
1019	1077	11	4	0.14413973	1.06552306
1019	1077	11	5	0.79586473	8.93736298
1019	1077	11	6	0.03041514	0.71838463
1019	1077	11	7	2.12853781	6.14575446
1019	1077	11	8	1.18417910	3.51373435
1019	1077	11	9	0.91573885	3.50545817
1019	1077	11	10	0.78425791	4.37324644
1019	1077	11	11	2.39304681	10.34220306
1019	1077	11	12	0.07890454	1.27391702
1019	1077	11	13	2.08747851	7.44769328
1019	1077	11	14	0.58668822	1.13643446
1019	1077	11	15	1.08052088	5.89600433
1019	1077	11	16	0.44707961	1.24529518
1019	1077	11	17	1.95495799	10.54545419
1019	1077	11	18	1.54642709	8.35742673
1019	1077	11	19	1.43669372	6.21216989
1019	1077	12	0	0.90671507	5.17907183
1019	1077	12	1	2.01930244	6.04297087
1019	1077	12	2	0.85484922	5.24851889
1019	1077	12	3	0.74936007	8.75712687
1019	1077	12	4	0.13058277	0.92163232
1019	1077	12	5	0.65876546	8.66268978
1019	1077	12	6	0.02769676	0.59998325
1019	1077	12	7	2.21863335	6.68320745
1019	1077	12	8	1.20943947	3.83676221
1019	1077	12	9	0.96507933	3.70646002
1019	1077	12	10	0.68031063	4.12098599
1019	1077	12	11	2.49776353	11.66014389
1019	1077	12	12	0.07170341	1.16344560
1019	1077	12	13	2.15894462	8.18649336
1019	1077	12	14	0.66963285	1.43559714
1019	1077	12	15	0.95373828	5.65555223
1019	1077	12	16	0.51788301	1.43286826
1019	1077	12	17	1.81964417	10.78044491
1019	1077	12	18	1.42150689	8.32203940
1019	1077	12	19	1.67689024	7.24760984
1019	1077	13	0	0.90563939	5.64466059
1019	1077	13	1	2.09539747	6.66615856
1019	1077	13	2	0.74816563	4.95696086
1019	1077	13	3	0.70885072	8.78126164
1019	1077	13	4	0.12173309	0.80308094
1019	1077	13	5	0.54561046	8.28381830
1019	1077	13	6	0.02609889	0.50339084
1019	1077	13	7	2.29356340	7.17161386
1019	1077	13	8	1.22651098	4.10588229
1019	1077	13	9	1.00865511	3.91581955
1019	1077	13	10	0.58842577	3.82456739
1019	1077	13	11	2.58428959	12.94579716
1019	1077	13	12	0.06697550	1.06219533
1019	1077	13	13	2.21033254	8.86297266
1019	1077	13	14	0.74041686	1.74201429
1019	1077	13	15	0.83933072	5.34218972
1019	1077	13	16	0.58218802	1.65215647
1019	1077	13	17	1.68288283	10.84179475
1019	1077	13	18	1.30023778	8.16842965
1019	1077	13	19	1.91346434	8.45636562
1019	1077	14	0	0.89625599	6.06951726
1019	1077	14	1	2.15317925	7.22146549
1019	1077	14	2	0.65720684	4.62240277
1019	1077	14	3	0.68070607	8.76288834
1019	1077	14	4	0.11624188	0.70772649
1019	1077	14	5	0.45353442	7.83717392
1019	1077	14	6	0.02522793	0.42521012
1019	1077	14	7	2.35534151	7.60850595
1019	1077	14	8	1.23753425	4.32611753
1019	1077	14	9	1.04634936	4.12606801
1019	1077	14	10	0.50849856	3.50651913
1019	1077	14	11	2.65520662	14.18432861
1019	1077	14	12	0.06402325	0.97126867
1019	1077	14	13	2.24228697	9.46833846
1019	1077	14	14	0.79927863	2.04168985
1019	1077	14	15	0.73752135	4.98462711
1019	1077	14	16	0.63876436	1.89005231
1019	1077	14	17	1.55104172	10.75637706
1019	1077	14	18	1.18711967	7.92262458
1019	1077	14	19	2.14055802	9.82362007
1019	1077	15	0	0.87900236	6.44880345
1019	1077	15	1	2.19685384	7.70626098
1019	1077	15	2	0.58232669	4.26996170
1019	1077	15	3	0.66567147	8.71789199
1019	1077	15	4	0.11314094	0.63265690
1019	1077	15	5	0.37934949	7.35195359
1019	1077	15	6	0.02483706	0.36235391
1019	1077	15	7	2.40582933	7.99406842
1019	1077	15	8	1.24412244	4.50340047
1019	1077	15	9	1.07851056	4.33114262
1019	1077	15	10	0.43976481	3.18392539
1019	1077	15	11	2.71284803	15.36502768
1019	1077	15	12	0.06234166	0.89090658
1019	1077	15	13	2.25535126	9.99603497
1019	1077	15	14	0.84734312	2.32440726
1019	1077	15	15	0.64780732	4.60536541
1019	1077	15	16	0.68737686	2.13494948
1019	1077	15	17	1.42827877	10.55304992
1019	1077	15	18	1.08475345	7.61022506
1019	1077	15	19	2.35439919	11.32965510
1019	1077	16	0	0.85435141	6.77853039
1019	1077	16	1	2.22978170	8.12272818
1019	1077	16	2	0.52207588	3.91962240
1019	1077	16	3	0.66452868	8.66158742
1019	1077	16	4	0.11171175	0.57477905
1019	1077	16	5	0.32001486	6.85066914
1019	1077	16	6	0.02476064	0.31212777
1019	1077	16	7	2.44673546	8.33029978
1019	1077	16	8	1.24752340	4.64382283
1019	1077	16	9	1.10569317	4.52656522
1019	1077	16	10	0.38116513	2.86905696
1019	1077	16	11	2.75931371	16.48063062
1019	1077	16	12	0.06155295	0.82080925
1019	1077	16	13	2.25008248	10.44123693
1019	1077	16	14	0.88605658	2.58365975
1019	1077	16	15	0.56932632	4.22136154
1019	1077	16	16	0.72838021	2.37742513
1019	1077	16	17	1.31701344	10.26012256
1019	1077	16	18	0.99432881	7.25458733
1019	1077	16	19	2.55277753	12.95225413
1019	1077	17	0	0.82293919	7.05552197
1019	1077	17	1	2.25456512	8.47590632
1019	1077	17	2	0.47427938	3.58555512
1019	1077	17	3	0.67803405	8.60880295
1019	1077	17	4	0.11139100	0.53111747
1019	1077	17	5	0.27283932	6.35009507
1019	1077	17	6	0.02487589	0.27222977
1019	1077	17	7	2.47963460	8.62038977
1019	1077	17	8	1.24874624	4.75323123
1019	1077	17	9	1.12851466	4.70932522
1019	1077	17	10	0.33155240	2.57021692
1019	1077	17	11	2.79650399	17.52672863
1019	1077	17	12	0.06135903	0.76034363
1019	1077	17	13	2.22719969	10.80054995
1019	1077	17	14	0.91686321	2.81603309
1019	1077	17	15	0.50106741	3.84491098
1019	1077	17	16	0.76242672	2.61037474
1019	1077	17	17	1.21840476	9.90370642
1019	1077	17	18	0.91608134	6.87583670
1019	1077	17	19	2.73459448	14.66842530
1019	1077	18	0	0.78565744	7.27750862
1019	1077	18	1	2.27317910	8.77227272
1019	1077	18	2	0.43667036	3.27665995
1019	1077	18	3	0.70681141	8.57389522
1019	1077	18	4	0.11170551	0.49893765
1019	1077	18	5	0.23554208	5.86230537
1019	1077	18	6	0.02508091	0.24071207
1019	1077	18	7	2.50599413	8.86827701
1019	1077	18	8	1.24865399	4.83704850
1019	1077	18	9	1.14758123	4.87764329
1019	1077	18	10	0.28980523	2.29259326
1019	1077	18	11	2.82615923	18.50127161
1019	1077	18	12	0.06150858	0.70867268
1019	1077	18	13	2.18773966	11.07191336
1019	1077	18	14	0.94105069	3.02042104
1019	1077	18	15	0.44199090	3.48454356
1019	1077	18	16	0.79027686	2.82882659
1019	1077	18	17	1.13275901	9.50681320
1019	1077	18	18	0.84965886	6.49052493
1019	1077	18	19	2.89951206	16.45556324
1019	1077	19	0	0.74368656	7.44330586
1019	1077	19	1	2.28710232	9.01878321
1019	1077	19	2	0.40719644	2.99762616
1019	1077	19	3	0.75121332	8.57065575
1019	1077	19	4	0.11223164	0.47577115
1019	1077	19	5	0.20624310	5.39564701
1019	1077	19	6	0.02528296	0.21592842
1019	1077	19	7	2.52719814	9.07834782
1019	1077	19	8	1.24802415	4.90023145
1019	1077	19	9	1.16345220	5.03070911
1019	1077	19	10	0.25488596	2.03902299
1019	1077	19	11	2.84989456	19.40416289
1019	1077	19	12	0.06177636	0.66483251
1019	1077	19	13	2.13318014	11.25467644
1019	1077	19	14	0.95969704	3.19728494
1019	1077	19	15	0.39109444	3.14583830
1019	1077	19	16	0.81268740	3.02960549
1019	1077	19	17	1.05984446	9.08900765
1019	1077	19	18	0.79438749	6.11171883
1019	1077	19	19	3.04769269	18.29218472
1019	1077	20	0	0.69845413	7.55301048
1019	1077	20	1	2.29743145	9.22226532
1019	1077	20	2	0.38412914	2.75006638
1019	1077	20	3	0.81117673	8.61208647
1019	1077	20	4	0.11257655	0.45939310
1019	1077	20	5	0.18342186	4.95558707
1019	1077	20	6	0.02539416	0.19648086
1019	1077	20	7	2.54456050	9.25523706
1019	1077	20	8	1.24757795	4.94729959
1019	1077	20	9	1.17662565	5.16843692
1019	1077	20	10	0.22586614	1.81063302
1019	1077	20	11	2.86922091	20.23693098
1019	1077	20	12	0.06195358	0.62777724
1019	1077	20	13	2.06549004	11.34978402
1019	1077	20	14	0.97367105	3.34804744
1019	1077	20	15	0.34744747	2.83212197
1019	1077	20	16	0.83035279	3.21095471
1019	1077	20	17	0.99911778	8.66643178
1019	1077	20	18	0.74945036	5.74933818
1019	1077	20	19	3.17961283	20.15835658
1019	1077	21	0	0.65152649	7.60813860
1019	1077	21	1	2.30497429	9.38906585
1019	1077	21	2	0.36607142	2.53351252
1019	1077	21	3	0.88610768	8.71004949
1019	1077	21	4	0.11237974	0.44778726
1019	1077	21	5	0.16586545	4.54541730
1019	1077	21	6	0.02533337	0.18117315
1019	1077	21	7	2.55931999	9.40369350
1019	1077	21	8	1.24797893	4.98238601
1019	1077	21	9	1.18753538	5.29125650
1019	1077	21	10	0.20193346	1.60735472
1019	1077	21	11	2.88554523	21.00245644
1019	1077	21	12	0.06184848	0.59640769
1019	1077	21	13	1.98708362	11.35997877
1019	1077	21	14	0.98365701	3.47464004
1019	1077	21	15	0.31020673	2.54504538
1019	1077	21	16	0.84388021	3.37217803
1019	1077	21	17	0.94987725	8.25205151
1019	1077	21	18	0.71399862	5.41060837
1019	1077	21	19	3.29593277	22.03590961
1019	1077	22	0	0.60446230	7.61164356
1019	1077	22	1	2.31032277	9.52487308
1019	1077	22	2	0.35192110	2.34620170
1019	1077	22	3	0.97482704	8.87483061
1019	1077	22	4	0.11133182	0.43912187
1019	1077	22	5	0.15261631	4.16682219
1019	1077	22	6	0.02503247	0.16897571
1019	1077	22	7	2.57261449	9.52847529
1019	1077	22	8	1.24980424	5.00927437
1019	1077	22	9	1.19655366	5.39994380
1019	1077	22	10	0.18238849	1.42832344
1019	1077	22	11	2.90014673	21.70472734
1019	1077	22	12	0.06129578	0.56959633
1019	1077	22	13	1.90068438	11.28992097
1019	1077	22	14	0.99018733	3.57918981
1019	1077	22	15	0.27862069	2.28504626
1019	1077	22	16	0.85378466	3.51333151
1019	1077	22	17	0.91136006	7.85601627
1019	1077	22	18	0.68721393	5.10053838
1019	1077	22	19	3.39740818	23.90850850
1019	1077	23	0	0.55866809	7.56778580
1019	1077	23	1	2.31390887	9.63465309
1019	1077	23	2	0.34082053	2.18565391
1019	1077	23	3	1.07559618	9.11468467
1019	1077	23	4	0.10920386	0.43175098
1019	1077	23	5	0.14292478	3.82032694
1019	1077	23	6	0.02444516	0.15900411
1019	1077	23	7	2.58543724	9.63424660
1019	1077	23	8	1.25349780	5.03139820
1019	1077	23	9	1.20399670	5.49548884
1019	1077	23	10	0.16663611	1.27218003
1019	1077	23	11	2.91413293	22.34859637
1019	1077	23	12	0.06017159	0.54621795
1019	1077	23	13	1.80913169	11.14615048
1019	1077	23	14	0.99367494	3.66381811
1019	1077	23	15	0.25202772	2.05171272
1019	1077	23	16	0.86049487	3.63497453
1019	1077	23	17	0.88279974	7.48605733
1019	1077	23	18	0.66833850	4.82237082
1019	1077	23	19	3.48483148	25.76162870
1019	1077	24	0	0.51528958	7.48186939
1019	1077	24	1	2.31604662	9.72265659
1019	1077	24	2	0.33210716	2.04907319
1019	1077	24	3	1.18622038	9.43544426
1019	1077	24	4	0.10587692	0.42424461
1019	1077	24	5	0.13620790	3.50564415
1019	1077	24	6	0.02355483	0.15051088
1019	1077	24	7	2.59858568	9.72545736
1019	1077	24	8	1.25932065	5.05179345
1019	1077	24	9	1.21013107	5.57899600
1019	1077	24	10	0.15417459	1.13729232
1019	1077	24	11	2.92838726	22.93951930
1019	1077	24	12	0.05840870	0.52519072
1019	1077	24	13	1.71517619	10.93686223
1019	1077	24	14	0.99444176	3.73052249
1019	1077	24	15	0.22985065	1.84406353
1019	1077	24	16	0.86436422	3.73797861
1019	1077	24	17	0.86345628	7.14787850
1019	1077	24	18	0.65668456	4.57797674
1019	1077	24	19	3.55899451	27.58247627
1019	1077	25	0	0.47515610	7.35989239
1019	1077	25	1	2.31696342	9.79246630
1019	1077	25	2	0.32527071	1.93361172
1019	1077	25	3	1.30420817	9.84026420
1019	1077	25	4	0.10135965	0.41544042
1019	1077	25	5	0.13201516	3.22193792
1019	1077	25	6	0.02237807	0.14288671
1019	1077	25	7	2.61261840	9.80620285
1019	1077	25	8	1.26731705	5.07301305
1019	1077	25	9	1.21518030	5.65161104
1019	1077	25	10	0.14458413	1.02191330
1019	1077	25	11	2.94352546	23.48326818
1019	1077	25	12	0.05600627	0.50552645
1019	1077	25	13	1.62130560	10.67151780
1019	1077	25	14	0.99274236	3.78111704
1019	1077	25	15	0.21158972	1.66076013
1019	1077	25	16	0.86568347	3.82338707
1019	1077	25	17	0.85262866	6.84551330
1019	1077	25	18	0.65163192	4.36818531
1019	1077	25	19	3.62066611	29.35987548
1019	1077	26	0	0.43877691	7.20817127
1019	1077	26	1	2.31682312	9.84706458
1019	1077	26	2	0.31991841	1.83653347
1019	1077	26	3	1.42695378	10.32954659
1019	1077	26	4	0.09578510	0.40449889
1019	1077	26	5	0.13000023	2.96802193
1019	1077	26	6	0.02096199	0.13566517
1019	1077	26	7	2.62783573	9.88007672
1019	1077	26	8	1.27731172	5.09702852
1019	1077	26	9	1.21933095	5.71446964
1019	1077	26	10	0.13751566	0.92429020
1019	1077	26	11	2.95987752	23.98563077
1019	1077	26	12	0.05302908	0.48638296
1019	1077	26	13	1.52962581	10.36035313
1019	1077	26	14	0.98878285	3.81721142
1019	1077	26	15	0.19681480	1.50026409
1019	1077	26	16	0.86469327	3.89231655
1019	1077	26	17	0.84965657	6.58163634
1019	1077	26	18	0.65261920	4.19304856
1019	1077	26	19	3.67058013	31.08414129
1019	1077	27	0	0.40637645	7.03299377
1019	1077	27	1	2.31574321	9.88890865
1019	1077	27	2	0.31574760	1.75530723
1019	1077	27	3	1.55191028	10.90105445
1019	1077	27	4	0.08938538	0.39094050
1019	1077	27	5	0.12989818	2.74250566
1019	1077	27	6	0.01937540	0.12852352
1019	1077	27	7	2.64429207	9.95004259
1019	1077	27	8	1.28894333	5.12515291
1019	1077	27	9	1.22273827	5.76866249
1019	1077	27	10	0.13268038	0.84273662
1019	1077	27	11	2.97750414	24.45212318
1019	1077	27	12	0.04959548	0.46710809
1019	1077	27	13	1.44180338	10.01385646
1019	1077	27	14	0.98273594	3.84021417
1019	1077	27	15	0.18515757	1.36095154
1019	1077	27	16	0.86159568	3.94589165
1019	1077	27	17	0.85391585	6.35782572
1019	1077	27	18	0.65913226	4.05204733
1019	1077	27	19	3.70943070	32.74694810
1019	1077	28	0	0.37795108	6.84033652
1019	1077	28	1	2.31380747	9.92000553
1019	1077	28	2	0.31252465	1.68765201
1019	1077	28	3	1.67672988	11.55018914
1019	1077	28	4	0.08245063	0.37464748
1019	1077	28	5	0.13150705	2.54390019
1019	1077	28	6	0.01769669	0.12127471
1019	1077	28	7	2.66183842	10.01835121
1019	1077	28	8	1.30172714	5.15801615
1019	1077	28	9	1.22553105	5.81521313
1019	1077	28	10	0.12984023	0.77567706
1019	1077	28	11	2.99624523	24.88774880
1019	1077	28	12	0.04585678	0.44726495
1019	1077	28	13	1.35906141	9.64228331
1019	1077	28	14	0.97475281	3.85135017
1019	1077	28	15	0.17630387	1.24119410
1019	1077	28	16	0.85656436	3.98520466
1019	1077	28	17	0.86481090	6.17477797
1019	1077	28	18	0.67069195	3.94424652
1019	1077	28	19	3.73787262	34.34120218
1019	1077	29	0	0.35333199	6.63566344
1019	1077	29	1	2.31107548	9.94198233
1019	1077	29	2	0.31006891	1.63155142
1019	1077	29	3	1.79936010	12.27038505
1019	1077	29	4	0.07528366	0.35582400
1019	1077	29	5	0.13467293	2.37069301
1019	1077	29	6	0.01600178	0.11384881
1019	1077	29	7	2.68018401	10.08652165
1019	1077	29	8	1.31513031	5.19560902
1019	1077	29	9	1.22781591	5.85506522
1019	1077	29	10	0.12879938	0.72167137
1019	1077	29	11	3.01578856	25.29683079
1019	1077	29	12	0.04197376	0.42663292
1019	1077	29	13	1.28221367	9.25525517
1019	1077	29	14	0.96497245	3.85168556
1019	1077	29	15	0.16998651	1.13941407
1019	1077	29	16	0.84975338	4.01129393
1019	1077	29	17	0.88176590	6.03248043
1019	1077	29	18	0.68684270	3.86840892
1019	1077	29	19	3.75652525	35.86092282
1019	1077	30	0	0.33224368	6.42380425
1019	1077	30	1	2.30758984	9.95614980
1019	1077	30	2	0.30824047	1.58524887
1019	1077	30	3	1.91809542	13.05356786
1019	1077	30	4	0.06816127	0.33492189
1019	1077	30	5	0.13927796	2.22139887
1019	1077	30	6	0.01435507	0.10626630
1019	1077	30	7	2.69896291	10.15538892
1019	1077	30	8	1.32864180	5.23739175
1019	1077	30	9	1.22968092	5.88907663
1019	1077	30	10	0.12939653	0.67942491
1019	1077	30	11	3.03574271	25.68293069
1019	1077	30	12	0.03809591	0.40518495
1019	1077	30	13	1.21172110	8.86146494
1019	1077	30	14	0.95352906	3.84215572
1019	1077	30	15	0.16597847	1.05412004
1019	1077	30	16	0.84130460	4.02513549
1019	1077	30	17	0.90421657	5.93034666
1019	1077	30	18	0.70714255	3.82307589
1019	1077	30	19	3.76597865	37.30113495
1019	1077	31	0	0.31435239	6.20890181
1019	1077	31	1	2.30338177	9.96355852
1019	1077	31	2	0.30693084	1.54723150
1019	1077	31	3	2.03159089	13.89062634
1019	1077	31	4	0.06130871	0.31254762
1019	1077	31	5	0.14523039	2.09459256
1019	1077	31	6	0.01280462	0.09860784
1019	1077	31	7	2.71779282	10.22520592
1019	1077	31	8	1.34182384	5.28244580
1019	1077	31	9	1.23119872	5.91801837
1019	1077	31	10	0.13149811	0.64778858
1019	1077	31	11	3.05570095	26.04884840
1019	1077	31	12	0.03434717	0.38304751
1019	1077	31	13	1.14775751	8.46849233
1019	1077	31	14	0.94055774	3.82359362
1019	1077	31	15	0.16408661	0.98392771
1019	1077	31	16	0.83135373	4.02764383
1019	1077	31	17	0.93160319	5.86732162
1019	1077	31	18	0.73115533	3.80662292
1019	1077	31	19	3.76680112	38.65777493
1019	1077	32	0	0.29930282	5.99441235
1019	1077	32	1	2.29847553	9.96504751
1019	1077	32	2	0.30605590	1.51620844
1019	1077	32	3	2.13884770	14.77185895
1019	1077	32	4	0.05488876	0.28936896
1019	1077	32	5	0.15245648	1.98892783
1019	1077	32	6	0.01138128	0.09098541
1019	1077	32	7	2.73631904	10.29577779
1019	1077	32	8	1.35433984	5.32963997
1019	1077	32	9	1.23242911	5.94257690
1019	1077	32	10	0.13499220	0.62575207
1019	1077	32	11	3.07528821	26.39668599
1019	1077	32	12	0.03081912	0.36045220
1019	1077	32	13	1.09027502	8.08271825
1019	1077	32	14	0.92619857	3.79675653
1019	1077	32	15	0.16414578	0.92756979
1019	1077	32	16	0.82003509	4.01967859
1019	1077	32	17	0.96336575	5.84196260
1019	1077	32	18	0.75844523	3.81729679
1019	1077	32	19	3.75954707	39.92760988
1019	1077	33	0	0.28674368	5.78314242
1019	1077	33	1	2.29289197	9.96128626
1019	1077	33	2	0.30555039	1.49108664
1019	1077	33	3	2.23918028	15.68736869
1019	1077	33	4	0.04900258	0.26603597
1019	1077	33	5	0.16089375	1.90314595
1019	1077	33	6	0.01010056	0.08351867
1019	1077	33	7	2.75424146	10.36660541
1019	1077	33	8	1.36596092	5.37778373
1019	1077	33	9	1.23342125	5.96335852
1019	1077	33	10	0.13978310	0.61243259
1019	1077	33	11	3.09418970	26.72795198
1019	1077	33	12	0.02757063	0.33768778
1019	1077	33	13	1.03906364	7.70932025
1019	1077	33	14	0.91059928	3.76235023
1019	1077	33	15	0.16601347	0.88389777
1019	1077	33	16	0.80748510	4.00205458
1019	1077	33	17	0.99894148	5.85250220
1019	1077	33	18	0.78857387	3.85324031
1019	1077	33	19	3.74476482	41.10817015
1019	1077	34	0	0.27634403	5.57730822
1019	1077	34	1	2.28665145	9.95281042
1019	1077	34	2	0.30536374	1.47094657
1019	1077	34	3	2.33217376	16.62739268
1019	1077	34	4	0.04369830	0.24312414
1019	1077	34	5	0.17048537	1.83607650
1019	1077	34	6	0.00896592	0.07631797
1019	1077	34	7	2.77132681	10.43701877
1019	1077	34	8	1.37655682	5.42574942
1019	1077	34	9	1.23421552	5.98089507
1019	1077	34	10	0.14578660	0.60706091
1019	1077	34	11	3.11216329	27.04368328
1019	1077	34	12	0.02463178	0.31505895
1019	1077	34	13	0.99380223	7.35232829
1019	1077	34	14	0.89391655	3.72104967
1019	1077	34	15	0.16956477	0.85187796
1019	1077	34	16	0.79384450	3.97555324
1019	1077	34	17	1.03776502	5.89689853
1019	1077	34	18	0.82109997	3.91250942
1019	1077	34	19	3.72300341	42.19769394
1019	1077	35	0	0.26780242	5.37860624
1019	1077	35	1	2.27977624	9.94005224
1019	1077	35	2	0.30545674	1.45501893
1019	1077	35	3	2.41763802	17.58256165
1019	1077	35	4	0.03898291	0.22110152
1019	1077	35	5	0.18117551	1.78663239
1019	1077	35	6	0.00797239	0.06947428
1019	1077	35	7	2.78740975	10.50628804
1019	1077	35	8	1.38607838	5.47255550
1019	1077	35	9	1.23484499	5.99565031
1019	1077	35	10	0.15292578	0.60896589
1019	1077	35	11	3.12904006	27.34456686
1019	1077	35	12	0.02200982	0.29285519
1019	1077	35	13	0.95410005	7.01472143
1019	1077	35	14	0.87631596	3.67351569
1019	1077	35	15	0.17468787	0.83058335
1019	1077	35	16	0.77925948	3.94093392
1019	1077	35	17	1.07927089	5.97287734
1019	1077	35	18	0.85558116	3.99308673
1019	1077	35	19	3.69481814	43.19508228
1019	1077	36	0	0.26085108	5.18828706
1019	1077	36	1	2.27229243	9.92336638
1019	1077	36	2	0.30579897	1.44266329
1019	1077	36	3	2.49556276	18.54409214
1019	1077	36	4	0.03483454	0.20031663
1019	1077	36	5	0.19290559	1.75380096
1019	1077	36	6	0.00710974	0.06305477
1019	1077	36	7	2.80238715	10.57370702
1019	1077	36	8	1.39453713	5.51741184
1019	1077	36	9	1.23533679	6.00802653
1019	1077	36	10	0.16112740	0.61755855
1019	1077	36	11	3.14471760	27.63104937
1019	1077	36	12	0.01969568	0.27133020
1019	1077	36	13	0.91952925	6.69854850
1019	1077	36	14	0.85797085	3.62040754
1019	1077	36	15	0.18127996	0.81918279
1019	1077	36	16	0.76388158	3.89894387
1019	1077	36	17	1.12289814	6.07796985
1019	1077	36	18	0.89157778	4.09289434
1019	1077	36	19	3.66077436	44.09986247
1019	1077	37	0	0.25525651	5.00722693
1019	1077	37	1	2.26423150	9.90305167
1019	1077	37	2	0.30636671	1.43334867
1019	1077	37	3	2.56607629	19.50391780
1019	1077	37	4	0.03121321	0.18100191
1019	1077	37	5	0.20561129	1.73663223
1019	1077	37	6	0.00636506	0.05710244
1019	1077	37	7	2.81620862	10.63864917
1019	1077	37	8	1.40198588	5.55973347
1019	1077	37	9	1.23571309	6.01837114
1019	1077	37	10	0.17031886	0.63231624
1019	1077	37	11	3.15914941	27.90342862
1019	1077	37	12	0.01766969	0.25069090
1019	1077	37	13	0.88964947	6.40505951
1019	1077	37	14	0.83906015	3.56239100
1019	1077	37	15	0.18924355	0.81692857
1019	1077	37	16	0.74786680	3.85032621
1019	1077	37	17	1.16809642	6.20954898
1019	1077	37	18	0.92865793	4.20980792
1019	1077	37	19	3.62144935	44.91215770
1019	1077	38	0	0.25081807	4.83599399
1019	1077	38	1	2.25563142	9.87936936
1019	1077	38	2	0.30714130	1.42663633
1019	1077	38	3	2.62940937	20.45476862
1019	1077	38	4	0.02806935	0.16328698
1019	1077	38	5	0.21922031	1.73422571
1019	1077	38	6	0.00572452	0.05163847
1019	1077	38	7	2.82886593	10.70059982
1019	1077	38	8	1.40850243	5.59913160
1019	1077	38	9	1.23599203	6.02698285
1019	1077	38	10	0.18042577	0.65276763
1019	1077	38	11	3.17233334	28.16192497
1019	1077	38	12	0.01590630	0.23109377
1019	1077	38	13	0.86402550	6.13483769
1019	1077	38	14	0.81976554	3.50014234
1019	1077	38	15	0.19848338	0.82314298
1019	1077	38	16	0.73137388	3.79582518
1019	1077	38	17	1.21433308	6.36486579
1019	1077	38	18	0.96640347	4.34167336
1019	1077	38	19	3.57743224	45.63266051
1019	1077	39	0	0.24736531	4.67490733
1019	1077	39	1	2.24653744	9.85255833
1019	1077	39	2	0.30810775	1.42216472
1019	1077	39	3	2.68586469	21.39020738
1019	1077	39	4	0.02534995	0.14721686
1019	1077	39	5	0.23365093	1.74571647
1019	1077	39	6	0.00517457	0.04666585
1019	1077	39	7	2.84038275	10.75916926
1019	1077	39	8	1.41417697	5.63539054
1019	1077	39	9	1.23618844	6.03411764
1019	1077	39	10	0.19137000	0.67847868
1019	1077	39	11	3.18430043	28.40673371
1019	1077	39	12	0.01437755	0.21264650
1019	1077	39	13	0.84223964	5.88792549
1019	1077	39	14	0.80026807	3.43434839
1019	1077	39	15	0.20890370	0.83720491
1019	1077	39	16	0.71456198	3.73618868
1019	1077	39	17	1.26110038	6.54108703
1019	1077	39	18	1.00441608	4.48632610
1019	1077	39	19	3.52932205	46.26260781
1019	1077	40	0	0.24475471	4.52408844
1019	1077	40	1	2.23700238	9.82284750
1019	1077	40	2	0.30925367	1.41963628
1019	1077	40	3	2.73579183	22.30463269
1019	1077	40	4	0.02300270	0.13277138
1019	1077	40	5	0.24881119	1.77026146
1019	1077	40	6	0.00470264	0.04217339
1019	1077	40	7	2.85080555	10.81409239
1019	1077	40	8	1.41910309	5.66843761
1019	1077	40	9	1.23631447	6.03999411
1019	1077	40	10	0.20306839	0.70904008
1019	1077	40	11	3.19510509	28.63806085
1019	1077	40	12	0.01305542	0.19541278
1019	1077	40	13	0.82389959	5.66393996
1019	1077	40	14	0.78074471	3.36570328
1019	1077	40	15	0.22040617	0.85853665
1019	1077	40	16	0.69758813	3.67216791
1019	1077	40	17	1.30792246	6.73533383
1019	1077	40	18	1.04232310	4.64161296
1019	1077	40	19	3.47772399	46.80375563
1019	1077	41	0	0.24286625	4.38350491
1019	1077	41	1	2.22708672	9.79046574
1019	1077	41	2	0.31056835	1.41880603
1019	1077	41	3	2.77956741	23.19325662
1019	1077	41	4	0.02097849	0.11988354
1019	1077	41	5	0.26459882	1.80702666
1019	1077	41	6	0.00429742	0.03813962
1019	1077	41	7	2.86019596	10.86521917
1019	1077	41	8	1.42337186	5.69831159
1019	1077	41	9	1.23638008	6.04479844
1019	1077	41	10	0.21543196	0.74405641
1019	1077	41	11	3.20481701	28.85614544
1019	1077	41	12	0.01191330	0.17941883
1019	1077	41	13	0.80864303	5.46217518
1019	1077	41	14	0.76136488	3.29490248
1019	1077	41	15	0.23288828	0.88659159
1019	1077	41	16	0.68060450	3.60451454
1019	1077	41	17	1.35436131	6.94472098
1019	1077	41	18	1.07978253	4.80541560
1019	1077	41	19	3.42324458	47.25835180
1019	1077	42	0	0.24160007	4.25300710
1019	1077	42	1	2.21685809	9.75564951
1019	1077	42	2	0.31204197	1.41947180
1019	1077	42	3	2.81757968	24.05206434
1019	1077	42	4	0.01923275	0.10845531
1019	1077	42	5	0.28090172	1.85517566
1019	1077	42	6	0.00394901	0.03453625
1019	1077	42	7	2.86862472	10.91250006
1019	1077	42	8	1.42706822	5.72513277
1019	1077	42	9	1.23639347	6.04868882
1019	1077	42	10	0.22836569	0.78313697
1019	1077	42	11	3.21351469	29.06127134
1019	1077	42	12	0.01092687	0.16466037
1019	1077	42	13	0.79613976	5.28169076
1019	1077	42	14	0.74228742	3.22263493
1019	1077	42	15	0.24624226	0.92084305
1019	1077	42	16	0.66375586	3.53397580
1019	1077	42	17	1.40002160	7.16639587
1019	1077	42	18	1.11648699	4.97567467
1019	1077	42	19	3.36648577	47.62910550
1019	1077	43	0	0.24087333	4.13235822
1019	1077	43	1	2.20639063	9.71864829
1019	1077	43	2	0.31366504	1.42146577
1019	1077	43	3	2.85021717	24.87776181
1019	1077	43	4	0.01772595	0.09837059
1019	1077	43	5	0.29759907	1.91386016
1019	1077	43	6	0.00364889	0.03133092
1019	1077	43	7	2.87616698	10.95596909
1019	1077	43	8	1.43026917	5.74907694
1019	1077	43	9	1.23636145	6.05179937
1019	1077	43	10	0.24176871	0.82588864
1019	1077	43	11	3.22128054	29.25377142
1019	1077	43	12	0.01007439	0.15110941
1019	1077	43	13	0.78609193	5.12138642
1019	1077	43	14	0.72365796	3.14957409
1019	1077	43	15	0.26035461	0.96077461
1019	1077	43	16	0.64717721	3.46128796
1019	1077	43	17	1.44455386	7.39757580
1019	1077	43	18	1.15216635	5.15041318
1019	1077	43	19	3.30803852	47.91915281
1019	1077	44	0	0.24061740	4.02125884
1019	1077	44	1	2.19576394	9.67972804
1019	1077	44	2	0.31542785	1.42464728
1019	1077	44	3	2.87786046	25.66771626
1019	1077	44	4	0.01642364	0.08950516
1019	1077	44	5	0.31456290	1.98221265
1019	1077	44	6	0.00338980	0.02848948
1019	1077	44	7	2.88289883	10.99572660
1019	1077	44	8	1.43304304	5.77035379
1019	1077	44	9	1.23628968	6.05424367
1019	1077	44	10	0.25553504	0.87191061
1019	1077	44	11	3.22819730	29.43402633
1019	1077	44	12	0.00933683	0.13872042
1019	1077	44	13	0.77823301	4.98006322
1019	1077	44	14	0.70560697	3.07636868
1019	1077	44	15	0.27510603	1.00587203
1019	1077	44	16	0.63099192	3.38716886
1019	1077	44	17	1.48765626	7.63558245
1019	1077	44	18	1.18658907	5.32775820
1019	1077	44	19	3.24847639	48.13201827
1019	1077	45	0	0.24077529	3.91936641
1019	1077	45	1	2.18506176	9.63917289
1019	1077	45	2	0.31732010	1.42889668
1019	1077	45	3	2.90087677	26.41989357
1019	1077	45	4	0.01529616	0.08173392
1019	1077	45	5	0.33166000	2.05934155
1019	1077	45	6	0.00316558	0.02597755
1019	1077	45	7	2.88889486	11.03192308
1019	1077	45	8	1.43544957	5.78918994
1019	1077	45	9	1.23618300	6.05611784
1019	1077	45	10	0.26955458	0.92079108
1019	1077	45	11	3.23434546	29.60245991
1019	1077	45	12	0.00869770	0.12743557
1019	1077	45	13	0.77232594	4.85647287
1019	1077	45	14	0.68824844	3.00363374
1019	1077	45	15	0.29037195	1.05561700
1019	1077	45	16	0.61531029	3.31231011
1019	1077	45	17	1.52907478	7.87787254
1019	1077	45	18	1.21956222	5.50595976
1019	1077	45	19	3.18834935	48.27157228
1019	1077	46	0	0.24129945	3.82631052
1019	1077	46	1	2.17437053	9.59728507
1019	1077	46	2	0.31933057	1.43411016
1019	1077	46	3	2.91961663	27.13279531
1019	1077	46	4	0.01431814	0.07493589
1019	1077	46	5	0.34875418	2.14432887
1019	1077	46	6	0.00297107	0.02376177
1019	1077	46	7	2.89422645	11.06474462
1019	1077	46	8	1.43754046	5.80581624
1019	1077	46	9	1.23604553	6.05750319
1019	1077	46	10	0.28371451	0.97210576
1019	1077	46	11	3.23980163	29.75953242
1019	1077	46	12	0.00814289	0.11718915
1019	1077	46	13	0.76816063	4.74935602
1019	1077	46	14	0.67167923	2.93194269
1019	1077	46	15	0.30602337	1.10948276
1019	1077	46	16	0.60022863	3.23736952
1019	1077	46	17	1.56860205	8.12206355
1019	1077	46	18	1.25093045	5.68340617
1019	1077	46	19	3.12817818	48.34198525
1019	1077	47	0	0.24214985	3.74170482
1019	1077	47	1	2.16377776	9.55438341
1019	1077	47	2	0.32144695	1.44019535
1019	1077	47	3	2.93441221	27.80539764
1019	1077	47	4	0.01346807	0.06899748
1019	1077	47	5	0.36570866	2.23623040
1019	1077	47	6	0.00280194	0.02181049
1019	1077	47	7	2.89896072	11.09440052
1019	1077	47	8	1.43936004	5.82045862
1019	1077	47	9	1.23588094	6.05846861
1019	1077	47	10	0.29790083	1.02541810
1019	1077	47	11	3.24463745	29.90573290
1019	1077	47	12	0.00766037	0.10791113
1019	1077	47	13	0.76555124	4.65747130
1019	1077	47	14	0.65597902	2.86182076
1019	1077	47	15	0.32192811	1.16693156
1019	1077	47	16	0.58582883	3.16296411
1019	1077	47	17	1.60607511	8.36595420
1019	1077	47	18	1.28057395	5.85863543
1019	1077	47	19	3.06844970	48.34767896
1019	1077	48	0	0.24329230	3.66515578
1019	1077	48	1	2.15337033	9.51080060
1019	1077	48	2	0.32365565	1.44706776
1019	1077	48	3	2.94557695	28.43709369
1019	1077	48	4	0.01272775	0.06381427
1019	1077	48	5	0.38238852	2.33407823
1019	1077	48	6	0.00265454	0.02009429
1019	1077	48	7	2.90315992	11.12111303
1019	1077	48	8	1.44094618	5.83333202
1019	1077	48	9	1.23569249	6.05907260
1019	1077	48	10	0.31200002	1.08028102
1019	1077	48	11	3.24891909	30.04157119
1019	1077	48	12	0.00723991	0.09952981
1019	1077	48	13	0.76433324	4.57961629
1019	1077	48	14	0.64121074	2.79373993
1019	1077	48	15	0.33795232	1.22741395
1019	1077	48	16	0.57217842	3.08966421
1019	1077	48	17	1.64137224	8.60753925
1019	1077	48	18	1.30840578	6.03034246
1019	1077	48	19	3.00961288	48.29327643
1019	1077	49	0	0.24469706	3.59626923
1019	1077	49	1	2.14323282	9.46687935
1019	1077	49	2	0.32594181	1.45464776
1019	1077	49	3	2.95340612	29.02764030
1019	1077	49	4	0.01208181	0.05929185
1019	1077	49	5	0.39866316	2.43688548
1019	1077	49	6	0.00252583	0.01858621
1019	1077	49	7	2.90688117	11.14510908
1019	1077	49	8	1.44233105	5.84463651
1019	1077	49	9	1.23548319	6.05936498
1019	1077	49	10	0.32590087	1.13623987
1019	1077	49	11	3.25270696	30.16757027
1019	1077	49	12	0.00687289	0.09197398
1019	1077	49	13	0.76436061	4.51464179
1019	1077	49	14	0.62742144	2.72811572
1019	1077	49	15	0.35396225	1.29036975
1019	1077	49	16	0.55933091	3.01798883
1019	1077	49	17	1.67440929	8.84501883
1019	1077	49	18	1.33436873	6.19738225
1019	1077	49	19	2.95207603	48.18355102
1019	1077	50	0	0.24633767	3.53465486
1019	1077	50	1	2.13344589	9.42296778
1019	1077	50	2	0.32828933	1.46285827
1019	1077	50	3	2.95817795	29.57710969
1019	1077	50	4	0.01151728	0.05534599
1019	1077	50	5	0.41440861	2.54365289
1019	1077	50	6	0.00241325	0.01726183
1019	1077	50	7	2.91017643	11.16661401
1019	1077	50	8	1.44354200	5.85455536
1019	1077	50	9	1.23525589	6.05938846
1019	1077	50	10	0.33949615	1.19283657
1019	1077	50	11	3.25605584	30.28425921
1019	1077	50	12	0.00655202	0.08517435
1019	1077	50	13	0.76550298	4.46146068
1019	1077	50	14	0.61464343	2.66530559
1019	1077	50	15	0.36982609	1.35523052
1019	1077	50	16	0.54732657	2.94840234
1019	1077	50	17	1.70513561	9.07680245
1019	1077	50	18	1.35843195	6.35876928
1019	1077	50	19	2.89620491	48.02337609
1019	1077	51	0	0.24818992	3.47992908
1019	1077	51	1	2.12408470	9.37941421
1019	1077	51	2	0.33068094	1.47162292
1019	1077	51	3	2.96015522	30.08584637
1019	1077	51	4	0.01102323	0.05190223
1019	1077	51	5	0.42950963	2.65337690
1019	1077	51	6	0.00231465	0.01609922
1019	1077	51	7	2.91309263	11.18584675
1019	1077	51	8	1.44460217	5.86325423
1019	1077	51	9	1.23501331	6.05917984
1019	1077	51	10	0.35268433	1.24961438
1019	1077	51	11	3.25901498	30.39216682
1019	1077	51	12	0.00627111	0.07906465
1019	1077	51	13	0.76764307	4.41905233
1019	1077	51	14	0.60289556	2.60560882
1019	1077	51	15	0.38541589	1.42142338
1019	1077	51	16	0.53619329	2.88131262
1019	1077	51	17	1.73352994	9.30150841
1019	1077	51	18	1.38058746	6.51367373
1019	1077	51	19	2.84232182	47.81767600
1019	1077	52	0	0.25023108	3.43171681
1019	1077	52	1	2.11521759	9.33656169
1019	1077	52	2	0.33309837	1.48086476
1019	1077	52	3	2.95958698	30.55442907
1019	1077	52	4	0.01059042	0.04889533
1019	1077	52	5	0.44386161	2.76505893
1019	1077	52	6	0.00222822	0.01507885
1019	1077	52	7	2.91567192	11.20301649
1019	1077	52	8	1.44553123	5.87088134
1019	1077	52	9	1.23475813	6.05877119
1019	1077	52	10	0.36537105	1.30612325
1019	1077	52	11	3.26162849	30.49181623
1019	1077	52	12	0.00602495	0.07358229
1019	1077	52	13	0.77067430	4.38646366
1019	1077	52	14	0.59218465	2.54926787
1019	1077	52	15	0.40060945	1.48837581
1019	1077	52	16	0.52594766	2.81707041
1019	1077	52	17	1.75959627	9.51795907
1019	1077	52	18	1.40084687	6.66141484
1019	1077	52	19	2.79070547	47.57137931
1019	1077	53	0	0.25243923	3.38965216
1019	1077	53	1	2.10690491	9.29474233
1019	1077	53	2	0.33552264	1.49050539
1019	1077	53	3	2.95671036	30.98363766
1019	1077	53	4	0.01021103	0.04626844
1019	1077	53	5	0.45737211	2.87771541
1019	1077	53	6	0.00215243	0.01418342
1019	1077	53	7	2.91795198	11.21832042
1019	1077	53	8	1.44634585	5.87756825
1019	1077	53	9	1.23449297	6.05819068
1019	1077	53	10	0.37747053	1.36192548
1019	1077	53	11	3.26393565	30.58372026
1019	1077	53	12	0.00580912	0.06866875
1019	1077	53	13	0.77449868	4.36280759
1019	1077	53	14	0.58250691	2.49647065
1019	1077	53	15	0.41529217	1.55552142
1019	1077	53	16	0.51659608	2.75596997
1019	1077	53	17	1.78336006	9.72517289
1019	1077	53	18	1.41923821	6.80145233
1019	1077	53	19	2.74159156	47.28937495
1019	1077	54	0	0.25479281	3.35337851
1019	1077	54	1	2.09919799	9.25427186
1019	1077	54	2	0.33793426	1.50046452
1019	1077	54	3	2.95175219	31.37442451
1019	1077	54	4	0.00987844	0.04397226
1019	1077	54	5	0.46996217	2.99038814
1019	1077	54	6	0.00208597	0.01339769
1019	1077	54	7	2.91996639	11.23194235
1019	1077	54	8	1.44706020	5.88343093
1019	1077	54	9	1.23422046	6.05746337
1019	1077	54	10	0.38890670	1.41660132
1019	1077	54	11	3.26597137	30.66837773
1019	1077	54	12	0.00561988	0.06426982
1019	1077	54	13	0.77902495	4.34725971
1019	1077	54	14	0.57384923	2.44735374
1019	1077	54	15	0.42935869	1.62230608
1019	1077	54	16	0.50813590	2.69825065
1019	1077	54	17	1.80486463	9.92235384
1019	1077	54	18	1.43580309	6.93337618
1019	1077	54	19	2.69517403	46.97647179
1019	1077	55	0	0.25727026	3.32254804
1019	1077	55	1	2.09213851	9.21544441
1019	1077	55	2	0.34031360	1.51065995
1019	1077	55	3	2.94493057	31.72789002
1019	1077	55	4	0.00958702	0.04196420
1019	1077	55	5	0.48156716	3.10215473
1019	1077	55	6	0.00202775	0.01270827
1019	1077	55	7	2.92174495	11.24405209
1019	1077	55	8	1.44768636	5.88857114
1019	1077	55	9	1.23394319	6.05661183
1019	1077	55	10	0.39961411	1.46975441
1019	1077	55	11	3.26776651	30.74627049
1019	1077	55	12	0.00545402	0.06033557
1019	1077	55	13	0.78416707	4.33905361
1019	1077	55	14	0.56619048	2.40200606
1019	1077	55	15	0.44271436	1.68819446
1019	1077	55	16	0.50055650	2.64409926
1019	1077	55	17	1.82416804	10.10887908
1019	1077	55	18	1.45059421	7.05689563
1019	1077	55	19	2.65160663	46.63736201
1019	1077	56	0	0.25984978	3.29682101
1019	1077	56	1	2.08575796	9.17852784
1019	1077	56	2	0.34264125	1.52100779
1019	1077	56	3	2.93645608	32.04526151
1019	1077	56	4	0.00933196	0.04020752
1019	1077	56	5	0.49213739	3.21213864
1019	1077	56	6	0.00197682	0.01210344
1019	1077	56	7	2.92331405	11.25480527
1019	1077	56	8	1.44823465	5.89307773
1019	1077	56	9	1.23366375	6.05565665
1019	1077	56	10	0.40953861	1.52101691
1019	1077	56	11	3.26934835	30.81786119
1019	1077	56	12	0.00530883	0.05682032
1019	1077	56	13	0.78984289	4.33747565
1019	1077	56	14	0.55950266	2.36047289
1019	1077	56	15	0.45527652	1.75267653
1019	1077	56	16	0.49384033	2.59365306
1019	1077	56	17	1.84134034	10.28428541
1019	1077	56	18	1.46367317	7.17182760
1019	1077	56	19	2.61100486	46.27658845
1019	1077	57	0	0.26250920	3.27586478
1019	1077	57	1	2.08007747	9.14375959
1019	1077	57	2	0.34489832	1.53142305
1019	1077	57	3	2.92653272	32.32787525
1019	1077	57	4	0.00910914	0.03867065
1019	1077	57	5	0.50163835	3.31951866
1019	1077	57	6	0.00193237	0.01157298
1019	1077	57	7	2.92469705	11.26434365
1019	1077	57	8	1.44871391	5.89702813
1019	1077	57	9	1.23338470	6.05461679
1019	1077	57	10	0.41863779	1.57005401
1019	1077	57	11	3.27074096	30.88359164
1019	1077	57	12	0.00518196	0.05368244
1019	1077	57	13	0.79597325	4.34185926
1019	1077	57	14	0.55375188	2.32276007
1019	1077	57	15	0.46697541	1.81527384
1019	1077	57	16	0.48796381	2.54700314
1019	1077	57	17	1.85646112	10.44825520
1019	1077	57	18	1.47510862	7.27808530
1019	1077	57	19	2.57344825	45.89851605
1019	1077	58	0	0.26522605	3.25935292
1019	1077	58	1	2.07510779	9.11134341
1019	1077	58	2	0.34706688	1.54182043
1019	1077	58	3	2.91535858	32.57716085
1019	1077	58	4	0.00891502	0.03732640
1019	1077	58	5	0.51005062	3.42353742
1019	1077	58	6	0.00189371	0.01110796
1019	1077	58	7	2.92591456	11.27279562
1019	1077	58	8	1.44913176	5.90048963
1019	1077	58	9	1.23310852	6.05350989
1019	1077	58	10	0.42688116	1.61656783
1019	1077	58	11	3.27196551	30.94388180
1019	1077	58	12	0.00507141	0.05088416
1019	1077	58	13	0.80248125	4.35157942
1019	1077	58	14	0.54889930	2.28883808
1019	1077	58	15	0.47775489	1.87554539
1019	1077	58	16	0.48289825	2.50419806
1019	1077	58	17	1.86961764	10.60060225
1019	1077	58	18	1.48497478	7.37566700
1019	1077	58	19	2.53898261	45.50730733
1019	1077	59	0	0.26797754	3.24696429
1019	1077	59	1	2.07084959	9.08144669
1019	1077	59	2	0.34913027	1.55211533
1019	1077	59	3	2.90312616	32.79462762
1019	1077	59	4	0.00874655	0.03615141
1019	1077	59	5	0.51736945	3.52350884
1019	1077	59	6	0.00186022	0.01070060
1019	1077	59	7	2.92698478	11.28027696
1019	1077	59	8	1.44949475	5.90352061
1019	1077	59	9	1.23283765	6.05235251
1019	1077	59	10	0.43425009	1.66030062
1019	1077	59	11	3.27304065	30.99912915
1019	1077	59	12	0.00497545	0.04839131
1019	1077	59	13	0.80929179	4.36604737
1019	1077	59	14	0.54490188	2.25864599
1019	1077	59	15	0.48757281	1.93309286
1019	1077	59	16	0.47861056	2.46524755
1019	1077	59	17	1.88090310	10.74125795
1019	1077	59	18	1.49335017	7.46464553
1019	1077	59	19	2.50762248	45.10690175
1019	1077	60	0	0.27074080	3.23838236
1019	1077	60	1	2.06729392	9.05419884
1019	1077	60	2	0.35107343	1.56222495
1019	1077	60	3	2.89002238	32.98185235
1019	1077	60	4	0.00860108	0.03512557
1019	1077	60	5	0.52360414	3.61882429
1019	1077	60	6	0.00183140	0.01034415
1019	1077	60	7	2.92792374	11.28689165
1019	1077	60	8	1.44980859	5.90617175
1019	1077	60	9	1.23257436	6.05116023
1019	1077	60	10	0.44073755	1.70103709
1019	1077	60	11	3.27398280	31.04970850
1019	1077	60	12	0.00489256	0.04617308
1019	1077	60	13	0.81633144	4.38470592
1019	1077	60	14	0.54171308	2.23209529
1019	1077	60	15	0.49640109	1.98756500
1019	1077	60	16	0.47506391	2.43012623
1019	1077	60	17	1.89041534	10.87025812
1019	1077	60	18	1.50031660	7.54515843
1019	1077	60	19	2.47935361	44.70099887
1019	1077	61	0	0.27349305	3.23329466
1019	1077	61	1	2.06442290	9.02969043
1019	1077	61	2	0.35288319	1.57206954
1019	1077	61	3	2.87622841	33.14046822
1019	1077	61	4	0.00847628	0.03423156
1019	1077	61	5	0.52877708	3.70895731
1019	1077	61	6	0.00180677	0.01003271
1019	1077	61	7	2.92874561	11.29273283
1019	1077	61	8	1.45007826	5.90848699
1019	1077	61	9	1.23232082	6.04994776
1019	1077	61	10	0.44634756	1.73860592
1019	1077	61	11	3.27480639	31.09597211
1019	1077	61	12	0.00482144	0.04420172
1019	1077	61	13	0.82352838	4.40702530
1019	1077	61	14	0.53928350	2.20907329
1019	1077	61	15	0.50422550	2.03866118
1019	1077	61	16	0.47221841	2.39877718
1019	1077	61	17	1.89825576	10.98773056
1019	1077	61	18	1.50595841	7.61739905
1019	1077	61	19	2.45413539	44.29304502
1019	1077	62	0	0.27621188	3.23139254
1019	1077	62	1	2.06221053	9.00797321
1019	1077	62	2	0.35454855	1.58157359
1019	1077	62	3	2.86191911	33.27215426
1019	1077	62	4	0.00837014	0.03345443
1019	1077	62	5	0.53292268	3.79346694
1019	1077	62	6	0.00178593	0.00976116
1019	1077	62	7	2.92946287	11.29788363
1019	1077	62	8	1.45030812	5.91050448
1019	1077	62	9	1.23207899	6.04872897
1019	1077	62	10	0.45109460	1.77288044
1019	1077	62	11	3.27552416	31.13825006
1019	1077	62	12	0.00476092	0.04245229
1019	1077	62	13	0.83081263	4.43249987
1019	1077	62	14	0.53756138	2.18944643
1019	1077	62	15	0.51104518	2.08613390
1019	1077	62	16	0.47003158	2.37111545
1019	1077	62	17	1.90452841	11.09388362
1019	1077	62	18	1.51036175	7.68160846
1019	1077	62	19	2.43190328	43.88622333
1019	1077	63	0	0.27887554	3.23237127
1019	1077	63	1	2.06062371	8.98906097
1019	1077	63	2	0.35606080	1.59066707
1019	1077	63	3	2.84726248	33.37862537
1019	1077	63	4	0.00828084	0.03278122
1019	1077	63	5	0.53608602	3.87199942
1019	1077	63	6	0.00176853	0.00952503
1019	1077	63	7	2.93008657	11.30241820
1019	1077	63	8	1.45050202	5.91225737
1019	1077	63	9	1.23185065	6.04751685
1019	1077	63	10	0.45500269	1.80377848
1019	1077	63	11	3.27614733	31.17685085
1019	1077	63	12	0.00470998	0.04090240
1019	1077	63	13	0.83811637	4.46064558
1019	1077	63	14	0.53649321	2.17306318
1019	1077	63	15	0.51687190	2.12979026
1019	1077	63	16	0.46845889	2.34703130
1019	1077	63	17	1.90933926	11.18899573
1019	1077	63	18	1.51361407	7.73806826
1019	1077	63	19	2.41257127	43.48344678
1019	1077	64	0	0.28146327	3.23593029
1019	1077	64	1	2.05962324	8.97293123
1019	1077	64	2	0.35741367	1.59928656
1019	1077	64	3	2.83241881	33.46162240
1019	1077	64	4	0.00820680	0.03220069
1019	1077	64	5	0.53832142	3.94428843
1019	1077	64	6	0.00175423	0.00932041
1019	1077	64	7	2.93062647	11.30640251
1019	1077	64	8	1.45066338	5.91377456
1019	1077	64	9	1.23163732	6.04632353
1019	1077	64	10	0.45810447	1.83126136
1019	1077	64	11	3.27668581	31.21206212
1019	1077	64	12	0.00466773	0.03953198
1019	1077	64	13	0.84537442	4.49099823
1019	1077	64	14	0.53602412	2.15975683
1019	1077	64	15	0.52172909	2.16949233
1019	1077	64	16	0.46745419	2.32639334
1019	1077	64	17	1.91279556	11.27340588
1019	1077	64	18	1.51580366	7.78709421
1019	1077	64	19	2.39603423	43.08735419
1019	1077	65	0	0.28395558	3.24177391
1019	1077	65	1	2.05916503	8.95952750
1019	1077	65	2	0.35860340	1.60737622
1019	1077	65	3	2.81753988	33.52290232
1019	1077	65	4	0.00814658	0.03170306
1019	1077	65	5	0.53969094	4.01015389
1019	1077	65	6	0.00174276	0.00914387
1019	1077	65	7	2.93109123	11.30989521
1019	1077	65	8	1.45079528	5.91508128
1019	1077	65	9	1.23144027	6.04516019
1019	1077	65	10	0.46044007	1.85533220
1019	1077	65	11	3.27714838	31.24415154
1019	1077	65	12	0.00463333	0.03832302
1019	1077	65	13	0.85252471	4.52311247
1019	1077	65	14	0.53609845	2.14934799
1019	1077	65	15	0.52565070	2.20515652
1019	1077	65	16	0.46697021	2.30905142
1019	1077	65	17	1.91500529	11.34750500
1019	1077	65	18	1.51701916	7.82903057
1019	1077	65	19	2.38217026	42.70030879
1019	1077	66	0	0.28633459	3.24961211
1019	1077	66	1	2.05920120	8.94876224
1019	1077	66	2	0.35962867	1.61488861
1019	1077	66	3	2.80276805	33.56422839
1019	1077	66	4	0.00809889	0.03127972
1019	1077	66	5	0.54026281	4.06949936
1019	1077	66	6	0.00173384	0.00899244
1019	1077	66	7	2.93148857	11.31294844
1019	1077	66	8	1.45090047	5.91619965
1019	1077	66	9	1.23126051	6.04403699
1019	1077	66	10	0.46205604	1.87603353
1019	1077	66	11	3.27754284	31.27336774
1019	1077	66	12	0.00460606	0.03725939
1019	1077	66	13	0.85950889	4.55656153
1019	1077	66	14	0.53666016	2.14164698
1019	1077	66	15	0.52867994	2.23675192
1019	1077	66	16	0.46695894	2.29483940
1019	1077	66	17	1.91607660	11.41172826
1019	1077	66	18	1.51734920	7.86424512
1019	1077	66	19	2.37084309	42.32439929
1019	1077	67	0	0.28858427	3.25916170
1019	1077	67	1	2.05968124	8.94052025
1019	1077	67	2	0.36049058	1.62178538
1019	1077	67	3	2.78823537	33.58736019
1019	1077	67	4	0.00806254	0.03092312
1019	1077	67	5	0.54010980	4.12230816
1019	1077	67	6	0.00172724	0.00886345
1019	1077	67	7	2.93182533	11.31560855
1019	1077	67	8	1.45098147	5.91714912
1019	1077	67	9	1.23109877	6.04296305
1019	1077	67	10	0.46300407	1.89344434
1019	1077	67	11	3.27787615	31.29994128
1019	1077	67	12	0.00458525	0.03632660
1019	1077	67	13	0.86627288	4.59093759
1019	1077	67	14	0.53765332	2.13645609
1019	1077	67	15	0.53086786	2.26429775
1019	1077	67	16	0.46737208	2.28357775
1019	1077	67	17	1.91611732	11.46654799
1019	1077	67	18	1.51688194	7.89312464
1019	1077	67	19	2.36190430	41.96144321
1019	1077	68	0	0.29069066	3.27014758
1019	1077	68	1	2.06055316	8.93466247
1019	1077	68	2	0.36119247	1.62803764
1019	1077	68	3	2.77406286	33.59404365
1019	1077	68	4	0.00803647	0.03062658
1019	1077	68	5	0.53930773	4.16863839
1019	1077	68	6	0.00172274	0.00875459
1019	1077	68	7	2.93210767	11.31791674
1019	1077	68	8	1.45104058	5.91794688
1019	1077	68	9	1.23095548	6.04194634
1019	1077	68	10	0.46333984	1.90767658
1019	1077	68	11	3.27815452	31.32408572
1019	1077	68	12	0.00457028	0.03551167
1019	1077	68	13	0.87276740	4.62585260
1019	1077	68	14	0.53902259	2.13357168
1019	1077	68	15	0.53227198	2.28785999
1019	1077	68	16	0.46816142	2.27507604
1019	1077	68	17	1.91523441	11.51246732
1019	1077	68	18	1.51570467	7.91607085
1019	1077	68	19	2.35519564	41.61299224
1019	1077	69	0	0.29264212	3.28230414
1019	1077	69	1	2.06176445	8.93102993
1019	1077	69	2	0.36173972	1.63362614
1019	1077	69	3	2.76035973	33.58600110
1019	1077	69	4	0.00801966	0.03038412
1019	1077	69	5	0.53793396	4.20861701
1019	1077	69	6	0.00172013	0.00866378
1019	1077	69	7	2.93234111	11.31990970
1019	1077	69	8	1.45107992	5.91860824
1019	1077	69	9	1.23083081	6.04099363
1019	1077	69	10	0.46312182	1.91887136
1019	1077	69	11	3.27838352	31.34599864
1019	1077	69	12	0.00456058	0.03480291
1019	1077	69	13	0.87894847	4.66093947
1019	1077	69	14	0.54071366	2.13278632
1019	1077	69	15	0.53295477	2.30754733
1019	1077	69	16	0.46927929	2.26913535
1019	1077	69	17	1.91353343	11.55001428
1019	1077	69	18	1.51390332	7.93349675
1019	1077	69	19	2.35055123	41.28033959
1019	1077	70	0	0.29442939	3.29537673
1019	1077	70	1	2.06326312	8.92944791
1019	1077	70	2	0.36213957	1.63854122
1019	1077	70	3	2.74722287	33.56492147
1019	1077	70	4	0.00801120	0.03019040
1019	1077	70	5	0.53606605	4.24243313
1019	1077	70	6	0.00171922	0.00858917
1019	1077	70	7	2.93253063	11.32162014
1019	1077	70	8	1.45110147	5.91914686
1019	1077	70	9	1.23072466	6.04011051
1019	1077	70	10	0.46241015	1.92719480
1019	1077	70	11	3.27856819	31.36586263
1019	1077	70	12	0.00455563	0.03418982
1019	1077	70	13	0.88477782	4.69585365
1019	1077	70	14	0.54267371	2.13389074
1019	1077	70	15	0.53298229	2.32350661
1019	1077	70	16	0.47067890	2.26555049
1019	1077	70	17	1.91111796	11.57973634
1019	1077	70	18	1.51156203	7.94582310
1019	1077	70	19	2.34779976	40.96452909
1019	1077	71	0	0.29604571	3.30912313
1019	1077	71	1	2.06499848	8.92973006
1019	1077	71	2	0.36240078	1.64278258
1019	1077	71	3	2.73473640	33.53245070
1019	1077	71	4	0.00801020	0.03004058
1019	1077	71	5	0.53378044	4.27033076
1019	1077	71	6	0.00171982	0.00852910
1019	1077	71	7	2.93268075	11.32307728
1019	1077	71	8	1.45110708	5.91957502
1019	1077	71	9	1.23063670	6.03930130
1019	1077	71	10	0.46126555	1.93283381
1019	1077	71	11	3.27871310	31.38384637
1019	1077	71	12	0.00455493	0.03366291
1019	1077	71	13	0.89022322	4.73027469
1019	1077	71	14	0.54485182	2.13667578
1019	1077	71	15	0.53242282	2.33591780
1019	1077	71	16	0.47231476	2.26411229
1019	1077	71	17	1.90808906	11.60219526
1019	1077	71	18	1.50876265	7.95347514
1019	1077	71	19	2.34676659	40.66636582
1019	1077	72	0	0.29748682	3.32331500
1019	1077	72	1	2.06692186	8.93168238
1019	1077	72	2	0.36253341	1.64635873
1019	1077	72	3	2.72297149	33.49018254
1019	1077	72	4	0.00801584	0.02993025
1019	1077	72	5	0.53115141	4.29260114
1019	1077	72	6	0.00172178	0.00848209
1019	1077	72	7	2.93279557	11.32430730
1019	1077	72	8	1.45109849	5.91990386
1019	1077	72	9	1.23056634	6.03856911
1019	1077	72	10	0.45974837	1.93599169
1019	1077	72	11	3.27882241	31.40010555
1019	1077	72	12	0.00455801	0.03321364
1019	1077	72	13	0.89525864	4.76390793
1019	1077	72	14	0.54719935	2.14093430
1019	1077	72	15	0.53134555	2.34498885
1019	1077	72	16	0.47414305	2.26460967
1019	1077	72	17	1.90454463	11.61796221
1019	1077	72	18	1.50558422	7.95687949
1019	1077	72	19	2.34727578	40.38642821
1019	1077	73	0	0.29875093	3.33773919
1019	1077	73	1	2.06898724	8.93510704
1019	1077	73	2	0.36254848	1.64928638
1019	1077	73	3	2.71198624	33.43964992
1019	1077	73	4	0.00802735	0.02985540
1019	1077	73	5	0.52825013	4.30957490
1019	1077	73	6	0.00172491	0.00844676
1019	1077	73	7	2.93287887	11.32533370
1019	1077	73	8	1.45107734	5.92014351
1019	1077	73	9	1.23051281	6.03791586
1019	1077	73	10	0.45791769	1.93688393
1019	1077	73	11	3.27889993	31.41478385
1019	1077	73	12	0.00456443	0.03283423
1019	1077	73	13	0.89986437	4.79648606
1019	1077	73	14	0.54967034	2.14646291
1019	1077	73	15	0.52981949	2.35095031
1019	1077	73	16	0.47612190	2.26683169
1019	1077	73	17	1.90057889	11.62761314
1019	1077	73	18	1.50210258	7.95646108
1019	1077	73	19	2.34915199	40.12508140
1019	1077	74	0	0.29983862	3.35219891
1019	1077	74	1	2.07115168	8.93980587
1019	1077	74	2	0.36245772	1.65158964
1019	1077	74	3	2.70182585	33.38231694
1019	1077	74	4	0.00804399	0.02981229
1019	1077	74	5	0.52514382	4.32161422
1019	1077	74	6	0.00172908	0.00842189
1019	1077	74	7	2.93293409	11.32617766
1019	1077	74	8	1.45104519	5.92030328
1019	1077	74	9	1.23047519	6.03734227
1019	1077	74	10	0.45583058	1.93573402
1019	1077	74	11	3.27894916	31.42801381
1019	1077	74	12	0.00457378	0.03251764
1019	1077	74	13	0.90402700	4.82777045
1019	1077	74	14	0.55222176	2.15306374
1019	1077	74	15	0.52791236	2.35405006
1019	1077	74	16	0.47821171	2.27056950
1019	1077	74	17	1.89628179	11.63172426
1019	1077	74	18	1.49838979	7.95264021
1019	1077	74	19	2.35222228	39.88249159
1019	1077	75	0	0.30075269	3.36651472
1019	1077	75	1	2.07337571	8.94558357
1019	1077	75	2	0.36227326	1.65329904
1019	1077	75	3	2.69252287	33.31957161
1019	1077	75	4	0.00806505	0.02979747
1019	1077	75	5	0.52189519	4.32910513
1019	1077	75	6	0.00173412	0.00840634
1019	1077	75	7	2.93296444	11.32685836
1019	1077	75	8	1.45100353	5.92039174
1019	1077	75	9	1.23045239	6.03684802
1019	1077	75	10	0.45354145	1.93276954
1019	1077	75	11	3.27897335	31.43991770
1019	1077	75	12	0.00458564	0.03225746
1019	1077	75	13	0.90773926	4.85755228
1019	1077	75	14	0.55481384	2.16054593
1019	1077	75	15	0.52568976	2.35454819
1019	1077	75	16	0.48037543	2.27561821
1019	1077	75	17	1.89173847	11.63086775
1019	1077	75	18	1.49451383	7.94582973
1019	1077	75	19	2.35631781	39.65864134
1019	1077	76	0	0.30149801	3.38052526
1019	1077	76	1	2.07562350	8.95225047
1019	1077	76	2	0.36200737	1.65445060
1019	1077	76	3	2.68409770	33.25271959
1019	1077	76	4	0.00808986	0.02980772
1019	1077	76	5	0.51856197	4.33245014
1019	1077	76	6	0.00173991	0.00839905
1019	1077	76	7	2.93297287	11.32739318
1019	1077	76	8	1.45095377	5.92041686
1019	1077	76	9	1.23044321	6.03643173
1019	1077	76	10	0.45110151	1.92821855
1019	1077	76	11	3.27897548	31.45060833
1019	1077	76	12	0.00459964	0.03204782
1019	1077	76	13	0.91099977	4.88565328
1019	1077	76	14	0.55741020	2.16872716
1019	1077	76	15	0.52321439	2.35271213
1019	1077	76	16	0.48257876	2.28177854
1019	1077	76	17	1.88702883	11.62560762
1019	1077	76	18	1.49053810	7.93643231
1019	1077	76	19	2.36127528	39.45334546
1019	1077	77	0	0.30208126	3.39408778
1019	1077	77	1	2.07786305	8.95962490
1019	1077	77	2	0.36167227	1.65508476
1019	1077	77	3	2.67655920	33.18297879
1019	1077	77	4	0.00811779	0.02984001
1019	1077	77	5	0.51519656	4.33206125
1019	1077	77	6	0.00174630	0.00839906
1019	1077	77	7	2.93296214	11.32779797
1019	1077	77	8	1.45089725	5.92038606
1019	1077	77	9	1.23044640	6.03609115
1019	1077	77	10	0.44855842	1.92230627
1019	1077	77	11	3.27895837	31.46018977
1019	1077	77	12	0.00461541	0.03188334
1019	1077	77	13	0.91381271	4.91192607
1019	1077	77	14	0.55997804	2.17743484
1019	1077	77	15	0.52054543	2.34881205
1019	1077	77	16	0.48479029	2.28885845
1019	1077	77	17	1.88222706	11.61649578
1019	1077	77	18	1.48652120	7.92483783
1019	1077	77	19	2.36693825	39.26626741
1019	1077	78	0	0.30251072	3.40707836
1019	1077	78	1	2.08006616	8.96753515
1019	1077	78	2	0.36127985	1.65524529
1019	1077	78	3	2.66990540	33.11147510
1019	1077	78	4	0.00814822	0.02989149
1019	1077	78	5	0.51184590	4.32835353
1019	1077	78	6	0.00175317	0.00840546
1019	1077	78	7	2.93293479	11.32808723
1019	1077	78	8	1.45083527	5.92030630
1019	1077	78	9	1.23046064	6.03582320
1019	1077	78	10	0.44595590	1.91525219
1019	1077	78	11	3.27892461	31.46875807
1019	1077	78	12	0.00463262	0.03175909
1019	1077	78	13	0.91618737	4.93625415
1019	1077	78	14	0.56248822	2.18650726
1019	1077	78	15	0.51773810	2.34311682
1019	1077	78	16	0.48698168	2.29667451
1019	1077	78	17	1.87740132	11.60406831
1019	1077	78	18	1.48251658	7.91142093
1019	1077	78	19	2.37315835	39.09693601
1019	1077	79	0	0.30279600	3.41939193
1019	1077	79	1	2.08220846	8.97582100
1019	1077	79	2	0.36084156	1.65497834
1019	1077	79	3	2.66412435	33.03923921
1019	1077	79	4	0.00818058	0.02995950
1019	1077	79	5	0.50855141	4.32173927
1019	1077	79	6	0.00176040	0.00841741
1019	1077	79	7	2.93289323	11.32827426
1019	1077	79	8	1.45076902	5.92018410
1019	1077	79	9	1.23048460	6.03562412
1019	1077	79	10	0.44333365	1.90726751
1019	1077	79	11	3.27887664	31.47640191
1019	1077	79	12	0.00465093	0.03167051
1019	1077	79	13	0.91813766	4.95855139
1019	1077	79	14	0.56491527	2.19579448
1019	1077	79	15	0.51484327	2.33589024
1019	1077	79	16	0.48912766	2.30505318
1019	1077	79	17	1.87261347	11.58884203
1019	1077	79	18	1.47857241	7.89653883
1019	1077	79	19	2.37979616	38.94476209
1019	1077	80	0	0.30294778	3.43094198
1019	1077	80	1	2.08426922	8.98433486
1019	1077	80	2	0.36036822	1.65433140
1019	1077	80	3	2.65919512	32.96720453
1019	1077	80	4	0.00821434	0.03004148
1019	1077	80	5	0.50534903	4.31262279
1019	1077	80	6	0.00176787	0.00843411
1019	1077	80	7	2.93283968	11.32837130
1019	1077	80	8	1.45069965	5.92002560
1019	1077	80	9	1.23051692	6.03548959
1019	1077	80	10	0.44072716	1.89855305
1019	1077	80	11	3.27881673	31.48320318
1019	1077	80	12	0.00467003	0.03161342
1019	1077	80	13	0.91968158	4.97876119
1019	1077	80	14	0.56723736	2.20515901
1019	1077	80	15	0.51190726	2.32738792
1019	1077	80	16	0.49120613	2.31383180
1019	1077	80	17	1.86791892	11.57131131
1019	1077	80	18	1.47473143	7.88052931
1019	1077	80	19	2.38672201	38.80905513
1019	1077	81	0	0.30297755	3.44166003
1019	1077	81	1	2.08623126	8.99294251
1019	1077	81	2	0.35986994	1.65335243
1019	1077	81	3	2.65508874	32.89620620
1019	1077	81	4	0.00824897	0.03013505
1019	1077	81	5	0.50226938	4.30139593
1019	1077	81	6	0.00177548	0.00845481
1019	1077	81	7	2.93277622	11.32838968
1019	1077	81	8	1.45062823	5.91983657
1019	1077	81	9	1.23055631	6.03541481
1019	1077	81	10	0.43816774	1.88929755
1019	1077	81	11	3.27874699	31.48923752
1019	1077	81	12	0.00468965	0.03158391
1019	1077	81	13	0.92084061	4.99685519
1019	1077	81	14	0.56943628	2.21447636
1019	1077	81	15	0.50897172	2.31785449
1019	1077	81	16	0.49319806	2.32285951
1019	1077	81	17	1.86336645	11.55194530
1019	1077	81	18	1.47103094	7.86370894
1019	1077	81	19	2.39381654	38.68903954
1019	1077	82	0	0.30289734	3.45149494
1019	1077	82	1	2.08808071	9.00152357
1019	1077	82	2	0.35935604	1.65208902
1019	1077	82	3	2.65176925	32.82698124
1019	1077	82	4	0.00828401	0.03023796
1019	1077	82	5	0.49933794	4.28843420
1019	1077	82	6	0.00178313	0.00847884
1019	1077	82	7	2.93270477	11.32833983
1019	1077	82	8	1.45055576	5.91962245
1019	1077	82	9	1.23060150	6.03539467
1019	1077	82	10	0.43568257	1.87967630
1019	1077	82	11	3.27866941	31.49457484
1019	1077	82	12	0.00470950	0.03157841
1019	1077	82	13	0.92163912	5.01283163
1019	1077	82	14	0.57149723	2.22363526
1019	1077	82	15	0.50607359	2.30752144
1019	1077	82	16	0.49508750	2.33199788
1019	1077	82	17	1.85899833	11.53118544
1019	1077	82	18	1.46750277	7.84637168
1019	1077	82	19	2.40097113	38.58387048
1019	1077	83	0	0.30271950	3.46041196
1019	1077	83	1	2.08980679	9.00997158
1019	1077	83	2	0.35883496	1.65058767
1019	1077	83	3	2.64919481	32.76016968
1019	1077	83	4	0.00831902	0.03034809
1019	1077	83	5	0.49657537	4.27409361
1019	1077	83	6	0.00179072	0.00850554
1019	1077	83	7	2.93262715	11.32823144
1019	1077	83	8	1.45048316	5.91938833
1019	1077	83	9	1.23065128	6.03542383
1019	1077	83	10	0.43329482	1.86985025
1019	1077	83	11	3.27858581	31.49927975
1019	1077	83	12	0.00472934	0.03159357
1019	1077	83	13	0.92210377	5.02671346
1019	1077	83	14	0.57340873	2.23253786
1019	1077	83	15	0.50324515	2.29660533
1019	1077	83	16	0.49686143	2.34112135
1019	1077	83	17	1.85485028	11.50944338
1019	1077	83	18	1.46417347	7.82878768
1019	1077	83	19	2.40808806	38.49264904
1019	1077	84	0	0.30245646	3.46839163
1019	1077	84	1	2.09140157	9.01819392
1019	1077	84	2	0.35831427	1.64889316
1019	1077	84	3	2.64731873	32.69631672
1019	1077	84	4	0.00835361	0.03046347
1019	1077	84	5	0.49399777	4.25870820
1019	1077	84	6	0.00179818	0.00853430
1019	1077	84	7	2.93254499	11.32807349
1019	1077	84	8	1.45041127	5.91913900
1019	1077	84	9	1.23070451	6.03549682
1019	1077	84	10	0.43102377	1.85996535
1019	1077	84	11	3.27849789	31.50341196
1019	1077	84	12	0.00474895	0.03162633
1019	1077	84	13	0.92226293	5.03854612
1019	1077	84	14	0.57516240	2.24109954
1019	1077	84	15	0.50051416	2.28530649
1019	1077	84	16	0.49850964	2.35011750
1019	1077	84	17	1.85095172	11.48709942
1019	1077	84	18	1.46106438	7.81120252
1019	1077	84	19	2.41508063	38.41443666
1019	1077	85	0	0.30212052	3.47542859
1019	1077	85	1	2.09285972	9.02611142
1019	1077	85	2	0.35780066	1.64704810
1019	1077	85	3	2.64609050	32.63587569
1019	1077	85	4	0.00838741	0.03058224
1019	1077	85	5	0.49161705	4.24258809
1019	1077	85	6	0.00180544	0.00856456
1019	1077	85	7	2.93245984	11.32787427
1019	1077	85	8	1.45034085	5.91887888
1019	1077	85	9	1.23076013	6.03560815
1019	1077	85	10	0.42888508	1.85015226
1019	1077	85	11	3.27840720	31.50702670
1019	1077	85	12	0.00476812	0.03167382
1019	1077	85	13	0.92214609	5.04839520
1019	1077	85	14	0.57675275	2.24924872
1019	1077	85	15	0.49790400	2.27380812
1019	1077	85	16	0.50002460	2.35888717
1019	1077	85	17	1.84732594	11.46450120
1019	1077	85	18	1.45819194	7.79383662
1019	1077	85	19	2.42187304	38.34826871
1019	1077	86	0	0.30172370	3.48153024
1019	1077	86	1	2.09417823	9.03365788
1019	1077	86	2	0.35729992	1.64509243
1019	1077	86	3	2.64545684	32.57921188
1019	1077	86	4	0.00842011	0.03070271
1019	1077	86	5	0.48944128	4.22601816
1019	1077	86	6	0.00181242	0.00859581
1019	1077	86	7	2.93237307	11.32764148
1019	1077	86	8	1.45027259	5.91861210
1019	1077	86	9	1.23081716	6.03575241
1019	1077	86	10	0.42689096	1.84052631
1019	1077	86	11	3.27831517	31.51017498
1019	1077	86	12	0.00478667	0.03173343
1019	1077	86	13	0.92178336	5.05634391
1019	1077	86	14	0.57817695	2.25692646
1019	1077	86	15	0.49543389	2.26227574
1019	1077	86	16	0.50140124	2.36734428
1019	1077	86	17	1.84399044	11.44196299
1019	1077	86	18	1.45556788	7.77688513
1019	1077	86	19	2.42840020	38.29316708
1019	1077	87	0	0.30127755	3.48671537
1019	1077	87	1	2.09535620	9.04077939
1019	1077	87	2	0.35681700	1.64306319
1019	1077	87	3	2.64536262	32.52660705
1019	1077	87	4	0.00845144	0.03082332
1019	1077	87	5	0.48747504	4.20925725
1019	1077	87	6	0.00181907	0.00862757
1019	1077	87	7	2.93228595	11.32738219
1019	1077	87	8	1.45020706	5.91834243
1019	1077	87	9	1.23087474	6.03592428
1019	1077	87	10	0.42505044	1.83118772
1019	1077	87	11	3.27822306	31.51290395
1019	1077	87	12	0.00480445	0.03180273
1019	1077	87	13	0.92120495	5.06249048
1019	1077	87	14	0.57943456	2.26408588
1019	1077	87	15	0.49311917	2.25085703
1019	1077	87	16	0.50263680	2.37541567
1019	1077	87	17	1.84095725	11.41976526
1019	1077	87	18	1.45319961	7.76051800
1019	1077	87	19	2.43460737	38.24815170
1019	1077	88	0	0.30079306	3.49101270
1019	1077	88	1	2.09639453	9.04743357
1019	1077	88	2	0.35635601	1.64099426
1019	1077	88	3	2.64575174	32.47826449
1019	1077	88	4	0.00848115	0.03094265
1019	1077	88	5	0.48571982	4.19253776
1019	1077	88	6	0.00182535	0.00865940
1019	1077	88	7	2.93219961	11.32710291
1019	1077	88	8	1.45014478	5.91807333
1019	1077	88	9	1.23093207	6.03611870
1019	1077	88	10	0.42336965	1.82222199
1019	1077	88	11	3.27813205	31.51525714
1019	1077	88	12	0.00482131	0.03187949
1019	1077	88	13	0.92044074	5.06694558
1019	1077	88	14	0.58052732	2.27069153
1019	1077	88	15	0.49097150	2.23968191
1019	1077	88	16	0.50373055	2.38304062
1019	1077	88	17	1.83823331	11.39815480
1019	1077	88	18	1.45109048	7.74488041
1019	1077	88	19	2.44044975	38.21225110
1019	1077	89	0	0.30028052	3.49445952
1019	1077	89	1	2.09729574	9.05358876
1019	1077	89	2	0.35592032	1.63891625
1019	1077	89	3	2.64656799	32.43431456
1019	1077	89	4	0.00850904	0.03105943
1019	1077	89	5	0.48417431	4.17606574
1019	1077	89	6	0.00183121	0.00869092
1019	1077	89	7	2.93211504	11.32680958
1019	1077	89	8	1.45008617	5.91780790
1019	1077	89	9	1.23098845	6.03633079
1019	1077	89	10	0.42185203	1.81370046
1019	1077	89	11	3.27804314	31.51727469
1019	1077	89	12	0.00483715	0.03196171
1019	1077	89	13	0.91951991	5.06982971
1019	1077	89	14	0.58145885	2.27671866
1019	1077	89	15	0.48899921	2.22886285
1019	1077	89	16	0.50468368	2.39017036
1019	1077	89	17	1.83582093	11.37734507
1019	1077	89	18	1.44924023	7.73009342
1019	1077	89	19	2.44589195	38.18451176
1019	1077	90	0	0.29974949	3.49710022
1019	1077	90	1	2.09806370	9.05922312
1019	1077	90	2	0.35551257	1.63685644
1019	1077	90	3	2.64775576	32.39482061
1019	1077	90	4	0.00853498	0.03117254
1019	1077	90	5	0.48283481	4.16002128
1019	1077	90	6	0.00183663	0.00872177
1019	1077	90	7	2.93203313	11.32650764
1019	1077	90	8	1.45003158	5.91754892
1019	1077	90	9	1.23104329	6.03655603
1019	1077	90	10	0.42049868	1.80568104
1019	1077	90	11	3.27795722	31.51899360
1019	1077	90	12	0.00485188	0.03204755
1019	1077	90	13	0.91847056	5.07127073
1019	1077	90	14	0.58223443	2.28215242
1019	1077	90	15	0.48720756	2.21849547
1019	1077	90	16	0.50549900	2.39676747
1019	1077	90	17	1.83371823	11.35751704
1019	1077	90	18	1.44764530	7.71625493
1019	1077	90	19	2.45090744	38.16400634
1019	1077	91	0	0.29920870	3.49898497
1019	1077	91	1	2.09870348	9.06432373
1019	1077	91	2	0.35513472	1.63483879
1019	1077	91	3	2.64926067	32.35978514
1019	1077	91	4	0.00855883	0.03128100
1019	1077	91	5	0.48169554	4.14455915
1019	1077	91	6	0.00184159	0.00875165
1019	1077	91	7	2.93195462	11.32620195
1019	1077	91	8	1.44998125	5.91729881
1019	1077	91	9	1.23109607	6.03679019
1019	1077	91	10	0.41930854	1.79820897
1019	1077	91	11	3.27787505	31.52044790
1019	1077	91	12	0.00486543	0.03213535
1019	1077	91	13	0.91731950	5.07140146
1019	1077	91	14	0.58286071	2.28698698
1019	1077	91	15	0.48559902	2.20865920
1019	1077	91	16	0.50618074	2.40280512
1019	1077	91	17	1.83191954	11.33882027
1019	1077	91	18	1.44629927	7.70344072
1019	1077	91	19	2.45547792	38.14984090
1019	1077	92	0	0.29866605	3.50016840
1019	1077	92	1	2.09922106	9.06888571
1019	1077	92	2	0.35478814	1.63288400
1019	1077	92	3	2.65103021	32.32915606
1019	1077	92	4	0.00858051	0.03138400
1019	1077	92	5	0.48074894	4.12980985
1019	1077	92	6	0.00184607	0.00878030
1019	1077	92	7	2.93188014	11.32589688
1019	1077	92	8	1.44993537	5.91705967
1019	1077	92	9	1.23114636	6.03702937
1019	1077	92	10	0.41827870	1.79131774
1019	1077	92	11	3.27779726	31.52166886
1019	1077	92	12	0.00487775	0.03222365
1019	1077	92	13	0.91609192	5.07035744
1019	1077	92	14	0.58334552	2.29122464
1019	1077	92	15	0.48417360	2.19941817
1019	1077	92	16	0.50673439	2.40826634
1019	1077	92	17	1.83041598	11.32137426
1019	1077	92	18	1.44519322	7.69170584
1019	1077	92	19	2.45959260	38.14116090
1019	1077	93	0	0.29812857	3.50070837
1019	1077	93	1	2.09962324	9.07291131
1019	1077	93	2	0.35447365	1.63100960
1019	1077	93	3	2.65301414	32.30283308
1019	1077	93	4	0.00859998	0.03148084
1019	1077	93	5	0.47998596	4.11588065
1019	1077	93	6	0.00185006	0.00880749
1019	1077	93	7	2.93181020	11.32559632
1019	1077	93	8	1.44989405	5.91683326
1019	1077	93	9	1.23119381	6.03727008
1019	1077	93	10	0.41740464	1.78502999
1019	1077	93	11	3.27772438	31.52268510
1019	1077	93	12	0.00488882	0.03231115
1019	1077	93	13	0.91481133	5.06827491
1019	1077	93	14	0.58369764	2.29487496
1019	1077	93	15	0.48292907	2.19082211
1019	1077	93	16	0.50716644	2.41314315
1019	1077	93	17	1.82919579	11.30527013
1019	1077	93	18	1.44431611	7.68108597
1019	1077	93	19	2.46324760	38.13715624
1019	1077	94	0	0.29760245	3.50066487
1019	1077	94	1	2.09991742	9.07640906
1019	1077	94	2	0.35419159	1.62923013
1019	1077	94	3	2.65516495	32.28067398
1019	1077	94	4	0.00861723	0.03157097
1019	1077	94	5	0.47939639	4.10285695
1019	1077	94	6	0.00185357	0.00883304
1019	1077	94	7	2.93174521	11.32530363
1019	1077	94	8	1.44985733	5.91662101
1019	1077	94	9	1.23123814	6.03750916
1019	1077	94	10	0.41668046	1.77935846
1019	1077	94	11	3.27765679	31.52352282
1019	1077	94	12	0.00489863	0.03239671
1019	1077	94	13	0.91349934	5.06528891
1019	1077	94	14	0.58392653	2.29795384
1019	1077	94	15	0.48186131	2.18290744
1019	1077	94	16	0.50748421	2.41743573
1019	1077	94	17	1.82824490	11.29057241
1019	1077	94	18	1.44365518	7.67159903
1019	1077	94	19	2.46644519	38.13706524
1019	1077	95	0	0.29709303	3.50009896
1019	1077	95	1	2.10011146	9.07939289
1019	1077	95	2	0.35394184	1.62755728
1019	1077	95	3	2.65743814	32.26250080
1019	1077	95	4	0.00863228	0.03165399
1019	1077	95	5	0.47896903	4.09080368
1019	1077	95	6	0.00185660	0.00885681
1019	1077	95	7	2.93168547	11.32502173
1019	1077	95	8	1.44982520	5.91642407
1019	1077	95	9	1.23127916	6.03774382
1019	1077	95	10	0.41609910	1.77430698
1019	1077	95	11	3.27759479	31.52420586
1019	1077	95	12	0.00490719	0.03247936
1019	1077	95	13	0.91217562	5.06153165
1019	1077	95	14	0.58404219	2.30048263
1019	1077	95	15	0.48096453	2.17569826
1019	1077	95	16	0.50769566	2.42115154
1019	1077	95	17	1.82754729	11.27732100
1019	1077	95	18	1.44319625	7.66324674
1019	1077	95	19	2.46919310	38.14017771
1019	1077	96	0	0.29660485	3.49907184
1019	1077	96	1	2.10021355	9.08188142
1019	1077	96	2	0.35372394	1.62600007
1019	1077	96	3	2.65979248	32.24810584
1019	1077	96	4	0.00864515	0.03172961
1019	1077	96	5	0.47869200	4.07976682
1019	1077	96	6	0.00185917	0.00887869
1019	1077	96	7	2.93163118	11.32475307
1019	1077	96	8	1.44979757	5.91624326
1019	1077	96	9	1.23131672	6.03797166
1019	1077	96	10	0.41565256	1.76987140
1019	1077	96	11	3.27753858	31.52475591
1019	1077	96	12	0.00491453	0.03255829
1019	1077	96	13	0.91085785	5.05713105
1019	1077	96	14	0.58405496	2.30248728
1019	1077	96	15	0.48023154	2.16920748
1019	1077	96	16	0.50780923	2.42430447
1019	1077	96	17	1.82708542	11.26553329
1019	1077	96	18	1.44292411	7.65601637
1019	1077	96	19	2.47150387	38.14583706
1019	1077	97	0	0.29614165	3.49764401
1019	1077	97	1	2.10023207	9.08389710
1019	1077	97	2	0.35353707	1.62456509
1019	1077	97	3	2.66219018	32.23725734
1019	1077	97	4	0.00865593	0.03179767
1019	1077	97	5	0.47855289	4.06977495
1019	1077	97	6	0.00186129	0.00889860
1019	1077	97	7	2.93158245	11.32449967
1019	1077	97	8	1.44977431	5.91607914
1019	1077	97	9	1.23135073	6.03819060
1019	1077	97	10	0.41533211	1.76604058
1019	1077	97	11	3.27748825	31.52519256
1019	1077	97	12	0.00492067	0.03263281
1019	1077	97	13	0.90956169	5.05220957
1019	1077	97	14	0.58397536	2.30399752
1019	1077	97	15	0.47965396	2.16343794
1019	1077	97	16	0.50783369	2.42691394
1019	1077	97	17	1.82684066	11.25520629
1019	1077	97	18	1.44282280	7.64988236
1019	1077	97	19	2.47339410	38.15344162
1019	1077	98	0	0.29570645	3.49587460
1019	1077	98	1	2.10017548	9.08546562
1019	1077	98	2	0.35338015	1.62325668
1019	1077	98	3	2.66459697	32.22970497
1019	1077	98	4	0.00866469	0.03185810
1019	1077	98	5	0.47853902	4.06084082
1019	1077	98	6	0.00186297	0.00891650
1019	1077	98	7	2.93153931	11.32426315
1019	1077	98	8	1.44975527	5.91593198
1019	1077	98	9	1.23138118	6.03839892
1019	1077	98	10	0.41512842	1.76279726
1019	1077	98	11	3.27744381	31.52553349
1019	1077	98	12	0.00492567	0.03270240
1019	1077	98	13	0.90830083	5.04688315
1019	1077	98	14	0.58381391	2.30504605
1019	1077	98	15	0.47922248	2.15838346
1019	1077	98	16	0.50777795	2.42900407
1019	1077	98	17	1.82679358	11.24631886
1019	1077	98	18	1.44287590	7.64480802
1019	1077	98	19	2.47488388	38.16244523
1019	1077	99	0	0.29530158	3.49382070
1019	1077	99	1	2.10005221	9.08661517
1019	1077	99	2	0.35325185	1.62207714
1019	1077	99	3	2.66698218	32.22518483
1019	1077	99	4	0.00867154	0.03191096
1019	1077	99	5	0.47863757	4.05296298
1019	1077	99	6	0.00186426	0.00893238
1019	1077	99	7	2.93150171	11.32404471
1019	1077	99	8	1.44974023	5.91580185
1019	1077	99	9	1.23140807	6.03859521
1019	1077	99	10	0.41503182	1.76011898
1019	1077	99	11	3.27740520	31.52579454
1019	1077	99	12	0.00492958	0.03276665
1019	1077	99	13	0.90708702	5.04126041
1019	1077	99	14	0.58358104	2.30566784
1019	1077	99	15	0.47892705	2.15402993
1019	1077	99	16	0.50765099	2.43060290
1019	1077	99	17	1.82692437	11.23883391
1019	1077	99	18	1.44306681	7.64074721
1019	1077	99	19	2.47599613	38.17235706
1019	1077	100	0	0.29492872	3.49153686
1019	1077	100	1	2.09987060	9.08737587
1019	1077	100	2	0.35315067	1.62102694
1019	1077	100	3	2.66931870	32.22342424
1019	1077	100	4	0.00867660	0.03195639
1019	1077	100	5	0.47883573	4.04612730
1019	1077	100	6	0.00186516	0.00894626
1019	1077	100	7	2.93146953	11.32384523
1019	1077	100	8	1.44972895	5.91568856
1019	1077	100	9	1.23143146	6.03877837
1019	1077	100	10	0.41503234	1.75797887
1019	1077	100	11	3.27737229	31.52598984
1019	1077	100	12	0.00493248	0.03282526
1019	1077	100	13	0.90593014	5.03544207
1019	1077	100	14	0.58328694	2.30589945
1019	1077	100	15	0.47875708	2.15035635
1019	1077	100	16	0.50746172	2.43174160
1019	1077	100	17	1.82721305	11.23270053
1019	1077	100	18	1.44337895	7.63764590
1019	1077	100	19	2.47675599	38.18274092
1019	1077	101	0	0.29458900	3.48907470
1019	1077	101	1	2.09963880	9.08777921
1019	1077	101	2	0.35307495	1.62010495
1019	1077	101	3	2.67158295	32.22414597
1019	1077	101	4	0.00868000	0.03199459
1019	1077	101	5	0.47912090	4.04030859
1019	1077	101	6	0.00186572	0.00895816
1019	1077	101	7	2.93144261	11.32366521
1019	1077	101	8	1.44972118	5.91559177
1019	1077	101	9	1.23145145	6.03894757
1019	1077	101	10	0.41511995	1.75634652
1019	1077	101	11	3.27734489	31.52613193
1019	1077	101	12	0.00493443	0.03287805
1019	1077	101	13	0.90483827	5.02952046
1019	1077	101	14	0.58294149	2.30577837
1019	1077	101	15	0.47870161	2.14733586
1019	1077	101	16	0.50721885	2.43245373
1019	1077	101	17	1.82763980	11.22785620
1019	1077	101	18	1.44379599	7.63544372
1019	1077	101	19	2.47719032	38.19321393
1019	1077	102	0	0.29428300	3.48648253
1019	1077	102	1	2.09936467	9.08785757
1019	1077	102	2	0.35302290	1.61930862
1019	1077	102	3	2.67375479	32.22707219
1019	1077	102	4	0.00868186	0.03202586
1019	1077	102	5	0.47948075	4.03547202
1019	1077	102	6	0.00186596	0.00896816
1019	1077	102	7	2.93142073	11.32350489
1019	1077	102	8	1.44971664	5.91551093
1019	1077	102	9	1.23146814	6.03910226
1019	1077	102	10	0.41528462	1.75518867
1019	1077	102	11	3.27732275	31.52623185
1019	1077	102	12	0.00493551	0.03292495
1019	1077	102	13	0.90381784	5.02357932
1019	1077	102	14	0.58255414	2.30534246
1019	1077	102	15	0.47874948	2.14493663
1019	1077	102	16	0.50693084	2.43277459
1019	1077	102	17	1.82818519	11.22422873
1019	1077	102	18	1.44430203	7.63407538
1019	1077	102	19	2.47732715	38.20344480
1019	1077	103	0	0.29401081	3.48380515
1019	1077	103	1	2.09905578	9.08764369
1019	1077	103	2	0.35299267	1.61863419
1019	1077	103	3	2.67581735	32.23192791
1019	1077	103	4	0.00868234	0.03205055
1019	1077	103	5	0.47990335	4.03157463
1019	1077	103	6	0.00186592	0.00897633
1019	1077	103	7	2.93140362	11.32336418
1019	1077	103	8	1.44971503	5.91544535
1019	1077	103	9	1.23148170	6.03924211
1019	1077	103	10	0.41551647	1.75446992
1019	1077	103	11	3.27730559	31.52629924
1019	1077	103	12	0.00493581	0.03296595
1019	1077	103	13	0.90287368	5.01769361
1019	1077	103	14	0.58213386	2.30462950
1019	1077	103	15	0.47888949	2.14312281
1019	1077	103	16	0.50660582	2.43274058
1019	1077	103	17	1.82883036	11.22173829
1019	1077	103	18	1.44488174	7.63347207
1019	1077	103	19	2.47719522	38.21315167
1019	1077	104	0	0.29377212	3.48108361
1019	1077	104	1	2.09871932	9.08717034
1019	1077	104	2	0.35298233	1.61807683
1019	1077	104	3	2.67775693	32.23844406
1019	1077	104	4	0.00868157	0.03206903
1019	1077	104	5	0.48037728	4.02856669
1019	1077	104	6	0.00186562	0.00898276
1019	1077	104	7	2.93139099	11.32324280
1019	1077	104	8	1.44971607	5.91539425
1019	1077	104	9	1.23149229	6.03936700
1019	1077	104	10	0.41580585	1.75415337
1019	1077	104	11	3.27729309	31.52634246
1019	1077	104	12	0.00493539	0.03300116
1019	1077	104	13	0.90200917	5.01192956
1019	1077	104	14	0.58168909	2.30367664
1019	1077	104	15	0.47911049	2.14185537
1019	1077	104	16	0.50625150	2.43238863
1019	1077	104	17	1.82955720	11.22029921
1019	1077	104	18	1.44552051	7.63356266
1019	1077	104	19	2.47682357	38.22209963
1019	1077	105	0	0.29356626	3.47835520
1019	1077	105	1	2.09836207	9.08646988
1019	1077	105	2	0.35298995	1.61763088
1019	1077	105	3	2.67956279	32.24636015
1019	1077	105	4	0.00867970	0.03208175
1019	1077	105	5	0.48089167	4.02639297
1019	1077	105	6	0.00186509	0.00898756
1019	1077	105	7	2.93138252	11.32314021
1019	1077	105	8	1.44971944	5.91535670
1019	1077	105	9	1.23150010	6.03947702
1019	1077	105	10	0.41614341	1.75420122
1019	1077	105	11	3.27728492	31.52636869
1019	1077	105	12	0.00493435	0.03303072
1019	1077	105	13	0.90122637	5.00634479
1019	1077	105	14	0.58122767	2.30252009
1019	1077	105	15	0.47940155	2.14109289
1019	1077	105	16	0.50587515	2.43175570
1019	1077	105	17	1.83034852	11.21982169
1019	1077	105	18	1.44620454	7.63427487
1019	1077	105	19	2.47624113	38.23009798
1019	1077	106	0	0.29339221	3.47565332
1019	1077	106	1	2.09799036	9.08557401
1019	1077	106	2	0.35301357	1.61728995
1019	1077	106	3	2.68122698	32.25542653
1019	1077	106	4	0.00867688	0.03208917
1019	1077	106	5	0.48143632	4.02499402
1019	1077	106	6	0.00186437	0.00899084
1019	1077	106	7	2.93137786	11.32305571
1019	1077	106	8	1.44972486	5.91533172
1019	1077	106	9	1.23150532	6.03957241
1019	1077	106	10	0.41652022	1.75457530
1019	1077	106	11	3.27728070	31.52638403
1019	1077	106	12	0.00493277	0.03305484
1019	1077	106	13	0.90052610	5.00098855
1019	1077	106	14	0.58075684	2.30119474
1019	1077	106	15	0.47975203	2.14079231
1019	1077	106	16	0.50548355	2.43087833
1019	1077	106	17	1.83118813	11.22021336
1019	1077	106	18	1.44692093	7.63553631
1019	1077	106	19	2.47547637	38.23699726
1019	1077	107	0	0.29324872	3.47300753
1019	1077	107	1	2.09761004	9.08451340
1019	1077	107	2	0.35305126	1.61704711
1019	1077	107	3	2.68274410	32.26540625
1019	1077	107	4	0.00867324	0.03209176
1019	1077	107	5	0.48200168	4.02430728
1019	1077	107	6	0.00186350	0.00899272
1019	1077	107	7	2.93137667	11.32298843
1019	1077	107	8	1.44973203	5.91531829
1019	1077	107	9	1.23150816	6.03965358
1019	1077	107	10	0.41692779	1.75523752
1019	1077	107	11	3.27728006	31.52639355
1019	1077	107	12	0.00493072	0.03307380
1019	1077	107	13	0.89990813	4.99590199
1019	1077	107	14	0.58028317	2.29973387
1019	1077	107	15	0.48015170	2.14090955
1019	1077	107	16	0.50508295	2.42979219
1019	1077	107	17	1.83206096	11.22138077
1019	1077	107	18	1.44765773	7.63727539
1019	1077	107	19	2.47455706	38.24268615
1019	1077	108	0	0.29313428	3.47044359
1019	1077	108	1	2.09722649	9.08331750
1019	1077	108	2	0.35310114	1.61689500
1019	1077	108	3	2.68411112	32.27607663
1019	1077	108	4	0.00866892	0.03209000
1019	1077	108	5	0.48257896	4.02426816
1019	1077	108	6	0.00186248	0.00899334
1019	1077	108	7	2.93137859	11.32293737
1019	1077	108	8	1.44974068	5.91531533
1019	1077	108	9	1.23150884	6.03972103
1019	1077	108	10	0.41735815	1.75615036
1019	1077	108	11	3.27728264	31.52640144
1019	1077	108	12	0.00492828	0.03308789
1019	1077	108	13	0.89937124	4.99111856
1019	1077	108	14	0.57981262	2.29816894
1019	1077	108	15	0.48059077	2.14140019
1019	1077	108	16	0.50467906	2.42853179
1019	1077	108	17	1.83295312	11.22323060
1019	1077	108	18	1.44840401	7.63942211
1019	1077	108	19	2.47350994	38.24708828
1019	1077	109	0	0.29304721	3.46798360
1019	1077	109	1	2.09684457	9.08201435
1019	1077	109	2	0.35316136	1.61682600
1019	1077	109	3	2.68532716	32.28723035
1019	1077	109	4	0.00866404	0.03208440
1019	1077	109	5	0.48316010	4.02481101
1019	1077	109	6	0.00186136	0.00899281
1019	1077	109	7	2.93138325	11.32290145
1019	1077	109	8	1.44975053	5.91532173
1019	1077	109	9	1.23150757	6.03977541
1019	1077	109	10	0.41780385	1.75727720
1019	1077	109	11	3.27728804	31.52641109
1019	1077	109	12	0.00492553	0.03309744
1019	1077	109	13	0.89891337	4.98666445
1019	1077	109	14	0.57935046	2.29652940
1019	1077	109	15	0.48106001	2.14221998
1019	1077	109	16	0.50427704	2.42713016
1019	1077	109	17	1.83385192	11.22567088
1019	1077	109	18	1.44914986	7.64190880
1019	1077	109	19	2.47236054	38.25015894
1019	1077	110	0	0.29298568	3.46564607
1019	1077	110	1	2.09646862	9.08063034
1019	1077	110	2	0.35323016	1.61683228
1019	1077	110	3	2.68639323	32.29867642
1019	1077	110	4	0.00865873	0.03207544
1019	1077	110	5	0.48373783	4.02586998
1019	1077	110	6	0.00186016	0.00899127
1019	1077	110	7	2.93139030	11.32287949
1019	1077	110	8	1.44976132	5.91533642
1019	1077	110	9	1.23150457	6.03981744
1019	1077	110	10	0.41825804	1.75858267
1019	1077	110	11	3.27729589	31.52642514
1019	1077	110	12	0.00492253	0.03310283
1019	1077	110	13	0.89853175	4.98255906
1019	1077	110	14	0.57890134	2.29484252
1019	1077	110	15	0.48155076	2.14332533
1019	1077	110	16	0.50388149	2.42561859
1019	1077	110	17	1.83474594	11.22861195
1019	1077	110	18	1.44988642	7.64467069
1019	1077	110	19	2.47113299	38.25188187
1019	1077	111	0	0.29294777	3.46344611
1019	1077	111	1	2.09610250	9.07919013
1019	1077	111	2	0.35330584	1.61690600
1019	1077	111	3	2.68731206	32.31024064
1019	1077	111	4	0.00865311	0.03206359
1019	1077	111	5	0.48430564	4.02737983
1019	1077	111	6	0.00185891	0.00898886
1019	1077	111	7	2.93139939	11.32287026
1019	1077	111	8	1.44977283	5.91535830
1019	1077	111	9	1.23150004	6.03984789
1019	1077	111	10	0.41871446	1.76003291
1019	1077	111	11	3.27730583	31.52644558
1019	1077	111	12	0.00491935	0.03310441
1019	1077	111	13	0.89822299	4.97881548
1019	1077	111	14	0.57846927	2.29313332
1019	1077	111	15	0.48205499	2.14467379
1019	1077	111	16	0.50349644	2.42402646
1019	1077	111	17	1.83562500	11.23196735
1019	1077	111	18	1.45060584	7.64764638
1019	1077	111	19	2.46984987	38.25226595
1019	1077	112	0	0.29293147	3.46139562
1019	1077	112	1	2.09574955	9.07771654
1019	1077	112	2	0.35338683	1.61703930
1019	1077	112	3	2.68808787	32.32176600
1019	1077	112	4	0.00864727	0.03204932
1019	1077	112	5	0.48485781	4.02927664
1019	1077	112	6	0.00185762	0.00898568
1019	1077	112	7	2.93141019	11.32287252
1019	1077	112	8	1.44978481	5.91538632
1019	1077	112	9	1.23149421	6.03986761
1019	1077	112	10	0.41916747	1.76159585
1019	1077	112	11	3.27731750	31.52647383
1019	1077	112	12	0.00491605	0.03310258
1019	1077	112	13	0.89798319	4.97544106
1019	1077	112	14	0.57805762	2.29142447
1019	1077	112	15	0.48256534	2.14622436
1019	1077	112	16	0.50312541	2.42238107
1019	1077	112	17	1.83648015	11.23565455
1019	1077	112	18	1.45130134	7.65077830
1019	1077	112	19	2.46853212	38.25134211
1019	1077	113	0	0.29293472	3.45950347
1019	1077	113	1	2.09541261	9.07623043
1019	1077	113	2	0.35347161	1.61722446
1019	1077	113	3	2.68872614	32.33311269
1019	1077	113	4	0.00864132	0.03203307
1019	1077	113	5	0.48538938	4.03149842
1019	1077	113	6	0.00185631	0.00898188
1019	1077	113	7	2.93142238	11.32288499
1019	1077	113	8	1.44979709	5.91541946
1019	1077	113	9	1.23148728	6.03987747
1019	1077	113	10	0.41961202	1.76324135
1019	1077	113	11	3.27733058	31.52651082
1019	1077	113	12	0.00491268	0.03309771
1019	1077	113	13	0.89780803	4.97243789
1019	1077	113	14	0.57766918	2.28973633
1019	1077	113	15	0.48307511	2.14793789
1019	1077	113	16	0.50277137	2.42070753
1019	1077	113	17	1.83730368	11.23959551
1019	1077	113	18	1.45196708	7.65401293
1019	1077	113	19	2.46719894	38.24916019
1019	1077	114	0	0.29295547	3.45777575
1019	1077	114	1	2.09509407	9.07475074
1019	1077	114	2	0.35355880	1.61745396
1019	1077	114	3	2.68923344	32.34415797
1019	1077	114	4	0.00863534	0.03201527
1019	1077	114	5	0.48589612	4.03398563
1019	1077	114	6	0.00185501	0.00897755
1019	1077	114	7	2.93143565	11.32290643
1019	1077	114	8	1.44980945	5.91545675
1019	1077	114	9	1.23147943	6.03987839
1019	1077	114	10	0.42004370	1.76494141
1019	1077	114	11	3.27734475	31.52655705
1019	1077	114	12	0.00490929	0.03309021
1019	1077	114	13	0.89769289	4.96980340
1019	1077	114	14	0.57730620	2.28808686
1019	1077	114	15	0.48357830	2.14977728
1019	1077	114	16	0.50243678	2.41902870
1019	1077	114	17	1.83808903	11.24371723
1019	1077	114	18	1.45259823	7.65730108
1019	1077	114	19	2.46586774	38.24578603
1019	1077	115	0	0.29299166	3.45621593
1019	1077	115	1	2.09479584	9.07329435
1019	1077	115	2	0.35364712	1.61772053
1019	1077	115	3	2.68961721	32.35479582
1019	1077	115	4	0.00862942	0.03199630
1019	1077	115	5	0.48637455	4.03668166
1019	1077	115	6	0.00185373	0.00897282
1019	1077	115	7	2.93144972	11.32293558
1019	1077	115	8	1.44982175	5.91549727
1019	1077	115	9	1.23147086	6.03987128
1019	1077	115	10	0.42045868	1.76667020
1019	1077	115	11	3.27735970	31.52661263
1019	1077	115	12	0.00490593	0.03308043
1019	1077	115	13	0.89763293	4.96753084
1019	1077	115	14	0.57697036	2.28649174
1019	1077	115	15	0.48406958	2.15170774
1019	1077	115	16	0.50212362	2.41736513
1019	1077	115	17	1.83883082	11.24795205
1019	1077	115	18	1.45319084	7.66059803
1019	1077	115	19	2.46455411	38.24129860
1019	1077	116	0	0.29304127	3.45482516
1019	1077	116	1	2.09451940	9.07187621
1019	1077	116	2	0.35373542	1.61801719
1019	1077	116	3	2.68988560	32.36493647
1019	1077	116	4	0.00862361	0.03197653
1019	1077	116	5	0.48682186	4.03953319
1019	1077	116	6	0.00185248	0.00896779
1019	1077	116	7	2.93146433	11.32297126
1019	1077	116	8	1.44983383	5.91554016
1019	1077	116	9	1.23146174	6.03985704
1019	1077	116	10	0.42085372	1.76840422
1019	1077	116	11	3.27737517	31.52667739
1019	1077	116	12	0.00490264	0.03306874
1019	1077	116	13	0.89762314	4.96560985
1019	1077	116	14	0.57666287	2.28496436
1019	1077	116	15	0.48454433	2.15369699
1019	1077	116	16	0.50183340	2.41573507
1019	1077	116	17	1.83952471	11.25223795
1019	1077	116	18	1.45374184	7.66386358
1019	1077	116	19	2.46327186	38.23578740
1019	1077	117	0	0.29310234	3.45360246
1019	1077	117	1	2.09426583	9.07050926
1019	1077	117	2	0.35382265	1.61833736
1019	1077	117	3	2.69004731	32.37450571
1019	1077	117	4	0.00861798	0.03195629
1019	1077	117	5	0.48723590	4.04249045
1019	1077	117	6	0.00185128	0.00896255
1019	1077	117	7	2.93147923	11.32301230
1019	1077	117	8	1.44984556	5.91558461
1019	1077	117	9	1.23145224	6.03983659
1019	1077	117	10	0.42122617	1.77012231
1019	1077	117	11	3.27739090	31.52675089
1019	1077	117	12	0.00489945	0.03305550
1019	1077	117	13	0.89765845	4.96402693
1019	1077	117	14	0.57638446	2.28351592
1019	1077	117	15	0.48499856	2.15571529
1019	1077	117	16	0.50156722	2.41415448
1019	1077	117	17	1.84016739	11.25651871
1019	1077	117	18	1.45424899	7.66706205
1019	1077	117	19	2.46203298	38.22934992
1019	1077	118	0	0.29317294	3.45254496
1019	1077	118	1	2.09403581	9.06920454
1019	1077	118	2	0.35390789	1.61867482
1019	1077	118	3	2.69011138	32.38344418
1019	1077	118	4	0.00861259	0.03193590
1019	1077	118	5	0.48761512	4.04550753
1019	1077	118	6	0.00185013	0.00895720
1019	1077	118	7	2.93149420	11.32305762
1019	1077	118	8	1.44985684	5.91562990
1019	1077	118	9	1.23144251	6.03981081
1019	1077	118	10	0.42157389	1.77180563
1019	1077	118	11	3.27740668	31.52683248
1019	1077	118	12	0.00489639	0.03304104
1019	1077	118	13	0.89773379	4.96276598
1019	1077	118	14	0.57613546	2.28215554
1019	1077	118	15	0.48542897	2.15773563
1019	1077	118	16	0.50132577	2.41263709
1019	1077	118	17	1.84075651	11.26074396
1019	1077	118	18	1.45471077	7.67016230
1019	1077	118	19	2.46084773	38.22208937
1019	1077	119	0	0.29325128	3.45164815
1019	1077	119	1	2.09382969	9.06797123
1019	1077	119	2	0.35399032	1.61902381
1019	1077	119	3	2.69008710	32.39170647
1019	1077	119	4	0.00860746	0.03191563
1019	1077	119	5	0.48795858	4.04854244
1019	1077	119	6	0.00184904	0.00895180
1019	1077	119	7	2.93150905	11.32310618
1019	1077	119	8	1.44986757	5.91567538
1019	1077	119	9	1.23143268	6.03978055
1019	1077	119	10	0.42189527	1.77343770
1019	1077	119	11	3.27742229	31.52692136
1019	1077	119	12	0.00489348	0.03302566
1019	1077	119	13	0.89784414	4.96180870
1019	1077	119	14	0.57591579	2.28089034
1019	1077	119	15	0.48583284	2.15973374
1019	1077	119	16	0.50110937	2.41119445
1019	1077	119	17	1.84129061	11.26486919
1019	1077	119	18	1.45512638	7.67313754
1019	1077	119	19	2.45972469	38.21411254
1019	1077	120	0	0.29333563	3.45090606
1019	1077	120	1	2.09364749	9.06681674
1019	1077	120	2	0.35406925	1.61937900
1019	1077	120	3	2.68998386	32.39926025
1019	1077	120	4	0.00860265	0.03189571
1019	1077	120	5	0.48826581	4.05155728
1019	1077	120	6	0.00184803	0.00894644
1019	1077	120	7	2.93152361	11.32315702
1019	1077	120	8	1.44987768	5.91572044
1019	1077	120	9	1.23142289	6.03974664
1019	1077	120	10	0.42218916	1.77500433
1019	1077	120	11	3.27743755	31.52701661
1019	1077	120	12	0.00489075	0.03300967
1019	1077	120	13	0.89798456	4.96113513
1019	1077	120	14	0.57572504	2.27972557
1019	1077	120	15	0.48620808	2.16168805
1019	1077	120	16	0.50091802	2.40983605
1019	1077	120	17	1.84176900	11.26885570
1019	1077	120	18	1.45549566	7.67596527
1019	1077	120	19	2.45867079	38.20552791
1019	1077	121	0	0.29342437	3.45031152
1019	1077	121	1	2.09348894	9.06574677
1019	1077	121	2	0.35414410	1.61973554
1019	1077	121	3	2.68981100	32.40608520
1019	1077	121	4	0.00859817	0.03187636
1019	1077	121	5	0.48853688	4.05451823
1019	1077	121	6	0.00184710	0.00894118
1019	1077	121	7	2.93153771	11.32320925
1019	1077	121	8	1.44988710	5.91576456
1019	1077	121	9	1.23141324	6.03970984
1019	1077	121	10	0.42245487	1.77649353
1019	1077	121	11	3.27745232	31.52711723
1019	1077	121	12	0.00488821	0.03299332
1019	1077	121	13	0.89815030	4.96072395
1019	1077	121	14	0.57556252	2.27866475
1019	1077	121	15	0.48655313	2.16357974
1019	1077	121	16	0.50075141	2.40856937
1019	1077	121	17	1.84219176	11.27267039
1019	1077	121	18	1.45581898	7.67862706
1019	1077	121	19	2.45769146	38.19644387
1019	1077	122	0	0.29351599	3.44985636
1019	1077	122	1	2.09335351	9.06476545
1019	1077	122	2	0.35421440	1.62008906
1019	1077	122	3	2.68957774	32.41217209
1019	1077	122	4	0.00859405	0.03185777
1019	1077	122	5	0.48877223	4.05739557
1019	1077	122	6	0.00184624	0.00893607
1019	1077	122	7	2.93155124	11.32326207
1019	1077	122	8	1.44989579	5.91580729
1019	1077	122	9	1.23140384	6.03967091
1019	1077	122	10	0.42269212	1.77789549
1019	1077	122	11	3.27746646	31.52722215
1019	1077	122	12	0.00488587	0.03297685
1019	1077	122	13	0.89833678	4.96055297
1019	1077	122	14	0.57542724	2.27770980
1019	1077	122	15	0.48686697	2.16539266
1019	1077	122	16	0.50060898	2.40740004
1019	1077	122	17	1.84255960	11.27628567
1019	1077	122	18	1.45609726	7.68110839
1019	1077	122	19	2.45679066	38.18696725
1019	1077	123	0	0.29360912	3.44953159
1019	1077	123	1	2.09324046	9.06387541
1019	1077	123	2	0.35427976	1.62043565
1019	1077	123	3	2.68929308	32.41752163
1019	1077	123	4	0.00859030	0.03184008
1019	1077	123	5	0.48897273	4.06016361
1019	1077	123	6	0.00184546	0.00893116
1019	1077	123	7	2.93156409	11.32331474
1019	1077	123	8	1.44990372	5.91584824
1019	1077	123	9	1.23139478	6.03963051
1019	1077	123	10	0.42290100	1.77920241
1019	1077	123	11	3.27747985	31.52733030
1019	1077	123	12	0.00488373	0.03296050
1019	1077	123	13	0.89853963	4.96059943
1019	1077	123	14	0.57531801	2.27686119
1019	1077	123	15	0.48714903	2.16711324
1019	1077	123	16	0.50048994	2.40633197
1019	1077	123	17	1.84287382	11.27967913
1019	1077	123	18	1.45633183	7.68339835
1019	1077	123	19	2.45597101	38.17720194
1019	1077	124	0	0.29370249	3.44932761
1019	1077	124	1	2.09314884	9.06307795
1019	1077	124	2	0.35433991	1.62077190
1019	1077	124	3	2.68896569	32.42214348
1019	1077	124	4	0.00858693	0.03182343
1019	1077	124	5	0.48913954	4.06280059
1019	1077	124	6	0.00184477	0.00892650
1019	1077	124	7	2.93157616	11.32336662
1019	1077	124	8	1.44991088	5.91588708
1019	1077	124	9	1.23138612	6.03958928
1019	1077	124	10	0.42308191	1.78040846
1019	1077	124	11	3.27749241	31.52744061
1019	1077	124	12	0.00488182	0.03294444
1019	1077	124	13	0.89875477	4.96084033
1019	1077	124	14	0.57523345	2.27611805
1019	1077	124	15	0.48739921	2.16873039
1019	1077	124	16	0.50039328	2.40536742
1019	1077	124	17	1.84313621	11.28283334
1019	1077	124	18	1.45652442	7.68548946
1019	1077	124	19	2.45523392	38.16724775
1019	1077	125	0	0.29379496	3.44923438
1019	1077	125	1	2.09307755	9.06237312
1019	1077	125	2	0.35439467	1.62109486
1019	1077	125	3	2.68860387	32.42605519
1019	1077	125	4	0.00858394	0.03180790
1019	1077	125	5	0.48927414	4.06528852
1019	1077	125	6	0.00184416	0.00892211
1019	1077	125	7	2.93158739	11.32341714
1019	1077	125	8	1.44991724	5.91592356
1019	1077	125	9	1.23137793	6.03954781
1019	1077	125	10	0.42323556	1.78150956
1019	1077	125	11	3.27750408	31.52755201
1019	1077	125	12	0.00488012	0.03292886
1019	1077	125	13	0.89897837	4.96125275
1019	1077	125	14	0.57517202	2.27547837
1019	1077	125	15	0.48761779	2.17023541
1019	1077	125	16	0.50031786	2.40450721
1019	1077	125	17	1.84334901	11.28573549
1019	1077	125	18	1.45667706	7.68737736
1019	1077	125	19	2.45457965	38.15719942
1019	1077	126	0	0.29388553	3.44924156
1019	1077	126	1	2.09302536	9.06175983
1019	1077	126	2	0.35444393	1.62140204
1019	1077	126	3	2.68821547	32.42928112
1019	1077	126	4	0.00858133	0.03179358
1019	1077	126	5	0.48937822	4.06761303
1019	1077	126	6	0.00184364	0.00891802
1019	1077	126	7	2.93159772	11.32346581
1019	1077	126	8	1.44992282	5.91595746
1019	1077	126	9	1.23137026	6.03950660
1019	1077	126	10	0.42336293	1.78250334
1019	1077	126	11	3.27751479	31.52766350
1019	1077	126	12	0.00487863	0.03291389
1019	1077	126	13	0.89920689	4.96181408
1019	1077	126	14	0.57513207	2.27493910
1019	1077	126	15	0.48780539	2.17162182
1019	1077	126	16	0.50026238	2.40375085
1019	1077	126	17	1.84351481	11.28837710
1019	1077	126	18	1.45679206	7.68906059
1019	1077	126	19	2.45400745	38.14714585
1019	1077	127	0	0.29397332	3.44933870
1019	1077	127	1	2.09299092	9.06123604
1019	1077	127	2	0.35448767	1.62169138
1019	1077	127	3	2.68780786	32.43185149
1019	1077	127	4	0.00857909	0.03178052
1019	1077	127	5	0.48945368	4.06976320
1019	1077	127	6	0.00184319	0.00891425
1019	1077	127	7	2.93160711	11.32351221
1019	1077	127	8	1.44992763	5.91598863
1019	1077	127	9	1.23136315	6.03946612
1019	1077	127	10	0.42346519	1.78338895
1019	1077	127	11	3.27752451	31.52777410
1019	1077	127	12	0.00487735	0.03289966
1019	1077	127	13	0.89943711	4.96250229
1019	1077	127	14	0.57511185	2.27449632
1019	1077	127	15	0.48796296	2.17288521
1019	1077	127	16	0.50022544	2.40309662
1019	1077	127	17	1.84363647	11.29075365
1019	1077	127	18	1.45687194	7.69054023
1019	1077	127	19	2.45351567	38.13716946
1019	1077	128	0	0.29405756	3.44951536
1019	1077	128	1	2.09297281	9.06079881
1019	1077	128	2	0.35452592	1.62196126
1019	1077	128	3	2.68738787	32.43380139
1019	1077	128	4	0.00857721	0.03176875
1019	1077	128	5	0.48950256	4.07173126
1019	1077	128	6	0.00184282	0.00891081
1019	1077	128	7	2.93161556	11.32355599
1019	1077	128	8	1.44993168	5.91601697
1019	1077	128	9	1.23135662	6.03942678
1019	1077	128	10	0.42354369	1.78416691
1019	1077	128	11	3.27753323	31.52788293
1019	1077	128	12	0.00487628	0.03288626
1019	1077	128	13	0.89966610	4.96329608
1019	1077	128	14	0.57510958	2.27414535
1019	1077	128	15	0.48809170	2.17402311
1019	1077	128	16	0.50020558	2.40254178
1019	1077	128	17	1.84371712	11.29286425
1019	1077	128	18	1.45691938	7.69181970
1019	1077	128	19	2.45310187	38.12734568
1019	1077	129	0	0.29413760	3.44976120
1019	1077	129	1	2.09296958	9.06044450
1019	1077	129	2	0.35455879	1.62221043
1019	1077	129	3	2.68696180	32.43516983
1019	1077	129	4	0.00857567	0.03175828
1019	1077	129	5	0.48952702	4.07351248
1019	1077	129	6	0.00184252	0.00890772
1019	1077	129	7	2.93162305	11.32359689
1019	1077	129	8	1.44993502	5.91604242
1019	1077	129	9	1.23135070	6.03938894
1019	1077	129	10	0.42359995	1.78483900
1019	1077	129	11	3.27754094	31.52798917
1019	1077	129	12	0.00487541	0.03287379
1019	1077	129	13	0.89989125	4.96417512
1019	1077	129	14	0.57512342	2.27388090
1019	1077	129	15	0.48819304	2.17503481
1019	1077	129	16	0.50020126	2.40208271
1019	1077	129	17	1.84376003	11.29471127
1019	1077	129	18	1.45693717	7.69290445
1019	1077	129	19	2.45276293	38.11774263
1019	1077	130	0	0.29421293	3.45006615
1019	1077	130	1	2.09297972	9.06016881
1019	1077	130	2	0.35458643	1.62243806
1019	1077	130	3	2.68653536	32.43599886
1019	1077	130	4	0.00857447	0.03174910
1019	1077	130	5	0.48952928	4.07510479
1019	1077	130	6	0.00184230	0.00890497
1019	1077	130	7	2.93162959	11.32363469
1019	1077	130	8	1.44993766	5.91606497
1019	1077	130	9	1.23134539	6.03935289
1019	1077	130	10	0.42363559	1.78540805
1019	1077	130	11	3.27754765	31.52809208
1019	1077	130	12	0.00487472	0.03286230
1019	1077	130	13	0.90011028	4.96512013
1019	1077	130	14	0.57515155	2.27369720
1019	1077	130	15	0.48826858	2.17592119
1019	1077	130	16	0.50021094	2.40171499
1019	1077	130	17	1.84376859	11.29629994
1019	1077	130	18	1.45692814	7.69380167
1019	1077	130	19	2.45249518	38.10842092
1019	1077	131	0	0.29428313	3.45042046
1019	1077	131	1	2.09300173	9.05996696
1019	1077	131	2	0.35460906	1.62264360
1019	1077	131	3	2.68611367	32.43633280
1019	1077	131	4	0.00857357	0.03174120
1019	1077	131	5	0.48951161	4.07650863
1019	1077	131	6	0.00184214	0.00890256
1019	1077	131	7	2.93163519	11.32366924
1019	1077	131	8	1.44993965	5.91608463
1019	1077	131	9	1.23134069	6.03931889
1019	1077	131	10	0.42365231	1.78587787
1019	1077	131	11	3.27755338	31.52819099
1019	1077	131	12	0.00487421	0.03285182
1019	1077	131	13	0.90032118	4.96611304
1019	1077	131	14	0.57519214	2.27358811
1019	1077	131	15	0.48832009	2.17668451
1019	1077	131	16	0.50023305	2.40143358
1019	1077	131	17	1.84374623	11.29763805
1019	1077	131	18	1.45689519	7.69452004
1019	1077	131	19	2.45229443	38.09943356
1019	1077	132	0	0.29434788	3.45081478
1019	1077	132	1	2.09303412	9.05983375
1019	1077	132	2	0.35462692	1.62282688
1019	1077	132	3	2.68570129	32.43621739
1019	1077	132	4	0.00857297	0.03173455
1019	1077	132	5	0.48947628	4.07772665
1019	1077	132	6	0.00184204	0.00890049
1019	1077	132	7	2.93163988	11.32370044
1019	1077	132	8	1.44994102	5.91610146
1019	1077	132	9	1.23133661	6.03928711
1019	1077	132	10	0.42365186	1.78625305
1019	1077	132	11	3.27755815	31.52828535
1019	1077	132	12	0.00487386	0.03284239
1019	1077	132	13	0.90052229	4.96713705
1019	1077	132	14	0.57524344	2.27354721
1019	1077	132	15	0.48834941	2.17732832
1019	1077	132	16	0.50026604	2.40123291
1019	1077	132	17	1.84369644	11.29873557
1019	1077	132	18	1.45684117	7.69506950
1019	1077	132	19	2.45215618	38.09082597
1019	1077	133	0	0.29440697	3.45124027
1019	1077	133	1	2.09307542	9.05976370
1019	1077	133	2	0.35464027	1.62298799
1019	1077	133	3	2.68530218	32.43569915
1019	1077	133	4	0.00857264	0.03172909
1019	1077	133	5	0.48942555	4.07876344
1019	1077	133	6	0.00184199	0.00889875
1019	1077	133	7	2.93164370	11.32372826
1019	1077	133	8	1.44994184	5.91611555
1019	1077	133	9	1.23133311	6.03925773
1019	1077	133	10	0.42363602	1.78653886
1019	1077	133	11	3.27756201	31.52837467
1019	1077	133	12	0.00487367	0.03283402
1019	1077	133	13	0.90071219	4.96817672
1019	1077	133	14	0.57530371	2.27356795
1019	1077	133	15	0.48835851	2.17785722
1019	1077	133	16	0.50030839	2.40110706
1019	1077	133	17	1.84362263	11.29960429
1019	1077	133	18	1.45676892	7.69546095
1019	1077	133	19	2.45207559	38.08263609
1019	1077	134	0	0.29446026	3.45168860
1019	1077	134	1	2.09312422	9.05975113
1019	1077	134	2	0.35464944	1.62312726
1019	1077	134	3	2.68491976	32.43482473
1019	1077	134	4	0.00857255	0.03172477
1019	1077	134	5	0.48936160	4.07962531
1019	1077	134	6	0.00184200	0.00889733
1019	1077	134	7	2.93164668	11.32375270
1019	1077	134	8	1.44994213	5.91612699
1019	1077	134	9	1.23133019	6.03923085
1019	1077	134	10	0.42360658	1.78674109
1019	1077	134	11	3.27756501	31.52845858
1019	1077	134	12	0.00487361	0.03282670
1019	1077	134	13	0.90088977	4.96921803
1019	1077	134	14	0.57537130	2.27364372
1019	1077	134	15	0.48834934	2.17827671
1019	1077	134	16	0.50035863	2.40104978
1019	1077	134	17	1.84352818	11.30025751
1019	1077	134	18	1.45668118	7.69570605
1019	1077	134	19	2.45204767	38.07489463
1019	1077	135	0	0.29450773	3.45215205
1019	1077	135	1	2.09317915	9.05979027
1019	1077	135	2	0.35465473	1.62324527
1019	1077	135	3	2.68455687	32.43364029
1019	1077	135	4	0.00857268	0.03172153
1019	1077	135	5	0.48928659	4.08031999
1019	1077	135	6	0.00184205	0.00889621
1019	1077	135	7	2.93164889	11.32377379
1019	1077	135	8	1.44994195	5.91613592
1019	1077	135	9	1.23132782	6.03920652
1019	1077	135	10	0.42356528	1.78686594
1019	1077	135	11	3.27756718	31.52853675
1019	1077	135	12	0.00487368	0.03282041
1019	1077	135	13	0.90105417	4.97024835
1019	1077	135	14	0.57544466	2.27376791
1019	1077	135	15	0.48832392	2.17859305
1019	1077	135	16	0.50041533	2.40105467
1019	1077	135	17	1.84341635	11.30070974
1019	1077	135	18	1.45658060	7.69581702
1019	1077	135	19	2.45206730	38.06762528
1019	1077	136	0	0.29454939	3.45262348
1019	1077	136	1	2.09323891	9.05987529
1019	1077	136	2	0.35465648	1.62334280
1019	1077	136	3	2.68421585	32.43219106
1019	1077	136	4	0.00857301	0.03171929
1019	1077	136	5	0.48920256	4.08085646
1019	1077	136	6	0.00184214	0.00889537
1019	1077	136	7	2.93165035	11.32379163
1019	1077	136	8	1.44994135	5.91614249
1019	1077	136	9	1.23132597	6.03918479
1019	1077	136	10	0.42351386	1.78691991
1019	1077	136	11	3.27756860	31.52860897
1019	1077	136	12	0.00487387	0.03281513
1019	1077	136	13	0.90120477	4.97125650
1019	1077	136	14	0.57552229	2.27393404
1019	1077	136	15	0.48828423	2.17881310
1019	1077	136	16	0.50047715	2.40111525
1019	1077	136	17	1.84329028	11.30097638
1019	1077	136	18	1.45646972	7.69580641
1019	1077	136	19	2.45212932	38.06084510
1019	1077	137	0	0.29458535	3.45309643
1019	1077	137	1	2.09330229	9.06000044
1019	1077	137	2	0.35465504	1.62342078
1019	1077	137	3	2.68389853	32.43052083
1019	1077	137	4	0.00857352	0.03171800
1019	1077	137	5	0.48911145	4.08124463
1019	1077	137	6	0.00184227	0.00889480
1019	1077	137	7	2.93165115	11.32380631
1019	1077	137	8	1.44994038	5.91614684
1019	1077	137	9	1.23132461	6.03916563
1019	1077	137	10	0.42345399	1.78690967
1019	1077	137	11	3.27756931	31.52867510
1019	1077	137	12	0.00487415	0.03281081
1019	1077	137	13	0.90134119	4.97223268
1019	1077	137	14	0.57560283	2.27413576
1019	1077	137	15	0.48823223	2.17894416
1019	1077	137	16	0.50054282	2.40122503
1019	1077	137	17	1.84315294	11.30107345
1019	1077	137	18	1.45635093	7.69568693
1019	1077	137	19	2.45222860	38.05456489
1019	1077	138	0	0.29461576	3.45356505
1019	1077	138	1	2.09336814	9.06016004
1019	1077	138	2	0.35465076	1.62348028
1019	1077	138	3	2.68360626	32.42867160
1019	1077	138	4	0.00857417	0.03171755
1019	1077	138	5	0.48901510	4.08149520
1019	1077	138	6	0.00184243	0.00889448
1019	1077	138	7	2.93165132	11.32381799
1019	1077	138	8	1.44993909	5.91614917
1019	1077	138	9	1.23132371	6.03914903
1019	1077	138	10	0.42338725	1.78684198
1019	1077	138	11	3.27756939	31.52873508
1019	1077	138	12	0.00487452	0.03280743
1019	1077	138	13	0.90146326	4.97316851
1019	1077	138	14	0.57568501	2.27436699
1019	1077	138	15	0.48816981	2.17899385
1019	1077	138	16	0.50061116	2.40137760
1019	1077	138	17	1.84300716	11.30101736
1019	1077	138	18	1.45622647	7.69547127
1019	1077	138	19	2.45236008	38.04878960
1019	1077	139	0	0.29464082	3.45402416
1019	1077	139	1	2.09343542	9.06034863
1019	1077	139	2	0.35464398	1.62352251
1019	1077	139	3	2.68333996	32.42668325
1019	1077	139	4	0.00857495	0.03171789
1019	1077	139	5	0.48891520	4.08161940
1019	1077	139	6	0.00184261	0.00889438
1019	1077	139	7	2.93165093	11.32382681
1019	1077	139	8	1.44993753	5.91614963
1019	1077	139	9	1.23132323	6.03913491
1019	1077	139	10	0.42331516	1.78672359
1019	1077	139	11	3.27756888	31.52878889
1019	1077	139	12	0.00487496	0.03280491
1019	1077	139	13	0.90157099	4.97405695
1019	1077	139	14	0.57576767	2.27462190
1019	1077	139	15	0.48809880	2.17896998
1019	1077	139	16	0.50068106	2.40156671
1019	1077	139	17	1.84285555	11.30082464
1019	1077	139	18	1.45609843	7.69517198
1019	1077	139	19	2.45251886	38.04351883
1019	1077	140	0	0.29466079	3.45446923
1019	1077	140	1	2.09350318	9.06056094
1019	1077	140	2	0.35463503	1.62354873
1019	1077	140	3	2.68310014	32.42459326
1019	1077	140	4	0.00857584	0.03171891
1019	1077	140	5	0.48881332	4.08162882
1019	1077	140	6	0.00184282	0.00889448
1019	1077	140	7	2.93165005	11.32383297
1019	1077	140	8	1.44993573	5.91614841
1019	1077	140	9	1.23132313	6.03912318
1019	1077	140	10	0.42323914	1.78656118
1019	1077	140	11	3.27756787	31.52883660
1019	1077	140	12	0.00487546	0.03280321
1019	1077	140	13	0.90166457	4.97489223
1019	1077	140	14	0.57584977	2.27489497
1019	1077	140	15	0.48802095	2.17888046
1019	1077	140	16	0.50075152	2.40178631
1019	1077	140	17	1.84270054	11.30051174
1019	1077	140	18	1.45596871	7.69480128
1019	1077	140	19	2.45270019	38.03874728
1019	1077	141	0	0.29467595	3.45489636
1019	1077	141	1	2.09357054	9.06079194
1019	1077	141	2	0.35462426	1.62356028
1019	1077	141	3	2.68288695	32.42243654
1019	1077	141	4	0.00857682	0.03172055
1019	1077	141	5	0.48871090	4.08153524
1019	1077	141	6	0.00184304	0.00889477
1019	1077	141	7	2.93164873	11.32383665
1019	1077	141	8	1.44993375	5.91614569
1019	1077	141	9	1.23132338	6.03911375
1019	1077	141	10	0.42316052	1.78636124
1019	1077	141	11	3.27756640	31.52887833
1019	1077	141	12	0.00487601	0.03280226
1019	1077	141	13	0.90174432	4.97566983
1019	1077	141	14	0.57593038	2.27518105
1019	1077	141	15	0.48793789	2.17873314
1019	1077	141	16	0.50082164	2.40203061
1019	1077	141	17	1.84254434	11.30009487
1019	1077	141	18	1.45583903	7.69437102
1019	1077	141	19	2.45289956	38.03446526
1019	1077	142	0	0.29468662	3.45530228
1019	1077	142	1	2.09363673	9.06103694
1019	1077	142	2	0.35461198	1.62355854
1019	1077	142	3	2.68270019	32.42024523
1019	1077	142	4	0.00857786	0.03172272
1019	1077	142	5	0.48860922	4.08135044
1019	1077	142	6	0.00184327	0.00889522
1019	1077	142	7	2.93164703	11.32383805
1019	1077	142	8	1.44993163	5.91614166
1019	1077	142	9	1.23132393	6.03910649
1019	1077	142	10	0.42308050	1.78613006
1019	1077	142	11	3.27756454	31.52891426
1019	1077	142	12	0.00487660	0.03280201
1019	1077	142	13	0.90181072	4.97638637
1019	1077	142	14	0.57600868	2.27547536
1019	1077	142	15	0.48785118	2.17853577
1019	1077	142	16	0.50089061	2.40229412
1019	1077	142	17	1.84238895	11.29958978
1019	1077	142	18	1.45571097	7.69389253
1019	1077	142	19	2.45311272	38.03065920
1019	1077	143	0	0.29469312	3.45568428
1019	1077	143	1	2.09370109	9.06129153
1019	1077	143	2	0.35459850	1.62354489
1019	1077	143	3	2.68253937	32.41804864
1019	1077	143	4	0.00857894	0.03172534
1019	1077	143	5	0.48850944	4.08108611
1019	1077	143	6	0.00184351	0.00889581
1019	1077	143	7	2.93164501	11.32383739
1019	1077	143	8	1.44992940	5.91613649
1019	1077	143	9	1.23132475	6.03910126
1019	1077	143	10	0.42300019	1.78587366
1019	1077	143	11	3.27756236	31.52894460
1019	1077	143	12	0.00487721	0.03280238
1019	1077	143	13	0.90186435	4.97703955
1019	1077	143	14	0.57608398	2.27577351
1019	1077	143	15	0.48776223	2.17829591
1019	1077	143	16	0.50095772	2.40257169
1019	1077	143	17	1.84223615	11.29901168
1019	1077	143	18	1.45558588	7.69337654
1019	1077	143	19	2.45333566	38.02731213
1019	1077	144	0	0.29469582	3.45604026
1019	1077	144	1	2.09376302	9.06155166
1019	1077	144	2	0.35458409	1.62352075
1019	1077	144	3	2.68240375	32.41587315
1019	1077	144	4	0.00858005	0.03172834
1019	1077	144	5	0.48841254	4.08075365
1019	1077	144	6	0.00184376	0.00889652
1019	1077	144	7	2.93164272	11.32383488
1019	1077	144	8	1.44992710	5.91613037
1019	1077	144	9	1.23132580	6.03909791
1019	1077	144	10	0.42292060	1.78559772
1019	1077	144	11	3.27755991	31.52896961
1019	1077	144	12	0.00487784	0.03280331
1019	1077	144	13	0.90190589	4.97762808
1019	1077	144	14	0.57615567	2.27607153
1019	1077	144	15	0.48767233	2.17802083
1019	1077	144	16	0.50102236	2.40285853
1019	1077	144	17	1.84208751	11.29837507
1019	1077	144	18	1.45546496	7.69283311
1019	1077	144	19	2.45356469	38.02440419
1019	1077	145	0	0.29469507	3.45636861
1019	1077	145	1	2.09382204	9.06181362
1019	1077	145	2	0.35456904	1.62348747
1019	1077	145	3	2.68229235	32.41374220
1019	1077	145	4	0.00858118	0.03173164
1019	1077	145	5	0.48831941	4.08036412
1019	1077	145	6	0.00184400	0.00889732
1019	1077	145	7	2.93164022	11.32383074
1019	1077	145	8	1.44992478	5.91612345
1019	1077	145	9	1.23132704	6.03909630
1019	1077	145	10	0.42284260	1.78530759
1019	1077	145	11	3.27755725	31.52898956
1019	1077	145	12	0.00487848	0.03280473
1019	1077	145	13	0.90193607	4.97815157
1019	1077	145	14	0.57622328	2.27636583
1019	1077	145	15	0.48758268	2.17771749
1019	1077	145	16	0.50108401	2.40315024
1019	1077	145	17	1.84194438	11.29769365
1019	1077	145	18	1.45534924	7.69227162
1019	1077	145	19	2.45379644	38.02191312
1019	1077	146	0	0.29469124	3.45666825
1019	1077	146	1	2.09387773	9.06207408
1019	1077	146	2	0.35455359	1.62344641
1019	1077	146	3	2.68220400	32.41167631
1019	1077	146	4	0.00858230	0.03173518
1019	1077	146	5	0.48823076	4.07992811
1019	1077	146	6	0.00184425	0.00889821
1019	1077	146	7	2.93163756	11.32382516
1019	1077	146	8	1.44992245	5.91611590
1019	1077	146	9	1.23132844	6.03909626
1019	1077	146	10	0.42276696	1.78500822
1019	1077	146	11	3.27755442	31.52900477
1019	1077	146	12	0.00487912	0.03280658
1019	1077	146	13	0.90195572	4.97861045
1019	1077	146	14	0.57628640	2.27665329
1019	1077	146	15	0.48749431	2.17739246
1019	1077	146	16	0.50114223	2.40344280
1019	1077	146	17	1.84180792	11.29698025
1019	1077	146	18	1.45523956	7.69170069
1019	1077	146	19	2.45402783	38.01981469
1019	1077	147	0	0.29468469	3.45693853
1019	1077	147	1	2.09392978	9.06233006
1019	1077	147	2	0.35453796	1.62339886
1019	1077	147	3	2.68213738	32.40969317
1019	1077	147	4	0.00858341	0.03173888
1019	1077	147	5	0.48814721	4.07945568
1019	1077	147	6	0.00184449	0.00889915
1019	1077	147	7	2.93163479	11.32381838
1019	1077	147	8	1.44992014	5.91610787
1019	1077	147	9	1.23132996	6.03909762
1019	1077	147	10	0.42269435	1.78470417
1019	1077	147	11	3.27755149	31.52901558
1019	1077	147	12	0.00487975	0.03280879
1019	1077	147	13	0.90196568	4.97900588
1019	1077	147	14	0.57634474	2.27693113
1019	1077	147	15	0.48740817	2.17705188
1019	1077	147	16	0.50119668	2.40373261
1019	1077	147	17	1.84167908	11.29624674
1019	1077	147	18	1.45513663	7.69112814
1019	1077	147	19	2.45425611	38.01808320
1019	1077	148	0	0.29467578	3.45717924
1019	1077	148	1	2.09397792	9.06257894
1019	1077	148	2	0.35452236	1.62334607
1019	1077	148	3	2.68209104	32.40780764
1019	1077	148	4	0.00858450	0.03174269
1019	1077	148	5	0.48806922	4.07895629
1019	1077	148	6	0.00184472	0.00890014
1019	1077	148	7	2.93163195	11.32381057
1019	1077	148	8	1.44991789	5.91609950
1019	1077	148	9	1.23133158	6.03910024
1019	1077	148	10	0.42262533	1.78439957
1019	1077	148	11	3.27754848	31.52902233
1019	1077	148	12	0.00488036	0.03281130
1019	1077	148	13	0.90196683	4.97933966
1019	1077	148	14	0.57639811	2.27719703
1019	1077	148	15	0.48732505	2.17670147
1019	1077	148	16	0.50124709	2.40401648
1019	1077	148	17	1.84155862	11.29550403
1019	1077	148	18	1.45504098	7.69056102
1019	1077	148	19	2.45447887	38.01669183
1019	1077	149	0	0.29466487	3.45739054
1019	1077	149	1	2.09402200	9.06281847
1019	1077	149	2	0.35450698	1.62328922
1019	1077	149	3	2.68206345	32.40603193
1019	1077	149	4	0.00858554	0.03174655
1019	1077	149	5	0.48799716	4.07843873
1019	1077	149	6	0.00184494	0.00890115
1019	1077	149	7	2.93162908	11.32380195
1019	1077	149	8	1.44991570	5.91609093
1019	1077	149	9	1.23133327	6.03910394
1019	1077	149	10	0.42256036	1.78409816
1019	1077	149	11	3.27754546	31.52902538
1019	1077	149	12	0.00488096	0.03281405
1019	1077	149	13	0.90196007	4.97961415
1019	1077	149	14	0.57644636	2.27744901
1019	1077	149	15	0.48724564	2.17634644
1019	1077	149	16	0.50129328	2.40429161
1019	1077	149	17	1.84144712	11.29476199
1019	1077	149	18	1.45495301	7.69000560
1019	1077	149	19	2.45469399	38.01561309
1019	1077	150	0	0.29465228	3.45757293
1019	1077	150	1	2.09406190	9.06304674
1019	1077	150	2	0.35449199	1.62322940
1019	1077	150	3	2.68205300	32.40437568
1019	1077	150	4	0.00858654	0.03175042
1019	1077	150	5	0.48793128	4.07791110
1019	1077	150	6	0.00184515	0.00890218
1019	1077	150	7	2.93162621	11.32379268
1019	1077	150	8	1.44991361	5.91608227
1019	1077	150	9	1.23133499	6.03910857
1019	1077	150	10	0.42249980	1.78380321
1019	1077	150	11	3.27754245	31.52902509
1019	1077	150	12	0.00488152	0.03281699
1019	1077	150	13	0.90194631	4.97983218
1019	1077	150	14	0.57648945	2.27768550
1019	1077	150	15	0.48717052	2.17599156
1019	1077	150	16	0.50133512	2.40455559
1019	1077	150	17	1.84134500	11.29402948
1019	1077	150	18	1.45487298	7.68946733
1019	1077	150	19	2.45489969	38.01481915
1019	1077	151	0	0.29463836	3.45772720
1019	1077	151	1	2.09409757	9.06326217
1019	1077	151	2	0.35447751	1.62316766
1019	1077	151	3	2.68205804	32.40284615
1019	1077	151	4	0.00858749	0.03175424
1019	1077	151	5	0.48787173	4.07738080
1019	1077	151	6	0.00184536	0.00890321
1019	1077	151	7	2.93162339	11.32378295
1019	1077	151	8	1.44991162	5.91607365
1019	1077	151	9	1.23133673	6.03911398
1019	1077	151	10	0.42244392	1.78351760
1019	1077	151	11	3.27753949	31.52902181
1019	1077	151	12	0.00488206	0.03282006
1019	1077	151	13	0.90192642	4.97999696
1019	1077	151	14	0.57652740	2.27790524
1019	1077	151	15	0.48710013	2.17564105
1019	1077	151	16	0.50137257	2.40480641
1019	1077	151	17	1.84125251	11.29331432
1019	1077	151	18	1.45480104	7.68895091
1019	1077	151	19	2.45509445	38.01428219
1019	1077	152	0	0.29462339	3.45785440
1019	1077	152	1	2.09412902	9.06346350
1019	1077	152	2	0.35446367	1.62310492
1019	1077	152	3	2.68207691	32.40144832
1019	1077	152	4	0.00858838	0.03175798
1019	1077	152	5	0.48781858	4.07685447
1019	1077	152	6	0.00184554	0.00890423
1019	1077	152	7	2.93162063	11.32377292
1019	1077	152	8	1.44990975	5.91606514
1019	1077	152	9	1.23133845	6.03912002
1019	1077	152	10	0.42239290	1.78324380
1019	1077	152	11	3.27753660	31.52901592
1019	1077	152	12	0.00488257	0.03282321
1019	1077	152	13	0.90190129	4.98011201
1019	1077	152	14	0.57656027	2.27810733
1019	1077	152	15	0.48703484	2.17529869
1019	1077	152	16	0.50140563	2.40504240
1019	1077	152	17	1.84116977	11.29262331
1019	1077	152	18	1.45473722	7.68846029
1019	1077	152	19	2.45527708	38.01397467
1019	1077	153	0	0.29460768	3.45795580
1019	1077	153	1	2.09415632	9.06364977
1019	1077	153	2	0.35445057	1.62304204
1019	1077	153	3	2.68210795	32.40018512
1019	1077	153	4	0.00858921	0.03176160
1019	1077	153	5	0.48777179	4.07633802
1019	1077	153	6	0.00184572	0.00890522
1019	1077	153	7	2.93161797	11.32376272
1019	1077	153	8	1.44990800	5.91605685
1019	1077	153	9	1.23134015	6.03912655
1019	1077	153	10	0.42234686	1.78298388
1019	1077	153	11	3.27753382	31.52900775
1019	1077	153	12	0.00488304	0.03282639
1019	1077	153	13	0.90187175	4.98018110
1019	1077	153	14	0.57658820	2.27829117
1019	1077	153	15	0.48697490	2.17496774
1019	1077	153	16	0.50143435	2.40526228
1019	1077	153	17	1.84109677	11.29196227
1019	1077	153	18	1.45468143	7.68799871
1019	1077	153	19	2.45544663	38.01386965
1019	1077	154	0	0.29459148	3.45803285
1019	1077	154	1	2.09417956	9.06382030
1019	1077	154	2	0.35443829	1.62297980
1019	1077	154	3	2.68214953	32.39905757
1019	1077	154	4	0.00858998	0.03176507
1019	1077	154	5	0.48773128	4.07583666
1019	1077	154	6	0.00184587	0.00890618
1019	1077	154	7	2.93161542	11.32375251
1019	1077	154	8	1.44990640	5.91604885
1019	1077	154	9	1.23134180	6.03913345
1019	1077	154	10	0.42230583	1.78273953
1019	1077	154	11	3.27753116	31.52899764
1019	1077	154	12	0.00488347	0.03282958
1019	1077	154	13	0.90183861	4.98020813
1019	1077	154	14	0.57661137	2.27845642
1019	1077	154	15	0.48692048	2.17465101
1019	1077	154	16	0.50145883	2.40546505
1019	1077	154	17	1.84103338	11.29133604
1019	1077	154	18	1.45463353	7.68756870
1019	1077	154	19	2.45560240	38.01394095
1019	1077	155	0	0.29457504	3.45808714
1019	1077	155	1	2.09419888	9.06397467
1019	1077	155	2	0.35442690	1.62291888
1019	1077	155	3	2.68220006	32.39806499
1019	1077	155	4	0.00859067	0.03176836
1019	1077	155	5	0.48769687	4.07535483
1019	1077	155	6	0.00184602	0.00890710
1019	1077	155	7	2.93161301	11.32374239
1019	1077	155	8	1.44990493	5.91604120
1019	1077	155	9	1.23134339	6.03914060
1019	1077	155	10	0.42226980	1.78251206
1019	1077	155	11	3.27752865	31.52898594
1019	1077	155	12	0.00488387	0.03283272
1019	1077	155	13	0.90180266	4.98019714
1019	1077	155	14	0.57662999	2.27860304
1019	1077	155	15	0.48687166	2.17435081
1019	1077	155	16	0.50147923	2.40565005
1019	1077	155	17	1.84097936	11.29074856
1019	1077	155	18	1.45459327	7.68717218
1019	1077	155	19	2.45574397	38.01416343
1019	1077	156	0	0.29455858	3.45812036
1019	1077	156	1	2.09421447	9.06411270
1019	1077	156	2	0.35441644	1.62285987
1019	1077	156	3	2.68225800	32.39720513
1019	1077	156	4	0.00859129	0.03177146
1019	1077	156	5	0.48766836	4.07489631
1019	1077	156	6	0.00184615	0.00890797
1019	1077	156	7	2.93161075	11.32373248
1019	1077	156	8	1.44990360	5.91603395
1019	1077	156	9	1.23134491	6.03914788
1019	1077	156	10	0.42223866	1.78230247
1019	1077	156	11	3.27752630	31.52897293
1019	1077	156	12	0.00488422	0.03283579
1019	1077	156	13	0.90176460	4.98015217
1019	1077	156	14	0.57664430	2.27873118
1019	1077	156	15	0.48682845	2.17406905
1019	1077	156	16	0.50149572	2.40581690
1019	1077	156	17	1.84093440	11.29020288
1019	1077	156	18	1.45456035	7.68681046
1019	1077	156	19	2.45587109	38.01451310
1019	1077	157	0	0.29454231	3.45813430
1019	1077	157	1	2.09422651	9.06423443
1019	1077	157	2	0.35440693	1.62280329
1019	1077	157	3	2.68232190	32.39647442
1019	1077	157	4	0.00859185	0.03177434
1019	1077	157	5	0.48764546	4.07446420
1019	1077	157	6	0.00184626	0.00890879
1019	1077	157	7	2.93160864	11.32372287
1019	1077	157	8	1.44990242	5.91602716
1019	1077	157	9	1.23134634	6.03915519
1019	1077	157	10	0.42221230	1.78211142
1019	1077	157	11	3.27752411	31.52895893
1019	1077	157	12	0.00488454	0.03283876
1019	1077	157	13	0.90172512	4.98007730
1019	1077	157	14	0.57665458	2.27884121
1019	1077	157	15	0.48679079	2.17380721
1019	1077	157	16	0.50150850	2.40596547
1019	1077	157	17	1.84089811	11.28970124
1019	1077	157	18	1.45453440	7.68648427
1019	1077	157	19	2.45598372	38.01496731
1019	1077	158	0	0.29452640	3.45813078
1019	1077	158	1	2.09423523	9.06434008
1019	1077	158	2	0.35439840	1.62274956
1019	1077	158	3	2.68239037	32.39586814
1019	1077	158	4	0.00859234	0.03177701
1019	1077	158	5	0.48762789	4.07406095
1019	1077	158	6	0.00184636	0.00890956
1019	1077	158	7	2.93160671	11.32371365
1019	1077	158	8	1.44990138	5.91602085
1019	1077	158	9	1.23134768	6.03916244
1019	1077	158	10	0.42219053	1.78193929
1019	1077	158	11	3.27752211	31.52894420
1019	1077	158	12	0.00488481	0.03284161
1019	1077	158	13	0.90168484	4.97997650
1019	1077	158	14	0.57666113	2.27893368
1019	1077	158	15	0.48675855	2.17356637
1019	1077	158	16	0.50151780	2.40609586
1019	1077	158	17	1.84087001	11.28924513
1019	1077	158	18	1.45451502	7.68619387
1019	1077	158	19	2.45608202	38.01550481
1019	1077	159	0	0.29451100	3.45811165
1019	1077	159	1	2.09424087	9.06443004
1019	1077	159	2	0.35439084	1.62269903
1019	1077	159	3	2.68246212	32.39538053
1019	1077	159	4	0.00859276	0.03177943
1019	1077	159	5	0.48761529	4.07368843
1019	1077	159	6	0.00184644	0.00891026
1019	1077	159	7	2.93160495	11.32370488
1019	1077	159	8	1.44990048	5.91601504
1019	1077	159	9	1.23134892	6.03916955
1019	1077	159	10	0.42217315	1.78178619
1019	1077	159	11	3.27752029	31.52892899
1019	1077	159	12	0.00488505	0.03284431
1019	1077	159	13	0.90164432	4.97985368
1019	1077	159	14	0.57666424	2.27900930
1019	1077	159	15	0.48673156	2.17334724
1019	1077	159	16	0.50152388	2.40620838
1019	1077	159	17	1.84084962	11.28883531
1019	1077	159	18	1.45450176	7.68593906
1019	1077	159	19	2.45616628	38.01610589
1019	1077	160	0	0.29449625	3.45807875
1019	1077	160	1	2.09424368	9.06450486
1019	1077	160	2	0.35438425	1.62265199
1019	1077	160	3	2.68253594	32.39500504
1019	1077	160	4	0.00859311	0.03178162
1019	1077	160	5	0.48760731	4.07334794
1019	1077	160	6	0.00184651	0.00891090
1019	1077	160	7	2.93160336	11.32369661
1019	1077	160	8	1.44989972	5.91600976
1019	1077	160	9	1.23135005	6.03917645
1019	1077	160	10	0.42215990	1.78165199
1019	1077	160	11	3.27751865	31.52891354
1019	1077	160	12	0.00488525	0.03284684
1019	1077	160	13	0.90160407	4.97971257
1019	1077	160	14	0.57666424	2.27906890
1019	1077	160	15	0.48670960	2.17315022
1019	1077	160	16	0.50152699	2.40630353
1019	1077	160	17	1.84083636	11.28847194
1019	1077	160	18	1.45449414	7.68571921
1019	1077	160	19	2.45623694	38.01675241
1019	1077	161	0	0.29448225	3.45803390
1019	1077	161	1	2.09424392	9.06456520
1019	1077	161	2	0.35437860	1.62260862
1019	1077	161	3	2.68261073	32.39473448
1019	1077	161	4	0.00859340	0.03178358
1019	1077	161	5	0.48760356	4.07304025
1019	1077	161	6	0.00184657	0.00891148
1019	1077	161	7	2.93160195	11.32368890
1019	1077	161	8	1.44989909	5.91600502
1019	1077	161	9	1.23135108	6.03918308
1019	1077	161	10	0.42215051	1.78153635
1019	1077	161	11	3.27751720	31.52889807
1019	1077	161	12	0.00488542	0.03284920
1019	1077	161	13	0.90156456	4.97955677
1019	1077	161	14	0.57666144	2.27911341
1019	1077	161	15	0.48669242	2.17297539
1019	1077	161	16	0.50152740	2.40638195
1019	1077	161	17	1.84082967	11.28815458
1019	1077	161	18	1.45449168	7.68553336
1019	1077	161	19	2.45629456	38.01742783
1019	1077	162	0	0.29446910	3.45797887
1019	1077	162	1	2.09424185	9.06461184
1019	1077	162	2	0.35437386	1.62256908
1019	1077	162	3	2.68268549	32.39456111
1019	1077	162	4	0.00859363	0.03178529
1019	1077	162	5	0.48760365	4.07276566
1019	1077	162	6	0.00184661	0.00891200
1019	1077	162	7	2.93160072	11.32368178
1019	1077	162	8	1.44989859	5.91600080
1019	1077	162	9	1.23135200	6.03918938
1019	1077	162	10	0.42214471	1.78143874
1019	1077	162	11	3.27751594	31.52888275
1019	1077	162	12	0.00488555	0.03285138
1019	1077	162	13	0.90152617	4.97938968
1019	1077	162	14	0.57665618	2.27914388
1019	1077	162	15	0.48667972	2.17282254
1019	1077	162	16	0.50152538	2.40644445
1019	1077	162	17	1.84082894	11.28788228
1019	1077	162	18	1.45449388	7.68538023
1019	1077	162	19	2.45633980	38.01811724
1019	1077	163	0	0.29445686	3.45791538
1019	1077	163	1	2.09423773	9.06464563
1019	1077	163	2	0.35437001	1.62253344
1019	1077	163	3	2.68275934	32.39447686
1019	1077	163	4	0.00859380	0.03178677
1019	1077	163	5	0.48760718	4.07252406
1019	1077	163	6	0.00184664	0.00891245
1019	1077	163	7	2.93159966	11.32367527
1019	1077	163	8	1.44989820	5.91599712
1019	1077	163	9	1.23135281	6.03919532
1019	1077	163	10	0.42214219	1.78135846
1019	1077	163	11	3.27751485	31.52886776
1019	1077	163	12	0.00488565	0.03285336
1019	1077	163	13	0.90148926	4.97921445
1019	1077	163	14	0.57664877	2.27916137
1019	1077	163	15	0.48667120	2.17269124
1019	1077	163	16	0.50152122	2.40649191
1019	1077	163	17	1.84083357	11.28765367
1019	1077	163	18	1.45450021	7.68525827
1019	1077	163	19	2.45637338	38.01880736
1019	1077	164	0	0.29444560	3.45784506
1019	1077	164	1	2.09423183	9.06466750
1019	1077	164	2	0.35436698	1.62250173
1019	1077	164	3	2.68283147	32.39447343
1019	1077	164	4	0.00859393	0.03178803
1019	1077	164	5	0.48761376	4.07231493
1019	1077	164	6	0.00184666	0.00891284
1019	1077	164	7	2.93159876	11.32366938
1019	1077	164	8	1.44989792	5.91599395
1019	1077	164	9	1.23135351	6.03920086
1019	1077	164	10	0.42214264	1.78129468
1019	1077	164	11	3.27751394	31.52885324
1019	1077	164	12	0.00488572	0.03285515
1019	1077	164	13	0.90145412	4.97903405
1019	1077	164	14	0.57663951	2.27916702
1019	1077	164	15	0.48666653	2.17258085
1019	1077	164	16	0.50151518	2.40652531
1019	1077	164	17	1.84084295	11.28746698
1019	1077	164	18	1.45451019	7.68516573
1019	1077	164	19	2.45639611	38.01948648
1019	1077	165	0	0.29443533	3.45776946
1019	1077	165	1	2.09422440	9.06467841
1019	1077	165	2	0.35436474	1.62247392
1019	1077	165	3	2.68290119	32.39454242
1019	1077	165	4	0.00859400	0.03178907
1019	1077	165	5	0.48762299	4.07213743
1019	1077	165	6	0.00184667	0.00891317
1019	1077	165	7	2.93159802	11.32366412
1019	1077	165	8	1.44989775	5.91599128
1019	1077	165	9	1.23135412	6.03920597
1019	1077	165	10	0.42214575	1.78124647
1019	1077	165	11	3.27751319	31.52883932
1019	1077	165	12	0.00488576	0.03285674
1019	1077	165	13	0.90142098	4.97885117
1019	1077	165	14	0.57662872	2.27916199
1019	1077	165	15	0.48666537	2.17249051
1019	1077	165	16	0.50150753	2.40654571
1019	1077	165	17	1.84085648	11.28732013
1019	1077	165	18	1.45452331	7.68510068
1019	1077	165	19	2.45640884	38.02014447
1019	1077	166	0	0.29442609	3.45769004
1019	1077	166	1	2.09421569	9.06467937
1019	1077	166	2	0.35436322	1.62244994
1019	1077	166	3	2.68296793	32.39467542
1019	1077	166	4	0.00859403	0.03178990
1019	1077	166	5	0.48763449	4.07199041
1019	1077	166	6	0.00184668	0.00891344
1019	1077	166	7	2.93159744	11.32365948
1019	1077	166	8	1.44989767	5.91598910
1019	1077	166	9	1.23135462	6.03921065
1019	1077	166	10	0.42215121	1.78121280
1019	1077	166	11	3.27751261	31.52882610
1019	1077	166	12	0.00488578	0.03285814
1019	1077	166	13	0.90139003	4.97866827
1019	1077	166	14	0.57661668	2.27914744
1019	1077	166	15	0.48666736	2.17241925
1019	1077	166	16	0.50149852	2.40655421
1019	1077	166	17	1.84087356	11.28721075
1019	1077	166	18	1.45453909	7.68506107
1019	1077	166	19	2.45641245	38.02077269
1019	1077	167	0	0.29441788	3.45760815
1019	1077	167	1	2.09420593	9.06467140
1019	1077	167	2	0.35436238	1.62242969
1019	1077	167	3	2.68303118	32.39486415
1019	1077	167	4	0.00859402	0.03179053
1019	1077	167	5	0.48764788	4.07187251
1019	1077	167	6	0.00184667	0.00891366
1019	1077	167	7	2.93159700	11.32365546
1019	1077	167	8	1.44989768	5.91598736
1019	1077	167	9	1.23135502	6.03921487
1019	1077	167	10	0.42215870	1.78119256
1019	1077	167	11	3.27751217	31.52881367
1019	1077	167	12	0.00488578	0.03285935
1019	1077	167	13	0.90136142	4.97848753
1019	1077	167	14	0.57660366	2.27912452
1019	1077	167	15	0.48667216	2.17236594
1019	1077	167	16	0.50148841	2.40655193
1019	1077	167	17	1.84089363	11.28713629
1019	1077	167	18	1.45455707	7.68504473
1019	1077	167	19	2.45640784	38.02136394
1019	1077	168	0	0.29441069	3.45752501
1019	1077	168	1	2.09419535	9.06465551
1019	1077	168	2	0.35436215	1.62241301
1019	1077	168	3	2.68309055	32.39510049
1019	1077	168	4	0.00859397	0.03179099
1019	1077	168	5	0.48766281	4.07178212
1019	1077	168	6	0.00184666	0.00891382
1019	1077	168	7	2.93159669	11.32365204
1019	1077	168	8	1.44989776	5.91598606
1019	1077	168	9	1.23135533	6.03921863
1019	1077	168	10	0.42216794	1.78118462
1019	1077	168	11	3.27751187	31.52880209
1019	1077	168	12	0.00488575	0.03286037
1019	1077	168	13	0.90133525	4.97831092
1019	1077	168	14	0.57658992	2.27909439
1019	1077	168	15	0.48667941	2.17232938
1019	1077	168	16	0.50147743	2.40654002
1019	1077	168	17	1.84091613	11.28709404
1019	1077	168	18	1.45457681	7.68504947
1019	1077	168	19	2.45639591	38.02191239
1019	1077	169	0	0.29440450	3.45744177
1019	1077	169	1	2.09418416	9.06463272
1019	1077	169	2	0.35436247	1.62239975
1019	1077	169	3	2.68314572	32.39537663
1019	1077	169	4	0.00859389	0.03179127
1019	1077	169	5	0.48767893	4.07171748
1019	1077	169	6	0.00184663	0.00891394
1019	1077	169	7	2.93159650	11.32364920
1019	1077	169	8	1.44989791	5.91598516
1019	1077	169	9	1.23135556	6.03922194
1019	1077	169	10	0.42217862	1.78118779
1019	1077	169	11	3.27751169	31.52879141
1019	1077	169	12	0.00488571	0.03286122
1019	1077	169	13	0.90131159	4.97814013
1019	1077	169	14	0.57657570	2.27905814
1019	1077	169	15	0.48668879	2.17230827
1019	1077	169	16	0.50146580	2.40651961
1019	1077	169	17	1.84094054	11.28708118
1019	1077	169	18	1.45459788	7.68507304
1019	1077	169	19	2.45637756	38.02241348
1019	1077	170	0	0.29439928	3.45735942
1019	1077	170	1	2.09417256	9.06460400
1019	1077	170	2	0.35436328	1.62238970
1019	1077	170	3	2.68319647	32.39568508
1019	1077	170	4	0.00859379	0.03179140
1019	1077	170	5	0.48769594	4.07167671
1019	1077	170	6	0.00184661	0.00891401
1019	1077	170	7	2.93159643	11.32364691
1019	1077	170	8	1.44989811	5.91598463
1019	1077	170	9	1.23135571	6.03922480
1019	1077	170	10	0.42219047	1.78120089
1019	1077	170	11	3.27751164	31.52878167
1019	1077	170	12	0.00488565	0.03286189
1019	1077	170	13	0.90129045	4.97797660
1019	1077	170	14	0.57656122	2.27901684
1019	1077	170	15	0.48669995	2.17230126
1019	1077	170	16	0.50145373	2.40649182
1019	1077	170	17	1.84096637	11.28709482
1019	1077	170	18	1.45461989	7.68511323
1019	1077	170	19	2.45635367	38.02286385
1019	1077	171	0	0.29439499	3.45727887
1019	1077	171	1	2.09416074	9.06457032
1019	1077	171	2	0.35436452	1.62238266
1019	1077	171	3	2.68324265	32.39601873
1019	1077	171	4	0.00859366	0.03179139
1019	1077	171	5	0.48771354	4.07165784
1019	1077	171	6	0.00184658	0.00891405
1019	1077	171	7	2.93159646	11.32364513
1019	1077	171	8	1.44989837	5.91598443
1019	1077	171	9	1.23135578	6.03922723
1019	1077	171	10	0.42220323	1.78122274
1019	1077	171	11	3.27751169	31.52877289
1019	1077	171	12	0.00488557	0.03286241
1019	1077	171	13	0.90127184	4.97782155
1019	1077	171	14	0.57654668	2.27897152
1019	1077	171	15	0.48671259	2.17230699
1019	1077	171	16	0.50144142	2.40645776
1019	1077	171	17	1.84099316	11.28713208
1019	1077	171	18	1.45464249	7.68516782
1019	1077	171	19	2.45632511	38.02326125
1019	1077	172	0	0.29439160	3.45720090
1019	1077	172	1	2.09414884	9.06453259
1019	1077	172	2	0.35436613	1.62237840
1019	1077	172	3	2.68328417	32.39637093
1019	1077	172	4	0.00859351	0.03179125
1019	1077	172	5	0.48773146	4.07165883
1019	1077	172	6	0.00184654	0.00891404
1019	1077	172	7	2.93159658	11.32364385
1019	1077	172	8	1.44989867	5.91598454
1019	1077	172	9	1.23135579	6.03922924
1019	1077	172	10	0.42221665	1.78125216
1019	1077	172	11	3.27751183	31.52876507
1019	1077	172	12	0.00488549	0.03286277
1019	1077	172	13	0.90125571	4.97767596
1019	1077	172	14	0.57653227	2.27892312
1019	1077	172	15	0.48672638	2.17232406
1019	1077	172	16	0.50142902	2.40641848
1019	1077	172	17	1.84102050	11.28719005
1019	1077	172	18	1.45466534	7.68523468
1019	1077	172	19	2.45629270	38.02360442
1019	1077	173	0	0.29438904	3.45712617
1019	1077	173	1	2.09413704	9.06449169
1019	1077	173	2	0.35436806	1.62237668
1019	1077	173	3	2.68332101	32.39673548
1019	1077	173	4	0.00859335	0.03179100
1019	1077	173	5	0.48774944	4.07167761
1019	1077	173	6	0.00184651	0.00891400
1019	1077	173	7	2.93159677	11.32364302
1019	1077	173	8	1.44989900	5.91598492
1019	1077	173	9	1.23135574	6.03923085
1019	1077	173	10	0.42223050	1.78128804
1019	1077	173	11	3.27751205	31.52875820
1019	1077	173	12	0.00488540	0.03286300
1019	1077	173	13	0.90124199	4.97754060
1019	1077	173	14	0.57651813	2.27887255
1019	1077	173	15	0.48674106	2.17235111
1019	1077	173	16	0.50141670	2.40637498
1019	1077	173	17	1.84104800	11.28726590
1019	1077	173	18	1.45468814	7.68531173
1019	1077	173	19	2.45625722	38.02389301
1019	1077	174	0	0.29438726	3.45705525
1019	1077	174	1	2.09412545	9.06444843
1019	1077	174	2	0.35437024	1.62237727
1019	1077	174	3	2.68335322	32.39710668
1019	1077	174	4	0.00859317	0.03179066
1019	1077	174	5	0.48776726	4.07171212
1019	1077	174	6	0.00184647	0.00891393
1019	1077	174	7	2.93159704	11.32364260
1019	1077	174	8	1.44989935	5.91598554
1019	1077	174	9	1.23135564	6.03923208
1019	1077	174	10	0.42224457	1.78132926
1019	1077	174	11	3.27751234	31.52875227
1019	1077	174	12	0.00488530	0.03286310
1019	1077	174	13	0.90123062	4.97741604
1019	1077	174	14	0.57650442	2.27882064
1019	1077	174	15	0.48675635	2.17238677
1019	1077	174	16	0.50140461	2.40632824
1019	1077	174	17	1.84107531	11.28735688
1019	1077	174	18	1.45471063	7.68539701
1019	1077	174	19	2.45621942	38.02412748
1019	1077	175	0	0.29438621	3.45698859
1019	1077	175	1	2.09411419	9.06440357
1019	1077	175	2	0.35437263	1.62237990
1019	1077	175	3	2.68338090	32.39747936
1019	1077	175	4	0.00859299	0.03179023
1019	1077	175	5	0.48778474	4.07176033
1019	1077	175	6	0.00184643	0.00891384
1019	1077	175	7	2.93159737	11.32364255
1019	1077	175	8	1.44989973	5.91598636
1019	1077	175	9	1.23135549	6.03923295
1019	1077	175	10	0.42225867	1.78137478
1019	1077	175	11	3.27751270	31.52874725
1019	1077	175	12	0.00488520	0.03286309
1019	1077	175	13	0.90122147	4.97730266
1019	1077	175	14	0.57649125	2.27876816
1019	1077	175	15	0.48677200	2.17242973
1019	1077	175	16	0.50139285	2.40627914
1019	1077	175	17	1.84110212	11.28746033
1019	1077	175	18	1.45473256	7.68548863
1019	1077	175	19	2.45617999	38.02430901
1019	1077	176	0	0.29438582	3.45692656
1019	1077	176	1	2.09410337	9.06435782
1019	1077	176	2	0.35437518	1.62238435
1019	1077	176	3	2.68340416	32.39784884
1019	1077	176	4	0.00859280	0.03178974
1019	1077	176	5	0.48780169	4.07182023
1019	1077	176	6	0.00184639	0.00891373
1019	1077	176	7	2.93159774	11.32364284
1019	1077	176	8	1.44990012	5.91598736
1019	1077	176	9	1.23135530	6.03923350
1019	1077	176	10	0.42227262	1.78142361
1019	1077	176	11	3.27751310	31.52874311
1019	1077	176	12	0.00488509	0.03286298
1019	1077	176	13	0.90121443	4.97720066
1019	1077	176	14	0.57647873	2.27871578
1019	1077	176	15	0.48678780	2.17247872
1019	1077	176	16	0.50138154	2.40622851
1019	1077	176	17	1.84112817	11.28757372
1019	1077	176	18	1.45475373	7.68558484
1019	1077	176	19	2.45613958	38.02443938
1019	1077	177	0	0.29438602	3.45686941
1019	1077	177	1	2.09409307	9.06431182
1019	1077	177	2	0.35437783	1.62239038
1019	1077	177	3	2.68342320	32.39821099
1019	1077	177	4	0.00859261	0.03178919
1019	1077	177	5	0.48781796	4.07188991
1019	1077	177	6	0.00184634	0.00891360
1019	1077	177	7	2.93159815	11.32364343
1019	1077	177	8	1.44990051	5.91598850
1019	1077	177	9	1.23135508	6.03923375
1019	1077	177	10	0.42228628	1.78147483
1019	1077	177	11	3.27751354	31.52873980
1019	1077	177	12	0.00488498	0.03286277
1019	1077	177	13	0.90120937	4.97711009
1019	1077	177	14	0.57646693	2.27866413
1019	1077	177	15	0.48680353	2.17253253
1019	1077	177	16	0.50137077	2.40617713
1019	1077	177	17	1.84115321	11.28769466
1019	1077	177	18	1.45477397	7.68568401
1019	1077	177	19	2.45609876	38.02452092
1019	1077	178	0	0.29438675	3.45681734
1019	1077	178	1	2.09408336	9.06426615
1019	1077	178	2	0.35438055	1.62239773
1019	1077	178	3	2.68343822	32.39856218
1019	1077	178	4	0.00859242	0.03178860
1019	1077	178	5	0.48783343	4.07196751
1019	1077	178	6	0.00184630	0.00891345
1019	1077	178	7	2.93159860	11.32364428
1019	1077	178	8	1.44990091	5.91598976
1019	1077	178	9	1.23135483	6.03923373
1019	1077	178	10	0.42229951	1.78152756
1019	1077	178	11	3.27751401	31.52873727
1019	1077	178	12	0.00488487	0.03286249
1019	1077	178	13	0.90120613	4.97703087
1019	1077	178	14	0.57645593	2.27861376
1019	1077	178	15	0.48681901	2.17259002
1019	1077	178	16	0.50136061	2.40612568
1019	1077	178	17	1.84117706	11.28782093
1019	1077	178	18	1.45479312	7.68578464
1019	1077	178	19	2.45605807	38.02455638
1019	1077	179	0	0.29438796	3.45677043
1019	1077	179	1	2.09407429	9.06422132
1019	1077	179	2	0.35438329	1.62240620
1019	1077	179	3	2.68344946	32.39889931
1019	1077	179	4	0.00859223	0.03178797
1019	1077	179	5	0.48784800	4.07205130
1019	1077	179	6	0.00184626	0.00891329
1019	1077	179	7	2.93159906	11.32364536
1019	1077	179	8	1.44990130	5.91599110
1019	1077	179	9	1.23135456	6.03923346
1019	1077	179	10	0.42231220	1.78158103
1019	1077	179	11	3.27751450	31.52873547
1019	1077	179	12	0.00488477	0.03286214
1019	1077	179	13	0.90120458	4.97696275
1019	1077	179	14	0.57644578	2.27856512
1019	1077	179	15	0.48683409	2.17265010
1019	1077	179	16	0.50135112	2.40607479
1019	1077	179	17	1.84119956	11.28795045
1019	1077	179	18	1.45481107	7.68588538
1019	1077	179	19	2.45601800	38.02454886
1019	1077	180	0	0.29438957	3.45672873
1019	1077	180	1	2.09406592	9.06417778
1019	1077	180	2	0.35438602	1.62241557
1019	1077	180	3	2.68345716	32.39921976
1019	1077	180	4	0.00859205	0.03178733
1019	1077	180	5	0.48786159	4.07213961
1019	1077	180	6	0.00184622	0.00891313
1019	1077	180	7	2.93159954	11.32364661
1019	1077	180	8	1.44990168	5.91599251
1019	1077	180	9	1.23135428	6.03923297
1019	1077	180	10	0.42232425	1.78163451
1019	1077	180	11	3.27751501	31.52873436
1019	1077	180	12	0.00488466	0.03286174
1019	1077	180	13	0.90120456	4.97690542
1019	1077	180	14	0.57643650	2.27851864
1019	1077	180	15	0.48684862	2.17271181
1019	1077	180	16	0.50134234	2.40602502
1019	1077	180	17	1.84122056	11.28808134
1019	1077	180	18	1.45482774	7.68598501
1019	1077	180	19	2.45597894	38.02450174
1019	1077	181	0	0.29439152	3.45669219
1019	1077	181	1	2.09405825	9.06413592
1019	1077	181	2	0.35438872	1.62242562
1019	1077	181	3	2.68346161	32.39952138
1019	1077	181	4	0.00859187	0.03178668
1019	1077	181	5	0.48787412	4.07223093
1019	1077	181	6	0.00184618	0.00891296
1019	1077	181	7	2.93160002	11.32364802
1019	1077	181	8	1.44990205	5.91599395
1019	1077	181	9	1.23135398	6.03923230
1019	1077	181	10	0.42233558	1.78168737
1019	1077	181	11	3.27751551	31.52873386
1019	1077	181	12	0.00488456	0.03286129
1019	1077	181	13	0.90120591	4.97685845
1019	1077	181	14	0.57642813	2.27847464
1019	1077	181	15	0.48686249	2.17277422
1019	1077	181	16	0.50133431	2.40597684
1019	1077	181	17	1.84123997	11.28821188
1019	1077	181	18	1.45484304	7.68608244
1019	1077	181	19	2.45594127	38.02441862
1019	1077	182	0	0.29439376	3.45666071
1019	1077	182	1	2.09405133	9.06409607
1019	1077	182	2	0.35439134	1.62243617
1019	1077	182	3	2.68346309	32.39980246
1019	1077	182	4	0.00859170	0.03178602
1019	1077	182	5	0.48788557	4.07232385
1019	1077	182	6	0.00184615	0.00891278
1019	1077	182	7	2.93160050	11.32364955
1019	1077	182	8	1.44990241	5.91599542
1019	1077	182	9	1.23135368	6.03923147
1019	1077	182	10	0.42234613	1.78173902
1019	1077	182	11	3.27751602	31.52873393
1019	1077	182	12	0.00488446	0.03286081
1019	1077	182	13	0.90120846	4.97682133
1019	1077	182	14	0.57642066	2.27843340
1019	1077	182	15	0.48687560	2.17283651
1019	1077	182	16	0.50132705	2.40593067
1019	1077	182	17	1.84125773	11.28834055
1019	1077	182	18	1.45485694	7.68617674
1019	1077	182	19	2.45590530	38.02430319
1019	1077	183	0	0.29439623	3.45663416
1019	1077	183	1	2.09404514	9.06405850
1019	1077	183	2	0.35439387	1.62244704
1019	1077	183	3	2.68346189	32.40006175
1019	1077	183	4	0.00859154	0.03178537
1019	1077	183	5	0.48789591	4.07241709
1019	1077	183	6	0.00184611	0.00891261
1019	1077	183	7	2.93160098	11.32365116
1019	1077	183	8	1.44990275	5.91599688
1019	1077	183	9	1.23135337	6.03923051
1019	1077	183	10	0.42235585	1.78178898
1019	1077	183	11	3.27751652	31.52873449
1019	1077	183	12	0.00488437	0.03286031
1019	1077	183	13	0.90121207	4.97679349
1019	1077	183	14	0.57641409	2.27839512
1019	1077	183	15	0.48688786	2.17289796
1019	1077	183	16	0.50132055	2.40588686
1019	1077	183	17	1.84127379	11.28846599
1019	1077	183	18	1.45486942	7.68626709
1019	1077	183	19	2.45587127	38.02415925
1019	1077	184	0	0.29439888	3.45661234
1019	1077	184	1	2.09403970	9.06402343
1019	1077	184	2	0.35439629	1.62245806
1019	1077	184	3	2.68345829	32.40029836
1019	1077	184	4	0.00859139	0.03178474
1019	1077	184	5	0.48790512	4.07250950
1019	1077	184	6	0.00184608	0.00891244
1019	1077	184	7	2.93160144	11.32365284
1019	1077	184	8	1.44990307	5.91599832
1019	1077	184	9	1.23135307	6.03922944
1019	1077	184	10	0.42236472	1.78183683
1019	1077	184	11	3.27751701	31.52873550
1019	1077	184	12	0.00488429	0.03285978
1019	1077	184	13	0.90121659	4.97677430
1019	1077	184	14	0.57640841	2.27835997
1019	1077	184	15	0.48689923	2.17295791
1019	1077	184	16	0.50131483	2.40584568
1019	1077	184	17	1.84128814	11.28858703
1019	1077	184	18	1.45488048	7.68635283
1019	1077	184	19	2.45583941	38.02399058
1019	1077	185	0	0.29440165	3.45659502
1019	1077	185	1	2.09403498	9.06399101
1019	1077	185	2	0.35439857	1.62246909
1019	1077	185	3	2.68345259	32.40051177
1019	1077	185	4	0.00859124	0.03178413
1019	1077	185	5	0.48791322	4.07260005
1019	1077	185	6	0.00184605	0.00891227
1019	1077	185	7	2.93160189	11.32365454
1019	1077	185	8	1.44990336	5.91599972
1019	1077	185	9	1.23135277	6.03922828
1019	1077	185	10	0.42237271	1.78188220
1019	1077	185	11	3.27751748	31.52873689
1019	1077	185	12	0.00488421	0.03285925
1019	1077	185	13	0.90122186	4.97676310
1019	1077	185	14	0.57640360	2.27832803
1019	1077	185	15	0.48690965	2.17301579
1019	1077	185	16	0.50130987	2.40580736
1019	1077	185	17	1.84130078	11.28870268
1019	1077	185	18	1.45489012	7.68643339
1019	1077	185	19	2.45580986	38.02380094
1019	1077	186	0	0.29440450	3.45658195
1019	1077	186	1	2.09403098	9.06396137
1019	1077	186	2	0.35440071	1.62248000
1019	1077	186	3	2.68344507	32.40070182
1019	1077	186	4	0.00859112	0.03178354
1019	1077	186	5	0.48792022	4.07268785
1019	1077	186	6	0.00184603	0.00891211
1019	1077	186	7	2.93160232	11.32365626
1019	1077	186	8	1.44990364	5.91600108
1019	1077	186	9	1.23135248	6.03922706
1019	1077	186	10	0.42237982	1.78192480
1019	1077	186	11	3.27751793	31.52873861
1019	1077	186	12	0.00488413	0.03285872
1019	1077	186	13	0.90122774	4.97675921
1019	1077	186	14	0.57639962	2.27829936
1019	1077	186	15	0.48691910	2.17307113
1019	1077	186	16	0.50130565	2.40577207
1019	1077	186	17	1.84131173	11.28881210
1019	1077	186	18	1.45489839	7.68650834
1019	1077	186	19	2.45578275	38.02359400
1019	1077	187	0	0.29440739	3.45657285
1019	1077	187	1	2.09402766	9.06393457
1019	1077	187	2	0.35440269	1.62249067
1019	1077	187	3	2.68343602	32.40086861
1019	1077	187	4	0.00859100	0.03178298
1019	1077	187	5	0.48792614	4.07277214
1019	1077	187	6	0.00184600	0.00891195
1019	1077	187	7	2.93160273	11.32365796
1019	1077	187	8	1.44990388	5.91600238
1019	1077	187	9	1.23135221	6.03922581
1019	1077	187	10	0.42238605	1.78196442
1019	1077	187	11	3.27751835	31.52874059
1019	1077	187	12	0.00488407	0.03285819
1019	1077	187	13	0.90123411	4.97676190
1019	1077	187	14	0.57639644	2.27827396
1019	1077	187	15	0.48692757	2.17312352
1019	1077	187	16	0.50130214	2.40573991
1019	1077	187	17	1.84132104	11.28891462
1019	1077	187	18	1.45490531	7.68657738
1019	1077	187	19	2.45575814	38.02337332
1019	1077	188	0	0.29441028	3.45656741
1019	1077	188	1	2.09402499	9.06391064
1019	1077	188	2	0.35440451	1.62250098
1019	1077	188	3	2.68342570	32.40101253
1019	1077	188	4	0.00859089	0.03178245
1019	1077	188	5	0.48793104	4.07285225
1019	1077	188	6	0.00184598	0.00891180
1019	1077	188	7	2.93160311	11.32365962
1019	1077	188	8	1.44990411	5.91600360
1019	1077	188	9	1.23135194	6.03922453
1019	1077	188	10	0.42239143	1.78200088
1019	1077	188	11	3.27751875	31.52874280
1019	1077	188	12	0.00488401	0.03285768
1019	1077	188	13	0.90124083	4.97677047
1019	1077	188	14	0.57639401	2.27825180
1019	1077	188	15	0.48693505	2.17317264
1019	1077	188	16	0.50129932	2.40571095
1019	1077	188	17	1.84132876	11.28900973
1019	1077	188	18	1.45491095	7.68664027
1019	1077	188	19	2.45573608	38.02314229
1019	1077	189	0	0.29441313	3.45656531
1019	1077	189	1	2.09402294	9.06388957
1019	1077	189	2	0.35440616	1.62251087
1019	1077	189	3	2.68341436	32.40113421
1019	1077	189	4	0.00859080	0.03178196
1019	1077	189	5	0.48793496	4.07292767
1019	1077	189	6	0.00184596	0.00891166
1019	1077	189	7	2.93160347	11.32366124
1019	1077	189	8	1.44990431	5.91600475
1019	1077	189	9	1.23135169	6.03922324
1019	1077	189	10	0.42239597	1.78203408
1019	1077	189	11	3.27751912	31.52874517
1019	1077	189	12	0.00488395	0.03285718
1019	1077	189	13	0.90124779	4.97678420
1019	1077	189	14	0.57639228	2.27823282
1019	1077	189	15	0.48694157	2.17321824
1019	1077	189	16	0.50129715	2.40568520
1019	1077	189	17	1.84133497	11.28909706
1019	1077	189	18	1.45491538	7.68669690
1019	1077	189	19	2.45571656	38.02290411
1019	1077	190	0	0.29441592	3.45656625
1019	1077	190	1	2.09402147	9.06387132
1019	1077	190	2	0.35440764	1.62252024
1019	1077	190	3	2.68340224	32.40123447
1019	1077	190	4	0.00859072	0.03178151
1019	1077	190	5	0.48793795	4.07299797
1019	1077	190	6	0.00184594	0.00891153
1019	1077	190	7	2.93160379	11.32366279
1019	1077	190	8	1.44990448	5.91600582
1019	1077	190	9	1.23135146	6.03922197
1019	1077	190	10	0.42239970	1.78206395
1019	1077	190	11	3.27751946	31.52874766
1019	1077	190	12	0.00488391	0.03285670
1019	1077	190	13	0.90125487	4.97680241
1019	1077	190	14	0.57639120	2.27821691
1019	1077	190	15	0.48694713	2.17326013
1019	1077	190	16	0.50129558	2.40566264
1019	1077	190	17	1.84133975	11.28917635
1019	1077	190	18	1.45491866	7.68674724
1019	1077	190	19	2.45569956	38.02266180
1019	1077	191	0	0.29441861	3.45656990
1019	1077	191	1	2.09402054	9.06385582
1019	1077	191	2	0.35440895	1.62252905
1019	1077	191	3	2.68338958	32.40131432
1019	1077	191	4	0.00859065	0.03178110
1019	1077	191	5	0.48794007	4.07306283
1019	1077	191	6	0.00184593	0.00891142
1019	1077	191	7	2.93160409	11.32366427
1019	1077	191	8	1.44990463	5.91600680
1019	1077	191	9	1.23135124	6.03922073
1019	1077	191	10	0.42240268	1.78209048
1019	1077	191	11	3.27751976	31.52875024
1019	1077	191	12	0.00488387	0.03285625
1019	1077	191	13	0.90126199	4.97682440
1019	1077	191	14	0.57639071	2.27820395
1019	1077	191	15	0.48695177	2.17329820
1019	1077	191	16	0.50129457	2.40564322
1019	1077	191	17	1.84134319	11.28924749
1019	1077	191	18	1.45492088	7.68679133
1019	1077	191	19	2.45568501	38.02241814
1019	1077	192	0	0.29442118	3.45657592
1019	1077	192	1	2.09402009	9.06384296
1019	1077	192	2	0.35441009	1.62253724
1019	1077	192	3	2.68337658	32.40137489
1019	1077	192	4	0.00859059	0.03178074
1019	1077	192	5	0.48794138	4.07312205
1019	1077	192	6	0.00184592	0.00891131
1019	1077	192	7	2.93160435	11.32366566
1019	1077	192	8	1.44990476	5.91600769
1019	1077	192	9	1.23135105	6.03921952
1019	1077	192	10	0.42240493	1.78211369
1019	1077	192	11	3.27752004	31.52875285
1019	1077	192	12	0.00488383	0.03285582
1019	1077	192	13	0.90126904	4.97684953
1019	1077	192	14	0.57639077	2.27819378
1019	1077	192	15	0.48695553	2.17333238
1019	1077	192	16	0.50129408	2.40562683
1019	1077	192	17	1.84134538	11.28931046
1019	1077	192	18	1.45492211	7.68682929
1019	1077	192	19	2.45567285	38.02217567
1019	1077	193	0	0.29442363	3.45658401
1019	1077	193	1	2.09402010	9.06383264
1019	1077	193	2	0.35441107	1.62254479
1019	1077	193	3	2.68336342	32.40141744
1019	1077	193	4	0.00859054	0.03178041
1019	1077	193	5	0.48794196	4.07317549
1019	1077	193	6	0.00184591	0.00891121
1019	1077	193	7	2.93160459	11.32366696
1019	1077	193	8	1.44990486	5.91600849
1019	1077	193	9	1.23135087	6.03921836
1019	1077	193	10	0.42240650	1.78213365
1019	1077	193	11	3.27752028	31.52875546
1019	1077	193	12	0.00488381	0.03285543
1019	1077	193	13	0.90127597	4.97687716
1019	1077	193	14	0.57639131	2.27818625
1019	1077	193	15	0.48695846	2.17336266
1019	1077	193	16	0.50129406	2.40561337
1019	1077	193	17	1.84134644	11.28936536
1019	1077	193	18	1.45492245	7.68686130
1019	1077	193	19	2.45566297	38.02193670
1019	1077	194	0	0.29442592	3.45659386
1019	1077	194	1	2.09402051	9.06382470
1019	1077	194	2	0.35441188	1.62255166
1019	1077	194	3	2.68335029	32.40144331
1019	1077	194	4	0.00859050	0.03178012
1019	1077	194	5	0.48794188	4.07322311
1019	1077	194	6	0.00184590	0.00891112
1019	1077	194	7	2.93160480	11.32366816
1019	1077	194	8	1.44990494	5.91600920
1019	1077	194	9	1.23135071	6.03921726
1019	1077	194	10	0.42240745	1.78215045
1019	1077	194	11	3.27752049	31.52875804
1019	1077	194	12	0.00488379	0.03285506
1019	1077	194	13	0.90128268	4.97690672
1019	1077	194	14	0.57639228	2.27818116
1019	1077	194	15	0.48696060	2.17338909
1019	1077	194	16	0.50129446	2.40560269
1019	1077	194	17	1.84134646	11.28941236
1019	1077	194	18	1.45492198	7.68688759
1019	1077	194	19	2.45565525	38.02170329
1019	1077	195	0	0.29442805	3.45660515
1019	1077	195	1	2.09402127	9.06381901
1019	1077	195	2	0.35441254	1.62255784
1019	1077	195	3	2.68333734	32.40145391
1019	1077	195	4	0.00859048	0.03177987
1019	1077	195	5	0.48794119	4.07326494
1019	1077	195	6	0.00184590	0.00891105
1019	1077	195	7	2.93160497	11.32366925
1019	1077	195	8	1.44990501	5.91600981
1019	1077	195	9	1.23135057	6.03921623
1019	1077	195	10	0.42240784	1.78216423
1019	1077	195	11	3.27752067	31.52876057
1019	1077	195	12	0.00488377	0.03285473
1019	1077	195	13	0.90128913	4.97693763
1019	1077	195	14	0.57639362	2.27817833
1019	1077	195	15	0.48696202	2.17341174
1019	1077	195	16	0.50129523	2.40559463
1019	1077	195	17	1.84134554	11.28945171
1019	1077	195	18	1.45492079	7.68690843
1019	1077	195	19	2.45564957	38.02147723
1019	1077	196	0	0.29443001	3.45661762
1019	1077	196	1	2.09402234	9.06381539
1019	1077	196	2	0.35441306	1.62256333
1019	1077	196	3	2.68332471	32.40145069
1019	1077	196	4	0.00859046	0.03177967
1019	1077	196	5	0.48793998	4.07330107
1019	1077	196	6	0.00184589	0.00891098
1019	1077	196	7	2.93160512	11.32367023
1019	1077	196	8	1.44990505	5.91601034
1019	1077	196	9	1.23135045	6.03921526
1019	1077	196	10	0.42240770	1.78217512
1019	1077	196	11	3.27752082	31.52876302
1019	1077	196	12	0.00488376	0.03285443
1019	1077	196	13	0.90129527	4.97696940
1019	1077	196	14	0.57639528	2.27817755
1019	1077	196	15	0.48696277	2.17343074
1019	1077	196	16	0.50129632	2.40558903
1019	1077	196	17	1.84134381	11.28948373
1019	1077	196	18	1.45491897	7.68692414
1019	1077	196	19	2.45564577	38.02126009
1019	1077	197	0	0.29443179	3.45663098
1019	1077	197	1	2.09402367	9.06381367
1019	1077	197	2	0.35441344	1.62256814
1019	1077	197	3	2.68331251	32.40143510
1019	1077	197	4	0.00859045	0.03177949
1019	1077	197	5	0.48793831	4.07333167
1019	1077	197	6	0.00184589	0.00891093
1019	1077	197	7	2.93160524	11.32367111
1019	1077	197	8	1.44990507	5.91601078
1019	1077	197	9	1.23135034	6.03921437
1019	1077	197	10	0.42240711	1.78218329
1019	1077	197	11	3.27752094	31.52876536
1019	1077	197	12	0.00488375	0.03285417
1019	1077	197	13	0.90130105	4.97700155
1019	1077	197	14	0.57639720	2.27817863
1019	1077	197	15	0.48696291	2.17344623
1019	1077	197	16	0.50129769	2.40558569
1019	1077	197	17	1.84134136	11.28950880
1019	1077	197	18	1.45491661	7.68693506
1019	1077	197	19	2.45564372	38.02105318
1019	1077	198	0	0.29443339	3.45664499
1019	1077	198	1	2.09402522	9.06381369
1019	1077	198	2	0.35441369	1.62257228
1019	1077	198	3	2.68330085	32.40140860
1019	1077	198	4	0.00859044	0.03177936
1019	1077	198	5	0.48793625	4.07335693
1019	1077	198	6	0.00184589	0.00891088
1019	1077	198	7	2.93160533	11.32367188
1019	1077	198	8	1.44990508	5.91601114
1019	1077	198	9	1.23135026	6.03921356
1019	1077	198	10	0.42240611	1.78218894
1019	1077	198	11	3.27752104	31.52876757
1019	1077	198	12	0.00488375	0.03285394
1019	1077	198	13	0.90130644	4.97703366
1019	1077	198	14	0.57639934	2.27818136
1019	1077	198	15	0.48696250	2.17345838
1019	1077	198	16	0.50129930	2.40558441
1019	1077	198	17	1.84133830	11.28952732
1019	1077	198	18	1.45491379	7.68694155
1019	1077	198	19	2.45564325	38.02085758
1019	1077	199	0	0.29443482	3.45665941
1019	1077	199	1	2.09402696	9.06381525
1019	1077	199	2	0.35441382	1.62257577
1019	1077	199	3	2.68328981	32.40137263
1019	1077	199	4	0.00859045	0.03177926
1019	1077	199	5	0.48793386	4.07337710
1019	1077	199	6	0.00184590	0.00891085
1019	1077	199	7	2.93160540	11.32367255
1019	1077	199	8	1.44990508	5.91601142
1019	1077	199	9	1.23135019	6.03921283
1019	1077	199	10	0.42240475	1.78219224
1019	1077	199	11	3.27752111	31.52876966
1019	1077	199	12	0.00488375	0.03285374
1019	1077	199	13	0.90131142	4.97706535
1019	1077	199	14	0.57640164	2.27818554
1019	1077	199	15	0.48696161	2.17346741
1019	1077	199	16	0.50130109	2.40558501
1019	1077	199	17	1.84133472	11.28953976
1019	1077	199	18	1.45491059	7.68694399
1019	1077	199	19	2.45564421	38.02067414
1019	1077	200	0	0.29443606	3.45667402
1019	1077	200	1	2.09402883	9.06381819
1019	1077	200	2	0.35441385	1.62257863
1019	1077	200	3	2.68327946	32.40132861
1019	1077	200	4	0.00859046	0.03177919
1019	1077	200	5	0.48793121	4.07339247
1019	1077	200	6	0.00184590	0.00891082
1019	1077	200	7	2.93160545	11.32367311
1019	1077	200	8	1.44990506	5.91601162
1019	1077	200	9	1.23135013	6.03921217
1019	1077	200	10	0.42240310	1.78219341
1019	1077	200	11	3.27752115	31.52877159
1019	1077	200	12	0.00488376	0.03285357
1019	1077	200	13	0.90131597	4.97709627
1019	1077	200	14	0.57640407	2.27819096
1019	1077	200	15	0.48696029	2.17347352
1019	1077	200	16	0.50130304	2.40558728
1019	1077	200	17	1.84133073	11.28954660
1019	1077	200	18	1.45490710	7.68694278
1019	1077	200	19	2.45564643	38.02050351
