world_seed	cell_seed	time	gene_id	X	P
1016	1070	0	0	0.76484199	0.76484199
1016	1070	0	1	0.83962880	0.83962880
1016	1070	0	2	0.10173904	0.10173904
1016	1070	0	3	0.97152547	0.97152547
1016	1070	0	4	0.51586572	0.51586572
1016	1070	0	5	0.39617446	0.39617446
1016	1070	0	6	0.76548160	0.76548160
1016	1070	0	7	0.89009399	0.89009399
1016	1070	0	8	0.69870012	0.69870012
1016	1070	0	9	0.19849194	0.19849194
1016	1070	0	10	0.54093804	0.54093804
1016	1070	0	11	0.79704896	0.79704896
1016	1070	0	12	0.87666931	0.87666931
1016	1070	0	13	0.16294320	0.16294320
1016	1070	0	14	0.00299434	0.00299434
1016	1070	0	15	0.88240073	0.88240073
1016	1070	0	16	0.48759592	0.48759592
1016	1070	0	17	0.81032535	0.81032535
1016	1070	0	18	0.17796598	0.17796598
1016	1070	0	19	0.54676555	0.54676555
1016	1070	1	0	0.54747553	1.26180017
1016	1070	1	1	0.48941483	1.46343817
1016	1070	1	2	0.37064636	0.18585037
1016	1070	1	3	1.13901975	1.69228896
1016	1070	1	4	0.67408575	0.91469788
1016	1070	1	5	0.82713564	0.68055323
1016	1070	1	6	1.20522683	1.26766997
1016	1070	1	7	0.67112983	1.52153253
1016	1070	1	8	0.39057582	1.24814458
1016	1070	1	9	0.20520818	0.33212572
1016	1070	1	10	0.63569135	0.92562153
1016	1070	1	11	0.49640618	1.35602199
1016	1070	1	12	0.94947000	1.62317676
1016	1070	1	13	0.12329014	0.28255608
1016	1070	1	14	0.20585080	0.00528336
1016	1070	1	15	1.26917098	1.52689927
1016	1070	1	16	0.30912399	0.88444844
1016	1070	1	17	0.80815397	1.46741961
1016	1070	1	18	0.71955802	0.30927950
1016	1070	1	19	0.47607713	1.01317838
1016	1070	2	0	0.39544675	1.36733365
1016	1070	2	1	0.31301761	1.57668869
1016	1070	2	2	0.54945840	0.52429554
1016	1070	2	3	1.25905443	2.39450931
1016	1070	2	4	0.76906129	1.38126771
1016	1070	2	5	1.02311063	1.31564488
1016	1070	2	6	1.53012358	2.03687204
1016	1070	2	7	0.69964526	1.75051502
1016	1070	2	8	0.24690985	1.37209295
1016	1070	2	9	0.27397241	0.42881029
1016	1070	2	10	0.66314966	1.29393924
1016	1070	2	11	0.42554902	1.44738881
1016	1070	2	12	0.93537631	2.33164858
1016	1070	2	13	0.09391156	0.33070812
1016	1070	2	14	0.54376928	0.20988965
1016	1070	2	15	1.42235243	2.38440617
1016	1070	2	16	0.29157315	1.02897331
1016	1070	2	17	0.79469475	1.99808713
1016	1070	2	18	0.94228429	0.94776219
1016	1070	2	19	0.44290287	1.34035872
1016	1070	3	0	0.31642235	1.28387554
1016	1070	3	1	0.21873506	1.48443191
1016	1070	3	2	0.69326427	0.98291238
1016	1070	3	3	1.33421384	3.03551314
1016	1070	3	4	0.80999567	1.83696320
1016	1070	3	5	1.12173750	1.96749625
1016	1070	3	6	1.74906296	2.86639794
1016	1070	3	7	0.83356250	1.94147215
1016	1070	3	8	0.19816928	1.32589761
1016	1070	3	9	0.34183036	0.56266695
1016	1070	3	10	0.67343483	1.58332356
1016	1070	3	11	0.48315301	1.44060750
1016	1070	3	12	0.86869244	2.92083767
1016	1070	3	13	0.07727840	0.33667685
1016	1070	3	14	0.84713482	0.70421913
1016	1070	3	15	1.49793227	3.16390391
1016	1070	3	16	0.29829578	1.12905071
1016	1070	3	17	0.78177195	2.41494713
1016	1070	3	18	1.06655425	1.64159763
1016	1070	3	19	0.42159357	1.58628236
1016	1070	4	0	0.32861746	1.15062402
1016	1070	4	1	0.16089971	1.32160641
1016	1070	4	2	0.82471529	1.50587330
1016	1070	4	3	1.35814988	3.58622586
1016	1070	4	4	0.81314498	2.23021022
1016	1070	4	5	1.18632424	2.53402983
1016	1070	4	6	1.88091943	3.62954146
1016	1070	4	7	0.98546871	2.21085563
1016	1070	4	8	0.20035736	1.24082991
1016	1070	4	9	0.38762261	0.72064328
1016	1070	4	10	0.68723336	1.79940193
1016	1070	4	11	0.59216663	1.49345573
1016	1070	4	12	0.78075679	3.35586413
1016	1070	4	13	0.08002161	0.32442520
1016	1070	4	14	1.06905635	1.38547414
1016	1070	4	15	1.56236304	3.80882276
1016	1070	4	16	0.28935354	1.21722598
1016	1070	4	17	0.77469995	2.74005685
1016	1070	4	18	1.17476153	2.27781920
1016	1070	4	19	0.39852373	1.77475574
1016	1070	5	0	0.42470274	1.07623857
1016	1070	5	1	0.12142092	1.14279845
1016	1070	5	2	0.95174720	2.06967492
1016	1070	5	3	1.32859748	4.01872929
1016	1070	5	4	0.79349121	2.53739129
1016	1070	5	5	1.23661157	3.00528114
1016	1070	5	6	1.94820227	4.26205241
1016	1070	5	7	1.11907642	2.55386426
1016	1070	5	8	0.22577465	1.17612236
1016	1070	5	9	0.40791033	0.87279238
1016	1070	5	10	0.70737392	1.96686277
1016	1070	5	11	0.70727840	1.63953198
1016	1070	5	12	0.69339967	3.63836517
1016	1070	5	13	0.10848530	0.31817474
1016	1070	5	14	1.20763706	2.12818010
1016	1070	5	15	1.62930602	4.34429717
1016	1070	5	16	0.26473309	1.28004926
1016	1070	5	17	0.77315902	2.99661689
1016	1070	5	18	1.28737448	2.85546727
1016	1070	5	19	0.37124476	1.91246122
1016	1070	6	0	0.57370196	1.12399171
1016	1070	6	1	0.09553139	0.97047278
1016	1070	6	2	1.07623706	2.66282191
1016	1070	6	3	1.25325601	4.31004616
1016	1070	6	4	0.76238810	2.75522895
1016	1070	6	5	1.27229261	3.39383830
1016	1070	6	6	1.97258148	4.74428922
1016	1070	6	7	1.22402500	2.93080454
1016	1070	6	8	0.25766735	1.15065487
1016	1070	6	9	0.40580790	0.99551377
1016	1070	6	10	0.72703146	2.10609168
1016	1070	6	11	0.80683782	1.85708751
1016	1070	6	12	0.61881616	3.79156528
1016	1070	6	13	0.16558228	0.34205012
1016	1070	6	14	1.29507868	2.83452133
1016	1070	6	15	1.68586084	4.80234645
1016	1070	6	16	0.24092585	1.30656045
1016	1070	6	17	0.77394402	3.20312096
1016	1070	6	18	1.38699513	3.39430213
1016	1070	6	19	0.34415660	2.00265050
1016	1070	7	0	0.74285590	1.30401866
1016	1070	7	1	0.08312256	0.81655242
1016	1070	7	2	1.19742194	3.27768772
1016	1070	7	3	1.14665036	4.45082931
1016	1070	7	4	0.72781491	2.89254305
1016	1070	7	5	1.28762173	3.70843031
1016	1070	7	6	1.97270431	5.08503621
1016	1070	7	7	1.30049745	3.30315705
1016	1070	7	8	0.28653416	1.16252042
1016	1070	7	9	0.38673334	1.07603294
1016	1070	7	10	0.73675516	2.22476067
1016	1070	7	11	0.88283704	2.10921933
1016	1070	7	12	0.56233649	3.84743577
1016	1070	7	13	0.24988907	0.41667347
1016	1070	7	14	1.38180066	3.46192450
1016	1070	7	15	1.71242037	5.19345684
1016	1070	7	16	0.23600491	1.30433057
1016	1070	7	17	0.77330069	3.37136048
1016	1070	7	18	1.44121764	3.89150605
1016	1070	7	19	0.32409695	2.05249741
1016	1070	8	0	0.90924849	1.59014561
1016	1070	8	1	0.08517079	0.68978714
1016	1070	8	2	1.31336498	3.90720429
1016	1070	8	3	1.02432591	4.44866904
1016	1070	8	4	0.69518290	2.96413176
1016	1070	8	5	1.27737930	3.94957734
1016	1070	8	6	1.96341553	5.30870351
1016	1070	8	7	1.35209348	3.64377882
1016	1070	8	8	0.30756769	1.20071808
1016	1070	8	9	0.35668838	1.11116755
1016	1070	8	10	0.72899814	2.31887482
1016	1070	8	11	0.93401767	2.36203941
1016	1070	8	12	0.52518193	3.83853133
1016	1070	8	13	0.35638731	0.55575957
1016	1070	8	14	1.50742038	4.02826395
1016	1070	8	15	1.69373716	5.50568032
1016	1070	8	16	0.26058809	1.29759473
1016	1070	8	17	0.76790506	3.50714286
1016	1070	8	18	1.42686467	4.31259416
1016	1070	8	19	0.31793998	2.07495916
1016	1070	9	0	1.06042982	1.94244997
1016	1070	9	1	0.10234264	0.59765403
1016	1070	9	2	1.42180309	4.54359133
1016	1070	9	3	0.89899689	4.32474192
1016	1070	9	4	0.66810760	2.98684724
1016	1070	9	5	1.23910138	4.11243313
1016	1070	9	6	1.95582346	5.44614996
1016	1070	9	7	1.38282927	3.93701417
1016	1070	9	8	0.31886331	1.25178952
1016	1070	9	9	0.32133061	1.10477680
1016	1070	9	10	0.70065210	2.37804629
1016	1070	9	11	0.96190606	2.59052358
1016	1070	9	12	0.50647909	3.79379440
1016	1070	9	13	0.47803123	0.76435773
1016	1070	9	14	1.68167139	4.58682106
1016	1070	9	15	1.62441780	5.71504268
1016	1070	9	16	0.31423022	1.31669564
1016	1070	9	17	0.75523623	3.61185341
1016	1070	9	18	1.34414754	4.60894416
1016	1070	9	19	0.33122625	2.08796296
1016	1070	10	0	1.19133369	2.32254202
1016	1070	10	1	0.13359678	0.54637480
1016	1070	10	2	1.52072151	5.17815350
1016	1070	10	3	0.77933384	4.10747280
1016	1070	10	4	0.64900602	2.97733400
1016	1070	10	5	1.17531356	4.19105504
1016	1070	10	6	1.95775917	5.52872858
1016	1070	10	7	1.39600454	4.17577306
1016	1070	10	8	0.32020888	1.30324674
1016	1070	10	9	0.28538776	1.06511649
1016	1070	10	10	0.65432625	2.39177953
1016	1070	10	11	0.96878825	2.77864867
1016	1070	10	12	0.50449466	3.73699686
1016	1070	10	13	0.60736862	1.03912881
1016	1070	10	14	1.88943616	5.18806026
1016	1070	10	15	1.51200709	5.79863995
1016	1070	10	16	0.38650988	1.38588393
1016	1070	10	17	0.73418588	3.68409455
1016	1070	10	18	1.21439499	4.74489107
1016	1070	10	19	0.36643972	2.11234200
1016	1070	11	0	1.30123121	2.70041174
1016	1070	11	1	0.17556718	0.53953060
1016	1070	11	2	1.60862374	5.80168729
1016	1070	11	3	0.67033163	3.82662031
1016	1070	11	4	0.63949589	2.95087743
1016	1070	11	5	1.09369940	4.18370297
1016	1070	11	6	1.97428928	5.58483937
1016	1070	11	7	1.39389489	4.35832545
1016	1070	11	8	0.31234402	1.34505729
1016	1070	11	9	0.25244639	1.00247251
1016	1070	11	10	0.59673202	2.35521996
1016	1070	11	11	0.95685735	2.91746359
1016	1070	11	12	0.51723412	3.68664780
1016	1070	11	13	0.73773737	1.37016939
1016	1070	11	14	2.10871359	5.85544149
1016	1070	11	15	1.37355113	5.74728802
1016	1070	11	16	0.46369580	1.51447569
1016	1070	11	17	0.70542955	3.72162467
1016	1070	11	18	1.06503610	4.71544795
1016	1070	11	19	0.42213842	2.16835176
1016	1070	12	0	1.39161301	3.05583115
1016	1070	12	1	0.22344219	0.57641604
1016	1070	12	2	1.68449468	6.40508733
1016	1070	12	3	0.57423433	3.50925689
1016	1070	12	4	0.64061640	2.92091289
1016	1070	12	5	1.00424469	4.09681140
1016	1070	12	6	2.00812663	5.63818052
1016	1070	12	7	1.37780442	4.48571967
1016	1070	12	8	0.29655887	1.37007145
1016	1070	12	9	0.22510859	0.92735638
1016	1070	12	10	0.53530618	2.27162669
1016	1070	12	11	0.92802866	3.00288405
1016	1070	12	12	0.54261311	3.65651368
1016	1070	12	13	0.86390013	1.74354747
1016	1070	12	14	2.32224378	6.58489755
1016	1070	12	15	1.22759550	5.57132501
1016	1070	12	16	0.53532622	1.69632195
1016	1070	12	17	0.67104598	3.72330158
1016	1070	12	18	0.91741741	4.54436425
1016	1070	12	19	0.49387888	2.27182901
1016	1070	13	0	1.46490820	3.37714769
1016	1070	13	1	0.27247977	0.65169539
1016	1070	13	2	1.74757561	6.97981079
1016	1070	13	3	0.49146884	3.17771135
1016	1070	13	4	0.65290656	2.89886686
1016	1070	13	5	0.91584955	3.94498488
1016	1070	13	6	2.05993797	5.70701193
1016	1070	13	7	1.34828162	4.56000350
1016	1070	13	8	0.27448840	1.37395696
1016	1070	13	9	0.20535929	0.84944699
1016	1070	13	10	0.47582234	2.15075422
1016	1070	13	11	0.88410347	3.03396100
1016	1070	13	12	0.57840993	3.65623266
1016	1070	13	13	0.98220323	2.14379857
1016	1070	13	14	2.51985452	7.35605940
1016	1070	13	15	1.08826972	5.29684738
1016	1070	13	16	0.59621559	1.91595639
1016	1070	13	17	0.63367977	3.69027781
1016	1070	13	18	0.78372470	4.27051017
1016	1070	13	19	0.57602306	2.43183970
1016	1070	14	0	1.52377305	3.65921918
1016	1070	14	1	0.31906658	0.75666242
1016	1070	14	2	1.79718340	7.51803629
1016	1070	14	3	0.42138846	2.84897606
1016	1070	14	4	0.67638813	2.89411254
1016	1070	14	5	0.83455008	3.74760686
1016	1070	14	6	2.12862699	5.80397959
1016	1070	14	7	1.30542660	4.58317814
1016	1070	14	8	0.24797899	1.35494199
1016	1070	14	9	0.19485166	0.77724556
1016	1070	14	10	0.42175661	2.00531294
1016	1070	14	11	0.82707046	3.01183019
1016	1070	14	12	0.62217333	3.69179018
1016	1070	14	13	1.09042983	2.55591688
1016	1070	14	14	2.69687893	8.14318373
1016	1070	14	15	0.96372185	4.95704532
1016	1070	14	16	0.64523245	2.15560540
1016	1070	14	17	0.59580287	3.62613258
1016	1070	14	18	0.66894279	3.93475221
1016	1070	14	19	0.66321142	2.65047938
1016	1070	15	0	1.57072888	3.90136077
1016	1070	15	1	0.36101794	0.88123538
1016	1070	15	2	1.83276502	8.01261446
1016	1070	15	3	0.36279769	2.53501078
1016	1070	15	4	0.71051053	2.91391839
1016	1070	15	5	0.76342514	3.52462707
1016	1070	15	6	2.21167724	5.93628351
1016	1070	15	7	1.24926496	4.55676337
1016	1070	15	8	0.21895098	1.31347956
1016	1070	15	9	0.19488249	0.71812865
1016	1070	15	10	0.37466868	1.84781789
1016	1070	15	11	0.75938370	2.93927676
1016	1070	15	12	0.67120885	3.76583177
1016	1070	15	13	1.18750917	2.96667013
1016	1070	15	14	2.85210348	8.92192421
1016	1070	15	15	0.85719329	4.58430869
1016	1070	15	16	0.68341951	2.39967171
1016	1070	15	17	0.55932528	3.53624019
1016	1070	15	18	0.57369317	3.57222881
1016	1070	15	19	0.75109762	2.92417612
1016	1070	16	0	1.60800189	4.10564875
1016	1070	16	1	0.39737574	1.01573928
1016	1070	16	2	1.85415976	8.45708164
1016	1070	16	3	0.31429205	2.24349281
1016	1070	16	4	0.75412170	2.96335332
1016	1070	16	5	0.70333304	3.29344459
1016	1070	16	6	2.30559142	6.10613073
1016	1070	16	7	1.18016028	4.48186291
1016	1070	16	8	0.18923661	1.25184629
1016	1070	16	9	0.20610981	0.67835928
1016	1070	16	10	0.33484392	1.68872868
1016	1070	16	11	0.68408737	2.82070805
1016	1070	16	12	0.72270003	3.87791569
1016	1070	16	13	1.27319789	3.36527406
1016	1070	16	14	2.98624162	9.67245583
1016	1070	16	15	0.76877067	4.20553623
1016	1070	16	16	0.71262269	2.63650344
1016	1070	16	17	0.52550906	3.42686871
1016	1070	16	18	0.49639523	3.20948862
1016	1070	16	19	0.83651695	3.24553656
1016	1070	17	0	1.63747509	4.27565844
1016	1070	17	1	0.42803259	1.15202789
1016	1070	17	2	1.86186056	8.84593339
1016	1070	17	3	0.27445984	1.97871337
1016	1070	17	4	0.80551740	3.04518421
1016	1070	17	5	0.65377637	3.06740694
1016	1070	17	6	2.40639600	6.31147189
1016	1070	17	7	1.09920126	4.35962334
1016	1070	17	8	0.16041708	1.17366468
1016	1070	17	9	0.22828397	0.66281206
1016	1070	17	10	0.30184676	1.53576898
1016	1070	17	11	0.60471027	2.66225909
1016	1070	17	12	0.77394413	4.02484933
1016	1070	17	13	1.34779928	3.74356884
1016	1070	17	14	3.10096963	10.38033680
1016	1070	17	15	0.69686630	3.84046119
1016	1070	17	16	0.73475104	2.85846309
1016	1070	17	17	0.49504887	3.30436296
1016	1070	17	18	0.43459321	2.86454014
1016	1070	17	19	0.91736700	3.60508918
1016	1070	18	0	1.66069829	4.41559590
1016	1070	18	1	0.45337831	1.28394154
1016	1070	18	2	1.85708834	9.17511192
1016	1070	18	3	0.24198928	1.74244435
1016	1070	18	4	0.86258893	3.15984596
1016	1070	18	5	0.61358482	2.85559773
1016	1070	18	6	2.51013206	6.54698897
1016	1070	18	7	1.00845854	4.19194678
1016	1070	18	8	0.13369975	1.08336463
1016	1070	18	9	0.26021811	0.67451913
1016	1070	18	10	0.27490278	1.39399583
1016	1070	18	11	0.52494258	2.47176122
1016	1070	18	12	0.82262226	4.20121138
1016	1070	18	13	1.41194642	4.09586780
1016	1070	18	14	3.19836015	11.03620342
1016	1070	18	15	0.63920805	3.50190889
1016	1070	18	16	0.75146614	3.06124357
1016	1070	18	17	0.46821010	3.17456264
1016	1070	18	18	0.38567474	2.54821534
1016	1070	18	19	0.99239130	3.99265195
1016	1070	19	0	1.67892490	4.52974385
1016	1070	19	1	0.47403859	1.40729363
1016	1070	19	2	1.84165035	9.44248343
1016	1070	19	3	0.21571536	1.53468855
1016	1070	19	4	0.92304515	3.30556614
1016	1070	19	5	0.58135911	2.66336700
1016	1070	19	6	2.61324957	6.80523421
1016	1070	19	7	0.91100081	3.98225319
1016	1070	19	8	0.10986521	0.98563706
1016	1070	19	9	0.30001820	0.71433500
1016	1070	19	10	0.25313145	1.26623107
1016	1070	19	11	0.44820105	2.25839676
1016	1070	19	12	0.86700878	4.40006652
1016	1070	19	13	1.46644897	4.41862958
1016	1070	19	14	3.28056485	11.63497025
1016	1070	19	15	0.59341177	3.19697471
1016	1070	19	16	0.76410047	3.24300096
1016	1070	19	17	0.44496553	3.04246855
1016	1070	19	18	0.34721583	2.26589427
1016	1070	19	19	1.06096076	4.39828277
1016	1070	20	0	1.69315742	4.62213841
1016	1070	20	1	0.49070835	1.51959939
1016	1070	20	2	1.81767817	9.64809109
1016	1070	20	3	0.19463173	1.35428301
1016	1070	20	4	0.98465360	3.47868325
1016	1070	20	5	0.55572073	2.49315578
1016	1070	20	6	2.71285557	7.07777154
1016	1070	20	7	0.81062148	3.73603746
1016	1070	20	8	0.08928729	0.88495143
1016	1070	20	9	0.34544019	0.78094093
1016	1070	20	10	0.23567395	1.15360093
1016	1070	20	11	0.37723397	2.03202204
1016	1070	20	12	0.90605904	4.61378353
1016	1070	20	13	1.51219143	4.71006419
1016	1070	20	14	3.34964563	12.17490141
1016	1070	20	15	0.55726999	2.92845691
1016	1070	20	16	0.77367712	3.40356696
1016	1070	20	17	0.42510718	2.91210866
1016	1070	20	18	0.31711728	2.01912267
1016	1070	20	19	1.12288845	4.81287151
1016	1070	21	0	1.70419222	4.69640454
1016	1070	21	1	0.50405792	1.61970767
1016	1070	21	2	1.78736080	9.79410215
1016	1070	21	3	0.17788422	1.19935860
1016	1070	21	4	1.04544262	3.67413403
1016	1070	21	5	0.53543158	2.34533775
1016	1070	21	6	2.80681263	7.35617358
1016	1070	21	7	0.71133880	3.46099106
1016	1070	21	8	0.07200625	0.78519623
1016	1070	21	9	0.39422815	0.87120507
1016	1070	21	10	0.22175474	1.05604745
1016	1070	21	11	0.31388645	1.80229763
1016	1070	21	12	0.93936957	4.83481957
1016	1070	21	13	1.55006811	4.96974216
1016	1070	21	14	3.40749243	12.65673179
1016	1070	21	15	0.52887009	2.69619185
1016	1070	21	16	0.78096353	3.54382768
1016	1070	21	17	0.40832880	2.78654125
1016	1070	21	18	0.29363275	1.80694188
1016	1070	21	19	1.17828513	5.22845993
1016	1070	22	0	1.71265952	4.75569396
1016	1070	22	1	0.51468784	1.70743355
1016	1070	22	2	1.75274292	9.88449738
1016	1070	22	3	0.16475610	1.06767447
1016	1070	22	4	1.10382827	3.88603225
1016	1070	22	5	0.51943645	2.21894305
1016	1070	22	6	2.89371799	7.63277417
1016	1070	22	7	0.61683046	3.16658866
1016	1070	22	8	0.05782626	0.68946960
1016	1070	22	9	0.44435262	0.98076293
1016	1070	22	10	0.21070462	0.97275392
1016	1070	22	11	0.25906644	1.57784364
1016	1070	22	12	0.96704882	5.05634821
1016	1070	22	13	1.58094315	5.19824251
1016	1070	22	14	3.45579051	13.08291315
1016	1070	22	15	0.50661933	2.49814737
1016	1070	22	16	0.78652891	3.66527177
1016	1070	22	17	0.39428255	2.66794003
1016	1070	22	18	0.27534568	1.62689818
1016	1070	22	19	1.22745184	5.63837013
1016	1070	23	0	1.71905717	4.80268473
1016	1070	23	1	0.52311280	1.78324015
1016	1070	23	2	1.71560603	9.92461249
1016	1070	23	3	0.15465044	0.95685142
1016	1070	23	4	1.15866015	4.10824315
1016	1070	23	5	0.50686440	2.11222029
1016	1070	23	6	2.97280753	7.90114123
1016	1070	23	7	0.52998140	2.86322931
1016	1070	23	8	0.04641150	0.60001202
1016	1070	23	9	0.49413655	1.10464674
1016	1070	23	10	0.20196263	0.90247031
1016	1070	23	11	0.21287426	1.36561331
1016	1070	23	12	0.98955138	5.27266505
1016	1070	23	13	1.60562729	5.39685445
1016	1070	23	14	3.49601543	13.45700497
1016	1070	23	15	0.48922428	2.33124649
1016	1070	23	16	0.79079385	3.76968004
1016	1070	23	17	0.38261558	2.55771984
1016	1070	23	18	0.26112588	1.47576454
1016	1070	23	19	1.27080238	6.03720661
1016	1070	24	0	1.72377842	4.83961476
1016	1070	24	1	0.52976167	1.84798627
1016	1070	24	2	1.67741987	9.92064021
1016	1070	24	3	0.14707232	0.86452742
1016	1070	24	4	1.20920197	4.33487332
1016	1070	24	5	0.49701110	2.02304138
1016	1070	24	6	3.04382586	8.15629094
1016	1070	24	7	0.45265542	2.56117514
1016	1070	24	8	0.03736526	0.51824952
1016	1070	24	9	0.54229190	1.23783487
1016	1070	24	10	0.19506764	0.84374674
1016	1070	24	11	0.17482001	1.17058331
1016	1070	24	12	1.00752005	5.47936721
1016	1070	24	13	1.62486595	5.56733508
1016	1070	24	14	3.52944265	13.78320385
1016	1070	24	15	0.47565160	2.19194834
1016	1070	24	16	0.79406943	3.85892250
1016	1070	24	17	0.37299197	2.45667513
1016	1070	24	18	0.25008165	1.35002966
1016	1070	24	19	1.30880883	6.42078058
1016	1070	25	0	1.72713435	4.86833140
1016	1070	25	1	0.53498516	1.90273882
1016	1070	25	2	1.63934187	9.87917002
1016	1070	25	3	0.14161225	0.78845520
1016	1070	25	4	1.25507217	4.56063012
1016	1070	25	5	0.48931421	1.94917438
1016	1070	25	6	3.10689248	8.39469828
1016	1070	25	7	0.38569907	2.26956994
1016	1070	25	8	0.03028639	0.44490682
1016	1070	25	9	0.58789969	1.37565851
1016	1070	25	10	0.18964565	0.79509096
1016	1070	25	11	0.14405560	0.99575389
1016	1070	25	12	1.02166071	5.67334831
1016	1070	25	13	1.63933517	5.71171969
1016	1070	25	14	3.55716447	14.06599334
1016	1070	25	15	0.46508456	2.07663340
1016	1070	25	16	0.79658663	3.93483218
1016	1070	25	17	0.36510461	2.36511417
1016	1070	25	18	0.24151467	1.24621102
1016	1070	25	19	1.34196413	6.78599092
1016	1070	26	0	1.72937188	4.89034605
1016	1070	26	1	0.53906656	1.94864119
1016	1070	26	2	1.60224399	9.80680712
1016	1070	26	3	0.13793127	0.72655802
1016	1070	26	4	1.29616777	4.78104006
1016	1070	26	5	0.48332846	1.88845488
1016	1070	26	6	3.16238191	8.61417023
1016	1070	26	7	0.32911141	1.99574693
1016	1070	26	8	0.02480394	0.38015264
1016	1070	26	9	0.63036089	1.51405543
1016	1070	26	10	0.18539627	0.75506784
1016	1070	26	11	0.11957297	0.84238103
1016	1070	26	12	1.03265765	5.85266909
1016	1070	26	13	1.64964255	5.83217835
1016	1070	26	14	3.58010979	14.30989319
1016	1070	26	15	0.45688202	1.98184123
1016	1070	26	16	0.79851796	3.99913199
1016	1070	26	17	0.35868054	2.28297988
1016	1070	26	18	0.23488077	1.16104068
1016	1070	26	19	1.37075720	7.13068523
1016	1070	27	0	1.73068809	4.90688765
1016	1070	27	1	0.54223280	1.98682615
1016	1070	27	2	1.56675224	9.70988423
1016	1070	27	3	0.13574797	0.67695625
1016	1070	27	4	1.33258800	4.99254158
1016	1070	27	5	0.47870295	1.83888394
1016	1070	27	6	3.21082557	8.81364255
1016	1070	27	7	0.28228909	1.74490743
1016	1070	27	8	0.02059463	0.32374873
1016	1070	27	9	0.66933698	1.64969171
1016	1070	27	10	0.18207978	0.72235635
1016	1070	27	11	0.10034819	0.71033753
1016	1070	27	12	1.04112504	6.01636248
1016	1070	27	13	1.65633157	5.93091170
1016	1070	27	14	3.59906428	14.51928740
1016	1070	27	15	0.45054280	1.90440324
1016	1070	27	16	0.79999307	4.05339669
1016	1070	27	17	0.35348199	2.20995296
1016	1070	27	18	0.22975725	1.09156322
1016	1070	27	19	1.39565695	7.45351630
1016	1070	28	0	1.73124159	4.91895181
1016	1070	28	1	0.54466468	2.01836223
1016	1070	28	2	1.53328942	9.59426284
1016	1070	28	3	0.13482730	0.63797396
1016	1070	28	4	1.36456727	5.19248036
1016	1070	28	5	0.47516182	1.79867582
1016	1070	28	6	3.25283676	8.99294851
1016	1070	28	7	0.24427181	1.52013791
1016	1070	28	8	0.01738841	0.27518447
1016	1070	28	9	0.70469130	1.77998430
1016	1070	28	10	0.17950583	0.69577737
1016	1070	28	11	0.08543124	0.59851021
1016	1070	28	12	1.04758602	6.16421920
1016	1070	28	13	1.65988758	6.01007861
1016	1070	28	14	3.61468960	14.69831300
1016	1070	28	15	0.44567594	1.84150392
1016	1070	28	16	0.80111012	4.09903765
1016	1070	28	17	0.34930495	2.14553676
1016	1070	28	18	0.22581633	1.03517524
1016	1070	28	19	1.41710273	7.75380384
1016	1070	29	0	1.73116140	4.92734404
1016	1070	29	1	0.54650585	2.04422410
1016	1070	29	2	1.50211577	9.46521165
1016	1070	29	3	0.13497129	0.60813279
1016	1070	29	4	1.39242118	5.37903864
1016	1070	29	5	0.47248837	1.76627282
1016	1070	29	6	3.28905662	9.15259200
1016	1070	29	7	0.21394454	1.32266765
1016	1070	29	8	0.01496653	0.23378823
1016	1070	29	9	0.73643671	1.90305751
1016	1070	29	10	0.17752370	0.67430200
1016	1070	29	11	0.07399164	0.50516839
1016	1070	29	12	1.05246966	6.29658413
1016	1070	29	13	1.66074451	6.07174924
1016	1070	29	14	3.62754110	14.85079418
1016	1070	29	15	0.44197670	1.79069590
1016	1070	29	16	0.80194394	4.13730170
1016	1070	29	17	0.34597645	2.08912450
1016	1070	29	18	0.22280400	0.98962803
1016	1070	29	19	1.43549919	8.03140687
1016	1070	30	0	1.73055396	4.93271671
1016	1070	30	1	0.54787033	2.06527958
1016	1070	30	2	1.47336519	9.32734674
1016	1070	30	3	0.13601136	0.58613796
1016	1070	30	4	1.41650584	5.55112668
1016	1070	30	5	0.47051221	1.74034012
1016	1070	30	6	3.32011743	9.29354475
1016	1070	30	7	0.19018141	1.15225368
1016	1070	30	8	0.01315593	0.19881314
1016	1070	30	9	0.76469167	2.01766139
1016	1070	30	10	0.17601427	0.65704784
1016	1070	30	11	0.06533326	0.42826788
1016	1070	30	12	1.05611833	6.41418006
1016	1070	30	13	1.65929155	6.11787718
1016	1070	30	14	3.63808364	14.98020972
1016	1070	30	15	0.43920732	1.74988687
1016	1070	30	16	0.80255199	4.16927850
1016	1070	30	17	0.34335109	2.04005120
1016	1070	30	18	0.22052336	0.95300836
1016	1070	30	19	1.45121426	8.28660980
1016	1070	31	0	1.72950852	4.93560019
1016	1070	31	1	0.54884863	2.08228740
1016	1070	31	2	1.44707600	9.18461829
1016	1070	31	3	0.13780208	0.57086032
1016	1070	31	4	1.43718901	5.70825806
1016	1070	31	5	0.46909906	1.71974915
1016	1070	31	6	3.34661937	9.41707654
1016	1070	31	7	0.17193425	1.00759776
1016	1070	31	8	0.01182205	0.16949880
1016	1070	31	9	0.78964494	2.12307288
1016	1070	31	10	0.17488344	0.64326826
1016	1070	31	11	0.05888992	0.36567891
1016	1070	31	12	1.05879974	6.51796483
1016	1070	31	13	1.65587921	6.15028569
1016	1070	31	14	3.64670543	15.08968377
1016	1070	31	15	0.43718200	1.71731090
1016	1070	31	16	0.80297872	4.19591234
1016	1070	31	17	0.34130749	1.99763221
1016	1070	31	18	0.21882159	0.92370762
1016	1070	31	19	1.46457919	8.52002316
1016	1070	32	0	1.72810122	4.93642830
1016	1070	32	1	0.54951285	2.09590181
1016	1070	32	2	1.42321628	9.04033036
1016	1070	32	3	0.14021635	0.56131673
1016	1070	32	4	1.45483091	5.85042450
1016	1070	32	5	0.46814270	1.70355555
1016	1070	32	6	3.36911712	9.52462057
1016	1070	32	7	0.15827739	0.88673074
1016	1070	32	8	0.01086157	0.14511268
1016	1070	32	9	0.81152825	2.21899395
1016	1070	32	10	0.17405685	0.63233820
1016	1070	32	11	0.05421110	0.31534173
1016	1070	32	12	1.06072023	6.60902176
1016	1070	32	13	1.65082455	6.17066370
1016	1070	32	14	3.65373018	15.18199285
1016	1070	32	15	0.43575505	1.69149235
1016	1070	32	16	0.80325882	4.21801625
1016	1070	32	17	0.33974483	1.96119099
1016	1070	32	18	0.21757983	0.90038609
1016	1070	32	19	1.47588989	8.73249899
1016	1070	33	0	1.72639818	4.93555906
1016	1070	33	1	0.54992059	2.10668097
1016	1070	33	2	1.40170432	8.89718261
1016	1070	33	3	0.14314163	0.55665073
1016	1070	33	4	1.46977218	5.97797978
1016	1070	33	5	0.46755865	1.69097524
1016	1070	33	6	3.38811364	9.61767176
1016	1070	33	7	0.14842209	0.78733002
1016	1070	33	8	0.01019578	0.12497541
1016	1070	33	9	0.83059564	2.30545568
1016	1070	33	10	0.17347558	0.62373879
1016	1070	33	11	0.05094365	0.27536128
1016	1070	33	12	1.06203739	6.68847966
1016	1070	33	13	1.64441540	6.18056806
1016	1070	33	14	3.65942743	15.25958315
1016	1070	33	15	0.43481167	1.67120773
1016	1070	33	16	0.80341959	4.23628665
1016	1070	33	17	0.33857958	1.93007807
1016	1070	33	18	0.21670532	0.88193636
1016	1070	33	19	1.48540920	8.92506006
1016	1070	34	0	1.72445776	4.93329123
1016	1070	34	1	0.55011825	2.11509718
1016	1070	34	2	1.38242470	8.75732525
1016	1070	34	3	0.14647718	0.55611435
1016	1070	34	4	1.48232735	6.09153808
1016	1070	34	5	0.46727919	1.68136089
1016	1070	34	6	3.40405856	9.69771380
1016	1070	34	7	0.14171213	0.70695920
1016	1070	34	8	0.00976499	0.10847406
1016	1070	34	9	0.84710840	2.38273303
1016	1070	34	10	0.17309280	0.61704212
1016	1070	34	11	0.04881324	0.24405541
1016	1070	34	12	1.06287112	6.75745736
1016	1070	34	13	1.63691366	6.18142949
1016	1070	34	14	3.66402149	15.32459419
1016	1070	34	15	0.43426088	1.65544863
1016	1070	34	16	0.80348278	4.25131763
1016	1070	34	17	0.33774268	1.90368330
1016	1070	34	18	0.21612536	0.86744859
1016	1070	34	19	1.49336946	9.09884165
1016	1070	35	0	1.72233213	4.92987729
1016	1070	35	1	0.55014344	2.12154773
1016	1070	35	2	1.36524080	8.62242053
1016	1070	35	3	0.15013211	0.55905197
1016	1070	35	4	1.49278198	6.19188878
1016	1070	35	5	0.46724957	1.67418013
1016	1070	35	6	3.41734976	9.76616968
1016	1070	35	7	0.13760939	0.64323364
1016	1070	35	8	0.00952387	0.09506692
1016	1070	35	9	0.86132450	2.45127240
1016	1070	35	10	0.17287112	0.61189707
1016	1070	35	11	0.04760740	0.21997009
1016	1070	35	12	1.06331270	6.81702745
1016	1070	35	13	1.62855766	6.17456010
1016	1070	35	14	3.66769892	15.37888585
1016	1070	35	15	0.43402994	1.64338751
1016	1070	35	16	0.80346589	4.26361447
1016	1070	35	17	0.33717702	1.88144284
1016	1070	35	18	0.21578258	0.85617872
1016	1070	35	19	1.49997544	9.25504454
1016	1070	36	0	1.72006832	4.92553343
1016	1070	36	1	0.55002706	2.12636542
1016	1070	36	2	1.35000424	8.49370603
1016	1070	36	3	0.15402404	0.56488629
1016	1070	36	4	1.50139231	6.27992773
1016	1070	36	5	0.46742498	1.66899608
1016	1070	36	6	3.42833676	9.82437085
1016	1070	36	7	0.13567536	0.59392358
1016	1070	36	8	0.00943782	0.08428269
1016	1070	36	9	0.87349140	2.51163233
1016	1070	36	10	0.17278043	0.60801652
1016	1070	36	11	0.04716111	0.20187314
1016	1070	36	12	1.06343215	6.86819456
1016	1070	36	13	1.61956380	6.16116144
1016	1070	36	14	3.67061492	15.42406645
1016	1070	36	15	0.43406014	1.63434723
1016	1070	36	16	0.80338322	4.27360593
1016	1070	36	17	0.33683527	1.86284235
1016	1070	36	18	0.21563141	0.84752038
1016	1070	36	19	1.50540716	9.39489781
1016	1070	37	0	1.71770896	4.92044719
1016	1070	37	1	0.54979473	2.12982838
1016	1070	37	2	1.33656198	8.37205657
1016	1070	37	3	0.15807825	0.57310664
1016	1070	37	4	1.50838648	6.35660376
1016	1070	37	5	0.46776827	1.66545032
1016	1070	37	6	3.43732510	9.87354029
1016	1070	37	7	0.13555212	0.55700865
1016	1070	37	8	0.00948004	0.07571612
1016	1070	37	9	0.88384154	2.56443627
1016	1070	37	10	0.17279634	0.60516622
1016	1070	37	11	0.04734487	0.18873540
1016	1070	37	12	1.06328393	6.91188419
1016	1070	37	13	1.61012769	6.14233193
1016	1070	37	14	3.67289870	15.46152071
1016	1070	37	15	0.43430349	1.62777448
1016	1070	37	16	0.80324667	4.28165529
1016	1070	37	17	0.33667807	1.84741742
1016	1070	37	18	0.21563530	0.84098059
1016	1070	37	19	1.50982270	9.51962997
1016	1070	38	0	1.71529262	4.91478303
1016	1070	38	1	0.54946805	2.13216889
1016	1070	38	2	1.32476137	8.25804232
1016	1070	38	3	0.16222721	0.58325942
1016	1070	38	4	1.51396667	6.42287860
1016	1070	38	5	0.46824820	1.66324841
1016	1070	38	6	3.44458110	9.91478585
1016	1070	38	7	0.13694510	0.53069773
1016	1070	38	8	0.00962945	0.06902175
1016	1070	38	9	0.89258977	2.61033641
1016	1070	38	10	0.17289884	0.60315516
1016	1070	38	11	0.04805539	0.17970562
1016	1070	38	12	1.06291128	6.94893885
1016	1070	38	13	1.60042480	6.11907350
1016	1070	38	14	3.67465793	15.49243634
1016	1070	38	15	0.43472029	1.62321715
1016	1070	38	16	0.80306624	4.28807008
1016	1070	38	17	0.33667254	1.83475212
1016	1070	38	18	0.21576457	0.83615905
1016	1070	38	19	1.51336075	9.63044701
1016	1070	39	0	1.71285408	4.90868639
1016	1070	39	1	0.54906543	2.13358110
1016	1070	39	2	1.31445382	8.15198203
1016	1070	39	3	0.16641033	0.59494062
1016	1070	39	4	1.51831170	6.47969797
1016	1070	39	5	0.46883815	1.66214779
1016	1070	39	6	3.45033674	9.94910070
1016	1070	39	7	0.13960819	0.51342557
1016	1070	39	8	0.00986898	0.06390684
1016	1070	39	9	0.89993223	2.64998670
1016	1070	39	10	0.17307132	0.60182751
1016	1070	39	11	0.04920832	0.17408352
1016	1070	39	12	1.06234948	6.98011925
1016	1070	39	13	1.59061105	6.09229713
1016	1070	39	14	3.67598246	15.51782898
1016	1070	39	15	0.43527717	1.62030531
1016	1070	39	16	0.80285050	4.29311061
1016	1070	39	17	0.33679107	1.82447628
1016	1070	39	18	0.21599486	0.83273070
1016	1070	39	19	1.51614302	9.72851643
1016	1070	40	0	1.71042438	4.90228654
1016	1070	40	1	0.54860281	2.13422770
1016	1070	40	2	1.30549716	8.05399063
1016	1070	40	3	0.17057380	0.60778987
1016	1070	40	4	1.52157976	6.52797186
1016	1070	40	5	0.46951508	1.66194771
1016	1070	40	6	3.45479415	9.97736832
1016	1070	40	7	0.14333186	0.50383568
1016	1070	40	8	0.01018441	0.06012410
1016	1070	40	9	0.90604624	2.68402354
1016	1070	40	10	0.17329988	0.60105585
1016	1070	40	11	0.05073283	0.17129366
1016	1070	40	12	1.06162825	7.00610839
1016	1070	40	13	1.58082320	6.06282745
1016	1070	40	14	3.67694743	15.53856488
1016	1070	40	15	0.43594574	1.61873540
1016	1070	40	16	0.80260693	4.29699735
1016	1070	40	17	0.33701025	1.81626211
1016	1070	40	18	0.21630592	0.83043137
1016	1070	40	19	1.51827634	9.81495582
1016	1070	41	0	1.70803088	4.89569853
1016	1070	41	1	0.54809409	2.13424548
1016	1070	41	2	1.29775720	7.96402095
1016	1070	41	3	0.17467055	0.62148606
1016	1070	41	4	1.52391104	6.56856200
1016	1070	41	5	0.47025887	1.66248101
1016	1070	41	6	3.45812986	10.00037049
1016	1070	41	7	0.14793390	0.50075620
1016	1070	41	8	0.01056350	0.05746486
1016	1070	41	9	0.91109086	2.71305269
1016	1070	41	10	0.17357267	0.60073564
1016	1070	41	11	0.05256767	0.17086163
1016	1070	41	12	1.06077343	7.02751760
1016	1070	41	13	1.57117940	6.03140659
1016	1070	41	14	3.67761584	15.55538138
1016	1070	41	15	0.43670149	1.61825732
1016	1070	41	16	0.80234208	4.29991718
1016	1070	41	17	0.33731016	1.80982041
1016	1070	41	18	0.21668065	0.82904584
1016	1070	41	19	1.51985458	9.89082539
1016	1070	42	0	1.70569724	4.88902444
1016	1070	42	1	0.54755154	2.13374996
1016	1070	42	2	1.29110856	7.88189983
1016	1070	42	3	0.17866016	0.63574386
1016	1070	42	4	1.52543017	6.60227481
1016	1070	42	5	0.47105176	1.66360761
1016	1070	42	6	3.46049854	10.01879661
1016	1070	42	7	0.15325271	0.50317365
1016	1070	42	8	0.01099537	0.05575277
1016	1070	42	9	0.91520789	2.73764105
1016	1070	42	10	0.17387957	0.60078072
1016	1070	42	11	0.05465838	0.17239349
1016	1070	42	12	1.05980818	7.04489331
1016	1070	42	13	1.56177978	5.99869745
1016	1070	42	14	3.67804060	15.56890514
1016	1070	42	15	0.43752309	1.61866389
1016	1070	42	16	0.80206177	4.30202877
1016	1070	42	17	0.33767369	1.80489673
1016	1070	42	18	0.21710448	0.82839826
1016	1070	42	19	1.52096026	9.95712340
1016	1070	43	0	1.70344355	4.88235430
1016	1070	43	1	0.54698603	2.13283927
1016	1070	43	2	1.28543503	7.80735869
1016	1070	43	3	0.18250867	0.65031116
1016	1070	43	4	1.52624836	6.62985837
1016	1070	43	5	0.47187802	1.66520919
1016	1070	43	6	3.46203620	10.03325360
1016	1070	43	7	0.15914260	0.51020741
1016	1070	43	8	0.01147013	0.05483828
1016	1070	43	9	0.91852317	2.75831209
1016	1070	43	10	0.17421176	0.60111968
1016	1070	43	11	0.05695544	0.17555849
1016	1070	43	12	1.05875375	7.05872394
1016	1070	43	13	1.55270724	5.96528679
1016	1070	43	14	3.67826631	15.57966812
1016	1070	43	15	0.43839177	1.61978244
1016	1070	43	16	0.80177119	4.30346708
1016	1070	43	17	0.33808608	1.80126764
1016	1070	43	18	0.21756485	0.82834426
1016	1070	43	19	1.52166599	10.01478393
1016	1070	44	0	1.70128631	4.87576666
1016	1070	44	1	0.54640716	2.13159714
1016	1070	44	2	1.28062959	7.74005932
1016	1070	44	3	0.18618844	0.66496699
1016	1070	44	4	1.52646528	6.65200230
1016	1070	44	5	0.47272369	1.66718508
1016	1070	44	6	3.46286298	10.04427565
1016	1070	44	7	0.16547069	0.52108710
1016	1070	44	8	0.01197860	0.05459391
1016	1070	44	9	0.92114793	2.77554404
1016	1070	44	10	0.17456159	0.60169291
1016	1070	44	11	0.05941310	0.18007518
1016	1070	44	12	1.05762991	7.06944666
1016	1070	44	13	1.54402843	5.93168825
1016	1070	44	14	3.67833060	15.58812157
1016	1070	44	15	0.43929101	1.62146810
1016	1070	44	16	0.80147496	4.30434713
1016	1070	44	17	0.33853453	1.79873719
1016	1070	44	18	0.21805086	0.82876478
1016	1070	44	19	1.52203572	10.06467639
1016	1070	45	0	1.69923862	4.86932908
1016	1070	45	1	0.54582346	2.13009543
1016	1070	45	2	1.27659419	7.67961507
1016	1070	45	3	0.18967777	0.67951974
1016	1070	45	4	1.52617058	6.66933939
1016	1070	45	5	0.47357642	1.66944907
1016	1070	45	6	3.46308546	10.05233337
1016	1070	45	7	0.17211515	0.53513331
1016	1070	45	8	0.01251221	0.05491021
1016	1070	45	9	0.92318022	2.78977014
1016	1070	45	10	0.17492237	0.60245039
1016	1070	45	11	0.06198876	0.18570040
1016	1070	45	12	1.05645523	7.07745351
1016	1070	45	13	1.53579488	5.89834552
1016	1070	45	14	3.67826533	15.59464809
1016	1070	45	15	0.44020621	1.62359853
1016	1070	45	16	0.80117721	4.30476717
1016	1070	45	17	0.33900792	1.79713370
1016	1070	45	18	0.21855300	0.82956108
1016	1070	45	19	1.52212571	10.10760638
1016	1070	46	0	1.69731037	4.86309856
1016	1070	46	1	0.54524237	2.12839602
1016	1070	46	2	1.27323933	7.62560824
1016	1070	46	3	0.19296059	0.69380559
1016	1070	46	4	1.52544511	6.68244854
1016	1070	46	5	0.47442536	1.67192692
1016	1070	46	6	3.46279853	10.05784206
1016	1070	46	7	0.17896432	0.55174225
1016	1070	46	8	0.01306288	0.05569255
1016	1070	46	9	0.92470632	2.80138008
1016	1070	46	10	0.17528825	0.60334985
1016	1070	46	11	0.06464270	0.19222106
1016	1070	46	12	1.05524712	7.08309687
1016	1070	46	13	1.52804424	5.86563583
1016	1070	46	14	3.67809750	15.59957200
1016	1070	46	15	0.44112456	1.62606979
1016	1070	46	16	0.80088154	4.30481129
1016	1070	46	17	0.33949660	1.79630681
1016	1070	46	18	0.21906300	0.83065078
1016	1070	46	19	1.52198548	10.14431737
1016	1070	47	0	1.69550841	4.85712201
1016	1070	47	1	0.54467039	2.12655234
1016	1070	47	2	1.27048362	7.57760399
1016	1070	47	3	0.19602596	0.70768691
1016	1070	47	4	1.52436196	6.69185817
1016	1070	47	5	0.47526106	1.67455449
1016	1070	47	6	3.46208694	10.06116906
1016	1070	47	7	0.18591637	0.57037391
1016	1070	47	8	0.01362309	0.05685844
1016	1070	47	9	0.92580201	2.81072252
1016	1070	47	10	0.17565414	0.60435537
1016	1070	47	11	0.06733804	0.19944795
1016	1070	47	12	1.05402186	7.08669424
1016	1070	47	13	1.52080167	5.83387376
1016	1070	47	14	3.67785000	15.60316826
1016	1070	47	15	0.44203487	1.62879312
1016	1070	47	16	0.80059112	4.30455152
1016	1070	47	17	0.33999221	1.79612497
1016	1070	47	18	0.21957364	0.83196482
1016	1070	47	19	1.52165853	10.17549307
1016	1070	48	0	1.69383686	4.85143677
1016	1070	48	1	0.54411305	2.12461058
1016	1070	48	2	1.26825322	7.53516143
1016	1070	48	3	0.19886761	0.72105068
1016	1070	48	4	1.52298720	6.69804991
1016	1070	48	5	0.47607544	1.67727629
1016	1070	48	6	3.46102646	10.06264011
1016	1070	48	7	0.19287933	0.59054338
1016	1070	48	8	0.01418585	0.05833548
1016	1070	48	9	0.92653377	2.81810797
1016	1070	48	10	0.17601566	0.60543633
1016	1070	48	11	0.07004089	0.20721154
1016	1070	48	12	1.05279447	7.08853224
1016	1070	48	13	1.51408122	5.80331537
1016	1070	48	14	3.67754223	15.60566991
1016	1070	48	15	0.44292749	1.63169253
1016	1070	48	16	0.80030865	4.30404968
1016	1070	48	17	0.34048756	1.79647313
1016	1070	48	18	0.22007872	0.83344503
1016	1070	48	19	1.52118299	10.20176024
1016	1070	49	0	1.69229742	4.84607123
1016	1070	49	1	0.54357502	2.12261059
1016	1070	49	2	1.26648132	7.49784225
1016	1070	49	3	0.20148336	0.73380675
1016	1070	49	4	1.52138048	6.70146218
1016	1070	49	5	0.47686170	1.68004441
1016	1070	49	6	3.45968491	10.06254471
1016	1070	49	7	0.19977127	0.61181469
1016	1070	49	8	0.01474478	0.06005976
1016	1070	49	9	0.92695989	2.82381195
1016	1070	49	10	0.17636906	0.60656656
1016	1070	49	11	0.07272047	0.21535901
1016	1070	49	12	1.05157864	7.08886996
1016	1070	49	13	1.50788731	5.77416270
1016	1070	49	14	3.67719060	15.60727452
1016	1070	49	15	0.44379422	1.63470286
1016	1070	49	16	0.80003642	4.30335877
1016	1070	49	17	0.34097651	1.79725079
1016	1070	49	18	0.22057294	0.83504230
1016	1070	49	19	1.52059219	10.22369165
1016	1070	50	0	1.69088960	4.84104550
1016	1070	50	1	0.54306010	2.12058666
1016	1070	50	2	1.26510761	7.46521723
1016	1070	50	3	0.20387463	0.74588609
1016	1070	50	4	1.51959547	6.70249359
1016	1070	50	5	0.47761427	1.68281766
1016	1070	50	6	3.45812286	10.06114057
1016	1070	50	7	0.20652049	0.63379664
1016	1070	50	8	0.01529414	0.06197464
1016	1070	50	9	0.92713141	2.82807824
1016	1070	50	10	0.17671122	0.60772372
1016	1070	50	11	0.07534938	0.22375245
1016	1070	50	12	1.05038661	7.08794170
1016	1070	50	13	1.50221614	5.74656849
1016	1070	50	14	3.67680897	15.60814954
1016	1070	50	15	0.44462826	1.63776830
1016	1070	50	16	0.79977628	4.30252421
1016	1070	50	17	0.34145390	1.79837035
1016	1070	50	18	0.22105184	0.83671508
1016	1070	50	19	1.51991508	10.24180922
1016	1070	51	0	1.68961112	4.83637221
1016	1070	51	1	0.54257129	2.11856804
1016	1070	51	2	1.26407777	7.43687125
1016	1070	51	3	0.20604582	0.75723887
1016	1070	51	4	1.51768029	6.70150600
1016	1070	51	5	0.47832875	1.68556090
1016	1070	51	6	3.45639429	10.05865735
1016	1070	51	7	0.21306551	0.65614000
1016	1070	51	8	0.01582886	0.06402981
1016	1070	51	9	0.92709297	2.83112202
1016	1070	51	10	0.17703956	0.60888878
1016	1070	51	11	0.07790369	0.23226770
1016	1070	51	12	1.04922908	7.08595922
1016	1070	51	13	1.49705699	5.72064103
1016	1070	51	14	3.67640895	15.60843682
1016	1070	51	15	0.44542412	1.64084133
1016	1070	51	16	0.79952968	4.30158482
1016	1070	51	17	0.34191547	1.79975560
1016	1070	51	18	0.22151178	0.83842826
1016	1070	51	19	1.51917673	10.25658711
1016	1070	52	0	1.68845817	4.83205725
1016	1070	52	1	0.54211084	2.11657948
1016	1070	52	2	1.26334296	7.41240677
1016	1070	52	3	0.20800383	0.76783256
1016	1070	52	4	1.51567772	6.69882728
1016	1070	52	5	0.47900185	1.68824451
1016	1070	52	6	3.45454702	10.05529969
1016	1070	52	7	0.21935506	0.67853555
1016	1070	52	8	0.01634460	0.06618069
1016	1070	52	9	0.92688357	2.83313279
1016	1070	52	10	0.17735206	0.61004565
1016	1070	52	11	0.08036304	0.24079379
1016	1070	52	12	1.04811520	7.08311357
1016	1070	52	13	1.49239357	5.69644913
1016	1070	52	14	3.67600021	15.60825640
1016	1070	52	15	0.44617753	1.64388170
1016	1070	52	16	0.79929773	4.30057365
1016	1070	52	17	0.34235777	1.80134047
1016	1070	52	18	0.22194983	0.84015227
1016	1070	52	19	1.51839865	10.26845490
1016	1070	53	0	1.68742569	4.82810063
1016	1070	53	1	0.54168032	2.11464162
1016	1070	53	2	1.26285942	7.39144630
1016	1070	53	3	0.20975755	0.77764990
1016	1070	53	4	1.51362556	6.69475371
1016	1070	53	5	0.47963125	1.69084394
1016	1070	53	6	3.45262316	10.05124964
1016	1070	53	7	0.22534774	0.70071265
1016	1070	53	8	0.01683773	0.06838783
1016	1070	53	9	0.92653722	2.83427713
1016	1070	53	10	0.17764714	0.61118084
1016	1070	53	11	0.08271065	0.24923251
1016	1070	53	12	1.04705249	7.07957653
1016	1070	53	13	1.48820515	5.67402699
1016	1070	53	14	3.67559075	15.60770974
1016	1070	53	15	0.44688536	1.64685577
1016	1070	53	16	0.79908116	4.29951872
1016	1070	53	17	0.34277813	1.80306795
1016	1070	53	18	0.22236378	0.84186240
1016	1070	53	19	1.51759915	10.27780051
1016	1070	54	0	1.68650769	4.82449733
1016	1070	54	1	0.54128066	2.11277134
1016	1070	54	2	1.26258802	7.37363398
1016	1070	54	3	0.21131740	0.78668700
1016	1070	54	4	1.51155678	6.68955214
1016	1070	54	5	0.48021558	1.69333925
1016	1070	54	6	3.45065948	10.04666878
1016	1070	54	7	0.23101160	0.72243791
1016	1070	54	8	0.01730535	0.07061662
1016	1070	54	9	0.92608349	2.83470121
1016	1070	54	10	0.17792372	0.61228321
1016	1070	54	11	0.08493326	0.25749822
1016	1070	54	12	1.04604693	7.07550195
1016	1070	54	13	1.48446764	5.65337898
1016	1070	54	14	3.67518708	15.60688239
1016	1070	54	15	0.44754552	1.64973584
1016	1070	54	16	0.79888041	4.29844355
1016	1070	54	17	0.34317452	1.80488911
1016	1070	54	18	0.22275201	0.84353817
1016	1070	54	19	1.51679366	10.28497320
1016	1070	55	0	1.68569749	4.82123808
1016	1070	55	1	0.54091224	2.11098214
1016	1070	55	2	1.26249389	7.35863650
1016	1070	55	3	0.21269489	0.79495136
1016	1070	55	4	1.50949986	6.68346186
1016	1070	55	5	0.48075426	1.69571473
1016	1070	55	6	3.44868775	10.04169987
1016	1070	55	7	0.23632357	0.74351381
1016	1070	55	8	0.01774523	0.07283692
1016	1070	55	9	0.92554801	2.83453299
1016	1070	55	10	0.17818110	0.61334373
1016	1070	55	11	0.08702097	0.26551760
1016	1070	55	12	1.04510295	7.07102676
1016	1070	55	13	1.48115453	5.63448424
1016	1070	55	14	3.67479441	15.60584625
1016	1070	55	15	0.44815686	1.65249958
1016	1070	55	16	0.79869564	4.29736772
1016	1070	55	17	0.34354558	1.80676230
1016	1070	55	18	0.22311352	0.84516289
1016	1070	55	19	1.51599499	10.29028629
1016	1070	56	0	1.68498791	4.81831017
1016	1070	56	1	0.54057495	2.10928441
1016	1070	56	2	1.26254606	7.34614340
1016	1070	56	3	0.21390227	0.80246009
1016	1070	56	4	1.50747898	6.67669635
1016	1070	56	5	0.48124743	1.69795856
1016	1070	56	6	3.44673505	10.03646832
1016	1070	56	7	0.24126864	0.76377716
1016	1070	56	8	0.01815584	0.07502280
1016	1070	56	9	0.92495290	2.83388426
1016	1070	56	10	0.17841894	0.61435528
1016	1070	56	11	0.08896703	0.27322933
1016	1070	56	12	1.04422359	7.06627205
1016	1070	56	13	1.47823773	5.61730093
1016	1070	56	14	3.67441685	15.60466151
1016	1070	56	15	0.44871908	1.65512953
1016	1070	56	16	0.79852675	4.29630733
1016	1070	56	17	0.34389045	1.80865232
1016	1070	56	18	0.22344778	0.84672321
1016	1070	56	19	1.51521363	10.29401989
1016	1070	57	0	1.68437151	4.81569817
1016	1070	57	1	0.54026827	2.10768579
1016	1070	57	2	1.26271717	7.33586708
1016	1070	57	3	0.21495222	0.80923811
1016	1070	57	4	1.50551432	6.66944484
1016	1070	57	5	0.48169585	1.70006238
1016	1070	57	6	3.44482409	10.03108349
1016	1070	57	7	0.24583916	0.78309719
1016	1070	57	8	0.01853623	0.07715234
1016	1070	57	9	0.92431712	2.83285238
1016	1070	57	10	0.17863721	0.61531248
1016	1070	57	11	0.09076760	0.28058365
1016	1070	57	12	1.04341054	7.06134392
1016	1070	57	13	1.47568829	5.60177026
1016	1070	57	14	3.67405750	15.60337827
1016	1070	57	15	0.44923258	1.65761265
1016	1070	57	16	0.79837345	4.29527540
1016	1070	57	17	0.34420880	1.81052982
1016	1070	57	18	0.22375472	0.84820876
1016	1070	57	19	1.51445798	10.29642345
1016	1070	58	0	1.68384073	4.81338462
1016	1070	58	1	0.53999133	2.10619140
1016	1070	58	2	1.26298311	7.32754238
1016	1070	58	3	0.21585753	0.81531659
1016	1070	58	4	1.50362234	6.66187381
1016	1070	58	5	0.48210078	1.70202094
1016	1070	58	6	3.44297357	10.02563986
1016	1070	58	7	0.25003389	0.80137347
1016	1070	58	8	0.01888602	0.07920736
1016	1070	58	9	0.92365685	2.83152190
1016	1070	58	10	0.17883618	0.61621146
1016	1070	58	11	0.09242141	0.28754182
1016	1070	58	12	1.04266435	7.05633444
1016	1070	58	13	1.47347696	5.58782010
1016	1070	58	14	3.67371862	15.60203796
1016	1070	58	15	0.44969839	1.65993980
1016	1070	58	16	0.79823526	4.29428221
1016	1070	58	17	0.34450069	1.81237063
1016	1070	58	18	0.22403467	0.84961183
1016	1070	58	19	1.51373462	10.29771814
1016	1070	59	0	1.68338805	4.81135061
1016	1070	59	1	0.53974296	2.10480419
1016	1070	59	2	1.26332281	7.32092600
1016	1070	59	3	0.21663092	0.82073146
1016	1070	59	4	1.50181606	6.65412843
1016	1070	59	5	0.48246393	1.70383176
1016	1070	59	6	3.44119850	10.02021809
1016	1070	59	7	0.25385711	0.81853351
1016	1070	59	8	0.01920532	0.08117318
1016	1070	59	9	0.92298576	2.82996589
1016	1070	59	10	0.17901633	0.61704973
1016	1070	59	11	0.09392950	0.29407543
1016	1070	59	12	1.04198451	7.05132254
1016	1070	59	13	1.47157476	5.57536828
1016	1070	59	14	3.67340174	15.60067447
1016	1070	59	15	0.45011805	1.66210534
1016	1070	59	16	0.79811157	4.29333567
1016	1070	59	17	0.34476655	1.81415524
1016	1070	59	18	0.22428827	0.85092704
1016	1070	59	19	1.51304846	10.29809919
1016	1070	60	0	1.68300610	4.80957632
1016	1070	60	1	0.53952178	2.10352518
1016	1070	60	2	1.26371793	7.31579571
1016	1070	60	3	0.21728482	0.82552207
1016	1070	60	4	1.50010540	6.64633395
1016	1070	60	5	0.48278730	1.70549473
1016	1070	60	6	3.43951050	10.01488610
1016	1070	60	7	0.25731779	0.83453017
1016	1070	60	8	0.01949465	0.08303836
1016	1070	60	9	0.92231527	2.82824723
1016	1070	60	10	0.17917832	0.61782600
1016	1070	60	11	0.09529483	0.30016555
1016	1070	60	12	1.04136963	7.04637493
1016	1070	60	13	1.46995331	5.56432548
1016	1070	60	14	3.67310779	15.59931528
1016	1070	60	15	0.45049350	1.66410670
1016	1070	60	16	0.79800164	4.29244159
1016	1070	60	17	0.34500708	1.81586824
1016	1070	60	18	0.22451642	0.85215108
1016	1070	60	19	1.51240305	10.29773809
1016	1070	61	0	1.68268773	4.80804152
1016	1070	61	1	0.53932625	2.10235375
1016	1070	61	2	1.26415262	7.31194942
1016	1070	61	3	0.21783126	0.82973009
1016	1070	61	4	1.49849743	6.63859712
1016	1070	61	5	0.48307314	1.70701180
1016	1070	61	6	3.43791818	10.00970009
1016	1070	61	7	0.26042870	0.84933899
1016	1070	61	8	0.01975490	0.08479443
1016	1070	61	9	0.92165481	2.82641966
1016	1070	61	10	0.17932299	0.61854004
1016	1070	61	11	0.09652198	0.30580191
1016	1070	61	12	1.04081758	7.04154703
1016	1070	61	13	1.46858521	5.55459777
1016	1070	61	14	3.67283714	15.59798230
1016	1070	61	15	0.45082702	1.66594392
1016	1070	61	16	0.79790469	4.29160398
1016	1070	61	17	0.34522327	1.81749785
1016	1070	61	18	0.22472027	0.85328240
1016	1070	61	19	1.51180067	10.29678464
1016	1070	62	0	1.68242613	4.80672591
1016	1070	62	1	0.53915469	2.10128789
1016	1070	62	2	1.26461332	7.30920425
1016	1070	62	3	0.21828168	0.83339839
1016	1070	62	4	1.49699677	6.63100757
1016	1070	62	5	0.48332391	1.70838662
1016	1070	62	6	3.43642745	10.00470553
1016	1070	62	7	0.26320563	0.86295538
1016	1070	62	8	0.01998726	0.08643563
1016	1070	62	9	0.92101203	2.82452879
1016	1070	62	10	0.17945125	0.61919248
1016	1070	62	11	0.09761685	0.31098185
1016	1070	62	12	1.04032565	7.03688389
1016	1070	62	13	1.46744426	5.54608877
1016	1070	62	14	3.67258975	15.59669265
1016	1070	62	15	0.45112110	1.66761933
1016	1070	62	16	0.79781984	4.29082529
1016	1070	62	17	0.34541624	1.81903549
1016	1070	62	18	0.22490111	0.85432100
1016	1070	62	19	1.51124257	10.29536894
1016	1070	63	0	1.68221486	4.80560949
1016	1070	63	1	0.53900538	2.10032445
1016	1070	63	2	1.26508851	7.30739542
1016	1070	63	3	0.21864695	0.83657029
1016	1070	63	4	1.49560581	6.62363918
1016	1070	63	5	0.48354212	1.70962424
1016	1070	63	6	3.43504185	9.99993816
1016	1070	63	7	0.26566663	0.87539185
1016	1070	63	8	0.02019311	0.08795859
1016	1070	63	9	0.92039299	2.82261299
1016	1070	63	10	0.17956414	0.61978473
1016	1070	63	11	0.09858633	0.31570943
1016	1070	63	12	1.03989066	7.03242118
1016	1070	63	13	1.46650564	5.53870156
1016	1070	63	14	3.67236522	15.59545939
1016	1070	63	15	0.45137839	1.66913712
1016	1070	63	16	0.79774619	4.29010667
1016	1070	63	17	0.34558730	1.82047534
1016	1070	63	18	0.22506033	0.85526818
1016	1070	63	19	1.51072912	10.29360318
1016	1070	64	0	1.68204785	4.80467282
1016	1070	64	1	0.53887656	2.09945934
1016	1070	64	2	1.26556854	7.30637519
1016	1070	64	3	0.21893722	0.83928876
1016	1070	64	4	1.49432506	6.61655149
1016	1070	64	5	0.48373037	1.71073084
1016	1070	64	6	3.43376286	9.99542496
1016	1070	64	7	0.26783141	0.88667538
1016	1070	64	8	0.02037404	0.08936208
1016	1070	64	9	0.91980240	2.82070415
1016	1070	64	10	0.17966271	0.62031878
1016	1070	64	11	0.09943805	0.31999438
1016	1070	64	12	1.03950910	7.02818606
1016	1070	64	13	1.46574606	5.53234016
1016	1070	64	14	3.67216286	15.59429209
1016	1070	64	15	0.45160166	1.67050299
1016	1070	64	16	0.79768284	4.28944814
1016	1070	64	17	0.34573782	1.82181397
1016	1070	64	18	0.22519944	0.85612628
1016	1070	64	19	1.51025995	10.29158347
1016	1070	65	0	1.68191949	4.80389721
1016	1070	65	1	0.53876644	2.09868777
1016	1070	65	2	1.26604539	7.30601175
1016	1070	65	3	0.21916193	0.84159582
1016	1070	65	4	1.49315343	6.60979102
1016	1070	65	5	0.48389123	1.71171342
1016	1070	65	6	3.43259022	9.99118513
1016	1070	65	7	0.26972067	0.89684476
1016	1070	65	8	0.02053172	0.09064668
1016	1070	65	9	0.91924371	2.81882844
1016	1070	65	10	0.17974807	0.62079715
1016	1070	65	11	0.10018012	0.32385115
1016	1070	65	12	1.03917725	7.02419819
1016	1070	65	13	1.46514381	5.52691083
1016	1070	65	14	3.67198176	15.59319740
1016	1070	65	15	0.45179366	1.67172388
1016	1070	65	16	0.79762888	4.28884882
1016	1070	65	17	0.34586926	1.82304999
1016	1070	65	18	0.22531996	0.85689855
1016	1070	65	19	1.50983409	10.28939140
1016	1070	66	0	1.68182459	4.80326489
1016	1070	66	1	0.53867331	2.09800442
1016	1070	66	2	1.26651256	7.30618813
1016	1070	66	3	0.21932980	0.84353212
1016	1070	66	4	1.49208848	6.60339266
1016	1070	66	5	0.48402725	1.71257959
1016	1070	66	6	3.43152218	9.98723098
1016	1070	66	7	0.27135569	0.90594825
1016	1070	66	8	0.02066792	0.09181454
1016	1070	66	9	0.91871934	2.81700693
1016	1070	66	10	0.17982132	0.62122269
1016	1070	66	11	0.10082095	0.32729799
1016	1070	66	12	1.03889125	7.02047056
1016	1070	66	13	1.46467881	5.52232302
1016	1070	66	14	3.67182085	15.59217946
1016	1070	66	15	0.45195717	1.67280761
1016	1070	66	16	0.79758343	4.28830708
1016	1070	66	17	0.34598310	1.82418372
1016	1070	66	18	0.22542344	0.85758889
1016	1070	66	19	1.50945009	10.28709562
1016	1070	67	0	1.68175840	4.80275914
1016	1070	67	1	0.53859547	2.09740358
1016	1070	67	2	1.26696483	7.30680112
1016	1070	67	3	0.21944881	0.84513651
1016	1070	67	4	1.49112668	6.59738094
1016	1070	67	5	0.48414089	1.71333735
1016	1070	67	6	3.43055580	9.98356885
1016	1070	67	7	0.27275783	0.91404135
1016	1070	67	8	0.02078440	0.09286912
1016	1070	67	9	0.91823079	2.81525624
1016	1070	67	10	0.17988355	0.62159856
1016	1070	67	11	0.10136901	0.33035609
1016	1070	67	12	1.03864721	7.01701038
1016	1070	67	13	1.46433261	5.51849022
1016	1070	67	14	3.67167892	15.59124039
1016	1070	67	15	0.45209488	1.67376267
1016	1070	67	16	0.79754563	4.28782071
1016	1070	67	17	0.34608081	1.82521690
1016	1070	67	18	0.22551139	0.85820175
1016	1070	67	19	1.50910614	10.28475324
1016	1070	68	0	1.68171663	4.80236434
1016	1070	68	1	0.53853132	2.09687934
1016	1070	68	2	1.26739815	7.30776017
1016	1070	68	3	0.21952619	0.84644579
1016	1070	68	4	1.49026362	6.59177128
1016	1070	68	5	0.48423451	1.71399492
1016	1070	68	6	3.42968715	9.98019995
1016	1070	68	7	0.27394818	0.92118478
1016	1070	68	8	0.02088295	0.09381491
1016	1070	68	9	0.91777880	2.81358906
1016	1070	68	10	0.17993581	0.62192808
1016	1070	68	11	0.10183274	0.33304881
1016	1070	68	12	1.03844129	7.01381991
1016	1070	68	13	1.46408840	5.51533045
1016	1070	68	14	3.67155470	15.59038059
1016	1070	68	15	0.45220942	1.67459795
1016	1070	68	16	0.79751465	4.28738704
1016	1070	68	17	0.34616386	1.82615243
1016	1070	68	18	0.22558531	0.85874190
1016	1070	68	19	1.50880013	10.28241113
1016	1070	69	0	1.68169537	4.80206605
1016	1070	69	1	0.53847932	2.09642570
1016	1070	69	2	1.26780948	7.30898637
1016	1070	69	3	0.21956850	0.84749451
1016	1070	69	4	1.48949425	6.58657121
1016	1070	69	5	0.48431036	1.71456055
1016	1070	69	6	3.42891157	9.97712116
1016	1070	69	7	0.27494730	0.92744273
1016	1070	69	8	0.02096531	0.09465721
1016	1070	69	9	0.91736343	2.81201464
1016	1070	69	10	0.17997915	0.62221469
1016	1070	69	11	0.10222035	0.33540095
1016	1070	69	12	1.03826971	7.01089721
1016	1070	69	13	1.46393090	5.51276672
1016	1070	69	14	3.67144687	15.58959910
1016	1070	69	15	0.45230327	1.67532256
1016	1070	69	16	0.79748971	4.28700310
1016	1070	69	17	0.34623366	1.82699410
1016	1070	69	18	0.22564664	0.85921437
1016	1070	69	19	1.50852977	10.28010721
1016	1070	70	0	1.68169114	4.80185096
1016	1070	70	1	0.53843802	2.09603666
1016	1070	70	2	1.26819666	7.31041145
1016	1070	70	3	0.21958161	0.84831486
1016	1070	70	4	1.48881303	6.58178150
1016	1070	70	5	0.48437054	1.71504241
1016	1070	70	6	3.42822384	9.97432576
1016	1070	70	7	0.27577499	0.93288129
1016	1070	70	8	0.02103316	0.09540194
1016	1070	70	9	0.91698420	2.81053929
1016	1070	70	10	0.18001452	0.62246184
1016	1070	70	11	0.10253979	0.33743813
1016	1070	70	12	1.03812885	7.00823688
1016	1070	70	13	1.46384639	5.51072725
1016	1070	70	14	3.67135409	15.58889386
1016	1070	70	15	0.45237880	1.67594566
1016	1070	70	16	0.79747009	4.28666568
1016	1070	70	17	0.34629158	1.82774641
1016	1070	70	18	0.22569675	0.85962432
1016	1070	70	19	1.50829263	10.27787152
1016	1070	71	0	1.68170084	4.80170698
1016	1070	71	1	0.53840610	2.09570633
1016	1070	71	2	1.26855826	7.31197679
1016	1070	71	3	0.21957075	0.84893658
1016	1070	71	4	1.48821413	6.57739721
1016	1070	71	5	0.48441702	1.71544848
1016	1070	71	6	3.42761835	9.97180413
1016	1070	71	7	0.27645006	0.93756712
1016	1070	71	8	0.02108810	0.09605542
1016	1070	71	9	0.91664020	2.80916680
1016	1070	71	10	0.18004286	0.62267297
1016	1070	71	11	0.10279863	0.33918625
1016	1070	71	12	1.03801526	7.00583067
1016	1070	71	13	1.46382257	5.50914561
1016	1070	71	14	3.67127502	15.58826195
1016	1070	71	15	0.45243822	1.67647630
1016	1070	71	16	0.79745510	4.28637143
1016	1070	71	17	0.34633892	1.82841438
1016	1070	71	18	0.22573693	0.85997691
1016	1070	71	19	1.50808625	10.27572725
1016	1070	72	0	1.68172172	4.80162313
1016	1070	72	1	0.53838231	2.09542899
1016	1070	72	2	1.26889352	7.31363251
1016	1070	72	3	0.21954054	0.84938696
1016	1070	72	4	1.48769151	6.57340867
1016	1070	72	5	0.48445162	1.71578645
1016	1070	72	6	3.42708929	9.96954436
1016	1070	72	7	0.27699027	0.94156635
1016	1070	72	8	0.02113165	0.09662425
1016	1070	72	9	0.91633017	2.80789878
1016	1070	72	10	0.18006502	0.62285146
1016	1070	72	11	0.10300400	0.34067105
1016	1070	72	12	1.03792568	7.00366813
1016	1070	72	13	1.46384848	5.50796074
1016	1070	72	14	3.67120839	15.58769983
1016	1070	72	15	0.45248359	1.67692330
1016	1070	72	16	0.79744412	4.28611696
1016	1070	72	17	0.34637690	1.82900337
1016	1070	72	18	0.22576838	0.86027725
1016	1070	72	19	1.50790810	10.27369172
1016	1070	73	0	1.68175140	4.80158954
1016	1070	73	1	0.53836550	2.09519914
1016	1070	73	2	1.26920219	7.31533662
1016	1070	73	3	0.21949505	0.84969088
1016	1070	73	4	1.48723911	6.56980239
1016	1070	73	5	0.48447600	1.71606364
1016	1070	73	6	3.42663071	9.96753278
1016	1070	73	7	0.27741220	0.94494364
1016	1070	73	8	0.02116524	0.09711512
1016	1070	73	9	0.91605256	2.80673505
1016	1070	73	10	0.18008180	0.62300054
1016	1070	73	11	0.10316259	0.34191771
1016	1070	73	12	1.03785709	7.00173710
1016	1070	73	13	1.46391448	5.50711687
1016	1070	73	14	3.67115292	15.58720348
1016	1070	73	15	0.45251681	1.67729515
1016	1070	73	16	0.79743658	4.28589886
1016	1070	73	17	0.34640666	1.82951897
1016	1070	73	18	0.22579225	0.86053032
1016	1070	73	19	1.50775571	10.27177717
1016	1070	74	0	1.68178778	4.80159739
1016	1070	74	1	0.53835465	2.09501157
1016	1070	74	2	1.26948448	7.31705414
1016	1070	74	3	0.21943782	0.84987087
1016	1070	74	4	1.48685088	6.56656185
1016	1070	74	5	0.48449168	1.71628700
1016	1070	74	6	3.42623669	9.96575453
1016	1070	74	7	0.27773122	0.94776144
1016	1070	74	8	0.02119018	0.09753472
1016	1070	74	9	0.91580562	2.80567397
1016	1070	74	10	0.18009394	0.62312335
1016	1070	74	11	0.10328056	0.34295059
1016	1070	74	12	1.03780666	7.00002417
1016	1070	74	13	1.46401208	5.50656340
1016	1070	74	14	3.67110742	15.58676857
1016	1070	74	15	0.45253961	1.67759997
1016	1070	74	16	0.79743196	4.28571382
1016	1070	74	17	0.34642926	1.82996682
1016	1070	74	18	0.22580955	0.86074090
1016	1070	74	19	1.50762668	10.26999161
1016	1070	75	0	1.68182904	4.80163886
1016	1070	75	1	0.53834882	2.09486136
1016	1070	75	2	1.26974094	7.31875636
1016	1070	75	3	0.21937192	0.84994718
1016	1070	75	4	1.48652094	6.56366827
1016	1070	75	5	0.48450003	1.71646300
1016	1070	75	6	3.42590138	9.96419389
1016	1070	75	7	0.27796146	0.95007943
1016	1070	75	8	0.02120768	0.09788962
1016	1070	75	9	0.91558746	2.80471266
1016	1070	75	10	0.18010211	0.62322282
1016	1070	75	11	0.10336361	0.34379293
1016	1070	75	12	1.03777183	6.99851514
1016	1070	75	13	1.46413390	5.50625471
1016	1070	75	14	3.67107075	15.58639061
1016	1070	75	15	0.45255358	1.67784541
1016	1070	75	16	0.79742979	4.28555859
1016	1070	75	17	0.34644568	1.83035259
1016	1070	75	18	0.22582125	0.86091360
1016	1070	75	19	1.50751865	10.26833941
1016	1070	76	0	1.68187365	4.80170708
1016	1070	76	1	0.53834717	2.09474393
1016	1070	76	2	1.26997244	7.32042011
1016	1070	76	3	0.21929996	0.84993788
1016	1070	76	4	1.48624357	6.56110121
1016	1070	76	5	0.48450229	1.71659769
1016	1070	76	6	3.42561913	9.96283475
1016	1070	76	7	0.27811582	0.95195406
1016	1070	76	8	0.02121884	0.09818621
1016	1070	76	9	0.91539612	2.80384730
1016	1070	76	10	0.18010692	0.62330173
1016	1070	76	11	0.10341691	0.34446671
1016	1070	76	12	1.03775024	6.99719533
1016	1070	76	13	1.46427357	5.50614994
1016	1070	76	14	3.67104186	15.58606501
1016	1070	76	15	0.45256013	1.67803865
1016	1070	76	16	0.79742964	4.28543007
1016	1070	76	17	0.34645681	1.83068183
1016	1070	76	18	0.22582819	0.86105271
1016	1070	76	19	1.50742943	10.26682200
1016	1070	77	0	1.68192030	4.80179601
1016	1070	77	1	0.53834894	2.09465503
1016	1070	77	2	1.27018004	7.32202710
1016	1070	77	3	0.21922419	0.84985903
1016	1070	77	4	1.48601331	6.55883916
1016	1070	77	5	0.48449954	1.71669663
1016	1070	77	6	3.42538448	9.96166083
1016	1070	77	7	0.27820598	0.95343830
1016	1070	77	8	0.02122467	0.09843061
1016	1070	77	9	0.91522956	2.80307336
1016	1070	77	10	0.18010892	0.62336266
1016	1070	77	11	0.10344515	0.34499253
1016	1070	77	12	1.03773978	6.99604989
1016	1070	77	13	1.46442561	5.50621268
1016	1070	77	14	3.67101976	15.58578722
1016	1070	77	15	0.45256054	1.67818634
1016	1070	77	16	0.79743114	4.28532532
1016	1070	77	17	0.34646346	1.83095994
1016	1070	77	18	0.22583115	0.86116230
1016	1070	77	19	1.50735688	10.26543836
1016	1070	78	0	1.68196789	4.80190044
1016	1070	78	1	0.53835348	2.09459076
1016	1070	78	2	1.27036499	7.32356325
1016	1070	78	3	0.21914648	0.84972475
1016	1070	78	4	1.48582497	6.55686003
1016	1070	78	5	0.48449276	1.71676490
1016	1070	78	6	3.42519226	9.96065605
1016	1070	78	7	0.27824247	0.95458139
1016	1070	78	8	0.02122607	0.09862863
1016	1070	78	9	0.91508576	2.80238575
1016	1070	78	10	0.18010859	0.62340798
1016	1070	78	11	0.10345254	0.34538953
1016	1070	78	12	1.03773854	6.99506406
1016	1070	78	13	1.46458538	5.50641079
1016	1070	78	14	3.67100354	15.58555276
1016	1070	78	15	0.45255595	1.67829462
1016	1070	78	16	0.79743396	4.28524157
1016	1070	78	17	0.34646635	1.83119211
1016	1070	78	18	0.22583082	0.86124612
1016	1070	78	19	1.50729906	10.26418552
1016	1070	79	0	1.68201551	4.80201589
1016	1070	79	1	0.53836019	2.09454754
1016	1070	79	2	1.27052863	7.32501818
1016	1070	79	3	0.21906838	0.84954743
1016	1070	79	4	1.48567369	6.55514157
1016	1070	79	5	0.48448281	1.71680713
1016	1070	79	6	3.42503760	9.95980465
1016	1070	79	7	0.27823468	0.95542879
1016	1070	79	8	0.02122384	0.09878575
1016	1070	79	9	0.91496273	2.80177903
1016	1070	79	10	0.18010638	0.62343989
1016	1070	79	11	0.10344284	0.34567534
1016	1070	79	12	1.03774483	6.99422335
1016	1070	79	13	1.46474901	5.50671598
1016	1070	79	14	3.67099235	15.58535731
1016	1070	79	15	0.45254734	1.67836911
1016	1070	79	16	0.79743782	4.28517623
1016	1070	79	17	0.34646614	1.83138327
1016	1070	79	18	0.22582782	0.86130764
1016	1070	79	19	1.50725412	10.26305898
1016	1070	80	0	1.68206243	4.80213852
1016	1070	80	1	0.53836858	2.09452215
1016	1070	80	2	1.27067241	7.32638468
1016	1070	80	3	0.21899116	0.84933776
1016	1070	80	4	1.48555494	6.55366170
1016	1070	80	5	0.48447042	1.71682749
1016	1070	80	6	3.42491592	9.95909143
1016	1070	80	7	0.27819096	0.95602216
1016	1070	80	8	0.02121868	0.09890707
1016	1070	80	9	0.91485851	2.80124752
1016	1070	80	10	0.18010267	0.62346036
1016	1070	80	11	0.10341936	0.34586608
1016	1070	80	12	1.03775716	6.99351376
1016	1070	80	13	1.46491324	5.50710364
1016	1070	80	14	3.67098545	15.58519670
1016	1070	80	15	0.45253561	1.67841492
1016	1070	80	16	0.79744246	4.28512691
1016	1070	80	17	0.34646341	1.83153807
1016	1070	80	18	0.22582269	0.86135003
1016	1070	80	19	1.50722037	10.26205305
1016	1070	81	0	1.68210806	4.80226512
1016	1070	81	1	0.53837820	2.09451167
1016	1070	81	2	1.27079779	7.32765818
1016	1070	81	3	0.21891585	0.84910500
1016	1070	81	4	1.48546451	6.55239880
1016	1070	81	5	0.48445624	1.71682971
1016	1070	81	6	3.42482302	9.95850185
1016	1070	81	7	0.27811865	0.95639937
1016	1070	81	8	0.02121122	0.09899731
1016	1070	81	9	0.91477123	2.80078547
1016	1070	81	10	0.18009779	0.62347121
1016	1070	81	11	0.10338504	0.34597636
1016	1070	81	12	1.03777421	6.99292185
1016	1070	81	13	1.46507546	5.50755245
1016	1070	81	14	3.67098215	15.58506703
1016	1070	81	15	0.45252151	1.67843664
1016	1070	81	16	0.79744767	4.28509141
1016	1070	81	17	0.34645866	1.83166087
1016	1070	81	18	0.22581590	0.86137618
1016	1070	81	19	1.50719625	10.26116119
1016	1070	82	0	1.68215193	4.80239301
1016	1070	82	1	0.53838868	2.09451350
1016	1070	82	2	1.27090625	7.32883642
1016	1070	82	3	0.21884324	0.84885701
1016	1070	82	4	1.48539854	6.55133199
1016	1070	82	5	0.48444082	1.71681713
1016	1070	82	6	3.42475499	9.95802216
1016	1070	82	7	0.27802417	0.95659466
1016	1070	82	8	0.02120200	0.09906082
1016	1070	82	9	0.91469908	2.80038711
1016	1070	82	10	0.18009203	0.62347405
1016	1070	82	11	0.10334241	0.34601939
1016	1070	82	12	1.03779483	6.99243488
1016	1070	82	13	1.46523354	5.50804413
1016	1070	82	14	3.67098183	15.58496460
1016	1070	82	15	0.45250569	1.67843840
1016	1070	82	16	0.79745325	4.28506772
1016	1070	82	17	0.34645234	1.83175570
1016	1070	82	18	0.22580787	0.86138868
1016	1070	82	19	1.50718036	10.26037630
1016	1070	83	0	1.68219370	4.80251998
1016	1070	83	1	0.53839969	2.09452534
1016	1070	83	2	1.27099927	7.32991897
1016	1070	83	3	0.21877396	0.84860042
1016	1070	83	4	1.48535351	6.55044123
1016	1070	83	5	0.48442463	1.71679268
1016	1070	83	6	3.42470828	9.95763943
1016	1070	83	7	0.27791311	0.95663872
1016	1070	83	8	0.02119149	0.09910154
1016	1070	83	9	0.91464039	2.80004677
1016	1070	83	10	0.18008566	0.62347031
1016	1070	83	11	0.10329369	0.34600693
1016	1070	83	12	1.03781806	6.99204083
1016	1070	83	13	1.46538582	5.50856314
1016	1070	83	14	3.67098395	15.58488598
1016	1070	83	15	0.45248873	1.67842387
1016	1070	83	16	0.79745906	4.28505402
1016	1070	83	17	0.34644485	1.83182628
1016	1070	83	18	0.22579895	0.86138988
1016	1070	83	19	1.50717141	10.25969085
1016	1070	84	0	1.68223312	4.80264424
1016	1070	84	1	0.53841096	2.09454515
1016	1070	84	2	1.27107827	7.33090697
1016	1070	84	3	0.21870845	0.84834078
1016	1070	84	4	1.48532624	6.54970754
1016	1070	84	5	0.48440806	1.71675894
1016	1070	84	6	3.42467967	9.95734164
1016	1070	84	7	0.27779025	0.95655892
1016	1070	84	8	0.02118010	0.09912306
1016	1070	84	9	0.91459357	2.79975895
1016	1070	84	10	0.18007887	0.62346127
1016	1070	84	11	0.10324074	0.34594947
1016	1070	84	12	1.03784304	6.99172852
1016	1070	84	13	1.46553105	5.50909642
1016	1070	84	14	3.67098803	15.58482801
1016	1070	84	15	0.45247109	1.67839630
1016	1070	84	16	0.79746496	4.28504868
1016	1070	84	17	0.34643650	1.83187601
1016	1070	84	18	0.22578944	0.86138184
1016	1070	84	19	1.50716826	10.25909720
1016	1070	85	0	1.68227001	4.80276440
1016	1070	85	1	0.53842228	2.09457114
1016	1070	85	2	1.27114463	7.33180278
1016	1070	85	3	0.21864701	0.84808265
1016	1070	85	4	1.48531385	6.54911302
1016	1070	85	5	0.48439144	1.71671815
1016	1070	85	6	3.42466625	9.95711767
1016	1070	85	7	0.27765967	0.95637945
1016	1070	85	8	0.02116816	0.09912859
1016	1070	85	9	0.91455713	2.79951835
1016	1070	85	10	0.18007185	0.62344806
1016	1070	85	11	0.10318519	0.34585624
1016	1070	85	12	1.03786907	6.99148755
1016	1070	85	13	1.46566829	5.50963311
1016	1070	85	14	3.67099364	15.58478776
1016	1070	85	15	0.45245317	1.67835852
1016	1070	85	16	0.79747085	4.28505024
1016	1070	85	17	0.34642760	1.83190800
1016	1070	85	18	0.22577960	0.86136640
1016	1070	85	19	1.50716989	10.25858763
1016	1070	86	0	1.68230429	4.80287937
1016	1070	86	1	0.53843346	2.09460177
1016	1070	86	2	1.27119969	7.33260975
1016	1070	86	3	0.21858983	0.84782970
1016	1070	86	4	1.48531376	6.54864098
1016	1070	86	5	0.48437503	1.71667225
1016	1070	86	6	3.42466541	9.95695731
1016	1070	86	7	0.27752483	0.95612156
1016	1070	86	8	0.02115596	0.09912099
1016	1070	86	9	0.91452972	2.79931993
1016	1070	86	10	0.18006476	0.62343165
1016	1070	86	11	0.10312836	0.34573529
1016	1070	86	12	1.03789554	6.99130839
1016	1070	86	13	1.46579694	5.51016433
1016	1070	86	14	3.67100041	15.58476261
1016	1070	86	15	0.45243530	1.67831301
1016	1070	86	16	0.79747663	4.28505739
1016	1070	86	17	0.34641838	1.83192504
1016	1070	86	18	0.22576964	0.86134516
1016	1070	86	19	1.50717537	10.25815458
1016	1070	87	0	1.68233590	4.80298834
1016	1070	87	1	0.53844436	2.09463570
1016	1070	87	2	1.27124468	7.33333195
1016	1070	87	3	0.21853700	0.84758486
1016	1070	87	4	1.48532371	6.54827596
1016	1070	87	5	0.48435904	1.71662289
1016	1070	87	6	3.42467484	9.95685126
1016	1070	87	7	0.27738858	0.95580376
1016	1070	87	8	0.02114374	0.09910282
1016	1070	87	9	0.91451008	2.79915893
1016	1070	87	10	0.18005771	0.62341288
1016	1070	87	11	0.10307137	0.34559364
1016	1070	87	12	1.03792197	6.99118230
1016	1070	87	13	1.46591660	5.51068293
1016	1070	87	14	3.67100803	15.58475015
1016	1070	87	15	0.45241774	1.67826189
1016	1070	87	16	0.79748224	4.28506899
1016	1070	87	17	0.34640904	1.83192964
1016	1070	87	18	0.22575973	0.86131954
1016	1070	87	19	1.50718392	10.25779065
1016	1070	88	0	1.68236487	4.80309077
1016	1070	88	1	0.53845485	2.09467181
1016	1070	88	2	1.27128078	7.33397401
1016	1070	88	3	0.21848852	0.84735039
1016	1070	88	4	1.48534167	6.54800369
1016	1070	88	5	0.48434364	1.71657146
1016	1070	88	6	3.42469248	9.95679112
1016	1070	88	7	0.27725328	0.95544206
1016	1070	88	8	0.02113168	0.09907631
1016	1070	88	9	0.91449708	2.79903090
1016	1070	88	10	0.18005080	0.62339248
1016	1070	88	11	0.10301512	0.34543731
1016	1070	88	12	1.03794795	6.99110136
1016	1070	88	13	1.46602711	5.51118328
1016	1070	88	14	3.67101621	15.58474824
1016	1070	88	15	0.45240072	1.67820701
1016	1070	88	16	0.79748762	4.28508404
1016	1070	88	17	0.34639975	1.83192403
1016	1070	88	18	0.22575003	0.86129072
1016	1070	88	19	1.50719484	10.25748876
1016	1070	89	0	1.68239123	4.80318628
1016	1070	89	1	0.53846486	2.09470914
1016	1070	89	2	1.27130908	7.33454093
1016	1070	89	3	0.21844433	0.84712796
1016	1070	89	4	1.48536589	6.54781116
1016	1070	89	5	0.48432896	1.71651916
1016	1070	89	6	3.42471656	9.95676931
1016	1070	89	7	0.27712084	0.95505017
1016	1070	89	8	0.02111995	0.09904340
1016	1070	89	9	0.91448969	2.79893170
1016	1070	89	10	0.18004412	0.62337107
1016	1070	89	11	0.10296035	0.34527143
1016	1070	89	12	1.03797318	6.99105843
1016	1070	89	13	1.46612848	5.51166110
1016	1070	89	14	3.67102474	15.58475497
1016	1070	89	15	0.45238438	1.67814989
1016	1070	89	16	0.79749273	4.28510167
1016	1070	89	17	0.34639064	1.83191018
1016	1070	89	18	0.22574063	0.86125976
1016	1070	89	19	1.50720751	10.25724214
1016	1070	90	0	1.68241506	4.80327470
1016	1070	90	1	0.53847432	2.09474688
1016	1070	90	2	1.27133059	7.33503792
1016	1070	90	3	0.21840431	0.84691874
1016	1070	90	4	1.48539482	6.54768652
1016	1070	90	5	0.48431510	1.71646693
1016	1070	90	6	3.42474550	9.95677908
1016	1070	90	7	0.27699276	0.95463973
1016	1070	90	8	0.02110866	0.09900579
1016	1070	90	9	0.91448699	2.79885753
1016	1070	90	10	0.18003772	0.62334916
1016	1070	90	11	0.10290762	0.34510032
1016	1070	90	12	1.03799740	6.99104709
1016	1070	90	13	1.46622083	5.51211321
1016	1070	90	14	3.67103341	15.58476864
1016	1070	90	15	0.45236885	1.67809183
1016	1070	90	16	0.79749755	4.28512114
1016	1070	90	17	0.34638181	1.83188985
1016	1070	90	18	0.22573163	0.86122751
1016	1070	90	19	1.50722143	10.25704445
1016	1070	91	0	1.68243648	4.80335599
1016	1070	91	1	0.53848319	2.09478438
1016	1070	91	2	1.27134625	7.33547031
1016	1070	91	3	0.21836830	0.84672351
1016	1070	91	4	1.48542716	6.54761909
1016	1070	91	5	0.48430210	1.71641558
1016	1070	91	6	3.42477797	9.95681443
1016	1070	91	7	0.27687020	0.95422047
1016	1070	91	8	0.02109791	0.09896493
1016	1070	91	9	0.91448814	2.79880489
1016	1070	91	10	0.18003166	0.62332718
1016	1070	91	11	0.10285737	0.34492760
1016	1070	91	12	1.03802043	6.99106166
1016	1070	91	13	1.46630443	5.51253745
1016	1070	91	14	3.67104207	15.58478776
1016	1070	91	15	0.45235422	1.67803390
1016	1070	91	16	0.79750205	4.28514180
1016	1070	91	17	0.34637336	1.83186453
1016	1070	91	18	0.22572310	0.86119472
1016	1070	91	19	1.50723614	10.25688972
1016	1070	92	0	1.68245559	4.80343022
1016	1070	92	1	0.53849144	2.09482110
1016	1070	92	2	1.27135689	7.33584344
1016	1070	92	3	0.21833611	0.84654266
1016	1070	92	4	1.48546177	6.54759929
1016	1070	92	5	0.48429002	1.71636572
1016	1070	92	6	3.42481281	9.95687009
1016	1070	92	7	0.27675402	0.95380049
1016	1070	92	8	0.02108775	0.09892204
1016	1070	92	9	0.91449242	2.79877060
1016	1070	92	10	0.18002595	0.62330549
1016	1070	92	11	0.10280990	0.34475621
1016	1070	92	12	1.03804213	6.99109710
1016	1070	92	13	1.46637962	5.51293247
1016	1070	92	14	3.67105059	15.58481104
1016	1070	92	15	0.45234056	1.67797696
1016	1070	92	16	0.79750623	4.28516312
1016	1070	92	17	0.34636533	1.83183554
1016	1070	92	18	0.22571507	0.86116199
1016	1070	92	19	1.50725128	10.25677244
1016	1070	93	0	1.68247253	4.80349756
1016	1070	93	1	0.53849906	2.09485664
1016	1070	93	2	1.27136328	7.33616256
1016	1070	93	3	0.21830752	0.84637629
1016	1070	93	4	1.48549770	6.54761860
1016	1070	93	5	0.48427886	1.71631785
1016	1070	93	6	3.42484905	9.95694145
1016	1070	93	7	0.27664481	0.95338637
1016	1070	93	8	0.02107824	0.09887816
1016	1070	93	9	0.91449918	2.79875180
1016	1070	93	10	0.18002063	0.62328436
1016	1070	93	11	0.10276542	0.34458855
1016	1070	93	12	1.03806243	6.99114898
1016	1070	93	13	1.46644680	5.51329764
1016	1070	93	14	3.67105886	15.58483735
1016	1070	93	15	0.45232788	1.67792171
1016	1070	93	16	0.79751008	4.28518464
1016	1070	93	17	0.34635778	1.83180402
1016	1070	93	18	0.22570757	0.86112981
1016	1070	93	19	1.50726653	10.25668754
1016	1070	94	0	1.68248745	4.80355827
1016	1070	94	1	0.53850604	2.09489066
1016	1070	94	2	1.27136611	7.33643278
1016	1070	94	3	0.21828231	0.84622428
1016	1070	94	4	1.48553415	6.54766946
1016	1070	94	5	0.48426863	1.71627232
1016	1070	94	6	3.42488587	9.95702450
1016	1070	94	7	0.27654297	0.95298338
1016	1070	94	8	0.02106941	0.09883415
1016	1070	94	9	0.91450786	2.79874590
1016	1070	94	10	0.18001570	0.62326401
1016	1070	94	11	0.10272408	0.34442649
1016	1070	94	12	1.03808126	6.99121344
1016	1070	94	13	1.46650642	5.51363288
1016	1070	94	14	3.67106680	15.58486573
1016	1070	94	15	0.45231620	1.67786867
1016	1070	94	16	0.79751360	4.28520601
1016	1070	94	17	0.34635073	1.83177090
1016	1070	94	18	0.22570063	0.86109857
1016	1070	94	19	1.50728163	10.25663036
1016	1070	95	0	1.68250049	4.80361263
1016	1070	95	1	0.53851241	2.09492292
1016	1070	95	2	1.27136600	7.33665901
1016	1070	95	3	0.21826023	0.84608629
1016	1070	95	4	1.48557047	6.54774523
1016	1070	95	5	0.48425930	1.71622941
1016	1070	95	6	3.42492261	9.95711581
1016	1070	95	7	0.27644868	0.95259566
1016	1070	95	8	0.02106125	0.09879070
1016	1070	95	9	0.91451796	2.79875061
1016	1070	95	10	0.18001117	0.62324461
1016	1070	95	11	0.10268591	0.34427150
1016	1070	95	12	1.03809861	6.99128717
1016	1070	95	13	1.46655898	5.51393859
1016	1070	95	14	3.67107435	15.58489537
1016	1070	95	15	0.45230551	1.67781825
1016	1070	95	16	0.79751680	4.28522692
1016	1070	95	17	0.34634420	1.83173700
1016	1070	95	18	0.22569425	0.86106858
1016	1070	95	19	1.50729640	10.25659669
1016	1070	96	0	1.68251181	4.80366099
1016	1070	96	1	0.53851817	2.09495325
1016	1070	96	2	1.27136348	7.33684593
1016	1070	96	3	0.21824105	0.84596184
1016	1070	96	4	1.48560613	6.54784013
1016	1070	96	5	0.48425087	1.71618929
1016	1070	96	6	3.42495871	9.95721245
1016	1070	96	7	0.27636199	0.95222631
1016	1070	96	8	0.02105378	0.09874838
1016	1070	96	9	0.91452908	2.79876388
1016	1070	96	10	0.18000703	0.62322628
1016	1070	96	11	0.10265092	0.34412463
1016	1070	96	12	1.03811449	6.99136730
1016	1070	96	13	1.46660498	5.51421557
1016	1070	96	14	3.67108147	15.58492558
1016	1070	96	15	0.45229580	1.67777075
1016	1070	96	16	0.79751969	4.28524714
1016	1070	96	17	0.34633819	1.83170297
1016	1070	96	18	0.22568841	0.86104007
1016	1070	96	19	1.50731065	10.25658274
1016	1070	97	0	1.68252153	4.80370372
1016	1070	97	1	0.53852335	2.09498155
1016	1070	97	2	1.27135906	7.33699796
1016	1070	97	3	0.21822451	0.84585033
1016	1070	97	4	1.48564070	6.54794916
1016	1070	97	5	0.48424328	1.71615205
1016	1070	97	6	3.42499375	9.95731195
1016	1070	97	7	0.27628283	0.95187761
1016	1070	97	8	0.02104697	0.09870762
1016	1070	97	9	0.91454086	2.79878394
1016	1070	97	10	0.18000327	0.62320911
1016	1070	97	11	0.10261905	0.34398664
1016	1070	97	12	1.03812892	6.99145141
1016	1070	97	13	1.46664492	5.51446490
1016	1070	97	14	3.67108813	15.58495580
1016	1070	97	15	0.45228704	1.67772634
1016	1070	97	16	0.79752228	4.28526649
1016	1070	97	17	0.34633270	1.83166937
1016	1070	97	18	0.22568311	0.86101319
1016	1070	97	19	1.50732427	10.25658509
1016	1070	98	0	1.68252982	4.80374122
1016	1070	98	1	0.53852798	2.09500776
1016	1070	98	2	1.27135314	7.33711921
1016	1070	98	3	0.21821039	0.84575107
1016	1070	98	4	1.48567385	6.54806802
1016	1070	98	5	0.48423651	1.71611774
1016	1070	98	6	3.42502737	9.95741226
1016	1070	98	7	0.27621100	0.95155107
1016	1070	98	8	0.02104082	0.09866877
1016	1070	98	9	0.91455298	2.79880922
1016	1070	98	10	0.17999989	0.62319314
1016	1070	98	11	0.10259021	0.34385800
1016	1070	98	12	1.03814197	6.99153747
1016	1070	98	13	1.46667932	5.51468786
1016	1070	98	14	3.67109431	15.58498555
1016	1070	98	15	0.45227917	1.67768513
1016	1070	98	16	0.79752459	4.28528482
1016	1070	98	17	0.34632771	1.83163663
1016	1070	98	18	0.22567834	0.86098806
1016	1070	98	19	1.50733717	10.25660071
1016	1070	99	0	1.68253681	4.80377387
1016	1070	99	1	0.53853210	2.09503186
1016	1070	99	2	1.27134610	7.33721354
1016	1070	99	3	0.21819845	0.84566331
1016	1070	99	4	1.48570533	6.54819306
1016	1070	99	5	0.48423049	1.71608633
1016	1070	99	6	3.42505933	9.95751170
1016	1070	99	7	0.27614626	0.95124760
1016	1070	99	8	0.02103529	0.09863206
1016	1070	99	9	0.91456520	2.79883836
1016	1070	99	10	0.17999685	0.62317840
1016	1070	99	11	0.10256428	0.34373894
1016	1070	99	12	1.03815367	6.99162380
1016	1070	99	13	1.46670868	5.51488593
1016	1070	99	14	3.67110001	15.58501448
1016	1070	99	15	0.45227216	1.67764717
1016	1070	99	16	0.79752663	4.28530206
1016	1070	99	17	0.34632321	1.83160509
1016	1070	99	18	0.22567405	0.86096475
1016	1070	99	19	1.50734928	10.25662694
1016	1070	100	0	1.68254264	4.80380207
1016	1070	100	1	0.53853572	2.09505388
1016	1070	100	2	1.27133825	7.33728449
1016	1070	100	3	0.21818848	0.84558626
1016	1070	100	4	1.48573498	6.54832122
1016	1070	100	5	0.48422519	1.71605777
1016	1070	100	6	3.42508945	9.95760889
1016	1070	100	7	0.27608828	0.95096757
1016	1070	100	8	0.02103035	0.09859766
1016	1070	100	9	0.91457732	2.79887020
1016	1070	100	10	0.17999415	0.62316488
1016	1070	100	11	0.10254113	0.34362952
1016	1070	100	12	1.03816411	6.99170901
1016	1070	100	13	1.46673348	5.51506069
1016	1070	100	14	3.67110523	15.58504229
1016	1070	100	15	0.45226595	1.67761243
1016	1070	100	16	0.79752843	4.28531813
1016	1070	100	17	0.34631918	1.83157502
1016	1070	100	18	0.22567024	0.86094326
1016	1070	100	19	1.50736057	10.25666142
1016	1070	101	0	1.68254742	4.80382622
1016	1070	101	1	0.53853889	2.09507386
1016	1070	101	2	1.27132986	7.33733529
1016	1070	101	3	0.21818025	0.84551913
1016	1070	101	4	1.48576268	6.54844996
1016	1070	101	5	0.48422055	1.71603197
1016	1070	101	6	3.42511761	9.95770278
1016	1070	101	7	0.27603669	0.95071094
1016	1070	101	8	0.02102597	0.09856567
1016	1070	101	9	0.91458916	2.79890375
1016	1070	101	10	0.17999176	0.62315256
1016	1070	101	11	0.10252058	0.34352963
1016	1070	101	12	1.03817335	6.99179201
1016	1070	101	13	1.46675418	5.51521378
1016	1070	101	14	3.67110997	15.58506877
1016	1070	101	15	0.45226049	1.67758085
1016	1070	101	16	0.79753000	4.28533301
1016	1070	101	17	0.34631558	1.83154660
1016	1070	101	18	0.22566687	0.86092359
1016	1070	101	19	1.50737100	10.25670212
1016	1070	102	0	1.68255129	4.80384670
1016	1070	102	1	0.53854164	2.09509188
1016	1070	102	2	1.27132116	7.33736890
1016	1070	102	3	0.21817358	0.84546109
1016	1070	102	4	1.48578836	6.54857718
1016	1070	102	5	0.48421653	1.71600882
1016	1070	102	6	3.42514373	9.95779252
1016	1070	102	7	0.27599111	0.95047729
1016	1070	102	8	0.02102211	0.09853613
1016	1070	102	9	0.91460061	2.79893819
1016	1070	102	10	0.17998967	0.62314142
1016	1070	102	11	0.10250248	0.34343903
1016	1070	102	12	1.03818149	6.99187194
1016	1070	102	13	1.46677123	5.51534686
1016	1070	102	14	3.67111426	15.58509375
1016	1070	102	15	0.45225573	1.67755233
1016	1070	102	16	0.79753136	4.28534669
1016	1070	102	17	0.34631241	1.83151996
1016	1070	102	18	0.22566391	0.86090571
1016	1070	102	19	1.50738059	10.25674728
1016	1070	103	0	1.68255434	4.80386387
1016	1070	103	1	0.53854402	2.09510802
1016	1070	103	2	1.27131234	7.33738799
1016	1070	103	3	0.21816827	0.84541136
1016	1070	103	4	1.48581201	6.54870123
1016	1070	103	5	0.48421306	1.71598817
1016	1070	103	6	3.42516780	9.95787752
1016	1070	103	7	0.27595111	0.95026596
1016	1070	103	8	0.02101873	0.09850905
1016	1070	103	9	0.91461154	2.79897281
1016	1070	103	10	0.17998784	0.62313139
1016	1070	103	11	0.10248664	0.34335739
1016	1070	103	12	1.03818859	6.99194812
1016	1070	103	13	1.46678504	5.51546160
1016	1070	103	14	3.67111810	15.58511714
1016	1070	103	15	0.45225161	1.67752674
1016	1070	103	16	0.79753253	4.28535918
1016	1070	103	17	0.34630962	1.83149518
1016	1070	103	18	0.22566134	0.86088956
1016	1070	103	19	1.50738934	10.25679539
1016	1070	104	0	1.68255669	4.80387808
1016	1070	104	1	0.53854604	2.09512238
1016	1070	104	2	1.27130356	7.33739495
1016	1070	104	3	0.21816416	0.84536916
1016	1070	104	4	1.48583363	6.54882078
1016	1070	104	5	0.48421010	1.71596988
1016	1070	104	6	3.42518983	9.95795736
1016	1070	104	7	0.27591628	0.95007604
1016	1070	104	8	0.02101581	0.09848437
1016	1070	104	9	0.91462190	2.79900706
1016	1070	104	10	0.17998626	0.62312244
1016	1070	104	11	0.10247289	0.34328429
1016	1070	104	12	1.03819474	6.99202010
1016	1070	104	13	1.46679600	5.51555964
1016	1070	104	14	3.67112154	15.58513886
1016	1070	104	15	0.45224807	1.67750392
1016	1070	104	16	0.79753352	4.28537052
1016	1070	104	17	0.34630718	1.83147230
1016	1070	104	18	0.22565911	0.86087506
1016	1070	104	19	1.50739727	10.25684517
1016	1070	105	0	1.68255844	4.80388967
1016	1070	105	1	0.53854775	2.09513508
1016	1070	105	2	1.27129494	7.33739192
1016	1070	105	3	0.21816108	0.84533374
1016	1070	105	4	1.48585329	6.54893483
1016	1070	105	5	0.48420760	1.71595379
1016	1070	105	6	3.42520986	9.95803176
1016	1070	105	7	0.27588619	0.94990648
1016	1070	105	8	0.02101329	0.09846204
1016	1070	105	9	0.91463164	2.79904048
1016	1070	105	10	0.17998491	0.62311450
1016	1070	105	11	0.10246106	0.34321928
1016	1070	105	12	1.03820002	6.99208754
1016	1070	105	13	1.46680448	5.51564257
1016	1070	105	14	3.67112458	15.58515890
1016	1070	105	15	0.45224506	1.67748371
1016	1070	105	16	0.79753435	4.28538074
1016	1070	105	17	0.34630508	1.83145131
1016	1070	105	18	0.22565720	0.86086214
1016	1070	105	19	1.50740441	10.25689558
1016	1070	106	0	1.68255965	4.80389894
1016	1070	106	1	0.53854918	2.09514622
1016	1070	106	2	1.27128659	7.33738080
1016	1070	106	3	0.21815890	0.84530439
1016	1070	106	4	1.48587102	6.54904266
1016	1070	106	5	0.48420552	1.71593974
1016	1070	106	6	3.42522795	9.95810060
1016	1070	106	7	0.27586042	0.94975610
1016	1070	106	8	0.02101114	0.09844196
1016	1070	106	9	0.91464070	2.79907271
1016	1070	106	10	0.17998377	0.62310750
1016	1070	106	11	0.10245096	0.34316186
1016	1070	106	12	1.03820451	6.99215024
1016	1070	106	13	1.46681079	5.51571192
1016	1070	106	14	3.67112725	15.58517726
1016	1070	106	15	0.45224253	1.67746595
1016	1070	106	16	0.79753505	4.28538989
1016	1070	106	17	0.34630328	1.83143218
1016	1070	106	18	0.22565557	0.86085069
1016	1070	106	19	1.50741081	10.25694571
1016	1070	107	0	1.68256042	4.80390618
1016	1070	107	1	0.53855036	2.09515593
1016	1070	107	2	1.27127859	7.33736326
1016	1070	107	3	0.21815748	0.84528043
1016	1070	107	4	1.48588693	6.54914377
1016	1070	107	5	0.48420380	1.71592757
1016	1070	107	6	3.42524418	9.95816385
1016	1070	107	7	0.27583857	0.94962365
1016	1070	107	8	0.02100932	0.09842402
1016	1070	107	9	0.91464910	2.79910348
1016	1070	107	10	0.17998280	0.62310137
1016	1070	107	11	0.10244244	0.34311149
1016	1070	107	12	1.03820830	6.99220814
1016	1070	107	13	1.46681525	5.51576914
1016	1070	107	14	3.67112959	15.58519397
1016	1070	107	15	0.45224042	1.67745044
1016	1070	107	16	0.79753562	4.28539803
1016	1070	107	17	0.34630175	1.83141487
1016	1070	107	18	0.22565421	0.86084062
1016	1070	107	19	1.50741649	10.25699488
1016	1070	108	0	1.68256082	4.80391165
1016	1070	108	1	0.53855131	2.09516432
1016	1070	108	2	1.27127099	7.33734075
1016	1070	108	3	0.21815669	0.84526123
1016	1070	108	4	1.48590111	6.54923784
1016	1070	108	5	0.48420241	1.71591712
1016	1070	108	6	3.42525865	9.95822158
1016	1070	108	7	0.27582025	0.94950784
1016	1070	108	8	0.02100781	0.09840810
1016	1070	108	9	0.91465680	2.79913258
1016	1070	108	10	0.17998201	0.62309605
1016	1070	108	11	0.10243532	0.34306764
1016	1070	108	12	1.03821144	6.99226122
1016	1070	108	13	1.46681812	5.51581560
1016	1070	108	14	3.67113161	15.58520908
1016	1070	108	15	0.45223870	1.67743701
1016	1070	108	16	0.79753607	4.28540522
1016	1070	108	17	0.34630046	1.83139931
1016	1070	108	18	0.22565308	0.86083183
1016	1070	108	19	1.50742151	10.25704250
1016	1070	109	0	1.68256090	4.80391560
1016	1070	109	1	0.53855207	2.09517151
1016	1070	109	2	1.27126384	7.33731455
1016	1070	109	3	0.21815645	0.84524620
1016	1070	109	4	1.48591365	6.54932475
1016	1070	109	5	0.48420130	1.71590823
1016	1070	109	6	3.42527147	9.95827392
1016	1070	109	7	0.27580508	0.94940737
1016	1070	109	8	0.02100657	0.09839407
1016	1070	109	9	0.91466384	2.79915989
1016	1070	109	10	0.17998136	0.62309147
1016	1070	109	11	0.10242947	0.34302977
1016	1070	109	12	1.03821402	6.99230956
1016	1070	109	13	1.46681967	5.51585258
1016	1070	109	14	3.67113335	15.58522265
1016	1070	109	15	0.45223731	1.67742547
1016	1070	109	16	0.79753643	4.28541153
1016	1070	109	17	0.34629939	1.83138539
1016	1070	109	18	0.22565216	0.86082422
1016	1070	109	19	1.50742591	10.25708814
1016	1070	110	0	1.68256073	4.80391825
1016	1070	110	1	0.53855265	2.09517760
1016	1070	110	2	1.27125715	7.33728573
1016	1070	110	3	0.21815664	0.84523481
1016	1070	110	4	1.48592468	6.54940449
1016	1070	110	5	0.48420045	1.71590074
1016	1070	110	6	3.42528274	9.95832108
1016	1070	110	7	0.27579272	0.94932092
1016	1070	110	8	0.02100556	0.09838179
1016	1070	110	9	0.91467022	2.79918531
1016	1070	110	10	0.17998084	0.62308757
1016	1070	110	11	0.10242473	0.34299737
1016	1070	110	12	1.03821610	6.99235331
1016	1070	110	13	1.46682011	5.51588128
1016	1070	110	14	3.67113483	15.58523477
1016	1070	110	15	0.45223622	1.67741566
1016	1070	110	16	0.79753671	4.28541703
1016	1070	110	17	0.34629852	1.83137305
1016	1070	110	18	0.22565142	0.86081768
1016	1070	110	19	1.50742973	10.25713147
1016	1070	111	0	1.68256035	4.80391980
1016	1070	111	1	0.53855309	2.09518272
1016	1070	111	2	1.27125096	7.33725522
1016	1070	111	3	0.21815718	0.84522655
1016	1070	111	4	1.48593429	6.54947716
1016	1070	111	5	0.48419982	1.71589451
1016	1070	111	6	3.42529259	9.95836329
1016	1070	111	7	0.27578282	0.94924723
1016	1070	111	8	0.02100477	0.09837113
1016	1070	111	9	0.91467597	2.79920880
1016	1070	111	10	0.17998043	0.62308427
1016	1070	111	11	0.10242097	0.34296990
1016	1070	111	12	1.03821774	6.99239265
1016	1070	111	13	1.46681963	5.51590278
1016	1070	111	14	3.67113608	15.58524551
1016	1070	111	15	0.45223539	1.67740741
1016	1070	111	16	0.79753691	4.28542178
1016	1070	111	17	0.34629782	1.83136217
1016	1070	111	18	0.22565085	0.86081211
1016	1070	111	19	1.50743304	10.25717226
1016	1070	112	0	1.68255981	4.80392043
1016	1070	112	1	0.53855340	2.09518696
1016	1070	112	2	1.27124525	7.33722380
1016	1070	112	3	0.21815801	0.84522096
1016	1070	112	4	1.48594261	6.54954296
1016	1070	112	5	0.48419937	1.71588941
1016	1070	112	6	3.42530111	9.95840083
1016	1070	112	7	0.27577510	0.94918506
1016	1070	112	8	0.02100415	0.09836195
1016	1070	112	9	0.91468111	2.79923036
1016	1070	112	10	0.17998012	0.62308151
1016	1070	112	11	0.10241807	0.34294688
1016	1070	112	12	1.03821899	6.99242778
1016	1070	112	13	1.46681843	5.51591809
1016	1070	112	14	3.67113712	15.58525497
1016	1070	112	15	0.45223478	1.67740054
1016	1070	112	16	0.79753705	4.28542585
1016	1070	112	17	0.34629727	1.83135264
1016	1070	112	18	0.22565041	0.86080743
1016	1070	112	19	1.50743586	10.25721035
1016	1070	113	0	1.68255915	4.80392030
1016	1070	113	1	0.53855360	2.09519041
1016	1070	113	2	1.27124004	7.33719212
1016	1070	113	3	0.21815905	0.84521765
1016	1070	113	4	1.48594976	6.54960215
1016	1070	113	5	0.48419908	1.71588530
1016	1070	113	6	3.42530843	9.95843397
1016	1070	113	7	0.27576925	0.94913323
1016	1070	113	8	0.02100370	0.09835411
1016	1070	113	9	0.91468569	2.79925003
1016	1070	113	10	0.17997990	0.62307925
1016	1070	113	11	0.10241591	0.34292783
1016	1070	113	12	1.03821992	6.99245895
1016	1070	113	13	1.46681664	5.51592812
1016	1070	113	14	3.67113797	15.58526324
1016	1070	113	15	0.45223436	1.67739492
1016	1070	113	16	0.79753713	4.28542930
1016	1070	113	17	0.34629686	1.83134437
1016	1070	113	18	0.22565009	0.86080354
1016	1070	113	19	1.50743825	10.25724568
1016	1070	114	0	1.68255839	4.80391955
1016	1070	114	1	0.53855371	2.09519318
1016	1070	114	2	1.27123530	7.33716072
1016	1070	114	3	0.21816026	0.84521623
1016	1070	114	4	1.48595582	6.54965506
1016	1070	114	5	0.48419892	1.71588205
1016	1070	114	6	3.42531466	9.95846304
1016	1070	114	7	0.27576503	0.94909062
1016	1070	114	8	0.02100338	0.09834750
1016	1070	114	9	0.91468973	2.79926784
1016	1070	114	10	0.17997975	0.62307741
1016	1070	114	11	0.10241439	0.34291231
1016	1070	114	12	1.03822055	6.99248641
1016	1070	114	13	1.46681441	5.51593370
1016	1070	114	14	3.67113865	15.58527041
1016	1070	114	15	0.45223410	1.67739039
1016	1070	114	16	0.79753717	4.28543219
1016	1070	114	17	0.34629656	1.83133725
1016	1070	114	18	0.22564987	0.86080034
1016	1070	114	19	1.50744026	10.25727820
1016	1070	115	0	1.68255758	4.80391832
1016	1070	115	1	0.53855374	2.09519535
1016	1070	115	2	1.27123103	7.33713002
1016	1070	115	3	0.21816157	0.84521639
1016	1070	115	4	1.48596093	6.54970203
1016	1070	115	5	0.48419888	1.71587957
1016	1070	115	6	3.42531990	9.95848834
1016	1070	115	7	0.27576220	0.94905617
1016	1070	115	8	0.02100317	0.09834198
1016	1070	115	9	0.91469327	2.79928387
1016	1070	115	10	0.17997966	0.62307596
1016	1070	115	11	0.10241341	0.34289991
1016	1070	115	12	1.03822095	6.99251043
1016	1070	115	13	1.46681185	5.51593556
1016	1070	115	14	3.67113920	15.58527658
1016	1070	115	15	0.45223398	1.67738683
1016	1070	115	16	0.79753718	4.28543458
1016	1070	115	17	0.34629635	1.83133117
1016	1070	115	18	0.22564974	0.86079777
1016	1070	115	19	1.50744191	10.25730795
1016	1070	116	0	1.68255673	4.80391670
1016	1070	116	1	0.53855371	2.09519699
1016	1070	116	2	1.27122719	7.33710036
1016	1070	116	3	0.21816296	0.84521782
1016	1070	116	4	1.48596516	6.54974345
1016	1070	116	5	0.48419893	1.71587775
1016	1070	116	6	3.42532426	9.95851017
1016	1070	116	7	0.27576054	0.94902889
1016	1070	116	8	0.02100306	0.09833743
1016	1070	116	9	0.91469635	2.79929820
1016	1070	116	10	0.17997962	0.62307483
1016	1070	116	11	0.10241290	0.34289024
1016	1070	116	12	1.03822114	6.99253128
1016	1070	116	13	1.46680906	5.51593437
1016	1070	116	14	3.67113961	15.58528184
1016	1070	116	15	0.45223397	1.67738410
1016	1070	116	16	0.79753715	4.28543653
1016	1070	116	17	0.34629623	1.83132603
1016	1070	116	18	0.22564969	0.86079575
1016	1070	116	19	1.50744326	10.25733498
1016	1070	117	0	1.68255586	4.80391479
1016	1070	117	1	0.53855363	2.09519817
1016	1070	117	2	1.27122378	7.33707201
1016	1070	117	3	0.21816439	0.84522026
1016	1070	117	4	1.48596863	6.54977971
1016	1070	117	5	0.48419905	1.71587649
1016	1070	117	6	3.42532783	9.95852886
1016	1070	117	7	0.27575986	0.94900789
1016	1070	117	8	0.02100304	0.09833374
1016	1070	117	9	0.91469901	2.79931094
1016	1070	117	10	0.17997962	0.62307400
1016	1070	117	11	0.10241276	0.34288293
1016	1070	117	12	1.03822117	6.99254923
1016	1070	117	13	1.46680612	5.51593070
1016	1070	117	14	3.67113992	15.58528627
1016	1070	117	15	0.45223405	1.67738210
1016	1070	117	16	0.79753710	4.28543810
1016	1070	117	17	0.34629617	1.83132174
1016	1070	117	18	0.22564969	0.86079420
1016	1070	117	19	1.50744433	10.25735939
1016	1070	118	0	1.68255498	4.80391268
1016	1070	118	1	0.53855350	2.09519897
1016	1070	118	2	1.27122076	7.33704515
1016	1070	118	3	0.21816582	0.84522350
1016	1070	118	4	1.48597141	6.54981120
1016	1070	118	5	0.48419923	1.71587571
1016	1070	118	6	3.42533071	9.95854469
1016	1070	118	7	0.27576000	0.94899231
1016	1070	118	8	0.02100308	0.09833082
1016	1070	118	9	0.91470129	2.79932217
1016	1070	118	10	0.17997966	0.62307341
1016	1070	118	11	0.10241293	0.34287767
1016	1070	118	12	1.03822105	6.99256454
1016	1070	118	13	1.46680312	5.51592508
1016	1070	118	14	3.67114013	15.58528997
1016	1070	118	15	0.45223421	1.67738072
1016	1070	118	16	0.79753703	4.28543932
1016	1070	118	17	0.34629617	1.83131821
1016	1070	118	18	0.22564975	0.86079306
1016	1070	118	19	1.50744517	10.25738128
1016	1070	119	0	1.68255412	4.80391044
1016	1070	119	1	0.53855335	2.09519944
1016	1070	119	2	1.27121810	7.33701993
1016	1070	119	3	0.21816723	0.84522734
1016	1070	119	4	1.48597360	6.54983834
1016	1070	119	5	0.48419946	1.71587533
1016	1070	119	6	3.42533297	9.95855795
1016	1070	119	7	0.27576079	0.94898139
1016	1070	119	8	0.02100317	0.09832856
1016	1070	119	9	0.91470321	2.79933201
1016	1070	119	10	0.17997973	0.62307303
1016	1070	119	11	0.10241336	0.34287416
1016	1070	119	12	1.03822083	6.99257746
1016	1070	119	13	1.46680010	5.51591794
1016	1070	119	14	3.67114026	15.58529301
1016	1070	119	15	0.45223442	1.67737987
1016	1070	119	16	0.79753694	4.28544024
1016	1070	119	17	0.34629622	1.83131535
1016	1070	119	18	0.22564984	0.86079227
1016	1070	119	19	1.50744580	10.25740079
1016	1070	120	0	1.68255329	4.80390812
1016	1070	120	1	0.53855318	2.09519964
1016	1070	120	2	1.27121579	7.33699642
1016	1070	120	3	0.21816862	0.84523160
1016	1070	120	4	1.48597527	6.54986151
1016	1070	120	5	0.48419972	1.71587528
1016	1070	120	6	3.42533471	9.95856892
1016	1070	120	7	0.27576211	0.94897444
1016	1070	120	8	0.02100331	0.09832688
1016	1070	120	9	0.91470483	2.79934056
1016	1070	120	10	0.17997982	0.62307282
1016	1070	120	11	0.10241398	0.34287212
1016	1070	120	12	1.03822052	6.99258824
1016	1070	120	13	1.46679712	5.51590969
1016	1070	120	14	3.67114033	15.58529546
1016	1070	120	15	0.45223468	1.67737947
1016	1070	120	16	0.79753685	4.28544091
1016	1070	120	17	0.34629631	1.83131308
1016	1070	120	18	0.22564996	0.86079178
1016	1070	120	19	1.50744625	10.25741807
1016	1070	121	0	1.68255248	4.80390578
1016	1070	121	1	0.53855298	2.09519961
1016	1070	121	2	1.27121378	7.33697467
1016	1070	121	3	0.21816995	0.84523615
1016	1070	121	4	1.48597649	6.54988109
1016	1070	121	5	0.48420000	1.71587550
1016	1070	121	6	3.42533598	9.95857785
1016	1070	121	7	0.27576383	0.94897083
1016	1070	121	8	0.02100347	0.09832569
1016	1070	121	9	0.91470616	2.79934793
1016	1070	121	10	0.17997992	0.62307277
1016	1070	121	11	0.10241476	0.34287131
1016	1070	121	12	1.03822014	6.99259711
1016	1070	121	13	1.46679421	5.51590065
1016	1070	121	14	3.67114034	15.58529740
1016	1070	121	15	0.45223497	1.67737943
1016	1070	121	16	0.79753675	4.28544135
1016	1070	121	17	0.34629642	1.83131133
1016	1070	121	18	0.22565011	0.86079155
1016	1070	121	19	1.50744655	10.25743326
1016	1070	122	0	1.68255171	4.80390345
1016	1070	122	1	0.53855278	2.09519940
1016	1070	122	2	1.27121206	7.33695468
1016	1070	122	3	0.21817122	0.84524085
1016	1070	122	4	1.48597732	6.54989744
1016	1070	122	5	0.48420030	1.71587595
1016	1070	122	6	3.42533686	9.95858498
1016	1070	122	7	0.27576586	0.94896999
1016	1070	122	8	0.02100367	0.09832493
1016	1070	122	9	0.91470725	2.79935423
1016	1070	122	10	0.17998004	0.62307283
1016	1070	122	11	0.10241565	0.34287152
1016	1070	122	12	1.03821972	6.99260429
1016	1070	122	13	1.46679141	5.51589110
1016	1070	122	14	3.67114030	15.58529889
1016	1070	122	15	0.45223528	1.67737968
1016	1070	122	16	0.79753664	4.28544161
1016	1070	122	17	0.34629656	1.83131002
1016	1070	122	18	0.22565027	0.86079152
1016	1070	122	19	1.50744672	10.25744651
1016	1070	123	0	1.68255099	4.80390117
1016	1070	123	1	0.53855258	2.09519904
1016	1070	123	2	1.27121060	7.33693644
1016	1070	123	3	0.21817243	0.84524561
1016	1070	123	4	1.48597783	6.54991092
1016	1070	123	5	0.48420060	1.71587656
1016	1070	123	6	3.42533740	9.95859054
1016	1070	123	7	0.27576811	0.94897142
1016	1070	123	8	0.02100387	0.09832451
1016	1070	123	9	0.91470812	2.79935956
1016	1070	123	10	0.17998017	0.62307300
1016	1070	123	11	0.10241661	0.34287256
1016	1070	123	12	1.03821926	6.99260998
1016	1070	123	13	1.46678874	5.51588130
1016	1070	123	14	3.67114023	15.58530000
1016	1070	123	15	0.45223560	1.67738018
1016	1070	123	16	0.79753653	4.28544172
1016	1070	123	17	0.34629671	1.83130909
1016	1070	123	18	0.22565045	0.86079166
1016	1070	123	19	1.50744678	10.25745799
1016	1070	124	0	1.68255031	4.80389896
1016	1070	124	1	0.53855237	2.09519857
1016	1070	124	2	1.27120938	7.33691990
1016	1070	124	3	0.21817356	0.84525035
1016	1070	124	4	1.48597806	6.54992185
1016	1070	124	5	0.48420090	1.71587730
1016	1070	124	6	3.42533767	9.95859473
1016	1070	124	7	0.27577050	0.94897469
1016	1070	124	8	0.02100409	0.09832440
1016	1070	124	9	0.91470879	2.79936401
1016	1070	124	10	0.17998029	0.62307324
1016	1070	124	11	0.10241763	0.34287425
1016	1070	124	12	1.03821879	6.99261436
1016	1070	124	13	1.46678621	5.51587142
1016	1070	124	14	3.67114013	15.58530077
1016	1070	124	15	0.45223593	1.67738087
1016	1070	124	16	0.79753642	4.28544170
1016	1070	124	17	0.34629688	1.83130850
1016	1070	124	18	0.22565063	0.86079194
1016	1070	124	19	1.50744676	10.25746784
1016	1070	125	0	1.68254968	4.80389685
1016	1070	125	1	0.53855216	2.09519801
1016	1070	125	2	1.27120836	7.33690500
1016	1070	125	3	0.21817461	0.84525500
1016	1070	125	4	1.48597807	6.54993053
1016	1070	125	5	0.48420120	1.71587814
1016	1070	125	6	3.42533770	9.95859774
1016	1070	125	7	0.27577297	0.94897939
1016	1070	125	8	0.02100432	0.09832453
1016	1070	125	9	0.91470930	2.79936768
1016	1070	125	10	0.17998042	0.62307354
1016	1070	125	11	0.10241867	0.34287646
1016	1070	125	12	1.03821830	6.99261762
1016	1070	125	13	1.46678384	5.51586165
1016	1070	125	14	3.67114000	15.58530126
1016	1070	125	15	0.45223626	1.67738170
1016	1070	125	16	0.79753632	4.28544158
1016	1070	125	17	0.34629705	1.83130818
1016	1070	125	18	0.22565081	0.86079233
1016	1070	125	19	1.50744666	10.25747622
1016	1070	126	0	1.68254910	4.80389485
1016	1070	126	1	0.53855196	2.09519739
1016	1070	126	2	1.27120752	7.33689166
1016	1070	126	3	0.21817558	0.84525950
1016	1070	126	4	1.48597789	6.54993725
1016	1070	126	5	0.48420150	1.71587905
1016	1070	126	6	3.42533754	9.95859974
1016	1070	126	7	0.27577547	0.94898520
1016	1070	126	8	0.02100454	0.09832485
1016	1070	126	9	0.91470967	2.79937067
1016	1070	126	10	0.17998055	0.62307388
1016	1070	126	11	0.10241971	0.34287904
1016	1070	126	12	1.03821782	6.99261991
1016	1070	126	13	1.46678164	5.51585211
1016	1070	126	14	3.67113987	15.58530151
1016	1070	126	15	0.45223658	1.67738264
1016	1070	126	16	0.79753622	4.28544137
1016	1070	126	17	0.34629722	1.83130808
1016	1070	126	18	0.22565099	0.86079280
1016	1070	126	19	1.50744651	10.25748328
1016	1070	127	0	1.68254856	4.80389297
1016	1070	127	1	0.53855177	2.09519673
1016	1070	127	2	1.27120686	7.33687980
1016	1070	127	3	0.21817648	0.84526381
1016	1070	127	4	1.48597756	6.54994227
1016	1070	127	5	0.48420178	1.71587999
1016	1070	127	6	3.42533722	9.95860090
1016	1070	127	7	0.27577795	0.94899182
1016	1070	127	8	0.02100476	0.09832533
1016	1070	127	9	0.91470991	2.79937304
1016	1070	127	10	0.17998068	0.62307425
1016	1070	127	11	0.10242074	0.34288190
1016	1070	127	12	1.03821735	6.99262138
1016	1070	127	13	1.46677960	5.51584290
1016	1070	127	14	3.67113972	15.58530157
1016	1070	127	15	0.45223689	1.67738364
1016	1070	127	16	0.79753612	4.28544110
1016	1070	127	17	0.34629739	1.83130818
1016	1070	127	18	0.22565117	0.86079332
1016	1070	127	19	1.50744631	10.25748914
1016	1070	128	0	1.68254808	4.80389121
1016	1070	128	1	0.53855159	2.09519604
1016	1070	128	2	1.27120633	7.33686932
1016	1070	128	3	0.21817729	0.84526790
1016	1070	128	4	1.48597712	6.54994583
1016	1070	128	5	0.48420205	1.71588095
1016	1070	128	6	3.42533679	9.95860134
1016	1070	128	7	0.27578038	0.94899899
1016	1070	128	8	0.02100497	0.09832593
1016	1070	128	9	0.91471005	2.79937488
1016	1070	128	10	0.17998080	0.62307464
1016	1070	128	11	0.10242175	0.34288493
1016	1070	128	12	1.03821688	6.99262216
1016	1070	128	13	1.46677774	5.51583410
1016	1070	128	14	3.67113956	15.58530146
1016	1070	128	15	0.45223719	1.67738469
1016	1070	128	16	0.79753602	4.28544078
1016	1070	128	17	0.34629755	1.83130843
1016	1070	128	18	0.22565134	0.86079389
1016	1070	128	19	1.50744608	10.25749394
1016	1070	129	0	1.68254764	4.80388958
1016	1070	129	1	0.53855141	2.09519535
1016	1070	129	2	1.27120593	7.33686014
1016	1070	129	3	0.21817803	0.84527175
1016	1070	129	4	1.48597660	6.54994813
1016	1070	129	5	0.48420231	1.71588190
1016	1070	129	6	3.42533627	9.95860120
1016	1070	129	7	0.27578273	0.94900651
1016	1070	129	8	0.02100518	0.09832661
1016	1070	129	9	0.91471010	2.79937626
1016	1070	129	10	0.17998092	0.62307504
1016	1070	129	11	0.10242271	0.34288806
1016	1070	129	12	1.03821644	6.99262235
1016	1070	129	13	1.46677603	5.51582578
1016	1070	129	14	3.67113940	15.58530122
1016	1070	129	15	0.45223748	1.67738575
1016	1070	129	16	0.79753593	4.28544042
1016	1070	129	17	0.34629772	1.83130880
1016	1070	129	18	0.22565151	0.86079448
1016	1070	129	19	1.50744583	10.25749781
1016	1070	130	0	1.68254724	4.80388809
1016	1070	130	1	0.53855125	2.09519466
1016	1070	130	2	1.27120564	7.33685215
1016	1070	130	3	0.21817869	0.84527534
1016	1070	130	4	1.48597600	6.54994939
1016	1070	130	5	0.48420254	1.71588285
1016	1070	130	6	3.42533568	9.95860058
1016	1070	130	7	0.27578498	0.94901420
1016	1070	130	8	0.02100538	0.09832735
1016	1070	130	9	0.91471009	2.79937724
1016	1070	130	10	0.17998103	0.62307545
1016	1070	130	11	0.10242364	0.34289123
1016	1070	130	12	1.03821602	6.99262208
1016	1070	130	13	1.46677449	5.51581796
1016	1070	130	14	3.67113924	15.58530088
1016	1070	130	15	0.45223775	1.67738681
1016	1070	130	16	0.79753585	4.28544005
1016	1070	130	17	0.34629787	1.83130926
1016	1070	130	18	0.22565166	0.86079508
1016	1070	130	19	1.50744556	10.25750086
1016	1070	131	0	1.68254689	4.80388672
1016	1070	131	1	0.53855110	2.09519399
1016	1070	131	2	1.27120544	7.33684525
1016	1070	131	3	0.21817928	0.84527867
1016	1070	131	4	1.48597537	6.54994977
1016	1070	131	5	0.48420277	1.71588376
1016	1070	131	6	3.42533504	9.95859959
1016	1070	131	7	0.27578712	0.94902191
1016	1070	131	8	0.02100557	0.09832814
1016	1070	131	9	0.91471001	2.79937788
1016	1070	131	10	0.17998114	0.62307585
1016	1070	131	11	0.10242451	0.34289437
1016	1070	131	12	1.03821562	6.99262142
1016	1070	131	13	1.46677310	5.51581068
1016	1070	131	14	3.67113909	15.58530047
1016	1070	131	15	0.45223800	1.67738786
1016	1070	131	16	0.79753577	4.28543966
1016	1070	131	17	0.34629802	1.83130979
1016	1070	131	18	0.22565181	0.86079568
1016	1070	131	19	1.50744528	10.25750319
1016	1070	132	0	1.68254658	4.80388548
1016	1070	132	1	0.53855096	2.09519334
1016	1070	132	2	1.27120532	7.33683934
1016	1070	132	3	0.21817981	0.84528173
1016	1070	132	4	1.48597471	6.54994943
1016	1070	132	5	0.48420297	1.71588464
1016	1070	132	6	3.42533438	9.95859830
1016	1070	132	7	0.27578912	0.94902951
1016	1070	132	8	0.02100574	0.09832894
1016	1070	132	9	0.91470989	2.79937824
1016	1070	132	10	0.17998123	0.62307623
1016	1070	132	11	0.10242532	0.34289744
1016	1070	132	12	1.03821524	6.99262046
1016	1070	132	13	1.46677186	5.51580395
1016	1070	132	14	3.67113894	15.58529999
1016	1070	132	15	0.45223823	1.67738887
1016	1070	132	16	0.79753570	4.28543926
1016	1070	132	17	0.34629816	1.83131037
1016	1070	132	18	0.22565195	0.86079627
1016	1070	132	19	1.50744500	10.25750490
1016	1070	133	0	1.68254630	4.80388436
1016	1070	133	1	0.53855083	2.09519271
1016	1070	133	2	1.27120526	7.33683434
1016	1070	133	3	0.21818028	0.84528454
1016	1070	133	4	1.48597404	6.54994851
1016	1070	133	5	0.48420316	1.71588548
1016	1070	133	6	3.42533371	9.95859680
1016	1070	133	7	0.27579100	0.94903691
1016	1070	133	8	0.02100590	0.09832975
1016	1070	133	9	0.91470973	2.79937836
1016	1070	133	10	0.17998132	0.62307661
1016	1070	133	11	0.10242609	0.34290042
1016	1070	133	12	1.03821490	6.99261927
1016	1070	133	13	1.46677076	5.51579777
1016	1070	133	14	3.67113879	15.58529947
1016	1070	133	15	0.45223845	1.67738984
1016	1070	133	16	0.79753564	4.28543887
1016	1070	133	17	0.34629829	1.83131097
1016	1070	133	18	0.22565208	0.86079684
1016	1070	133	19	1.50744472	10.25750608
1016	1070	134	0	1.68254606	4.80388336
1016	1070	134	1	0.53855071	2.09519212
1016	1070	134	2	1.27120526	7.33683015
1016	1070	134	3	0.21818069	0.84528708
1016	1070	134	4	1.48597338	6.54994713
1016	1070	134	5	0.48420333	1.71588627
1016	1070	134	6	3.42533303	9.95859514
1016	1070	134	7	0.27579273	0.94904403
1016	1070	134	8	0.02100605	0.09833054
1016	1070	134	9	0.91470955	2.79937828
1016	1070	134	10	0.17998141	0.62307696
1016	1070	134	11	0.10242679	0.34290326
1016	1070	134	12	1.03821458	6.99261791
1016	1070	134	13	1.46676979	5.51579214
1016	1070	134	14	3.67113865	15.58529893
1016	1070	134	15	0.45223864	1.67739077
1016	1070	134	16	0.79753558	4.28543849
1016	1070	134	17	0.34629841	1.83131159
1016	1070	134	18	0.22565219	0.86079739
1016	1070	134	19	1.50744445	10.25750680
1016	1070	135	0	1.68254585	4.80388246
1016	1070	135	1	0.53855061	2.09519156
1016	1070	135	2	1.27120531	7.33682669
1016	1070	135	3	0.21818104	0.84528937
1016	1070	135	4	1.48597272	6.54994539
1016	1070	135	5	0.48420349	1.71588700
1016	1070	135	6	3.42533237	9.95859337
1016	1070	135	7	0.27579433	0.94905082
1016	1070	135	8	0.02100619	0.09833132
1016	1070	135	9	0.91470934	2.79937804
1016	1070	135	10	0.17998148	0.62307730
1016	1070	135	11	0.10242743	0.34290596
1016	1070	135	12	1.03821429	6.99261643
1016	1070	135	13	1.46676894	5.51578703
1016	1070	135	14	3.67113852	15.58529838
1016	1070	135	15	0.45223882	1.67739164
1016	1070	135	16	0.79753553	4.28543812
1016	1070	135	17	0.34629852	1.83131222
1016	1070	135	18	0.22565230	0.86079792
1016	1070	135	19	1.50744419	10.25750716
1016	1070	136	0	1.68254567	4.80388167
1016	1070	136	1	0.53855051	2.09519104
1016	1070	136	2	1.27120539	7.33682387
1016	1070	136	3	0.21818135	0.84529143
1016	1070	136	4	1.48597209	6.54994340
1016	1070	136	5	0.48420363	1.71588769
1016	1070	136	6	3.42533173	9.95859156
1016	1070	136	7	0.27579579	0.94905723
1016	1070	136	8	0.02100632	0.09833206
1016	1070	136	9	0.91470913	2.79937768
1016	1070	136	10	0.17998155	0.62307762
1016	1070	136	11	0.10242802	0.34290849
1016	1070	136	12	1.03821402	6.99261488
1016	1070	136	13	1.46676820	5.51578243
1016	1070	136	14	3.67113840	15.58529783
1016	1070	136	15	0.45223898	1.67739246
1016	1070	136	16	0.79753548	4.28543776
1016	1070	136	17	0.34629862	1.83131284
1016	1070	136	18	0.22565240	0.86079841
1016	1070	136	19	1.50744394	10.25750719
1016	1070	137	0	1.68254552	4.80388098
1016	1070	137	1	0.53855043	2.09519056
1016	1070	137	2	1.27120550	7.33682162
1016	1070	137	3	0.21818161	0.84529326
1016	1070	137	4	1.48597148	6.54994122
1016	1070	137	5	0.48420375	1.71588832
1016	1070	137	6	3.42533111	9.95858972
1016	1070	137	7	0.27579711	0.94906324
1016	1070	137	8	0.02100643	0.09833278
1016	1070	137	9	0.91470890	2.79937722
1016	1070	137	10	0.17998162	0.62307791
1016	1070	137	11	0.10242855	0.34291086
1016	1070	137	12	1.03821378	6.99261330
1016	1070	137	13	1.46676757	5.51577831
1016	1070	137	14	3.67113829	15.58529729
1016	1070	137	15	0.45223913	1.67739322
1016	1070	137	16	0.79753544	4.28543742
1016	1070	137	17	0.34629871	1.83131344
1016	1070	137	18	0.22565249	0.86079887
1016	1070	137	19	1.50744371	10.25750698
1016	1070	138	0	1.68254539	4.80388038
1016	1070	138	1	0.53855035	2.09519012
1016	1070	138	2	1.27120562	7.33681986
1016	1070	138	3	0.21818183	0.84529488
1016	1070	138	4	1.48597090	6.54993893
1016	1070	138	5	0.48420386	1.71588890
1016	1070	138	6	3.42533053	9.95858790
1016	1070	138	7	0.27579830	0.94906882
1016	1070	138	8	0.02100653	0.09833345
1016	1070	138	9	0.91470868	2.79937669
1016	1070	138	10	0.17998167	0.62307818
1016	1070	138	11	0.10242903	0.34291305
1016	1070	138	12	1.03821357	6.99261171
1016	1070	138	13	1.46676703	5.51577466
1016	1070	138	14	3.67113818	15.58529676
1016	1070	138	15	0.45223926	1.67739392
1016	1070	138	16	0.79753540	4.28543711
1016	1070	138	17	0.34629879	1.83131402
1016	1070	138	18	0.22565257	0.86079930
1016	1070	138	19	1.50744348	10.25750655
1016	1070	139	0	1.68254528	4.80387986
1016	1070	139	1	0.53855028	2.09518971
1016	1070	139	2	1.27120577	7.33681854
1016	1070	139	3	0.21818201	0.84529630
1016	1070	139	4	1.48597036	6.54993658
1016	1070	139	5	0.48420396	1.71588942
1016	1070	139	6	3.42532997	9.95858612
1016	1070	139	7	0.27579937	0.94907398
1016	1070	139	8	0.02100662	0.09833408
1016	1070	139	9	0.91470846	2.79937611
1016	1070	139	10	0.17998172	0.62307843
1016	1070	139	11	0.10242945	0.34291506
1016	1070	139	12	1.03821337	6.99261014
1016	1070	139	13	1.46676657	5.51577143
1016	1070	139	14	3.67113808	15.58529625
1016	1070	139	15	0.45223937	1.67739456
1016	1070	139	16	0.79753537	4.28543681
1016	1070	139	17	0.34629887	1.83131457
1016	1070	139	18	0.22565264	0.86079970
1016	1070	139	19	1.50744327	10.25750597
1016	1070	140	0	1.68254519	4.80387941
1016	1070	140	1	0.53855022	2.09518934
1016	1070	140	2	1.27120592	7.33681759
1016	1070	140	3	0.21818216	0.84529754
1016	1070	140	4	1.48596985	6.54993421
1016	1070	140	5	0.48420405	1.71588990
1016	1070	140	6	3.42532946	9.95858440
1016	1070	140	7	0.27580032	0.94907870
1016	1070	140	8	0.02100670	0.09833467
1016	1070	140	9	0.91470824	2.79937549
1016	1070	140	10	0.17998177	0.62307866
1016	1070	140	11	0.10242983	0.34291690
1016	1070	140	12	1.03821320	6.99260861
1016	1070	140	13	1.46676618	5.51576860
1016	1070	140	14	3.67113800	15.58529576
1016	1070	140	15	0.45223947	1.67739514
1016	1070	140	16	0.79753534	4.28543654
1016	1070	140	17	0.34629893	1.83131509
1016	1070	140	18	0.22565270	0.86080006
1016	1070	140	19	1.50744308	10.25750527
1016	1070	141	0	1.68254512	4.80387903
1016	1070	141	1	0.53855017	2.09518901
1016	1070	141	2	1.27120608	7.33681696
1016	1070	141	3	0.21818229	0.84529862
1016	1070	141	4	1.48596937	6.54993188
1016	1070	141	5	0.48420412	1.71589033
1016	1070	141	6	3.42532898	9.95858275
1016	1070	141	7	0.27580116	0.94908301
1016	1070	141	8	0.02100677	0.09833522
1016	1070	141	9	0.91470803	2.79937486
1016	1070	141	10	0.17998180	0.62307886
1016	1070	141	11	0.10243017	0.34291857
1016	1070	141	12	1.03821305	6.99260714
1016	1070	141	13	1.46676587	5.51576614
1016	1070	141	14	3.67113792	15.58529530
1016	1070	141	15	0.45223956	1.67739566
1016	1070	141	16	0.79753531	4.28543629
1016	1070	141	17	0.34629899	1.83131558
1016	1070	141	18	0.22565275	0.86080039
1016	1070	141	19	1.50744291	10.25750447
1016	1070	142	0	1.68254507	4.80387872
1016	1070	142	1	0.53855013	2.09518871
1016	1070	142	2	1.27120624	7.33681660
1016	1070	142	3	0.21818239	0.84529954
1016	1070	142	4	1.48596894	6.54992960
1016	1070	142	5	0.48420418	1.71589071
1016	1070	142	6	3.42532853	9.95858119
1016	1070	142	7	0.27580190	0.94908690
1016	1070	142	8	0.02100684	0.09833571
1016	1070	142	9	0.91470783	2.79937423
1016	1070	142	10	0.17998184	0.62307905
1016	1070	142	11	0.10243046	0.34292008
1016	1070	142	12	1.03821292	6.99260573
1016	1070	142	13	1.46676561	5.51576402
1016	1070	142	14	3.67113785	15.58529487
1016	1070	142	15	0.45223964	1.67739614
1016	1070	142	16	0.79753529	4.28543606
1016	1070	142	17	0.34629905	1.83131604
1016	1070	142	18	0.22565280	0.86080069
1016	1070	142	19	1.50744275	10.25750362
1016	1070	143	0	1.68254502	4.80387845
1016	1070	143	1	0.53855009	2.09518845
1016	1070	143	2	1.27120640	7.33681646
1016	1070	143	3	0.21818246	0.84530032
1016	1070	143	4	1.48596854	6.54992740
1016	1070	143	5	0.48420424	1.71589105
1016	1070	143	6	3.42532813	9.95857973
1016	1070	143	7	0.27580255	0.94909040
1016	1070	143	8	0.02100689	0.09833617
1016	1070	143	9	0.91470764	2.79937360
1016	1070	143	10	0.17998187	0.62307921
1016	1070	143	11	0.10243071	0.34292142
1016	1070	143	12	1.03821281	6.99260440
1016	1070	143	13	1.46676541	5.51576221
1016	1070	143	14	3.67113778	15.58529447
1016	1070	143	15	0.45223970	1.67739656
1016	1070	143	16	0.79753527	4.28543585
1016	1070	143	17	0.34629909	1.83131646
1016	1070	143	18	0.22565284	0.86080095
1016	1070	143	19	1.50744260	10.25750273
1016	1070	144	0	1.68254499	4.80387824
1016	1070	144	1	0.53855006	2.09518821
1016	1070	144	2	1.27120656	7.33681651
1016	1070	144	3	0.21818252	0.84530097
1016	1070	144	4	1.48596818	6.54992530
1016	1070	144	5	0.48420429	1.71589134
1016	1070	144	6	3.42532776	9.95857836
1016	1070	144	7	0.27580310	0.94909353
1016	1070	144	8	0.02100694	0.09833658
1016	1070	144	9	0.91470746	2.79937298
1016	1070	144	10	0.17998189	0.62307936
1016	1070	144	11	0.10243093	0.34292262
1016	1070	144	12	1.03821271	6.99260316
1016	1070	144	13	1.46676525	5.51576067
1016	1070	144	14	3.67113773	15.58529410
1016	1070	144	15	0.45223976	1.67739693
1016	1070	144	16	0.79753526	4.28543566
1016	1070	144	17	0.34629913	1.83131685
1016	1070	144	18	0.22565288	0.86080119
1016	1070	144	19	1.50744247	10.25750182
1016	1070	145	0	1.68254497	4.80387807
1016	1070	145	1	0.53855003	2.09518801
1016	1070	145	2	1.27120671	7.33681670
1016	1070	145	3	0.21818256	0.84530152
1016	1070	145	4	1.48596785	6.54992332
1016	1070	145	5	0.48420432	1.71589160
1016	1070	145	6	3.42532743	9.95857709
1016	1070	145	7	0.27580358	0.94909630
1016	1070	145	8	0.02100698	0.09833695
1016	1070	145	9	0.91470729	2.79937239
1016	1070	145	10	0.17998191	0.62307949
1016	1070	145	11	0.10243112	0.34292368
1016	1070	145	12	1.03821263	6.99260200
1016	1070	145	13	1.46676513	5.51575939
1016	1070	145	14	3.67113768	15.58529377
1016	1070	145	15	0.45223980	1.67739726
1016	1070	145	16	0.79753524	4.28543549
1016	1070	145	17	0.34629916	1.83131720
1016	1070	145	18	0.22565291	0.86080140
1016	1070	145	19	1.50744235	10.25750092
1016	1070	146	0	1.68254495	4.80387793
1016	1070	146	1	0.53855001	2.09518783
1016	1070	146	2	1.27120686	7.33681702
1016	1070	146	3	0.21818259	0.84530196
1016	1070	146	4	1.48596756	6.54992146
1016	1070	146	5	0.48420436	1.71589183
1016	1070	146	6	3.42532713	9.95857593
1016	1070	146	7	0.27580398	0.94909875
1016	1070	146	8	0.02100701	0.09833728
1016	1070	146	9	0.91470714	2.79937183
1016	1070	146	10	0.17998193	0.62307960
1016	1070	146	11	0.10243128	0.34292461
1016	1070	146	12	1.03821256	6.99260094
1016	1070	146	13	1.46676505	5.51575833
1016	1070	146	14	3.67113764	15.58529346
1016	1070	146	15	0.45223984	1.67739754
1016	1070	146	16	0.79753523	4.28543534
1016	1070	146	17	0.34629919	1.83131752
1016	1070	146	18	0.22565293	0.86080159
1016	1070	146	19	1.50744224	10.25750003
1016	1070	147	0	1.68254495	4.80387783
1016	1070	147	1	0.53854999	2.09518767
1016	1070	147	2	1.27120700	7.33681743
1016	1070	147	3	0.21818260	0.84530232
1016	1070	147	4	1.48596730	6.54991972
1016	1070	147	5	0.48420438	1.71589202
1016	1070	147	6	3.42532686	9.95857487
1016	1070	147	7	0.27580432	0.94910089
1016	1070	147	8	0.02100704	0.09833757
1016	1070	147	9	0.91470700	2.79937129
1016	1070	147	10	0.17998195	0.62307970
1016	1070	147	11	0.10243141	0.34292542
1016	1070	147	12	1.03821250	6.99259996
1016	1070	147	13	1.46676499	5.51575747
1016	1070	147	14	3.67113760	15.58529318
1016	1070	147	15	0.45223988	1.67739779
1016	1070	147	16	0.79753522	4.28543521
1016	1070	147	17	0.34629921	1.83131780
1016	1070	147	18	0.22565295	0.86080175
1016	1070	147	19	1.50744215	10.25749917
1016	1070	148	0	1.68254494	4.80387775
1016	1070	148	1	0.53854998	2.09518754
1016	1070	148	2	1.27120713	7.33681791
1016	1070	148	3	0.21818261	0.84530260
1016	1070	148	4	1.48596706	6.54991812
1016	1070	148	5	0.48420440	1.71589218
1016	1070	148	6	3.42532662	9.95857390
1016	1070	148	7	0.27580460	0.94910274
1016	1070	148	8	0.02100706	0.09833783
1016	1070	148	9	0.91470687	2.79937079
1016	1070	148	10	0.17998196	0.62307978
1016	1070	148	11	0.10243152	0.34292612
1016	1070	148	12	1.03821245	6.99259907
1016	1070	148	13	1.46676497	5.51575678
1016	1070	148	14	3.67113757	15.58529293
1016	1070	148	15	0.45223990	1.67739801
1016	1070	148	16	0.79753522	4.28543509
1016	1070	148	17	0.34629923	1.83131806
1016	1070	148	18	0.22565297	0.86080189
1016	1070	148	19	1.50744207	10.25749834
1016	1070	149	0	1.68254495	4.80387770
1016	1070	149	1	0.53854997	2.09518743
1016	1070	149	2	1.27120726	7.33681843
1016	1070	149	3	0.21818261	0.84530281
1016	1070	149	4	1.48596686	6.54991666
1016	1070	149	5	0.48420442	1.71589232
1016	1070	149	6	3.42532642	9.95857303
1016	1070	149	7	0.27580483	0.94910434
1016	1070	149	8	0.02100708	0.09833806
1016	1070	149	9	0.91470675	2.79937032
1016	1070	149	10	0.17998197	0.62307986
1016	1070	149	11	0.10243160	0.34292672
1016	1070	149	12	1.03821241	6.99259826
1016	1070	149	13	1.46676496	5.51575625
1016	1070	149	14	3.67113754	15.58529271
1016	1070	149	15	0.45223992	1.67739819
1016	1070	149	16	0.79753521	4.28543499
1016	1070	149	17	0.34629925	1.83131829
1016	1070	149	18	0.22565298	0.86080201
1016	1070	149	19	1.50744200	10.25749755
1016	1070	150	0	1.68254495	4.80387768
1016	1070	150	1	0.53854996	2.09518733
1016	1070	150	2	1.27120737	7.33681899
1016	1070	150	3	0.21818260	0.84530296
1016	1070	150	4	1.48596668	6.54991532
1016	1070	150	5	0.48420443	1.71589244
1016	1070	150	6	3.42532623	9.95857226
1016	1070	150	7	0.27580502	0.94910570
1016	1070	150	8	0.02100709	0.09833826
1016	1070	150	9	0.91470664	2.79936989
1016	1070	150	10	0.17998198	0.62307992
1016	1070	150	11	0.10243167	0.34292723
1016	1070	150	12	1.03821238	6.99259753
1016	1070	150	13	1.46676496	5.51575584
1016	1070	150	14	3.67113752	15.58529251
1016	1070	150	15	0.45223994	1.67739834
1016	1070	150	16	0.79753521	4.28543490
1016	1070	150	17	0.34629926	1.83131849
1016	1070	150	18	0.22565300	0.86080212
1016	1070	150	19	1.50744194	10.25749681
1016	1070	151	0	1.68254496	4.80387766
1016	1070	151	1	0.53854996	2.09518725
1016	1070	151	2	1.27120747	7.33681957
1016	1070	151	3	0.21818258	0.84530307
1016	1070	151	4	1.48596653	6.54991410
1016	1070	151	5	0.48420444	1.71589253
1016	1070	151	6	3.42532608	9.95857157
1016	1070	151	7	0.27580516	0.94910685
1016	1070	151	8	0.02100711	0.09833843
1016	1070	151	9	0.91470655	2.79936949
1016	1070	151	10	0.17998198	0.62307997
1016	1070	151	11	0.10243173	0.34292765
1016	1070	151	12	1.03821236	6.99259688
1016	1070	151	13	1.46676499	5.51575556
1016	1070	151	14	3.67113750	15.58529233
1016	1070	151	15	0.45223995	1.67739847
1016	1070	151	16	0.79753521	4.28543483
1016	1070	151	17	0.34629927	1.83131867
1016	1070	151	18	0.22565300	0.86080220
1016	1070	151	19	1.50744189	10.25749612
1016	1070	152	0	1.68254497	4.80387766
1016	1070	152	1	0.53854995	2.09518719
1016	1070	152	2	1.27120757	7.33682015
1016	1070	152	3	0.21818256	0.84530313
1016	1070	152	4	1.48596640	6.54991301
1016	1070	152	5	0.48420444	1.71589261
1016	1070	152	6	3.42532594	9.95857095
1016	1070	152	7	0.27580527	0.94910781
1016	1070	152	8	0.02100711	0.09833857
1016	1070	152	9	0.91470646	2.79936913
1016	1070	152	10	0.17998199	0.62308001
1016	1070	152	11	0.10243177	0.34292801
1016	1070	152	12	1.03821234	6.99259631
1016	1070	152	13	1.46676502	5.51575537
1016	1070	152	14	3.67113748	15.58529218
1016	1070	152	15	0.45223996	1.67739857
1016	1070	152	16	0.79753520	4.28543476
1016	1070	152	17	0.34629928	1.83131882
1016	1070	152	18	0.22565301	0.86080228
1016	1070	152	19	1.50744184	10.25749547
1016	1070	153	0	1.68254499	4.80387768
1016	1070	153	1	0.53854995	2.09518714
1016	1070	153	2	1.27120766	7.33682072
1016	1070	153	3	0.21818254	0.84530316
1016	1070	153	4	1.48596628	6.54991204
1016	1070	153	5	0.48420445	1.71589267
1016	1070	153	6	3.42532583	9.95857042
1016	1070	153	7	0.27580535	0.94910860
1016	1070	153	8	0.02100712	0.09833869
1016	1070	153	9	0.91470639	2.79936880
1016	1070	153	10	0.17998199	0.62308004
1016	1070	153	11	0.10243180	0.34292829
1016	1070	153	12	1.03821233	6.99259580
1016	1070	153	13	1.46676506	5.51575526
1016	1070	153	14	3.67113747	15.58529205
1016	1070	153	15	0.45223996	1.67739865
1016	1070	153	16	0.79753520	4.28543471
1016	1070	153	17	0.34629929	1.83131895
1016	1070	153	18	0.22565301	0.86080233
1016	1070	153	19	1.50744181	10.25749488
1016	1070	154	0	1.68254500	4.80387770
1016	1070	154	1	0.53854995	2.09518710
1016	1070	154	2	1.27120774	7.33682129
1016	1070	154	3	0.21818252	0.84530316
1016	1070	154	4	1.48596619	6.54991117
1016	1070	154	5	0.48420445	1.71589272
1016	1070	154	6	3.42532573	9.95856995
1016	1070	154	7	0.27580540	0.94910924
1016	1070	154	8	0.02100712	0.09833880
1016	1070	154	9	0.91470632	2.79936851
1016	1070	154	10	0.17998199	0.62308007
1016	1070	154	11	0.10243182	0.34292852
1016	1070	154	12	1.03821232	6.99259536
1016	1070	154	13	1.46676510	5.51575523
1016	1070	154	14	3.67113746	15.58529194
1016	1070	154	15	0.45223996	1.67739872
1016	1070	154	16	0.79753520	4.28543467
1016	1070	154	17	0.34629929	1.83131906
1016	1070	154	18	0.22565302	0.86080238
1016	1070	154	19	1.50744178	10.25749433
1016	1070	155	0	1.68254502	4.80387773
1016	1070	155	1	0.53854995	2.09518707
1016	1070	155	2	1.27120781	7.33682183
1016	1070	155	3	0.21818249	0.84530313
1016	1070	155	4	1.48596611	6.54991040
1016	1070	155	5	0.48420445	1.71589275
1016	1070	155	6	3.42532565	9.95856955
1016	1070	155	7	0.27580543	0.94910975
1016	1070	155	8	0.02100713	0.09833888
1016	1070	155	9	0.91470627	2.79936824
1016	1070	155	10	0.17998199	0.62308009
1016	1070	155	11	0.10243183	0.34292870
1016	1070	155	12	1.03821232	6.99259497
1016	1070	155	13	1.46676516	5.51575525
1016	1070	155	14	3.67113745	15.58529184
1016	1070	155	15	0.45223996	1.67739877
1016	1070	155	16	0.79753520	4.28543463
1016	1070	155	17	0.34629929	1.83131916
1016	1070	155	18	0.22565302	0.86080242
1016	1070	155	19	1.50744175	10.25749384
1016	1070	156	0	1.68254503	4.80387776
1016	1070	156	1	0.53854995	2.09518705
1016	1070	156	2	1.27120787	7.33682235
1016	1070	156	3	0.21818246	0.84530309
1016	1070	156	4	1.48596605	6.54990974
1016	1070	156	5	0.48420444	1.71589277
1016	1070	156	6	3.42532558	9.95856920
1016	1070	156	7	0.27580545	0.94911014
1016	1070	156	8	0.02100713	0.09833895
1016	1070	156	9	0.91470622	2.79936801
1016	1070	156	10	0.17998199	0.62308011
1016	1070	156	11	0.10243183	0.34292884
1016	1070	156	12	1.03821232	6.99259464
1016	1070	156	13	1.46676521	5.51575531
1016	1070	156	14	3.67113744	15.58529176
1016	1070	156	15	0.45223996	1.67739881
1016	1070	156	16	0.79753521	4.28543460
1016	1070	156	17	0.34629929	1.83131924
1016	1070	156	18	0.22565302	0.86080245
1016	1070	156	19	1.50744173	10.25749339
1016	1070	157	0	1.68254505	4.80387780
1016	1070	157	1	0.53854995	2.09518703
1016	1070	157	2	1.27120793	7.33682285
1016	1070	157	3	0.21818244	0.84530303
1016	1070	157	4	1.48596600	6.54990915
1016	1070	157	5	0.48420444	1.71589279
1016	1070	157	6	3.42532553	9.95856891
1016	1070	157	7	0.27580544	0.94911043
1016	1070	157	8	0.02100713	0.09833900
1016	1070	157	9	0.91470618	2.79936780
1016	1070	157	10	0.17998199	0.62308012
1016	1070	157	11	0.10243183	0.34292894
1016	1070	157	12	1.03821232	6.99259435
1016	1070	157	13	1.46676526	5.51575541
1016	1070	157	14	3.67113744	15.58529169
1016	1070	157	15	0.45223996	1.67739883
1016	1070	157	16	0.79753521	4.28543458
1016	1070	157	17	0.34629929	1.83131930
1016	1070	157	18	0.22565302	0.86080247
1016	1070	157	19	1.50744171	10.25749299
1016	1070	158	0	1.68254507	4.80387784
1016	1070	158	1	0.53854996	2.09518702
1016	1070	158	2	1.27120798	7.33682331
1016	1070	158	3	0.21818241	0.84530296
1016	1070	158	4	1.48596596	6.54990865
1016	1070	158	5	0.48420444	1.71589279
1016	1070	158	6	3.42532549	9.95856866
1016	1070	158	7	0.27580543	0.94911063
1016	1070	158	8	0.02100712	0.09833904
1016	1070	158	9	0.91470614	2.79936762
1016	1070	158	10	0.17998199	0.62308013
1016	1070	158	11	0.10243182	0.34292900
1016	1070	158	12	1.03821232	6.99259411
1016	1070	158	13	1.46676532	5.51575554
1016	1070	158	14	3.67113744	15.58529163
1016	1070	158	15	0.45223996	1.67739885
1016	1070	158	16	0.79753521	4.28543456
1016	1070	158	17	0.34629929	1.83131936
1016	1070	158	18	0.22565301	0.86080248
1016	1070	158	19	1.50744170	10.25749263
1016	1070	159	0	1.68254508	4.80387789
1016	1070	159	1	0.53854996	2.09518702
1016	1070	159	2	1.27120802	7.33682374
1016	1070	159	3	0.21818239	0.84530288
1016	1070	159	4	1.48596592	6.54990822
1016	1070	159	5	0.48420443	1.71589280
1016	1070	159	6	3.42532546	9.95856846
1016	1070	159	7	0.27580541	0.94911077
1016	1070	159	8	0.02100712	0.09833908
1016	1070	159	9	0.91470611	2.79936746
1016	1070	159	10	0.17998199	0.62308013
1016	1070	159	11	0.10243181	0.34292904
1016	1070	159	12	1.03821233	6.99259391
1016	1070	159	13	1.46676537	5.51575569
1016	1070	159	14	3.67113744	15.58529159
1016	1070	159	15	0.45223995	1.67739886
1016	1070	159	16	0.79753521	4.28543455
1016	1070	159	17	0.34629929	1.83131940
1016	1070	159	18	0.22565301	0.86080249
1016	1070	159	19	1.50744169	10.25749232
1016	1070	160	0	1.68254510	4.80387793
1016	1070	160	1	0.53854996	2.09518702
1016	1070	160	2	1.27120806	7.33682414
1016	1070	160	3	0.21818236	0.84530280
1016	1070	160	4	1.48596590	6.54990786
1016	1070	160	5	0.48420443	1.71589279
1016	1070	160	6	3.42532543	9.95856830
1016	1070	160	7	0.27580538	0.94911084
1016	1070	160	8	0.02100712	0.09833910
1016	1070	160	9	0.91470609	2.79936732
1016	1070	160	10	0.17998199	0.62308013
1016	1070	160	11	0.10243179	0.34292906
1016	1070	160	12	1.03821234	6.99259375
1016	1070	160	13	1.46676543	5.51575586
1016	1070	160	14	3.67113744	15.58529155
1016	1070	160	15	0.45223995	1.67739886
1016	1070	160	16	0.79753521	4.28543454
1016	1070	160	17	0.34629929	1.83131943
1016	1070	160	18	0.22565301	0.86080250
1016	1070	160	19	1.50744169	10.25749204
1016	1070	161	0	1.68254511	4.80387797
1016	1070	161	1	0.53854997	2.09518702
1016	1070	161	2	1.27120809	7.33682451
1016	1070	161	3	0.21818234	0.84530271
1016	1070	161	4	1.48596589	6.54990756
1016	1070	161	5	0.48420442	1.71589278
1016	1070	161	6	3.42532542	9.95856816
1016	1070	161	7	0.27580534	0.94911085
1016	1070	161	8	0.02100712	0.09833911
1016	1070	161	9	0.91470607	2.79936721
1016	1070	161	10	0.17998198	0.62308013
1016	1070	161	11	0.10243178	0.34292906
1016	1070	161	12	1.03821234	6.99259362
1016	1070	161	13	1.46676548	5.51575603
1016	1070	161	14	3.67113744	15.58529152
1016	1070	161	15	0.45223994	1.67739886
1016	1070	161	16	0.79753521	4.28543453
1016	1070	161	17	0.34629929	1.83131945
1016	1070	161	18	0.22565301	0.86080250
1016	1070	161	19	1.50744169	10.25749179
1016	1070	162	0	1.68254512	4.80387801
1016	1070	162	1	0.53854997	2.09518703
1016	1070	162	2	1.27120811	7.33682485
1016	1070	162	3	0.21818232	0.84530262
1016	1070	162	4	1.48596588	6.54990731
1016	1070	162	5	0.48420442	1.71589277
1016	1070	162	6	3.42532541	9.95856806
1016	1070	162	7	0.27580530	0.94911083
1016	1070	162	8	0.02100711	0.09833912
1016	1070	162	9	0.91470605	2.79936711
1016	1070	162	10	0.17998198	0.62308013
1016	1070	162	11	0.10243176	0.34292904
1016	1070	162	12	1.03821235	6.99259351
1016	1070	162	13	1.46676553	5.51575621
1016	1070	162	14	3.67113744	15.58529150
1016	1070	162	15	0.45223993	1.67739885
1016	1070	162	16	0.79753522	4.28543453
1016	1070	162	17	0.34629928	1.83131947
1016	1070	162	18	0.22565300	0.86080250
1016	1070	162	19	1.50744168	10.25749158
1016	1070	163	0	1.68254514	4.80387805
1016	1070	163	1	0.53854997	2.09518704
1016	1070	163	2	1.27120814	7.33682515
1016	1070	163	3	0.21818230	0.84530254
1016	1070	163	4	1.48596587	6.54990711
1016	1070	163	5	0.48420441	1.71589276
1016	1070	163	6	3.42532540	9.95856798
1016	1070	163	7	0.27580525	0.94911077
1016	1070	163	8	0.02100711	0.09833912
1016	1070	163	9	0.91470604	2.79936703
1016	1070	163	10	0.17998198	0.62308012
1016	1070	163	11	0.10243174	0.34292901
1016	1070	163	12	1.03821236	6.99259343
1016	1070	163	13	1.46676558	5.51575639
1016	1070	163	14	3.67113744	15.58529149
1016	1070	163	15	0.45223993	1.67739883
1016	1070	163	16	0.79753522	4.28543453
1016	1070	163	17	0.34629928	1.83131948
1016	1070	163	18	0.22565300	0.86080249
1016	1070	163	19	1.50744168	10.25749140
1016	1070	164	0	1.68254515	4.80387809
1016	1070	164	1	0.53854998	2.09518705
1016	1070	164	2	1.27120816	7.33682543
1016	1070	164	3	0.21818228	0.84530245
1016	1070	164	4	1.48596587	6.54990694
1016	1070	164	5	0.48420441	1.71589274
1016	1070	164	6	3.42532540	9.95856793
1016	1070	164	7	0.27580521	0.94911069
1016	1070	164	8	0.02100710	0.09833912
1016	1070	164	9	0.91470603	2.79936696
1016	1070	164	10	0.17998198	0.62308012
1016	1070	164	11	0.10243172	0.34292897
1016	1070	164	12	1.03821237	6.99259337
1016	1070	164	13	1.46676562	5.51575657
1016	1070	164	14	3.67113744	15.58529148
1016	1070	164	15	0.45223992	1.67739882
1016	1070	164	16	0.79753522	4.28543453
1016	1070	164	17	0.34629928	1.83131949
1016	1070	164	18	0.22565300	0.86080248
1016	1070	164	19	1.50744169	10.25749125
1016	1070	165	0	1.68254516	4.80387813
1016	1070	165	1	0.53854998	2.09518706
1016	1070	165	2	1.27120817	7.33682567
1016	1070	165	3	0.21818226	0.84530237
1016	1070	165	4	1.48596587	6.54990682
1016	1070	165	5	0.48420440	1.71589273
1016	1070	165	6	3.42532540	9.95856789
1016	1070	165	7	0.27580516	0.94911058
1016	1070	165	8	0.02100710	0.09833912
1016	1070	165	9	0.91470602	2.79936690
1016	1070	165	10	0.17998197	0.62308011
1016	1070	165	11	0.10243170	0.34292892
1016	1070	165	12	1.03821238	6.99259333
1016	1070	165	13	1.46676566	5.51575675
1016	1070	165	14	3.67113744	15.58529147
1016	1070	165	15	0.45223992	1.67739880
1016	1070	165	16	0.79753522	4.28543454
1016	1070	165	17	0.34629928	1.83131949
1016	1070	165	18	0.22565299	0.86080248
1016	1070	165	19	1.50744169	10.25749112
1016	1070	166	0	1.68254517	4.80387816
1016	1070	166	1	0.53854999	2.09518707
1016	1070	166	2	1.27120818	7.33682589
1016	1070	166	3	0.21818224	0.84530229
1016	1070	166	4	1.48596588	6.54990673
1016	1070	166	5	0.48420440	1.71589271
1016	1070	166	6	3.42532541	9.95856787
1016	1070	166	7	0.27580512	0.94911046
1016	1070	166	8	0.02100710	0.09833911
1016	1070	166	9	0.91470602	2.79936686
1016	1070	166	10	0.17998197	0.62308010
1016	1070	166	11	0.10243168	0.34292887
1016	1070	166	12	1.03821239	6.99259330
1016	1070	166	13	1.46676570	5.51575692
1016	1070	166	14	3.67113745	15.58529147
1016	1070	166	15	0.45223991	1.67739878
1016	1070	166	16	0.79753522	4.28543454
1016	1070	166	17	0.34629927	1.83131949
1016	1070	166	18	0.22565299	0.86080247
1016	1070	166	19	1.50744169	10.25749101
1016	1070	167	0	1.68254518	4.80387820
1016	1070	167	1	0.53854999	2.09518708
1016	1070	167	2	1.27120819	7.33682609
1016	1070	167	3	0.21818223	0.84530221
1016	1070	167	4	1.48596589	6.54990666
1016	1070	167	5	0.48420439	1.71589269
1016	1070	167	6	3.42532542	9.95856786
1016	1070	167	7	0.27580507	0.94911033
1016	1070	167	8	0.02100709	0.09833910
1016	1070	167	9	0.91470601	2.79936682
1016	1070	167	10	0.17998197	0.62308010
1016	1070	167	11	0.10243166	0.34292881
1016	1070	167	12	1.03821240	6.99259328
1016	1070	167	13	1.46676573	5.51575708
1016	1070	167	14	3.67113745	15.58529147
1016	1070	167	15	0.45223990	1.67739876
1016	1070	167	16	0.79753522	4.28543455
1016	1070	167	17	0.34629927	1.83131948
1016	1070	167	18	0.22565299	0.86080246
1016	1070	167	19	1.50744170	10.25749092
1016	1070	168	0	1.68254519	4.80387823
1016	1070	168	1	0.53854999	2.09518710
1016	1070	168	2	1.27120820	7.33682626
1016	1070	168	3	0.21818221	0.84530214
1016	1070	168	4	1.48596590	6.54990662
1016	1070	168	5	0.48420439	1.71589268
1016	1070	168	6	3.42532543	9.95856786
1016	1070	168	7	0.27580503	0.94911019
1016	1070	168	8	0.02100709	0.09833908
1016	1070	168	9	0.91470601	2.79936680
1016	1070	168	10	0.17998197	0.62308009
1016	1070	168	11	0.10243165	0.34292876
1016	1070	168	12	1.03821240	6.99259328
1016	1070	168	13	1.46676576	5.51575723
1016	1070	168	14	3.67113745	15.58529148
1016	1070	168	15	0.45223990	1.67739874
1016	1070	168	16	0.79753523	4.28543456
1016	1070	168	17	0.34629927	1.83131948
1016	1070	168	18	0.22565298	0.86080245
1016	1070	168	19	1.50744170	10.25749085
1016	1070	169	0	1.68254519	4.80387825
1016	1070	169	1	0.53855000	2.09518711
1016	1070	169	2	1.27120821	7.33682640
1016	1070	169	3	0.21818220	0.84530208
1016	1070	169	4	1.48596591	6.54990659
1016	1070	169	5	0.48420438	1.71589266
1016	1070	169	6	3.42532544	9.95856787
1016	1070	169	7	0.27580499	0.94911005
1016	1070	169	8	0.02100708	0.09833907
1016	1070	169	9	0.91470601	2.79936678
1016	1070	169	10	0.17998196	0.62308008
1016	1070	169	11	0.10243163	0.34292870
1016	1070	169	12	1.03821241	6.99259328
1016	1070	169	13	1.46676579	5.51575737
1016	1070	169	14	3.67113746	15.58529148
1016	1070	169	15	0.45223989	1.67739873
1016	1070	169	16	0.79753523	4.28543456
1016	1070	169	17	0.34629926	1.83131947
1016	1070	169	18	0.22565298	0.86080243
1016	1070	169	19	1.50744171	10.25749079
1016	1070	170	0	1.68254520	4.80387828
1016	1070	170	1	0.53855000	2.09518712
1016	1070	170	2	1.27120821	7.33682653
1016	1070	170	3	0.21818219	0.84530202
1016	1070	170	4	1.48596592	6.54990658
1016	1070	170	5	0.48420438	1.71589264
1016	1070	170	6	3.42532545	9.95856789
1016	1070	170	7	0.27580495	0.94910991
1016	1070	170	8	0.02100708	0.09833906
1016	1070	170	9	0.91470601	2.79936677
1016	1070	170	10	0.17998196	0.62308008
1016	1070	170	11	0.10243161	0.34292864
1016	1070	170	12	1.03821242	6.99259330
1016	1070	170	13	1.46676582	5.51575751
1016	1070	170	14	3.67113746	15.58529149
1016	1070	170	15	0.45223989	1.67739871
1016	1070	170	16	0.79753523	4.28543457
1016	1070	170	17	0.34629926	1.83131946
1016	1070	170	18	0.22565298	0.86080242
1016	1070	170	19	1.50744171	10.25749075
1016	1070	171	0	1.68254521	4.80387830
1016	1070	171	1	0.53855000	2.09518713
1016	1070	171	2	1.27120821	7.33682664
1016	1070	171	3	0.21818218	0.84530196
1016	1070	171	4	1.48596593	6.54990659
1016	1070	171	5	0.48420437	1.71589263
1016	1070	171	6	3.42532546	9.95856791
1016	1070	171	7	0.27580491	0.94910977
1016	1070	171	8	0.02100708	0.09833904
1016	1070	171	9	0.91470602	2.79936676
1016	1070	171	10	0.17998196	0.62308007
1016	1070	171	11	0.10243160	0.34292858
1016	1070	171	12	1.03821243	6.99259331
1016	1070	171	13	1.46676584	5.51575763
1016	1070	171	14	3.67113746	15.58529150
1016	1070	171	15	0.45223989	1.67739869
1016	1070	171	16	0.79753523	4.28543458
1016	1070	171	17	0.34629926	1.83131945
1016	1070	171	18	0.22565298	0.86080241
1016	1070	171	19	1.50744172	10.25749072
1016	1070	172	0	1.68254521	4.80387832
1016	1070	172	1	0.53855000	2.09518714
1016	1070	172	2	1.27120821	7.33682673
1016	1070	172	3	0.21818217	0.84530191
1016	1070	172	4	1.48596594	6.54990661
1016	1070	172	5	0.48420437	1.71589261
1016	1070	172	6	3.42532547	9.95856794
1016	1070	172	7	0.27580488	0.94910963
1016	1070	172	8	0.02100707	0.09833903
1016	1070	172	9	0.91470602	2.79936676
1016	1070	172	10	0.17998196	0.62308006
1016	1070	172	11	0.10243158	0.34292853
1016	1070	172	12	1.03821243	6.99259333
1016	1070	172	13	1.46676586	5.51575775
1016	1070	172	14	3.67113746	15.58529151
1016	1070	172	15	0.45223988	1.67739867
1016	1070	172	16	0.79753523	4.28543458
1016	1070	172	17	0.34629926	1.83131944
1016	1070	172	18	0.22565297	0.86080240
1016	1070	172	19	1.50744172	10.25749070
1016	1070	173	0	1.68254522	4.80387834
1016	1070	173	1	0.53855000	2.09518716
1016	1070	173	2	1.27120821	7.33682681
1016	1070	173	3	0.21818216	0.84530186
1016	1070	173	4	1.48596596	6.54990663
1016	1070	173	5	0.48420437	1.71589260
1016	1070	173	6	3.42532548	9.95856797
1016	1070	173	7	0.27580484	0.94910950
1016	1070	173	8	0.02100707	0.09833901
1016	1070	173	9	0.91470602	2.79936676
1016	1070	173	10	0.17998196	0.62308005
1016	1070	173	11	0.10243157	0.34292848
1016	1070	173	12	1.03821244	6.99259336
1016	1070	173	13	1.46676588	5.51575785
1016	1070	173	14	3.67113747	15.58529152
1016	1070	173	15	0.45223988	1.67739865
1016	1070	173	16	0.79753523	4.28543459
1016	1070	173	17	0.34629925	1.83131943
1016	1070	173	18	0.22565297	0.86080239
1016	1070	173	19	1.50744173	10.25749068
1016	1070	174	0	1.68254522	4.80387836
1016	1070	174	1	0.53855001	2.09518717
1016	1070	174	2	1.27120821	7.33682687
1016	1070	174	3	0.21818216	0.84530182
1016	1070	174	4	1.48596597	6.54990666
1016	1070	174	5	0.48420436	1.71589258
1016	1070	174	6	3.42532550	9.95856800
1016	1070	174	7	0.27580482	0.94910938
1016	1070	174	8	0.02100707	0.09833900
1016	1070	174	9	0.91470603	2.79936676
1016	1070	174	10	0.17998196	0.62308005
1016	1070	174	11	0.10243156	0.34292843
1016	1070	174	12	1.03821244	6.99259339
1016	1070	174	13	1.46676589	5.51575794
1016	1070	174	14	3.67113747	15.58529153
1016	1070	174	15	0.45223987	1.67739864
1016	1070	174	16	0.79753523	4.28543460
1016	1070	174	17	0.34629925	1.83131942
1016	1070	174	18	0.22565297	0.86080238
1016	1070	174	19	1.50744173	10.25749068
1016	1070	175	0	1.68254522	4.80387837
1016	1070	175	1	0.53855001	2.09518718
1016	1070	175	2	1.27120821	7.33682693
1016	1070	175	3	0.21818215	0.84530178
1016	1070	175	4	1.48596598	6.54990670
1016	1070	175	5	0.48420436	1.71589257
1016	1070	175	6	3.42532551	9.95856803
1016	1070	175	7	0.27580479	0.94910926
1016	1070	175	8	0.02100707	0.09833898
1016	1070	175	9	0.91470603	2.79936677
1016	1070	175	10	0.17998196	0.62308004
1016	1070	175	11	0.10243155	0.34292838
1016	1070	175	12	1.03821245	6.99259341
1016	1070	175	13	1.46676591	5.51575803
1016	1070	175	14	3.67113747	15.58529154
1016	1070	175	15	0.45223987	1.67739862
1016	1070	175	16	0.79753523	4.28543460
1016	1070	175	17	0.34629925	1.83131940
1016	1070	175	18	0.22565297	0.86080237
1016	1070	175	19	1.50744174	10.25749068
1016	1070	176	0	1.68254523	4.80387839
1016	1070	176	1	0.53855001	2.09518718
1016	1070	176	2	1.27120821	7.33682697
1016	1070	176	3	0.21818215	0.84530175
1016	1070	176	4	1.48596599	6.54990674
1016	1070	176	5	0.48420436	1.71589256
1016	1070	176	6	3.42532552	9.95856807
1016	1070	176	7	0.27580476	0.94910915
1016	1070	176	8	0.02100706	0.09833897
1016	1070	176	9	0.91470603	2.79936678
1016	1070	176	10	0.17998195	0.62308004
1016	1070	176	11	0.10243154	0.34292834
1016	1070	176	12	1.03821245	6.99259344
1016	1070	176	13	1.46676592	5.51575810
1016	1070	176	14	3.67113747	15.58529155
1016	1070	176	15	0.45223987	1.67739861
1016	1070	176	16	0.79753524	4.28543461
1016	1070	176	17	0.34629925	1.83131939
1016	1070	176	18	0.22565297	0.86080236
1016	1070	176	19	1.50744174	10.25749068
1016	1070	177	0	1.68254523	4.80387840
1016	1070	177	1	0.53855001	2.09518719
1016	1070	177	2	1.27120821	7.33682700
1016	1070	177	3	0.21818214	0.84530172
1016	1070	177	4	1.48596600	6.54990678
1016	1070	177	5	0.48420436	1.71589255
1016	1070	177	6	3.42532553	9.95856810
1016	1070	177	7	0.27580474	0.94910905
1016	1070	177	8	0.02100706	0.09833896
1016	1070	177	9	0.91470604	2.79936679
1016	1070	177	10	0.17998195	0.62308003
1016	1070	177	11	0.10243153	0.34292830
1016	1070	177	12	1.03821246	6.99259347
1016	1070	177	13	1.46676593	5.51575817
1016	1070	177	14	3.67113748	15.58529156
1016	1070	177	15	0.45223987	1.67739859
1016	1070	177	16	0.79753524	4.28543462
1016	1070	177	17	0.34629925	1.83131938
1016	1070	177	18	0.22565296	0.86080236
1016	1070	177	19	1.50744174	10.25749069
1016	1070	178	0	1.68254523	4.80387841
1016	1070	178	1	0.53855001	2.09518720
1016	1070	178	2	1.27120820	7.33682703
1016	1070	178	3	0.21818214	0.84530169
1016	1070	178	4	1.48596601	6.54990682
1016	1070	178	5	0.48420435	1.71589254
1016	1070	178	6	3.42532554	9.95856813
1016	1070	178	7	0.27580472	0.94910895
1016	1070	178	8	0.02100706	0.09833895
1016	1070	178	9	0.91470604	2.79936680
1016	1070	178	10	0.17998195	0.62308003
1016	1070	178	11	0.10243152	0.34292826
1016	1070	178	12	1.03821246	6.99259350
1016	1070	178	13	1.46676594	5.51575823
1016	1070	178	14	3.67113748	15.58529157
1016	1070	178	15	0.45223986	1.67739858
1016	1070	178	16	0.79753524	4.28543462
1016	1070	178	17	0.34629924	1.83131937
1016	1070	178	18	0.22565296	0.86080235
1016	1070	178	19	1.50744175	10.25749070
1016	1070	179	0	1.68254523	4.80387841
1016	1070	179	1	0.53855001	2.09518721
1016	1070	179	2	1.27120820	7.33682704
1016	1070	179	3	0.21818214	0.84530167
1016	1070	179	4	1.48596602	6.54990687
1016	1070	179	5	0.48420435	1.71589253
1016	1070	179	6	3.42532555	9.95856817
1016	1070	179	7	0.27580471	0.94910886
1016	1070	179	8	0.02100706	0.09833894
1016	1070	179	9	0.91470605	2.79936681
1016	1070	179	10	0.17998195	0.62308002
1016	1070	179	11	0.10243152	0.34292823
1016	1070	179	12	1.03821246	6.99259353
1016	1070	179	13	1.46676594	5.51575828
1016	1070	179	14	3.67113748	15.58529158
1016	1070	179	15	0.45223986	1.67739857
1016	1070	179	16	0.79753524	4.28543463
1016	1070	179	17	0.34629924	1.83131936
1016	1070	179	18	0.22565296	0.86080234
1016	1070	179	19	1.50744175	10.25749071
1016	1070	180	0	1.68254523	4.80387842
1016	1070	180	1	0.53855001	2.09518721
1016	1070	180	2	1.27120820	7.33682705
1016	1070	180	3	0.21818213	0.84530165
1016	1070	180	4	1.48596603	6.54990691
1016	1070	180	5	0.48420435	1.71589252
1016	1070	180	6	3.42532556	9.95856820
1016	1070	180	7	0.27580469	0.94910878
1016	1070	180	8	0.02100706	0.09833893
1016	1070	180	9	0.91470605	2.79936682
1016	1070	180	10	0.17998195	0.62308002
1016	1070	180	11	0.10243151	0.34292819
1016	1070	180	12	1.03821247	6.99259356
1016	1070	180	13	1.46676595	5.51575833
1016	1070	180	14	3.67113748	15.58529159
1016	1070	180	15	0.45223986	1.67739856
1016	1070	180	16	0.79753524	4.28543463
1016	1070	180	17	0.34629924	1.83131935
1016	1070	180	18	0.22565296	0.86080234
1016	1070	180	19	1.50744176	10.25749073
1016	1070	181	0	1.68254523	4.80387843
1016	1070	181	1	0.53855002	2.09518722
1016	1070	181	2	1.27120820	7.33682706
1016	1070	181	3	0.21818213	0.84530163
1016	1070	181	4	1.48596604	6.54990695
1016	1070	181	5	0.48420435	1.71589251
1016	1070	181	6	3.42532557	9.95856823
1016	1070	181	7	0.27580468	0.94910871
1016	1070	181	8	0.02100706	0.09833892
1016	1070	181	9	0.91470605	2.79936683
1016	1070	181	10	0.17998195	0.62308002
1016	1070	181	11	0.10243150	0.34292817
1016	1070	181	12	1.03821247	6.99259358
1016	1070	181	13	1.46676595	5.51575837
1016	1070	181	14	3.67113748	15.58529159
1016	1070	181	15	0.45223986	1.67739855
1016	1070	181	16	0.79753524	4.28543464
1016	1070	181	17	0.34629924	1.83131935
1016	1070	181	18	0.22565296	0.86080233
1016	1070	181	19	1.50744176	10.25749074
1016	1070	182	0	1.68254523	4.80387843
1016	1070	182	1	0.53855002	2.09518722
1016	1070	182	2	1.27120819	7.33682706
1016	1070	182	3	0.21818213	0.84530162
1016	1070	182	4	1.48596605	6.54990699
1016	1070	182	5	0.48420435	1.71589251
1016	1070	182	6	3.42532557	9.95856825
1016	1070	182	7	0.27580466	0.94910865
1016	1070	182	8	0.02100706	0.09833891
1016	1070	182	9	0.91470606	2.79936685
1016	1070	182	10	0.17998195	0.62308001
1016	1070	182	11	0.10243150	0.34292814
1016	1070	182	12	1.03821247	6.99259361
1016	1070	182	13	1.46676596	5.51575840
1016	1070	182	14	3.67113748	15.58529160
1016	1070	182	15	0.45223986	1.67739855
1016	1070	182	16	0.79753524	4.28543464
1016	1070	182	17	0.34629924	1.83131934
1016	1070	182	18	0.22565296	0.86080233
1016	1070	182	19	1.50744176	10.25749076
1016	1070	183	0	1.68254523	4.80387844
1016	1070	183	1	0.53855002	2.09518723
1016	1070	183	2	1.27120819	7.33682706
1016	1070	183	3	0.21818213	0.84530161
1016	1070	183	4	1.48596605	6.54990703
1016	1070	183	5	0.48420435	1.71589250
1016	1070	183	6	3.42532558	9.95856828
1016	1070	183	7	0.27580465	0.94910859
1016	1070	183	8	0.02100706	0.09833890
1016	1070	183	9	0.91470606	2.79936686
1016	1070	183	10	0.17998195	0.62308001
1016	1070	183	11	0.10243150	0.34292812
1016	1070	183	12	1.03821247	6.99259363
1016	1070	183	13	1.46676596	5.51575843
1016	1070	183	14	3.67113748	15.58529161
1016	1070	183	15	0.45223986	1.67739854
1016	1070	183	16	0.79753524	4.28543464
1016	1070	183	17	0.34629924	1.83131933
1016	1070	183	18	0.22565296	0.86080232
1016	1070	183	19	1.50744176	10.25749077
1016	1070	184	0	1.68254524	4.80387844
1016	1070	184	1	0.53855002	2.09518723
1016	1070	184	2	1.27120819	7.33682706
1016	1070	184	3	0.21818213	0.84530160
1016	1070	184	4	1.48596606	6.54990707
1016	1070	184	5	0.48420435	1.71589250
1016	1070	184	6	3.42532559	9.95856830
1016	1070	184	7	0.27580464	0.94910854
1016	1070	184	8	0.02100705	0.09833889
1016	1070	184	9	0.91470606	2.79936687
1016	1070	184	10	0.17998195	0.62308001
1016	1070	184	11	0.10243149	0.34292810
1016	1070	184	12	1.03821247	6.99259365
1016	1070	184	13	1.46676596	5.51575845
1016	1070	184	14	3.67113749	15.58529161
1016	1070	184	15	0.45223986	1.67739853
1016	1070	184	16	0.79753524	4.28543465
1016	1070	184	17	0.34629924	1.83131932
1016	1070	184	18	0.22565296	0.86080232
1016	1070	184	19	1.50744177	10.25749079
1016	1070	185	0	1.68254524	4.80387844
1016	1070	185	1	0.53855002	2.09518723
1016	1070	185	2	1.27120818	7.33682705
1016	1070	185	3	0.21818213	0.84530159
1016	1070	185	4	1.48596606	6.54990710
1016	1070	185	5	0.48420435	1.71589249
1016	1070	185	6	3.42532559	9.95856832
1016	1070	185	7	0.27580464	0.94910849
1016	1070	185	8	0.02100705	0.09833889
1016	1070	185	9	0.91470607	2.79936688
1016	1070	185	10	0.17998195	0.62308001
1016	1070	185	11	0.10243149	0.34292808
1016	1070	185	12	1.03821247	6.99259367
1016	1070	185	13	1.46676597	5.51575847
1016	1070	185	14	3.67113749	15.58529162
1016	1070	185	15	0.45223986	1.67739853
1016	1070	185	16	0.79753524	4.28543465
1016	1070	185	17	0.34629924	1.83131932
1016	1070	185	18	0.22565296	0.86080231
1016	1070	185	19	1.50744177	10.25749081
1016	1070	186	0	1.68254524	4.80387844
1016	1070	186	1	0.53855002	2.09518724
1016	1070	186	2	1.27120818	7.33682705
1016	1070	186	3	0.21818213	0.84530158
1016	1070	186	4	1.48596607	6.54990713
1016	1070	186	5	0.48420435	1.71589249
1016	1070	186	6	3.42532560	9.95856834
1016	1070	186	7	0.27580463	0.94910845
1016	1070	186	8	0.02100705	0.09833888
1016	1070	186	9	0.91470607	2.79936689
1016	1070	186	10	0.17998195	0.62308000
1016	1070	186	11	0.10243149	0.34292807
1016	1070	186	12	1.03821248	6.99259369
1016	1070	186	13	1.46676597	5.51575849
1016	1070	186	14	3.67113749	15.58529163
1016	1070	186	15	0.45223986	1.67739852
1016	1070	186	16	0.79753524	4.28543465
1016	1070	186	17	0.34629924	1.83131931
1016	1070	186	18	0.22565296	0.86080231
1016	1070	186	19	1.50744177	10.25749082
1016	1070	187	0	1.68254524	4.80387845
1016	1070	187	1	0.53855002	2.09518724
1016	1070	187	2	1.27120818	7.33682704
1016	1070	187	3	0.21818213	0.84530158
1016	1070	187	4	1.48596607	6.54990716
1016	1070	187	5	0.48420435	1.71589249
1016	1070	187	6	3.42532560	9.95856836
1016	1070	187	7	0.27580463	0.94910842
1016	1070	187	8	0.02100705	0.09833888
1016	1070	187	9	0.91470607	2.79936690
1016	1070	187	10	0.17998195	0.62308000
1016	1070	187	11	0.10243148	0.34292806
1016	1070	187	12	1.03821248	6.99259370
1016	1070	187	13	1.46676597	5.51575850
1016	1070	187	14	3.67113749	15.58529163
1016	1070	187	15	0.45223985	1.67739852
1016	1070	187	16	0.79753524	4.28543465
1016	1070	187	17	0.34629924	1.83131931
1016	1070	187	18	0.22565296	0.86080231
1016	1070	187	19	1.50744177	10.25749084
1016	1070	188	0	1.68254524	4.80387845
1016	1070	188	1	0.53855002	2.09518724
1016	1070	188	2	1.27120818	7.33682703
1016	1070	188	3	0.21818213	0.84530157
1016	1070	188	4	1.48596608	6.54990719
1016	1070	188	5	0.48420435	1.71589248
1016	1070	188	6	3.42532561	9.95856838
1016	1070	188	7	0.27580462	0.94910839
1016	1070	188	8	0.02100705	0.09833887
1016	1070	188	9	0.91470607	2.79936691
1016	1070	188	10	0.17998195	0.62308000
1016	1070	188	11	0.10243148	0.34292804
1016	1070	188	12	1.03821248	6.99259372
1016	1070	188	13	1.46676597	5.51575851
1016	1070	188	14	3.67113749	15.58529163
1016	1070	188	15	0.45223985	1.67739852
1016	1070	188	16	0.79753524	4.28543466
1016	1070	188	17	0.34629924	1.83131930
1016	1070	188	18	0.22565296	0.86080231
1016	1070	188	19	1.50744177	10.25749085
1016	1070	189	0	1.68254524	4.80387845
1016	1070	189	1	0.53855002	2.09518724
1016	1070	189	2	1.27120817	7.33682702
1016	1070	189	3	0.21818213	0.84530157
1016	1070	189	4	1.48596608	6.54990721
1016	1070	189	5	0.48420435	1.71589248
1016	1070	189	6	3.42532561	9.95856839
1016	1070	189	7	0.27580462	0.94910837
1016	1070	189	8	0.02100705	0.09833887
1016	1070	189	9	0.91470608	2.79936691
1016	1070	189	10	0.17998195	0.62308000
1016	1070	189	11	0.10243148	0.34292804
1016	1070	189	12	1.03821248	6.99259373
1016	1070	189	13	1.46676597	5.51575852
1016	1070	189	14	3.67113749	15.58529164
1016	1070	189	15	0.45223985	1.67739851
1016	1070	189	16	0.79753524	4.28543466
1016	1070	189	17	0.34629924	1.83131930
1016	1070	189	18	0.22565296	0.86080231
1016	1070	189	19	1.50744177	10.25749087
1016	1070	190	0	1.68254524	4.80387845
1016	1070	190	1	0.53855002	2.09518725
1016	1070	190	2	1.27120817	7.33682701
1016	1070	190	3	0.21818213	0.84530157
1016	1070	190	4	1.48596608	6.54990724
1016	1070	190	5	0.48420435	1.71589248
1016	1070	190	6	3.42532561	9.95856840
1016	1070	190	7	0.27580462	0.94910834
1016	1070	190	8	0.02100705	0.09833887
1016	1070	190	9	0.91470608	2.79936692
1016	1070	190	10	0.17998195	0.62308000
1016	1070	190	11	0.10243148	0.34292803
1016	1070	190	12	1.03821248	6.99259374
1016	1070	190	13	1.46676597	5.51575853
1016	1070	190	14	3.67113749	15.58529164
1016	1070	190	15	0.45223985	1.67739851
1016	1070	190	16	0.79753524	4.28543466
1016	1070	190	17	0.34629924	1.83131930
1016	1070	190	18	0.22565296	0.86080230
1016	1070	190	19	1.50744177	10.25749088
1016	1070	191	0	1.68254524	4.80387845
1016	1070	191	1	0.53855002	2.09518725
1016	1070	191	2	1.27120817	7.33682700
1016	1070	191	3	0.21818213	0.84530157
1016	1070	191	4	1.48596609	6.54990726
1016	1070	191	5	0.48420435	1.71589248
1016	1070	191	6	3.42532562	9.95856841
1016	1070	191	7	0.27580461	0.94910833
1016	1070	191	8	0.02100705	0.09833886
1016	1070	191	9	0.91470608	2.79936693
1016	1070	191	10	0.17998195	0.62308000
1016	1070	191	11	0.10243148	0.34292802
1016	1070	191	12	1.03821248	6.99259376
1016	1070	191	13	1.46676597	5.51575853
1016	1070	191	14	3.67113749	15.58529164
1016	1070	191	15	0.45223985	1.67739851
1016	1070	191	16	0.79753524	4.28543466
1016	1070	191	17	0.34629924	1.83131929
1016	1070	191	18	0.22565296	0.86080230
1016	1070	191	19	1.50744177	10.25749089
1016	1070	192	0	1.68254524	4.80387845
1016	1070	192	1	0.53855002	2.09518725
1016	1070	192	2	1.27120817	7.33682699
1016	1070	192	3	0.21818213	0.84530156
1016	1070	192	4	1.48596609	6.54990728
1016	1070	192	5	0.48420435	1.71589248
1016	1070	192	6	3.42532562	9.95856842
1016	1070	192	7	0.27580461	0.94910831
1016	1070	192	8	0.02100705	0.09833886
1016	1070	192	9	0.91470608	2.79936693
1016	1070	192	10	0.17998195	0.62308000
1016	1070	192	11	0.10243148	0.34292802
1016	1070	192	12	1.03821248	6.99259376
1016	1070	192	13	1.46676597	5.51575853
1016	1070	192	14	3.67113749	15.58529165
1016	1070	192	15	0.45223985	1.67739851
1016	1070	192	16	0.79753524	4.28543466
1016	1070	192	17	0.34629924	1.83131929
1016	1070	192	18	0.22565296	0.86080230
1016	1070	192	19	1.50744178	10.25749090
1016	1070	193	0	1.68254523	4.80387845
1016	1070	193	1	0.53855002	2.09518725
1016	1070	193	2	1.27120817	7.33682698
1016	1070	193	3	0.21818213	0.84530156
1016	1070	193	4	1.48596609	6.54990729
1016	1070	193	5	0.48420435	1.71589248
1016	1070	193	6	3.42532562	9.95856843
1016	1070	193	7	0.27580461	0.94910830
1016	1070	193	8	0.02100705	0.09833886
1016	1070	193	9	0.91470608	2.79936694
1016	1070	193	10	0.17998195	0.62308000
1016	1070	193	11	0.10243148	0.34292801
1016	1070	193	12	1.03821248	6.99259377
1016	1070	193	13	1.46676596	5.51575853
1016	1070	193	14	3.67113749	15.58529165
1016	1070	193	15	0.45223985	1.67739851
1016	1070	193	16	0.79753524	4.28543466
1016	1070	193	17	0.34629924	1.83131929
1016	1070	193	18	0.22565296	0.86080230
1016	1070	193	19	1.50744178	10.25749091
1016	1070	194	0	1.68254523	4.80387845
1016	1070	194	1	0.53855002	2.09518725
1016	1070	194	2	1.27120817	7.33682697
1016	1070	194	3	0.21818213	0.84530157
1016	1070	194	4	1.48596609	6.54990731
1016	1070	194	5	0.48420435	1.71589248
1016	1070	194	6	3.42532562	9.95856844
1016	1070	194	7	0.27580461	0.94910829
1016	1070	194	8	0.02100705	0.09833886
1016	1070	194	9	0.91470608	2.79936694
1016	1070	194	10	0.17998195	0.62308000
1016	1070	194	11	0.10243148	0.34292801
1016	1070	194	12	1.03821248	6.99259378
1016	1070	194	13	1.46676596	5.51575853
1016	1070	194	14	3.67113749	15.58529165
1016	1070	194	15	0.45223985	1.67739850
1016	1070	194	16	0.79753524	4.28543466
1016	1070	194	17	0.34629924	1.83131929
1016	1070	194	18	0.22565296	0.86080230
1016	1070	194	19	1.50744178	10.25749092
1016	1070	195	0	1.68254523	4.80387845
1016	1070	195	1	0.53855002	2.09518725
1016	1070	195	2	1.27120817	7.33682696
1016	1070	195	3	0.21818213	0.84530157
1016	1070	195	4	1.48596609	6.54990732
1016	1070	195	5	0.48420435	1.71589248
1016	1070	195	6	3.42532562	9.95856845
1016	1070	195	7	0.27580461	0.94910828
1016	1070	195	8	0.02100705	0.09833886
1016	1070	195	9	0.91470608	2.79936695
1016	1070	195	10	0.17998195	0.62308000
1016	1070	195	11	0.10243148	0.34292801
1016	1070	195	12	1.03821248	6.99259379
1016	1070	195	13	1.46676596	5.51575853
1016	1070	195	14	3.67113749	15.58529165
1016	1070	195	15	0.45223985	1.67739850
1016	1070	195	16	0.79753524	4.28543466
1016	1070	195	17	0.34629924	1.83131929
1016	1070	195	18	0.22565296	0.86080230
1016	1070	195	19	1.50744178	10.25749093
1016	1070	196	0	1.68254523	4.80387844
1016	1070	196	1	0.53855002	2.09518725
1016	1070	196	2	1.27120816	7.33682695
1016	1070	196	3	0.21818213	0.84530157
1016	1070	196	4	1.48596609	6.54990733
1016	1070	196	5	0.48420435	1.71589247
1016	1070	196	6	3.42532562	9.95856845
1016	1070	196	7	0.27580461	0.94910828
1016	1070	196	8	0.02100705	0.09833886
1016	1070	196	9	0.91470608	2.79936695
1016	1070	196	10	0.17998195	0.62308000
1016	1070	196	11	0.10243148	0.34292800
1016	1070	196	12	1.03821248	6.99259379
1016	1070	196	13	1.46676596	5.51575853
1016	1070	196	14	3.67113749	15.58529165
1016	1070	196	15	0.45223985	1.67739850
1016	1070	196	16	0.79753524	4.28543466
1016	1070	196	17	0.34629924	1.83131929
1016	1070	196	18	0.22565296	0.86080230
1016	1070	196	19	1.50744178	10.25749094
1016	1070	197	0	1.68254523	4.80387844
1016	1070	197	1	0.53855002	2.09518725
1016	1070	197	2	1.27120816	7.33682694
1016	1070	197	3	0.21818213	0.84530157
1016	1070	197	4	1.48596609	6.54990734
1016	1070	197	5	0.48420435	1.71589247
1016	1070	197	6	3.42532562	9.95856846
1016	1070	197	7	0.27580461	0.94910827
1016	1070	197	8	0.02100705	0.09833885
1016	1070	197	9	0.91470609	2.79936696
1016	1070	197	10	0.17998195	0.62308000
1016	1070	197	11	0.10243148	0.34292800
1016	1070	197	12	1.03821248	6.99259380
1016	1070	197	13	1.46676596	5.51575853
1016	1070	197	14	3.67113749	15.58529165
1016	1070	197	15	0.45223985	1.67739850
1016	1070	197	16	0.79753524	4.28543466
1016	1070	197	17	0.34629924	1.83131928
1016	1070	197	18	0.22565296	0.86080230
1016	1070	197	19	1.50744178	10.25749094
1016	1070	198	0	1.68254523	4.80387844
1016	1070	198	1	0.53855002	2.09518725
1016	1070	198	2	1.27120816	7.33682693
1016	1070	198	3	0.21818213	0.84530157
1016	1070	198	4	1.48596609	6.54990735
1016	1070	198	5	0.48420435	1.71589247
1016	1070	198	6	3.42532562	9.95856846
1016	1070	198	7	0.27580461	0.94910827
1016	1070	198	8	0.02100705	0.09833885
1016	1070	198	9	0.91470609	2.79936696
1016	1070	198	10	0.17998195	0.62308000
1016	1070	198	11	0.10243148	0.34292800
1016	1070	198	12	1.03821248	6.99259380
1016	1070	198	13	1.46676596	5.51575852
1016	1070	198	14	3.67113749	15.58529165
1016	1070	198	15	0.45223985	1.67739850
1016	1070	198	16	0.79753524	4.28543466
1016	1070	198	17	0.34629924	1.83131928
1016	1070	198	18	0.22565296	0.86080230
1016	1070	198	19	1.50744178	10.25749095
1016	1070	199	0	1.68254523	4.80387844
1016	1070	199	1	0.53855002	2.09518725
1016	1070	199	2	1.27120816	7.33682692
1016	1070	199	3	0.21818213	0.84530157
1016	1070	199	4	1.48596609	6.54990735
1016	1070	199	5	0.48420435	1.71589247
1016	1070	199	6	3.42532562	9.95856846
1016	1070	199	7	0.27580461	0.94910827
1016	1070	199	8	0.02100705	0.09833885
1016	1070	199	9	0.91470609	2.79936696
1016	1070	199	10	0.17998195	0.62308000
1016	1070	199	11	0.10243148	0.34292800
1016	1070	199	12	1.03821248	6.99259380
1016	1070	199	13	1.46676596	5.51575852
1016	1070	199	14	3.67113749	15.58529166
1016	1070	199	15	0.45223985	1.67739850
1016	1070	199	16	0.79753524	4.28543466
1016	1070	199	17	0.34629924	1.83131928
1016	1070	199	18	0.22565296	0.86080230
1016	1070	199	19	1.50744178	10.25749095
1016	1070	200	0	1.68254523	4.80387844
1016	1070	200	1	0.53855002	2.09518725
1016	1070	200	2	1.27120816	7.33682692
1016	1070	200	3	0.21818213	0.84530157
1016	1070	200	4	1.48596609	6.54990736
1016	1070	200	5	0.48420435	1.71589247
1016	1070	200	6	3.42532562	9.95856847
1016	1070	200	7	0.27580461	0.94910827
1016	1070	200	8	0.02100705	0.09833885
1016	1070	200	9	0.91470609	2.79936696
1016	1070	200	10	0.17998195	0.62308000
1016	1070	200	11	0.10243148	0.34292800
1016	1070	200	12	1.03821248	6.99259381
1016	1070	200	13	1.46676596	5.51575852
1016	1070	200	14	3.67113749	15.58529166
1016	1070	200	15	0.45223985	1.67739850
1016	1070	200	16	0.79753524	4.28543466
1016	1070	200	17	0.34629924	1.83131928
1016	1070	200	18	0.22565296	0.86080230
1016	1070	200	19	1.50744178	10.25749096
