world_seed	cell_seed	time	gene_id	X	P
1003	1029	0	0	0.04962640	0.04962640
1003	1029	0	1	0.20809938	0.20809938
1003	1029	0	2	0.68659133	0.68659133
1003	1029	0	3	0.06337487	0.06337487
1003	1029	0	4	0.04335160	0.04335160
1003	1029	0	5	0.56634773	0.56634773
1003	1029	0	6	0.46415042	0.46415042
1003	1029	0	7	0.18279840	0.18279840
1003	1029	0	8	0.47112679	0.47112679
1003	1029	0	9	0.59061137	0.59061137
1003	1029	0	10	0.46142605	0.46142605
1003	1029	0	11	0.01758011	0.01758011
1003	1029	0	12	0.48913903	0.48913903
1003	1029	0	13	0.77326070	0.77326070
1003	1029	0	14	0.51421394	0.51421394
1003	1029	0	15	0.16149362	0.16149362
1003	1029	0	16	0.61927041	0.61927041
1003	1029	0	17	0.68132789	0.68132789
1003	1029	0	18	0.73929684	0.73929684
1003	1029	0	19	0.29463752	0.29463752
1003	1029	1	0	0.07392602	0.09138020
1003	1029	1	1	0.15083131	0.36411854
1003	1029	1	2	1.05876828	1.13174712
1003	1029	1	3	0.25011624	0.11942856
1003	1029	1	4	0.78661231	0.07505808
1003	1029	1	5	1.09058777	0.99743691
1003	1029	1	6	0.65463174	0.84001052
1003	1029	1	7	0.12648869	0.29938720
1003	1029	1	8	0.23870631	0.87377480
1003	1029	1	9	0.46158925	0.97319129
1003	1029	1	10	0.49253816	0.78384001
1003	1029	1	11	0.01331296	0.03221790
1003	1029	1	12	0.79856688	0.86233594
1003	1029	1	13	0.75530055	1.36651489
1003	1029	1	14	0.37776738	0.85114073
1003	1029	1	15	0.46773969	0.26908137
1003	1029	1	16	0.41253783	1.15764804
1003	1029	1	17	1.23803879	1.15613565
1003	1029	1	18	1.20735495	1.21531765
1003	1029	1	19	0.21405469	0.50151168
1003	1029	2	0	0.14025399	0.15080990
1003	1029	2	1	0.11099061	0.42382333
1003	1029	2	2	1.34391786	1.79254362
1003	1029	2	3	0.37707967	0.35574819
1003	1029	2	4	1.43553679	0.84150828
1003	1029	2	5	1.40536345	1.84981084
1003	1029	2	6	0.79117531	1.33485612
1003	1029	2	7	0.08799583	0.31743780
1003	1029	2	8	0.12278669	0.98547703
1003	1029	2	9	0.37292748	1.09199271
1003	1029	2	10	0.50779825	1.04023365
1003	1029	2	11	0.01097214	0.04013867
1003	1029	2	12	1.03257176	1.45650071
1003	1029	2	13	0.79328643	1.80370594
1003	1029	2	14	0.27853966	0.93545766
1003	1029	2	15	0.65771203	0.64700287
1003	1029	2	16	0.27496068	1.41896699
1003	1029	2	17	1.73667844	2.04373335
1003	1029	2	18	1.49990592	1.98987754
1003	1029	2	19	0.15717412	0.56618164
1003	1029	3	0	0.26590134	0.26713980
1003	1029	3	1	0.08586062	0.42874532
1003	1029	3	2	1.56290371	2.50612476
1003	1029	3	3	0.45114838	0.69173118
1003	1029	3	4	1.99223529	2.05099898
1003	1029	3	5	1.59388730	2.81339141
1003	1029	3	6	0.87030986	1.87211616
1003	1029	3	7	0.06596243	0.29045761
1003	1029	3	8	0.08025212	0.96502360
1003	1029	3	9	0.31004147	1.08028686
1003	1029	3	10	0.51441688	1.23464465
1003	1029	3	11	0.01786677	0.04439295
1003	1029	3	12	1.18780265	2.14383368
1003	1029	3	13	0.87813467	2.17710963
1003	1029	3	14	0.20792985	0.89147665
1003	1029	3	15	0.77515481	1.08874815
1003	1029	3	16	0.18362557	1.50857377
1003	1029	3	17	2.18269225	3.16092727
1003	1029	3	18	1.68236930	2.78115461
1003	1029	3	19	0.11955526	0.55470785
1003	1029	4	0	0.42792157	0.49066278
1003	1029	4	1	0.07968896	0.40730552
1003	1029	4	2	1.73183143	3.18776540
1003	1029	4	3	0.48214042	1.06296951
1003	1029	4	4	2.44729756	3.49229460
1003	1029	4	5	1.70503372	3.73536778
1003	1029	4	6	0.87859045	2.38631358
1003	1029	4	7	0.06460862	0.25121625
1003	1029	4	8	0.10075009	0.90500853
1003	1029	4	9	0.26197119	1.00981815
1003	1029	4	10	0.51415842	1.37710480
1003	1029	4	11	0.04699923	0.05482983
1003	1029	4	12	1.24718495	2.82347692
1003	1029	4	13	0.98168359	2.54843733
1003	1029	4	14	0.16344537	0.79204929
1003	1029	4	15	0.84628321	1.50048356
1003	1029	4	16	0.12380653	1.49514045
1003	1029	4	17	2.57925409	4.38549770
1003	1029	4	18	1.79473260	3.47310797
1003	1029	4	19	0.10379837	0.50903289
1003	1029	5	0	0.59759366	0.84074689
1003	1029	5	1	0.11378091	0.38505972
1003	1029	5	2	1.86264220	3.79863912
1003	1029	5	3	0.48302300	1.42231377
1003	1029	5	4	2.79316649	5.00149143
1003	1029	5	5	1.76444782	4.54829866
1003	1029	5	6	0.82659149	2.81098136
1003	1029	5	7	0.08770885	0.22483430
1003	1029	5	8	0.16631854	0.87421468
1003	1029	5	9	0.22274494	0.91610041
1003	1029	5	10	0.50223471	1.47638806
1003	1029	5	11	0.10380425	0.09265239
1003	1029	5	12	1.21933009	3.40140455
1003	1029	5	13	1.08820011	2.93687298
1003	1029	5	14	0.15475358	0.68241734
1003	1029	5	15	0.88429166	1.84591188
1003	1029	5	16	0.08744894	1.42364284
1003	1029	5	17	2.92368429	5.63544533
1003	1029	5	18	1.85892811	4.03100841
1003	1029	5	19	0.12625436	0.46120619
1003	1029	6	0	0.75743083	1.30496667
1003	1029	6	1	0.22437461	0.40247323
1003	1029	6	2	1.96402564	4.32551368
1003	1029	6	3	0.46593956	1.74102849
1003	1029	6	4	3.03558481	6.45115650
1003	1029	6	5	1.78058153	5.22649464
1003	1029	6	6	0.74287773	3.10287022
1003	1029	6	7	0.13355698	0.23110813
1003	1029	6	8	0.24831038	0.91346520
1003	1029	6	9	0.19036424	0.81616668
1003	1029	6	10	0.46876778	1.53383692
1003	1029	6	11	0.18112665	0.18094975
1003	1029	6	12	1.13724229	3.81448938
1003	1029	6	13	1.19093005	3.34140164
1003	1029	6	14	0.20366214	0.60189175
1003	1029	6	15	0.89195831	2.11404618
1003	1029	6	16	0.07237767	1.32512709
1003	1029	6	17	3.20395971	6.85094633
1003	1029	6	18	1.88283685	4.45442663
1003	1029	6	19	0.20422921	0.45008157
1003	1029	7	0	0.89974147	1.85538100
1003	1029	7	1	0.42622351	0.52612243
1003	1029	7	2	2.04195595	4.76849955
1003	1029	7	3	0.43994190	2.00584127
1003	1029	7	4	3.19181418	7.75383063
1003	1029	7	5	1.75173887	5.75885351
1003	1029	7	6	0.65132587	3.25552244
1003	1029	7	7	0.19533268	0.28095771
1003	1029	7	8	0.32535303	1.02900246
1003	1029	7	9	0.16698675	0.71905198
1003	1029	7	10	0.40997740	1.54051145
1003	1029	7	11	0.26692246	0.33179150
1003	1029	7	12	1.03238786	4.04757166
1003	1029	7	13	1.28717217	3.75449046
1003	1029	7	14	0.32270918	0.59803778
1003	1029	7	15	0.86699470	2.30034506
1003	1029	7	16	0.07992308	1.22440878
1003	1029	7	17	3.40243439	7.97828719
1003	1029	7	18	1.86537005	4.75096724
1003	1029	7	19	0.32555808	0.52024547
1003	1029	8	0	1.02241425	2.46078969
1003	1029	8	1	0.68932034	0.82067533
1003	1029	8	2	2.09941386	5.13364253
1003	1029	8	3	0.41090267	2.21406474
1003	1029	8	4	3.28292577	8.86280960
1003	1029	8	5	1.67615001	6.13522860
1003	1029	8	6	0.56524486	3.28758543
1003	1029	8	7	0.26445122	0.37452747
1003	1029	8	8	0.38830261	1.20478890
1003	1029	8	9	0.16212334	0.63276656
1003	1029	8	10	0.33632507	1.48638479
1003	1029	8	11	0.35123663	0.54318322
1003	1029	8	12	0.92483970	4.12055131
1003	1029	8	13	1.37599457	4.16765890
1003	1029	8	14	0.49578581	0.71455959
1003	1029	8	15	0.81031810	2.39949457
1003	1029	8	16	0.11050736	1.14439229
1003	1029	8	17	3.50797505	8.96238975
1003	1029	8	18	1.80431642	4.92443795
1003	1029	8	19	0.45958156	0.69083860
1003	1029	9	0	1.12606457	3.09283070
1003	1029	9	1	0.96740109	1.30460845
1003	1029	9	2	2.13466618	5.42784317
1003	1029	9	3	0.38227797	2.36919462
1003	1029	9	4	3.32828645	9.76500605
1003	1029	9	5	1.55979756	6.34612669
1003	1029	9	6	0.49032192	3.22746841
1003	1029	9	7	0.33337087	0.50332478
1003	1029	9	8	0.43588314	1.41797419
1003	1029	9	9	0.19865171	0.57201010
1003	1029	9	10	0.26344876	1.37491233
1003	1029	9	11	0.42804368	0.80350926
1003	1029	9	12	0.82507513	4.06868421
1003	1029	9	13	1.45726520	4.57346871
1003	1029	9	14	0.69122666	0.96398445
1003	1029	9	15	0.73026625	2.40887181
1003	1029	9	16	0.16044288	1.10541232
1003	1029	9	17	3.52466931	9.75373755
1003	1029	9	18	1.70320542	4.97507919
1003	1029	9	19	0.58424314	0.94464082
1003	1029	10	0	1.21246019	3.72825670
1003	1029	10	1	1.22719183	1.94551027
1003	1029	10	2	2.13970018	5.65384232
1003	1029	10	3	0.35593577	2.47777893
1003	1029	10	4	3.34350467	10.47021503
1003	1029	10	5	1.41663151	6.39030438
1003	1029	10	6	0.42805402	3.10386386
1003	1029	10	7	0.39676747	0.65439134
1003	1029	10	8	0.47013526	1.64775329
1003	1029	10	9	0.30393640	0.56918231
1003	1029	10	10	0.20132966	1.22414644
1003	1029	10	11	0.49453797	1.09707252
1003	1029	10	12	0.73764155	3.92934676
1003	1029	10	13	1.53121904	4.96608113
1003	1029	10	14	0.88259941	1.32285517
1003	1029	10	15	0.63936617	2.33506711
1003	1029	10	16	0.22257901	1.12145966
1003	1029	10	17	3.46893238	10.32191088
1003	1029	10	18	1.57269721	4.90657524
1003	1029	10	19	0.69046868	1.24750483
1003	1029	11	0	1.28367798	4.34927601
1003	1029	11	1	1.45307561	2.68580683
1003	1029	11	2	2.10406204	5.80540429
1003	1029	11	3	0.33283187	2.54747717
1003	1029	11	4	3.34033427	11.00120888
1003	1029	11	5	1.26317904	6.28076524
1003	1029	11	6	0.37792838	2.94150337
1003	1029	11	7	0.45155343	0.81413816
1003	1029	11	8	0.49389705	1.87838589
1003	1029	11	9	0.47677533	0.67263524
1003	1029	11	10	0.15286400	1.05668213
1003	1029	11	11	0.54997904	1.40799745
1003	1029	11	12	0.66382931	3.73560330
1003	1029	11	13	1.59824534	5.34125157
1003	1029	11	14	1.05514073	1.74936965
1003	1029	11	15	0.54890278	2.19499802
1003	1029	11	16	0.28917393	1.19754695
1003	1029	11	17	3.36117852	10.66212590
1003	1029	11	18	1.42699166	4.73195848
1003	1029	11	19	0.77684587	1.56638062
1003	1029	12	0	1.34163788	4.94299622
1003	1029	12	1	1.64126891	3.46671603
1003	1029	12	2	2.02371208	5.86803230
1003	1029	12	3	0.31352075	2.58601985
1003	1029	12	4	3.32727392	11.38639667
1003	1029	12	5	1.11329970	6.04393442
1003	1029	12	6	0.33860096	2.75990132
1003	1029	12	7	0.49641352	0.97081062
1003	1029	12	8	0.50977264	2.09925758
1003	1029	12	9	0.68508233	0.91248781
1003	1029	12	10	0.11688938	0.89120350
1003	1029	12	11	0.59478468	1.72232509
1003	1029	12	12	0.60326584	3.51397121
1003	1029	12	13	1.65876961	5.69611280
1003	1029	12	14	1.20323169	2.20137472
1003	1029	12	15	0.46618350	2.01122000
1003	1029	12	16	0.35412331	1.33029017
1003	1029	12	17	3.21986338	10.79146306
1003	1029	12	18	1.27932560	4.47382014
1003	1029	12	19	0.84524942	1.87665040
1003	1029	13	0	1.38787701	5.50049012
1003	1029	13	1	1.79400910	4.24038342
1003	1029	13	2	1.90548787	5.82828760
1003	1029	13	3	0.29847280	2.60079889
1003	1029	13	4	3.31026339	11.65505491
1003	1029	13	5	0.97596840	5.71378562
1003	1029	13	6	0.30848421	2.57351605
1003	1029	13	7	0.53126665	1.11559638
1003	1029	13	8	0.51984751	2.30390093
1003	1029	13	9	0.89601255	1.27616394
1003	1029	13	10	0.09085925	0.73960337
1003	1029	13	11	0.62994931	2.02885049
1003	1029	13	12	0.55479793	3.28430978
1003	1029	13	13	1.71318810	6.02889054
1003	1029	13	14	1.32653397	2.64563154
1003	1029	13	15	0.39460956	1.80606700
1003	1029	13	16	0.41363726	1.51064307
1003	1029	13	17	3.05935628	10.74028116
1003	1029	13	18	1.13939088	4.15994314
1003	1029	13	19	0.89857625	2.16290403
1003	1029	14	0	1.42351446	6.01578376
1003	1029	14	1	1.91594717	4.97316829
1003	1029	14	2	1.76319825	5.68429466
1003	1029	14	3	0.28816938	2.59882267
1003	1029	14	4	3.29326436	11.83453560
1003	1029	14	5	0.85555369	5.32515361
1003	1029	14	6	0.28601420	2.39246808
1003	1029	14	7	0.55682539	1.24279385
1003	1029	14	8	0.52571005	2.48887403
1003	1029	14	9	1.09023049	1.72267239
1003	1029	14	10	0.07221084	0.60764511
1003	1029	14	11	0.65671206	2.31923848
1003	1029	14	12	0.51695402	3.06061778
1003	1029	14	13	1.76184168	6.33861980
1003	1029	14	14	1.42722905	3.06002282
1003	1029	14	15	0.33487759	1.59781924
1003	1029	14	16	0.46592015	1.72695114
1003	1029	14	17	2.89000750	10.54410612
1003	1029	14	18	1.01289393	3.81790831
1003	1029	14	19	0.93975269	2.41721842
1003	1029	15	0	1.44932275	6.48497003
1003	1029	15	1	2.01227049	5.64450002
1003	1029	15	2	1.61125490	5.44864633
1003	1029	15	3	0.28304796	2.58677133
1003	1029	15	4	3.27868364	11.94880513
1003	1029	15	5	0.75312470	4.90892232
1003	1029	15	6	0.26974921	2.22338891
1003	1029	15	7	0.57429102	1.34947912
1003	1029	15	8	0.52857028	2.65282363
1003	1029	15	9	1.25984352	2.20612481
1003	1029	15	10	0.05884934	0.49679300
1003	1029	15	11	0.67638884	2.58778805
1003	1029	15	12	0.48816669	2.85210426
1003	1029	15	13	1.80501241	6.62490111
1003	1029	15	14	1.50842782	3.43223821
1003	1029	15	15	0.28618886	1.39935171
1003	1029	15	16	0.51054225	1.96728667
1003	1029	15	17	2.71895109	10.23804574
1003	1029	15	18	0.90230064	3.47118088
1003	1029	15	19	0.97135963	2.63695691
1003	1029	16	0	1.46581295	6.90553410
1003	1029	16	1	2.08784085	6.24414348
1003	1029	16	2	1.46093906	5.14391890
1003	1029	16	3	0.28341520	2.57099076
1003	1029	16	4	3.26766697	12.01779885
1003	1029	16	5	0.66780040	4.48966888
1003	1029	16	6	0.25838487	2.07020686
1003	1029	16	7	0.58515928	1.43498859
1003	1029	16	8	0.52938689	2.79580322
1003	1029	16	9	1.40346856	2.68890350
1003	1029	16	10	0.04921519	0.40597539
1003	1029	16	11	0.69030070	2.83106822
1003	1029	16	12	0.46686400	2.66422801
1003	1029	16	13	1.84292511	6.88771003
1003	1029	16	14	1.57335386	3.75732250
1003	1029	16	15	0.24710140	1.21844304
1003	1029	16	16	0.54786735	2.22085023
1003	1029	16	17	2.55095945	9.85370018
1003	1029	16	18	0.80789583	3.13733564
1003	1029	16	19	0.99553378	2.82284907
1003	1029	17	0	1.47329816	7.27587119
1003	1029	17	1	2.14686542	6.76928687
1003	1029	17	2	1.31958017	4.79603112
1003	1029	17	3	0.28938592	2.55740044
1003	1029	17	4	3.26031353	12.05724278
1003	1029	17	5	0.59776373	4.08521975
1003	1029	17	6	0.25073521	1.93479863
1003	1029	17	7	0.59109441	1.50039477
1003	1029	17	8	0.52896732	2.91881719
1003	1029	17	9	1.52280632	3.14525776
1003	1029	17	10	0.04220184	0.33288390
1003	1029	17	11	0.69974962	3.04754335
1003	1029	17	12	0.45149719	2.49958194
1003	1029	17	13	1.87574651	7.12725265
1003	1029	17	14	1.62496850	4.03525250
1003	1029	17	15	0.21602907	1.05883345
1003	1029	17	16	0.57864325	2.47861691
1003	1029	17	17	2.38913767	9.41786356
1003	1029	17	18	0.72871094	2.82797348
1003	1029	17	19	1.01398394	2.97754389
1003	1029	18	0	1.47194640	7.59494418
1003	1029	18	1	2.19282773	7.22202925
1003	1029	18	2	1.19117264	4.42911701
1003	1029	18	3	0.30084686	2.55135081
1003	1029	18	4	3.25585640	12.07873784
1003	1029	18	5	0.54090506	3.70732690
1003	1029	18	6	0.24570833	1.81749798
1003	1029	18	7	0.59383723	1.54804597
1003	1029	18	8	0.52803047	3.02353137
1003	1029	18	9	1.62076401	3.56020781
1003	1029	18	10	0.03704368	0.27479907
1003	1029	18	11	0.70600926	3.23723674
1003	1029	18	12	0.44054755	2.35859563
1003	1029	18	13	1.90358307	7.34385381
1003	1029	18	14	1.66583007	4.26897434
1003	1029	18	15	0.19149270	0.92142852
1003	1029	18	16	0.60374596	2.73348848
1003	1029	18	17	2.23543576	8.95231341
1003	1029	18	18	0.66318936	2.54959550
1003	1029	18	19	1.02804834	3.10461009
1003	1029	19	0	1.46184341	7.86204851
1003	1029	19	1	2.22853471	7.60742786
1003	1029	19	2	1.07734227	4.06281842
1003	1029	19	3	0.31743486	2.55746099
1003	1029	19	4	3.25284004	12.09000177
1003	1029	19	5	0.49517994	3.36282602
1003	1029	19	6	0.24229335	1.71748329
1003	1029	19	7	0.59512729	1.58118070
1003	1029	19	8	0.52723195	3.11208840
1003	1029	19	9	1.70052028	3.92695741
1003	1029	19	10	0.03321736	0.22905507
1003	1029	19	11	0.71031149	3.40144148
1003	1029	19	12	0.43253837	2.24007809
1003	1029	19	13	1.92648124	7.53786917
1003	1029	19	14	1.69807006	4.46297673
1003	1029	19	15	0.17222259	0.80535238
1003	1029	19	16	0.62403614	2.98016991
1003	1029	19	17	2.09101259	8.47417620
1003	1029	19	18	0.60960725	2.30483103
1003	1029	19	19	1.03876093	3.20789163
1003	1029	20	0	1.44307618	8.07667712
1003	1029	20	1	2.25620742	7.93208125
1003	1029	20	2	0.97820174	3.71149606
1003	1029	20	3	0.33853206	2.57945330
1003	1029	20	4	3.24931265	12.09522362
1003	1029	20	5	0.45877974	3.05487577
1003	1029	20	6	0.23956685	1.63307834
1003	1029	20	7	0.59663022	1.60360409
1003	1029	20	8	0.52715669	3.18697503
1003	1029	20	9	1.76509361	4.24428282
1003	1029	20	10	0.03036684	0.19326587
1003	1029	20	11	0.71381855	3.54246609
1003	1029	20	12	0.42606682	2.14164394
1003	1029	20	13	1.94443370	7.70961809
1003	1029	20	14	1.72342297	4.62233231
1003	1029	20	15	0.15718151	0.70875184
1003	1029	20	16	0.64028811	3.21491854
1003	1029	20	17	1.95649124	7.99654598
1003	1029	20	18	0.56631243	2.09364919
1003	1029	20	19	1.04691307	3.29112139
1003	1029	21	0	1.41583424	8.23849037
1003	1029	21	1	2.27758035	8.20315761
1003	1029	21	2	0.89298203	3.38457348
1003	1029	21	3	0.36328951	2.62000223
1003	1029	21	4	3.24304020	12.09551538
1003	1029	21	5	0.43019209	2.78407183
1003	1029	21	6	0.23671972	1.56200232
1003	1029	21	7	0.59986662	1.61940866
1003	1029	21	8	0.52828778	3.25090157
1003	1029	21	9	1.81716718	4.51440982
1003	1029	21	10	0.02825018	0.16540823
1003	1029	21	11	0.71757889	3.66339500
1003	1029	21	12	0.41985968	2.06007039
1003	1029	21	13	1.95739394	7.85933822
1003	1029	21	14	1.74327684	4.75209927
1003	1029	21	15	0.14555000	0.62935507
1003	1029	21	16	0.65316192	3.43525487
1003	1029	21	17	1.83213800	7.52917089
1003	1029	21	18	0.53184287	1.91437793
1003	1029	21	19	1.05310632	3.35771174
1003	1029	22	0	1.38051353	8.34739205
1003	1029	22	1	2.29399400	8.42776567
1003	1029	22	2	0.82045819	3.08739146
1003	1029	22	3	0.39068649	2.68062432
1003	1029	22	4	3.23173816	12.08945632
1003	1029	22	5	0.40820213	2.54935526
1003	1029	22	6	0.23309764	1.50159921
1003	1029	22	7	0.60614275	1.63272521
1003	1029	22	8	0.53096443	3.30666740
1003	1029	22	9	1.85904042	4.74146336
1003	1029	22	10	0.02670314	0.14382650
1003	1029	22	11	0.72247172	3.76784481
1003	1029	22	12	0.41284564	1.99162532
1003	1029	22	13	1.96530014	7.98716541
1003	1029	22	14	1.75872818	4.85697994
1003	1029	22	15	0.13669675	0.56482909
1003	1029	22	16	0.66319925	3.63968336
1003	1029	22	17	1.71798800	7.07911057
1003	1029	22	18	0.50497158	1.76447862
1003	1029	22	19	1.05779533	3.41066014
1003	1029	23	0	1.33779848	8.40369715
1003	1029	23	1	2.30647491	8.61257560
1003	1029	23	2	0.75921993	2.82218779
1003	1029	23	3	0.41962084	2.76164022
1003	1029	23	4	3.21330619	12.07372281
1003	1029	23	5	0.39186526	2.34870515
1003	1029	23	6	0.22824155	1.44906385
1003	1029	23	7	0.61648612	1.64749463
1003	1029	23	8	0.53534612	3.35700426
1003	1029	23	9	1.89264045	4.93041493
1003	1029	23	10	0.02561468	0.12719957
1003	1029	23	11	0.72915207	3.85970607
1003	1029	23	12	0.40422656	1.93238996
1003	1029	23	13	1.96810753	8.09314205
1003	1029	23	14	1.77063367	4.94115190
1003	1029	23	15	0.13014596	0.51298834
1003	1029	23	16	0.67083155	3.82744552
1003	1029	23	17	1.61393368	6.65131990
1003	1029	23	18	0.48470956	1.64108969
1003	1029	23	19	1.06132195	3.45252587
1003	1029	24	0	1.28869777	8.40835510
1003	1029	24	1	2.31580200	8.76361478
1003	1029	24	2	0.70783498	2.58900307
1003	1029	24	3	0.44901202	2.86223136
1003	1029	24	4	3.18604185	12.04378367
1003	1029	24	5	0.38046863	2.17963862
1003	1029	24	6	0.22191230	1.40166563
1003	1029	24	7	0.63159215	1.66725793
1003	1029	24	8	0.54139856	3.40440630
1003	1029	24	9	1.91955904	5.08641198
1003	1029	24	10	0.02491061	0.11449332
1003	1029	24	11	0.73801116	3.94287319
1003	1029	24	12	0.39352594	1.87857626
1003	1029	24	13	1.96582547	8.17725589
1003	1029	24	14	1.77965557	5.00820913
1003	1029	24	15	0.12554681	0.47190102
1003	1029	24	16	0.67639330	3.99831337
1003	1029	24	17	1.51978693	6.24914433
1003	1029	24	18	0.47028659	1.54137961
1003	1029	24	19	1.06394184	3.48544772
1003	1029	25	0	1.23451891	8.36317341
1003	1029	25	1	2.32256027	8.88618106
1003	1029	25	2	0.66494175	2.38643135
1003	1029	25	3	0.47789448	2.98059322
1003	1029	25	4	3.14880516	11.99462244
1003	1029	25	5	0.37349035	2.03955293
1003	1029	25	6	0.21408776	1.35695422
1003	1029	25	7	0.65179042	1.69496900
1003	1029	25	8	0.54891079	3.45097083
1003	1029	25	9	1.94109807	5.21438068
1003	1029	25	10	0.02454251	0.10491096
1003	1029	25	11	0.74916516	4.02098003
1003	1029	25	12	0.38059719	1.82681756
1003	1029	25	13	1.95855334	8.23950690
1003	1029	25	14	1.78630008	5.06116872
1003	1029	25	15	0.12264700	0.43992932
1003	1029	25	16	0.68013710	4.15242320
1003	1029	25	17	1.43532220	5.87472712
1003	1029	25	18	0.46112155	1.46275499
1003	1029	25	19	1.06584495	3.51118307
1003	1029	26	0	1.17678418	8.27098037
1003	1029	26	1	2.32718364	8.98483142
1003	1029	26	2	0.62929688	2.21219947
1003	1029	26	3	0.50548316	3.11416415
1003	1029	26	4	3.10110993	11.92143022
1003	1029	26	5	0.37056057	1.92594508
1003	1029	26	6	0.20493009	1.31292323
1003	1029	26	7	0.67703921	1.73284138
1003	1029	26	8	0.55754133	3.49827940
1003	1029	26	9	1.95831486	5.31881391
1003	1029	26	10	0.02448029	0.09784734
1003	1029	26	11	0.76247805	4.09716840
1003	1029	26	12	0.36558684	1.77439863
1003	1029	26	13	1.94650804	8.27999444
1003	1029	26	14	1.79094913	5.10251379
1003	1029	26	15	0.12127072	0.41572983
1003	1029	26	16	0.68224832	4.29014608
1003	1029	26	17	1.36030579	5.52933633
1003	1029	26	18	0.45678902	1.40296489
1003	1029	26	19	1.06717129	3.53115576
1003	1029	27	0	1.11710798	8.13567787
1003	1029	27	1	2.32998872	9.06341632
1003	1029	27	2	0.59979515	2.06359027
1003	1029	27	3	0.53120389	3.25989340
1003	1029	27	4	3.04313041	11.82020367
1003	1029	27	5	0.37142618	1.83653995
1003	1029	27	6	0.19473127	1.26811011
1003	1029	27	7	0.70695367	1.78224518
1003	1029	27	8	0.56688130	3.54734216
1003	1029	27	9	1.97206376	5.40367934
1003	1029	27	10	0.02470703	0.09284953
1003	1029	27	11	0.77761465	4.17391830
1003	1029	27	12	0.34886208	1.71939437
1003	1029	27	13	1.93003674	8.29901163
1003	1029	27	14	1.79388616	5.13425324
1003	1029	27	15	0.12130054	0.39823174
1003	1029	27	16	0.68285873	4.41199001
1003	1029	27	17	1.29451497	5.21362197
1003	1029	27	18	0.45698567	1.36013452
1003	1029	27	19	1.06802289	3.54650555
1003	1029	28	0	1.05706473	7.96216320
1003	1029	28	1	2.33120127	9.12513915
1003	1029	28	2	0.57547270	1.93773683
1003	1029	28	3	0.55469174	3.41450849
1003	1029	28	4	2.97562941	11.68818910
1003	1029	28	5	0.37591958	1.76935269
1003	1029	28	6	0.18385052	1.22162248
1003	1029	28	7	0.74086628	1.84366937
1003	1029	28	8	0.57651791	3.59861356
1003	1029	28	9	1.98303246	5.47240146
1003	1029	28	10	0.02521532	0.08958413
1003	1029	28	11	0.79411149	4.25295945
1003	1029	28	12	0.33092171	1.66070317
1003	1029	28	13	1.90961184	8.29713052
1003	1029	28	14	1.79531700	5.15798681
1003	1029	28	15	0.12266272	0.38660425
1003	1029	28	16	0.68205862	4.51852836
1003	1029	28	17	1.23774931	4.92781429
1003	1029	28	18	0.46149839	1.33275341
1003	1029	28	19	1.06847295	3.55813471
1003	1029	29	0	0.99807494	7.75613119
1003	1029	29	1	2.33097704	9.17262741
1003	1029	29	2	0.55550090	1.83181652
1003	1029	29	3	0.57576646	3.57475000
1003	1029	29	4	2.89982917	11.52413531
1003	1029	29	5	0.38393137	1.72270490
1003	1029	29	6	0.17265739	1.17309695
1003	1029	29	7	0.77791123	1.91675832
1003	1029	29	8	0.58608457	3.65206922
1003	1029	29	9	1.99177281	5.52788624
1003	1029	29	10	0.02600466	0.08781078
1003	1029	29	11	0.81145043	4.33526861
1003	1029	29	12	0.31231014	1.59798336
1003	1029	29	13	1.88580923	8.27526242
1003	1029	29	14	1.79538668	5.17496852
1003	1029	29	15	0.12531523	0.38022015
1003	1029	29	16	0.67990752	4.61034993
1003	1029	29	17	1.18983611	4.67187330
1003	1029	29	18	0.47017492	1.31963589
1003	1029	29	19	1.06857277	3.56674997
1003	1029	30	0	0.94132637	7.52379377
1003	1029	30	1	2.32941807	9.20800673
1003	1029	30	2	0.53917539	1.74317062
1003	1029	30	3	0.59439608	3.73755484
1003	1029	30	4	2.81725470	11.32834942
1003	1029	30	5	0.39538615	1.69520960
1003	1029	30	6	0.16148909	1.12260877
1003	1029	30	7	0.81711908	2.00041939
1003	1029	30	8	0.59529060	3.70732170
1003	1029	30	9	1.99872662	5.57256793
1003	1029	30	10	0.02707940	0.08736101
1003	1029	30	11	0.82912183	4.42114092
1003	1029	30	12	0.29354881	1.53151864
1003	1029	30	13	1.85927456	8.23468236
1003	1029	30	14	1.79419292	5.18616507
1003	1029	30	15	0.12923771	0.37861955
1003	1029	30	16	0.67644363	4.68802612
1003	1029	30	17	1.15063111	4.44559845
1003	1029	30	18	0.48289707	1.31986628
1003	1029	30	19	1.06835704	3.57289883
1003	1029	31	0	0.88773565	7.27156518
1003	1029	31	1	2.32658581	9.23297284
1003	1029	31	2	0.52590296	1.66937099
1003	1029	31	3	0.61065744	3.90018179
1003	1029	31	4	2.72957781	11.10258110
1003	1029	31	5	0.41022103	1.68573567
1003	1029	31	6	0.15062504	1.07055611
1003	1029	31	7	0.85750716	2.09298626
1003	1029	31	8	0.60393105	3.76374921
1003	1029	31	9	2.00424677	5.60846517
1003	1029	31	10	0.02844714	0.08812149
1003	1029	31	11	0.84667019	4.51031250
1003	1029	31	12	0.27509086	1.46204693
1003	1029	31	13	1.83068448	8.17701422
1003	1029	31	14	1.79179734	5.19230759
1003	1029	31	15	0.13442284	0.38147569
1003	1029	31	16	0.67169234	4.75209189
1003	1029	31	17	1.12001524	4.24870572
1003	1029	31	18	0.49955648	1.33273677
1003	1029	31	19	1.06784791	3.57700041
1003	1029	32	0	0.83794518	7.00575875
1003	1029	32	1	2.32251179	9.24885851
1003	1029	32	2	0.51518807	1.60825010
1003	1029	32	3	0.62469983	4.06028314
1003	1029	32	4	2.63848256	10.84978182
1003	1029	32	5	0.42836627	1.69335925
1003	1029	32	6	0.14027662	1.01754082
1003	1029	32	7	0.89815423	2.19241347
1003	1029	32	8	0.61188171	3.82061537
1003	1029	32	9	2.00861461	5.63723845
1003	1029	32	10	0.03011726	0.09002060
1003	1029	32	11	0.86372034	4.60210812
1003	1029	32	12	0.25729835	1.39058437
1003	1029	32	13	1.80070912	8.10418050
1003	1029	32	14	1.78823464	5.19393675
1003	1029	32	15	0.14086869	0.38856360
1003	1029	32	16	0.66567386	4.80303772
1003	1029	32	17	1.09788775	4.08087808
1003	1029	32	18	0.52003279	1.35768327
1003	1029	32	19	1.06705823	3.57937112
1003	1029	33	0	0.79234588	6.73232869
1003	1029	33	1	2.31720679	9.25669453
1003	1029	33	2	0.50661978	1.55790711
1003	1029	33	3	0.63671474	4.21593168
1003	1029	33	4	2.54556276	10.57379426
1003	1029	33	5	0.44972770	1.71730735
1003	1029	33	6	0.13058832	0.96426164
1003	1029	33	7	0.93825316	2.29647519
1003	1029	33	8	0.61908543	3.87716663
1003	1029	33	9	2.01205398	5.66024474
1003	1029	33	10	0.03209945	0.09301769
1003	1029	33	11	0.87998702	4.69559039
1003	1029	33	12	0.24043698	1.31826828
1003	1029	33	13	1.76998082	8.01832631
1003	1029	33	14	1.78352080	5.19144152
1003	1029	33	15	0.14857157	0.39973145
1003	1029	33	16	0.65841043	4.84131022
1003	1029	33	17	1.08415626	3.94179389
1003	1029	33	18	0.54417429	1.39422221
1003	1029	33	19	1.06599408	3.58024599
1003	1029	34	0	0.75111484	6.45667556
1003	1029	34	1	2.31066894	9.25726445
1003	1029	34	2	0.49985971	1.51669861
1003	1029	34	3	0.64691263	4.36561433
1003	1029	34	4	2.45225388	10.27902274
1003	1029	34	5	0.47417141	1.75689745
1003	1029	34	6	0.12164555	0.91142888
1003	1029	34	7	0.97714051	2.40294468
1003	1029	34	8	0.62553553	3.93270182
1003	1029	34	9	2.01474257	5.67858687
1003	1029	34	10	0.03440229	0.09709405
1003	1029	34	11	0.89527221	4.78969355
1003	1029	34	12	0.22468265	1.24623213
1003	1029	34	13	1.73907150	7.92172971
1003	1029	34	14	1.77766035	5.18509274
1003	1029	34	15	0.15751931	0.41487439
1003	1029	34	16	0.64993283	4.86731992
1003	1029	34	17	1.07872400	3.83113661
1003	1029	34	18	0.57178161	1.44189052
1003	1029	34	19	1.06465703	3.57979612
1003	1029	35	0	0.71425899	6.18352028
1003	1029	35	1	2.30289126	9.25115389
1003	1029	35	2	0.49463124	1.48322077
1003	1029	35	3	0.65550630	4.50820326
1003	1029	35	4	2.35979528	9.97012389
1003	1029	35	5	0.50151105	1.81147612
1003	1029	35	6	0.11348561	0.85970315
1003	1029	35	7	1.01430602	2.50973825
1003	1029	35	8	0.63125984	3.98661503
1003	1029	35	9	2.01682112	5.69315694
1003	1029	35	10	0.03703167	0.10224518
1003	1029	35	11	0.90945512	4.88333219
1003	1029	35	12	0.21013428	1.17551659
1003	1029	35	13	1.70847910	7.81671041
1003	1029	35	14	1.77065325	5.17507240
1003	1029	35	15	0.16768500	0.43391043
1003	1029	35	16	0.64028631	4.88145447
1003	1029	35	17	1.08147474	3.74858884
1003	1029	35	18	0.60259518	1.50019067
1003	1029	35	19	1.06304598	3.57814320
1003	1029	36	0	0.68165828	5.91684180
1003	1029	36	1	2.29386893	9.23879492
1003	1029	36	2	0.49070983	1.45628673
1003	1029	36	3	0.66269993	4.64291373
1003	1029	36	4	2.26921679	9.65174291
1003	1029	36	5	0.53149891	1.88035963
1003	1029	36	6	0.10610928	0.80965671
1003	1029	36	7	1.04938686	2.61501669
1003	1029	36	8	0.63630731	4.03841620
1003	1029	36	9	2.01840074	5.70467352
1003	1029	36	10	0.03998922	0.10847384
1003	1029	36	11	0.92247868	4.97548179
1003	1029	36	12	0.19682907	1.10701460
1003	1029	36	13	1.67862204	7.70554603
1003	1029	36	14	1.76250143	5.16149971
1003	1029	36	15	0.17902139	0.45675802
1003	1029	36	16	0.62953549	4.88409616
1003	1029	36	17	1.09225648	3.69381322
1003	1029	36	18	0.63628751	1.56854272
1003	1029	36	19	1.06115903	3.57537158
1003	1029	37	0	0.65310456	5.65986777
1003	1029	37	1	2.28360610	9.22050665
1003	1029	37	2	0.48791458	1.43490245
1003	1029	37	3	0.66868234	4.76925583
1003	1029	37	4	2.18134226	9.32830699
1003	1029	37	5	0.56382153	1.96277982
1003	1029	37	6	0.09949130	0.76175373
1003	1029	37	7	1.08215213	2.71724409
1003	1029	37	8	0.64073777	4.08773548
1003	1029	37	9	2.01956891	5.71371324
1003	1029	37	10	0.04327066	0.11578355
1003	1029	37	11	0.93433524	5.06523221
1003	1029	37	12	0.18475752	1.04144463
1003	1029	37	13	1.64983997	7.59040244
1003	1029	37	14	1.75321507	5.14445469
1003	1029	37	15	0.19145637	0.48331556
1003	1029	37	16	0.61776808	4.87564196
1003	1029	37	17	1.11086478	3.66642260
1003	1029	37	18	0.67246133	1.64624579
1003	1029	37	19	1.05899509	3.57153859
1003	1029	38	0	0.62833435	5.41510572
1003	1029	38	1	2.27212251	9.19653248
1003	1029	38	2	0.48610089	1.41824258
1003	1029	38	3	0.67362356	4.88698507
1003	1029	38	4	2.09680423	9.00387794
1003	1029	38	5	0.59810095	2.05783856
1003	1029	38	6	0.09358932	0.71634484
1003	1029	38	7	1.11248217	2.81520999
1003	1029	38	8	0.64461486	4.13431662
1003	1029	38	9	2.02039422	5.72073706
1003	1029	38	10	0.04686442	0.12417254
1003	1029	38	11	0.94505338	5.15181798
1003	1029	38	12	0.17387683	0.97934537
1003	1029	38	13	1.62239882	7.47328093
1003	1029	38	14	1.74281848	5.12399998
1003	1029	38	15	0.20488993	0.51344330
1003	1029	38	16	0.60509672	4.85652469
1003	1029	38	17	1.13702735	3.66594277
1003	1029	38	18	0.71065398	1.73245130
1003	1029	38	19	1.05655552	3.56668339
1003	1029	39	0	0.60705489	5.18440187
1003	1029	39	1	2.25945930	9.16707465
1003	1029	39	2	0.48515400	1.40562736
1003	1029	39	3	0.67767354	4.99605523
1003	1029	39	4	2.01606462	8.68205905
1003	1029	39	5	0.63390161	2.16447421
1003	1029	39	6	0.08835092	0.67367162
1003	1029	39	7	1.14034645	2.90802266
1003	1029	39	8	0.64800125	4.17800423
1003	1029	39	9	2.02093024	5.72611218
1003	1029	39	10	0.05075038	0.13362797
1003	1029	39	11	0.95468656	5.23463035
1003	1029	39	12	0.16412209	0.92108499
1003	1029	39	13	1.59649862	7.35598285
1003	1029	39	14	1.73135521	5.10020092
1003	1029	39	15	0.21919307	0.54694808
1003	1029	39	16	0.59165903	4.82723327
1003	1029	39	17	1.17039121	3.69177095
1003	1029	39	18	0.75034827	1.82615023
1003	1029	39	19	1.05384559	3.56083483
1003	1029	40	0	0.58896399	4.96901682
1003	1029	40	1	2.24568382	9.13232590
1003	1029	40	2	0.48498329	1.39650131
1003	1029	40	3	0.68096239	5.09657538
1003	1029	40	4	1.93943798	8.36594760
1003	1029	40	5	0.67074281	2.28144317
1003	1029	40	6	0.08371884	0.63387726
1003	1029	40	7	1.16578231	2.99508285
1003	1029	40	8	0.65095596	4.21872819
1003	1029	40	9	2.02121867	5.73013004
1003	1029	40	10	0.05489913	0.14412075
1003	1029	40	11	0.96330386	5.31321590
1003	1029	40	12	0.15541509	0.86687951
1003	1029	40	13	1.57228241	7.24009027
1003	1029	40	14	1.71889226	5.07314385
1003	1029	40	15	0.23420893	0.58357226
1003	1029	40	16	0.57761535	4.78833038
1003	1029	40	17	1.21051404	3.74313410
1003	1029	40	18	0.79098873	1.92617569
1003	1029	40	19	1.05087580	3.55401845
1003	1029	41	0	0.57376436	4.76970898
1003	1029	41	1	2.23089310	9.09249811
1003	1029	41	2	0.48551733	1.39041367
1003	1029	41	3	0.68360151	5.18877212
1003	1029	41	4	1.86711488	8.05812341
1003	1029	41	5	0.70811552	2.40731810
1003	1029	41	6	0.07963478	0.59702047
1003	1029	41	7	1.18887613	3.07604569
1003	1029	41	8	0.65353285	4.25648759
1003	1029	41	9	2.02129189	5.73302111
1003	1029	41	10	0.05927176	0.15560116
1003	1029	41	11	0.97098287	5.38726616
1003	1029	41	12	0.14767111	0.81681552
1003	1029	41	13	1.54984555	7.12695998
1003	1029	41	14	1.70552286	5.04295239
1003	1029	41	15	0.24975620	0.62298731
1003	1029	41	16	0.56314463	4.74046554
1003	1029	41	17	1.25686071	3.81905119
1003	1029	41	18	0.83200184	2.03122086
1003	1029	41	19	1.04766292	3.54626267
1003	1029	42	0	0.56117336	4.58681919
1003	1029	42	1	2.21521539	9.04784714
1003	1029	42	2	0.48669941	1.38700075
1003	1029	42	3	0.68568515	5.27295725
1003	1029	42	4	1.79918408	7.76066390
1003	1029	42	5	0.74550196	2.54050354
1003	1029	42	6	0.07604195	0.56309050
1003	1029	42	7	1.20974739	3.15077759
1003	1029	42	8	0.65578009	4.29133551
1003	1029	42	9	2.02117508	5.73496709
1003	1029	42	10	0.06382027	0.16799555
1003	1029	42	11	0.97780442	5.45660192
1003	1029	42	12	0.14080371	0.77087436
1003	1029	42	13	1.52924438	7.01772830
1003	1029	42	14	1.69136759	5.00980074
1003	1029	42	15	0.26563460	0.66479305
1003	1029	42	16	0.54843849	4.68438236
1003	1029	42	17	1.30880569	3.91830340
1003	1029	42	18	0.87281814	2.13987079
1003	1029	42	19	1.04423076	3.53760421
1003	1029	43	0	0.55092903	4.42035156
1003	1029	43	1	2.19880975	8.99869309
1003	1029	43	2	0.48848362	1.38597004
1003	1029	43	3	0.68729231	5.34950079
1003	1029	43	4	1.73565252	7.47517721
1003	1029	43	5	0.78239585	2.67926728
1003	1029	43	6	0.07288666	0.53202182
1003	1029	43	7	1.22853587	3.21931285
1003	1029	43	8	0.65774016	4.32336549
1003	1029	43	9	2.02088797	5.73611082
1003	1029	43	10	0.06848869	0.18120444
1003	1029	43	11	0.98384881	5.52115475
1003	1029	43	12	0.13472821	0.72895538
1003	1029	43	13	1.51050419	6.91332339
1003	1029	43	14	1.67657360	4.97392362
1003	1029	43	15	0.28163201	0.70852262
1003	1029	43	16	0.53369429	4.62091897
1003	1029	43	17	1.36564130	4.03941584
1003	1029	43	18	0.91289381	2.25064495
1003	1029	43	19	1.04061039	3.52809268
1003	1029	44	0	0.54279335	4.27004759
1003	1029	44	1	2.18186338	8.94543499
1003	1029	44	2	0.49083124	1.38708598
1003	1029	44	3	0.68848864	5.41880905
1003	1029	44	4	1.67646299	7.20284645
1003	1029	44	5	0.81832139	2.82178451
1003	1029	44	6	0.07011928	0.50370772
1003	1029	44	7	1.24539170	3.28181311
1003	1029	44	8	0.65945013	4.35269994
1003	1029	44	9	2.02044629	5.73656459
1003	1029	44	10	0.07321475	0.19510235
1003	1029	44	11	0.98919331	5.58094800
1003	1029	44	12	0.12936388	0.69089708
1003	1029	44	13	1.49362591	6.81448259
1003	1029	44	14	1.66131191	4.93562197
1003	1029	44	15	0.29753250	0.75365286
1003	1029	44	16	0.51910774	4.55100134
1003	1029	44	17	1.42659120	4.18065299
1003	1029	44	18	0.95172982	2.36204624
1003	1029	44	19	1.03684004	3.51779396
1003	1029	45	0	0.53655319	4.13545176
1003	1029	45	1	2.16458704	8.88855922
1003	1029	45	2	0.49370767	1.39015713
1003	1029	45	3	0.68932831	5.48130701
1003	1029	45	4	1.62150916	6.94447968
1003	1029	45	5	0.85284920	2.96619047
1003	1029	45	6	0.06769464	0.47801212
1003	1029	45	7	1.26046793	3.33853158
1003	1029	45	8	0.66094217	4.37948058
1003	1029	45	9	2.01986302	5.73641684
1003	1029	45	10	0.07793212	0.20953935
1003	1029	45	11	0.99391056	5.63607838
1003	1029	45	12	0.12463532	0.65649553
1003	1029	45	13	1.47859173	6.72177255
1003	1029	45	14	1.64577302	4.89526401
1003	1029	45	15	0.31312456	0.79961931
1003	1029	45	16	0.50486577	4.47563021
1003	1029	45	17	1.49082804	4.34002906
1003	1029	45	18	0.98888689	2.47261166
1003	1029	45	19	1.03296439	3.50679256
1003	1029	46	0	0.53201981	4.01596770
1003	1029	46	1	2.14720861	8.82864119
1003	1029	46	2	0.49707958	1.39502476
1003	1029	46	3	0.68985583	5.53742478
1003	1029	46	4	1.57064841	6.70056161
1003	1029	46	5	0.88560808	3.11063635
1003	1029	46	6	0.06557216	0.45477968
1003	1029	46	7	1.27391524	3.38978285
1003	1029	46	8	0.66224404	4.40386066
1003	1029	46	9	2.01914942	5.73573786
1003	1029	46	10	0.08257293	0.22434434
1003	1029	46	11	0.99806769	5.68669903
1003	1029	46	12	0.12047319	0.62551972
1003	1029	46	13	1.46536950	6.63561020
1003	1029	46	14	1.63016103	4.85328150
1003	1029	46	15	0.32820869	0.84583441
1003	1029	46	16	0.49114041	4.39586254
1003	1029	46	17	1.55749360	4.51533283
1003	1029	46	18	1.02399543	2.58095995
1003	1029	46	19	1.02903346	3.49519249
1003	1029	47	0	0.52902713	3.91090490
1003	1029	47	1	2.12996553	8.76634017
1003	1029	47	2	0.50091260	1.40155262
1003	1029	47	3	0.69010761	5.58758723
1003	1029	47	4	1.52371231	6.47130411
1003	1029	47	5	0.91629205	3.25334369
1003	1029	47	6	0.06371569	0.43384400
1003	1029	47	7	1.28587829	3.43591822
1003	1029	47	8	0.66337964	4.42599894
1003	1029	47	9	2.01831593	5.73458444
1003	1029	47	10	0.08707034	0.23932990
1003	1029	47	11	1.00172591	5.73300462
1003	1029	47	12	0.11681447	0.59772408
1003	1029	47	13	1.45391608	6.55628325
1003	1029	47	14	1.61468685	4.81016145
1003	1029	47	15	0.34260385	0.89170724
1003	1029	47	16	0.47808389	4.31278924
1003	1029	47	17	1.62571997	4.70416511
1003	1029	47	18	1.05676030	2.68583214
1003	1029	47	19	1.02510110	3.48311679
1003	1029	48	0	0.52742925	3.81951631
1003	1029	48	1	2.11309658	8.70238791
1003	1029	48	2	0.50516932	1.40961803
1003	1029	48	3	0.69011354	5.63220660
1003	1029	48	4	1.48051527	6.25669368
1003	1029	48	5	0.94466288	3.39265278
1003	1029	48	6	0.06209330	0.41503423
1003	1029	48	7	1.29649335	3.47730639
1003	1029	48	8	0.66436952	4.44605499
1003	1029	48	9	2.01737283	5.73300380
1003	1029	48	10	0.09136104	0.25429822
1003	1029	48	11	1.00494049	5.77521843
1003	1029	48	12	0.11360239	0.57285819
1003	1029	48	13	1.44417972	6.48396932
1003	1029	48	14	1.59956095	4.76643385
1003	1029	48	15	0.35615229	0.93666309
1003	1029	48	16	0.46582542	4.22751094
1003	1029	48	17	1.69465011	4.90398601
1003	1029	48	18	1.08696079	2.78612244
1003	1029	48	19	1.02122313	3.47070571
1003	1029	49	0	0.52709751	3.74102749
1003	1029	49	1	2.09683367	8.63757179
1003	1029	49	2	0.50980786	1.41910401
1003	1029	49	3	0.68989833	5.67167739
1003	1029	49	4	1.44086149	6.05653490
1003	1029	49	5	0.97054858	3.52706206
1003	1029	49	6	0.06067693	0.39818005
1003	1029	49	7	1.30588706	3.51431883
1003	1029	49	8	0.66523136	4.46418577
1003	1029	49	9	2.01633087	5.73103681
1003	1029	49	10	0.09538742	0.26904780
1003	1029	49	11	1.00776090	5.81358165
1003	1029	49	12	0.11078625	0.55067426
1003	1029	49	13	1.43610164	6.41875291
1003	1029	49	14	1.58498634	4.72265645
1003	1029	49	15	0.36872265	0.98016131
1003	1029	49	16	0.45446950	4.14111374
1003	1029	49	17	1.76345674	5.11216851
1003	1029	49	18	1.11444675	2.88089817
1003	1029	49	19	1.01745548	3.45811353
1003	1029	50	0	0.52791729	3.67465819
1003	1029	50	1	2.08139411	8.57271402
1003	1029	50	2	0.51478079	1.42989284
1003	1029	50	3	0.68948272	5.70637324
1003	1029	50	4	1.40455046	5.87048903
1003	1029	50	5	0.99383896	3.65525662
1003	1029	50	6	0.05944200	0.38311548
1003	1029	50	7	1.31417575	3.54731906
1003	1029	50	8	0.66598031	4.48054305
1003	1029	50	9	2.01520163	5.72872069
1003	1029	50	10	0.09909935	0.28338020
1003	1029	50	11	1.01023119	5.84834456
1003	1029	50	12	0.10832097	0.53093252
1003	1029	50	13	1.42961693	6.36064007
1003	1029	50	14	1.57115205	4.67939772
1003	1029	50	15	0.38021131	1.02171037
1003	1029	50	16	0.44409569	4.05464633
1003	1029	50	17	1.83135851	5.32605458
1003	1029	50	18	1.13913196	2.96940863
1003	1029	50	19	1.01385213	3.44550452
1003	1029	51	0	0.52978483	3.61963732
1003	1029	51	1	2.06697400	8.50864840
1003	1029	51	2	0.52003469	1.44186077
1003	1029	51	3	0.68888458	5.73664536
1003	1029	51	4	1.37138126	5.69810780
1003	1029	51	5	1.01447904	3.77612537
1003	1029	51	6	0.05836709	0.36968156
1003	1029	51	7	1.32146538	3.57665529
1003	1029	51	8	0.66662942	4.49527173
1003	1029	51	9	2.01399787	5.72609115
1003	1029	51	10	0.10245540	0.29710667
1003	1029	51	11	1.01239035	5.87975962
1003	1029	51	12	0.10616667	0.51340494
1003	1029	51	13	1.42465505	6.30957055
1003	1029	51	14	1.55822763	4.63721913
1003	1029	51	15	0.39054239	1.06087920
1003	1029	51	16	0.43475949	3.96910000
1003	1029	51	17	1.89763301	5.54301052
1003	1029	51	18	1.16098579	3.05108423
1003	1029	51	19	1.01046332	3.43304799
1003	1029	52	0	0.53260405	3.57521235
1003	1029	52	1	2.05374279	8.44619612
1003	1029	52	2	0.52551016	1.45487416
1003	1029	52	3	0.68811986	5.76282224
1003	1029	52	4	1.34115579	5.53886244
1003	1029	52	5	1.03246152	3.88876760
1003	1029	52	6	0.05743355	0.35772812
1003	1029	52	7	1.32785189	3.60265557
1003	1029	52	8	0.66718993	4.50850869
1003	1029	52	9	2.01273363	5.72318405
1003	1029	52	10	0.10542363	0.31005386
1003	1029	52	11	1.01427279	5.90807602
1003	1029	52	12	0.10428822	0.49787767
1003	1029	52	13	1.42113995	6.26542757
1003	1029	52	14	1.54635883	4.59665817
1003	1029	52	15	0.39966644	1.09730473
1003	1029	52	16	0.42649419	3.88539204
1003	1029	52	17	1.96162670	5.76047855
1003	1029	52	18	1.18002436	3.12552761
1003	1029	52	19	1.00733387	3.42091306
1003	1029	53	0	0.53628380	3.54065407
1003	1029	53	1	2.04183939	8.38614232
1003	1029	53	2	0.53114227	1.46878694
1003	1029	53	3	0.68720343	5.78521040
1003	1029	53	4	1.31368125	5.39216812
1003	1029	53	5	1.04781900	3.99249042
1003	1029	53	6	0.05662516	0.34711492
1003	1029	53	7	1.33342167	3.62562505
1003	1029	53	8	0.66767152	4.52038216
1003	1029	53	9	2.01142425	5.72003668
1003	1029	53	10	0.10798188	0.32206874
1003	1029	53	11	1.01590878	5.93353564
1003	1029	53	12	0.10265474	0.48415244
1003	1029	53	13	1.41899006	6.22804549
1003	1029	53	14	1.53566456	4.55821275
1003	1029	53	15	0.40755847	1.13069562
1003	1029	53	16	0.41931304	3.80435321
1003	1029	53	17	2.02276157	5.97602262
1003	1029	53	18	1.19630175	3.19249902
1003	1029	53	19	1.00450191	3.40926331
1003	1029	54	0	0.54073531	3.51525778
1003	1029	54	1	2.03136971	8.32921455
1003	1029	54	2	0.53686157	1.48343949
1003	1029	54	3	0.68614975	5.80409581
1003	1029	54	4	1.28877181	5.25740431
1003	1029	54	5	1.06061660	4.08679901
1003	1029	54	6	0.05592783	0.33771216
1003	1029	54	7	1.33825229	3.64584476
1003	1029	54	8	0.66808258	4.53101140
1003	1029	54	9	2.01008621	5.71668853
1003	1029	54	10	0.11011765	0.33302219
1003	1029	54	11	1.01732495	5.95637018
1003	1029	54	12	0.10123911	0.47204705
1003	1029	54	13	1.41811825	6.19721565
1003	1029	54	14	1.52623506	4.52232800
1003	1029	54	15	0.41421544	1.16083280
1003	1029	54	16	0.41321183	3.72671901
1003	1029	54	17	2.08053920	6.18736710
1003	1029	54	18	1.20990209	3.25189818
1003	1029	54	19	1.00199782	3.39825168
1003	1029	55	0	0.54587021	3.49834179
1003	1029	55	1	2.02240561	8.27606420
1003	1029	55	2	0.54259540	1.49865886
1003	1029	55	3	0.68497346	5.81974586
1003	1029	55	4	1.26624984	5.13393135
1003	1029	55	5	1.07094542	4.17138187
1003	1029	55	6	0.05532932	0.32940065
1003	1029	55	7	1.34241327	3.66357151
1003	1029	55	8	0.66843039	4.54050673
1003	1029	55	9	2.00873697	5.71318166
1003	1029	55	10	0.11182765	0.34281150
1003	1029	55	11	1.01854462	5.97679914
1003	1029	55	12	0.10001757	0.46139542
1003	1029	55	13	1.41843189	6.17269084
1003	1029	55	14	1.51813128	4.48938585
1003	1029	55	15	0.41965362	1.18756729
1003	1029	55	16	0.40817134	3.65312464
1003	1029	55	17	2.13454248	6.39242771
1003	1029	55	18	1.22093268	3.30374464
1003	1029	55	19	0.99984370	3.38801600
1003	1029	56	0	0.55159904	3.48924421
1003	1029	56	1	2.01498509	8.22725147
1003	1029	56	2	0.54826955	1.51426026
1003	1029	56	3	0.68368978	5.83241170
1003	1029	56	4	1.24594650	5.02110373
1003	1029	56	5	1.07891700	4.24609296
1003	1029	56	6	0.05481895	0.32207164
1003	1029	56	7	1.34596691	3.67903860
1003	1029	56	8	0.66872129	4.54896971
1003	1029	56	9	2.00739454	5.70956078
1003	1029	56	10	0.11311718	0.35136162
1003	1029	56	11	1.01958834	5.99502866
1003	1029	56	12	0.09896928	0.45204703
1003	1029	56	13	1.41983308	6.15418878
1003	1029	56	14	1.51138527	4.45969749
1003	1029	56	15	0.42390595	1.21081611
1003	1029	56	16	0.40415970	3.58410311
1003	1029	56	17	2.18443541	6.58933483
1003	1029	56	18	1.22951834	3.34815828
1003	1029	56	19	0.99805305	3.37867508
1003	1029	57	0	0.55783032	3.48731868
1003	1029	57	1	2.00911358	8.18323440
1003	1029	57	2	0.55381012	1.53004968
1003	1029	57	3	0.68231481	5.84233069
1003	1029	57	4	1.22770215	4.91828055
1003	1029	57	5	1.08465886	4.31093269
1003	1029	57	6	0.05438743	0.31562638
1003	1029	57	7	1.34896914	3.69245716
1003	1029	57	8	0.66896087	4.55649350
1003	1029	57	9	2.00607711	5.70587286
1003	1029	57	10	0.11399925	0.35862542
1003	1029	57	11	1.02047414	6.01125089
1003	1029	57	12	0.09807594	0.44386623
1003	1029	57	13	1.42221910	6.14139498
1003	1029	57	14	1.50600136	4.43349886
1003	1029	57	15	0.42701956	1.23055690
1003	1029	57	16	0.40113451	3.52008594
1003	1029	57	17	2.22996157	6.77644954
1003	1029	57	18	1.23579710	3.38534115
1003	1029	57	19	0.99663090	3.37032589
1003	1029	58	0	0.56447016	3.49192990
1003	1029	58	1	2.00476609	8.14436180
1003	1029	58	2	0.55914550	1.54582742
1003	1029	58	3	0.68086564	5.84972883
1003	1029	58	4	1.21136633	4.82483339
1003	1029	58	5	1.08831095	4.36602886
1003	1029	58	6	0.05402659	0.30997561
1003	1029	58	7	1.35147030	3.70401773
1003	1029	58	8	0.66915404	4.56316326
1003	1029	58	9	2.00480256	5.70216650
1003	1029	58	10	0.11449363	0.36458295
1003	1029	58	11	1.02121798	6.02564387
1003	1029	58	12	0.09732146	0.43673121
1003	1029	58	13	1.42548309	6.13396546
1003	1029	58	14	1.50195812	4.41094891
1003	1029	58	15	0.42905350	1.24682191
1003	1029	58	16	0.39904463	3.46140588
1003	1029	58	17	2.27094136	6.95237329
1003	1029	58	18	1.23991685	3.41556134
1003	1029	58	19	0.99557415	3.36304150
1003	1029	59	0	0.57142242	3.50244943
1003	1029	59	1	2.00189010	8.11087020
1003	1029	59	2	0.56420829	1.56139240
1003	1029	59	3	0.67936041	5.85482317
1003	1029	59	4	1.19679756	4.74015221
1003	1029	59	5	1.09002302	4.41161873
1003	1029	59	6	0.05372925	0.30503888
1003	1029	59	7	1.35351598	3.71389224
1003	1029	59	8	0.66930522	4.56905674
1003	1029	59	9	2.00358794	5.69849109
1003	1029	59	10	0.11462580	0.36924005
1003	1029	59	11	1.02183397	6.03837178
1003	1029	59	12	0.09669160	0.43053294
1003	1029	59	13	1.42951501	6.13152944
1003	1029	59	14	1.49921078	4.39213034
1003	1029	59	15	0.43007672	1.25969167
1003	1029	59	16	0.39783177	3.40830109
1003	1029	59	17	2.30726851	7.11595184
1003	1029	59	18	1.24203294	3.43913935
1003	1029	59	19	0.99487226	3.35687016
1003	1029	60	0	0.57858939	3.51825244
1003	1029	60	1	2.00040893	8.08288442
1003	1029	60	2	0.56893717	1.57654683
1003	1029	60	3	0.67781817	5.85782376
1003	1029	60	4	1.18386300	4.66364933
1003	1029	60	5	1.08995247	4.44803262
1003	1029	60	6	0.05348905	0.30074388
1003	1029	60	7	1.35514768	3.72223587
1003	1029	60	8	0.66941839	4.57424477
1003	1029	60	9	2.00244903	5.69489565
1003	1029	60	10	0.11442589	0.37262629
1003	1029	60	11	1.02233472	6.04958546
1003	1029	60	12	0.09617376	0.42517402
1003	1029	60	13	1.43420277	6.13369241
1003	1029	60	14	1.49769406	4.37705256
1003	1029	60	15	0.43016625	1.26928878
1003	1029	60	16	0.39743183	3.36092030
1003	1029	60	17	2.33890591	7.26627458
1003	1029	60	18	1.24230653	3.45643693
1003	1029	60	19	0.99450808	3.35183518
1003	1029	61	0	0.58587281	3.53871547
1003	1029	61	1	2.00022557	8.06042136
1003	1029	61	2	0.57327854	1.59110119
1003	1029	61	3	0.67625863	5.85893548
1003	1029	61	4	1.17243789	4.59476211
1003	1029	61	5	1.08826273	4.47567938
1003	1029	61	6	0.05330027	0.29702567
1003	1029	61	7	1.35640353	3.72918914
1003	1029	61	8	0.66949721	4.57879190
1003	1029	61	9	2.00139984	5.69142772
1003	1029	61	10	0.11392762	0.37479247
1003	1029	61	11	1.02273156	6.05942310
1003	1029	61	12	0.09575664	0.42056748
1003	1029	61	13	1.43943354	6.14003963
1003	1029	61	14	1.49732536	4.36565648
1003	1029	61	15	0.42940547	1.27577195
1003	1029	61	16	0.39777604	3.31932873
1003	1029	61	17	2.36588081	7.40266976
1003	1029	61	18	1.24090325	3.46784814
1003	1029	61	19	0.99445882	3.34793579
1003	1029	62	0	0.59317523	3.56321571
1003	1029	62	1	2.00122668	8.04339669
1003	1029	62	2	0.57718783	1.60487898
1003	1029	62	3	0.67470187	5.85835923
1003	1029	62	4	1.16240504	4.53295427
1003	1029	62	5	1.08512177	4.49503364
1003	1029	62	6	0.05315777	0.29382595
1003	1029	62	7	1.35731888	3.73487978
1003	1029	62	8	0.66954504	4.58275691
1003	1029	62	9	2.00045223	5.68813212
1003	1029	62	10	0.11316718	0.37580778
1003	1029	62	11	1.02303475	6.06801109
1003	1029	62	12	0.09543010	0.41663574
1003	1029	62	13	1.44509517	6.15014006
1003	1029	62	14	1.49800797	4.35782076
1003	1029	62	15	0.42788258	1.27933028
1003	1029	62	16	0.39879208	3.28351431
1003	1029	62	17	2.38827969	7.52469654
1003	1029	62	18	1.23799220	3.47379235
1003	1029	62	19	0.99469717	3.34514864
1003	1029	63	0	0.60040164	3.59113173
1003	1029	63	1	2.00328664	8.03163382
1003	1029	63	2	0.58063050	1.61772118
1003	1029	63	3	0.67316794	5.85629280
1003	1029	63	4	1.15365421	4.47771642
1003	1029	63	5	1.08070068	4.50662463
1003	1029	63	6	0.05305684	0.29109238
1003	1029	63	7	1.35792683	3.73942462
1003	1029	63	8	0.66956507	4.58619343
1003	1029	63	9	1.99961563	5.68504972
1003	1029	63	10	0.11218223	0.37575678
1003	1029	63	11	1.02325371	6.07546493
1003	1029	63	12	0.09518491	0.41330941
1003	1029	63	13	1.45107759	6.16355085
1003	1029	63	14	1.49963453	4.35336919
1003	1029	63	15	0.42568905	1.28017797
1003	1029	63	16	0.40040502	3.25339422
1003	1029	63	17	2.40624262	7.63213415
1003	1029	63	18	1.23374494	3.47470867
1003	1029	63	19	0.99519244	3.34343005
1003	1029	64	0	0.60746106	3.62184562
1003	1029	64	1	2.00627168	8.02487477
1003	1029	64	2	0.58358260	1.62949016
1003	1029	64	3	0.67167638	5.85293115
1003	1029	64	4	1.14608144	4.42856573
1003	1029	64	5	1.07517224	4.51102631
1003	1029	64	6	0.05299315	0.28877786
1003	1029	64	7	1.35825865	3.74293127
1003	1029	64	8	0.66956031	4.58915048
1003	1029	64	9	1.99889678	5.68221642
1003	1029	64	10	0.11101088	0.37473618
1003	1029	64	11	1.02339712	6.08189020
1003	1029	64	12	0.09501260	0.41052633
1003	1029	64	13	1.45727423	6.17982217
1003	1029	64	14	1.50209032	4.35207897
1003	1029	64	15	0.42291818	1.27854918
1003	1029	64	16	0.40253837	3.22882154
1003	1029	64	17	2.41995732	7.72496882
1003	1029	64	18	1.22833443	3.47105141
1003	1029	64	19	0.99591166	3.34271864
1003	1029	65	0	0.61426826	3.65474657
1003	1029	65	1	2.01004369	8.02279231
1003	1029	65	2	0.58603103	1.64007276
1003	1029	65	3	0.67024583	5.84846629
1003	1029	65	4	1.13958852	4.38504515
1003	1029	65	5	1.06870933	4.50884831
1003	1029	65	6	0.05296264	0.28683991
1003	1029	65	7	1.35834419	3.74549963
1003	1029	65	8	0.66953367	4.59167296
1003	1029	65	9	1.99829970	5.67966225
1003	1029	65	10	0.10969084	0.37285170
1003	1029	65	11	1.02347313	6.08738351
1003	1029	65	12	0.09490534	0.40823063
1003	1029	65	13	1.46358339	6.19850236
1003	1029	65	14	1.50525648	4.35368937
1003	1029	65	15	0.41966362	1.27469320
1003	1029	65	16	0.40511498	3.20959203
1003	1029	65	17	2.42965286	7.80337870
1003	1029	65	18	1.22193386	3.46328605
1003	1029	65	19	0.99682070	3.34293836
1003	1029	66	0	0.62074531	3.68923540
1003	1029	66	1	2.01446384	8.02500303
1003	1029	66	2	0.58797325	1.64938249
1003	1029	66	3	0.66889351	5.84308666
1003	1029	66	4	1.13408236	4.34672214
1003	1029	66	5	1.06148323	4.50072756
1003	1029	66	6	0.05296148	0.28524009
1003	1029	66	7	1.35821213	3.74722327
1003	1029	66	8	0.66948795	4.59380215
1003	1029	66	9	1.99782568	5.67741067
1003	1029	66	10	0.10825862	0.37021492
1003	1029	66	11	1.02348942	6.09203344
1003	1029	66	12	0.09485577	0.40637182
1003	1029	66	13	1.46990936	6.21914316
1003	1029	66	14	1.50901304	4.35791071
1003	1029	66	15	0.41601798	1.26886977
1003	1029	66	16	0.40805811	3.19545101
1003	1029	66	17	2.43559315	7.86771696
1003	1029	66	18	1.21471522	3.45188551
1003	1029	66	19	0.99788524	3.34400167
1003	1029	67	0	0.62682291	3.72473005
1003	1029	67	1	2.01939581	8.03108064
1003	1029	67	2	0.58941677	1.65736072
1003	1029	67	3	0.66763485	5.83697618
1003	1029	67	4	1.12947455	4.31318731
1003	1029	67	5	1.05366183	4.48732017
1003	1029	67	6	0.05298604	0.28394343
1003	1029	67	7	1.35789017	3.74819055
1003	1029	67	8	0.66942590	4.59557615
1003	1029	67	9	1.99747338	5.67547814
1003	1029	67	10	0.10674881	0.36694029
1003	1029	67	11	1.02345328	6.09592141
1003	1029	67	12	0.09485699	0.40490405
1003	1029	67	13	1.47616355	6.24130498
1003	1029	67	14	1.51324163	4.36443320
1003	1029	67	15	0.41207148	1.26134453
1003	1029	67	16	0.41129234	3.18610030
1003	1029	67	17	2.43807035	7.91849368
1003	1029	67	18	1.20684774	3.43732624
1003	1029	67	19	0.99907163	3.34581279
1003	1029	68	0	0.63244157	3.76067153
1003	1029	68	1	2.02470853	8.04056920
1003	1029	68	2	0.59037827	1.66397698
1003	1029	68	3	0.66648310	5.83031293
1003	1029	68	4	1.12568089	4.28405280
1003	1029	68	5	1.04540774	4.46929340
1003	1029	68	6	0.05303283	0.28291798
1003	1029	68	7	1.35740518	3.74848552
1003	1029	68	8	0.66935018	4.59703024
1003	1029	68	9	1.99723907	5.67387400
1003	1029	68	10	0.10519359	0.36314239
1003	1029	68	11	1.02337172	6.09912253
1003	1029	68	12	0.09490242	0.40378540
1003	1029	68	13	1.48226525	6.26456197
1003	1029	68	14	1.51782783	4.37293550
1003	1029	68	15	0.40791073	1.25238469
1003	1029	68	16	0.41474456	3.18120527
1003	1029	68	17	2.43739816	7.95635645
1003	1029	68	18	1.19849623	3.42008430
1003	1029	68	19	1.00034767	3.34827083
1003	1029	69	0	0.63755238	3.79653001
1003	1029	69	1	2.03027842	8.05299581
1003	1029	69	2	0.59088247	1.66922817
1003	1029	69	3	0.66544908	5.82326768
1003	1029	69	4	1.12262109	4.25895075
1003	1029	69	5	1.03687648	4.44731781
1003	1029	69	6	0.05309851	0.28213438
1003	1029	69	7	1.35678321	3.74818866
1003	1029	69	8	0.66926339	4.59819725
1003	1029	69	9	1.99711690	5.67260059
1003	1029	69	10	0.10362230	0.35893344
1003	1029	69	11	1.02325145	6.10170633
1003	1029	69	12	0.09498578	0.40297734
1003	1029	69	13	1.48814237	6.28850669
1003	1029	69	14	1.52266318	4.38309264
1003	1029	69	15	0.40361760	1.24225485
1003	1029	69	16	0.41834484	3.18040188
1003	1029	69	17	2.43390535	7.98207030
1003	1029	69	18	1.18981931	3.40063099
1003	1029	69	19	1.00168316	3.35127273
1003	1029	70	0	0.64211759	3.83181080
1003	1029	70	1	2.03599124	8.06788235
1003	1029	70	2	0.59096086	1.67313701
1003	1029	70	3	0.66454098	5.81600229
1003	1029	70	4	1.12021847	4.23753182
1003	1029	70	5	1.02821473	4.42205929
1003	1029	70	6	0.05317984	0.28156551
1003	1029	70	7	1.35604950	3.74737736
1003	1029	70	8	0.66916807	4.59910786
1003	1029	70	9	1.99709923	5.67165354
1003	1029	70	10	0.10206118	0.35442122
1003	1029	70	11	1.02309893	6.10373741
1003	1029	70	12	0.09510106	0.40244418
1003	1029	70	13	1.49373184	6.31275446
1003	1029	70	14	1.52764677	4.39458322
1003	1029	70	15	0.39926826	1.23121318
1003	1029	70	16	0.42202724	3.18330370
1003	1029	70	17	2.42792942	7.99649710
1003	1029	70	18	1.18096770	3.37942841
1003	1029	70	19	1.00305035	3.35471595
1003	1029	71	0	0.64611075	3.86605996
1003	1029	71	1	2.04174323	8.08475611
1003	1029	71	2	0.59065031	1.67574973
1003	1029	71	3	0.66376423	5.80866811
1003	1029	71	4	1.11839980	4.21946382
1003	1029	71	5	1.01955880	4.39417142
1003	1029	71	6	0.05327373	0.28118618
1003	1029	71	7	1.35522837	3.74612619
1003	1029	71	8	0.66906664	4.59979078
1003	1029	71	9	1.99717699	5.67102239
1003	1029	71	10	0.10053321	0.34970726
1003	1029	71	11	1.02292039	6.10527604
1003	1029	71	12	0.09524252	0.40215267
1003	1029	71	13	1.49897991	6.33694709
1003	1029	71	14	1.53268636	4.40709575
1003	1029	71	15	0.39493244	1.21950783
1003	1029	71	16	0.42573055	3.18950888
1003	1029	71	17	2.41981073	8.00057501
1003	1029	71	18	1.17208260	3.35692481
1003	1029	71	19	1.00442423	3.35850073
1003	1029	72	0	0.64951661	3.89886907
1003	1029	72	1	2.04744200	8.10315894
1003	1029	72	2	0.58999167	1.67713315
1003	1029	72	3	0.66312156	5.80140444
1003	1029	72	4	1.11709523	4.20443058
1003	1029	72	5	1.01103325	4.36428796
1003	1029	72	6	0.05337720	0.28097290
1003	1029	72	7	1.35434315	3.74450707
1003	1029	72	8	0.66896144	4.60027301
1003	1029	72	9	1.99734010	5.67069132
1003	1029	72	10	0.09905809	0.34488548
1003	1029	72	11	1.02272177	6.10637862
1003	1029	72	12	0.09540465	0.40207171
1003	1029	72	13	1.50384223	6.36075602
1003	1029	72	14	1.53769918	4.42033388
1003	1029	72	15	0.39067286	1.20737386
1003	1029	72	16	0.42939883	3.19860682
1003	1029	72	17	2.40988701	7.99529815
1003	1029	72	18	1.16329425	3.33355002
1003	1029	72	19	1.00578273	3.36253203
1003	1029	73	0	0.65233073	3.92987929
1003	1029	73	1	2.05300679	8.12265493
1003	1029	73	2	0.58902836	1.67737146
1003	1029	73	3	0.66261301	5.79433722
1003	1029	73	4	1.11623825	4.19213100
1003	1029	73	5	1.00274993	4.33301590
1003	1029	73	6	0.05348742	0.28090365
1003	1029	73	7	1.35341598	3.74258918
1003	1029	73	8	0.66885466	4.60057995
1003	1029	73	9	1.99757775	5.67063996
1003	1029	73	10	0.09765231	0.34004122
1003	1029	73	11	1.02250873	6.10709804
1003	1029	73	12	0.09558225	0.40217209
1003	1029	73	13	1.50828375	6.38388481
1003	1029	73	14	1.54261235	4.43402068
1003	1029	73	15	0.38654484	1.19503057
1003	1029	73	16	0.43298182	3.21018459
1003	1029	73	17	2.39848853	7.98169706
1003	1029	73	18	1.15472073	3.30971104
1003	1029	73	19	1.00710672	3.36672102
1003	1029	74	0	0.65455884	3.95878425
1003	1029	74	1	2.05836853	8.14283652
1003	1029	74	2	0.58780511	1.67656267
1003	1029	74	3	0.66223614	5.78757785
1003	1029	74	4	1.11576576	4.18227836
1003	1029	74	5	0.99480718	4.30092910
1003	1029	74	6	0.05360173	0.28095781
1003	1029	74	7	1.35246768	3.74043877
1003	1029	74	8	0.66874837	4.60073550
1003	1029	74	9	1.99787885	5.67084436
1003	1029	74	10	0.09632927	0.33525060
1003	1029	74	11	1.02228663	6.10748402
1003	1029	74	12	0.09577038	0.40242626
1003	1029	74	13	1.51227849	6.40607099
1003	1029	74	14	1.54736298	4.44790182
1003	1029	74	15	0.38259617	1.18267940
1003	1029	74	16	0.43643531	3.22383301
1003	1029	74	17	2.38593382	7.96082018
1003	1029	74	18	1.14646704	3.28578801
1003	1029	74	19	1.00838003	3.37098624
1003	1029	75	0	0.65621595	3.98533191
1003	1029	75	1	2.06346954	8.16332909
1003	1029	75	2	0.58636675	1.67481502
1003	1029	75	3	0.66198628	5.78122249
1003	1029	75	4	1.11561812	4.17459985
1003	1029	75	5	0.98728947	4.26856271
1003	1029	75	6	0.05371764	0.28111597
1003	1029	75	7	1.35151753	3.73811894
1003	1029	75	8	0.66864443	4.60076214
1003	1029	75	9	1.99823225	5.67127786
1003	1029	75	10	0.09509947	0.33058019
1003	1029	75	11	1.02206044	6.10758329
1003	1029	75	12	0.09596443	0.40280832
1003	1029	75	13	1.51580920	6.42708722
1003	1029	75	14	1.55189799	4.46174774
1003	1029	75	15	0.37886708	1.17050232
1003	1029	75	16	0.43972118	3.23915208
1003	1029	75	17	2.37252601	7.93371666
1003	1029	75	18	1.13862447	3.26213068
1003	1029	75	19	1.00958928	3.37525429
1003	1029	76	0	0.65732537	4.00932523
1003	1029	76	1	2.06826293	8.18379407
1003	1029	76	2	0.58475725	1.67224357
1003	1029	76	3	0.66185677	5.77535144
1003	1029	76	4	1.11573929	4.16883629
1003	1029	76	5	0.98026726	4.23640855
1003	1029	76	6	0.05383284	0.28135995
1003	1029	76	7	1.35058318	3.73568921
1003	1029	76	8	0.66854454	4.60068098
1003	1029	76	9	1.99862705	5.67191206
1003	1029	76	10	0.09397076	0.32608701
1003	1029	76	11	1.02183478	6.10743977
1003	1029	76	12	0.09616014	0.40329386
1003	1029	76	13	1.51886684	6.44674181
1003	1029	76	14	1.55617374	4.47535497
1003	1029	76	15	0.37539044	1.15866081
1003	1029	76	16	0.44280747	3.25575594
1003	1029	76	17	2.35854994	7.90142079
1003	1029	76	18	1.13127028	3.23905555
1003	1029	76	19	1.01072375	3.37946027
1003	1029	77	0	0.65791752	4.03062174
1003	1029	77	1	2.07271200	8.20393076
1003	1029	77	2	0.58301883	1.66896685
1003	1029	77	3	0.66183929	5.77002911
1003	1029	77	4	1.11607701	4.16474212
1003	1029	77	5	0.97379721	4.20491143
1003	1029	77	6	0.05394525	0.28167272
1003	1029	77	7	1.34968042	3.73320517
1003	1029	77	8	0.66845017	4.60051171
1003	1029	77	9	1.99905281	5.67271768
1003	1029	77	10	0.09294857	0.32181877
1003	1029	77	11	1.02161381	6.10709460
1003	1029	77	12	0.09635362	0.40386003
1003	1029	77	13	1.52145004	6.46487867
1003	1029	77	14	1.56015554	4.48854654
1003	1029	77	15	0.37219202	1.14729530
1003	1029	77	16	0.44566827	3.27327721
1003	1029	77	17	2.34426980	7.86493819
1003	1029	77	18	1.12446766	3.21684367
1003	1029	77	19	1.01177518	3.38354789
1003	1029	78	0	0.65802878	4.04913197
1003	1029	78	1	2.07678935	8.22347698
1003	1029	78	2	0.58119127	1.66510395
1003	1029	78	3	0.66192422	5.76530415
1003	1029	78	4	1.11658287	4.16208544
1003	1029	78	5	0.96792256	4.17446659
1003	1029	78	6	0.05405304	0.28203842
1003	1029	78	7	1.34882311	3.73071809
1003	1029	78	8	0.66836259	4.60027269
1003	1029	78	9	1.99949970	5.67366529
1003	1029	78	10	0.09203619	0.31781421
1003	1029	78	11	1.02140125	6.10658624
1003	1029	78	12	0.09654140	0.40448548
1003	1029	78	13	1.52356443	6.48137667
1003	1029	78	14	1.56381696	4.50117181
1003	1029	78	15	0.36929093	1.13652514
1003	1029	78	16	0.44828346	3.29137053
1003	1029	78	17	2.32992742	7.82523384
1003	1029	78	18	1.11826602	3.19573920
1003	1029	78	19	1.01273752	3.38746936
1003	1029	79	0	0.65770021	4.06481705
1003	1029	79	1	2.08047608	8.24220879
1003	1029	79	2	0.57931144	1.66077185
1003	1029	79	3	0.66210097	5.76120995
1003	1029	79	4	1.11721249	4.16064826
1003	1029	79	5	0.96267378	4.14541811
1003	1029	79	6	0.05415460	0.28244234
1003	1029	79	7	1.34802309	3.72827453
1003	1029	79	8	0.66828284	4.59998083
1003	1029	79	9	1.99995870	5.67472602
1003	1029	79	10	0.09123499	0.31410371
1003	1029	79	11	1.02120034	6.10595040
1003	1029	79	12	0.09672041	0.40515045
1003	1029	79	13	1.52522196	6.49614851
1003	1029	79	14	1.56713918	4.51310564
1003	1029	79	15	0.36670002	1.12644892
1003	1029	79	16	0.45063848	3.30971560
1003	1029	79	17	2.31574112	7.78322206
1003	1029	79	18	1.11270141	3.17594875
1003	1029	79	19	1.01360674	3.39118509
1003	1029	80	0	0.65697635	4.07768532
1003	1029	80	1	2.08376087	8.25993939
1003	1029	80	2	0.57741292	1.65608328
1003	1029	80	3	0.66235830	5.75776548
1003	1029	80	4	1.11792561	4.16022676
1003	1029	80	5	0.95806933	4.11805839
1003	1029	80	6	0.05424858	0.28287098
1003	1029	80	7	1.34729014	3.72591600
1003	1029	80	8	0.66821172	4.59965164
1003	1029	80	9	2.00042158	5.67587212
1003	1029	80	10	0.09054471	0.31070986
1003	1029	80	11	1.02101380	6.10522006
1003	1029	80	12	0.09688804	0.40583682
1003	1029	80	13	1.52644013	6.50913916
1003	1029	80	14	1.57011024	4.52424724
1003	1029	80	15	0.36442643	1.11714518
1003	1029	80	16	0.45272391	3.32801934
1003	1029	80	17	2.30190504	7.73975835
1003	1029	80	18	1.10779722	3.15764140
1003	1029	80	19	1.01438055	3.39466324
1003	1029	81	0	0.65590405	4.08778834
1003	1029	81	1	2.08663916	8.27651742
1003	1029	81	2	0.57552578	1.65114490
1003	1029	81	3	0.66268464	5.75497624
1003	1029	81	4	1.11868615	4.16063160
1003	1029	81	5	0.95411660	4.09262842
1003	1029	81	6	0.05433388	0.28331207
1003	1029	81	7	1.34663192	3.72367878
1003	1029	81	8	0.66814980	4.59929917
1003	1029	81	9	2.00088103	5.67707741
1003	1029	81	10	0.08996366	0.30764819
1003	1029	81	11	1.02084388	6.10442542
1003	1029	81	12	0.09704211	0.40652812
1003	1029	81	13	1.52724121	6.52032390
1003	1029	81	14	1.57272429	4.53451856
1003	1029	81	15	0.36247214	1.10867340
1003	1029	81	16	0.45453510	3.34601756
1003	1029	81	17	2.28858897	7.69563303
1003	1029	81	18	1.10356500	3.14094941
1003	1029	81	19	1.01505823	3.39787916
1003	1029	82	0	0.65453134	4.09521634
1003	1029	82	1	2.08911226	8.29182482
1003	1029	82	2	0.57367649	1.64605592
1003	1029	82	3	0.66306839	5.75283557
1003	1029	82	4	1.11946222	4.16168823
1003	1029	82	5	0.95081290	4.06931907
1003	1029	82	6	0.05440967	0.28375455
1003	1029	82	7	1.34605410	3.72159367
1003	1029	82	8	0.66809744	4.59893602
1003	1029	82	9	2.00133066	5.67831761
1003	1029	82	10	0.08948891	0.30492784
1003	1029	82	11	1.02069229	6.10359385
1003	1029	82	12	0.09718091	0.40720964
1003	1029	82	13	1.52765153	6.52970604
1003	1029	82	14	1.57498092	4.54386266
1003	1029	82	15	0.36083449	1.10107517
1003	1029	82	16	0.45607176	3.36347595
1003	1029	82	17	2.27593846	7.65156665
1003	1029	82	18	1.10000541	3.12596950
1003	1029	82	19	1.01564039	3.40081485
1003	1029	83	0	0.65290646	4.10009328
1003	1029	83	1	2.09118665	8.30577440
1003	1029	83	2	0.57188792	1.64090717
1003	1029	83	3	0.66349813	5.75132594
1003	1029	83	4	1.12022614	4.16323710
1003	1029	83	5	0.94814646	4.04827289
1003	1029	83	6	0.05447535	0.28418865
1003	1029	83	7	1.34556035	3.71968596
1003	1029	83	8	0.66805479	4.59857328
1003	1029	83	9	2.00176495	5.67957060
1003	1029	83	10	0.08911652	0.30255229
1003	1029	83	11	1.02056028	6.10274987
1003	1029	83	12	0.09730315	0.40786842
1003	1029	83	13	1.52770064	6.53731444
1003	1029	83	14	1.57688445	4.55224180
1003	1029	83	15	0.35950676	1.09437556
1003	1029	83	16	0.45733746	3.38019047
1003	1029	83	17	2.26407536	7.60820689
1003	1029	83	18	1.09710928	3.11276460
1003	1029	83	19	1.01612881	3.40345824
1003	1029	84	0	0.65107693	4.10257167
1003	1029	84	1	2.09287318	8.31830726
1003	1029	84	2	0.57017943	1.63578037
1003	1029	84	3	0.66396286	5.75042044
1003	1029	84	4	1.12095433	4.16513383
1003	1029	84	5	0.94609757	4.02958665
1003	1029	84	6	0.05453057	0.28460586
1003	1029	84	7	1.34515250	3.71797547
1003	1029	84	8	0.66802181	4.59822063
1003	1029	84	9	2.00217930	5.68081655
1003	1029	84	10	0.08884169	0.30052002
1003	1029	84	11	1.02044862	6.10191513
1003	1029	84	12	0.09740796	0.40849327
1003	1029	84	13	1.52742061	6.54320081
1003	1029	84	14	1.57844330	4.55963557
1003	1029	84	15	0.35847867	1.08858451
1003	1029	84	16	0.45833920	3.39598734
1003	1029	84	17	2.25309858	7.56612699
1003	1029	84	18	1.09485864	3.10136605
1003	1029	84	19	1.01652622	3.40580267
1003	1029	85	0	0.64908882	4.10282737
1003	1029	85	1	2.09418646	8.32939009
1003	1029	85	2	0.56856702	1.63074789
1003	1029	85	3	0.66445216	5.75008428
1003	1029	85	4	1.12162719	4.16724924
1003	1029	85	5	0.94463960	4.01331428
1003	1029	85	6	0.05457521	0.28499893
1003	1029	85	7	1.34483067	3.71647668
1003	1029	85	8	0.66799829	4.59788626
1003	1029	85	9	2.00256990	5.68203798
1003	1029	85	10	0.08865891	0.29882518
1003	1029	85	11	1.02035763	6.10110844
1003	1029	85	12	0.09749487	0.40907483
1003	1029	85	13	1.52684528	6.54743686
1003	1029	85	14	1.57966943	4.56603901
1003	1029	85	15	0.35773690	1.08369841
1003	1029	85	16	0.45908700	3.41072248
1003	1029	85	17	2.24308509	7.52582534
1003	1029	85	18	1.09322789	3.09177608
1003	1029	85	19	1.01683621	3.40784618
1003	1029	86	0	0.64698603	4.10105439
1003	1029	86	1	2.09514427	8.33901255
1003	1029	86	2	0.56706348	1.62587263
1003	1029	86	3	0.66495632	5.75027625
1003	1029	86	4	1.12222898	4.16946928
1003	1029	86	5	0.94374006	3.99947020
1003	1029	86	6	0.05460933	0.28536187
1003	1029	86	7	1.34459343	3.71519892
1003	1029	86	8	0.66798385	4.59757696
1003	1029	86	9	2.00293375	5.68321979
1003	1029	86	10	0.08856210	0.29745816
1003	1029	86	11	1.02028724	6.10034577
1003	1029	86	12	0.09756380	0.40960545
1003	1029	86	13	1.52600962	6.55011147
1003	1029	86	14	1.58057775	4.57146085
1003	1029	86	15	0.35726558	1.07970149
1003	1029	86	16	0.45959340	3.42428062
1003	1029	86	17	2.23409106	7.48772619
1003	1029	86	18	1.09218487	3.08397051
1003	1029	86	19	1.01706304	3.40959098
1003	1029	87	0	0.64480986	4.09745988
1003	1029	87	1	2.09576698	8.34718465
1003	1029	87	2	0.56567867	1.62120819
1003	1029	87	3	0.66546644	5.75095020
1003	1029	87	4	1.12274752	4.17169476
1003	1029	87	5	0.94336166	3.98803291
1003	1029	87	6	0.05463320	0.28568990
1003	1029	87	7	1.34443795	3.71414672
1003	1029	87	8	0.66797801	4.59729819
1003	1029	87	9	2.00326855	5.68434918
1003	1029	87	10	0.08854471	0.29640616
1003	1029	87	11	1.02023701	6.09964036
1003	1029	87	12	0.09761497	0.41007923
1003	1029	87	13	1.52494907	6.55132780
1003	1029	87	14	1.58118569	4.57592171
1003	1029	87	15	0.35704673	1.07656740
1003	1029	87	16	0.45987309	3.43657412
1003	1029	87	17	2.22615317	7.45218140
1003	1029	87	18	1.09169198	3.07790161
1003	1029	87	19	1.01721153	3.41104289
1003	1029	88	0	0.64259853	4.09225943
1003	1029	88	1	2.09607709	8.35393426
1003	1029	88	2	0.56441973	1.61679917
1003	1029	88	3	0.66597450	5.75205643
1003	1029	88	4	1.12317406	4.17384098
1003	1029	88	5	0.94346324	3.97894873
1003	1029	88	6	0.05464722	0.28597939
1003	1029	88	7	1.34436027	3.71332015
1003	1029	88	8	0.66798017	4.59705409
1003	1029	88	9	2.00357267	5.68541556
1003	1029	88	10	0.08859988	0.29565371
1003	1029	88	11	1.02020618	6.09900277
1003	1029	88	12	0.09764893	0.41049187
1003	1029	88	13	1.52369900	6.55120043
1003	1029	88	14	1.58151268	4.57945251
1003	1029	88	15	0.35706072	1.07426061
1003	1029	88	16	0.45994249	3.44754146
1003	1029	88	17	2.21929006	7.41947286
1003	1029	88	18	1.09170724	3.07350106
1003	1029	88	19	1.01728698	3.41221081
1003	1029	89	0	0.64038692	4.08567264
1003	1029	89	1	2.09609877	8.35930478
1003	1029	89	2	0.56329131	1.61268161
1003	1029	89	3	0.66647338	5.75354292
1003	1029	89	4	1.12350290	4.17583721
1003	1029	89	5	0.94400074	3.97213567
1003	1029	89	6	0.05465195	0.28622784
1003	1029	89	7	1.34435544	3.71271528
1003	1029	89	8	0.66798963	4.59684763
1003	1029	89	9	2.00384507	5.68641045
1003	1029	89	10	0.08872046	0.29518311
1003	1029	89	11	1.02019373	6.09844108
1003	1029	89	12	0.09766645	0.41084066
1003	1029	89	13	1.52229417	6.54985265
1003	1029	89	14	1.58157980	4.58209298
1003	1029	89	15	0.35728664	1.07273780
1003	1029	89	16	0.45981936	3.45714558
1003	1029	89	17	2.21350376	7.38981562
1003	1029	89	18	1.09218531	3.07068288
1003	1029	89	19	1.01729503	3.41310629
1003	1029	90	0	0.63820635	4.07791914
1003	1029	90	1	2.09585748	8.36335292
1003	1029	90	2	0.56229583	1.60888354
1003	1029	90	3	0.66695687	5.75535656
1003	1029	90	4	1.12373118	4.17762605
1003	1029	90	5	0.94492810	3.96748726
1003	1029	90	6	0.05464805	0.28643376
1003	1029	90	7	1.34441769	3.71232466
1003	1029	90	8	0.66800565	4.59668064
1003	1029	90	9	2.00408525	5.68732731
1003	1029	90	10	0.08889919	0.29497487
1003	1029	90	11	1.02019841	6.09796094
1003	1029	90	12	0.09766854	0.41112430
1003	1029	90	13	1.52076829	6.54741378
1003	1029	90	14	1.58140939	4.58389022
1003	1029	90	15	0.35770270	1.07194923
1003	1029	90	16	0.45952244	3.46537201
1003	1029	90	17	2.20878129	7.36336162
1003	1029	90	18	1.09307845	3.06934637
1003	1029	90	19	1.01724160	3.41374308
1003	1029	91	0	0.63608453	4.06921506
1003	1029	91	1	2.09537955	8.36614665
1003	1029	91	2	0.56143373	1.60542556
1003	1029	91	3	0.66741966	5.75744418
1003	1029	91	4	1.12385853	4.17916265
1003	1029	91	5	0.94619800	3.96487636
1003	1029	91	6	0.05463626	0.28659661
1003	1029	91	7	1.34454072	3.71213778
1003	1029	91	8	0.66802746	4.59655395
1003	1029	91	9	2.00429315	5.68816140
1003	1029	91	10	0.08912872	0.29500810
1003	1029	91	11	1.02021879	6.09756584
1003	1029	91	12	0.09765638	0.41134280
1003	1029	91	13	1.51915365	6.54401677
1003	1029	91	14	1.58102467	4.58489740
1003	1029	91	15	0.35828655	1.07183993
1003	1029	91	16	0.45907115	3.47222695
1003	1029	91	17	2.20509620	7.34020373
1003	1029	91	18	1.09433742	3.06937895
1003	1029	91	19	1.01713281	3.41413677
1003	1029	92	0	0.63404552	4.05976997
1003	1029	92	1	2.09469189	8.36776328
1003	1029	92	2	0.56070367	1.60232146
1003	1029	92	3	0.66785734	5.75975342
1003	1029	92	4	1.12388677	4.18041385
1003	1029	92	5	0.94776272	3.96415892
1003	1029	92	6	0.05461739	0.28671669
1003	1029	92	7	1.34471776	3.71214162
1003	1029	92	8	0.66805425	4.59646748
1003	1029	92	9	2.00446917	5.68890960
1003	1029	92	10	0.08940170	0.29526085
1003	1029	92	11	1.02025330	6.09725724
1003	1029	92	12	0.09763126	0.41149734
1003	1029	92	13	1.51748075	6.53979591
1003	1029	92	14	1.58044944	4.58517261
1003	1029	92	15	0.35901564	1.07235097
1003	1029	92	16	0.45848523	3.47773517
1003	1029	92	17	2.20241015	7.32038023
1003	1029	92	18	1.09591234	3.07065890
1003	1029	92	19	1.01697488	3.41430439
1003	1029	93	0	0.63210972	4.04978420
1003	1029	93	1	2.09382164	8.36828767
1003	1029	93	2	0.56010279	1.59957883
1003	1029	93	3	0.66826630	5.76223357
1003	1029	93	4	1.12381960	4.18135718
1003	1029	93	5	0.94957474	3.96517753
1003	1029	93	6	0.05459229	0.28679506
1003	1029	93	7	1.34494184	3.71232111
1003	1029	93	8	0.66808521	4.59642037
1003	1029	93	9	2.00461404	5.68957028
1003	1029	93	10	0.08971088	0.29571043
1003	1029	93	11	1.02030032	6.09703481
1003	1029	93	12	0.09759460	0.41159014
1003	1029	93	13	1.51577808	6.53488472
1003	1029	93	14	1.57970779	4.58477770
1003	1029	93	15	0.35986747	1.07342052
1003	1029	93	16	0.45778448	3.48193795
1003	1029	93	17	2.20067454	7.30387946
1003	1029	93	18	1.09775342	3.07305796
1003	1029	93	19	1.01677410	3.41426416
1003	1029	94	0	0.63029408	4.03944675
1003	1029	94	1	2.09279587	8.36781056
1003	1029	94	2	0.55962686	1.59719975
1003	1029	94	3	0.66864376	5.76483618
1003	1029	94	4	1.12366231	4.18197996
1003	1029	94	5	0.95158743	3.96776490
1003	1029	94	6	0.05456184	0.28683343
1003	1029	94	7	1.34520587	3.71265966
1003	1029	94	8	0.66811955	4.59641107
1003	1029	94	9	2.00472881	5.69014312
1003	1029	94	10	0.09004915	0.29633375
1003	1029	94	11	1.02035814	6.09689662
1003	1029	94	12	0.09754784	0.41162427
1003	1029	94	13	1.51407190	6.52941414
1003	1029	94	14	1.57882383	4.58377730
1003	1029	94	15	0.36081989	1.07498488
1003	1029	94	16	0.45698849	3.48489098
1003	1029	94	17	2.19983204	7.29064471
1003	1029	94	18	1.09981171	3.07644376
1003	1029	94	19	1.01653674	3.41403513
1003	1029	95	0	0.62861213	4.02893356
1003	1029	95	1	2.09164131	8.36642709
1003	1029	95	2	0.55927055	1.59518133
1003	1029	95	3	0.66898763	5.76751558
1003	1029	95	4	1.12342144	4.18227815
1003	1029	95	5	0.95375556	3.97174702
1003	1029	95	6	0.05452691	0.28683404
1003	1029	95	7	1.34550281	3.71313962
1003	1029	95	8	0.66815649	4.59643745
1003	1029	95	9	2.00481480	5.69062896
1003	1029	95	10	0.09040961	0.29710754
1003	1029	95	11	1.02042505	6.09683938
1003	1029	95	12	0.09749248	0.41160356
1003	1029	95	13	1.51238604	6.52351086
1003	1029	95	14	1.57782138	4.58223785
1003	1029	95	15	0.36185136	1.07697949
1003	1029	95	16	0.45611640	3.48666229
1003	1029	95	17	2.19981811	7.28057909
1003	1029	95	18	1.10203961	3.08068210
1003	1029	95	19	1.01626898	3.41363696
1003	1029	96	0	0.62707426	4.01840621
1003	1029	96	1	2.09038409	8.36423530
1003	1029	96	2	0.55902751	1.59351636
1003	1029	96	3	0.66929651	5.77022932
1003	1029	96	4	1.12310455	4.18225537
1003	1029	96	5	0.95603584	3.97694624
1003	1029	96	6	0.05448835	0.28679961
1003	1029	96	7	1.34582577	3.71374268
1003	1029	96	8	0.66819530	4.59649695
1003	1029	96	9	2.00487355	5.69102967
1003	1029	96	10	0.09078566	0.29800869
1003	1029	96	11	1.02049936	6.09685862
1003	1029	96	12	0.09742998	0.41153240
1003	1029	96	13	1.51074189	6.51729594
1003	1029	96	14	1.57672378	4.58022671
1003	1029	96	15	0.36294114	1.07933978
1003	1029	96	16	0.45518671	3.48733012
1003	1029	96	17	2.20056254	7.27355057
1003	1029	96	18	1.10439153	3.08563901
1003	1029	96	19	1.01597689	3.41308964
1003	1029	97	0	0.62568784	4.00801102
1003	1029	97	1	2.08904949	8.36133482
1003	1029	97	2	0.55889062	1.59219384
1003	1029	97	3	0.66956963	5.77293846
1003	1029	97	4	1.12271994	4.18192182
1003	1029	97	5	0.95838729	3.98318404
1003	1029	97	6	0.05444701	0.28673317
1003	1029	97	7	1.34616812	3.71445027
1003	1029	97	8	0.66823529	4.59658660
1003	1029	97	9	2.00490678	5.69134797
1003	1029	97	10	0.09117101	0.29901439
1003	1029	97	11	1.02057944	6.09694897
1003	1029	97	12	0.09736182	0.41141561
1003	1029	97	13	1.50915826	6.51088364
1003	1029	97	14	1.57555365	4.57781137
1003	1029	97	15	0.36406949	1.08200199
1003	1029	97	16	0.45421704	3.48698103
1003	1029	97	17	2.20199084	7.26939693
1003	1029	97	18	1.10682423	3.09118259
1003	1029	97	19	1.01566634	3.41241326
1003	1029	98	0	0.62445749	3.99787848
1003	1029	98	1	2.08766172	8.35782563
1003	1029	98	2	0.55885210	1.59119948
1003	1029	98	3	0.66980673	5.77560774
1003	1029	98	4	1.12227641	4.18129326
1003	1029	98	5	0.96077158	3.99028353
1003	1029	98	6	0.05440369	0.28663803
1003	1029	98	7	1.34652358	3.71524392
1003	1029	98	8	0.66827581	4.59670322
1003	1029	98	9	2.00491637	5.69158740
1003	1029	98	10	0.09155976	0.30010246
1003	1029	98	11	1.02066371	6.09710427
1003	1029	98	12	0.09728938	0.41125833
1003	1029	98	13	1.50765140	6.50438041
1003	1029	98	14	1.57433268	4.57505863
1003	1029	98	15	0.36521787	1.08490392
1003	1029	98	16	0.45322405	3.48570787
1003	1029	98	17	2.20402563	7.26793062
1003	1029	98	18	1.10929729	3.09718471
1003	1029	98	19	1.01534296	3.41162779
1003	1029	99	0	0.62338531	3.98812299
1003	1029	99	1	2.08624370	8.35380690
1003	1029	99	2	0.55890365	1.59051625
1003	1029	99	3	0.67000808	5.77820577
1003	1029	99	4	1.12178304	4.18039001
1003	1029	99	5	0.96315339	3.99807178
1003	1029	99	6	0.05435914	0.28651766
1003	1029	99	7	1.34688624	3.71610557
1003	1029	99	8	0.66831628	4.59684340
1003	1029	99	9	2.00490431	5.69175208
1003	1029	99	10	0.09194644	0.30125148
1003	1029	99	11	1.02075067	6.09731784
1003	1029	99	12	0.09721400	0.41106590
1003	1029	99	13	1.50623501	6.49788421
1003	1029	99	14	1.57308142	4.57203399
1003	1029	99	15	0.36636904	1.08798557
1003	1029	99	16	0.45222323	3.48360803
1003	1029	99	17	2.20658790	7.26894355
1003	1029	99	18	1.11177337	3.10352244
1003	1029	99	19	1.01501210	3.41075291
1003	1029	100	0	0.62247107	3.97884290
1003	1029	100	1	2.08481692	8.34937590
1003	1029	100	2	0.55903662	1.59012483
1003	1029	100	3	0.67017437	5.78070502
1003	1029	100	4	1.12124902	4.17923602
1003	1029	100	5	0.96550052	4.00638179
1003	1029	100	6	0.05431406	0.28637564
1003	1029	100	7	1.34725067	3.71701779
1003	1029	100	8	0.66835617	4.59700368
1003	1029	100	9	2.00487267	5.69184669
1003	1029	100	10	0.09232603	0.30244102
1003	1029	100	11	1.02083893	6.09758263
1003	1029	100	12	0.09713694	0.41084369
1003	1029	100	13	1.50492033	6.49148386
1003	1029	100	14	1.57181917	4.56880091
1003	1029	100	15	0.36750719	1.09118975
1003	1029	100	16	0.45122884	3.48078166
1003	1029	100	17	2.20959823	7.27221172
1003	1029	100	18	1.11421844	3.11007928
1003	1029	100	19	1.01467878	3.40980778
1003	1029	101	0	0.62171251	3.97012074
1003	1029	101	1	2.08340123	8.34462705
1003	1029	101	2	0.55924210	1.59000402
1003	1029	101	3	0.67030667	5.78308184
1003	1029	101	4	1.12068345	4.17785800
1003	1029	101	5	0.96778416	4.01505429
1003	1029	101	6	0.05426909	0.28621555
1003	1029	101	7	1.34761190	3.71796404
1003	1029	101	8	0.66839499	4.59718055
1003	1029	101	9	2.00482360	5.69187634
1003	1029	101	10	0.09269403	0.30365179
1003	1029	101	11	1.02092721	6.09789136
1003	1029	101	12	0.09705936	0.41059710
1003	1029	101	13	1.50371615	6.48525876
1003	1029	101	14	1.57056380	4.56542026
1003	1029	101	15	0.36861807	1.09446255
1003	1029	101	16	0.45025380	3.47733009
1003	1029	101	17	2.21297792	7.27749959
1003	1029	101	18	1.11660197	3.11674618
1003	1029	101	19	1.01434767	3.40881085
1003	1029	102	0	0.62110552	3.96202368
1003	1029	102	1	2.08201475	8.33965098
1003	1029	102	2	0.55951104	1.59013117
1003	1029	102	3	0.67040638	5.78531639
1003	1029	102	4	1.12009522	4.17628458
1003	1029	102	5	0.96997886	4.02393921
1003	1029	102	6	0.05422481	0.28604094
1003	1029	102	7	1.34796549	3.71892878
1003	1029	102	8	0.66843235	4.59737053
1003	1029	102	9	2.00475925	5.69184648
1003	1029	102	10	0.09304643	0.30486580
1003	1029	102	11	1.02101437	6.09823671
1003	1029	102	12	0.09698232	0.41033138
1003	1029	102	13	1.50262900	6.47927862
1003	1029	102	14	1.56933162	4.56194979
1003	1029	102	15	0.36968898	1.09775377
1003	1029	102	16	0.44930964	3.47335435
1003	1029	102	17	2.21664994	7.28456432
1003	1029	102	18	1.11889700	3.12342241
1003	1029	102	19	1.01402303	3.40777977
1003	1029	103	0	0.62064443	3.95460414
1003	1029	103	1	2.08067374	8.33453378
1003	1029	103	2	0.55983438	1.59048255
1003	1029	103	3	0.67047517	5.78739250
1003	1029	103	4	1.11949285	4.17454557
1003	1029	103	5	0.97206270	4.03289688
1003	1029	103	6	0.05418174	0.28585527
1003	1029	103	7	1.34830750	3.71989768
1003	1029	103	8	0.66846788	4.59757025
1003	1029	103	9	2.00468180	5.69176278
1003	1029	103	10	0.09337977	0.30606647
1003	1029	103	11	1.02109935	6.09861141
1003	1029	103	12	0.09690678	0.41005161
1003	1029	103	13	1.50166320	6.47360343
1003	1029	103	14	1.56813733	4.55844368
1003	1029	103	15	0.37070886	1.10101731
1003	1029	103	16	0.44840648	3.46895378
1003	1029	103	17	2.22053989	7.29315965
1003	1029	103	18	1.12108023	3.13001617
1003	1029	103	19	1.01370870	3.40673117
1003	1029	104	0	0.62032215	3.94790051
1003	1029	104	1	2.07939254	8.32935623
1003	1029	104	2	0.56020315	1.59103372
1003	1029	104	3	0.67051496	5.78929757
1003	1029	104	4	1.11888444	4.17267133
1003	1029	104	5	0.97401718	4.04179907
1003	1029	104	6	0.05414032	0.28566184
1003	1029	104	7	1.34863453	3.72085766
1003	1029	104	8	0.66850130	4.59777648
1003	1029	104	9	2.00459338	5.69163111
1003	1029	104	10	0.09369112	0.30723875
1003	1029	104	11	1.02118125	6.09900838
1003	1029	104	12	0.09683358	0.40976261
1003	1029	104	13	1.50082107	6.46828357
1003	1029	104	14	1.56699389	4.55495208
1003	1029	104	15	0.37166830	1.10421137
1003	1029	104	16	0.44755298	3.46422488
1003	1029	104	17	2.22457673	7.30303957
1003	1029	104	18	1.12313196	3.13644500
1003	1029	104	19	1.01340807	3.40568059
1003	1029	105	0	0.62013046	3.94193805
1003	1029	105	1	2.07818352	8.32419325
1003	1029	105	2	0.56060853	1.59175983
1003	1029	105	3	0.67052783	5.79102235
1003	1029	105	4	1.11827752	4.17069214
1003	1029	105	5	0.97582720	4.05052966
1003	1029	105	6	0.05410096	0.28546380
1003	1029	105	7	1.34894368	3.72179696
1003	1029	105	8	0.66853236	4.59798615
1003	1029	105	9	2.00449612	5.69145741
1003	1029	105	10	0.09397809	0.30836921
1003	1029	105	11	1.02125928	6.09942081
1003	1029	105	12	0.09676347	0.40946892
1003	1029	105	13	1.50010302	6.46335998
1003	1029	105	14	1.56591254	4.55152086
1003	1029	105	15	0.37255951	1.10729871
1003	1029	105	16	0.44675639	3.45926020
1003	1029	105	17	2.22869355	7.31396158
1003	1029	105	18	1.12503603	3.14263614
1003	1029	105	19	1.01312408	3.40464231
1003	1029	106	0	0.62006020	3.93672977
1003	1029	106	1	2.07705704	8.31911336
1003	1029	106	2	0.56104199	1.59263600
1003	1029	106	3	0.67051605	5.79256075
1003	1029	106	4	1.11767905	4.16863767
1003	1029	106	5	0.97748099	4.05898518
1003	1029	106	6	0.05406397	0.28526406
1003	1029	106	7	1.34923257	3.72270520
1003	1029	106	8	0.66856087	4.59819641
1003	1029	106	9	2.00439206	5.69124763
1003	1029	106	10	0.09423882	0.30944607
1003	1029	106	11	1.02133279	6.09984225
1003	1029	106	12	0.09669707	0.40917473
1003	1029	106	13	1.49950775	6.45886449
1003	1029	106	14	1.56490273	4.54819128
1003	1029	106	15	0.37337630	1.11024672
1003	1029	106	16	0.44602252	3.45414744
1003	1029	106	17	2.23282803	7.32568980
1003	1029	106	18	1.12677977	3.14852659
1003	1029	106	19	1.01285921	3.40362931
1003	1029	107	0	0.62010144	3.93227747
1003	1029	107	1	2.07602148	8.31417832
1003	1029	107	2	0.56149532	1.59363752
1003	1029	107	3	0.67048196	5.79390965
1003	1029	107	4	1.11709533	4.16653661
1003	1029	107	5	0.97896993	4.06707509
1003	1029	107	6	0.05402961	0.28506533
1003	1029	107	7	1.34949928	3.72357336
1003	1029	107	8	0.66858671	4.59840461
1003	1029	107	9	2.00428316	5.69100767
1003	1029	107	10	0.09447198	0.31045924
1003	1029	107	11	1.02140123	6.10026666
1003	1029	107	12	0.09663490	0.40888386
1003	1029	107	13	1.49903244	6.45482024
1003	1029	107	14	1.56397214	4.54499983
1003	1029	107	15	0.37411405	1.11302749
1003	1029	107	16	0.44535586	3.44896868
1003	1029	107	17	2.23692301	7.33799751
1003	1029	107	18	1.12835380	3.15406309
1003	1029	107	19	1.01261547	3.40265318
1003	1029	108	0	0.62024369	3.92857270
1003	1029	108	1	2.07508327	8.30944279
1003	1029	108	2	0.56196076	1.59474020
1003	1029	108	3	0.67042799	5.79506863
1003	1029	108	4	1.11653198	4.16441622
1003	1029	108	5	0.98028842	4.07472187
1003	1029	108	6	0.05399809	0.28487004
1003	1029	108	7	1.34974239	3.72439379
1003	1029	108	8	0.66860978	4.59860839
1003	1029	108	9	2.00417130	5.69074334
1003	1029	108	10	0.09467673	0.31140035
1003	1029	108	11	1.02146418	6.10068848
1003	1029	108	12	0.09657738	0.40859977
1003	1029	108	13	1.49867288	6.45124214
1003	1029	108	14	1.56312675	4.54197813
1003	1029	108	15	0.37476961	1.11561780
1003	1029	108	16	0.44475955	3.44379974
1003	1029	108	17	2.24092673	7.35066955
1003	1029	108	18	1.12975190	3.15920198
1003	1029	108	19	1.01239442	3.40172407
1003	1029	109	0	0.62047607	3.92559790
1003	1029	109	1	2.07424696	8.30495419
1003	1029	109	2	0.56243099	1.59592056
1003	1029	109	3	0.67035660	5.79603976
1003	1029	109	4	1.11599391	4.16230205
1003	1029	109	5	0.98143366	4.08186088
1003	1029	109	6	0.05396956	0.28468038
1003	1029	109	7	1.34996089	3.72516017
1003	1029	109	8	0.66863003	4.59880562
1003	1029	109	9	2.00405822	5.69046025
1003	1029	109	10	0.09485270	0.31226267
1003	1029	109	11	1.02152132	6.10110264
1003	1029	109	12	0.09652483	0.40832550
1003	1029	109	13	1.49842368	6.44813742
1003	1029	109	14	1.56237083	4.53915283
1003	1029	109	15	0.37534123	1.11799903
1003	1029	109	16	0.44423551	3.43870968
1003	1029	109	17	2.24479319	7.36350425
1003	1029	109	18	1.13097077	3.16390892
1003	1029	109	19	1.01219717	3.40085066
1003	1029	110	0	0.62078749	3.92332739
1003	1029	110	1	2.07351529	8.30075263
1003	1029	110	2	0.56289925	1.59715609
1003	1029	110	3	0.67027029	5.79682731
1003	1029	110	4	1.11548533	4.16021772
1003	1029	110	5	0.98240548	4.08844015
1003	1029	110	6	0.05394411	0.28449827
1003	1029	110	7	1.35015417	3.72586746
1003	1029	110	8	0.66864747	4.59899444
1003	1029	110	9	2.00394556	5.69016379
1003	1029	110	10	0.09499993	0.31304118
1003	1029	110	11	1.02157245	6.10150464
1003	1029	110	12	0.09647747	0.40806369
1003	1029	110	13	1.49827843	6.44550624
1003	1029	110	14	1.56170705	4.53654570
1003	1029	110	15	0.37582847	1.12015704
1003	1029	110	16	0.44378449	3.43376047
1003	1029	110	17	2.24848220	7.37631502
1003	1029	110	18	1.13200985	3.16815851
1003	1029	110	19	1.01202441	3.40004017
1003	1029	111	0	0.62116677	3.92172849
1003	1029	111	1	2.07288930	8.29687090
1003	1029	111	2	0.56335937	1.59842542
1003	1029	111	3	0.67017149	5.79743757
1003	1029	111	4	1.11500976	4.15818471
1003	1029	111	5	0.98320607	4.09441994
1003	1029	111	6	0.05392180	0.28432535
1003	1029	111	7	1.35032204	3.72651186
1003	1029	111	8	0.66866211	4.59917325
1003	1029	111	9	2.00383481	5.68985910
1003	1029	111	10	0.09511891	0.31373238
1003	1029	111	11	1.02161744	6.10189048
1003	1029	111	12	0.09643546	0.40781659
1003	1029	111	13	1.49822987	6.44334232
1003	1029	111	14	1.56113657	4.53417365
1003	1029	111	15	0.37623210	1.12208196
1003	1029	111	16	0.44340620	3.42900675
1003	1029	111	17	2.25195949	7.38893167
1003	1029	111	18	1.13287108	3.17193384
1003	1029	111	19	1.01187642	3.39929834
1003	1029	112	0	0.62160284	3.92076251
1003	1029	112	1	2.07236846	8.29333465
1003	1029	112	2	0.56380578	1.59970851
1003	1029	112	3	0.67006262	5.79787853
1003	1029	112	4	1.11456999	4.15622223
1003	1029	112	5	0.98383977	4.09977220
1003	1029	112	6	0.05390262	0.28416301
1003	1029	112	7	1.35046461	3.72709072
1003	1029	112	8	0.66867404	4.59934071
1003	1029	112	9	2.00372731	5.68955098
1003	1029	112	10	0.09521045	0.31433432
1003	1029	112	11	1.02165628	6.10225674
1003	1029	112	12	0.09639884	0.40758605
1003	1029	112	13	1.49827010	6.44163358
1003	1029	112	14	1.56065915	4.53204895
1003	1029	112	15	0.37655397	1.12376797
1003	1029	112	16	0.44309934	3.42449569
1003	1029	112	17	2.25519667	7.40120134
1003	1029	112	18	1.13355860	3.17522593
1003	1029	112	19	1.01175311	3.39862949
1003	1029	113	0	0.62208482	3.92038585
1003	1029	113	1	2.07195079	8.29016256
1003	1029	113	2	0.56423356	1.60098683
1003	1029	113	3	0.66994600	5.79815968
1003	1029	113	4	1.11416818	4.15434715
1003	1029	113	5	0.98431279	4.10447989
1003	1029	113	6	0.05388655	0.28401237
1003	1029	113	7	1.35058232	3.72760249
1003	1029	113	8	0.66868333	4.59949576
1003	1029	113	9	2.00362425	5.68924388
1003	1029	113	10	0.09527569	0.31484646
1003	1029	113	11	1.02168902	6.10260054
1003	1029	113	12	0.09636760	0.40737353
1003	1029	113	13	1.49839068	6.44036284
1003	1029	113	14	1.56027325	4.53017936
1003	1029	113	15	0.37679689	1.12521307
1003	1029	113	16	0.44286179	3.42026703
1003	1029	113	17	2.25817110	7.41298907
1003	1029	113	18	1.13407859	3.17803318
1003	1029	113	19	1.01165405	3.39803656
1003	1029	114	0	0.62260215	3.92055091
1003	1029	114	1	2.07163305	8.28736668
1003	1029	114	2	0.56463846	1.60224341
1003	1029	114	3	0.66982388	5.79829174
1003	1029	114	4	1.11380581	4.15257394
1003	1029	114	5	0.98463301	4.10853628
1003	1029	114	6	0.05387350	0.28387431
1003	1029	114	7	1.35067591	3.72804661
1003	1029	114	8	0.66869011	4.59963756
1003	1029	114	9	2.00352666	5.68894190
1003	1029	114	10	0.09531605	0.31526955
1003	1029	114	11	1.02171579	6.10291954
1003	1029	114	12	0.09634166	0.40718015
1003	1029	114	13	1.49858285	6.43950850
1003	1029	114	14	1.55997618	4.52856846
1003	1029	114	15	0.37696455	1.12641873
1003	1029	114	16	0.44269062	3.41635320
1003	1029	114	17	2.26086569	7.42417820
1003	1029	114	18	1.13443891	3.18036070
1003	1029	114	19	1.01157849	3.39752118
1003	1029	115	0	0.62314474	3.92120712
1003	1029	115	1	2.07141085	8.28495277
1003	1029	115	2	0.56501687	1.60346301
1003	1029	115	3	0.66969838	5.79828642
1003	1029	115	4	1.11348378	4.15091468
1003	1029	115	5	0.98480969	4.11194413
1003	1029	115	6	0.05386337	0.28374946
1003	1029	115	7	1.35074633	3.72842345
1003	1029	115	8	0.66869451	4.59976553
1003	1029	115	9	2.00343543	5.68864870
1003	1029	115	10	0.09533318	0.31560554
1003	1029	115	11	1.02173679	6.10321192
1003	1029	115	12	0.09632087	0.40700666
1003	1029	115	13	1.49883764	6.43904521
1003	1029	115	14	1.55976423	4.52721589
1003	1029	115	15	0.37706131	1.12738960
1003	1029	115	16	0.44258228	3.41277945
1003	1029	115	17	2.26326872	7.43467034
1003	1029	115	18	1.13464892	3.18221968
1003	1029	115	19	1.01152542	3.39708375
1003	1029	116	0	0.62370299	3.92230182
1003	1029	116	1	2.07127881	8.28292077
1003	1029	116	2	0.56536588	1.60463217
1003	1029	116	3	0.66957149	5.79815622
1003	1029	116	4	1.11320240	4.14937911
1003	1029	116	5	0.98485321	4.11471477
1003	1029	116	6	0.05385603	0.28363823
1003	1029	116	7	1.35079476	3.72873422
1003	1029	116	8	0.66869670	4.59987930
1003	1029	116	9	2.00335124	5.68836753
1003	1029	116	10	0.09532889	0.31585743
1003	1029	116	11	1.02175225	6.10347636
1003	1029	116	12	0.09630503	0.40685350
1003	1029	116	13	1.49914601	6.43894456
1003	1029	116	14	1.55963281	4.52611769
1003	1029	116	15	0.37709217	1.12813316
1003	1029	116	16	0.44253265	3.40956418
1003	1029	116	17	2.26537346	7.44438519
1003	1029	116	18	1.13471917	3.18362665
1003	1029	116	19	1.01149360	3.39672356
1003	1029	117	0	0.62426793	3.92378111
1003	1029	117	1	2.07123077	8.28126528
1003	1029	117	2	0.56568322	1.60573921
1003	1029	117	3	0.66944506	5.79791416
1003	1029	117	4	1.11296146	4.14797464
1003	1029	117	5	0.98477488	4.11686723
1003	1029	117	6	0.05385132	0.28354082
1003	1029	117	7	1.35082256	3.72898086
1003	1029	117	8	0.66869684	4.59997872
1003	1029	117	9	2.00327468	5.68810122
1003	1029	117	10	0.09530517	0.31602915
1003	1029	117	11	1.02176250	6.10371201
1003	1029	117	12	0.09629390	0.40672081
1003	1029	117	13	1.49949899	6.43917570
1003	1029	117	14	1.55957660	4.52526671
1003	1029	117	15	0.37706258	1.12865939
1003	1029	117	16	0.44253717	3.40671928
1003	1029	117	17	2.26717788	7.45326007
1003	1029	117	18	1.13466119	3.18460283
1003	1029	117	19	1.01148159	3.39643883
1003	1029	118	0	0.62483128	3.92559067
1003	1029	118	1	2.07125993	8.27997606
1003	1029	118	2	0.56596724	1.60677430
1003	1029	118	3	0.66932075	5.79757364
1003	1029	118	4	1.11276026	4.14670649
1003	1029	118	5	0.98458664	4.11842729
1003	1029	118	6	0.05384907	0.28345723
1003	1029	118	7	1.35083124	3.72916597
1003	1029	118	8	0.66869511	4.60006383
1003	1029	118	9	2.00320613	5.68785215
1003	1029	118	10	0.09526408	0.31612541
1003	1029	118	11	1.02176785	6.10391846
1003	1029	118	12	0.09628721	0.40660844
1003	1029	118	13	1.49988779	6.43970602
1003	1029	118	14	1.55958968	4.52465291
1003	1029	118	15	0.37697834	1.12898037
1003	1029	118	16	0.44259094	3.40425051
1003	1029	118	17	2.26868424	7.46124927
1003	1029	118	18	1.13448723	3.18517339
1003	1029	118	19	1.01148778	3.39622690
1003	1029	119	0	0.62538548	3.92767652
1003	1029	119	1	2.07135897	8.27903865
1003	1029	119	2	0.56621691	1.60772942
1003	1029	119	3	0.66920009	5.79714814
1003	1029	119	4	1.11259766	4.14557779
1003	1029	119	5	0.98430092	4.11942654
1003	1029	119	6	0.05384907	0.28338729
1003	1029	119	7	1.35082242	3.72929271
1003	1029	119	8	0.66869172	4.60013485
1003	1029	119	9	2.00314585	5.68762225
1003	1029	119	10	0.09520776	0.31615158
1003	1029	119	11	1.02176869	6.10409571
1003	1029	119	12	0.09628462	0.40651601
1003	1029	119	13	1.50030390	6.44050168
1003	1029	119	14	1.55966568	4.52426381
1003	1029	119	15	0.37684552	1.12910997
1003	1029	119	16	0.44268883	3.40215800
1003	1029	119	17	2.26989871	7.46832320
1003	1029	119	18	1.13421004	3.18536681
1003	1029	119	19	1.01151048	3.39608430
1003	1029	120	0	0.62592373	3.92998567
1003	1029	120	1	2.07152025	8.27843488
1003	1029	120	2	0.56643176	1.60859836
1003	1029	120	3	0.66908441	5.79665113
1003	1029	120	4	1.11247216	4.14458969
1003	1029	120	5	0.98393035	4.11990142
1003	1029	120	6	0.05385113	0.28333066
1003	1029	120	7	1.35079780	3.72936472
1003	1029	120	8	0.66868686	4.60019216
1003	1029	120	9	2.00309395	5.68741305
1003	1029	120	10	0.09513836	0.31611355
1003	1029	120	11	1.02176542	6.10424413
1003	1029	120	12	0.09628581	0.40644291
1003	1029	120	13	1.50073920	6.44152823
1003	1029	120	14	1.55979790	4.52408486
1003	1029	120	15	0.37667029	1.12906348
1003	1029	120	16	0.44282553	3.40043672
1003	1029	120	17	2.27083088	7.47446738
1003	1029	120	18	1.13384263	3.18521416
1003	1029	120	19	1.01154788	3.39600687
1003	1029	121	0	0.62644004	3.93246675
1003	1029	121	1	2.07173594	8.27814349
1003	1029	121	2	0.56661186	1.60937658
1003	1029	121	3	0.66897486	5.79609586
1003	1029	121	4	1.11238189	4.14374151
1003	1029	121	5	0.98348761	4.11989231
1003	1029	121	6	0.05385504	0.28328686
1003	1029	121	7	1.35075915	3.72938604
1003	1029	121	8	0.66868072	4.60023626
1003	1029	121	9	2.00305044	5.68722565
1003	1029	121	10	0.09505804	0.31601758
1003	1029	121	11	1.02175845	6.10436445
1003	1029	121	12	0.09629041	0.40638832
1003	1029	121	13	1.50118601	6.44275112
1003	1029	121	14	1.55997947	4.52409984
1003	1029	121	15	0.37645888	1.12885728
1003	1029	121	16	0.44299568	3.39907697
1003	1029	121	17	2.27149341	7.47968135
1003	1029	121	18	1.13339811	3.18474846
1003	1029	121	19	1.01159813	3.39598990
1003	1029	122	0	0.62692925	3.93507056
1003	1029	122	1	2.07199813	8.27814072
1003	1029	122	2	0.56675776	1.61006126
1003	1029	122	3	0.66887243	5.79549519
1003	1029	122	4	1.11232473	4.14303090
1003	1029	122	5	0.98298525	4.11944264
1003	1029	122	6	0.05386056	0.28325529
1003	1029	122	7	1.35070826	3.72936098
1003	1029	122	8	0.66867350	4.60026782
1003	1029	122	9	2.00301518	5.68706074
1003	1029	122	10	0.09496889	0.31587020
1003	1029	122	11	1.02174822	6.10445766
1003	1029	122	12	0.09629806	0.40635128
1003	1029	122	13	1.50163717	6.44413614
1003	1029	122	14	1.56020341	4.52429122
1003	1029	122	15	0.37621746	1.12850850
1003	1029	122	16	0.44319395	3.39806500
1003	1029	122	17	2.27190150	7.48397741
1003	1029	122	18	1.13288947	3.18400408
1003	1029	122	19	1.01165939	3.39602824
1003	1029	123	0	0.62738700	3.93775051
1003	1029	123	1	2.07229898	8.27840083
1003	1029	123	2	0.56687043	1.61065106
1003	1029	123	3	0.66877790	5.79486148
1003	1029	123	4	1.11229829	4.14245401
1003	1029	123	5	0.98243551	4.11859800
1003	1029	123	6	0.05386748	0.28323526
1003	1029	123	7	1.35064693	3.72929411
1003	1029	123	8	0.66866540	4.60028757
1003	1029	123	9	2.00298793	5.68691866
1003	1029	123	10	0.09487296	0.31567807
1003	1029	123	11	1.02173516	6.10452503
1003	1029	123	12	0.09630836	0.40633065
1003	1029	123	13	1.50208609	6.44564990
1003	1029	123	14	1.56046280	4.52464055
1003	1029	123	15	0.37595206	1.12803472
1003	1029	123	16	0.44341507	3.39738349
1003	1029	123	17	2.27207253	7.48737938
1003	1029	123	18	1.13232944	3.18301615
1003	1029	123	19	1.01172979	3.39611642
1003	1029	124	0	0.62780975	3.94046308
1003	1029	124	1	2.07263082	8.27889670
1003	1029	124	2	0.56695126	1.61114615
1003	1029	124	3	0.66869190	5.79420646
1003	1029	124	4	1.11230003	4.14200565
1003	1029	124	5	0.98185022	4.11740535
1003	1029	124	6	0.05387558	0.28322595
1003	1029	124	7	1.35057695	3.72919013
1003	1029	124	8	0.66865660	4.60029635
1003	1029	124	9	2.00296838	5.68679938
1003	1029	124	10	0.09477220	0.31544790
1003	1029	124	11	1.02171970	6.10456807
1003	1029	124	12	0.09632094	0.40632523
1003	1029	124	13	1.50252680	6.44726020
1003	1029	124	14	1.56075083	4.52512884
1003	1029	124	15	0.37566852	1.12745370
1003	1029	124	16	0.44365396	3.39701212
1003	1029	124	17	2.27202554	7.48992118
1003	1029	124	18	1.13173030	3.18182000
1003	1029	124	19	1.01180754	3.39624873
1003	1029	125	0	0.62819473	3.94316807
1003	1029	125	1	2.07298622	8.27960030
1003	1029	125	2	0.56700193	1.61154796
1003	1029	125	3	0.66861487	5.79354109
1003	1029	125	4	1.11232724	4.14167947
1003	1029	125	5	0.98124062	4.11591224
1003	1029	125	6	0.05388464	0.28322652
1003	1029	125	7	1.35050005	3.72905384
1003	1029	125	8	0.66864730	4.60029506
1003	1029	125	9	2.00295610	5.68670255
1003	1029	125	10	0.09466845	0.31518630
1003	1029	125	11	1.02170227	6.10458845
1003	1029	125	12	0.09633543	0.40633367
1003	1029	125	13	1.50295397	6.44893635
1003	1029	125	14	1.56106091	4.52573681
1003	1029	125	15	0.37537237	1.12678307
1003	1029	125	16	0.44390571	3.39692815
1003	1029	125	17	2.27178091	7.49164554
1003	1029	125	18	1.13110380	3.18045069
1003	1029	125	19	1.01189087	3.39641938
1003	1029	126	0	0.62853996	3.94582894
1003	1029	126	1	2.07335811	8.28048322
1003	1029	126	2	0.56702442	1.61185916
1003	1029	126	3	0.66854708	5.79287556
1003	1029	126	4	1.11237715	4.14146812
1003	1029	126	5	0.98061728	4.11416612
1003	1029	126	6	0.05389445	0.28323603
1003	1029	126	7	1.35041792	3.72889001
1003	1029	126	8	0.66863766	4.60028466
1003	1029	126	9	2.00295063	5.68662756
1003	1029	126	10	0.09456341	0.31489976
1003	1029	126	11	1.02168329	6.10458799
1003	1029	126	12	0.09635144	0.40635459
1003	1029	126	13	1.50336291	6.45064948
1003	1029	126	14	1.56138675	4.52644524
1003	1029	126	15	0.37506886	1.12604014
1003	1029	126	16	0.44416570	3.39710690
1003	1029	126	17	2.27135987	7.49260259
1003	1029	126	18	1.13046102	3.17894251
1003	1029	126	19	1.01197813	3.39662253
1003	1029	127	0	0.62884417	3.94841292
1003	1029	127	1	2.07373985	8.28151707
1003	1029	127	2	0.56702093	1.61208341
1003	1029	127	3	0.66848868	5.79221913
1003	1029	127	4	1.11244690	4.14136344
1003	1029	127	5	0.97999005	4.11221368
1003	1029	127	6	0.05390481	0.28325355
1003	1029	127	7	1.35033215	3.72870338
1003	1029	127	8	0.66862785	4.60026613
1003	1029	127	9	2.00295144	5.68657351
1003	1029	127	10	0.09445866	0.31459451
1003	1029	127	11	1.02166317	6.10456862
1003	1029	127	12	0.09636863	0.40638657
1003	1029	127	13	1.50374963	6.45237275
1003	1029	127	14	1.56172239	4.52723527
1003	1029	127	15	0.37476283	1.12524169
1003	1029	127	16	0.44442959	3.39752229
1003	1029	127	17	2.27078420	7.49284851
1003	1029	127	18	1.12981227	3.17732864
1003	1029	127	19	1.01206775	3.39685243
1003	1029	128	0	0.62910677	3.95089120
1003	1029	128	1	2.07412523	8.28267391
1003	1029	128	2	0.56699382	1.61222531
1003	1029	128	3	0.66843965	5.79158013
1003	1029	128	4	1.11253366	4.14135664
1003	1029	128	5	0.97936793	4.11010031
1003	1029	128	6	0.05391552	0.28327810
1003	1029	128	7	1.35024426	3.72849858
1003	1029	128	8	0.66861802	4.60024048
1003	1029	128	9	2.00295795	5.68653930
1003	1029	128	10	0.09435564	0.31427648
1003	1029	128	11	1.02164227	6.10453237
1003	1029	128	12	0.09638664	0.40642815
1003	1029	128	13	1.50411076	6.45408158
1003	1029	128	14	1.56206229	4.52808855
1003	1029	128	15	0.37445876	1.12440374
1003	1029	128	16	0.44469340	3.39814731
1003	1029	128	17	2.27007584	7.49244421
1003	1029	128	18	1.12916702	3.17564074
1003	1029	128	19	1.01215826	3.39710347
1003	1029	129	0	0.62932781	3.95323893
1003	1029	129	1	2.07450859	8.28392662
1003	1029	129	2	0.56694558	1.61229020
1003	1029	129	3	0.66839984	5.79096591
1003	1029	129	4	1.11263462	4.14143842
1003	1029	129	5	0.97875904	4.10786954
1003	1029	129	6	0.05392641	0.28330869
1003	1029	129	7	1.35015567	3.72828007
1003	1029	129	8	0.66860831	4.60020874
1003	1029	129	9	2.00296956	5.68652366
1003	1029	129	10	0.09425560	0.31395123
1003	1029	129	11	1.02162096	6.10448130
1003	1029	129	12	0.09640516	0.40647789
1003	1029	129	13	1.50444361	6.45575374
1003	1029	129	14	1.56240137	4.52898755
1003	1029	129	15	0.37416066	1.12354141
1003	1029	129	16	0.44495348	3.39895450
1003	1029	129	17	2.26925658	7.49145410
1003	1029	129	18	1.12853388	3.17390868
1003	1029	129	19	1.01224834	3.39737024
1003	1029	130	0	0.62950790	3.95543526
1003	1029	130	1	2.07488480	8.28524918
1003	1029	130	2	0.56687879	1.61228404
1003	1029	130	3	0.66836899	5.79038284
1003	1029	130	4	1.11274702	4.14159920
1003	1029	130	5	0.97817062	4.10556265
1003	1029	130	6	0.05393731	0.28334435
1003	1029	130	7	1.35006765	3.72805211
1003	1029	130	8	0.66859884	4.60017189
1003	1029	130	9	2.00298566	5.68652513
1003	1029	130	10	0.09415966	0.31362393
1003	1029	130	11	1.02159958	6.10441746
1003	1029	130	12	0.09642387	0.40653436
1003	1029	130	13	1.50474611	6.45736950
1003	1029	130	14	1.56273499	4.52991567
1003	1029	130	15	0.37387212	1.12266883
1003	1029	130	16	0.44520658	3.39991633
1003	1029	130	17	2.26834777	7.48994485
1003	1029	130	18	1.12792049	3.17216030
1003	1029	130	19	1.01233676	3.39764763
1003	1029	131	0	0.62964818	3.95746325
1003	1029	131	1	2.07524931	8.28661696
1003	1029	131	2	0.56679603	1.61221325
1003	1029	131	3	0.66834675	5.78983628
1003	1029	131	4	1.11286822	4.14182919
1003	1029	131	5	0.97760894	4.10321828
1003	1029	131	6	0.05394806	0.28338412
1003	1029	131	7	1.34998140	3.72781871
1003	1029	131	8	0.66858972	4.60013092
1003	1029	131	9	2.00300562	5.68654219
1003	1029	131	10	0.09406878	0.31329929
1003	1029	131	11	1.02157843	6.10434293
1003	1029	131	12	0.09644251	0.40659616
1003	1029	131	13	1.50501680	6.45891162
1003	1029	131	14	1.56305904	4.53085742
1003	1029	131	15	0.37359626	1.12179897
1003	1029	131	16	0.44544983	3.40100562
1003	1029	131	17	2.26737010	7.48798427
1003	1029	131	18	1.12733356	3.17042115
1003	1029	131	19	1.01242247	3.39793081
1003	1029	132	0	0.62975023	3.95930981
1003	1029	132	1	2.07559813	8.28800694
1003	1029	132	2	0.56669989	1.61208460
1003	1029	132	3	0.66833265	5.78933061
1003	1029	132	4	1.11299567	4.14211859
1003	1029	132	5	0.97707939	4.10087214
1003	1029	132	6	0.05395853	0.28342707
1003	1029	132	7	1.34989795	3.72758359
1003	1029	132	8	0.66858105	4.60008679
1003	1029	132	9	2.00302880	5.68657319
1003	1029	132	10	0.09398376	0.31298158
1003	1029	132	11	1.02155778	6.10425972
1003	1029	132	12	0.09646082	0.40666195
1003	1029	132	13	1.50525477	6.46036544
1003	1029	132	14	1.56336990	4.53179853
1003	1029	132	15	0.37333576	1.12094361
1003	1029	132	16	0.44568075	3.40219586
1003	1029	132	17	2.26634329	7.48564029
1003	1029	132	18	1.12677883	3.16871442
1003	1029	132	19	1.01250451	3.39821535
1003	1029	133	0	0.62981605	3.96096550
1003	1029	133	1	2.07592787	8.28939787
1003	1029	133	2	0.56659292	1.61190505
1003	1029	133	3	0.66832617	5.78886926
1003	1029	133	4	1.11312698	4.14245771
1003	1029	133	5	0.97658640	4.09855676
1003	1029	133	6	0.05396859	0.28347233
1003	1029	133	7	1.34981822	3.72735018
1003	1029	133	8	0.66857291	4.60004041
1003	1029	133	9	2.00305461	5.68661646
1003	1029	133	10	0.09390523	0.31267456
1003	1029	133	11	1.02153787	6.10416978
1003	1029	133	12	0.09647858	0.40673045
1003	1029	133	13	1.50545967	6.46171881
1003	1029	133	14	1.56366448	4.53272604
1003	1029	133	15	0.37309284	1.12011327
1003	1029	133	16	0.44589725	3.40346155
1003	1029	133	17	2.26528601	7.48298000
1003	1029	133	18	1.12626110	3.16706076
1003	1029	133	19	1.01258209	3.39849717
1003	1029	134	0	0.62984795	3.96242435
1003	1029	134	1	2.07623570	8.29077044
1003	1029	134	2	0.56647757	1.61168166
1003	1029	134	3	0.66832672	5.78845473
1003	1029	134	4	1.11325994	4.14283704
1003	1029	134	5	0.97613351	4.09630136
1003	1029	134	6	0.05397815	0.28351904
1003	1029	134	7	1.34974298	3.72712158
1003	1029	134	8	0.66856536	4.59999262
1003	1029	134	9	2.00308244	5.68667030
1003	1029	134	10	0.09383369	0.31238151
1003	1029	134	11	1.02151892	6.10407499
1003	1029	134	12	0.09649558	0.40680048
1003	1029	134	13	1.50563161	6.46296202
1003	1029	134	14	1.56394017	4.53362834
1003	1029	134	15	0.37286926	1.11931716
1003	1029	134	16	0.44609765	3.40477841
1003	1029	134	17	2.26421563	7.48006880
1003	1029	134	18	1.12578420	3.16547825
1003	1029	134	19	1.01265454	3.39877263
1003	1029	135	0	0.62984851	3.96368367
1003	1029	135	1	2.07651936	8.29210733
1003	1029	135	2	0.56635619	1.61142148
1003	1029	135	3	0.66833366	5.78808863
1003	1029	135	4	1.11339251	4.14324745
1003	1029	135	5	0.97572339	4.09413172
1003	1029	135	6	0.05398712	0.28356643
1003	1029	135	7	1.34967290	3.72690054
1003	1029	135	8	0.66855846	4.59994424
1003	1029	135	9	2.00311172	5.68673300
1003	1029	135	10	0.09376950	0.31210520
1003	1029	135	11	1.02150110	6.10397711
1003	1029	135	12	0.09651165	0.40687090
1003	1029	135	13	1.50577118	6.46408777
1003	1029	135	14	1.56419489	4.53449525
1003	1029	135	15	0.37266639	1.11856322
1003	1029	135	16	0.44628061	3.40612365
1003	1029	135	17	2.26314816	7.47696965
1003	1029	135	18	1.12535108	3.16398241
1003	1029	135	19	1.01272133	3.39903849
1003	1029	136	0	0.62982051	3.96474377
1003	1029	136	1	2.07677712	8.29339330
1003	1029	136	2	0.56623102	1.61113141
1003	1029	136	3	0.66834634	5.78777178
1003	1029	136	4	1.11352281	4.14368017
1003	1029	136	5	0.97535787	4.09207013
1003	1029	136	6	0.05399541	0.28361376
1003	1029	136	7	1.34960849	3.72668948
1003	1029	136	8	0.66855226	4.59989599
1003	1029	136	9	2.00314192	5.68680290
1003	1029	136	10	0.09371288	0.31184795
1003	1029	136	11	1.02148457	6.10387780
1003	1029	136	12	0.09652666	0.40694071
1003	1029	136	13	1.50587932	6.46509102
1003	1029	136	14	1.56442701	4.53531799
1003	1029	136	15	0.37248515	1.11785806
1003	1029	136	16	0.44644517	3.40747613
1003	1029	136	17	2.26209812	7.47374243
1003	1029	136	18	1.12496381	3.16258614
1003	1029	136	19	1.01278205	3.39929195
1003	1029	137	0	0.62976689	3.96560770
1003	1029	137	1	2.07700776	8.29461520
1003	1029	137	2	0.56610413	1.61081817
1003	1029	137	3	0.66836405	5.78750420
1003	1029	137	4	1.11364922	4.14412696
1003	1029	137	5	0.97503803	4.09013538
1003	1029	137	6	0.05400299	0.28366039
1003	1029	137	7	1.34955014	3.72649046
1003	1029	137	8	0.66854676	4.59984855
1003	1029	137	9	2.00317254	5.68687837
1003	1029	137	10	0.09366393	0.31161158
1003	1029	137	11	1.02146945	6.10377858
1003	1029	137	12	0.09654049	0.40700898
1003	1029	137	13	1.50595736	6.46596887
1003	1029	137	14	1.56463537	4.53608919
1003	1029	137	15	0.37232610	1.11720704
1003	1029	137	16	0.44659072	3.40881650
1003	1029	137	17	2.26107846	7.47044337
1003	1029	137	18	1.12462365	3.16129984
1003	1029	137	19	1.01283642	3.39953063
1003	1029	138	0	0.62969069	3.96628096
1003	1029	138	1	2.07721057	8.29576194
1003	1029	138	2	0.56597742	1.61048819
1003	1029	138	3	0.66838611	5.78728524
1003	1029	138	4	1.11377028	4.14458014
1003	1029	138	5	0.97476418	4.08834285
1003	1029	138	6	0.05400979	0.28370573
1003	1029	138	7	1.34949814	3.72630517
1003	1029	138	8	0.66854199	4.59980250
1003	1029	138	9	2.00320311	5.68695788
1003	1029	138	10	0.09362262	0.31139747
1003	1029	138	11	1.02145581	6.10368084
1003	1029	138	12	0.09655304	0.40707489
1003	1029	138	13	1.50600691	6.46672041
1003	1029	138	14	1.56481925	4.53680286
1003	1029	138	15	0.37218946	1.11661429
1003	1029	138	16	0.44671693	3.41012733
1003	1029	138	17	2.26010058	7.46712466
1003	1029	138	18	1.12433110	3.16013145
1003	1029	138	19	1.01288425	3.39975258
1003	1029	139	0	0.62959499	3.96677122
1003	1029	139	1	2.07738524	8.29682449
1003	1029	139	2	0.56585264	1.61014753
1003	1029	139	3	0.66841181	5.78711364
1003	1029	139	4	1.11388474	4.14503264
1003	1029	139	5	0.97453601	4.08670458
1003	1029	139	6	0.05401580	0.28374924
1003	1029	139	7	1.34945264	3.72613500
1003	1029	139	8	0.66853795	4.59975838
1003	1029	139	9	2.00323322	5.68703996
1003	1029	139	10	0.09358884	0.31120655
1003	1029	139	11	1.02144371	6.10358581
1003	1029	139	12	0.09656427	0.40713774
1003	1029	139	13	1.50602984	6.46734655
1003	1029	139	14	1.56497831	4.53745435
1003	1029	139	15	0.37207510	1.11608275
1003	1029	139	16	0.44682381	3.41139315
1003	1029	139	17	2.25917425	7.46383401
1003	1029	139	18	1.12408593	3.15908659
1003	1029	139	19	1.01292548	3.39995625
1003	1029	140	0	0.62948284	3.96708800
1003	1029	140	1	2.07753192	8.29779580
1003	1029	140	2	0.56573133	1.60980189
1003	1029	140	3	0.66844048	5.78698757
1003	1029	140	4	1.11399158	4.14547806
1003	1029	140	5	0.97435259	4.08522941
1003	1029	140	6	0.05402101	0.28379049
1003	1029	140	7	1.34941371	3.72598096
1003	1029	140	8	0.66853464	4.59971664
1003	1029	140	9	2.00326249	5.68712323
1003	1029	140	10	0.09356238	0.31103937
1003	1029	140	11	1.02143320	6.10349460
1003	1029	140	12	0.09657412	0.40719691
1003	1029	140	13	1.50602819	6.46784985
1003	1029	140	14	1.56511260	4.53804029
1003	1029	140	15	0.37198260	1.11561428
1003	1029	140	16	0.44691160	3.41260049
1003	1029	140	17	2.25830767	7.46061447
1003	1029	140	18	1.12388732	3.15816866
1003	1029	140	19	1.01296014	3.40014048
1003	1029	141	0	0.62935727	3.96724238
1003	1029	141	1	2.07765109	8.29867070
1003	1029	141	2	0.56561485	1.60945647
1003	1029	141	3	0.66847145	5.78690472
1003	1029	141	4	1.11408996	4.14591066
1003	1029	141	5	0.97421244	4.08392311
1003	1029	141	6	0.05402541	0.28382910
1003	1029	141	7	1.34938130	3.72584378
1003	1029	141	8	0.66853202	4.59967764
1003	1029	141	9	2.00329059	5.68720644
1003	1029	141	10	0.09354294	0.31089609
1003	1029	141	11	1.02142427	6.10340814
1003	1029	141	12	0.09658258	0.40725191
1003	1029	141	13	1.50600420	6.46823435
1003	1029	141	14	1.56522249	4.53855850
1003	1029	141	15	0.37191127	1.11520968
1003	1029	141	16	0.44698081	3.41373792
1003	1029	141	17	2.25750746	7.45750424
1003	1029	141	18	1.12373384	3.15737900
1003	1029	141	19	1.01298834	3.40030450
1003	1029	142	0	0.62922123	3.96724670
1003	1029	142	1	2.07774359	8.29944581
1003	1029	142	2	0.56550437	1.60911604
1003	1029	142	3	0.66850408	5.78686241
1003	1029	142	4	1.11417925	4.14632545
1003	1029	142	5	0.97411363	4.08278865
1003	1029	142	6	0.05402901	0.28386476
1003	1029	142	7	1.34935528	3.72572388
1003	1029	142	8	0.66853008	4.59964170
1003	1029	142	9	2.00331725	5.68728845
1003	1029	142	10	0.09353017	0.31077654
1003	1029	142	11	1.02141690	6.10332722
1003	1029	142	12	0.09658967	0.40730234
1003	1029	142	13	1.50596019	6.46850535
1003	1029	142	14	1.56530867	4.53900795
1003	1029	142	15	0.37186021	1.11486880
1003	1029	142	16	0.44703213	3.41479597
1003	1029	142	17	2.25677875	7.45453656
1003	1029	142	18	1.12362358	3.15671707
1003	1029	142	19	1.01301028	3.40044786
1003	1029	143	0	0.62907753	3.96711430
1003	1029	143	1	2.07781054	8.30011944
1003	1029	143	2	0.56540087	1.60878484
1003	1029	143	3	0.66853777	5.78685762
1003	1029	143	4	1.11425899	4.14671810
1003	1029	143	5	0.97405385	4.08182632
1003	1029	143	6	0.05403184	0.28389725
1003	1029	143	7	1.34933546	3.72562139
1003	1029	143	8	0.66852879	4.59960904
1003	1029	143	9	2.00334222	5.68736823
1003	1029	143	10	0.09352364	0.31068024
1003	1029	143	11	1.02141107	6.10325247
1003	1029	143	12	0.09659539	0.40734789
1003	1029	143	13	1.50589856	6.46866925
1003	1029	143	14	1.56537208	4.53938861
1003	1029	143	15	0.37182831	1.11459065
1003	1029	143	16	0.44706646	3.41576714
1003	1029	143	17	2.25612522	7.45173971
1003	1029	143	18	1.12355422	3.15618062
1003	1029	143	19	1.01302621	3.40057046
1003	1029	144	0	0.62892884	3.96685920
1003	1029	144	1	2.07785330	8.30069144
1003	1029	144	2	0.56530516	1.60846661
1003	1029	144	3	0.66857196	5.78688708
1003	1029	144	4	1.11432890	4.14708502
1003	1029	144	5	0.97403043	4.08103403
1003	1029	144	6	0.05403391	0.28392637
1003	1029	144	7	1.34932155	3.72553620
1003	1029	144	8	0.66852810	4.59957983
1003	1029	144	9	2.00336532	5.68744488
1003	1029	144	10	0.09352288	0.31060641
1003	1029	144	11	1.02140672	6.10318441
1003	1029	144	12	0.09659980	0.40738837
1003	1029	144	13	1.50582172	6.46873337
1003	1029	144	14	1.56541387	4.53970144
1003	1029	144	15	0.37181430	1.11437345
1003	1029	144	16	0.44708485	3.41664578
1003	1029	144	17	2.25554917	7.44913709
1003	1029	144	18	1.12352306	3.15576584
1003	1029	144	19	1.01303646	3.40067247
1003	1029	145	0	0.62877766	3.96649588
1003	1029	145	1	2.07787345	8.30116304
1003	1029	145	2	0.56521783	1.60816456
1003	1029	145	3	0.66860614	5.78694733
1003	1029	145	4	1.11438888	4.14742328
1003	1029	145	5	0.97404045	4.08040755
1003	1029	145	6	0.05403528	0.28395204
1003	1029	145	7	1.34931322	3.72546795
1003	1029	145	8	0.66852797	4.59955418
1003	1029	145	9	2.00338639	5.68751763
1003	1029	145	10	0.09352739	0.31055407
1003	1029	145	11	1.02140377	6.10312339
1003	1029	145	12	0.09660294	0.40742367
1003	1029	145	13	1.50573211	6.46870572
1003	1029	145	14	1.56543541	4.53994820
1003	1029	145	15	0.37181678	1.11421474
1003	1029	145	16	0.44708846	3.41742804
1003	1029	145	17	2.25505164	7.44674732
1003	1029	145	18	1.12352712	3.15546761
1003	1029	145	19	1.01304139	3.40075434
1003	1029	146	0	0.62862630	3.96603901
1003	1029	146	1	2.07787274	8.30153677
1003	1029	146	2	0.56513935	1.60788141
1003	1029	146	3	0.66863983	5.78703480
1003	1029	146	4	1.11443895	4.14773066
1003	1029	146	5	0.97408079	4.07994071
1003	1029	146	6	0.05403598	0.28397419
1003	1029	146	7	1.34931010	3.72541610
1003	1029	146	8	0.66852835	4.59953213
1003	1029	146	9	2.00340533	5.68758583
1003	1029	146	10	0.09353664	0.31052201
1003	1029	146	11	1.02140215	6.10306963
1003	1029	146	12	0.09660489	0.40745374
1003	1029	146	13	1.50563209	6.46859490
1003	1029	146	14	1.56543821	4.54013143
1003	1029	146	15	0.37183423	1.11411147
1003	1029	146	16	0.44707855	3.41811171
1003	1029	146	17	2.25463250	7.44458439
1003	1029	146	18	1.12356321	3.15527965
1003	1029	146	19	1.01304141	3.40081676
1003	1029	147	0	0.62847686	3.96550326
1003	1029	147	1	2.07785302	8.30181625
1003	1029	147	2	0.56506999	1.60761934
1003	1029	147	3	0.66867262	5.78714585
1003	1029	147	4	1.11447929	4.14800554
1003	1029	147	5	0.97414819	4.07962570
1003	1029	147	6	0.05403607	0.28399282
1003	1029	147	7	1.34931176	3.72537991
1003	1029	147	8	0.66852919	4.59951367
1003	1029	147	9	2.00342207	5.68764894
1003	1029	147	10	0.09355008	0.31050886
1003	1029	147	11	1.02140175	6.10302325
1003	1029	147	12	0.09660573	0.40747864
1003	1029	147	13	1.50552397	6.46840985
1003	1029	147	14	1.56542390	4.54025428
1003	1029	147	15	0.37186508	1.11406013
1003	1029	147	16	0.44705648	3.41869618
1003	1029	147	17	2.25429054	7.44265793
1003	1029	147	18	1.12362797	3.15519471
1003	1029	147	19	1.01303696	3.40086060
1003	1029	148	0	0.62833124	3.96490306
1003	1029	148	1	2.07781627	8.30200607
1003	1029	148	2	0.56500989	1.60738006
1003	1029	148	3	0.66870413	5.78727686
1003	1029	148	4	1.11451020	4.14824693
1003	1029	148	5	0.97423932	4.07945332
1003	1029	148	6	0.05403559	0.28400800
1003	1029	148	7	1.34931776	3.72535848
1003	1029	148	8	0.66853045	4.59949873
1003	1029	148	9	2.00343658	5.68770657
1003	1029	148	10	0.09356715	0.31051311
1003	1029	148	11	1.02140248	6.10298423
1003	1029	148	12	0.09660554	0.40749847
1003	1029	148	13	1.50540997	6.46815976
1003	1029	148	14	1.56539422	4.54032048
1003	1029	148	15	0.37190772	1.11405678
1003	1029	148	16	0.44702363	3.41918224
1003	1029	148	17	2.25402360	7.44097345
1003	1029	148	18	1.12371795	3.15520478
1003	1029	148	19	1.01302849	3.40088694
1003	1029	149	0	0.62819108	3.96425245
1003	1029	149	1	2.07776452	8.30211164
1003	1029	149	2	0.56495904	1.60716482
1003	1029	149	3	0.66873404	5.78742425
1003	1029	149	4	1.11453207	4.14845438
1003	1029	149	5	0.97435079	4.07941324
1003	1029	149	6	0.05403461	0.28401982
1003	1029	149	7	1.34932762	3.72535082
1003	1029	149	8	0.66853206	4.59948722
1003	1029	149	9	2.00344885	5.68775840
1003	1029	149	10	0.09358729	0.31053315
1003	1029	149	11	1.02140422	6.10295247
1003	1029	149	12	0.09660442	0.40751341
1003	1029	149	13	1.50529218	6.46785389
1003	1029	149	14	1.56535092	4.54033416
1003	1029	149	15	0.37196051	1.11409719
1003	1029	149	16	0.44698142	3.41957195
1003	1029	149	17	2.25382868	7.43953262
1003	1029	149	18	1.12382967	3.15530124
1003	1029	149	19	1.01301649	3.40089696
1003	1029	150	0	0.62805783	3.96356489
1003	1029	150	1	2.07769979	8.30213903
1003	1029	150	2	0.56491731	1.60697442
1003	1029	150	3	0.66876208	5.78758451
1003	1029	150	4	1.11454540	4.14862798
1003	1029	150	5	0.97447926	4.07949420
1003	1029	150	6	0.05403317	0.28402840
1003	1029	150	7	1.34934088	3.72535579
1003	1029	150	8	0.66853397	4.59947900
1003	1029	150	9	2.00345893	5.68780426
1003	1029	150	10	0.09360996	0.31056730
1003	1029	150	11	1.02140687	6.10292777
1003	1029	150	12	0.09660246	0.40752368
1003	1029	150	13	1.50517256	6.46750144
1003	1029	150	14	1.56529582	4.54029983
1003	1029	150	15	0.37202182	1.11417691
1003	1029	150	16	0.44693125	3.41986854
1003	1029	150	17	2.25370206	7.43833360
1003	1029	150	18	1.12395964	3.15547507
1003	1029	150	19	1.01300142	3.40089199
1003	1029	151	0	0.62793271	3.96285316
1003	1029	151	1	2.07762414	8.30209484
1003	1029	151	2	0.56488446	1.60680925
1003	1029	151	3	0.66878805	5.78775431
1003	1029	151	4	1.11455075	4.14876827
1003	1029	151	5	0.97462146	4.07968430
1003	1029	151	6	0.05403136	0.28403392
1003	1029	151	7	1.34935703	3.72537222
1003	1029	151	8	0.66853612	4.59947387
1003	1029	151	9	2.00346687	5.68784404
1003	1029	151	10	0.09363462	0.31061383
1003	1029	151	11	1.02141029	6.10290985
1003	1029	151	12	0.09659977	0.40752957
1003	1029	151	13	1.50505292	6.46711141
1003	1029	151	14	1.56523073	4.54022224
1003	1029	151	15	0.37209005	1.11429132
1003	1029	151	16	0.44687453	3.42007622
1003	1029	151	17	2.25363941	7.43737141
1003	1029	151	18	1.12410445	3.15571697
1003	1029	151	19	1.01298378	3.40087344
1003	1029	152	0	0.62781671	3.96212922
1003	1029	152	1	2.07753958	8.30198606
1003	1029	152	2	0.56486014	1.60666930
1003	1029	152	3	0.66881176	5.78793046
1003	1029	152	4	1.11454875	4.14887623
1003	1029	152	5	0.97477419	4.07997119
1003	1029	152	6	0.05402921	0.28403657
1003	1029	152	7	1.34937561	3.72539885
1003	1029	152	8	0.66853848	4.59947165
1003	1029	152	9	2.00347275	5.68787774
1003	1029	152	10	0.09366076	0.31067100
1003	1029	152	11	1.02141439	6.10289835
1003	1029	152	12	0.09659644	0.40753136
1003	1029	152	13	1.50493491	6.46669253
1003	1029	152	14	1.56515743	4.54010631
1003	1029	152	15	0.37216364	1.11443577
1003	1029	152	16	0.44681262	3.42020004
1003	1029	152	17	2.25363590	7.43663821
1003	1029	152	18	1.12426079	3.15601754
1003	1029	152	19	1.01296402	3.40084277
1003	1029	153	0	0.62771061	3.96140412
1003	1029	153	1	2.07744805	8.30181994
1003	1029	153	2	0.56484392	1.60655425
1003	1029	153	3	0.66883309	5.78810997
1003	1029	153	4	1.11454007	4.14895319
1003	1029	153	5	0.97493442	4.08034230
1003	1029	153	6	0.05402679	0.28403657
1003	1029	153	7	1.34939614	3.72543442
1003	1029	153	8	0.66854098	4.59947211
1003	1029	153	9	2.00347667	5.68790545
1003	1029	153	10	0.09368788	0.31073708
1003	1029	153	11	1.02141903	6.10289287
1003	1029	153	12	0.09659259	0.40752941
1003	1029	153	13	1.50482001	6.46625316
1003	1029	153	14	1.56507765	4.53995704
1003	1029	153	15	0.37224111	1.11460560
1003	1029	153	16	0.44674683	3.42024579
1003	1029	153	17	2.25368632	7.43612375
1003	1029	153	18	1.12442548	3.15636740
1003	1029	153	19	1.01294262	3.40080149
1003	1029	154	0	0.62761498	3.96068795
1003	1029	154	1	2.07735144	8.30160387
1003	1029	154	2	0.56483531	1.60646344
1003	1029	154	3	0.66885197	5.78829007
1003	1029	154	4	1.11452543	4.14900080
1003	1029	154	5	0.97509929	4.08078501
1003	1029	154	6	0.05402416	0.28403415
1003	1029	154	7	1.34941816	3.72547763
1003	1029	154	8	0.66854358	4.59947500
1003	1029	154	9	2.00347876	5.68792733
1003	1029	154	10	0.09371552	0.31081037
1003	1029	154	11	1.02142411	6.10289295
1003	1029	154	12	0.09658831	0.40752406
1003	1029	154	13	1.50470952	6.46580117
1003	1029	154	14	1.56499306	4.53977946
1003	1029	154	15	0.37232105	1.11479620
1003	1029	154	16	0.44667842	3.42021977
1003	1029	154	17	2.25378519	7.43581565
1003	1029	154	18	1.12459550	3.15675736
1003	1029	154	19	1.01292000	3.40075109
1003	1029	155	0	0.62753019	3.95998975
1003	1029	155	1	2.07725152	8.30134527
1003	1029	155	2	0.56483373	1.60639595
1003	1029	155	3	0.66886835	5.78846825
1003	1029	155	4	1.11450554	4.14902098
1003	1029	155	5	0.97526610	4.08128685
1003	1029	155	6	0.05402138	0.28402956
1003	1029	155	7	1.34944124	3.72552721
1003	1029	155	8	0.66854623	4.59948007
1003	1029	155	9	2.00347916	5.68794359
1003	1029	155	10	0.09374327	0.31088923
1003	1029	155	11	1.02142952	6.10289810
1003	1029	155	12	0.09658369	0.40751570
1003	1029	155	13	1.50460457	6.46534390
1003	1029	155	14	1.56490526	4.53957852
1003	1029	155	15	0.37240213	1.11500312
1003	1029	155	16	0.44660855	3.42012873
1003	1029	155	17	2.25392684	7.43569981
1003	1029	155	18	1.12476804	3.15717847
1003	1029	155	19	1.01289659	3.40069309
1003	1029	156	0	0.62745644	3.95931753
1003	1029	156	1	2.07714995	8.30105146
1003	1029	156	2	0.56483860	1.60635062
1003	1029	156	3	0.66888223	5.78864223
1003	1029	156	4	1.11448114	4.14901585
1003	1029	156	5	0.97543239	4.08183565
1003	1029	156	6	0.05401848	0.28402306
1003	1029	156	7	1.34946497	3.72558192
1003	1029	156	8	0.66854890	4.59948705
1003	1029	156	9	2.00347800	5.68795452
1003	1029	156	10	0.09377072	0.31097207
1003	1029	156	11	1.02143516	6.10290779
1003	1029	156	12	0.09657884	0.40750471
1003	1029	156	13	1.50450610	6.46488813
1003	1029	156	14	1.56481573	4.53935905
1003	1029	156	15	0.37248314	1.11522205
1003	1029	156	16	0.44653832	3.41997973
1003	1029	156	17	2.25410552	7.43576074
1003	1029	156	18	1.12494050	3.15762215
1003	1029	156	19	1.01287278	3.40062895
1003	1029	157	0	0.62739376	3.95867820
1003	1029	157	1	2.07704828	8.30072961
1003	1029	157	2	0.56484925	1.60632609
1003	1029	157	3	0.66889366	5.78880999
1003	1029	157	4	1.11445297	4.14898769
1003	1029	157	5	0.97559592	4.08241968
1003	1029	157	6	0.05401554	0.28401490
1003	1029	157	7	1.34948896	3.72564053
1003	1029	157	8	0.66855154	4.59949569
1003	1029	157	9	2.00347544	5.68796043
1003	1029	157	10	0.09379753	0.31105741
1003	1029	157	11	1.02144092	6.10292150
1003	1029	157	12	0.09657383	0.40749146
1003	1029	157	13	1.50441490	6.46444000
1003	1029	157	14	1.56472586	4.53912572
1003	1029	157	15	0.37256298	1.11544892
1003	1029	157	16	0.44646873	3.41977996
1003	1029	157	17	2.25431549	7.43598187
1003	1029	157	18	1.12511053	3.15808030
1003	1029	157	19	1.01284893	3.40056011
1003	1029	158	0	0.62734202	3.95807761
1003	1029	158	1	2.07694792	8.30038664
1003	1029	158	2	0.56486504	1.60632084
1003	1029	158	3	0.66890268	5.78896979
1003	1029	158	4	1.11442174	4.14893893
1003	1029	158	5	0.97575469	4.08302776
1003	1029	158	6	0.05401258	0.28400535
1003	1029	158	7	1.34951286	3.72570191
1003	1029	158	8	0.66855412	4.59950571
1003	1029	158	9	2.00347164	5.68796171
1003	1029	158	10	0.09382339	0.31114385
1003	1029	158	11	1.02144672	6.10293868
1003	1029	158	12	0.09656876	0.40747636
1003	1029	158	13	1.50433156	6.46400497
1003	1029	158	14	1.56463691	4.53888297
1003	1029	158	15	0.37264066	1.11567990
1003	1029	158	16	0.44640068	3.41953669
1003	1029	158	17	2.25455107	7.43634595
1003	1029	158	18	1.12527599	3.15854532
1003	1029	158	19	1.01282537	3.40048793
1003	1029	159	0	0.62730095	3.95752055
1003	1029	159	1	2.07685012	8.30002914
1003	1029	159	2	0.56488529	1.60633323
1003	1029	159	3	0.66890939	5.78912016
1003	1029	159	4	1.11438815	4.14887204
1003	1029	159	5	0.97590695	4.08364938
1003	1029	159	6	0.05400965	0.28399466
1003	1029	159	7	1.34953635	3.72576496
1003	1029	159	8	0.66855662	4.59951686
1003	1029	159	9	2.00346677	5.68795874
1003	1029	159	10	0.09384802	0.31123010
1003	1029	159	11	1.02145248	6.10295879
1003	1029	159	12	0.09656369	0.40745975
1003	1029	159	13	1.50425654	6.46358788
1003	1029	159	14	1.56455002	4.53863496
1003	1029	159	15	0.37271528	1.11591145
1003	1029	159	16	0.44633495	3.41925714
1003	1029	159	17	2.25480677	7.43683526
1003	1029	159	18	1.12543503	3.15901020
1003	1029	159	19	1.01280240	3.40041368
1003	1029	160	0	0.62727016	3.95701080
1003	1029	160	1	2.07675600	8.29966331
1003	1029	160	2	0.56490932	1.60636151
1003	1029	160	3	0.66891391	5.78925986
1003	1029	160	4	1.11435286	4.14878952
1003	1029	160	5	0.97605117	4.08427480
1003	1029	160	6	0.05400679	0.28398307
1003	1029	160	7	1.34955915	3.72582866
1003	1029	160	8	0.66855899	4.59952888
1003	1029	160	9	2.00346099	5.68795195
1003	1029	160	10	0.09387120	0.31131501
1003	1029	160	11	1.02145811	6.10298128
1003	1029	160	12	0.09655870	0.40744202
1003	1029	160	13	1.50419011	6.46319286
1003	1029	160	14	1.56446621	4.53838557
1003	1029	160	15	0.37278612	1.11614034
1003	1029	160	16	0.44627226	3.41894839
1003	1029	160	17	2.25507726	7.43743194
1003	1029	160	18	1.12558602	3.15946857
1003	1029	160	19	1.01278029	3.40033858
1003	1029	161	0	0.62724915	3.95655112
1003	1029	161	1	2.07666653	8.29929492
1003	1029	161	2	0.56493646	1.60640387
1003	1029	161	3	0.66891637	5.78938795
1003	1029	161	4	1.11431652	4.14869389
1003	1029	161	5	0.97618610	4.08489508
1003	1029	161	6	0.05400404	0.28397083
1003	1029	161	7	1.34958100	3.72589209
1003	1029	161	8	0.66856123	4.59954154
1003	1029	161	9	2.00345445	5.68794176
1003	1029	161	10	0.09389274	0.31139752
1003	1029	161	11	1.02146356	6.10300565
1003	1029	161	12	0.09655385	0.40742350
1003	1029	161	13	1.50413244	6.46282337
1003	1029	161	14	1.56438634	4.53813835
1003	1029	161	15	0.37285252	1.11636366
1003	1029	161	16	0.44621319	3.41861728
1003	1029	161	17	2.25535753	7.43811825
1003	1029	161	18	1.12572762	3.15991469
1003	1029	161	19	1.01275925	3.40026374
1003	1029	162	0	0.62723735	3.95614335
1003	1029	162	1	2.07658252	8.29892925
1003	1029	162	2	0.56496608	1.60645848
1003	1029	162	3	0.66891692	5.78950370
1003	1029	162	4	1.11427971	4.14858760
1003	1029	162	5	0.97631070	4.08550214
1003	1029	162	6	0.05400141	0.28395817
1003	1029	162	7	1.34960169	3.72595439
1003	1029	162	8	0.66856332	4.59955459
1003	1029	162	9	2.00344732	5.68792862
1003	1029	162	10	0.09391248	0.31147670
1003	1029	162	11	1.02146876	6.10303138
1003	1029	162	12	0.09654918	0.40740452
1003	1029	162	13	1.50408352	6.46248222
1003	1029	162	14	1.56431118	4.53789650
1003	1029	162	15	0.37291397	1.11657884
1003	1029	162	16	0.44615823	3.41827034
1003	1029	162	17	2.25564285	7.43887681
1003	1029	162	18	1.12585871	3.16034354
1003	1029	162	19	1.01273949	3.40019015
1003	1029	163	0	0.62723409	3.95578847
1003	1029	163	1	2.07650465	8.29857109
1003	1029	163	2	0.56499753	1.60652350
1003	1029	163	3	0.66891572	5.78960662
1003	1029	163	4	1.11424297	4.14847305
1003	1029	163	5	0.97642419	4.08608883
1003	1029	163	6	0.05399894	0.28394528
1003	1029	163	7	1.34962104	3.72601482
1003	1029	163	8	0.66856523	4.59956783
1003	1029	163	9	2.00343974	5.68791298
1003	1029	163	10	0.09393032	0.31155178
1003	1029	163	11	1.02147367	6.10305801
1003	1029	163	12	0.09654476	0.40738537
1003	1029	163	13	1.50404325	6.46217157
1003	1029	163	14	1.56424133	4.53766287
1003	1029	163	15	0.37297006	1.11678364
1003	1029	163	16	0.44610776	3.41791376
1003	1029	163	17	2.25592886	7.43969075
1003	1029	163	18	1.12597842	3.16075076
1003	1029	163	19	1.01272116	3.40011873
1003	1029	164	0	0.62723865	3.95548663
1003	1029	164	1	2.07643344	8.29822469
1003	1029	164	2	0.56503023	1.60659711
1003	1029	164	3	0.66891294	5.78969646
1003	1029	164	4	1.11420680	4.14835253
1003	1029	164	5	0.97652600	4.08664889
1003	1029	164	6	0.05399664	0.28393238
1003	1029	164	7	1.34963890	3.72607270
1003	1029	164	8	0.66856697	4.59958106
1003	1029	164	9	2.00343186	5.68789527
1003	1029	164	10	0.09394618	0.31162208
1003	1029	164	11	1.02147824	6.10308509
1003	1029	164	12	0.09654061	0.40736634
1003	1029	164	13	1.50401142	6.46189297
1003	1029	164	14	1.56417728	4.53743994
1003	1029	164	15	0.37302051	1.11697617
1003	1029	164	16	0.44606209	3.41755330
1003	1029	164	17	2.25621156	7.44054399
1003	1029	164	18	1.12608614	3.16113268
1003	1029	164	19	1.01270439	3.40005025
1003	1029	165	0	0.62725028	3.95523723
1003	1029	165	1	2.07636927	8.29789377
1003	1029	165	2	0.56506361	1.60667754
1003	1029	165	3	0.66890877	5.78977314
1003	1029	165	4	1.11417164	4.14822821
1003	1029	165	5	0.97661576	4.08717700
1003	1029	165	6	0.05399454	0.28391963
1003	1029	165	7	1.34965516	3.72612749
1003	1029	165	8	0.66856851	4.59959410
1003	1029	165	9	2.00342381	5.68787592
1003	1029	165	10	0.09396002	0.31168705
1003	1029	165	11	1.02148245	6.10311221
1003	1029	165	12	0.09653678	0.40734767
1003	1029	165	13	1.50398771	6.46164739
1003	1029	165	14	1.56411940	4.53722982
1003	1029	165	15	0.37306511	1.11715488
1003	1029	165	16	0.44602142	3.41719425
1003	1029	165	17	2.25648737	7.44142130
1003	1029	165	18	1.12618144	3.16148630
1003	1029	165	19	1.01268927	3.39998540
1003	1029	166	0	0.62726817	3.95503902
1003	1029	166	1	2.07631241	8.29758151
1003	1029	166	2	0.56509716	1.60676306
1003	1029	166	3	0.66890338	5.78983679
1003	1029	166	4	1.11413788	4.14810213
1003	1029	166	5	0.97669333	4.08766875
1003	1029	166	6	0.05399263	0.28390720
1003	1029	166	7	1.34966974	3.72617869
1003	1029	166	8	0.66856986	4.59960679
1003	1029	166	9	2.00341572	5.68785533
1003	1029	166	10	0.09397182	0.31174629
1003	1029	166	11	1.02148626	6.10313900
1003	1029	166	12	0.09653328	0.40732959
1003	1029	166	13	1.50397171	6.46143527
1003	1029	166	14	1.56406793	4.53703426
1003	1029	166	15	0.37310379	1.11731855
1003	1029	166	16	0.44598585	3.41684143
1003	1029	166	17	2.25675311	7.44230849
1003	1029	166	18	1.12626412	3.16180930
1003	1029	166	19	1.01267586	3.39992474
1003	1029	167	0	0.62729154	3.95489015
1003	1029	167	1	2.07626298	8.29729053
1003	1029	167	2	0.56513040	1.60685206
1003	1029	167	3	0.66889697	5.78988770
1003	1029	167	4	1.11410586	4.14797615
1003	1029	167	5	0.97675871	4.08812062
1003	1029	167	6	0.05399094	0.28389524
1003	1029	167	7	1.34968260	3.72622593
1003	1029	167	8	0.66857102	4.59961899
1003	1029	167	9	2.00340771	5.68783391
1003	1029	167	10	0.09398161	0.31179948
1003	1029	167	11	1.02148966	6.10316511
1003	1029	167	12	0.09653013	0.40731230
1003	1029	167	13	1.50396297	6.46125653
1003	1029	167	14	1.56402301	4.53685465
1003	1029	167	15	0.37313652	1.11746626
1003	1029	167	16	0.44595542	3.41649913
1003	1029	167	17	2.25700603	7.44319251
1003	1029	167	18	1.12633419	3.16209996
1003	1029	167	19	1.01266420	3.39986874
1003	1029	168	0	0.62731957	3.95478827
1003	1029	168	1	2.07622100	8.29702294
1003	1029	168	2	0.56516290	1.60694301
1003	1029	168	3	0.66888969	5.78992632
1003	1029	168	4	1.11407586	4.14785200
1003	1029	168	5	0.97681210	4.08852995
1003	1029	168	6	0.05398946	0.28388385
1003	1029	168	7	1.34969371	3.72626892
1003	1029	168	8	0.66857198	4.59963057
1003	1029	168	9	2.00339987	5.68781202
1003	1029	168	10	0.09398942	0.31184644
1003	1029	168	11	1.02149264	6.10319026
1003	1029	168	12	0.09652734	0.40729595
1003	1029	168	13	1.50396095	6.46111066
1003	1029	168	14	1.56398468	4.53669205
1003	1029	168	15	0.37316341	1.11759740
1003	1029	168	16	0.44593009	3.41617111
1003	1029	168	17	2.25724379	7.44406148
1003	1029	168	18	1.12639178	3.16235717
1003	1029	168	19	1.01265428	3.39981776
1003	1029	169	0	0.62735146	3.95473057
1003	1029	169	1	2.07618639	8.29678034
1003	1029	169	2	0.56519428	1.60703447
1003	1029	169	3	0.66888175	5.78995320
1003	1029	169	4	1.11404811	4.14773120
1003	1029	169	5	0.97685384	4.08889492
1003	1029	169	6	0.05398820	0.28387316
1003	1029	169	7	1.34970306	3.72630744
1003	1029	169	8	0.66857275	4.59964142
1003	1029	169	9	2.00339230	5.68779001
1003	1029	169	10	0.09399534	0.31188706
1003	1029	169	11	1.02149520	6.10321418
1003	1029	169	12	0.09652493	0.40728070
1003	1029	169	13	1.50396509	6.46099672
1003	1029	169	14	1.56395287	4.53654718
1003	1029	169	15	0.37318458	1.11771165
1003	1029	169	16	0.44590976	3.41586061
1003	1029	169	17	2.25746449	7.44490482
1003	1029	169	18	1.12643724	3.16258038
1003	1029	169	19	1.01264609	3.39977204
1003	1029	170	0	0.62738642	3.95471392
1003	1029	170	1	2.07615897	8.29656385
1003	1029	170	2	0.56522420	1.60712515
1003	1029	170	3	0.66887329	5.78996903
1003	1029	170	4	1.11402279	4.14761510
1003	1029	170	5	0.97688439	4.08921446
1003	1029	170	6	0.05398715	0.28386323
1003	1029	170	7	1.34971071	3.72634137
1003	1029	170	8	0.66857334	4.59965147
1003	1029	170	9	2.00338509	5.68776818
1003	1029	170	10	0.09399944	0.31192136
1003	1029	170	11	1.02149734	6.10323665
1003	1029	170	12	0.09652289	0.40726665
1003	1029	170	13	1.50397477	6.46091345
1003	1029	170	14	1.56392745	4.53642045
1003	1029	170	15	0.37320028	1.11780894
1003	1029	170	16	0.44589425	3.41557034
1003	1029	170	17	2.25766660	7.44571322
1003	1029	170	18	1.12647101	3.16276955
1003	1029	170	19	1.01263959	3.39973176
1003	1029	171	0	0.62742371	3.95473487
1003	1029	171	1	2.07613847	8.29637412
1003	1029	171	2	0.56525239	1.60721386
1003	1029	171	3	0.66886449	5.78997457
1003	1029	171	4	1.11400003	4.14750486
1003	1029	171	5	0.97690432	4.08948823
1003	1029	171	6	0.05398631	0.28385415
1003	1029	171	7	1.34971668	3.72637065
1003	1029	171	8	0.66857376	4.59966066
1003	1029	171	9	2.00337829	5.68774682
1003	1029	171	10	0.09400183	0.31194943
1003	1029	171	11	1.02149906	6.10325750
1003	1029	171	12	0.09652121	0.40725388
1003	1029	171	13	1.50398938	6.46085925
1003	1029	171	14	1.56390819	4.53631199
1003	1029	171	15	0.37321075	1.11788945
1003	1029	171	16	0.44588336	3.41530248
1003	1029	171	17	2.25784901	7.44647870
1003	1029	171	18	1.12649367	3.16292513
1003	1029	171	19	1.01263472	3.39969697
1003	1029	172	0	0.62746260	3.95478978
1003	1029	172	1	2.07612457	8.29621138
1003	1029	172	2	0.56527862	1.60729958
1003	1029	172	3	0.66885550	5.78997068
1003	1029	172	4	1.11397991	4.14740148
1003	1029	172	5	0.97691431	4.08971655
1003	1029	172	6	0.05398568	0.28384595
1003	1029	172	7	1.34972104	3.72639529
1003	1029	172	8	0.66857401	4.59966892
1003	1029	172	9	2.00337196	5.68772619
1003	1029	172	10	0.09400263	0.31197144
1003	1029	172	11	1.02150039	6.10327658
1003	1029	172	12	0.09651989	0.40724247
1003	1029	172	13	1.50400826	6.46083226
1003	1029	172	14	1.56389482	4.53622167
1003	1029	172	15	0.37321634	1.11795356
1003	1029	172	16	0.44587682	3.41505872
1003	1029	172	17	2.25801096	7.44719456
1003	1029	172	18	1.12650591	3.16304797
1003	1029	172	19	1.01263140	3.39966768
1003	1029	173	0	0.62750241	3.95487487
1003	1029	173	1	2.07611685	8.29607545
1003	1029	173	2	0.56530268	1.60738137
1003	1029	173	3	0.66884645	5.78995823
1003	1029	173	4	1.11396246	4.14730574
1003	1029	173	5	0.97691512	4.08990034
1003	1029	173	6	0.05398523	0.28383868
1003	1029	173	7	1.34972389	3.72641538
1003	1029	173	8	0.66857411	4.59967623
1003	1029	173	9	2.00336615	5.68770649
1003	1029	173	10	0.09400198	0.31198761
1003	1029	173	11	1.02150133	6.10329380
1003	1029	173	12	0.09651890	0.40723243
1003	1029	173	13	1.50403078	6.46083044
1003	1029	173	14	1.56388698	4.53614911
1003	1029	173	15	0.37321739	1.11800186
1003	1029	173	16	0.44587432	3.41484025
1003	1029	173	17	2.25815206	7.44785539
1003	1029	173	18	1.12650848	3.16313930
1003	1029	173	19	1.01262953	3.39964378
1003	1029	174	0	0.62754252	3.95498628
1003	1029	174	1	2.07611488	8.29596583
1003	1029	174	2	0.56532446	1.60745847
1003	1029	174	3	0.66883748	5.78993818
1003	1029	174	4	1.11394770	4.14721828
1003	1029	174	5	0.97690754	4.09004104
1003	1029	174	6	0.05398497	0.28383234
1003	1029	174	7	1.34972532	3.72643104
1003	1029	174	8	0.66857406	4.59968258
1003	1029	174	9	2.00336090	5.68768793
1003	1029	174	10	0.09400000	0.31199826
1003	1029	174	11	1.02150191	6.10330908
1003	1029	174	12	0.09651825	0.40722379
1003	1029	174	13	1.50405631	6.46085157
1003	1029	174	14	1.56388429	4.53609373
1003	1029	174	15	0.37321430	1.11803509
1003	1029	174	16	0.44587556	3.41464783
1003	1029	174	17	2.25827223	7.44845701
1003	1029	174	18	1.12650222	3.16320068
1003	1029	174	19	1.01262902	3.39962514
1003	1029	175	0	0.62758235	3.95512013
1003	1029	175	1	2.07611818	8.29588168
1003	1029	175	2	0.56534385	1.60753023
1003	1029	175	3	0.66882870	5.78991147
1003	1029	175	4	1.11393558	4.14713955
1003	1029	175	5	0.97689244	4.09014056
1003	1029	175	6	0.05398488	0.28382695
1003	1029	175	7	1.34972543	3.72644245
1003	1029	175	8	0.66857389	4.59968797
1003	1029	175	9	2.00335622	5.68767065
1003	1029	175	10	0.09399685	0.31200373
1003	1029	175	11	1.02150216	6.10332238
1003	1029	175	12	0.09651790	0.40721655
1003	1029	175	13	1.50408422	6.46089330
1003	1029	175	14	1.56388634	4.53605476
1003	1029	175	15	0.37320748	1.11805413
1003	1029	175	16	0.44588016	3.41448178
1003	1029	175	17	2.25837169	7.44899644
1003	1029	175	18	1.12648799	3.16323393
1003	1029	175	19	1.01262974	3.39961154
1003	1029	176	0	0.62762137	3.95527257
1003	1029	176	1	2.07612622	8.29582187
1003	1029	176	2	0.56536079	1.60759615
1003	1029	176	3	0.66882021	5.78987907
1003	1029	176	4	1.11392603	4.14706985
1003	1029	176	5	0.97687068	4.09020121
1003	1029	176	6	0.05398494	0.28382249
1003	1029	176	7	1.34972434	3.72644984
1003	1029	176	8	0.66857361	4.59969240
1003	1029	176	9	2.00335213	5.68765478
1003	1029	176	10	0.09399268	0.31200440
1003	1029	176	11	1.02150210	6.10333371
1003	1029	176	12	0.09651783	0.40721067
1003	1029	176	13	1.50411392	6.46095323
1003	1029	176	14	1.56389266	4.53603127
1003	1029	176	15	0.37319736	1.11806000
1003	1029	176	16	0.44588778	3.41434202
1003	1029	176	17	2.25845090	7.44947182
1003	1029	176	18	1.12646671	3.16324112
1003	1029	176	19	1.01263159	3.39960272
1003	1029	177	0	0.62765913	3.95543985
1003	1029	177	1	2.07613847	8.29578508
1003	1029	177	2	0.56537528	1.60765583
1003	1029	177	3	0.66881211	5.78984193
1003	1029	177	4	1.11391896	4.14700932
1003	1029	177	5	0.97684317	4.09022562
1003	1029	177	6	0.05398514	0.28381894
1003	1029	177	7	1.34972217	3.72645347
1003	1029	177	8	0.66857322	4.59969590
1003	1029	177	9	2.00334863	5.68764041
1003	1029	177	10	0.09398762	0.31200069
1003	1029	177	11	1.02150176	6.10334308
1003	1029	177	12	0.09651801	0.40720611
1003	1029	177	13	1.50414484	6.46102891
1003	1029	177	14	1.56390280	4.53602220
1003	1029	177	15	0.37318436	1.11805379
1003	1029	177	16	0.44589804	3.41422814
1003	1029	177	17	2.25851060	7.44988232
1003	1029	177	18	1.12643929	3.16322446
1003	1029	177	19	1.01263442	3.39959836
1003	1029	178	0	0.62769520	3.95561835
1003	1029	178	1	2.07615439	8.29576974
1003	1029	178	2	0.56538732	1.60770901
1003	1029	178	3	0.66880448	5.78980098
1003	1029	178	4	1.11391423	4.14695798
1003	1029	178	5	0.97681080	4.09021668
1003	1029	178	6	0.05398547	0.28381626
1003	1029	178	7	1.34971906	3.72645361
1003	1029	178	8	0.66857275	4.59969851
1003	1029	178	9	2.00334572	5.68762760
1003	1029	178	10	0.09398184	0.31199304
1003	1029	178	11	1.02150116	6.10335053
1003	1029	178	12	0.09651844	0.40720282
1003	1029	178	13	1.50417644	6.46111789
1003	1029	178	14	1.56391627	4.53602640
1003	1029	178	15	0.37316893	1.11803665
1003	1029	178	16	0.44591055	3.41413939
1003	1029	178	17	2.25855170	7.45022808
1003	1029	178	18	1.12640666	3.16318632
1003	1029	178	19	1.01263813	3.39959815
1003	1029	179	0	0.62772926	3.95580460
1003	1029	179	1	2.07617342	8.29577416
1003	1029	179	2	0.56539698	1.60775554
1003	1029	179	3	0.66879737	5.78975712
1003	1029	179	4	1.11391170	4.14691569
1003	1029	179	5	0.97677444	4.09017751
1003	1029	179	6	0.05398590	0.28381442
1003	1029	179	7	1.34971511	3.72645059
1003	1029	179	8	0.66857221	4.59970026
1003	1029	179	9	2.00334339	5.68761639
1003	1029	179	10	0.09397548	0.31198192
1003	1029	179	11	1.02150034	6.10335615
1003	1029	179	12	0.09651906	0.40720074
1003	1029	179	13	1.50420824	6.46121777
1003	1029	179	14	1.56393259	4.53604262
1003	1029	179	15	0.37315150	1.11800981
1003	1029	179	16	0.44592495	3.41407474
1003	1029	179	17	2.25857530	7.45051015
1003	1029	179	18	1.12636973	3.16312913
1003	1029	179	19	1.01264257	3.39960170
1003	1029	180	0	0.62776100	3.95599537
1003	1029	180	1	2.07619504	8.29579652
1003	1029	180	2	0.56540433	1.60779536
1003	1029	180	3	0.66879084	5.78971123
1003	1029	180	4	1.11391122	4.14688225
1003	1029	180	5	0.97673495	4.09011133
1003	1029	180	6	0.05398643	0.28381337
1003	1029	180	7	1.34971048	3.72644472
1003	1029	180	8	0.66857161	4.59970122
1003	1029	180	9	2.00334161	5.68760680
1003	1029	180	10	0.09396867	0.31196778
1003	1029	180	11	1.02149934	6.10336000
1003	1029	180	12	0.09651987	0.40719977
1003	1029	180	13	1.50423978	6.46132619
1003	1029	180	14	1.56395127	4.53606956
1003	1029	180	15	0.37313248	1.11797449
1003	1029	180	16	0.44594087	3.41403295
1003	1029	180	17	2.25858264	7.45073031
1003	1029	180	18	1.12632941	3.16305538
1003	1029	180	19	1.01264762	3.39960863
1003	1029	181	0	0.62779020	3.95618762
1003	1029	181	1	2.07621872	8.29583490
1003	1029	181	2	0.56540948	1.60782853
1003	1029	181	3	0.66878493	5.78966411
1003	1029	181	4	1.11391260	4.14685730
1003	1029	181	5	0.97669315	4.09002146
1003	1029	181	6	0.05398704	0.28381305
1003	1029	181	7	1.34970527	3.72643634
1003	1029	181	8	0.66857097	4.59970144
1003	1029	181	9	2.00334037	5.68759881
1003	1029	181	10	0.09396154	0.31195109
1003	1029	181	11	1.02149817	6.10336221
1003	1029	181	12	0.09652083	0.40719984
1003	1029	181	13	1.50427063	6.46144090
1003	1029	181	14	1.56397186	4.53610590
1003	1029	181	15	0.37311227	1.11793194
1003	1029	181	16	0.44595796	3.41401253
1003	1029	181	17	2.25857507	7.45089108
1003	1029	181	18	1.12628653	3.16296757
1003	1029	181	19	1.01265316	3.39961855
1003	1029	182	0	0.62781669	3.95637857
1003	1029	182	1	2.07624393	8.29588734
1003	1029	182	2	0.56541255	1.60785519
1003	1029	182	3	0.66877966	5.78961652
1003	1029	182	4	1.11391566	4.14684043
1003	1029	182	5	0.97664983	4.08991127
1003	1029	182	6	0.05398771	0.28381340
1003	1029	182	7	1.34969962	3.72642578
1003	1029	182	8	0.66857029	4.59970099
1003	1029	182	9	2.00333962	5.68759239
1003	1029	182	10	0.09395424	0.31193231
1003	1029	182	11	1.02149688	6.10336288
1003	1029	182	12	0.09652191	0.40720085
1003	1029	182	13	1.50430045	6.46155977
1003	1029	182	14	1.56399389	4.53615030
1003	1029	182	15	0.37309127	1.11788339
1003	1029	182	16	0.44597588	3.41401187
1003	1029	182	17	2.25855402	7.45099554
1003	1029	182	18	1.12624193	3.16286815
1003	1029	182	19	1.01265906	3.39963105
1003	1029	183	0	0.62784033	3.95656571
1003	1029	183	1	2.07627020	8.29595187
1003	1029	183	2	0.56541369	1.60787554
1003	1029	183	3	0.66877505	5.78956915
1003	1029	183	4	1.11392020	4.14683115
1003	1029	183	5	0.97660571	4.08978407
1003	1029	183	6	0.05398843	0.28381435
1003	1029	183	7	1.34969363	3.72641340
1003	1029	183	8	0.66856960	4.59969992
1003	1029	183	9	2.00333935	5.68758749
1003	1029	183	10	0.09394686	0.31191188
1003	1029	183	11	1.02149549	6.10336215
1003	1029	183	12	0.09652309	0.40720270
1003	1029	183	13	1.50432892	6.46168079
1003	1029	183	14	1.56401694	4.53620142
1003	1029	183	15	0.37306983	1.11783004
1003	1029	183	16	0.44599429	3.41402921
1003	1029	183	17	2.25852098	7.45104729
1003	1029	183	18	1.12619636	3.16275954
1003	1029	183	19	1.01266522	3.39964574
1003	1029	184	0	0.62786106	3.95674680
1003	1029	184	1	2.07629707	8.29602653
1003	1029	184	2	0.56541305	1.60788987
1003	1029	184	3	0.66877110	5.78952265
1003	1029	184	4	1.11392604	4.14682891
1003	1029	184	5	0.97656149	4.08964313
1003	1029	184	6	0.05398918	0.28381584
1003	1029	184	7	1.34968743	3.72639952
1003	1029	184	8	0.66856889	4.59969832
1003	1029	184	9	2.00333950	5.68758403
1003	1029	184	10	0.09393953	0.31189023
1003	1029	184	11	1.02149402	6.10336015
1003	1029	184	12	0.09652435	0.40720530
1003	1029	184	13	1.50435575	6.46180210
1003	1029	184	14	1.56404060	4.53625797
1003	1029	184	15	0.37304829	1.11777306
1003	1029	184	16	0.44601292	3.41406270
1003	1029	184	17	2.25847749	7.45105032
1003	1029	184	18	1.12615055	3.16264404
1003	1029	184	19	1.01267152	3.39966220
1003	1029	185	0	0.62787885	3.95691990
1003	1029	185	1	2.07632412	8.29610937
1003	1029	185	2	0.56541079	1.60789852
1003	1029	185	3	0.66876781	5.78947757
1003	1029	185	4	1.11393297	4.14683311
1003	1029	185	5	0.97651776	4.08949162
1003	1029	185	6	0.05398995	0.28381780
1003	1029	185	7	1.34968112	3.72638446
1003	1029	185	8	0.66856819	4.59969624
1003	1029	185	9	2.00334004	5.68758195
1003	1029	185	10	0.09393233	0.31186776
1003	1029	185	11	1.02149251	6.10335701
1003	1029	185	12	0.09652565	0.40720854
1003	1029	185	13	1.50438074	6.46192201
1003	1029	185	14	1.56406448	4.53631868
1003	1029	185	15	0.37302694	1.11771356
1003	1029	185	16	0.44603148	3.41411044
1003	1029	185	17	2.25842508	7.45100894
1003	1029	185	18	1.12610515	3.16252386
1003	1029	185	19	1.01267787	3.39968006
1003	1029	186	0	0.62789373	3.95708334
1003	1029	186	1	2.07635096	8.29619853
1003	1029	186	2	0.56540711	1.60790188
1003	1029	186	3	0.66876516	5.78943441
1003	1029	186	4	1.11394080	4.14684311
1003	1029	186	5	0.97647509	4.08933258
1003	1029	186	6	0.05399074	0.28382016
1003	1029	186	7	1.34967478	3.72636854
1003	1029	186	8	0.66856750	4.59969377
1003	1029	186	9	2.00334092	5.68758113
1003	1029	186	10	0.09392535	0.31184487
1003	1029	186	11	1.02149098	6.10335289
1003	1029	186	12	0.09652699	0.40721231
1003	1029	186	13	1.50440369	6.46203899
1003	1029	186	14	1.56408824	4.53638234
1003	1029	186	15	0.37300608	1.11765257
1003	1029	186	16	0.44604972	3.41417051
1003	1029	186	17	2.25836525	7.45092769
1003	1029	186	18	1.12606073	3.16240107
1003	1029	186	19	1.01268417	3.39969895
1003	1029	187	0	0.62790574	3.95723572
1003	1029	187	1	2.07637724	8.29629222
1003	1029	187	2	0.56540216	1.60790037
1003	1029	187	3	0.66876314	5.78939358
1003	1029	187	4	1.11394934	4.14685825
1003	1029	187	5	0.97643398	4.08916885
1003	1029	187	6	0.05399151	0.28382285
1003	1029	187	7	1.34966853	3.72635206
1003	1029	187	8	0.66856683	4.59969096
1003	1029	187	9	2.00334211	5.68758150
1003	1029	187	10	0.09391868	0.31182190
1003	1029	187	11	1.02148946	6.10334794
1003	1029	187	12	0.09652833	0.40721653
1003	1029	187	13	1.50442448	6.46215169
1003	1029	187	14	1.56411157	4.53644781
1003	1029	187	15	0.37298593	1.11759107
1003	1029	187	16	0.44606742	3.41424097
1003	1029	187	17	2.25829951	7.45081124
1003	1029	187	18	1.12601783	3.16227759
1003	1029	187	19	1.01269034	3.39971852
1003	1029	188	0	0.62791497	3.95737593
1003	1029	188	1	2.07640265	8.29638874
1003	1029	188	2	0.56539615	1.60789445
1003	1029	188	3	0.66876172	5.78935546
1003	1029	188	4	1.11395842	4.14687788
1003	1029	188	5	0.97639485	4.08900311
1003	1029	188	6	0.05399228	0.28382581
1003	1029	188	7	1.34966242	3.72633529
1003	1029	188	8	0.66856619	4.59968789
1003	1029	188	9	2.00334356	5.68758292
1003	1029	188	10	0.09391237	0.31179917
1003	1029	188	11	1.02148795	6.10334228
1003	1029	188	12	0.09652965	0.40722108
1003	1029	188	13	1.50444302	6.46225895
1003	1029	188	14	1.56413417	4.53651404
1003	1029	188	15	0.37296672	1.11752996
1003	1029	188	16	0.44608439	3.41431993
1003	1029	188	17	2.25822928	7.45066435
1003	1029	188	18	1.12597691	3.16215519
1003	1029	188	19	1.01269631	3.39973842
1003	1029	189	0	0.62792155	3.95750314
1003	1029	189	1	2.07642691	8.29648651
1003	1029	189	2	0.56538923	1.60788459
1003	1029	189	3	0.66876085	5.78932031
1003	1029	189	4	1.11396785	4.14690130
1003	1029	189	5	0.97635806	4.08883782
1003	1029	189	6	0.05399302	0.28382896
1003	1029	189	7	1.34965654	3.72631848
1003	1029	189	8	0.66856558	4.59968463
1003	1029	189	9	2.00334523	5.68758529
1003	1029	189	10	0.09390648	0.31177698
1003	1029	189	11	1.02148649	6.10333607
1003	1029	189	12	0.09653095	0.40722589
1003	1029	189	13	1.50445924	6.46235977
1003	1029	189	14	1.56415580	4.53658003
1003	1029	189	15	0.37294863	1.11747004
1003	1029	189	16	0.44610045	3.41440554
1003	1029	189	17	2.25815593	7.45049175
1003	1029	189	18	1.12593834	3.16203545
1003	1029	189	19	1.01270201	3.39975837
1003	1029	190	0	0.62792562	3.95761674
1003	1029	190	1	2.07644980	8.29658407
1003	1029	190	2	0.56538159	1.60787128
1003	1029	190	3	0.66876051	5.78928836
1003	1029	190	4	1.11397749	4.14692787
1003	1029	190	5	0.97632391	4.08867522
1003	1029	190	6	0.05399373	0.28383226
1003	1029	190	7	1.34965094	3.72630188
1003	1029	190	8	0.66856501	4.59968123
1003	1029	190	9	2.00334707	5.68758849
1003	1029	190	10	0.09390105	0.31175558
1003	1029	190	11	1.02148509	6.10332944
1003	1029	190	12	0.09653221	0.40723085
1003	1029	190	13	1.50447313	6.46245334
1003	1029	190	14	1.56417626	4.53664491
1003	1029	190	15	0.37293180	1.11741202
1003	1029	190	16	0.44611547	3.41449603
1003	1029	190	17	2.25808075	7.45029812
1003	1029	190	18	1.12590245	3.16191979
1003	1029	190	19	1.01270740	3.39977808
1003	1029	191	0	0.62792735	3.95771639
1003	1029	191	1	2.07647111	8.29668011
1003	1029	191	2	0.56537340	1.60785501
1003	1029	191	3	0.66876066	5.78925976
1003	1029	191	4	1.11398716	4.14695694
1003	1029	191	5	0.97629264	4.08851731
1003	1029	191	6	0.05399440	0.28383564
1003	1029	191	7	1.34964567	3.72628569
1003	1029	191	8	0.66856449	4.59967776
1003	1029	191	9	2.00334904	5.68759241
1003	1029	191	10	0.09389612	0.31173521
1003	1029	191	11	1.02148376	6.10332251
1003	1029	191	12	0.09653340	0.40723589
1003	1029	191	13	1.50448471	6.46253902
1003	1029	191	14	1.56419536	4.53670787
1003	1029	191	15	0.37291636	1.11735655
1003	1029	191	16	0.44612933	3.41458972
1003	1029	191	17	2.25800493	7.45008800
1003	1029	191	18	1.12586949	3.16180942
1003	1029	191	19	1.01271241	3.39979730
1003	1029	192	0	0.62792692	3.95780197
1003	1029	192	1	2.07649071	8.29677342
1003	1029	192	2	0.56536482	1.60783627
1003	1029	192	3	0.66876124	5.78923460
1003	1029	192	4	1.11399675	4.14698787
1003	1029	192	5	0.97626441	4.08836583
1003	1029	192	6	0.05399502	0.28383905
1003	1029	192	7	1.34964079	3.72627011
1003	1029	192	8	0.66856401	4.59967427
1003	1029	192	9	2.00335111	5.68759692
1003	1029	192	10	0.09389171	0.31171604
1003	1029	192	11	1.02148251	6.10331541
1003	1029	192	12	0.09653453	0.40724093
1003	1029	192	13	1.50449403	6.46261634
1003	1029	192	14	1.56421297	4.53676823
1003	1029	192	15	0.37290238	1.11730414
1003	1029	192	16	0.44614195	3.41468503
1003	1029	192	17	2.25792958	7.44986575
1003	1029	192	18	1.12583966	3.16170540
1003	1029	192	19	1.01271703	3.39981582
1003	1029	193	0	0.62792454	3.95787354
1003	1029	193	1	2.07650847	8.29686298
1003	1029	193	2	0.56535600	1.60781554
1003	1029	193	3	0.66876221	5.78921294
1003	1029	193	4	1.11400612	4.14702008
1003	1029	193	5	0.97623935	4.08822230
1003	1029	193	6	0.05399560	0.28384243
1003	1029	193	7	1.34963631	3.72625528
1003	1029	193	8	0.66856358	4.59967081
1003	1029	193	9	2.00335324	5.68760191
1003	1029	193	10	0.09388783	0.31169823
1003	1029	193	11	1.02148136	6.10330826
1003	1029	193	12	0.09653558	0.40724591
1003	1029	193	13	1.50450115	6.46268498
1003	1029	193	14	1.56422897	4.53682539
1003	1029	193	15	0.37288994	1.11725526
1003	1029	193	16	0.44615326	3.41478051
1003	1029	193	17	2.25785569	7.44963552
1003	1029	193	18	1.12581309	3.16160860
1003	1029	193	19	1.01272121	3.39983343
1003	1029	194	0	0.62792041	3.95793138
1003	1029	194	1	2.07652431	8.29694789
1003	1029	194	2	0.56534708	1.60779328
1003	1029	194	3	0.66876352	5.78919474
1003	1029	194	4	1.11401517	4.14705301
1003	1029	194	5	0.97621751	4.08808798
1003	1029	194	6	0.05399612	0.28384575
1003	1029	194	7	1.34963228	3.72624135
1003	1029	194	8	0.66856320	4.59966742
1003	1029	194	9	2.00335539	5.68760727
1003	1029	194	10	0.09388449	0.31168191
1003	1029	194	11	1.02148031	6.10330115
1003	1029	194	12	0.09653654	0.40725075
1003	1029	194	13	1.50450619	6.46274476
1003	1029	194	14	1.56424329	4.53687884
1003	1029	194	15	0.37287907	1.11721025
1003	1029	194	16	0.44616322	3.41487483
1003	1029	194	17	2.25778416	7.44940119
1003	1029	194	18	1.12578985	3.16151969
1003	1029	194	19	1.01272494	3.39984998
1003	1029	195	0	0.62791474	3.95797591
1003	1029	195	1	2.07653819	8.29702738
1003	1029	195	2	0.56533821	1.60776994
1003	1029	195	3	0.66876513	5.78917996
1003	1029	195	4	1.11402379	4.14708614
1003	1029	195	5	0.97619891	4.08796391
1003	1029	195	6	0.05399659	0.28384896
1003	1029	195	7	1.34962869	3.72622842
1003	1029	195	8	0.66856288	4.59966415
1003	1029	195	9	2.00335753	5.68761289
1003	1029	195	10	0.09388169	0.31166717
1003	1029	195	11	1.02147937	6.10329418
1003	1029	195	12	0.09653741	0.40725541
1003	1029	195	13	1.50450924	6.46279566
1003	1029	195	14	1.56425588	4.53692818
1003	1029	195	15	0.37286978	1.11716940
1003	1029	195	16	0.44617183	3.41496679
1003	1029	195	17	2.25771574	7.44916635
1003	1029	195	18	1.12576996	3.16143921
1003	1029	195	19	1.01272822	3.39986533
1003	1029	196	0	0.62790775	3.95800771
1003	1029	196	1	2.07655008	8.29710086
1003	1029	196	2	0.56532949	1.60774593
1003	1029	196	3	0.66876698	5.78916850
1003	1029	196	4	1.11403192	4.14711900
1003	1029	196	5	0.97618352	4.08785087
1003	1029	196	6	0.05399701	0.28385203
1003	1029	196	7	1.34962557	3.72621660
1003	1029	196	8	0.66856260	4.59966102
1003	1029	196	9	2.00335963	5.68761867
1003	1029	196	10	0.09387942	0.31165407
1003	1029	196	11	1.02147854	6.10328743
1003	1029	196	12	0.09653818	0.40725983
1003	1029	196	13	1.50451046	6.46283776
1003	1029	196	14	1.56426672	4.53697310
1003	1029	196	15	0.37286205	1.11713288
1003	1029	196	16	0.44617907	3.41505534
1003	1029	196	17	2.25765112	7.44893428
1003	1029	196	18	1.12575341	3.16136750
1003	1029	196	19	1.01273103	3.39987939
1003	1029	197	0	0.62789965	3.95802747
1003	1029	197	1	2.07656001	8.29716784
1003	1029	197	2	0.56532103	1.60772163
1003	1029	197	3	0.66876903	5.78916020
1003	1029	197	4	1.11403947	4.14715115
1003	1029	197	5	0.97617126	4.08774944
1003	1029	197	6	0.05399736	0.28385493
1003	1029	197	7	1.34962291	3.72620593
1003	1029	197	8	0.66856238	4.59965808
1003	1029	197	9	2.00336167	5.68762452
1003	1029	197	10	0.09387766	0.31164264
1003	1029	197	11	1.02147782	6.10328098
1003	1029	197	12	0.09653886	0.40726398
1003	1029	197	13	1.50450998	6.46287128
1003	1029	197	14	1.56427582	4.53701338
1003	1029	197	15	0.37285585	1.11710083
1003	1029	197	16	0.44618497	3.41513956
1003	1029	197	17	2.25759083	7.44870793
1003	1029	197	18	1.12574011	3.16130477
1003	1029	197	19	1.01273338	3.39989207
1003	1029	198	0	0.62789065	3.95803599
1003	1029	198	1	2.07656801	8.29722799
1003	1029	198	2	0.56531292	1.60769743
1003	1029	198	3	0.66877123	5.78915492
1003	1029	198	4	1.11404640	4.14718222
1003	1029	198	5	0.97616203	4.08765998
1003	1029	198	6	0.05399766	0.28385764
1003	1029	198	7	1.34962071	3.72619647
1003	1029	198	8	0.66856220	4.59965534
1003	1029	198	9	2.00336363	5.68763035
1003	1029	198	10	0.09387639	0.31163290
1003	1029	198	11	1.02147721	6.10327489
1003	1029	198	12	0.09653944	0.40726782
1003	1029	198	13	1.50450796	6.46289652
1003	1029	198	14	1.56428321	4.53704887
1003	1029	198	15	0.37285114	1.11707328
1003	1029	198	16	0.44618957	3.41521869
1003	1029	198	17	2.25753532	7.44848990
1003	1029	198	18	1.12572997	3.16125109
1003	1029	198	19	1.01273527	3.39990332
1003	1029	199	0	0.62788096	3.95803417
1003	1029	199	1	2.07657415	8.29728109
1003	1029	199	2	0.56530525	1.60767362
1003	1029	199	3	0.66877353	5.78915244
1003	1029	199	4	1.11405267	4.14721188
1003	1029	199	5	0.97615567	4.08758264
1003	1029	199	6	0.05399791	0.28386013
1003	1029	199	7	1.34961896	3.72618824
1003	1029	199	8	0.66856208	4.59965282
1003	1029	199	9	2.00336548	5.68763608
1003	1029	199	10	0.09387558	0.31162482
1003	1029	199	11	1.02147671	6.10326921
1003	1029	199	12	0.09653992	0.40727133
1003	1029	199	13	1.50450457	6.46291386
1003	1029	199	14	1.56428895	4.53707951
1003	1029	199	15	0.37284783	1.11705021
1003	1029	199	16	0.44619293	3.41529208
1003	1029	199	17	2.25748493	7.44828245
1003	1029	199	18	1.12572283	3.16120637
1003	1029	199	19	1.01273673	3.39991311
1003	1029	200	0	0.62787078	3.95802295
1003	1029	200	1	2.07657850	8.29732704
1003	1029	200	2	0.56529808	1.60765052
1003	1029	200	3	0.66877591	5.78915256
1003	1029	200	4	1.11405825	4.14723983
1003	1029	200	5	0.97615202	4.08751742
1003	1029	200	6	0.05399810	0.28386239
1003	1029	200	7	1.34961765	3.72618124
1003	1029	200	8	0.66856199	4.59965054
1003	1029	200	9	2.00336721	5.68764164
1003	1029	200	10	0.09387521	0.31161837
1003	1029	200	11	1.02147632	6.10326398
1003	1029	200	12	0.09654031	0.40727449
1003	1029	200	13	1.50449998	6.46292378
1003	1029	200	14	1.56429309	4.53710532
1003	1029	200	15	0.37284586	1.11703154
1003	1029	200	16	0.44619510	3.41535924
1003	1029	200	17	2.25743990	7.44808749
1003	1029	200	18	1.12571854	3.16117045
1003	1029	200	19	1.01273776	3.39992144
