world_seed	cell_seed	time	gene_id	X	P
1000	1022	0	0	0.17352906	0.17352906
1000	1022	0	1	0.47826944	0.47826944
1000	1022	0	2	0.88555568	0.88555568
1000	1022	0	3	0.36454837	0.36454837
1000	1022	0	4	0.02296083	0.02296083
1000	1022	0	5	0.96887107	0.96887107
1000	1022	0	6	0.05121269	0.05121269
1000	1022	0	7	0.09125199	0.09125199
1000	1022	0	8	0.91770872	0.91770872
1000	1022	0	9	0.76397575	0.76397575
1000	1022	0	10	0.15747798	0.15747798
1000	1022	0	11	0.76808795	0.76808795
1000	1022	0	12	0.78427865	0.78427865
1000	1022	0	13	0.95586867	0.95586867
1000	1022	0	14	0.27440584	0.27440584
1000	1022	0	15	0.13594784	0.13594784
1000	1022	0	16	0.45336138	0.45336138
1000	1022	0	17	0.66827477	0.66827477
1000	1022	0	18	0.87750738	0.87750738
1000	1022	0	19	0.74712227	0.74712227
1000	1022	1	0	0.16633620	0.32639175
1000	1022	1	1	0.40531273	0.90859424
1000	1022	1	2	1.07537579	1.59854317
1000	1022	1	3	0.63668291	0.68072805
1000	1022	1	4	0.67286404	0.04028211
1000	1022	1	5	1.40776600	1.78413469
1000	1022	1	6	0.44019685	0.09508574
1000	1022	1	7	0.09337935	0.16714427
1000	1022	1	8	0.82474732	1.67885580
1000	1022	1	9	0.63718455	1.26600969
1000	1022	1	10	0.38348949	0.26035980
1000	1022	1	11	0.58940891	1.31827801
1000	1022	1	12	0.80648696	1.45288447
1000	1022	1	13	0.85641874	1.76514813
1000	1022	1	14	0.24978276	0.45441066
1000	1022	1	15	0.60312283	0.22487322
1000	1022	1	16	0.31695773	0.75428602
1000	1022	1	17	0.61909712	1.25192430
1000	1022	1	18	1.45882401	1.58065373
1000	1022	1	19	0.63029611	1.24321943
1000	1022	2	0	0.26072896	0.45385645
1000	1022	2	1	0.35641528	1.22282396
1000	1022	2	2	1.22605191	2.36241094
1000	1022	2	3	0.67331787	1.22709121
1000	1022	2	4	1.02166549	0.70325220
1000	1022	2	5	1.71974075	2.90903911
1000	1022	2	6	0.67297455	0.52165521
1000	1022	2	7	0.16805476	0.23238957
1000	1022	2	8	0.79976187	2.21718936
1000	1022	2	9	0.55767856	1.46912171
1000	1022	2	10	0.55609909	0.55358495
1000	1022	2	11	0.46321574	1.53370631
1000	1022	2	12	0.80684264	2.04508628
1000	1022	2	13	0.80499486	2.35086896
1000	1022	2	14	0.27323747	0.54786720
1000	1022	2	15	0.96461905	0.75021553
1000	1022	2	16	0.22597671	0.81762509
1000	1022	2	17	0.58725421	1.71248726
1000	1022	2	18	1.89900670	2.72540128
1000	1022	2	19	0.53550604	1.45580707
1000	1022	3	0	0.41486544	0.66053355
1000	1022	3	1	0.33049169	1.45665593
1000	1022	3	2	1.34238706	3.12809995
1000	1022	3	3	0.59432074	1.73759727
1000	1022	3	4	1.09138337	1.55218745
1000	1022	3	5	1.94000378	4.16757288
1000	1022	3	6	0.74767722	1.11986783
1000	1022	3	7	0.33822346	0.36132808
1000	1022	3	8	0.88841653	2.63869745
1000	1022	3	9	0.51807980	1.52308740
1000	1022	3	10	0.68716020	0.91776125
1000	1022	3	11	0.39621205	1.56182687
1000	1022	3	12	0.76947022	2.55030025
1000	1022	3	13	0.80617356	2.79534150
1000	1022	3	14	0.34204694	0.63262756
1000	1022	3	15	1.23326942	1.45534547
1000	1022	3	16	0.16762370	0.76868622
1000	1022	3	17	0.56559665	2.08288512
1000	1022	3	18	2.22981156	4.08286977
1000	1022	3	19	0.46027918	1.50217747
1000	1022	4	0	0.57988246	0.99673300
1000	1022	4	1	0.34033301	1.64112358
1000	1022	4	2	1.43112022	3.86091432
1000	1022	4	3	0.48374458	2.10137168
1000	1022	4	4	1.01752543	2.26232820
1000	1022	4	5	2.09027892	5.44683830
1000	1022	4	6	0.72844786	1.70704922
1000	1022	4	7	0.51909296	0.63873210
1000	1022	4	8	1.04687381	3.07695068
1000	1022	4	9	0.50793398	1.51895130
1000	1022	4	10	0.78384311	1.28674210
1000	1022	4	11	0.38222488	1.51496625
1000	1022	4	12	0.70553542	2.94362806
1000	1022	4	13	0.85209985	3.17282973
1000	1022	4	14	0.48755364	0.75703816
1000	1022	4	15	1.39490843	2.18523113
1000	1022	4	16	0.13786073	0.67784939
1000	1022	4	17	0.54758231	2.38472105
1000	1022	4	18	2.46920586	5.50141366
1000	1022	4	19	0.40729033	1.45774105
1000	1022	5	0	0.72734493	1.45790993
1000	1022	5	1	0.41030188	1.81694039
1000	1022	5	2	1.49790205	4.53965836
1000	1022	5	3	0.38116341	2.30630395
1000	1022	5	4	0.90648393	2.72418883
1000	1022	5	5	2.18028532	6.67356064
1000	1022	5	6	0.67560108	2.19084831
1000	1022	5	7	0.66441111	1.05031244
1000	1022	5	8	1.22653711	3.59889495
1000	1022	5	9	0.51874184	1.50608751
1000	1022	5	10	0.84855766	1.62448360
1000	1022	5	11	0.40123646	1.46741229
1000	1022	5	12	0.63677256	3.21500937
1000	1022	5	13	0.92952208	3.53835378
1000	1022	5	14	0.73835001	0.98415577
1000	1022	5	15	1.43454729	2.82429851
1000	1022	5	16	0.14030790	0.58779227
1000	1022	5	17	0.52596157	2.63032045
1000	1022	5	18	2.62098304	6.87748666
1000	1022	5	19	0.38641730	1.37524594
1000	1022	6	0	0.84756465	2.01162564
1000	1022	6	1	0.55397983	2.04510112
1000	1022	6	2	1.54575467	5.15291741
1000	1022	6	3	0.29874526	2.38146441
1000	1022	6	4	0.80513145	2.96156744
1000	1022	6	5	2.21146253	7.79580147
1000	1022	6	6	0.62012304	2.55246410
1000	1022	6	7	0.76731517	1.53793295
1000	1022	6	8	1.40148323	4.21145852
1000	1022	6	9	0.54677581	1.50844214
1000	1022	6	10	0.88072340	1.90984779
1000	1022	6	11	0.43298277	1.45236042
1000	1022	6	12	0.57706290	3.37760194
1000	1022	6	13	1.02589284	3.92524436
1000	1022	6	14	1.06930081	1.38393681
1000	1022	6	15	1.37566944	3.28196023
1000	1022	6	16	0.17898790	0.53046282
1000	1022	6	17	0.49432885	2.82319826
1000	1022	6	18	2.68061558	8.13191065
1000	1022	6	19	0.41217487	1.29959528
1000	1022	7	0	0.94082007	2.61961651
1000	1022	7	1	0.75723797	2.39406758
1000	1022	7	2	1.57383238	5.69452332
1000	1022	7	3	0.23670690	2.36423435
1000	1022	7	4	0.72900388	3.03928950
1000	1022	7	5	2.18412657	8.77129639
1000	1022	7	6	0.57487379	2.80677625
1000	1022	7	7	0.83407199	2.04638029
1000	1022	7	8	1.55968256	4.89446452
1000	1022	7	9	0.59557954	1.53802342
1000	1022	7	10	0.88070135	2.12844460
1000	1022	7	11	0.46354185	1.47332491
1000	1022	7	12	0.53194184	3.45650415
1000	1022	7	13	1.13158754	4.34917331
1000	1022	7	14	1.42807803	1.97713611
1000	1022	7	15	1.26302860	3.52244528
1000	1022	7	16	0.24913592	0.53108964
1000	1022	7	17	0.45073486	2.96001878
1000	1022	7	18	2.64799985	9.19671269
1000	1022	7	19	0.49530972	1.27512000
1000	1022	8	0	1.01116728	3.24845437
1000	1022	8	1	0.99135454	2.91130966
1000	1022	8	2	1.57771927	6.15866421
1000	1022	8	3	0.19145339	2.28725202
1000	1022	8	4	0.68079074	3.02179418
1000	1022	8	5	2.10407931	9.56479773
1000	1022	8	6	0.54420128	2.97939196
1000	1022	8	7	0.87294270	2.53600162
1000	1022	8	8	1.69578433	5.61914863
1000	1022	8	9	0.67606501	1.60626600
1000	1022	8	10	0.85277373	2.27123385
1000	1022	8	11	0.48536789	1.51890110
1000	1022	8	12	0.50223770	3.47864806
1000	1022	8	13	1.23988829	4.81378446
1000	1022	8	14	1.77658686	2.72504038
1000	1022	8	15	1.13097912	3.56710905
1000	1022	8	16	0.33754942	0.60165372
1000	1022	8	17	0.39874997	3.03591939
1000	1022	8	18	2.53637874	10.01732246
1000	1022	8	19	0.63542671	1.34200300
1000	1022	9	0	1.06333250	3.87274824
1000	1022	9	1	1.23130308	3.61081683
1000	1022	9	2	1.55260529	6.53624489
1000	1022	9	3	0.15897188	2.17523029
1000	1022	9	4	0.65850554	2.96038285
1000	1022	9	5	1.98379502	10.15244794
1000	1022	9	6	0.52871723	3.09659644
1000	1022	9	7	0.89093858	2.98207966
1000	1022	9	8	1.80765825	6.35630299
1000	1022	9	9	0.80151642	1.73159594
1000	1022	9	10	0.80455850	2.33659178
1000	1022	9	11	0.49548014	1.57337388
1000	1022	9	12	0.48663140	3.46782184
1000	1022	9	13	1.34627548	5.31544497
1000	1022	9	14	2.09635681	3.56415968
1000	1022	9	15	0.99834019	3.46427477
1000	1022	9	16	0.43028013	0.73690507
1000	1022	9	17	0.34446485	3.05022365
1000	1022	9	18	2.36941339	10.56325567
1000	1022	9	19	0.82145798	1.52653102
1000	1022	10	0	1.10145511	4.47485729
1000	1022	10	1	1.46136222	4.48014968
1000	1022	10	2	1.49767819	6.81513246
1000	1022	10	3	0.13595945	2.04559021
1000	1022	10	4	0.65876779	2.89176996
1000	1022	10	5	1.83889888	10.52664620
1000	1022	10	6	0.52744858	3.18151950
1000	1022	10	7	0.89330590	3.37106886
1000	1022	10	8	1.89483006	7.07957231
1000	1022	10	9	0.97894554	1.93940583
1000	1022	10	10	0.74441704	2.33107548
1000	1022	10	11	0.49373353	1.62250559
1000	1022	10	12	0.48298343	3.44298607
1000	1022	10	13	1.44770191	5.84655949
1000	1022	10	14	2.38098681	4.43437537
1000	1022	10	15	0.87390418	3.26437050
1000	1022	10	16	0.51767275	0.91941066
1000	1022	10	17	0.29310869	3.00843140
1000	1022	10	18	2.17244125	10.83374639
1000	1022	10	19	1.03748882	1.83509087
1000	1022	11	0	1.12875195	5.04338100
1000	1022	11	1	1.67345036	5.49239447
1000	1022	11	2	1.41782010	6.98474611
1000	1022	11	3	0.12000971	1.91013850
1000	1022	11	4	0.67800918	2.84027176
1000	1022	11	5	1.68400381	10.69662190
1000	1022	11	6	0.53877250	3.25300301
1000	1022	11	7	0.88381082	3.69694997
1000	1022	11	8	1.95777238	7.76662328
1000	1022	11	9	1.20315475	2.25339375
1000	1022	11	10	0.67942331	2.26733017
1000	1022	11	11	0.48155710	1.65595258
1000	1022	11	12	0.48895033	3.41816535
1000	1022	11	13	1.54206066	6.39765029
1000	1022	11	14	2.63004570	5.28984972
1000	1022	11	15	0.76118752	3.00917433
1000	1022	11	16	0.59484022	1.12794379
1000	1022	11	17	0.24771865	2.92057524
1000	1022	11	18	1.96623791	10.85351838
1000	1022	11	19	1.26811862	2.25600874
1000	1022	12	0	1.14758203	5.57149345
1000	1022	12	1	1.86431568	6.61525383
1000	1022	12	2	1.32134223	7.04144908
1000	1022	12	3	0.10946610	1.77670893
1000	1022	12	4	0.71282125	2.82066376
1000	1022	12	5	1.53037236	10.68475413
1000	1022	12	6	0.56080046	3.32556565
1000	1022	12	7	0.86518146	3.95848308
1000	1022	12	8	1.99759156	8.39940529
1000	1022	12	9	1.45873101	2.68393490
1000	1022	12	10	0.61464316	2.16069104
1000	1022	12	11	0.46111541	1.66773461
1000	1022	12	12	0.50225197	3.40297232
1000	1022	12	13	1.62786433	6.95858619
1000	1022	12	14	2.84576192	6.10008293
1000	1022	12	15	0.66109883	2.72953031
1000	1022	12	16	0.66025388	1.34352789
1000	1022	12	17	0.20937764	2.79845448
1000	1022	12	18	1.76513771	10.66315833
1000	1022	12	19	1.50106264	2.76613249
1000	1022	13	0	1.15963259	6.05554062
1000	1022	13	1	2.03344283	7.81641626
1000	1022	13	2	1.21663656	6.99062447
1000	1022	13	3	0.10321191	1.65043933
1000	1022	13	4	0.75997034	2.84068386
1000	1022	13	5	1.38545339	10.52113646
1000	1022	13	6	0.59152037	3.40975681
1000	1022	13	7	0.83951019	4.15736507
1000	1022	13	8	2.01590111	8.96405349
1000	1022	13	9	1.72711037	3.22243409
1000	1022	13	10	0.55326608	2.02624256
1000	1022	13	11	0.43478035	1.65573251
1000	1022	13	12	0.52078152	3.40332174
1000	1022	13	13	1.70406817	7.51930228
1000	1022	13	14	3.03139428	6.84729618
1000	1022	13	15	0.57329948	2.44652257
1000	1022	13	16	0.71427556	1.55203836
1000	1022	13	17	0.17793082	2.65345715
1000	1022	13	18	1.57772722	10.30952269
1000	1022	13	19	1.72763215	3.33780412
1000	1022	14	0	1.16609310	6.49399095
1000	1022	14	1	2.18175886	9.06629403
1000	1022	14	2	1.11028440	6.84499838
1000	1022	14	3	0.10050272	1.53466913
1000	1022	14	4	0.81631814	2.90293580
1000	1022	14	5	1.25344372	10.23854021
1000	1022	14	6	0.62884743	3.51260188
1000	1022	14	7	0.80856410	4.29709958
1000	1022	14	8	2.01477331	9.45068194
1000	1022	14	9	1.99241892	3.84467922
1000	1022	14	10	0.49704329	1.87702905
1000	1022	14	11	0.40481682	1.62080022
1000	1022	14	12	0.54265170	3.42214918
1000	1022	14	13	1.76995683	8.07023244
1000	1022	14	14	3.19045275	7.52308572
1000	1022	14	15	0.49688806	2.17360393
1000	1022	14	16	0.75814299	1.74446163
1000	1022	14	17	0.15261375	2.49537435
1000	1022	14	18	1.40834153	9.83874408
1000	1022	14	19	1.94224200	3.94396969
1000	1022	15	0	1.16777941	6.88668471
1000	1022	15	1	2.31088413	10.33919247
1000	1022	15	2	1.00671786	6.62139828
1000	1022	15	3	0.10085872	1.43155026
1000	1022	15	4	0.87875818	3.00624544
1000	1022	15	5	1.13615979	9.86873786
1000	1022	15	6	0.67065812	3.63803458
1000	1022	15	7	0.77399472	4.38236763
1000	1022	15	8	1.99670549	9.85316350
1000	1022	15	9	2.24370163	4.51888579
1000	1022	15	10	0.44673791	1.72332369
1000	1022	15	11	0.37321206	1.56581429
1000	1022	15	12	0.56621788	3.46006994
1000	1022	15	13	1.82505182	8.60256224
1000	1022	15	14	3.32633505	8.12544882
1000	1022	15	15	0.43074659	1.91867262
1000	1022	15	16	0.79337923	1.91605256
1000	1022	15	17	0.13245810	2.33199289
1000	1022	15	18	1.25849337	9.29212366
1000	1022	15	19	2.14166637	4.56107995
1000	1022	16	0	1.16521703	7.23429707
1000	1022	16	1	2.42271089	11.61361311
1000	1022	16	2	0.90860071	6.33780458
1000	1022	16	3	0.10399936	1.34246931
1000	1022	16	4	0.94421103	3.14662058
1000	1022	16	5	1.03385252	9.44028106
1000	1022	16	6	0.71483786	3.78730137
1000	1022	16	7	0.73745251	4.41871382
1000	1022	16	8	1.96456621	10.16891366
1000	1022	16	9	2.47466250	5.21321211
1000	1022	16	10	0.40248510	1.57260119
1000	1022	16	11	0.34160151	1.49482249
1000	1022	16	12	0.59009082	3.51596398
1000	1022	16	13	1.86903272	9.10835050
1000	1022	16	14	3.44216769	8.65646945
1000	1022	16	15	0.37371600	1.68577704
1000	1022	16	16	0.82148724	2.06518457
1000	1022	16	17	0.11651020	2.16914516
1000	1022	16	18	1.12797083	8.70426875
1000	1022	16	19	2.32435005	5.17027212
1000	1022	17	0	1.15869961	7.53794829
1000	1022	17	1	2.51917146	12.87210484
1000	1022	17	2	0.81734514	6.01135762
1000	1022	17	3	0.10980158	1.26834836
1000	1022	17	4	1.00967714	3.31797015
1000	1022	17	5	0.94584164	8.97744570
1000	1022	17	6	0.75934461	3.95935547
1000	1022	17	7	0.70062080	4.41239993
1000	1022	17	8	1.92150999	10.39865737
1000	1022	17	9	2.68250511	5.90043795
1000	1022	17	10	0.36405010	1.42987998
1000	1022	17	11	0.31125863	1.41235972
1000	1022	17	12	0.61313853	3.58748717
1000	1022	17	13	1.90167707	9.58055347
1000	1022	17	14	3.54074829	9.12064117
1000	1022	17	15	0.32468343	1.47640621
1000	1022	17	16	0.84381227	2.19228093
1000	1022	17	17	0.10392884	2.01097133
1000	1022	17	18	1.01559936	8.10269828
1000	1022	17	19	2.48986314	5.75746590
1000	1022	18	0	1.14833436	7.79891887
1000	1022	18	1	2.60211503	14.10089828
1000	1022	18	2	0.73354305	5.65726979
1000	1022	18	3	0.11826974	1.20986408
1000	1022	18	4	1.07232174	3.51269956
1000	1022	18	5	0.87096201	8.49997863
1000	1022	18	6	0.80227550	4.15125808
1000	1022	18	7	0.66519156	4.37031710
1000	1022	18	8	1.87086797	10.54615045
1000	1022	18	9	2.86674796	6.55987957
1000	1022	18	10	0.33100176	1.29820388
1000	1022	18	11	0.28312563	1.32294783
1000	1022	18	12	0.63447409	3.67150916
1000	1022	18	13	1.92282273	10.01298513
1000	1022	18	14	3.62453817	9.52370927
1000	1022	18	15	0.28262291	1.29042127
1000	1022	18	16	0.86149537	2.29896786
1000	1022	18	17	0.09401556	1.86024607
1000	1022	18	18	0.91973913	7.50828860
1000	1022	18	19	2.63849901	6.31288192
1000	1022	19	0	1.13408042	8.01844401
1000	1022	19	1	2.67324671	15.28945356
1000	1022	19	2	0.65727420	5.28838095
1000	1022	19	3	0.12951170	1.16760771
1000	1022	19	4	1.12955829	3.72224485
1000	1022	19	5	0.80785665	8.02333087
1000	1022	19	6	0.84191948	4.35858872
1000	1022	19	7	0.63280960	4.29988849
1000	1022	19	8	1.81603230	10.61783911
1000	1022	19	9	3.02830324	7.17746348
1000	1022	19	10	0.30282422	1.17913034
1000	1022	19	11	0.25786771	1.23076808
1000	1022	19	12	0.65342836	3.76447435
1000	1022	19	13	1.93235322	10.40024601
1000	1022	19	14	3.69567900	9.87190388
1000	1022	19	15	0.24661139	1.12670541
1000	1022	19	16	0.87547264	2.38746582
1000	1022	19	17	0.08621162	1.71869423
1000	1022	19	18	0.83859495	6.93612812
1000	1022	19	19	2.77098897	6.83031996
1000	1022	20	0	1.11578448	8.19757095
1000	1022	20	1	2.73410197	16.42999253
1000	1022	20	2	0.58831196	4.91510861
1000	1022	20	3	0.14371725	1.14219994
1000	1022	20	4	1.17910362	3.93755894
1000	1022	20	5	0.75515747	7.55914678
1000	1022	20	6	0.87678408	4.57584938
1000	1022	20	7	0.60501043	4.20893261
1000	1022	20	8	1.76035363	10.62246198
1000	1022	20	9	3.16884031	7.74485374
1000	1022	20	10	0.27898581	1.07316096
1000	1022	20	11	0.23593843	1.13948076
1000	1022	20	12	0.66950991	3.86268243
1000	1022	20	13	1.93020440	10.73764819
1000	1022	20	14	3.75602020	10.17145352
1000	1022	20	15	0.21583152	0.98360507
1000	1022	20	16	0.88649481	2.46018478
1000	1022	20	17	0.08008101	1.58726350
1000	1022	20	18	0.77040013	6.39651194
1000	1022	20	19	2.88830442	7.30639430
1000	1022	21	0	1.09321700	8.33706889
1000	1022	21	1	2.78604102	17.51705219
1000	1022	21	2	0.52625638	4.54561360
1000	1022	21	3	0.16113611	1.13436884
1000	1022	21	4	1.21899295	4.14953370
1000	1022	21	5	0.71158941	7.11585651
1000	1022	21	6	0.90559273	4.79683755
1000	1022	21	7	0.58316862	4.10548741
1000	1022	21	8	1.70706468	10.57061751
1000	1022	21	9	3.29037436	8.25824185
1000	1022	21	10	0.25897964	0.98009177
1000	1022	21	11	0.21764779	1.05216134
1000	1022	21	12	0.68235680	3.96248739
1000	1022	21	13	1.91638914	11.02115855
1000	1022	21	14	3.80714986	10.42829338
1000	1022	21	15	0.18956755	0.85922128
1000	1022	21	16	0.89515402	2.51947514
1000	1022	21	17	0.07528974	1.46634555
1000	1022	21	18	0.71351902	5.89592287
1000	1022	21	19	2.99152190	7.73982818
1000	1022	22	0	1.06611167	8.43738590
1000	1022	22	1	2.83025407	18.54707744
1000	1022	22	2	0.47061877	4.18606648
1000	1022	22	3	0.18205306	1.14499564
1000	1022	22	4	1.24756074	4.34933332
1000	1022	22	5	0.67602476	6.69927864
1000	1022	22	6	0.92725899	5.01496306
1000	1022	22	7	0.56846152	3.99761251
1000	1022	22	8	1.65923225	10.47432878
1000	1022	22	9	3.39501338	8.71714035
1000	1022	22	10	0.24234597	0.89928264
1000	1022	22	11	0.20322803	0.97132282
1000	1022	22	12	0.69168586	4.06041908
1000	1022	22	13	1.89103535	11.24737534
1000	1022	22	14	3.85042567	10.64790493
1000	1022	22	15	0.16719803	0.75159615
1000	1022	22	16	0.90191072	2.56748911
1000	1022	22	17	0.07158607	1.35594845
1000	1022	22	18	0.66649843	5.43791992
1000	1022	22	19	3.08173251	8.13085039
1000	1022	23	0	1.03421061	8.49865036
1000	1022	23	1	2.86777205	19.51805975
1000	1022	23	2	0.42087475	3.84094669
1000	1022	23	3	0.20675779	1.17512941
1000	1022	23	4	1.26340829	4.52862668
1000	1022	23	5	0.64750668	6.31318151
1000	1022	23	6	0.94085146	5.22349379
1000	1022	23	7	0.56184057	3.89318822
1000	1022	23	8	1.61972776	10.34663455
1000	1022	23	9	3.48481004	9.12333687
1000	1022	23	10	0.22868310	0.82985562
1000	1022	23	11	0.19289453	0.89899751
1000	1022	23	12	0.69724507	4.15323592
1000	1022	23	13	1.85443089	11.41354639
1000	1022	23	14	3.88700397	10.83524160
1000	1022	23	15	0.14818714	0.65882752
1000	1022	23	16	0.90711802	2.60611572
1000	1022	23	17	0.06878367	1.25582753
1000	1022	23	18	0.62808825	5.02390173
1000	1022	23	19	3.15998172	8.48070391
1000	1022	24	0	0.99731577	8.52071750
1000	1022	24	1	2.89947965	20.42922287
1000	1022	24	2	0.37649693	3.51333635
1000	1022	24	3	0.23550802	1.22596972
1000	1022	24	4	1.26538863	4.67973020
1000	1022	24	5	0.62525473	5.95977919
1000	1022	24	6	0.94556808	5.41573104
1000	1022	24	7	0.56399438	3.79971987
1000	1022	24	8	1.59119640	10.20122053
1000	1022	24	9	3.56168105	9.48005880
1000	1022	24	10	0.21765148	0.77083544
1000	1022	24	11	0.18690025	0.83685658
1000	1022	24	12	0.69877502	4.23792247
1000	1022	24	13	1.80706707	11.51762949
1000	1022	24	14	3.91786601	10.99470906
1000	1022	24	15	0.13207589	0.57913538
1000	1022	24	16	0.91104221	2.63696194
1000	1022	24	17	0.06674807	1.16558277
1000	1022	24	18	0.59724427	4.65373891
1000	1022	24	19	3.22723023	8.79125959
1000	1022	25	0	0.95534498	8.50326171
1000	1022	25	1	2.92612885	21.28075306
1000	1022	25	2	0.33697455	3.20518960
1000	1022	25	3	0.26848597	1.29881473
1000	1022	25	4	1.25264081	4.79570057
1000	1022	25	5	0.60866049	5.64015428
1000	1022	25	6	0.94074042	5.58513409
1000	1022	25	7	0.57528817	3.72413811
1000	1022	25	8	1.57599957	10.05208286
1000	1022	25	9	3.62736853	9.79134368
1000	1022	25	10	0.20897382	0.72124539
1000	1022	25	11	0.18558201	0.78635006
1000	1022	25	12	0.69598580	4.31164860
1000	1022	25	13	1.74967132	11.55838689
1000	1022	25	14	3.94384139	11.13017862
1000	1022	25	15	0.11847370	0.51089640
1000	1022	25	16	0.91387936	2.66136072
1000	1022	25	17	0.06538617	1.08473031
1000	1022	25	18	0.57312169	4.32628361
1000	1022	25	19	3.28432876	9.06472039
1000	1022	26	0	0.90838814	8.44591403
1000	1022	26	1	2.94835178	22.07356989
1000	1022	26	2	0.30182470	2.91756900
1000	1022	26	3	0.30575034	1.39497254
1000	1022	26	4	1.22469560	4.87043890
1000	1022	26	5	0.59727862	5.35460934
1000	1022	26	6	0.92588451	5.72543118
1000	1022	26	7	0.59567571	3.67257220
1000	1022	26	8	1.57610825	9.91319134
1000	1022	26	9	3.68342710	10.06158683
1000	1022	26	10	0.20243326	0.68017009
1000	1022	26	11	0.18939531	0.74885342
1000	1022	26	12	0.68855651	4.37171167
1000	1022	26	13	1.68322062	11.53549811
1000	1022	26	14	3.96562829	11.24501936
1000	1022	26	15	0.10705075	0.45265815
1000	1022	26	16	0.91576831	2.68039288
1000	1022	26	17	0.06463853	1.01275449
1000	1022	26	18	0.55506417	4.03977120
1000	1022	26	19	3.33200208	9.30339981
1000	1022	27	0	0.85675566	8.34843932
1000	1022	27	1	2.96667235	22.80913286
1000	1022	27	2	0.27059824	2.65084718
1000	1022	27	3	0.34718909	1.51563638
1000	1022	27	4	1.18164932	4.89887507
1000	1022	27	5	0.59081595	5.10295361
1000	1022	27	6	0.90080328	5.83076543
1000	1022	27	7	0.62460237	3.65007350
1000	1022	27	8	1.59294068	9.79810347
1000	1022	27	9	3.73122600	10.29523119
1000	1022	27	10	0.19787061	0.64679466
1000	1022	27	11	0.19893218	0.72580746
1000	1022	27	12	0.67616469	4.41548679
1000	1022	27	13	1.60892937	11.44966878
1000	1022	27	14	3.98381099	11.34213952
1000	1022	27	15	0.09753117	0.40314074
1000	1022	27	16	0.91680063	2.69491469
1000	1022	27	17	0.06447371	0.94914549
1000	1022	27	18	0.54259187	3.79213139
1000	1022	27	19	3.37083918	9.50955881
1000	1022	28	0	0.80100939	8.21094083
1000	1022	28	1	2.98151643	23.48927911
1000	1022	28	2	0.24288221	2.40487496
1000	1022	28	3	0.39248076	1.66172916
1000	1022	28	4	1.12436329	4.87728057
1000	1022	28	5	0.58912034	4.88473339
1000	1022	28	6	0.86572383	5.89592230
1000	1022	28	7	0.66094203	3.66028849
1000	1022	28	8	1.62716702	9.71948209
1000	1022	28	9	3.77195972	10.49656558
1000	1022	28	10	0.19518141	0.62042753
1000	1022	28	11	0.21491350	0.71883625
1000	1022	28	12	0.65854929	4.44041372
1000	1022	28	13	1.52821051	11.30271073
1000	1022	28	14	3.99887471	11.42403114
1000	1022	28	15	0.08968730	0.36123113
1000	1022	28	16	0.91702783	2.70558605
1000	1022	28	17	0.06488435	0.89342664
1000	1022	28	18	0.53538987	3.58122541
1000	1022	28	19	3.40128722	9.68528769
1000	1022	29	0	0.74196639	8.03407141
1000	1022	29	1	2.99322019	24.11608744
1000	1022	29	2	0.21830010	2.17911930
1000	1022	29	3	0.44107382	1.83372986
1000	1022	29	4	1.05460725	4.80370400
1000	1022	29	5	0.59216955	4.69941479
1000	1022	29	6	0.82142627	5.91666164
1000	1022	29	7	0.70302059	3.70512373
1000	1022	29	8	1.67853630	9.68849989
1000	1022	29	9	3.80666274	10.66960284
1000	1022	29	10	0.19431308	0.60051244
1000	1022	29	11	0.23814615	0.72982401
1000	1022	29	12	0.63560249	4.44404879
1000	1022	29	13	1.44261360	11.09757088
1000	1022	29	14	4.01121791	11.49281414
1000	1022	29	15	0.08333483	0.32597361
1000	1022	29	16	0.91646650	2.71289650
1000	1022	29	17	0.06588459	0.84517424
1000	1022	29	18	0.53329794	3.40502452
1000	1022	29	19	3.42364811	9.83242158
1000	1022	30	0	0.68066904	7.81922317
1000	1022	30	1	3.00203681	24.69176446
1000	1022	30	2	0.19651084	1.97277453
1000	1022	30	3	0.49219252	2.03150238
1000	1022	30	4	0.97505405	4.67844300
1000	1022	30	5	0.60006007	4.54652632
1000	1022	30	6	0.76930392	5.89013112
1000	1022	30	7	0.74875851	3.78449078
1000	1022	30	8	1.74579941	9.71417257
1000	1022	30	9	3.83622604	10.81801441
1000	1022	30	10	0.19526239	0.58663340
1000	1022	30	11	0.26943766	0.76092732
1000	1022	30	12	0.60747174	4.42420093
1000	1022	30	13	1.35374820	10.83829376
1000	1022	30	14	4.02116253	11.55027764
1000	1022	30	15	0.07832888	0.29655870
1000	1022	30	16	0.91510174	2.71718759
1000	1022	30	17	0.06750836	0.80403240
1000	1022	30	18	0.53630176	3.26174287
1000	1022	30	19	3.43807696	9.95248094
1000	1022	31	0	0.61832170	7.56866485
1000	1022	31	1	3.00814126	25.21854873
1000	1022	31	2	0.17720699	1.78485089
1000	1022	31	3	0.54487382	2.25415292
1000	1022	31	4	0.88907166	4.50439495
1000	1022	31	5	0.61299500	4.42576772
1000	1022	31	6	0.71130394	5.81528053
1000	1022	31	7	0.79591680	3.89623654
1000	1022	31	8	1.82678399	9.80272857
1000	1022	31	9	3.86141365	10.94510390
1000	1022	31	10	0.19807297	0.57851541
1000	1022	31	11	0.30946947	0.81449848
1000	1022	31	12	0.57464024	4.37914967
1000	1022	31	13	1.26320343	10.52991322
1000	1022	31	14	4.02896204	11.59791718
1000	1022	31	15	0.07456116	0.27231205
1000	1022	31	16	0.91288899	2.71867109
1000	1022	31	17	0.06980850	0.76972422
1000	1022	31	18	0.54452532	3.14993516
1000	1022	31	19	3.44458225	10.04663049
1000	1022	32	0	0.55620153	7.28559934
1000	1022	32	1	3.01163345	25.69862940
1000	1022	32	2	0.16011250	1.61424408
1000	1022	32	3	0.59803369	2.49994324
1000	1022	32	4	0.80034034	4.28711355
1000	1022	32	5	0.63126991	4.33708944
1000	1022	32	6	0.64973939	5.69315729
1000	1022	32	7	0.84238168	4.03633132
1000	1022	32	8	1.91862593	9.95716145
1000	1022	32	9	3.88287850	11.05380626
1000	1022	32	10	0.20283285	0.57602243
1000	1022	32	11	0.35864410	0.89290391
1000	1022	32	12	0.53795026	4.30791149
1000	1022	32	13	1.17247414	10.17828023
1000	1022	32	14	4.03480765	11.63696730
1000	1022	32	15	0.07195795	0.25268426
1000	1022	32	16	0.90975492	2.71744303
1000	1022	32	17	0.07285610	0.74206070
1000	1022	32	18	0.55822378	3.06856724
1000	1022	32	19	3.44302808	10.11565208
1000	1022	33	0	0.49555763	6.97412524
1000	1022	33	1	3.01253945	26.13407606
1000	1022	33	2	0.14498026	1.45978891
1000	1022	33	3	0.65055329	2.76628170
1000	1022	33	4	0.71239988	4.03446871
1000	1022	33	5	0.65525523	4.28074537
1000	1022	33	6	0.58701724	5.52697182
1000	1022	33	7	0.88640566	4.19930996
1000	1022	33	8	2.01810207	10.17708993
1000	1022	33	9	3.90117697	11.14670304
1000	1022	33	10	0.20967148	0.57915362
1000	1022	33	11	0.41693794	0.99824124
1000	1022	33	12	0.49854843	4.21049022
1000	1022	33	13	1.08290176	9.78984335
1000	1022	33	14	4.03883267	11.66842901
1000	1022	33	15	0.07047911	0.23724224
1000	1022	33	16	0.90559730	2.71349383
1000	1022	33	17	0.07674018	0.72094788
1000	1022	33	18	0.57777559	3.01706562
1000	1022	33	19	3.43313943	10.15992898
1000	1022	34	0	0.43751559	6.63910212
1000	1022	34	1	3.01081109	26.52677689
1000	1022	34	2	0.13158966	1.32030018
1000	1022	34	3	0.70137092	3.04980168
1000	1022	34	4	0.62825721	3.75593710
1000	1022	34	5	0.68537338	4.25731957
1000	1022	34	6	0.52536023	5.32188137
1000	1022	34	7	0.92674661	4.37887970
1000	1022	34	8	2.12197750	10.45897463
1000	1022	34	9	3.91678209	11.22604709
1000	1022	34	10	0.21875575	0.58803789
1000	1022	34	11	0.48380022	1.13198939
1000	1022	34	12	0.45776020	4.08803573
1000	1022	34	13	0.99563420	9.37140362
1000	1022	34	14	4.04111515	11.69309230
1000	1022	34	15	0.07011810	0.22566256
1000	1022	34	16	0.90028435	2.70671486
1000	1022	34	17	0.08156701	0.70639271
1000	1022	34	18	0.60367253	2.99534920
1000	1022	34	19	3.41451167	10.17944067
1000	1022	35	0	0.38300232	6.28593641
1000	1022	35	1	3.00632384	26.87838264
1000	1022	35	2	0.11974419	1.19460300
1000	1022	35	3	0.74956379	3.34652155
1000	1022	35	4	0.55014626	3.46167475
1000	1022	35	5	0.72206895	4.26772591
1000	1022	35	6	0.46659492	5.08452680
1000	1022	35	7	0.96269189	4.56856488
1000	1022	35	8	2.22728994	10.79664507
1000	1022	35	9	3.93009518	11.29379183
1000	1022	35	10	0.23028437	0.60292633
1000	1022	35	11	0.55813318	1.29465699
1000	1022	35	12	0.41692855	3.94285375
1000	1022	35	13	0.91160549	8.92986702
1000	1022	35	14	4.04167873	11.71155341
1000	1022	35	15	0.07090301	0.21772712
1000	1022	35	16	0.89365383	2.69690229
1000	1022	35	17	0.08745897	0.69850753
1000	1022	35	18	0.63650526	3.00384477
1000	1022	35	19	3.38662639	10.17376888
1000	1022	36	0	0.33270058	5.92031757
1000	1022	36	1	2.99887334	27.19025405
1000	1022	36	2	0.10926914	1.08155496
1000	1022	36	3	0.79440697	3.65206517
1000	1022	36	4	0.47946295	3.16157708
1000	1022	36	5	0.76577043	4.31317796
1000	1022	36	6	0.41204275	4.82242381
1000	1022	36	7	0.99399327	4.76226715
1000	1022	36	8	2.33153122	11.18202118
1000	1022	36	9	3.94145608	11.35162224
1000	1022	36	10	0.24447954	0.62418171
1000	1022	36	11	0.63836631	1.48551058
1000	1022	36	12	0.37726253	3.77825293
1000	1022	36	13	0.83153296	8.47201445
1000	1022	36	14	4.04049177	11.72422711
1000	1022	36	15	0.07289875	0.21332135
1000	1022	36	16	0.88551235	2.68375854
1000	1022	36	17	0.09455228	0.69751282
1000	1022	36	18	0.67694219	3.04348500
1000	1022	36	19	3.34887587	10.14211747
1000	1022	37	0	0.28703545	5.54794021
1000	1022	37	1	2.98817077	27.46341108
1000	1022	37	2	0.10000947	0.98006154
1000	1022	37	3	0.83540313	3.96191210
1000	1022	37	4	0.41684061	2.86450500
1000	1022	37	5	0.81684278	4.39512541
1000	1022	37	6	0.36251083	4.54333239
1000	1022	37	7	1.02075480	4.95466646
1000	1022	37	8	2.43272436	11.60589317
1000	1022	37	9	3.95115206	11.40098543
1000	1022	37	10	0.26157524	0.65226321
1000	1022	37	11	0.72260874	1.70245429
1000	1022	37	12	0.33973072	3.59826298
1000	1022	37	13	0.75592817	8.00430427
1000	1022	37	14	4.03746464	11.73135385
1000	1022	37	15	0.07621037	0.21243521
1000	1022	37	16	0.87563550	2.66689273
1000	1022	37	17	0.10299310	0.70373739
1000	1022	37	18	0.72569848	3.11568564
1000	1022	37	19	3.30059879	10.08335008
1000	1022	38	0	0.24618860	5.17424587
1000	1022	38	1	2.97383776	27.69848261
1000	1022	38	2	0.09182782	0.88908647
1000	1022	38	3	0.87228335	4.27164436
1000	1022	38	4	0.36230586	2.57777634
1000	1022	38	5	0.87553170	4.51515303
1000	1022	38	6	0.31835399	4.25470754
1000	1022	38	7	1.04331149	5.14144229
1000	1022	38	8	2.52941969	12.05864551
1000	1022	38	9	3.95942541	11.44311962
1000	1022	38	10	0.28180107	0.68770482
1000	1022	38	11	0.80884166	1.94209595
1000	1022	38	12	0.30501329	3.40728784
1000	1022	38	13	0.68511720	7.53271596
1000	1022	38	14	4.03244523	11.73300172
1000	1022	38	15	0.08098771	0.21516720
1000	1022	38	16	0.86376970	2.64582097
1000	1022	38	17	0.11293128	0.71761454
1000	1022	38	18	0.78349251	3.22229628
1000	1022	38	19	3.24112953	9.99605083
1000	1022	39	0	0.21013247	4.80420966
1000	1022	39	1	2.95540189	27.89565614
1000	1022	39	2	0.08460273	0.80765805
1000	1022	39	3	0.90498470	4.57716123
1000	1022	39	4	0.31545880	2.30693818
1000	1022	39	5	0.94190258	4.67484007
1000	1022	39	6	0.27957272	3.96329062
1000	1022	39	7	1.06212334	5.31933633
1000	1022	39	8	2.62064033	12.53085337
1000	1022	39	9	3.96647999	11.47908074
1000	1022	39	10	0.30536130	0.73108497
1000	1022	39	11	0.89510688	2.19998689
1000	1022	39	12	0.27350622	3.20976208
1000	1022	39	13	0.61926625	7.06263807
1000	1022	39	14	4.02521261	11.72906328
1000	1022	39	15	0.08743119	0.22173157
1000	1022	39	16	0.84963675	2.61996851
1000	1022	39	17	0.12451128	0.73967258
1000	1022	39	18	0.85098777	3.36551737
1000	1022	39	19	3.16986222	9.87861393
1000	1022	40	0	0.17867523	4.44218665
1000	1022	40	1	2.93229406	28.05462792
1000	1022	40	2	0.07822703	0.73487250
1000	1022	40	3	0.93361297	4.87484312
1000	1022	40	4	0.27563912	2.05577524
1000	1022	40	5	1.01578011	4.87558076
1000	1022	40	6	0.24591841	3.67485737
1000	1022	40	7	1.07769525	5.48609877
1000	1022	40	8	2.70580413	13.01372294
1000	1022	40	9	3.97248677	11.50976657
1000	1022	40	10	0.33240931	0.78298587
1000	1022	40	11	0.97965708	2.47098229
1000	1022	40	12	0.24536055	3.00986223
1000	1022	40	13	0.55840916	6.59879899
1000	1022	40	14	4.01546886	11.71924712
1000	1022	40	15	0.09579890	0.23246890
1000	1022	40	16	0.83294237	2.58867565
1000	1022	40	17	0.13785966	0.77051735
1000	1022	40	18	0.92871995	3.54777564
1000	1022	40	19	3.08632869	9.72936726
1000	1022	41	0	0.15150835	4.09182138
1000	1022	41	1	2.90384996	28.17455556
1000	1022	41	2	0.07260635	0.66989496
1000	1022	41	3	0.95839912	5.16165653
1000	1022	41	4	0.24205939	1.82648234
1000	1022	41	5	1.09669716	5.11837301
1000	1022	41	6	0.21698764	3.39410713
1000	1022	41	7	1.09052346	5.64036334
1000	1022	41	8	2.78464079	13.49937848
1000	1022	41	9	3.97758849	11.53593803
1000	1022	41	10	0.36301874	0.84394121
1000	1022	41	11	1.06105132	2.74964956
1000	1022	41	12	0.22053796	2.81129983
1000	1022	41	13	0.50247448	6.14523581
1000	1022	41	14	4.00282941	11.70306416
1000	1022	41	15	0.10641470	0.24786004
1000	1022	41	16	0.81339003	2.55121021
1000	1022	41	17	0.15306940	0.81080456
1000	1022	41	18	1.01701207	3.77155130
1000	1022	41	19	2.99028597	9.54673235
1000	1022	42	0	0.12825094	3.75601584
1000	1022	42	1	2.86931822	28.25401684
1000	1022	42	2	0.06765787	0.61195892
1000	1022	42	3	0.97965638	5.43520136
1000	1022	42	4	0.21390093	1.61992780
1000	1022	42	5	1.18386312	5.40358936
1000	1022	42	6	0.19229743	3.12466233
1000	1022	42	7	1.10106435	5.78149001
1000	1022	42	8	2.85711507	13.98101756
1000	1022	42	9	3.98190357	11.55823789
1000	1022	42	10	0.39715420	0.91437332
1000	1022	42	11	1.13819536	3.03065630
1000	1022	42	12	0.19886841	2.61720070
1000	1022	42	13	0.45131040	5.70529506
1000	1022	42	14	3.98681220	11.67980901
1000	1022	42	15	0.11967702	0.26854340
1000	1022	42	16	0.79070111	2.50678969
1000	1022	42	17	0.17018179	0.86119984
1000	1022	42	18	1.11588473	4.03915479
1000	1022	42	19	2.88180535	9.32941810
1000	1022	43	0	0.10848717	3.43694553
1000	1022	43	1	2.82787852	28.29098069
1000	1022	43	2	0.06330915	0.56036438
1000	1022	43	3	0.99774259	5.69370922
1000	1022	43	4	0.19037595	1.43594797
1000	1022	43	5	1.27616184	5.73075270
1000	1022	43	6	0.17134009	2.86914328
1000	1022	43	7	1.10971952	5.90940286
1000	1022	43	8	2.92336118	14.45296303
1000	1022	43	9	3.98552933	11.57720695
1000	1022	43	10	0.43464570	0.99452272
1000	1022	43	11	1.21033759	3.30908865
1000	1022	43	12	0.18010101	2.43005959
1000	1022	43	13	0.40470676	5.28165825
1000	1022	43	14	3.96682645	11.64853688
1000	1022	43	15	0.13606762	0.29533500
1000	1022	43	16	0.76464166	2.45461606
1000	1022	43	17	0.18916774	0.92232584
1000	1022	43	18	1.22497282	4.35245802
1000	1022	43	19	2.76135078	9.07663850
1000	1022	44	0	0.09179535	3.13611100
1000	1022	44	1	2.77867308	28.28279937
1000	1022	44	2	0.05949717	0.51447534
1000	1022	44	3	1.01303007	5.93600419
1000	1022	44	4	0.17076322	1.27363162
1000	1022	44	5	1.37218550	6.09834539
1000	1022	44	6	0.15361975	2.62928704
1000	1022	44	7	1.11683175	6.02444034
1000	1022	44	8	2.98362956	14.91064044
1000	1022	44	9	3.98854464	11.59329791
1000	1022	44	10	0.47517181	1.08437658
1000	1022	44	11	1.27703497	3.58067510
1000	1022	44	12	0.16394432	2.25175243
1000	1022	44	13	0.36241363	4.87638549
1000	1022	44	14	3.94216244	11.60803723
1000	1022	44	15	0.15615929	0.32925035
1000	1022	44	16	0.73505517	2.39392567
1000	1022	44	17	0.20991144	0.99469726
1000	1022	44	18	1.34346385	4.71259589
1000	1022	44	19	2.62983240	8.78833558
1000	1022	45	0	0.07776883	2.85441243
1000	1022	45	1	2.72085461	28.22623275
1000	1022	45	2	0.05616748	0.47371673
1000	1022	45	3	1.02588351	6.16143867
1000	1022	45	4	0.15442465	1.13157009
1000	1022	45	5	1.47030511	6.50368259
1000	1022	45	6	0.13867457	2.40608589
1000	1022	45	7	1.12268737	6.12722672
1000	1022	45	8	3.03824544	15.35050620
1000	1022	45	9	3.99101200	11.60688713
1000	1022	45	10	0.51825639	1.18360504
1000	1022	45	11	1.33810320	3.84191291
1000	1022	45	12	0.15009564	2.08358700
1000	1022	45	13	0.32415669	4.49097103
1000	1022	45	14	3.91198414	11.55680625
1000	1022	45	15	0.18062078	0.37152653
1000	1022	45	16	0.70189842	2.32405513
1000	1022	45	17	0.23219994	1.07864781
1000	1022	45	18	1.47007331	5.11966526
1000	1022	45	19	2.48862179	8.46538099
1000	1022	46	0	0.06602947	2.59223611
1000	1022	46	1	2.65365226	28.11751824
1000	1022	46	2	0.05327345	0.43757105
1000	1022	46	3	1.03664522	6.36981569
1000	1022	46	4	0.14080928	1.00806263
1000	1022	46	5	1.56877071	6.94287614
1000	1022	46	6	0.12608822	2.19992802
1000	1022	46	7	1.12752194	6.21856752
1000	1022	46	8	3.08757751	15.76994649
1000	1022	46	9	3.99297928	11.61828442
1000	1022	46	10	0.56328225	1.29151649
1000	1022	46	11	1.39356177	4.09010874
1000	1022	46	12	0.13826060	1.92637552
1000	1022	46	13	0.28964941	4.12640566
1000	1022	46	14	3.87532770	11.49302144
1000	1022	46	15	0.21021658	0.42364145
1000	1022	46	16	0.66527586	2.24452088
1000	1022	46	17	0.25572234	1.17425600
1000	1022	46	18	1.60306932	5.57245925
1000	1022	46	19	2.33951995	8.10972508
1000	1022	47	0	0.05623539	2.34954423
1000	1022	47	1	2.57645382	27.95249958
1000	1022	47	2	0.05077569	0.40557506
1000	1022	47	3	1.04562647	6.56130673
1000	1022	47	4	0.12944975	0.90127525
1000	1022	47	5	1.66582809	7.41090435
1000	1022	47	6	0.11549414	2.01072968
1000	1022	47	7	1.13152719	6.29936823
1000	1022	47	8	3.13201487	16.16716210
1000	1022	47	9	3.99448092	11.62774124
1000	1022	47	10	0.60952205	1.40704189
1000	1022	47	11	1.44358127	4.32335278
1000	1022	47	12	0.12816500	1.78051603
1000	1022	47	13	0.25860252	3.78324167
1000	1022	47	14	3.83110958	11.41452341
1000	1022	47	15	0.24579858	0.48732635
1000	1022	47	16	0.62546610	2.15510640
1000	1022	47	17	0.28008096	1.28127950
1000	1022	47	18	1.74035092	6.06827894
1000	1022	47	19	2.18467709	7.72446392
1000	1022	48	0	0.04808411	2.12596155
1000	1022	48	1	2.48889874	27.72682496
1000	1022	48	2	0.04864154	0.37731636
1000	1022	48	3	1.05310351	6.73637178
1000	1022	48	4	0.11995465	0.80935706
1000	1022	48	5	1.75983508	7.90178748
1000	1022	48	6	0.10657515	1.83805255
1000	1022	48	7	1.13485815	6.37057366
1000	1022	48	8	3.17195055	16.54104986
1000	1022	48	9	3.99553888	11.63545727
1000	1022	48	10	0.65618323	1.52875550
1000	1022	48	11	1.48843698	4.54044762
1000	1022	48	12	0.11956097	1.64607368
1000	1022	48	13	0.23073116	3.46165742
1000	1022	48	14	3.77814892	11.31881213
1000	1022	48	15	0.28828572	0.56456552
1000	1022	48	16	0.58293329	2.05594659
1000	1022	48	17	0.30481472	1.39910898
1000	1022	48	18	1.87957358	6.60286068
1000	1022	48	19	2.02647270	7.31380354
1000	1022	49	0	0.04131270	1.92085510
1000	1022	49	1	2.39097064	27.43621825
1000	1022	49	2	0.04684470	0.35243028
1000	1022	49	3	1.05931676	6.89568605
1000	1022	49	4	0.11199919	0.73052038
1000	1022	49	5	1.84936118	8.40885163
1000	1022	49	6	0.09906032	1.68120397
1000	1022	49	7	1.13763962	6.43312462
1000	1022	49	8	3.20777005	16.89108783
1000	1022	49	9	3.99616330	11.64158570
1000	1022	49	10	0.70246090	1.65493331
1000	1022	49	11	1.52847041	4.74081081
1000	1022	49	12	0.11222927	1.52285614
1000	1022	49	13	0.20575998	3.16151901
1000	1022	49	14	3.71520944	11.20306676
1000	1022	49	15	0.33862807	0.65757588
1000	1022	49	16	0.53831782	1.94759515
1000	1022	49	17	0.32943233	1.52675119
1000	1022	49	18	2.01830560	7.17044349
1000	1022	49	19	1.86737195	6.88291629
1000	1022	50	0	0.03569577	1.73340430
1000	1022	50	1	2.28307428	27.07681563
1000	1022	50	2	0.04536489	0.33059690
1000	1022	50	3	1.06447231	7.04007557
1000	1022	50	4	0.10531561	0.66309182
1000	1022	50	5	1.93325875	8.92505056
1000	1022	50	6	0.09272042	1.53931958
1000	1022	50	7	1.13997188	6.48792835
1000	1022	50	8	3.23984368	17.21722862
1000	1022	50	9	3.99635278	11.64623730
1000	1022	50	10	0.74759091	1.78364411
1000	1022	50	11	1.56405902	4.92436665
1000	1022	50	12	0.10597901	1.41048018
1000	1022	50	13	0.18342679	2.88243776
1000	1022	50	14	3.64106497	11.06420059
1000	1022	50	15	0.39775202	0.76875760
1000	1022	50	16	0.49240392	1.83105996
1000	1022	50	17	0.35345018	1.66284737
1000	1022	50	18	2.15419248	7.76397942
1000	1022	50	19	1.70977857	6.43770180
1000	1022	51	0	0.03104246	1.56266096
1000	1022	51	1	2.16607992	26.64554535
1000	1022	51	2	0.04418770	0.31153839
1000	1022	51	3	1.06874458	7.17046288
1000	1022	51	4	0.09968403	0.60554124
1000	1022	51	5	2.01070000	9.44330748
1000	1022	51	6	0.08736291	1.41142971
1000	1022	51	7	1.14193552	6.53583967
1000	1022	51	8	3.26852175	17.51980323
1000	1022	51	9	3.99609457	11.64948351
1000	1022	51	10	0.79089571	1.91286207
1000	1022	51	11	1.59559345	5.09143838
1000	1022	51	12	0.10064589	1.30842823
1000	1022	51	13	0.16348484	2.62382241
1000	1022	51	14	3.55459123	10.89896266
1000	1022	51	15	0.46648575	0.90060705
1000	1022	51	16	0.44606685	1.70779429
1000	1022	51	17	0.37642902	1.80572722
1000	1022	51	18	2.28510553	8.37546642
1000	1022	51	19	1.55590354	5.98448125
1000	1022	52	0	0.02719272	1.40759892
1000	1022	52	1	2.04132106	26.14051387
1000	1022	52	2	0.04330442	0.29501662
1000	1022	52	3	1.07227959	7.28782253
1000	1022	52	4	0.09492439	0.55649444
1000	1022	52	5	2.08118090	9.95683978
1000	1022	52	6	0.08282684	1.29651108
1000	1022	52	7	1.14359537	6.57765011
1000	1022	52	8	3.29413178	17.79943651
1000	1022	52	9	3.99536445	11.65135849
1000	1022	52	10	0.83181786	2.04058616
1000	1022	52	11	1.62346104	5.24264818
1000	1022	52	12	0.09608976	1.21609475
1000	1022	52	13	0.14570415	2.38492558
1000	1022	52	14	3.45488126	10.70409608
1000	1022	52	15	0.54546769	1.05558535
1000	1022	52	16	0.40020707	1.57963799
1000	1022	52	17	0.39800344	1.95349269
1000	1022	52	18	2.40925621	8.99636380
1000	1022	52	19	1.40766376	5.52966294
1000	1022	53	0	0.02401356	1.26715420
1000	1022	53	1	1.91053893	25.56135095
1000	1022	53	2	0.04271203	0.28083116
1000	1022	53	3	1.07519845	7.39314578
1000	1022	53	4	0.09088931	0.51473470
1000	1022	53	5	2.14449779	10.45943616
1000	1022	53	6	0.07897821	1.19352616
1000	1022	53	7	1.14500373	6.61408278
1000	1022	53	8	3.31697723	18.05697423
1000	1022	53	9	3.99412635	11.65186048
1000	1022	53	10	0.86993841	2.16495164
1000	1022	53	11	1.64803461	5.37882905
1000	1022	53	12	0.09219172	1.13282335
1000	1022	53	13	0.12987216	2.16488458
1000	1022	53	14	3.34137616	10.47655748
1000	1022	53	15	0.63504583	1.23594075
1000	1022	53	16	0.35568192	1.44871276
1000	1022	53	17	0.41790078	2.10412068
1000	1022	53	18	2.52526572	9.61803932
1000	1022	53	19	1.26661785	5.07941894
1000	1022	54	0	0.02139539	1.14025652
1000	1022	54	1	1.77577801	24.90946470
1000	1022	54	2	0.04241325	0.26881764
1000	1022	54	3	1.07760069	7.48741349
1000	1022	54	4	0.08745819	0.47919675
1000	1022	54	5	2.20070509	10.94566644
1000	1022	54	6	0.07570561	1.10145206
1000	1022	54	7	1.14620288	6.64579139
1000	1022	54	8	3.33733720	18.29342131
1000	1022	54	9	3.99233189	11.65095226
1000	1022	54	10	0.90498096	2.28432130
1000	1022	54	11	1.66966520	5.50095051
1000	1022	54	12	0.08885140	1.05793557
1000	1022	54	13	0.11579374	1.96275643
1000	1022	54	14	3.21399491	10.21379154
1000	1022	54	15	0.73518164	1.44349187
1000	1022	54	16	0.31324552	1.31728425
1000	1022	54	17	0.43594786	2.25557164
1000	1022	54	18	2.63218897	10.23219720
1000	1022	54	19	1.13393938	4.63940622
1000	1022	55	0	0.01924871	1.02585350
1000	1022	55	1	1.63924733	24.18816658
1000	1022	55	2	0.04241669	0.25884641
1000	1022	55	3	1.07956731	7.57157589
1000	1022	55	4	0.08453221	0.44895638
1000	1022	55	5	2.25006301	11.41101574
1000	1022	55	6	0.07291663	1.01930113
1000	1022	55	7	1.14722720	6.67336190
1000	1022	55	8	3.35546696	18.50989036
1000	1022	55	9	3.98991946	11.64856097
1000	1022	55	10	0.93680355	2.39734915
1000	1022	55	11	1.68867801	5.61005808
1000	1022	55	12	0.08598425	0.99075263
1000	1022	55	13	0.10329091	1.77754764
1000	1022	55	14	3.07324111	9.91404101
1000	1022	55	15	0.84537601	1.67938975
1000	1022	55	16	0.27350509	1.18761043
1000	1022	55	17	0.45206695	2.40589108
1000	1022	55	18	2.72949890	10.83124494
1000	1022	55	19	1.01042238	4.21455460
1000	1022	56	0	0.01750118	0.92292858
1000	1022	56	1	1.50316899	23.40264509
1000	1022	56	2	0.04273716	0.25082171
1000	1022	56	3	1.08116348	7.64653815
1000	1022	56	4	0.08203025	0.42321757
1000	1022	56	5	2.29298283	11.85194522
1000	1022	56	6	0.07053453	0.94613482
1000	1022	56	7	1.14810471	6.69731602
1000	1022	56	8	3.37159880	18.70755942
1000	1022	56	9	3.98681317	11.64457715
1000	1022	56	10	0.96538211	2.50301388
1000	1022	56	11	1.70537035	5.70722587
1000	1022	56	12	0.08351918	0.93061131
1000	1022	56	13	0.09220220	1.60823909
1000	1022	56	14	2.92026249	9.57665676
1000	1022	56	15	0.96463533	1.94388821
1000	1022	56	16	0.23689763	1.06179729
1000	1022	56	17	0.46626369	2.55329430
1000	1022	56	18	2.81704159	11.40857162
1000	1022	56	19	0.89651122	3.80893160
1000	1022	57	0	0.01609516	0.83051394
1000	1022	57	1	1.36963627	22.55979070
1000	1022	57	2	0.04339608	0.24468126
1000	1022	57	3	1.08244078	7.71315051
1000	1022	57	4	0.07988555	0.40129866
1000	1022	57	5	2.32997547	12.26588836
1000	1022	57	6	0.06849566	0.88107237
1000	1022	57	7	1.14885837	6.71811563
1000	1022	57	8	3.38594333	18.88763787
1000	1022	57	9	3.98292131	11.63885296
1000	1022	57	10	0.99078917	2.60062419
1000	1022	57	11	1.72001140	5.79352060
1000	1022	57	12	0.08139646	0.87687513
1000	1022	57	13	0.08238195	1.45380649
1000	1022	57	14	2.75684379	9.20236071
1000	1022	57	15	1.09149062	2.23615964
1000	1022	57	16	0.20368664	0.94167968
1000	1022	57	17	0.47861027	2.69622823
1000	1022	57	18	2.89497383	11.95872597
1000	1022	57	19	0.79234610	3.42568244
1000	1022	58	0	0.01498561	0.74769936
1000	1022	58	1	1.24049943	21.66789644
1000	1022	58	2	0.04442205	0.24039631
1000	1022	58	3	1.08343906	7.77220197
1000	1022	58	4	0.07804305	0.38261870
1000	1022	58	5	2.36160679	12.65119647
1000	1022	58	6	0.06674712	0.82329560
1000	1022	58	7	1.14950707	6.73616788
1000	1022	58	8	3.39869083	19.05133936
1000	1022	58	9	3.97813446	11.63119954
1000	1022	58	10	1.01317100	2.68980096
1000	1022	58	11	1.73284278	5.86997553
1000	1022	58	12	0.07956589	0.82894175
1000	1022	58	13	0.07369944	1.31323697
1000	1022	58	14	2.58532527	8.79341118
1000	1022	58	15	1.22407287	2.55419374
1000	1022	58	16	0.17397516	0.82873903
1000	1022	58	17	0.48922711	2.83340869
1000	1022	58	18	2.96369357	12.47749670
1000	1022	58	19	0.69781632	3.06703579
1000	1022	59	0	0.01413854	0.67363800
1000	1022	59	1	1.11728896	20.73627424
1000	1022	59	2	0.04585162	0.23797234
1000	1022	59	3	1.08418781	7.82441669
1000	1022	59	4	0.07645718	0.36668434
1000	1022	59	5	2.38846147	13.00704810
1000	1022	59	6	0.06524490	0.77205065
1000	1022	59	7	1.15006642	6.75183024
1000	1022	59	8	3.41001274	19.19986078
1000	1022	59	9	3.97232314	11.62138337
1000	1022	59	10	1.03272570	2.77044279
1000	1022	59	11	1.74408003	5.93757244
1000	1022	59	12	0.07798527	0.78624746
1000	1022	59	13	0.06603808	1.18554227
1000	1022	59	14	2.40845457	8.35362982
1000	1022	59	15	1.36023580	2.89480652
1000	1022	59	16	0.14772989	0.72406170
1000	1022	59	17	0.49826534	2.96383449
1000	1022	59	18	3.02377148	12.96190723
1000	1022	59	19	0.61261481	2.73436081
1000	1022	60	0	0.01352984	0.60754989
1000	1022	60	1	1.00117863	19.77483304
1000	1022	60	2	0.04773032	0.23745031
1000	1022	60	3	1.08470715	7.87045226
1000	1022	60	4	0.07509013	0.35307786
1000	1022	60	5	2.41111544	13.33333672
1000	1022	60	6	0.06395235	0.72664775
1000	1022	60	7	1.15054937	6.76541562
1000	1022	60	8	3.42006316	19.33436628
1000	1022	60	9	3.96533491	11.60912153
1000	1022	60	10	1.04968367	2.84268155
1000	1022	60	11	1.75391428	5.99723012
1000	1022	60	12	0.07661911	0.74826952
1000	1022	60	13	0.05929455	1.06976908
1000	1022	60	14	2.22919425	7.88827121
1000	1022	60	15	1.49770696	3.25376902
1000	1022	60	16	0.12481075	0.62833546
1000	1022	60	17	0.50589179	3.08678240
1000	1022	60	18	3.07588915	13.41014313
1000	1022	60	19	0.53628980	2.42825956
1000	1022	61	0	0.01314453	0.54872381
1000	1022	61	1	0.89298333	18.79366222
1000	1022	61	2	0.05011378	0.23890870
1000	1022	61	3	1.08500842	7.91089911
1000	1022	61	4	0.07391044	0.34144629
1000	1022	61	5	2.43011646	13.63054863
1000	1022	61	6	0.06283891	0.68645930
1000	1022	61	7	1.15096669	6.77719724
1000	1022	61	8	3.42898029	19.45597547
1000	1022	61	9	3.95699097	11.59407562
1000	1022	61	10	1.06429134	2.90683377
1000	1022	61	11	1.76251423	6.04979784
1000	1022	61	12	0.07543752	0.71452676
1000	1022	61	13	0.05337816	0.96500700
1000	1022	61	14	2.05051571	7.40374480
1000	1022	61	15	1.63424322	3.62604253
1000	1022	61	16	0.10500147	0.54187676
1000	1022	61	17	0.51227695	3.20178756
1000	1022	61	18	3.12078678	13.82143207
1000	1022	61	19	0.46829067	2.14868005
1000	1022	62	0	0.01297652	0.49651830
1000	1022	62	1	0.79318386	17.80265463
1000	1022	62	2	0.05306928	0.24246636
1000	1022	62	3	1.08509425	7.94628071
1000	1022	62	4	0.07289189	0.33149194
1000	1022	62	5	2.44597150	13.89964076
1000	1022	62	6	0.06187904	0.65091709
1000	1022	62	7	1.15132737	6.78741307
1000	1022	62	8	3.43688782	19.56575520
1000	1022	62	9	3.94708225	11.57584452
1000	1022	62	10	1.07679834	2.96335268
1000	1022	62	11	1.77002810	6.09605264
1000	1022	62	12	0.07441534	0.68457912
1000	1022	62	13	0.04821019	0.87039454
1000	1022	62	14	1.87521019	6.90722648
1000	1022	62	15	1.76776850	4.00608808
1000	1022	62	16	0.08803771	0.46467937
1000	1022	62	17	0.51758628	3.30861452
1000	1022	62	18	3.15922149	14.19589537
1000	1022	62	19	0.40800687	1.89503714
1000	1022	63	0	0.01302875	0.45036216
1000	1022	63	1	0.70196905	16.81119219
1000	1022	63	2	0.05667738	0.24828623
1000	1022	63	3	1.08495815	7.97705366
1000	1022	63	4	0.07201261	0.32296399
1000	1022	63	5	2.45913976	14.14192534
1000	1022	63	6	0.06105141	0.61950880
1000	1022	63	7	1.15163893	6.79627004
1000	1022	63	8	3.44389629	19.66471398
1000	1022	63	9	3.93536500	11.55395553
1000	1022	63	10	1.08744794	3.01278400
1000	1022	63	11	1.77658554	6.13669935
1000	1022	63	12	0.07353136	0.65802625
1000	1022	63	13	0.04372352	0.78512359
1000	1022	63	14	1.70574028	6.40621473
1000	1022	63	15	1.89647765	4.38820644
1000	1022	63	16	0.07363097	0.39647481
1000	1022	63	17	0.52197429	3.40722304
1000	1022	63	18	3.19193599	14.53438740
1000	1022	63	19	0.35479952	1.66633175
1000	1022	64	0	0.01331405	0.40975521
1000	1022	64	1	0.61928685	15.82790517
1000	1022	64	2	0.06103400	0.25658009
1000	1022	64	3	1.08458364	8.00360753
1000	1022	64	4	0.07125434	0.31565136
1000	1022	64	5	2.47002977	14.35896572
1000	1022	64	6	0.06033820	0.59177422
1000	1022	64	7	1.15190762	6.80394775
1000	1022	64	8	3.45010424	19.75379880
1000	1022	64	9	3.92155598	11.52785430
1000	1022	64	10	1.09647038	3.05572754
1000	1022	64	11	1.78229945	6.17237249
1000	1022	64	12	0.07276780	0.63450568
1000	1022	64	13	0.03986243	0.70844287
1000	1022	64	14	1.54414390	5.90809098
1000	1022	64	15	2.01889967	4.76686452
1000	1022	64	16	0.06148745	0.33679639
1000	1022	64	17	0.52558112	3.49773255
1000	1022	64	18	3.21963641	14.83833543
1000	1022	64	19	0.30802605	1.46126159
1000	1022	65	0	0.01385639	0.37426962
1000	1022	65	1	0.54489742	14.86050660
1000	1022	65	2	0.06625260	0.26761434
1000	1022	65	3	1.08394259	8.02626368
1000	1022	65	4	0.07060191	0.30937657
1000	1022	65	5	2.47899956	14.55248594
1000	1022	65	6	0.05972457	0.56730126
1000	1022	65	7	1.15213864	6.81060181
1000	1022	65	8	3.45559939	19.83389365
1000	1022	65	9	3.90532744	11.49689330
1000	1022	65	10	1.10407864	3.09280539
1000	1022	65	11	1.78726753	6.20363946
1000	1022	65	12	0.07210971	0.61369058
1000	1022	65	13	0.03658272	0.63966059
1000	1022	65	14	1.39199208	5.41973522
1000	1022	65	15	2.13392109	5.13697206
1000	1022	65	16	0.05132196	0.28504052
1000	1022	65	17	0.52853090	3.58038744
1000	1022	65	18	3.24297788	15.10958931
1000	1022	65	19	0.26705873	1.27831933
1000	1022	66	0	0.01469315	0.34355251
1000	1022	66	1	0.47842384	13.91569652
1000	1022	66	2	0.07246667	0.28171695
1000	1022	66	3	1.08299283	8.04527275
1000	1022	66	4	0.07004277	0.30399054
1000	1022	66	5	2.48635890	14.72429472
1000	1022	66	6	0.05919820	0.54572205
1000	1022	66	7	1.15233629	6.81636688
1000	1022	66	8	3.46045962	19.90581942
1000	1022	66	9	3.88630210	11.46031925
1000	1022	66	10	1.11046601	3.12463695
1000	1022	66	11	1.79157372	6.23100443
1000	1022	66	12	0.07154470	0.59528740
1000	1022	66	13	0.03385221	0.57814685
1000	1022	66	14	1.25039311	4.94723165
1000	1022	66	15	2.24077609	5.49408596
1000	1022	66	16	0.04286743	0.24052139
1000	1022	66	17	0.53093148	3.65552533
1000	1022	66	18	3.26255625	15.35028642
1000	1022	66	19	0.23129794	1.11587640
1000	1022	67	0	0.01587816	0.31733041
1000	1022	67	1	0.41939742	12.99912637
1000	1022	67	2	0.07983239	0.29928545
1000	1022	67	3	1.08167480	8.06080991
1000	1022	67	4	0.06956669	0.29936826
1000	1022	67	5	2.49237268	14.87622381
1000	1022	67	6	0.05874897	0.52670913
1000	1022	67	7	1.15250403	6.82135920
1000	1022	67	8	3.46475393	19.97033485
1000	1022	67	9	3.86404859	11.41725988
1000	1022	67	10	1.11580514	3.15182018
1000	1022	67	11	1.79528933	6.25491246
1000	1022	67	12	0.07106257	0.57903348
1000	1022	67	13	0.03165168	0.52333616
1000	1022	67	14	1.12003191	4.49567964
1000	1022	67	15	2.33901227	5.83453415
1000	1022	67	16	0.03588074	0.20251670
1000	1022	67	17	0.53287496	3.72354891
1000	1022	67	18	3.27890434	15.56273529
1000	1022	67	19	0.20018116	0.97225177
1000	1022	68	0	0.01748601	0.29541623
1000	1022	68	1	0.36729648	12.11541235
1000	1022	68	2	0.08853132	0.32079610
1000	1022	68	3	1.07990686	8.07296755
1000	1022	68	4	0.06916551	0.29540521
1000	1022	68	5	2.49726491	15.01007943
1000	1022	68	6	0.05836874	0.50997185
1000	1022	68	7	1.15264459	6.82567895
1000	1022	68	8	3.46854318	20.02813821
1000	1022	68	9	3.83807794	11.36671062
1000	1022	68	10	1.12024807	3.17491836
1000	1022	68	11	1.79847397	6.27575366
1000	1022	68	12	0.07065512	0.56469472
1000	1022	68	13	0.02997648	0.47473055
1000	1022	68	14	1.00123242	4.06910921
1000	1022	68	15	2.42844109	6.15546221
1000	1022	68	16	0.03014593	0.17030389
1000	1022	68	17	0.53443879	3.78490199
1000	1022	68	18	3.29249164	15.74931859
1000	1022	68	19	0.17318863	0.84576671
1000	1022	69	0	0.01961781	0.27771976
1000	1022	69	1	0.32157869	11.26818627
1000	1022	69	2	0.09877295	0.34681390
1000	1022	69	3	1.07757925	8.08174416
1000	1022	69	4	0.06883300	0.29201437
1000	1022	69	5	2.50122291	15.12760544
1000	1022	69	6	0.05805114	0.49525308
1000	1022	69	7	1.15276000	6.82941215
1000	1022	69	8	3.47188083	20.07986954
1000	1022	69	9	3.80784186	11.30752238
1000	1022	69	10	1.12392684	3.19445154
1000	1022	69	11	1.80117615	6.29386708
1000	1022	69	12	0.07031603	0.55206332
1000	1022	69	13	0.02883888	0.43190375
1000	1022	69	14	0.89403257	3.67048792
1000	1022	69	15	2.50908064	6.45481455
1000	1022	69	16	0.02547532	0.14318740
1000	1022	69	17	0.53568700	3.84004960
1000	1022	69	18	3.30372596	15.91241502
1000	1022	69	19	0.14984652	0.73478675
1000	1022	70	0	0.02240873	0.26426264
1000	1022	70	1	0.28170743	10.46017348
1000	1022	70	2	0.11079688	0.37800324
1000	1022	70	3	1.07454614	8.08702868
1000	1022	70	4	0.06856481	0.28912386
1000	1022	70	5	2.50440121	15.23045656
1000	1022	70	6	0.05779148	0.48232615
1000	1022	70	7	1.15285158	6.83263237
1000	1022	70	8	3.47481349	20.12611313
1000	1022	70	9	3.77273397	11.23839172
1000	1022	70	10	1.12695458	3.21089153
1000	1022	70	11	1.80343352	6.30954411
1000	1022	70	12	0.07004079	0.54095582
1000	1022	70	13	0.02827144	0.39450715
1000	1022	70	14	0.79826461	3.30180036
1000	1022	70	15	2.58109559	6.73126462
1000	1022	70	16	0.02170961	0.12051785
1000	1022	70	17	0.53667147	3.88946195
1000	1022	70	18	3.31295630	16.05433845
1000	1022	70	19	0.12972837	0.63775276
1000	1022	71	0	0.02603767	0.25519911
1000	1022	71	1	0.24717380	9.69328954
1000	1022	71	2	0.12487414	0.41513865
1000	1022	71	3	1.07061571	8.08857893
1000	1022	71	4	0.06835851	0.28667512
1000	1022	71	5	2.50692493	15.32017968
1000	1022	71	6	0.05758676	0.47099221
1000	1022	71	7	1.15291993	6.83540215
1000	1022	71	8	3.47738137	20.16740019
1000	1022	71	9	3.73209548	11.15785577
1000	1022	71	10	1.12942647	3.22465965
1000	1022	71	11	1.80527284	6.32303112
1000	1022	71	12	0.06982675	0.53121133
1000	1022	71	13	0.02833167	0.36227814
1000	1022	71	14	0.71363663	2.96418062
1000	1022	71	15	2.64473716	6.98410940
1000	1022	71	16	0.01871738	0.10170493
1000	1022	71	17	0.53743305	3.93360157
1000	1022	71	18	3.32047603	16.17729198
1000	1022	71	19	0.11245560	0.55320301
1000	1022	72	0	0.03073928	0.25084394
1000	1022	72	1	0.21751590	8.96874909
1000	1022	72	2	0.14130722	0.45911474
1000	1022	72	3	1.06553810	8.08599306
1000	1022	72	4	0.06821372	0.28462153
1000	1022	72	5	2.50889246	15.39820158
1000	1022	72	6	0.05743576	0.46107789
1000	1022	72	7	1.15296483	6.83777406
1000	1022	72	8	3.47961863	20.20421154
1000	1022	72	9	3.68522682	11.06429442
1000	1022	72	10	1.13142073	3.23612639
1000	1022	72	11	1.80670936	6.33453133
1000	1022	72	12	0.06967322	0.52269001
1000	1022	72	13	0.02910822	0.33505190
1000	1022	72	14	0.63981512	2.65808073
1000	1022	72	15	2.70028298	7.21314028
1000	1022	72	16	0.01639481	0.08622538
1000	1022	72	17	0.53800219	3.97291326
1000	1022	72	18	3.32652555	16.28333434
1000	1022	72	19	0.09769769	0.47978830
1000	1022	73	0	0.03681816	0.25170906
1000	1022	73	1	0.19233771	8.28718307
1000	1022	73	2	0.16042786	0.51095430
1000	1022	73	3	1.05899165	8.07867268
1000	1022	73	4	0.06813237	0.28292755
1000	1022	73	5	2.51037694	15.46582120
1000	1022	73	6	0.05733917	0.45243346
1000	1022	73	7	1.15298516	6.83979163
1000	1022	73	8	3.48155348	20.23698011
1000	1022	73	9	3.63140750	10.95594349
1000	1022	73	10	1.13299907	3.24561198
1000	1022	73	11	1.80774575	6.34420558
1000	1022	73	12	0.06958174	0.51527197
1000	1022	73	13	0.03072913	0.31277755
1000	1022	73	14	0.57651152	2.38346373
1000	1022	73	15	2.74797429	7.41849837
1000	1022	73	16	0.01466614	0.07362806
1000	1022	73	17	0.53839922	4.00781597
1000	1022	73	18	3.33129356	16.37435557
1000	1022	73	19	0.08517288	0.41628224
1000	1022	74	0	0.04466489	0.25855003
1000	1022	74	1	0.17133088	7.64876319
1000	1022	74	2	0.18259174	0.57181252
1000	1022	74	3	1.05056840	8.06577712
1000	1022	74	4	0.06811912	0.28156829
1000	1022	74	5	2.51142618	15.52420470
1000	1022	74	6	0.05729990	0.44493134
1000	1022	74	7	1.15297868	6.84148993
1000	1022	74	8	3.48320824	20.26609320
1000	1022	74	9	3.56992605	10.83092316
1000	1022	74	10	1.13420638	3.25338734
1000	1022	74	11	1.80837034	6.35217174
1000	1022	74	12	0.06955643	0.50885653
1000	1022	74	13	0.03337212	0.29554004
1000	1022	74	14	0.52357958	2.14001679
1000	1022	74	15	2.78794554	7.60051727
1000	1022	74	16	0.01348585	0.06353774
1000	1022	74	17	0.53863360	4.03869588
1000	1022	74	18	3.33491594	16.45205885
1000	1022	74	19	0.07465036	0.36158873
1000	1022	75	0	0.05477197	0.27242300
1000	1022	75	1	0.15430347	7.05333556
1000	1022	75	2	0.20816881	0.64297518
1000	1022	75	3	1.03976134	8.04616930
1000	1022	75	4	0.06818191	0.28052964
1000	1022	75	5	2.51206039	15.57438116
1000	1022	75	6	0.05732353	0.43846512
1000	1022	75	7	1.15294179	6.84289589
1000	1022	75	8	3.48459905	20.29189433
1000	1022	75	9	3.50012233	10.68728669
1000	1022	75	10	1.13506921	3.25967436
1000	1022	75	11	1.80855457	6.35850258
1000	1022	75	12	0.06960454	0.50336199
1000	1022	75	13	0.03727745	0.28358901
1000	1022	75	14	0.48113414	1.92738844
1000	1022	75	15	2.82013830	7.75954960
1000	1022	75	16	0.01284357	0.05565986
1000	1022	75	17	0.53870219	4.06589979
1000	1022	75	18	3.33747068	16.51794484
1000	1022	75	19	0.06595520	0.31474914
1000	1022	76	0	0.06774658	0.29475086
1000	1022	76	1	0.14122171	6.50056981
1000	1022	76	2	0.23752763	0.72584745
1000	1022	76	3	1.02595774	8.01835602
1000	1022	76	4	0.06833278	0.27980888
1000	1022	76	5	2.51226654	15.61723672
1000	1022	76	6	0.05741887	0.43294925
1000	1022	76	7	1.15286921	6.84402831
1000	1022	76	8	3.48573549	20.31468459
1000	1022	76	9	3.42144375	10.52309464
1000	1022	76	10	1.13559243	3.26464457
1000	1022	76	11	1.80824946	6.36322167
1000	1022	76	12	0.06973718	0.49872595
1000	1022	76	13	0.04276301	0.27737609
1000	1022	76	14	0.44970529	1.74546300
1000	1022	76	15	2.84418903	7.89576763
1000	1022	76	16	0.01277339	0.04978854
1000	1022	76	17	0.53858554	4.08972738
1000	1022	76	18	3.33896672	16.57329400
1000	1022	76	19	0.05897797	0.27495199
1000	1022	77	0	0.08431435	0.32739421
1000	1022	77	1	0.13227288	5.99013489
1000	1022	77	2	0.27101183	0.82192922
1000	1022	77	3	1.00844544	7.98042944
1000	1022	77	4	0.06858893	0.27941602
1000	1022	77	5	2.51198767	15.65350400
1000	1022	77	6	0.05759879	0.42831924
1000	1022	77	7	1.15275350	6.84489753
1000	1022	77	8	3.48661976	20.33472325
1000	1022	77	9	3.33351673	10.33652000
1000	1022	77	10	1.13575276	3.26841486
1000	1022	77	11	1.80738104	6.36629690
1000	1022	77	12	0.06997029	0.49490631
1000	1022	77	13	0.05024081	0.27760152
1000	1022	77	14	0.43044233	1.59469464
1000	1022	77	15	2.85927931	8.00892047
1000	1022	77	16	0.01336986	0.04582119
1000	1022	77	17	0.53824153	4.11042098
1000	1022	77	18	3.33932326	16.61914130
1000	1022	77	19	0.05369187	0.24154902
1000	1022	78	0	0.10530560	0.37271768
1000	1022	78	1	0.12795941	5.52192024
1000	1022	78	2	0.30890672	0.93277174
1000	1022	78	3	0.98644172	7.93002269
1000	1022	78	4	0.06897403	0.27937581
1000	1022	78	5	2.51110471	15.68374249
1000	1022	78	6	0.05788125	0.42453270
1000	1022	78	7	1.15258450	6.84550473
1000	1022	78	8	3.48724563	20.35222758
1000	1022	78	9	3.23623357	10.12598857
1000	1022	78	10	1.13548804	3.27103836
1000	1022	78	11	1.80584446	6.36763129
1000	1022	78	12	0.07032588	0.49188314
1000	1022	78	13	0.06023332	0.28527017
1000	1022	78	14	0.42537288	1.47653060
1000	1022	78	15	2.86394314	8.09802559
1000	1022	78	16	0.01481384	0.04378428
1000	1022	78	17	0.53759497	4.12815009
1000	1022	78	18	3.33833488	16.65623527
1000	1022	78	19	0.05018151	0.21408299
1000	1022	79	0	0.13161290	0.43363461
1000	1022	79	1	0.12923425	5.09632880
1000	1022	79	2	0.35139310	1.05990928
1000	1022	79	3	0.95915572	7.86430024
1000	1022	79	4	0.06951994	0.27973057
1000	1022	79	5	2.50940722	15.70830393
1000	1022	79	6	0.05829058	0.42157130
1000	1022	79	7	1.15234863	6.84584073
1000	1022	79	8	3.48759699	20.36737153
1000	1022	79	9	3.12985487	9.89035818
1000	1022	79	10	1.13467990	3.27248759
1000	1022	79	11	1.80349704	6.36705056
1000	1022	79	12	0.07083354	0.48966144
1000	1022	79	13	0.07338603	0.30175530
1000	1022	79	14	0.43768945	1.39394787
1000	1022	79	15	2.85584807	8.16097432
1000	1022	79	16	0.01741205	0.04387624
1000	1022	79	17	0.53652144	4.14298756
1000	1022	79	18	3.33561576	16.68497027
1000	1022	79	19	0.04868892	0.19233490
1000	1022	80	0	0.16410867	0.51360396
1000	1022	80	1	0.13768001	4.71467608
1000	1022	80	2	0.39848541	1.20475791
1000	1022	80	3	0.92589259	7.78001192
1000	1022	80	4	0.07026870	0.28054411
1000	1022	80	5	2.50654878	15.72727383
1000	1022	80	6	0.05885908	0.41944365
1000	1022	80	7	1.15202799	6.84588430
1000	1022	80	8	3.48764595	20.38028327
1000	1022	80	9	3.01512749	9.62913890
1000	1022	80	10	1.13312758	3.27262625
1000	1022	80	11	1.80015015	6.36428715
1000	1022	80	12	0.07153226	0.48827507
1000	1022	80	13	0.09047098	0.32886503
1000	1022	80	14	0.47195759	1.35209181
1000	1022	80	15	2.83162227	8.19405489
1000	1022	80	16	0.02165307	0.04653548
1000	1022	80	17	0.53482367	4.15487260
1000	1022	80	18	3.33051575	16.70527650
1000	1022	80	19	0.04968368	0.17640135
1000	1022	81	0	0.20351651	0.61654517
1000	1022	81	1	0.15570992	4.37972831
1000	1022	81	2	0.44995056	1.36847220
1000	1022	81	3	0.88619834	7.67364394
1000	1022	81	4	0.07127489	0.28190659
1000	1022	81	5	2.50198306	15.74037777
1000	1022	81	6	0.05962878	0.41818943
1000	1022	81	7	1.15159945	6.84559990
1000	1022	81	8	3.48735056	20.39104122
1000	1022	81	9	2.89341885	9.34275562
1000	1022	81	10	1.13051095	3.27116453
1000	1022	81	11	1.79556072	6.35896079
1000	1022	81	12	0.07247249	0.48779191
1000	1022	81	13	0.11237344	0.36890223
1000	1022	81	14	0.53400564	1.35890318
1000	1022	81	15	2.78689746	8.19146756
1000	1022	81	16	0.02827858	0.05254161
1000	1022	81	17	0.53219988	4.16355483
1000	1022	81	18	3.32200231	16.71644786
1000	1022	81	19	0.05396328	0.16681606
1000	1022	82	0	0.25024285	0.74663447
1000	1022	82	1	0.18671410	4.09638765
1000	1022	82	2	0.50520447	1.55174865
1000	1022	82	3	0.84002669	7.54169474
1000	1022	82	4	0.07260818	0.28394062
1000	1022	82	5	2.49487965	15.74683844
1000	1022	82	6	0.06065348	0.41788465
1000	1022	82	7	1.15103350	6.84493482
1000	1022	82	8	3.48665216	20.39966847
1000	1022	82	9	2.76686885	9.03285499
1000	1022	82	10	1.12634323	3.26759293
1000	1022	82	11	1.78942315	6.35055605
1000	1022	82	12	0.07371827	0.48832023
1000	1022	82	13	0.14005279	0.42470191
1000	1022	82	14	0.63012949	1.42541936
1000	1022	82	15	2.71684031	8.14505033
1000	1022	82	16	0.03835593	0.06315378
1000	1022	82	17	0.52820704	4.16851382
1000	1022	82	18	3.30851163	16.71688603
1000	1022	82	19	0.06278429	0.16473092
1000	1022	83	0	0.30419624	0.90795717
1000	1022	83	1	0.23498961	3.87245495
1000	1022	83	2	0.56318692	1.75456394
1000	1022	83	3	0.78788757	7.38108104
1000	1022	83	4	0.07435598	0.28680834
1000	1022	83	5	2.48402822	15.74517141
1000	1022	83	6	0.06200085	0.41864826
1000	1022	83	7	1.15029314	6.84381574
1000	1022	83	8	3.48547239	20.40612551
1000	1022	83	9	2.63855761	8.70265895
1000	1022	83	10	1.11992066	3.26109186
1000	1022	83	11	1.78136313	6.33839806
1000	1022	83	12	0.07534934	0.49001641
1000	1022	83	13	0.17446892	0.49962367
1000	1022	83	14	0.76534317	1.56517652
1000	1022	83	15	2.61739990	8.04463103
1000	1022	83	16	0.05331480	0.08027509
1000	1022	83	17	0.52223004	4.16885200
1000	1022	83	18	3.28779356	16.70374646
1000	1022	83	19	0.07800944	0.17216738
1000	1022	84	0	0.36464233	1.10402061
1000	1022	84	1	0.30522494	3.71924614
1000	1022	84	2	0.62222587	1.97583907
1000	1022	84	3	0.73092313	7.18963863
1000	1022	84	4	0.07662604	0.29071950
1000	1022	84	5	2.46775661	15.73291725
1000	1022	84	6	0.06375441	0.42064980
1000	1022	84	7	1.14933281	6.84214467
1000	1022	84	8	3.48371009	20.41030120
1000	1022	84	9	2.51267393	8.35736489
1000	1022	84	10	1.11028785	3.25042208
1000	1022	84	11	1.77093537	6.32162913
1000	1022	84	12	0.07746296	0.49309349
1000	1022	84	13	0.21647037	0.59747178
1000	1022	84	14	0.94100262	1.79206814
1000	1022	84	15	2.48709152	7.87950496
1000	1022	84	16	0.07487925	0.10659845
1000	1022	84	17	0.51348046	4.16317036
1000	1022	84	18	3.25681467	16.67249965
1000	1022	84	19	0.10222639	0.19233042
1000	1022	85	0	0.43015128	1.33718003
1000	1022	85	1	0.40139101	3.65163125
1000	1022	85	2	0.67992594	2.21303328
1000	1022	85	3	0.67086438	6.96663257
1000	1022	85	4	0.07954867	0.29594008
1000	1022	85	5	2.44391416	15.70633429
1000	1022	85	6	0.06601528	0.42411804
1000	1022	85	7	1.14809738	6.83979455
1000	1022	85	8	3.48123822	20.41200222
1000	1022	85	9	2.39463880	8.00457697
1000	1022	85	10	1.09625327	3.23381860
1000	1022	85	11	1.75762751	6.29918960
1000	1022	85	12	0.08017506	0.49783036
1000	1022	85	13	0.26665000	0.72231564
1000	1022	85	14	1.15302045	2.11656403
1000	1022	85	15	2.32845998	7.64118531
1000	1022	85	16	0.10481082	0.14563539
1000	1022	85	17	0.50106111	4.14945862
1000	1022	85	18	3.21183281	16.61648270
1000	1022	85	19	0.13875332	0.22993584
1000	1022	86	0	0.49867755	1.60808038
1000	1022	86	1	0.52524934	3.68696054
1000	1022	86	2	0.73315146	2.46170553
1000	1022	86	3	0.60985691	6.71315645
1000	1022	86	4	0.08327846	0.30280103
1000	1022	86	5	2.40999265	15.66012341
1000	1022	86	6	0.06890356	0.42935010
1000	1022	86	7	1.14652137	6.83660457
1000	1022	86	8	3.47790102	20.41094117
1000	1022	86	9	2.29108614	7.65471314
1000	1022	86	10	1.07649810	3.20893681
1000	1022	86	11	1.74087242	6.26980804
1000	1022	86	12	0.08362049	0.50458069
1000	1022	86	13	0.32518774	0.87819344
1000	1022	86	14	1.39204442	2.54144477
1000	1022	86	15	2.14814681	7.32666558
1000	1022	86	16	0.14442949	0.20147824
1000	1022	86	17	0.48412966	4.12506388
1000	1022	86	18	3.14878072	16.52661448
1000	1022	86	19	0.19141723	0.29143317
1000	1022	87	0	0.56777111	1.91524421
1000	1022	87	1	0.67517222	3.84260655
1000	1022	87	2	0.77821075	2.71514455
1000	1022	87	3	0.55019243	6.43230435
1000	1022	87	4	0.08799514	0.31170661
1000	1022	87	5	2.36344934	15.58731742
1000	1022	87	6	0.07255890	0.43672059
1000	1022	87	7	1.14452845	6.83237553
1000	1022	87	8	3.47351170	20.40672393
1000	1022	87	9	2.20954000	7.32125330
1000	1022	87	10	1.04980500	3.17292614
1000	1022	87	11	1.72007099	6.23200663
1000	1022	87	12	0.08795194	0.51378084
1000	1022	87	13	0.39171328	1.06870402
1000	1022	87	14	1.64572596	3.05918214
1000	1022	87	15	1.95532665	6.94062069
1000	1022	87	16	0.19402919	0.27816335
1000	1022	87	17	0.46215533	4.08682685
1000	1022	87	18	3.06403110	16.39155102
1000	1022	87	19	0.26401814	0.38493196
1000	1022	88	0	0.63487182	2.25492006
1000	1022	88	1	0.84604733	4.13257254
1000	1022	88	2	0.81134188	2.96425522
1000	1022	88	3	0.49401894	6.12905155
1000	1022	88	4	0.09390328	0.32314151
1000	1022	88	5	2.30223062	15.47951098
1000	1022	88	6	0.07714016	0.44669011
1000	1022	88	7	1.14203137	6.82686540
1000	1022	88	8	3.46785103	20.39883684
1000	1022	88	9	2.15759510	7.02057958
1000	1022	88	10	1.01537732	3.12270694
1000	1022	88	11	1.69462653	6.18412760
1000	1022	88	12	0.09333709	0.52595552
1000	1022	88	13	0.46522728	1.29652401
1000	1022	88	14	1.90171434	3.65248919
1000	1022	88	15	1.75944945	6.49528319
1000	1022	88	16	0.25247322	0.37866381
1000	1022	88	17	0.43518763	4.03145754
1000	1022	88	18	2.95542074	16.19857510
1000	1022	88	19	0.35951804	0.51961707
1000	1022	89	0	0.69761095	2.62124305
1000	1022	89	1	1.03041050	4.56434569
1000	1022	89	2	0.82949206	3.19795283
1000	1022	89	3	0.44310457	5.80986116
1000	1022	89	4	0.10123014	0.33767596
1000	1022	89	5	2.22537595	15.32757774
1000	1022	89	6	0.08282361	0.45981209
1000	1022	89	7	1.13893260	6.81978568
1000	1022	89	8	3.46066726	20.38663462
1000	1022	89	9	2.14150649	6.77105196
1000	1022	89	10	0.97314258	3.05547059
1000	1022	89	11	1.66399146	6.12438686
1000	1022	89	12	0.09995347	0.54171971
1000	1022	89	13	0.54411239	1.56292019
1000	1022	89	14	2.14986115	4.29767532
1000	1022	89	15	1.56847096	6.00810453
1000	1022	89	16	0.31725220	0.50381636
1000	1022	89	17	0.40399818	3.95613208
1000	1022	89	18	2.82316723	15.93533320
1000	1022	89	19	0.47918443	0.70454932
1000	1022	90	0	0.75404900	3.00667807
1000	1022	90	1	1.22016238	5.13719844
1000	1022	90	2	0.83115314	3.40425998
1000	1022	90	3	0.39870203	5.48210694
1000	1022	90	4	0.11022065	0.35596736
1000	1022	90	5	2.13347787	15.12287775
1000	1022	90	6	0.08979881	0.47673691
1000	1022	90	7	1.13512602	6.81079885
1000	1022	90	8	3.45167854	20.36933033
1000	1022	90	9	2.16445008	6.59099043
1000	1022	90	10	0.92390018	2.96930972
1000	1022	90	11	1.62772494	6.05095883
1000	1022	90	12	0.10798015	0.56177524
1000	1022	90	13	0.62624391	1.86734776
1000	1022	90	14	2.38309208	4.96905151
1000	1022	90	15	1.38807487	5.49845571
1000	1022	90	16	0.38502879	0.65166699
1000	1022	90	17	0.36999048	3.85915581
1000	1022	90	18	2.67023097	15.59214405
1000	1022	90	19	0.62203763	0.94701269
1000	1022	91	0	0.80280916	3.40264792
1000	1022	91	1	1.40803782	5.84237682
1000	1022	91	2	0.81682319	3.57202514
1000	1022	91	3	0.36152077	5.15343697
1000	1022	91	4	0.12112812	0.37875660
1000	1022	91	5	2.02878349	14.85873337
1000	1022	91	6	0.09826122	0.49821133
1000	1022	91	7	1.13050057	6.79951813
1000	1022	91	8	3.44057882	20.34598945
1000	1022	91	9	2.22522395	6.49560958
1000	1022	91	10	0.86923074	2.86377763
1000	1022	91	11	1.58555829	5.96209498
1000	1022	91	12	0.11758539	0.58689946
1000	1022	91	13	0.70918146	2.20722072
1000	1022	91	14	2.59726270	5.64269201
1000	1022	91	15	1.22170270	4.98469123
1000	1022	91	16	0.45239439	0.81758141
1000	1022	91	17	0.33490091	3.74045217
1000	1022	91	18	2.50190360	15.16421045
1000	1022	91	19	0.78485922	1.25086417
1000	1022	92	0	0.84310066	3.80022004
1000	1022	92	1	1.58840555	6.66473928
1000	1022	92	2	0.78879427	3.69276797
1000	1022	92	3	0.33178559	4.83119403
1000	1022	92	4	0.13419879	0.40685591
1000	1022	92	5	1.91487307	14.53177278
1000	1022	92	6	0.10840010	0.52507051
1000	1022	92	7	1.12494637	6.78551075
1000	1022	92	8	3.42704924	20.31553082
1000	1022	92	9	2.31825164	6.49370552
1000	1022	92	10	0.81120459	2.74016310
1000	1022	92	11	1.53746183	5.85627416
1000	1022	92	12	0.12890967	0.61792336
1000	1022	92	13	0.79039940	2.57790932
1000	1022	92	14	2.79054233	6.29875753
1000	1022	92	15	1.07098546	4.48225857
1000	1022	92	16	0.51649328	0.99507491
1000	1022	92	17	0.30043119	3.60169069
1000	1022	92	18	2.32480252	14.65298004
1000	1022	92	19	0.96274944	1.61544637
1000	1022	93	0	0.87465190	4.19073497
1000	1022	93	1	1.75744132	7.58503086
1000	1022	93	2	0.75040275	3.76195272
1000	1022	93	3	0.30934891	4.52197147
1000	1022	93	4	0.14964845	0.44112424
1000	1022	93	5	1.79604458	14.14273900
1000	1022	93	6	0.12038069	0.55821921
1000	1022	93	7	1.11836461	6.76830692
1000	1022	93	8	3.41077653	20.27673886
1000	1022	93	9	2.43501871	6.58548199
1000	1022	93	10	0.75201563	2.60137844
1000	1022	93	11	1.48370329	5.73237705
1000	1022	93	12	0.14204383	0.65569585
1000	1022	93	13	0.86750330	2.97296815
1000	1022	93	14	2.96271828	6.92240321
1000	1022	93	15	0.93626484	4.00289314
1000	1022	93	16	0.57533506	1.17698747
1000	1022	93	17	0.26796305	3.44603119
1000	1022	93	18	2.14570479	14.06623021
1000	1022	93	19	1.14997831	2.03542306
1000	1022	94	0	0.89758603	4.56629291
1000	1022	94	1	1.91292167	8.58210259
1000	1022	94	2	0.70518309	3.77926393
1000	1022	94	3	0.29382437	4.23134021
1000	1022	94	4	0.16763026	0.48242537
1000	1022	94	5	1.67663640	13.69655520
1000	1022	94	6	0.13431985	0.59859773
1000	1022	94	7	1.11068150	6.74741711
1000	1022	94	8	3.39148038	20.22829213
1000	1022	94	9	2.56614644	6.76255844
1000	1022	94	10	0.69366869	2.45152018
1000	1022	94	11	1.42488564	5.58986961
1000	1022	94	12	0.15700379	0.70103146
1000	1022	94	13	0.93839034	3.38454583
1000	1022	94	14	3.11460367	7.50367846
1000	1022	94	15	0.81704948	3.55461293
1000	1022	94	16	0.62781564	1.35657613
1000	1022	94	17	0.23842601	3.27761509
1000	1022	94	18	1.97061406	13.41697005
1000	1022	94	19	1.34081666	2.50152094
1000	1022	95	0	0.91227679	4.92005805
1000	1022	95	1	2.05386997	9.63470213
1000	1022	95	2	0.65627404	3.74798205
1000	1022	95	3	0.28471383	3.96374569
1000	1022	95	4	0.18819412	0.53156407
1000	1022	95	5	1.56048831	13.20170242
1000	1022	95	6	0.15025601	0.64712849
1000	1022	95	7	1.10186675	6.72236041
1000	1022	95	8	3.36894987	20.16881428
1000	1022	95	9	2.70312050	7.01004900
1000	1022	95	10	0.63778772	2.29526945
1000	1022	95	11	1.36195321	5.42897227
1000	1022	95	12	0.17370446	0.75464049
1000	1022	95	13	1.00133673	3.80389222
1000	1022	95	14	3.24759690	8.03686895
1000	1022	95	15	0.71236042	3.14217124
1000	1022	95	16	0.67356368	1.52826107
1000	1022	95	17	0.21230278	3.10098887
1000	1022	95	18	1.80423723	12.72162738
1000	1022	95	19	1.53014116	3.00185325
1000	1022	96	0	0.91921748	5.24638243
1000	1022	96	1	2.18019602	10.72273100
1000	1022	96	2	0.60615687	3.67388701
1000	1022	96	3	0.28150771	3.72254537
1000	1022	96	4	0.21124058	0.58919736
1000	1022	96	5	1.45063277	12.66915686
1000	1022	96	6	0.16811556	0.70464014
1000	1022	96	7	1.09195529	6.69270654
1000	1022	96	8	3.34308832	20.09695288
1000	1022	96	9	2.83921221	7.30965736
1000	1022	96	10	0.58554737	2.13730845
1000	1022	96	11	1.29615953	5.25078727
1000	1022	96	12	0.19193732	0.81704343
1000	1022	96	13	1.05502174	4.22187526
1000	1022	96	14	3.36337941	8.51962465
1000	1022	96	15	0.62097144	2.76769834
1000	1022	96	16	0.71272715	1.68796726
1000	1022	96	17	0.18971567	2.92060603
1000	1022	96	18	1.64984492	11.99807273
1000	1022	96	19	1.71375770	3.52340375
1000	1022	97	0	0.91892365	5.54078402
1000	1022	97	1	2.29239168	11.82801530
1000	1022	97	2	0.55663274	3.56411370
1000	1022	97	3	0.28374961	3.51014165
1000	1022	97	4	0.23647491	0.65572143
1000	1022	97	5	1.34920627	12.11118698
1000	1022	97	6	0.18768024	0.77176896
1000	1022	97	7	1.08107035	6.65813261
1000	1022	97	8	3.31396265	20.01148953
1000	1022	97	9	2.96967786	7.64263171
1000	1022	97	10	0.53769389	1.98187071
1000	1022	97	11	1.22899885	5.05735766
1000	1022	97	12	0.21135661	0.88847545
1000	1022	97	13	1.09851132	4.62944267
1000	1022	97	14	3.46372008	8.95208539
1000	1022	97	15	0.54156653	2.43136142
1000	1022	97	16	0.74577211	1.83313784
1000	1022	97	17	0.17053891	2.74047839
1000	1022	97	18	1.50939161	11.26389632
1000	1022	97	19	1.88848871	4.05333538
1000	1022	98	0	0.91187584	5.79983015
1000	1022	98	1	2.39129825	12.93469484
1000	1022	98	2	0.50891783	3.42620778
1000	1022	98	3	0.29106625	3.32816180
1000	1022	98	4	0.26337001	0.73114043
1000	1022	98	5	1.25751683	11.54025266
1000	1022	98	6	0.20856163	0.84884177
1000	1022	98	7	1.06944353	6.61849329
1000	1022	98	8	3.28185119	19.91148060
1000	1022	98	9	3.09153558	7.99190591
1000	1022	98	10	0.49461474	1.83246832
1000	1022	98	11	1.16211164	4.85164117
1000	1022	98	12	0.23147894	0.96879130
1000	1022	98	13	1.13122406	5.01799633
1000	1022	98	14	3.55035527	9.33611178
1000	1022	98	15	0.47283806	2.13195385
1000	1022	98	16	0.77332419	1.96254169
1000	1022	98	17	0.15450223	2.56398398
1000	1022	98	18	1.38376444	10.53514772
1000	1022	98	19	2.05210676	4.57994665
1000	1022	99	0	0.89849838	6.02097747
1000	1022	99	1	2.47793939	14.02934067
1000	1022	99	2	0.46377242	3.26746066
1000	1022	99	3	0.30316968	3.17764386
1000	1022	99	4	0.29114891	0.81493040
1000	1022	99	5	1.17619447	10.96814638
1000	1022	99	6	0.23019016	0.93575015
1000	1022	99	7	1.05742679	6.57389931
1000	1022	99	8	3.24728084	19.79642179
1000	1022	99	9	3.20318324	8.34328334
1000	1022	99	10	0.45642479	1.69178321
1000	1022	99	11	1.09717994	4.63739692
1000	1022	99	12	0.25169887	1.05738374
1000	1022	99	13	1.15289501	5.37967528
1000	1022	99	14	3.62491999	9.67466073
1000	1022	99	15	0.41354431	1.86737873
1000	1022	99	16	0.79605810	2.07598730
1000	1022	99	17	0.14127077	2.39380280
1000	1022	99	18	1.27306439	9.82557456
1000	1022	99	19	2.20318970	5.09324019
1000	1022	100	0	0.87916591	6.20240987
1000	1022	100	1	2.55340676	15.10089369
1000	1022	100	2	0.42162236	3.09450318
1000	1022	100	3	0.31984010	3.05920024
1000	1022	100	4	0.31879738	0.90591908
1000	1022	100	5	1.10536740	10.40542103
1000	1022	100	6	0.25182540	1.03183163
1000	1022	100	7	1.04548990	6.52479474
1000	1022	100	8	3.21104365	19.66642174
1000	1022	100	9	3.30401199	8.68583283
1000	1022	100	10	0.42304936	1.56168238
1000	1022	100	11	1.03582950	4.41899965
1000	1022	100	12	0.27132071	1.15312965
1000	1022	100	13	1.16354433	5.70755917
1000	1022	100	14	3.68891214	9.97130689
1000	1022	100	15	0.36254039	1.63502271
1000	1022	100	16	0.81462796	2.17402224
1000	1022	100	17	0.13049950	2.23194061
1000	1022	100	18	1.17686513	9.14629379
1000	1022	100	19	2.34095064	5.58515553
1000	1022	101	0	0.85422852	6.34290218
1000	1022	101	1	2.61878487	16.14049509
1000	1022	101	2	0.38265824	2.91309986
1000	1022	101	3	0.34089647	2.97314228
1000	1022	101	4	0.34511397	1.00220791
1000	1022	101	5	1.04482845	9.86108463
1000	1022	101	6	0.27259182	1.13577826
1000	1022	101	7	1.03419833	6.47201867
1000	1022	101	8	3.17418337	19.52236257
1000	1022	101	9	3.39408118	9.01176226
1000	1022	101	10	0.39429493	1.44331088
1000	1022	101	11	0.97955176	4.20120878
1000	1022	101	12	0.28960292	1.25437589
1000	1022	101	13	1.16345171	5.99580907
1000	1022	101	14	3.74367779	10.22989308
1000	1022	101	15	0.31879222	1.43203149
1000	1022	101	16	0.82962806	2.25766409
1000	1022	101	17	0.12186606	2.07980414
1000	1022	101	18	1.09442607	8.50578709
1000	1022	101	19	2.46507366	6.04955350
1000	1022	102	0	0.82404684	6.44172522
1000	1022	102	1	2.67510383	17.14125863
1000	1022	102	2	0.34691075	2.72808247
1000	1022	102	3	0.36616058	2.91955895
1000	1022	102	4	0.36879862	1.10116323
1000	1022	102	5	0.99417459	9.34250985
1000	1022	102	6	0.29153999	1.24559402
1000	1022	102	7	1.02416940	6.41683438
1000	1022	102	8	3.13794658	19.36601970
1000	1022	102	9	3.47387003	9.31601055
1000	1022	102	10	0.36990461	1.33722326
1000	1022	102	11	0.92965222	3.98892498
1000	1022	102	12	0.30581006	1.35897159
1000	1022	102	13	1.15313381	6.23976120
1000	1022	102	14	3.79040918	10.45428617
1000	1022	102	15	0.28138001	1.25550394
1000	1022	102	16	0.84157441	2.32818259
1000	1022	102	17	0.11508812	1.93829964
1000	1022	102	18	1.02485505	7.91011024
1000	1022	102	19	2.57557004	6.48204172
1000	1022	103	0	0.78903009	6.49859729
1000	1022	103	1	2.72331135	18.09801852
1000	1022	103	2	0.31430566	2.54337193
1000	1022	103	3	0.39541946	2.89834923
1000	1022	103	4	0.38857230	1.19949815
1000	1022	103	5	0.95291489	8.85549746
1000	1022	103	6	0.30772776	1.35861951
1000	1022	103	7	1.01600971	6.36090989
1000	1022	103	8	3.10369898	19.20011223
1000	1022	103	9	3.54409898	9.59573109
1000	1022	103	10	0.34959923	1.24352491
1000	1022	103	11	0.88722449	3.78696416
1000	1022	103	12	0.31926591	1.46434766
1000	1022	103	13	1.13332076	6.43598365
1000	1022	103	14	3.83015006	10.64821501
1000	1022	103	15	0.24949560	1.10262260
1000	1022	103	16	0.85089904	2.38693652
1000	1022	103	17	0.10993045	1.80793625
1000	1022	103	18	0.96722567	7.36322357
1000	1022	103	19	2.67265973	6.87971490
1000	1022	104	0	0.74967002	6.51367945
1000	1022	104	1	2.76425749	19.00707450
1000	1022	104	2	0.28470287	2.36205082
1000	1022	104	3	0.42839010	2.90921251
1000	1022	104	4	0.40331226	1.29345409
1000	1022	104	5	0.92054847	8.40443765
1000	1022	104	6	0.32031166	1.47163433
1000	1022	104	7	1.01024240	6.30623903
1000	1022	104	8	3.07281442	19.02826107
1000	1022	104	9	3.60560680	9.84977372
1000	1022	104	10	0.33310631	1.16200553
1000	1022	104	11	0.85314381	3.59986962
1000	1022	104	12	0.32940259	1.56763773
1000	1022	104	13	1.10492794	6.58230095
1000	1022	104	14	3.86380490	10.81516939
1000	1022	104	15	0.22243647	0.97073638
1000	1022	104	16	0.85795191	2.43525986
1000	1022	104	17	0.10620584	1.68892341
1000	1022	104	18	0.92065779	6.86737410
1000	1022	104	19	2.75667741	7.24086382
1000	1022	105	0	0.70656506	6.48760534
1000	1022	105	1	2.79868765	19.86594733
1000	1022	105	2	0.25792379	2.18646096
1000	1022	105	3	0.46469133	2.95160508
1000	1022	105	4	0.41218166	1.37907288
1000	1022	105	5	0.89661709	7.99252367
1000	1022	105	6	0.32863527	1.58103613
1000	1022	105	7	1.00723741	6.25500316
1000	1022	105	8	3.04655118	18.85484325
1000	1022	105	9	3.65926927	10.07822143
1000	1022	105	10	0.32017946	1.09225525
1000	1022	105	11	0.82807054	3.43177102
1000	1022	105	12	0.33580204	1.66583028
1000	1022	105	13	1.06902087	6.67778664
1000	1022	105	14	3.89214982	10.95834302
1000	1022	105	15	0.19959811	0.85740864
1000	1022	105	16	0.86300638	2.47438798
1000	1022	105	17	0.10377286	1.58125685
1000	1022	105	18	0.88436970	6.42348221
1000	1022	105	19	2.82800044	7.56468824
1000	1022	106	0	0.66042939	6.42153155
1000	1022	106	1	2.82724055	20.67315168
1000	1022	106	2	0.23377004	2.01830921
1000	1022	106	3	0.50382688	3.02467419
1000	1022	106	4	0.41473058	1.45253169
1000	1022	106	5	0.88073754	7.62198428
1000	1022	106	6	0.33230082	1.68308242
1000	1022	106	7	1.00715947	6.20938643
1000	1022	106	8	3.02593390	18.68474738
1000	1022	106	9	3.70594759	10.28200450
1000	1022	106	10	0.31061066	1.03375990
1000	1022	106	11	0.81245409	3.28628681
1000	1022	106	12	0.33822722	1.75593991
1000	1022	106	13	1.02677305	6.72272185
1000	1022	106	14	3.91584375	11.08060702
1000	1022	106	15	0.18046602	0.76044103
1000	1022	106	16	0.86626615	2.50541426
1000	1022	106	17	0.10253204	1.48479138
1000	1022	106	18	0.85770974	6.03150371
1000	1022	106	19	2.88699492	7.85103413
1000	1022	107	0	0.61208422	6.31719114
1000	1022	107	1	2.85044909	21.42798986
1000	1022	107	2	0.21203621	1.85877143
1000	1022	107	3	0.54518364	3.12718396
1000	1022	107	4	0.41094900	1.51049674
1000	1022	107	5	0.87261818	7.29431166
1000	1022	107	6	0.33121179	1.77416931
1000	1022	107	7	1.00994591	6.17137005
1000	1022	107	8	3.01166028	18.52305267
1000	1022	107	9	3.74645744	10.46259547
1000	1022	107	10	0.30423710	0.98597555
1000	1022	107	11	0.80653024	3.16645839
1000	1022	107	12	0.33664094	1.83518450
1000	1022	107	13	0.97941855	6.71851812
1000	1022	107	14	3.93543912	11.18450373
1000	1022	107	15	0.16460799	0.67788107
1000	1022	107	16	0.86787225	2.52926815
1000	1022	107	17	0.10242177	1.39930074
1000	1022	107	18	0.84017296	5.69075151
1000	1022	107	19	2.93397694	8.10016535
1000	1022	108	0	0.56243073	6.17693192
1000	1022	108	1	2.86874249	22.13036702
1000	1022	108	2	0.19251829	1.70858894
1000	1022	108	3	0.58804684	3.25744938
1000	1022	108	4	0.40126050	1.55044304
1000	1022	108	5	0.87206328	7.01046979
1000	1022	108	6	0.32557843	1.85111291
1000	1022	108	7	1.01531973	6.14253910
1000	1022	108	8	3.00404812	18.37466956
1000	1022	108	9	3.78155212	10.62177767
1000	1022	108	10	0.30094424	0.94838402
1000	1022	108	11	0.81030923	3.07470009
1000	1022	108	12	0.33120962	1.90115506
1000	1022	108	13	0.92820288	6.66760456
1000	1022	108	14	3.95139131	11.27225329
1000	1022	108	15	0.15166708	0.60801943
1000	1022	108	16	0.86790929	2.54670757
1000	1022	108	17	0.10341421	1.32452572
1000	1022	108	18	0.83140727	5.40017012
1000	1022	108	19	2.96918614	8.31257315
1000	1022	109	0	0.51240799	6.00372334
1000	1022	109	1	2.88244874	22.78062702
1000	1022	109	2	0.17501910	1.56815459
1000	1022	109	3	0.63163150	3.41329423
1000	1022	109	4	0.38645742	1.57088937
1000	1022	109	5	0.87896733	6.77107408
1000	1022	109	6	0.31588463	1.91139583
1000	1022	109	7	1.02283480	6.12393485
1000	1022	109	8	3.00303024	18.24398853
1000	1022	109	9	3.81191483	10.76147628
1000	1022	109	10	0.30066580	0.92053228
1000	1022	109	11	0.82355781	3.01275157
1000	1022	109	12	0.32228975	1.95196436
1000	1022	109	13	0.87433600	6.57328328
1000	1022	109	14	3.96406690	11.34576747
1000	1022	109	15	0.14135562	0.54938104
1000	1022	109	16	0.86641088	2.55832026
1000	1022	109	17	0.10551154	1.26021207
1000	1022	109	18	0.83121166	5.15856166
1000	1022	109	19	2.99276986	8.48882340
1000	1022	110	0	0.46294167	5.80112022
1000	1022	110	1	2.89179670	23.37940726
1000	1022	110	2	0.15935166	1.43758748
1000	1022	110	3	0.67512647	3.59204609
1000	1022	110	4	0.36759098	1.57151068
1000	1022	110	5	0.89330093	6.57653687
1000	1022	110	6	0.30282252	1.95334541
1000	1022	110	7	1.03194220	6.11597718
1000	1022	110	8	3.00819538	18.13458388
1000	1022	110	9	3.83815702	10.88363961
1000	1022	110	10	0.30338120	0.90205803
1000	1022	110	11	0.84578320	2.98162573
1000	1022	110	12	0.31039604	1.98635994
1000	1022	110	13	0.81895151	6.43955995
1000	1022	110	14	3.97375017	11.40666691
1000	1022	110	15	0.13345038	0.50071340
1000	1022	110	16	0.86336400	2.56452993
1000	1022	110	17	0.10874240	1.20613995
1000	1022	110	18	0.83952792	4.96476528
1000	1022	110	19	3.00477693	8.62943916
1000	1022	111	0	0.41489141	5.57317973
1000	1022	111	1	2.89691758	23.92751009
1000	1022	111	2	0.14534107	1.31679654
1000	1022	111	3	0.71774440	3.79057592
1000	1022	111	4	0.34583912	1.55311294
1000	1022	111	5	0.91508890	6.42717573
1000	1022	111	6	0.28720723	1.97622079
1000	1022	111	7	1.04206241	6.11846635
1000	1022	111	8	3.01886354	18.04900886
1000	1022	111	9	3.86082035	10.99015939
1000	1022	111	10	0.30911068	0.89270404
1000	1022	111	11	0.87622954	2.98155533
1000	1022	111	12	0.29615398	2.00378883
1000	1022	111	13	0.76307448	6.27095955
1000	1022	111	14	3.98064803	11.45629901
1000	1022	111	15	0.12778895	0.46097398
1000	1022	111	16	0.85871261	2.56560480
1000	1022	111	17	0.11315823	1.16214597
1000	1022	111	18	0.85642637	4.81779257
1000	1022	111	19	3.00516069	8.73481660
1000	1022	112	0	0.36900449	5.32433545
1000	1022	112	1	2.89784546	24.42578864
1000	1022	112	2	0.13282546	1.20553353
1000	1022	112	3	0.75877041	4.00538252
1000	1022	112	4	0.32237759	1.51748213
1000	1022	112	5	0.94438102	6.32328267
1000	1022	112	6	0.26988813	1.98020246
1000	1022	112	7	1.05264908	6.13065675
1000	1022	112	8	3.03417924	17.98870115
1000	1022	112	9	3.88038085	11.08282041
1000	1022	112	10	0.31790796	0.89232247
1000	1022	112	11	0.91389600	3.01195124
1000	1022	112	12	0.28024282	2.00440507
1000	1022	112	13	0.70759971	6.07233818
1000	1022	112	14	3.98489315	11.49575455
1000	1022	112	15	0.12426751	0.42931845
1000	1022	112	16	0.85236087	2.56166687
1000	1022	112	17	0.11882940	1.12813888
1000	1022	112	18	0.88208503	4.71692184
1000	1022	112	19	2.99379153	8.80517211
1000	1022	113	0	0.32588213	5.05924027
1000	1022	113	1	2.89451712	24.87504459
1000	1022	113	2	0.12165622	1.10343673
1000	1022	113	3	0.79760210	4.23271436
1000	1022	113	4	0.29827527	1.46714129
1000	1022	113	5	0.98121595	6.26515323
1000	1022	113	6	0.25167104	1.96629438
1000	1022	113	7	1.06323460	6.15138191
1000	1022	113	8	3.05320519	17.95399767
1000	1022	113	9	3.89725410	11.16327156
1000	1022	113	10	0.32985006	0.90087047
1000	1022	113	11	0.95758064	3.07139064
1000	1022	113	12	0.26333784	1.98901927
1000	1022	113	13	0.65328016	5.84870203
1000	1022	113	14	3.98654532	11.52588174
1000	1022	113	15	0.12283993	0.40509068
1000	1022	113	16	0.84417643	2.55270127
1000	1022	113	17	0.12584034	1.10410936
1000	1022	113	18	0.91676135	4.66175282
1000	1022	113	19	2.97047978	8.84051975
1000	1022	114	0	0.28596143	4.78259414
1000	1022	114	1	2.88677148	25.27593606
1000	1022	114	2	0.11169784	1.01006629
1000	1022	114	3	0.83377607	4.46871525
1000	1022	114	4	0.27442548	1.40506268
1000	1022	114	5	1.02557932	6.25307472
1000	1022	114	6	0.23326145	1.93616249
1000	1022	114	7	1.07345428	6.17920409
1000	1022	114	8	3.07500325	17.94424058
1000	1022	114	9	3.91180098	11.23301194
1000	1022	114	10	0.34502416	0.91839705
1000	1022	114	11	1.00594726	3.15765239
1000	1022	114	12	0.24606055	1.95899774
1000	1022	114	13	0.60072477	5.60504250
1000	1022	114	14	3.98559097	11.54729674
1000	1022	114	15	0.12351825	0.38781538
1000	1022	114	16	0.83399441	2.53856580
1000	1022	114	17	0.13428359	1.09013370
1000	1022	114	18	0.96075520	4.65222222
1000	1022	114	19	2.93500940	8.84067921
1000	1022	115	0	0.24951332	4.49897438
1000	1022	115	1	2.87434915	25.62889409
1000	1022	115	2	0.10282742	0.92493257
1000	1022	115	3	0.86697889	4.70957724
1000	1022	115	4	0.25151450	1.33438178
1000	1022	115	5	1.07735818	6.28727454
1000	1022	115	6	0.21523203	1.89193940
1000	1022	115	7	1.08305123	6.21256288
1000	1022	115	8	3.09869515	17.95794611
1000	1022	115	9	3.92433328	11.29338755
1000	1022	115	10	0.36351114	0.94502143
1000	1022	115	11	1.05760586	3.26780927
1000	1022	115	12	0.22894286	1.91612677
1000	1022	115	13	0.55040373	5.34619449
1000	1022	115	14	3.98194089	11.56039021
1000	1022	115	15	0.12637457	0.37719368
1000	1022	115	16	0.82162294	2.51900117
1000	1022	115	17	0.14425202	1.08637107
1000	1022	115	18	1.01436231	4.68857921
1000	1022	115	19	2.88718299	8.80531472
1000	1022	116	0	0.21665414	4.21268409
1000	1022	116	1	2.85689329	25.93404713
1000	1022	116	2	0.09493407	0.84751843
1000	1022	116	3	0.89704354	4.95168423
1000	1022	116	4	0.23002158	1.25815030
1000	1022	116	5	1.13629527	6.36783108
1000	1022	116	6	0.19801254	1.83602481
1000	1022	116	7	1.09186727	6.24990359
1000	1022	116	8	3.12350128	17.99300537
1000	1022	116	9	3.93511922	11.34559468
1000	1022	116	10	0.38536611	0.98090236
1000	1022	116	11	1.11119465	3.39837449
1000	1022	116	12	0.21240774	1.86246113
1000	1022	116	13	0.50265930	5.07672161
1000	1022	116	14	3.97542628	11.56532919
1000	1022	116	15	0.13154422	0.37310221
1000	1022	116	16	0.80685110	2.49364343
1000	1022	116	17	0.15582909	1.09305333
1000	1022	116	18	1.07781796	4.77131917
1000	1022	116	19	2.82687693	8.73400591
1000	1022	117	0	0.18736695	3.92763025
1000	1022	117	1	2.83395297	26.19115392
1000	1022	117	2	0.08791816	0.77729662
1000	1022	117	3	0.92393410	5.19173284
1000	1022	117	4	0.21024033	1.17914960
1000	1022	117	5	1.20194820	6.49455306
1000	1022	117	6	0.18189679	1.77090422
1000	1022	117	7	1.09982605	6.28977508
1000	1022	117	8	3.14876016	18.04688963
1000	1022	117	9	3.94438839	11.39068766
1000	1022	117	10	0.41059669	1.02619868
1000	1022	117	11	1.16545172	3.54548861
1000	1022	117	12	0.19676505	1.80017548
1000	1022	117	13	0.45772010	4.80082987
1000	1022	117	14	3.96579315	11.56205446
1000	1022	117	15	0.13923004	0.37559557
1000	1022	117	16	0.78946019	2.46204004
1000	1022	117	17	0.16907704	1.11046647
1000	1022	117	18	1.15123276	4.90107432
1000	1022	117	19	2.75410432	8.62635003
1000	1022	118	0	0.16152831	3.64723760
1000	1022	118	1	2.80499114	26.39954644
1000	1022	118	2	0.08169060	0.71374302
1000	1022	118	3	0.94772315	5.42682210
1000	1022	118	4	0.19231160	1.09977151
1000	1022	118	5	1.27365986	6.66683712
1000	1022	118	6	0.16706020	1.69900075
1000	1022	118	7	1.10691328	6.33089411
1000	1022	118	8	3.17393272	18.11684008
1000	1022	118	9	3.95233635	11.42958894
1000	1022	118	10	0.43914058	1.08102176
1000	1022	118	11	1.21926865	3.70512519
1000	1022	118	12	0.18221892	1.73143362
1000	1022	118	13	0.41571715	4.52230887
1000	1022	118	14	3.95269557	11.55027317
1000	1022	118	15	0.14970761	0.38491233
1000	1022	118	16	0.76923923	2.42367197
1000	1022	118	17	0.18402345	1.13892248
1000	1022	118	18	1.23452434	5.07846186
1000	1022	118	19	2.66908067	8.48209278
1000	1022	119	0	0.13893647	3.37439956
1000	1022	119	1	2.76939922	26.55808659
1000	1022	119	2	0.07617213	0.65634656
1000	1022	119	3	0.96856580	5.65450851
1000	1022	119	4	0.17625974	1.02196124
1000	1022	119	5	1.35054619	6.88351846
1000	1022	119	6	0.15358237	1.62256567
1000	1022	119	7	1.11315794	6.37217913
1000	1022	119	8	3.19859655	18.20002950
1000	1022	119	9	3.95912861	11.46310021
1000	1022	119	10	0.47084509	1.14538208
1000	1022	119	11	1.27172253	3.87329160
1000	1022	119	12	0.16888252	1.65828433
1000	1022	119	13	0.37670027	4.24449808
1000	1022	119	14	3.93568817	11.52944729
1000	1022	119	15	0.16333073	0.40148411
1000	1022	119	16	0.74600493	2.37798369
1000	1022	119	17	0.20064719	1.17872146
1000	1022	119	18	1.32735179	5.30389402
1000	1022	119	19	2.57228506	8.30128076
1000	1022	120	0	0.11933810	3.11146322
1000	1022	120	1	2.72652106	26.66514180
1000	1022	120	2	0.07129254	0.60461647
1000	1022	120	3	0.98667391	5.87282788
1000	1022	120	4	0.16202672	0.94721059
1000	1022	120	5	1.43150676	7.14273287
1000	1022	120	6	0.14147023	1.54360718
1000	1022	120	7	1.11861627	6.41275964
1000	1022	120	8	3.22243399	18.29369059
1000	1022	120	9	3.96490420	11.49191386
1000	1022	120	10	0.50545141	1.21913377
1000	1022	120	11	1.32208760	4.04620498
1000	1022	120	12	0.15679601	1.58258739
1000	1022	120	13	0.34065384	3.97027465
1000	1022	120	14	3.91421898	11.49877853
1000	1022	120	15	0.18053663	0.42594707
1000	1022	120	16	0.71962607	2.32442319
1000	1022	120	17	0.21886541	1.23010433
1000	1022	120	18	1.42906184	5.57736018
1000	1022	120	19	2.46450789	8.08442405
1000	1022	121	0	0.10245156	2.86024282
1000	1022	121	1	2.67568846	26.71858699
1000	1022	121	2	0.06699011	0.55808743
1000	1022	121	3	1.00229291	6.08028850
1000	1022	121	4	0.14950125	0.87658691
1000	1022	121	5	1.51526015	7.44181130
1000	1022	121	6	0.13067929	1.46385263
1000	1022	121	7	1.12335924	6.45196789
1000	1022	121	8	3.24521764	18.39521049
1000	1022	121	9	3.96977858	11.51662385
1000	1022	121	10	0.54258731	1.30192276
1000	1022	121	11	1.36983003	4.22042985
1000	1022	121	12	0.14594481	1.50596844
1000	1022	121	13	0.30751125	3.70205889
1000	1022	121	14	3.88762384	11.45719123
1000	1022	121	15	0.20184948	0.45915454
1000	1022	121	16	0.69005062	2.26249283
1000	1022	121	17	0.23852384	1.29319869
1000	1022	121	18	1.53865700	5.89819857
1000	1022	121	19	2.34687581	7.83265171
1000	1022	122	0	0.08798566	2.62205486
1000	1022	122	1	2.61626986	26.71584190
1000	1022	122	2	0.06321094	0.51632307
1000	1022	122	3	1.01568258	6.27584202
1000	1022	122	4	0.13854170	0.81078408
1000	1022	122	5	1.60040246	7.77722641
1000	1022	122	6	0.12113144	1.38473730
1000	1022	122	7	1.12746355	6.48931951
1000	1022	122	8	3.26679516	18.50219469
1000	1022	122	9	3.97384625	11.53773599
1000	1022	122	10	0.58177060	1.39314547
1000	1022	122	11	1.41459106	4.39297152
1000	1022	122	12	0.13627604	1.42979878
1000	1022	122	13	0.27716764	3.44183331
1000	1022	122	14	3.85512446	11.40331564
1000	1022	122	15	0.22788067	0.50218885
1000	1022	122	16	0.65733313	2.19181028
1000	1022	122	17	0.25939289	1.36796170
1000	1022	122	18	1.65479508	6.26488142
1000	1022	122	19	2.22084620	7.54784011
1000	1022	123	0	0.07565393	2.39776791
1000	1022	123	1	2.54773208	26.65395340
1000	1022	123	2	0.05990849	0.47891815
1000	1022	123	3	1.02710224	6.45883895
1000	1022	123	4	0.12899317	0.75018396
1000	1022	123	5	1.68548275	8.14460621
1000	1022	123	6	0.11272903	1.30741268
1000	1022	123	7	1.13100552	6.52448834
1000	1022	123	8	3.28707492	18.61250483
1000	1022	123	9	3.97718281	11.55567715
1000	1022	123	10	0.62242483	1.49192539
1000	1022	123	11	1.45616311	4.56132610
1000	1022	123	12	0.12771243	1.35519457
1000	1022	123	13	0.24949094	3.19117156
1000	1022	123	14	3.81583289	11.33547494
1000	1022	123	15	0.25932377	0.55636938
1000	1022	123	16	0.62165822	2.11217632
1000	1022	123	17	0.28117147	1.45412633
1000	1022	123	18	1.77582554	6.67484233
1000	1022	123	19	2.08816791	7.23269256
1000	1022	124	0	0.06518456	2.18786060
1000	1022	124	1	2.46971221	26.52973120
1000	1022	124	2	0.05704312	0.44549988
1000	1022	124	3	1.03680019	6.62897531
1000	1022	124	4	0.12069926	0.69491968
1000	1022	124	5	1.76908589	8.53882089
1000	1022	124	6	0.10536541	1.23276755
1000	1022	124	7	1.13405734	6.55727945
1000	1022	124	8	3.30601323	18.72427577
1000	1022	124	9	3.97984662	11.57080344
1000	1022	124	10	0.66390643	1.59711346
1000	1022	124	11	1.49446315	4.72349243
1000	1022	124	12	0.12016315	1.28303008
1000	1022	124	13	0.22433096	2.95127385
1000	1022	124	14	3.76876559	11.25168120
1000	1022	124	15	0.29694126	0.62325272
1000	1022	124	16	0.58335528	2.02364330
1000	1022	124	17	0.30349972	1.55115831
1000	1022	124	18	1.89986244	7.12437432
1000	1022	124	19	1.95080993	6.89075294
1000	1022	125	0	0.05632674	1.99248275
1000	1022	125	1	2.38209347	26.33994192
1000	1022	125	2	0.05458172	0.41572846
1000	1022	125	3	1.04500684	6.78623575
1000	1022	125	4	0.11350981	0.64493530
1000	1022	125	5	1.84991200	8.95413885
1000	1022	125	6	0.09893238	1.16145671
1000	1022	125	7	1.13668503	6.58760292
1000	1022	125	8	3.32360317	18.83591683
1000	1022	125	9	3.98188017	11.58340724
1000	1022	125	10	0.70554016	1.70731540
1000	1022	125	11	1.52950622	4.87795404
1000	1022	125	12	0.11353191	1.21395983
1000	1022	125	13	0.20152685	2.72300616
1000	1022	125	14	3.71287114	11.14964685
1000	1022	125	15	0.34154026	0.70461953
1000	1022	125	16	0.54289989	1.92657540
1000	1022	125	17	0.32597968	1.65823116
1000	1022	125	18	2.02488687	7.60862105
1000	1022	125	19	1.81086582	6.52634340
1000	1022	126	0	0.04885407	1.81151553
1000	1022	126	1	2.28507511	26.08155952
1000	1022	126	2	0.05249740	0.38929719
1000	1022	126	3	1.05193081	6.93083734
1000	1022	126	4	0.10728539	0.60003845
1000	1022	126	5	1.92684249	9.38443727
1000	1022	126	6	0.09332515	1.09393288
1000	1022	126	7	1.13894753	6.61544998
1000	1022	126	8	3.33986543	18.94610179
1000	1022	126	9	3.98331105	11.59372318
1000	1022	126	10	0.74665848	1.82094507
1000	1022	126	11	1.56138104	5.02363970
1000	1022	126	12	0.10772263	1.14844546
1000	1022	126	13	0.18091312	2.50694082
1000	1022	126	14	3.64707528	11.02681989
1000	1022	126	15	0.39393446	0.80244169
1000	1022	126	16	0.50089882	1.82168990
1000	1022	126	17	0.34820178	1.77422507
1000	1022	126	18	2.14886596	8.12167220
1000	1022	126	19	1.67044579	6.14442746
1000	1022	127	0	0.04256582	1.64462786
1000	1022	127	1	2.17922444	25.75206059
1000	1022	127	2	0.05076929	0.36593227
1000	1022	127	3	1.05775736	7.06317700
1000	1022	127	4	0.10189960	0.55994459
1000	1022	127	5	1.99898577	9.82344550
1000	1022	127	6	0.08844545	1.03047911
1000	1022	127	7	1.14089660	6.64087226
1000	1022	127	8	3.35484074	19.05375140
1000	1022	127	9	3.98415260	11.60193300
1000	1022	127	10	0.78663955	1.93629870
1000	1022	127	11	1.59022879	5.15987081
1000	1022	127	12	0.10264321	1.08678449
1000	1022	127	13	0.16232416	2.30339690
1000	1022	127	14	3.57034603	10.88045196
1000	1022	127	15	0.45489047	0.91882273
1000	1022	127	16	0.45805827	1.71006968
1000	1022	127	17	0.36977327	1.89775250
1000	1022	127	18	2.26987248	8.65675901
1000	1022	127	19	1.53157008	5.75041118
1000	1022	128	0	0.03728670	1.49132736
1000	1022	128	1	2.06549871	25.34974196
1000	1022	128	2	0.04938241	0.34539236
1000	1022	128	3	1.06264832	7.18378424
1000	1022	128	4	0.09723981	0.52431264
1000	1022	128	5	2.06569973	10.26499545
1000	1022	128	6	0.08420314	0.97123963
1000	1022	128	7	1.14257716	6.66396449
1000	1022	128	8	3.36858377	19.15801124
1000	1022	128	9	3.98440435	11.60816949
1000	1022	128	10	0.82493912	2.05164137
1000	1022	128	11	1.61622540	5.28630244
1000	1022	128	12	0.09820776	1.02913844
1000	1022	128	13	0.14559778	2.11247891
1000	1022	128	14	3.48177925	10.70770823
1000	1022	128	15	0.52505903	1.05590520
1000	1022	128	16	0.41513873	1.59313973
1000	1022	128	17	0.39034432	2.02720883
1000	1022	128	18	2.38618953	9.20653039
1000	1022	128	19	1.39607592	5.34990445
1000	1022	129	0	0.03286555	1.35100501
1000	1022	129	1	1.94522821	24.87402847
1000	1022	129	2	0.04832757	0.32746818
1000	1022	129	3	1.06674315	7.29328014
1000	1022	129	4	0.09320694	0.49277269
1000	1022	129	5	2.12659177	10.70325483
1000	1022	129	6	0.08051702	0.91624785
1000	1022	129	7	1.14402783	6.68485035
1000	1022	129	8	3.38115841	19.25822732
1000	1022	129	9	3.98405214	11.61251945
1000	1022	129	10	0.86111311	2.16529537
1000	1022	129	11	1.63956730	5.40286344
1000	1022	129	12	0.09433785	0.97555913
1000	1022	129	13	0.13057774	1.93411315
1000	1022	129	14	3.38070108	10.50582496
1000	1022	129	15	0.60489475	1.21574131
1000	1022	129	16	0.37290241	1.47260639
1000	1022	129	17	0.40962848	2.16084286
1000	1022	129	18	2.49638891	9.76337906
1000	1022	129	19	1.26554713	4.94846955
1000	1022	130	0	0.02917349	1.22297314
1000	1022	130	1	1.82005820	24.32573289
1000	1022	130	2	0.04760139	0.31198204
1000	1022	130	3	1.07016055	7.39234283
1000	1022	130	4	0.08971464	0.46494660
1000	1022	130	5	2.18150049	11.13292342
1000	1022	130	6	0.07731478	0.86545120
1000	1022	130	7	1.14528166	6.70367133
1000	1022	130	8	3.39263401	19.35392112
1000	1022	130	9	3.98306799	11.61502575
1000	1022	130	10	0.89482950	2.27572056
1000	1022	130	11	1.66046047	5.50969931
1000	1022	130	12	0.09096285	0.92601229
1000	1022	130	13	0.11711558	1.76808101
1000	1022	130	14	3.26677830	10.27231535
1000	1022	130	15	0.69457227	1.40012805
1000	1022	130	16	0.33206120	1.35036446
1000	1022	130	17	0.42741485	2.29683865
1000	1022	130	18	2.59937698	10.31978107
1000	1022	130	19	1.14127040	4.55138371
1000	1022	131	0	0.02610186	1.10649711
1000	1022	131	1	1.69185524	23.70723178
1000	1022	131	2	0.04720645	0.29878750
1000	1022	131	3	1.07300038	7.48167918
1000	1022	131	4	0.08668819	0.44046276
1000	1022	131	5	2.23046427	11.54937989
1000	1022	131	6	0.07453270	0.81873232
1000	1022	131	7	1.14636679	6.72057816
1000	1022	131	8	3.40308255	19.44476510
1000	1022	131	9	3.98140965	11.61568857
1000	1022	131	10	0.92587003	2.38157875
1000	1022	131	11	1.67911211	5.60712022
1000	1022	131	12	0.08801996	0.88039809
1000	1022	131	13	0.10507175	1.61404890
1000	1022	131	14	3.14012225	10.00521486
1000	1022	131	15	0.79391058	1.61041550
1000	1022	131	16	0.29323229	1.22838354
1000	1022	131	17	0.44357184	2.43339935
1000	1022	131	18	2.69440809	10.86861388
1000	1022	131	19	1.02421831	4.16343774
1000	1022	132	0	0.02356002	1.00082112
1000	1022	132	1	1.56259059	23.02253002
1000	1022	132	2	0.04715147	0.28776925
1000	1022	132	3	1.07534565	7.56200210
1000	1022	132	4	0.08406319	0.41896609
1000	1022	132	5	2.27368281	11.94877400
1000	1022	132	6	0.07211499	0.77592695
1000	1022	132	7	1.14730716	6.73572433
1000	1022	132	8	3.41257653	19.53055959
1000	1022	132	9	3.97901990	11.61446579
1000	1022	132	10	0.95412332	2.48177741
1000	1022	132	11	1.69572468	5.69555555
1000	1022	132	12	0.08545375	0.83856861
1000	1022	132	13	0.09431640	1.47159488
1000	1022	132	14	3.00136814	9.70334615
1000	1022	132	15	0.90231974	1.84730576
1000	1022	132	16	0.25690710	1.10858818
1000	1022	132	17	0.45804313	2.56882402
1000	1022	132	18	2.78106986	11.40342453
1000	1022	132	19	0.91505544	3.78878539
1000	1022	133	0	0.02147334	0.90518874
1000	1022	133	1	1.43421734	22.27720228
1000	1022	133	2	0.04745164	0.27884314
1000	1022	133	3	1.07726440	7.63401296
1000	1022	133	4	0.08178441	0.40012436
1000	1022	133	5	2.31147659	12.32806562
1000	1022	133	6	0.07001314	0.73683861
1000	1022	133	7	1.14812307	6.74926143
1000	1022	133	8	3.42118738	19.61121147
1000	1022	133	9	3.97582547	11.61127252
1000	1022	133	10	0.97957198	2.57549141
1000	1022	133	11	1.71049184	5.77551534
1000	1022	133	12	0.08321565	0.80034233
1000	1022	133	13	0.08472972	1.34023183
1000	1022	133	14	2.85171141	9.36657211
1000	1022	133	15	1.01878325	2.11066814
1000	1022	133	16	0.22343549	0.99274723
1000	1022	133	17	0.47083814	2.70157083
1000	1022	133	18	2.85924770	11.91862988
1000	1022	133	19	0.81416213	3.43084936
1000	1022	134	0	0.01978130	0.81885897
1000	1022	134	1	1.30855782	21.47821748
1000	1022	134	2	0.04812912	0.27195663
1000	1022	134	3	1.07881138	7.69838809
1000	1022	134	4	0.07980452	0.38363168
1000	1022	134	5	2.34424820	12.68501709
1000	1022	134	6	0.06818508	0.70125043
1000	1022	134	7	1.14883176	6.76133585
1000	1022	134	8	3.42898431	19.68671493
1000	1022	134	9	3.97173555	11.60597967
1000	1022	134	10	1.00227626	2.66216429
1000	1022	134	11	1.72359578	5.84755860
1000	1022	134	12	0.08126330	0.76551593
1000	1022	134	13	0.07620206	1.21942755
1000	1022	134	14	2.69288776	8.99599824
1000	1022	134	15	1.14188470	2.39940064
1000	1022	134	16	0.19302506	0.88238465
1000	1022	134	17	0.48201902	2.83030261
1000	1022	134	18	2.92907653	12.40964158
1000	1022	134	19	0.72166984	3.09228271
1000	1022	135	0	0.01843599	0.74111858
1000	1022	135	1	1.18721404	20.63366824
1000	1022	135	2	0.04921368	0.26708958
1000	1022	135	3	1.08002946	7.75576884
1000	1022	135	4	0.07808308	0.36920999
1000	1022	135	5	2.37244828	13.01814811
1000	1022	135	6	0.06659449	0.66893457
1000	1022	135	7	1.14944788	6.77208658
1000	1022	135	8	3.43603359	19.75713440
1000	1022	135	9	3.96663998	11.59841165
1000	1022	135	10	1.02235645	2.74149277
1000	1022	135	11	1.73520562	5.91226794
1000	1022	135	12	0.07955991	0.73387370
1000	1022	135	13	0.06863391	1.10862180
1000	1022	135	14	2.52709310	8.59408543
1000	1022	135	15	1.26987934	2.71136603
1000	1022	135	16	0.16575233	0.77871959
1000	1022	135	17	0.49168662	2.95391366
1000	1022	135	18	2.99088705	12.87291791
1000	1022	135	19	0.63750260	2.77497855
1000	1022	136	0	0.01740083	0.67129134
1000	1022	136	1	1.07150844	19.75243797
1000	1022	136	2	0.05074347	0.26425552
1000	1022	136	3	1.08095074	7.80675433
1000	1022	136	4	0.07658553	0.35660906
1000	1022	136	5	2.39654721	13.32666371
1000	1022	136	6	0.06521007	0.63965953
1000	1022	136	7	1.14998385	6.78164384
1000	1022	136	8	3.44239796	19.82258954
1000	1022	136	9	3.96040682	11.58834288
1000	1022	136	10	1.03997578	2.81339899
1000	1022	136	11	1.74547673	5.97022981
1000	1022	136	12	0.07807358	0.70519497
1000	1022	136	13	0.06193575	1.00724074
1000	1022	136	14	2.35685178	8.16464389
1000	1022	136	15	1.40080189	3.04342157
1000	1022	136	16	0.14158225	0.68263780
1000	1022	136	17	0.49996697	3.07153914
1000	1022	136	18	3.04515252	13.30595159
1000	1022	136	19	0.56141985	2.48011796
1000	1022	137	0	0.01664965	0.60874498
1000	1022	137	1	0.96245567	18.84384197
1000	1022	137	2	0.05276612	0.26350354
1000	1022	137	3	1.08159726	7.85189629
1000	1022	137	4	0.07528237	0.34560558
1000	1022	137	5	2.41701310	13.61036535
1000	1022	137	6	0.06400488	0.61319566
1000	1022	137	7	1.15045023	6.79012838
1000	1022	137	8	3.44813639	19.88324238
1000	1022	137	9	3.95287956	11.57549319
1000	1022	137	10	1.05532507	2.87799531
1000	1022	137	11	1.75455057	6.02201967
1000	1022	137	12	0.07677679	0.67925973
1000	1022	137	13	0.05602784	0.91470902
1000	1022	137	14	2.18485187	7.71269737
1000	1022	137	15	1.53259508	3.39154627
1000	1022	137	16	0.12039186	0.59469215
1000	1022	137	17	0.50699953	3.18254977
1000	1022	137	18	3.09244001	13.70720679
1000	1022	137	19	0.49305748	2.20824464
1000	1022	138	0	0.01616624	0.55289639
1000	1022	138	1	0.86076224	17.91727640
1000	1022	138	2	0.05533989	0.26492073
1000	1022	138	3	1.08198141	7.89169529
1000	1022	138	4	0.07414845	0.33600157
1000	1022	138	5	2.43429560	13.86955404
1000	1022	138	6	0.06295583	0.58931933
1000	1022	138	7	1.15085599	6.79765116
1000	1022	138	8	3.45330384	19.93928623
1000	1022	138	9	3.94387379	11.55952197
1000	1022	138	10	1.06860970	2.93554597
1000	1022	138	11	1.76255491	6.06819117
1000	1022	138	12	0.07564579	0.65585287
1000	1022	138	13	0.05084012	0.83045979
1000	1022	138	14	2.01377205	7.24422944
1000	1022	138	15	1.66323979	3.75105268
1000	1022	138	16	0.10199465	0.51512667
1000	1022	138	17	0.51292763	3.28653543
1000	1022	138	18	3.13336862	14.07601993
1000	1022	138	19	0.43196478	1.95935548
1000	1022	139	0	0.01594422	0.50321565
1000	1022	139	1	0.76684735	16.98190196
1000	1022	139	2	0.05853525	0.26863553
1000	1022	139	3	1.08210579	7.92659785
1000	1022	139	4	0.07316234	0.32762254
1000	1022	139	5	2.44881503	14.10493275
1000	1022	139	6	0.06204313	0.56781582
1000	1022	139	7	1.15120873	6.80431345
1000	1022	139	8	3.45795128	19.99093642
1000	1022	139	9	3.93317341	11.54002099
1000	1022	139	10	1.08003912	2.98642899
1000	1022	139	11	1.76960434	6.10926867
1000	1022	139	12	0.07466015	0.63476727
1000	1022	139	13	0.04631209	0.75394304
1000	1022	139	14	1.84612406	6.76584389
1000	1022	139	15	1.79086946	4.11685552
1000	1022	139	16	0.08616332	0.44391682
1000	1022	139	17	0.51789134	3.38328123
1000	1022	139	18	3.16857551	14.41247838
1000	1022	139	19	0.37763638	1.73299773
1000	1022	140	0	0.01598745	0.45922960
1000	1022	140	1	0.68087809	16.04638025
1000	1022	140	2	0.06243651	0.27482179
1000	1022	140	3	1.08196269	7.95699389
1000	1022	140	4	0.07230585	0.32031543
1000	1022	140	5	2.46095571	14.31751330
1000	1022	140	6	0.06124986	0.54848143
1000	1022	140	7	1.15151491	6.81020707
1000	1022	140	8	3.46212568	20.03842250
1000	1022	140	9	3.92052641	11.51650586
1000	1022	140	10	1.08981885	3.03110075
1000	1022	140	11	1.77580090	6.14574237
1000	1022	140	12	0.07380239	0.61580594
1000	1022	140	13	0.04239291	0.68463266
1000	1022	140	14	1.68412900	6.28438440
1000	1022	140	15	1.91385662	4.48376193
1000	1022	140	16	0.07264927	0.38081900
1000	1022	140	17	0.52202250	3.47273959
1000	1022	140	18	3.19868980	14.71728930
1000	1022	140	19	0.32953853	1.52836536
1000	1022	141	0	0.01631099	0.42052527
1000	1022	141	1	0.60281213	15.11867166
1000	1022	141	2	0.06714384	0.28370379
1000	1022	141	3	1.08153291	7.98321385
1000	1022	141	4	0.07156354	0.31394657
1000	1022	141	5	2.47106274	14.50853143
1000	1022	141	6	0.06056164	0.53112471
1000	1022	141	7	1.15177996	6.81541485
1000	1022	141	8	3.46587009	20.08198182
1000	1022	141	9	3.90564042	11.48840629
1000	1022	141	10	1.09814476	3.07006496
1000	1022	141	11	1.78123481	6.17806546
1000	1022	141	12	0.07305758	0.59878345
1000	1022	141	13	0.03904161	0.62203232
1000	1022	141	14	1.52963697	5.80656140
1000	1022	141	15	2.03086570	4.84674766
1000	1022	141	16	0.06119832	0.32542294
1000	1022	141	17	0.52544168	3.55500079
1000	1022	141	18	3.22431359	14.99164848
1000	1022	141	19	0.28713016	1.34438944
1000	1022	142	0	0.01694278	0.38675397
1000	1022	142	1	0.53244261	14.20589626
1000	1022	142	2	0.07277544	0.29556228
1000	1022	142	3	1.08078389	8.00552514
1000	1022	142	4	0.07092247	0.30839970
1000	1022	142	5	2.47944124	14.67937206
1000	1022	142	6	0.05996627	0.51556727
1000	1022	142	7	1.15200844	6.82001109
1000	1022	142	8	3.46922378	20.12185431
1000	1022	142	9	3.88817814	11.45505512
1000	1022	142	10	1.10519921	3.10384654
1000	1022	142	11	1.78598510	6.20665277
1000	1022	142	12	0.07241307	0.58352678
1000	1022	142	13	0.03622772	0.56568089
1000	1022	142	14	1.38409114	5.33862689
1000	1022	142	15	2.14087305	5.20119077
1000	1022	142	16	0.05156251	0.27720212
1000	1022	142	17	0.52825656	3.63026424
1000	1022	142	18	3.24600911	15.23711618
1000	1022	142	19	0.24987900	1.17981909
1000	1022	143	0	0.01792606	0.35763643
1000	1022	143	1	0.46944150	13.31425349
1000	1022	143	2	0.07946986	0.31074151
1000	1022	143	3	1.07966701	8.02412712
1000	1022	143	4	0.07037185	0.30357416
1000	1022	143	5	2.48635732	14.83150565
1000	1022	143	6	0.05945356	0.50164411
1000	1022	143	7	1.15220409	6.82406216
1000	1022	143	8	3.47222232	20.15827822
1000	1022	143	9	3.86775307	11.41567669
1000	1022	143	10	1.11114874	3.13297081
1000	1022	143	11	1.79012024	6.23188047
1000	1022	143	12	0.07185829	0.56987580
1000	1022	143	13	0.03393210	0.51515746
1000	1022	143	14	1.24853099	4.88612524
1000	1022	143	15	2.24315866	5.54304428
1000	1022	143	16	0.04350843	0.23555910
1000	1022	143	17	0.53056137	3.69881177
1000	1022	143	18	3.26429079	15.45550488
1000	1022	143	19	0.21727347	1.03329146
1000	1022	144	0	0.01932289	0.33296993
1000	1022	144	1	0.41339897	12.44899330
1000	1022	144	2	0.08738850	0.32965719
1000	1022	144	3	1.07811382	8.03914408
1000	1022	144	4	0.06990289	0.29938323
1000	1022	144	5	2.49204019	14.96643565
1000	1022	144	6	0.05901509	0.48920366
1000	1022	144	7	1.15236995	6.82762701
1000	1022	144	8	3.47489773	20.19148672
1000	1022	144	9	3.84392589	11.36937473
1000	1022	144	10	1.11614293	3.15794749
1000	1022	144	11	1.79369859	6.25408649
1000	1022	144	12	0.07138454	0.55768341
1000	1022	144	13	0.03214839	0.47008653
1000	1022	144	14	1.12362601	4.45373291
1000	1022	144	15	2.33727691	5.86894103
1000	1022	144	16	0.03682266	0.19986391
1000	1022	144	17	0.53243716	3.76098378
1000	1022	144	18	3.27962119	15.64878135
1000	1022	144	19	0.18883120	0.90339003
1000	1022	145	0	0.02121883	0.31263789
1000	1022	145	1	0.36385789	11.61442952
1000	1022	145	2	0.09671793	0.35280542
1000	1022	145	3	1.07603100	8.05061539
1000	1022	145	4	0.06950868	0.29575270
1000	1022	145	5	2.49668482	15.08565635
1000	1022	145	6	0.05864411	0.47810767
1000	1022	145	7	1.15250834	6.83075766
1000	1022	145	8	3.47727860	20.22170525
1000	1022	145	9	3.81620226	11.31512099
1000	1022	145	10	1.12031407	3.17925918
1000	1022	145	11	1.79676876	6.27357126
1000	1022	145	12	0.07098490	0.54681552
1000	1022	145	13	0.03088506	0.43014383
1000	1022	145	14	1.00973031	4.04518709
1000	1022	145	15	2.42301309	6.17623287
1000	1022	145	16	0.03131498	0.16948499
1000	1022	145	17	0.53395236	3.81715858
1000	1022	145	18	3.29240957	15.81898411
1000	1022	145	19	0.16410461	0.78869181
1000	1022	146	0	0.02372925	0.29662323
1000	1022	146	1	0.32034325	10.81398641
1000	1022	146	2	0.10767202	0.38077217
1000	1022	146	3	1.07329380	8.05848185
1000	1022	146	4	0.06918409	0.29261969
1000	1022	146	5	2.50045480	15.19062010
1000	1022	146	6	0.05833542	0.46823094
1000	1022	146	7	1.15262093	6.83349976
1000	1022	146	8	3.47939012	20.24914936
1000	1022	146	9	3.78403289	11.25174542
1000	1022	146	10	1.12377738	3.19735344
1000	1022	146	11	1.79936969	6.29059860
1000	1022	146	12	0.07065418	0.53715089
1000	1022	146	13	0.03016828	0.39506330
1000	1022	146	14	0.90695007	3.66329337
1000	1022	146	15	2.50033193	6.46297293
1000	1022	146	16	0.02682001	0.14381289
1000	1022	146	17	0.53516365	3.86773504
1000	1022	146	18	3.30301232	15.96815591
1000	1022	146	19	0.14268464	0.68780439
1000	1022	147	0	0.02700735	0.28502625
1000	1022	147	1	0.28238726	10.05026994
1000	1022	147	2	0.12049346	0.41424314
1000	1022	147	3	1.06973774	8.06256739
1000	1022	147	4	0.06892582	0.28993160
1000	1022	147	5	2.50348502	15.28271259
1000	1022	147	6	0.05808544	0.45946102
1000	1022	147	7	1.15270866	6.83589288
1000	1022	147	8	3.48125412	20.27402300
1000	1022	147	9	3.74681709	11.17792986
1000	1022	147	10	1.12663148	3.21263790
1000	1022	147	11	1.80153044	6.30539640
1000	1022	147	12	0.07038894	0.52858098
1000	1022	147	13	0.03004583	0.36464584
1000	1022	147	14	0.81521805	3.30999837
1000	1022	147	15	2.56932183	6.72785242
1000	1022	147	16	0.02319791	0.12227772
1000	1022	147	17	0.53611671	3.91311817
1000	1022	147	18	3.31173423	16.09828997
1000	1022	147	19	0.12420297	0.59939410
1000	1022	148	0	0.03125421	0.27808851
1000	1022	148	1	0.24955131	9.32515706
1000	1022	148	2	0.13545420	0.45401306
1000	1022	148	3	1.06514842	8.06255479
1000	1022	148	4	0.06873250	0.28764547
1000	1022	148	5	2.50588390	15.36323471
1000	1022	148	6	0.05789220	0.45169799
1000	1022	148	7	1.15277174	6.83797093
1000	1022	148	8	3.48288904	20.29651718
1000	1022	148	9	3.70391121	11.09220739
1000	1022	148	10	1.12895892	3.22547748
1000	1022	148	11	1.80326968	6.31815698
1000	1022	148	12	0.07018760	0.52100980
1000	1022	148	13	0.03059235	0.33877066
1000	1022	148	14	0.73437249	2.98651179
1000	1022	148	15	2.63013680	6.97010368
1000	1022	148	16	0.02033490	0.10436137
1000	1022	148	17	0.53684685	3.95370739
1000	1022	148	18	3.31882990	16.21128826
1000	1022	148	19	0.10833361	0.52220705
1000	1022	149	0	0.03673097	0.27622387
1000	1022	149	1	0.22144679	8.63989795
1000	1022	149	2	0.15285416	0.50099375
1000	1022	149	3	1.05924967	8.05795454
1000	1022	149	4	0.06860490	0.28572753
1000	1022	149	5	2.50773479	15.43338952
1000	1022	149	6	0.05775552	0.44485430
1000	1022	149	7	1.15280951	6.83976226
1000	1022	149	8	3.48430982	20.31680876
1000	1022	149	9	3.65464380	10.99297042
1000	1022	149	10	1.13082641	3.23619313
1000	1022	149	11	1.80459472	6.32903677
1000	1022	149	12	0.07005059	0.51435394
1000	1022	149	13	0.03191619	0.31741015
1000	1022	149	14	0.66424077	2.69346540
1000	1022	149	15	2.68293529	7.18937858
1000	1022	149	16	0.01814404	0.08960615
1000	1022	149	17	0.53737921	3.98988684
1000	1022	149	18	3.32450436	16.30892941
1000	1022	149	19	0.09479452	0.45508466
1000	1022	150	0	0.04377268	0.28005807
1000	1022	150	1	0.19775714	7.99522886
1000	1022	150	2	0.17301750	0.55621928
1000	1022	150	3	1.05169068	8.04806591
1000	1022	150	4	0.06854627	0.28415308
1000	1022	150	5	2.50909614	15.49427268
1000	1022	150	6	0.05767722	0.43885475
1000	1022	150	7	1.15282032	6.84128985
1000	1022	150	8	3.48552762	20.33505937
1000	1022	150	9	3.59833944	10.87849109
1000	1022	150	10	1.13228458	3.24506125
1000	1022	150	11	1.80550003	6.33815513
1000	1022	150	12	0.06998072	0.50854275
1000	1022	150	13	0.03416816	0.30064925
1000	1022	150	14	0.60473192	2.43110103
1000	1022	150	15	2.72781300	7.38560782
1000	1022	150	16	0.01656721	0.07762132
1000	1022	150	17	0.53772833	4.02201716
1000	1022	150	18	3.32891210	16.39284369
1000	1022	150	19	0.08335009	0.39697559
1000	1022	151	0	0.05280283	0.29047734
1000	1022	151	1	0.17826468	7.39149567
1000	1022	151	2	0.19628522	0.62084636
1000	1022	151	3	1.04203375	8.03193032
1000	1022	151	4	0.06856278	0.28290670
1000	1022	151	5	2.50999993	15.54686460
1000	1022	151	6	0.05766151	0.43363673
1000	1022	151	7	1.15280131	6.84257112
1000	1022	151	8	3.48654947	20.35141421
1000	1022	151	9	3.53435324	10.74695854
1000	1022	151	10	1.13336680	3.25231306
1000	1022	151	11	1.80596505	6.34559202
1000	1022	151	12	0.06998358	0.50351878
1000	1022	151	13	0.03755239	0.28871073
1000	1022	151	14	0.55594490	2.19948631
1000	1022	151	15	2.76472418	7.55884181
1000	1022	151	16	0.01557905	0.06808938
1000	1022	151	17	0.53789678	4.05042785
1000	1022	151	18	3.33215298	16.46449192
1000	1022	151	19	0.07381569	0.34694612
1000	1022	152	0	0.06434627	0.30868589
1000	1022	152	1	0.16288695	6.82879190
1000	1022	152	2	0.22300277	0.69614729
1000	1022	152	3	1.02974575	8.00827869
1000	1022	152	4	0.06866424	0.28198298
1000	1022	152	5	2.51044742	15.59202225
1000	1022	152	6	0.05771546	0.42915082
1000	1022	152	7	1.15274814	6.84361772
1000	1022	152	8	3.48737771	20.36600076
1000	1022	152	9	3.46211793	10.59653792
1000	1022	152	10	1.13408644	3.25813294
1000	1022	152	11	1.80595123	6.35138417
1000	1022	152	12	0.07006817	0.49923865
1000	1022	152	13	0.04233930	0.28198730
1000	1022	152	14	0.51830329	1.99876460
1000	1022	152	15	2.79338351	7.70906775
1000	1022	152	16	0.01519444	0.06077428
1000	1022	152	17	0.53787237	4.07540929
1000	1022	152	18	3.33426351	16.52514450
1000	1022	152	19	0.06606564	0.30419162
1000	1022	153	0	0.07903641	0.33626933
1000	1022	153	1	0.15172903	6.30711925
1000	1022	153	2	0.25350108	0.78349187
1000	1022	153	3	1.01419847	7.97547718
1000	1022	153	4	0.06886491	0.28138758
1000	1022	153	5	2.51040093	15.63046797
1000	1022	153	6	0.05784967	0.42536177
1000	1022	153	7	1.15265460	6.84443498
1000	1022	153	8	3.48800922	20.37892707
1000	1022	153	9	3.38120505	10.42545621
1000	1022	153	10	1.13443195	3.26265476
1000	1022	153	11	1.80539816	6.35551933
1000	1022	153	12	0.07024769	0.49567438
1000	1022	153	13	0.04888018	0.28108186
1000	1022	153	14	0.49272743	1.82945350
1000	1022	153	15	2.81313972	7.83599196
1000	1022	153	16	0.01548105	0.05553418
1000	1022	153	17	0.53762317	4.09720285
1000	1022	153	18	3.33520061	16.57585592
1000	1022	153	19	0.06004708	0.26805211
1000	1022	154	0	0.09761018	0.37525788
1000	1022	154	1	0.14515999	5.82658432
1000	1022	154	2	0.28806903	0.88431392
1000	1022	154	3	0.99468520	7.93148054
1000	1022	154	4	0.06918470	0.28113910
1000	1022	154	5	2.50976963	15.66277191
1000	1022	154	6	0.05807918	0.42224998
1000	1022	154	7	1.15251212	6.84502114
1000	1022	154	8	3.48843437	20.39027966
1000	1022	154	9	3.29140130	10.23211983
1000	1022	154	10	1.13435836	3.26595443
1000	1022	154	11	1.80421859	6.35792832
1000	1022	154	12	0.07054062	0.49281533
1000	1022	154	13	0.05762229	0.28685615
1000	1022	154	14	0.48085033	1.69281289
1000	1022	154	15	2.82281532	7.93877106
1000	1022	154	16	0.01657965	0.05234260
1000	1022	154	17	0.53708938	4.11598744
1000	1022	154	18	3.33481428	16.61742806
1000	1022	154	19	0.05580290	0.23803655
1000	1022	155	0	0.12088190	0.42817687
1000	1022	155	1	0.14392214	5.38765208
1000	1022	155	2	0.32691496	1.00005674
1000	1022	155	3	0.97046309	7.87380814
1000	1022	155	4	0.06965055	0.28127144
1000	1022	155	5	2.50838673	15.68932300
1000	1022	155	6	0.05842453	0.41981366
1000	1022	155	7	1.15230917	6.84536616
1000	1022	155	8	3.48863567	20.40012064
1000	1022	155	9	3.19280031	10.01526830
1000	1022	155	10	1.13377372	3.26803654
1000	1022	155	11	1.80229234	6.35847434
1000	1022	155	12	0.07097198	0.49067088
1000	1022	155	13	0.06912209	0.30048703
1000	1022	155	14	0.48526281	1.59130225
1000	1022	155	15	2.82052057	8.01567590
1000	1022	155	16	0.01873534	0.05132274
1000	1022	155	17	0.53617064	4.13185951
1000	1022	155	18	3.33280383	16.65035347
1000	1022	155	19	0.05350806	0.21386170
1000	1022	156	0	0.14968563	0.49806521
1000	1022	156	1	0.14927797	4.99148323
1000	1022	156	2	0.37011453	1.13209069
1000	1022	156	3	0.94082992	7.79956567
1000	1022	156	4	0.07029822	0.28183713
1000	1022	156	5	2.50597429	15.71028171
1000	1022	156	6	0.05891311	0.41807186
1000	1022	156	7	1.15203055	6.84545015
1000	1022	156	8	3.48858608	20.40848405
1000	1022	156	9	3.08591024	9.77416695
1000	1022	156	10	1.13251839	3.26881215
1000	1022	156	11	1.79945926	6.35693921
1000	1022	156	12	0.07157494	0.48927407
1000	1022	156	13	0.08405240	0.32352731
1000	1022	156	14	0.50972199	1.52912574
1000	1022	156	15	2.80348600	8.06368567
1000	1022	156	16	0.02234235	0.05280149
1000	1022	156	17	0.53470728	4.14480291
1000	1022	156	18	3.32865149	16.67472613
1000	1022	156	19	0.05352527	0.19551452
1000	1022	157	0	0.18477782	0.58843396
1000	1022	157	1	0.16318433	4.64038459
1000	1022	157	2	0.41754186	1.28159477
1000	1022	157	3	0.90523922	7.70554061
1000	1022	157	4	0.07117426	0.28291154
1000	1022	157	5	2.50209222	15.72550513
1000	1022	157	6	0.05958076	0.41706826
1000	1022	157	7	1.15165649	6.84524139
1000	1022	157	8	3.48824691	20.41537106
1000	1022	157	9	2.97177727	9.50884114
1000	1022	157	10	1.13033536	3.26806354
1000	1022	157	11	1.79551143	6.35300650
1000	1022	157	12	0.07239258	0.48868624
1000	1022	157	13	0.10319789	0.35796452
1000	1022	157	14	0.55916273	1.51279836
1000	1022	157	15	2.76802606	8.07805497
1000	1022	157	16	0.02800301	0.05739005
1000	1022	157	17	0.53245458	4.15464390
1000	1022	157	18	3.32152752	16.69010360
1000	1022	157	19	0.05648547	0.18334900
1000	1022	158	0	0.22669963	0.70313247
1000	1022	158	1	0.18844788	4.33838856
1000	1022	158	2	0.46878113	1.44939232
1000	1022	158	3	0.86344543	7.58840020
1000	1022	158	4	0.07233840	0.28459810
1000	1022	158	5	2.49606908	15.73443291
1000	1022	158	6	0.06047358	0.41687615
1000	1022	158	7	1.15116168	6.84469370
1000	1022	158	8	3.48756541	20.42074397
1000	1022	158	9	2.85212557	9.22035374
1000	1022	158	10	1.12683095	3.26539144
1000	1022	158	11	1.79018535	6.34624162
1000	1022	158	12	0.07347990	0.48900275
1000	1022	158	13	0.12743069	0.40626603
1000	1022	158	14	0.63923806	1.55152865
1000	1022	158	15	2.70983457	8.05199418
1000	1022	158	16	0.03659355	0.06609641
1000	1022	158	17	0.52905116	4.16098601
1000	1022	158	18	3.31016585	16.69530160
1000	1022	158	19	0.06339627	0.17823116
1000	1022	159	0	0.27561328	0.84609282
1000	1022	159	1	0.22875247	4.09193001
1000	1022	159	2	0.52301813	1.63573043
1000	1022	159	3	0.81565322	7.44500832
1000	1022	159	4	0.07386590	0.28703455
1000	1022	159	5	2.48691848	15.73592212
1000	1022	159	6	0.06164979	0.41760439
1000	1022	159	7	1.15051428	6.84374339
1000	1022	159	8	3.48647206	20.42451877
1000	1022	159	9	2.72951212	8.91112735
1000	1022	159	10	1.12142953	3.26014132
1000	1022	159	11	1.78315535	6.33606979
1000	1022	159	12	0.07490580	0.49035990
1000	1022	159	13	0.15765832	0.47139296
1000	1022	159	14	0.75510563	1.65701030
1000	1022	159	15	2.62483558	7.97675597
1000	1022	159	16	0.04931354	0.08046593
1000	1022	159	17	0.52398788	4.16312158
1000	1022	159	18	3.29272311	16.68810508
1000	1022	159	19	0.07577161	0.18174366
1000	1022	160	0	0.33114611	1.02094100
1000	1022	160	1	0.28837865	3.91048254
1000	1022	160	2	0.57891805	1.83999386
1000	1022	160	3	0.76262780	7.27284961
1000	1022	160	4	0.07585007	0.29040008
1000	1022	160	5	2.47325619	15.72802462
1000	1022	160	6	0.06318169	0.41940447
1000	1022	160	7	1.14967484	6.84230564
1000	1022	160	8	3.48487763	20.42655623
1000	1022	160	9	2.60748663	8.58531093
1000	1022	160	10	1.11333389	3.25130995
1000	1022	160	11	1.77402954	6.32175358
1000	1022	160	12	0.07675488	0.49294279
1000	1022	160	13	0.19473747	0.55675984
1000	1022	160	14	0.90949520	1.84207175
1000	1022	160	15	2.51060659	7.84254261
1000	1022	160	16	0.06767035	0.10272387
1000	1022	160	17	0.51659306	4.15992344
1000	1022	160	18	3.26666136	16.66489577
1000	1022	160	19	0.09575585	0.19645134
1000	1022	161	0	0.39229084	1.23049853
1000	1022	161	1	0.37143716	3.80685065
1000	1022	161	2	0.63451204	2.06035240
1000	1022	161	3	0.70571849	7.07050770
1000	1022	161	4	0.07840442	0.29492314
1000	1022	161	5	2.45325316	15.70771693
1000	1022	161	6	0.06515739	0.42247847
1000	1022	161	7	1.14859536	6.84027045
1000	1022	161	8	3.48267024	20.42665167
1000	1022	161	9	2.49072549	8.24918061
1000	1022	161	10	1.10151572	3.23744470
1000	1022	161	11	1.76235059	6.30237292
1000	1022	161	12	0.07912884	0.49699380
1000	1022	161	13	0.23935416	0.66611426
1000	1022	161	14	1.10078185	2.11785799
1000	1022	161	15	2.36788820	7.64052281
1000	1022	161	16	0.09332789	0.13585468
1000	1022	161	17	0.50606133	4.14973546
1000	1022	161	18	3.22873564	16.62023641
1000	1022	161	19	0.12618352	0.22620163
1000	1022	162	0	0.45740879	1.47624362
1000	1022	162	1	0.48063540	3.79666597
1000	1022	162	2	0.68714262	2.29336366
1000	1022	162	3	0.64676513	6.83810342
1000	1022	162	4	0.08166453	0.30088961
1000	1022	162	5	2.42468112	15.67062584
1000	1022	162	6	0.06768220	0.42708761
1000	1022	162	7	1.14721849	6.83749835
1000	1022	162	8	3.47971257	20.42452343
1000	1022	162	9	2.38506980	7.91153704
1000	1022	162	10	1.08477201	3.21656823
1000	1022	162	11	1.74760332	6.27681138
1000	1022	162	12	0.08214711	0.50282129
1000	1022	162	13	0.29188109	0.80331511
1000	1022	162	14	1.32228481	2.49005498
1000	1022	162	15	2.20126878	7.36566045
1000	1022	162	16	0.12776203	0.18350324
1000	1022	162	17	0.49155907	4.13030588
1000	1022	162	18	3.17520294	16.54652515
1000	1022	162	19	0.17048274	0.27638382
1000	1022	163	0	0.52435791	1.75783975
1000	1022	163	1	0.61599605	3.89670050
1000	1022	163	2	0.73355150	2.53359862
1000	1022	163	3	0.58789554	6.57758144
1000	1022	163	4	0.08578905	0.30865074
1000	1022	163	5	2.38511591	15.61084324
1000	1022	163	6	0.07087947	0.43356100
1000	1022	163	7	1.14547701	6.83381599
1000	1022	163	8	3.47583954	20.41980061
1000	1022	163	9	2.29734333	7.58400450
1000	1022	163	10	1.06188155	3.18618573
1000	1022	163	11	1.72923123	6.24375409
1000	1022	163	12	0.08594635	0.51080756
1000	1022	163	13	0.35223593	0.97200216
1000	1022	163	14	1.56348587	2.95571184
1000	1022	163	15	2.01843134	7.01924973
1000	1022	163	16	0.17175527	0.24956474
1000	1022	163	17	0.47242141	4.09883446
1000	1022	163	18	3.10235581	16.43392766
1000	1022	163	19	0.23232556	0.35400455
1000	1022	164	0	0.59072658	2.07284842
1000	1022	164	1	0.77423492	4.12206761
1000	1022	164	2	0.77020636	2.77342788
1000	1022	164	3	0.53126227	6.29275622
1000	1022	164	4	0.09095979	0.31863012
1000	1022	164	5	2.33233235	15.52097352
1000	1022	164	6	0.07489056	0.44230392
1000	1022	164	7	1.14329361	6.82901196
1000	1022	164	8	3.47085662	20.41201047
1000	1022	164	9	2.23478375	7.28104548
1000	1022	164	10	1.03186325	3.14344611
1000	1022	164	11	1.70666358	6.20170268
1000	1022	164	12	0.09067848	0.52141518
1000	1022	164	13	0.41977450	1.17517471
1000	1022	164	14	1.81254340	3.50237463
1000	1022	164	15	1.82832149	6.60982023
1000	1022	164	16	0.22491653	0.33740718
1000	1022	164	17	0.44840343	4.05221068
1000	1022	164	18	3.00736793	16.27085619
1000	1022	164	19	0.31499495	0.46738836
1000	1022	165	0	0.65411692	2.41670992
1000	1022	165	1	0.94925436	4.48308141
1000	1022	165	2	0.79390841	3.00317648
1000	1022	165	3	0.47878816	5.98908864
1000	1022	165	4	0.09738021	0.33132914
1000	1022	165	5	2.26484034	15.39256843
1000	1022	165	6	0.07987356	0.45380491
1000	1022	165	7	1.14058137	6.82283316
1000	1022	165	8	3.46453944	20.40056642
1000	1022	165	9	2.20395474	7.01940143
1000	1022	165	10	0.99427593	3.08550561
1000	1022	165	11	1.67935395	6.14901314
1000	1022	165	12	0.09650677	0.53519042
1000	1022	165	13	0.49325277	1.41472789
1000	1022	165	14	2.05872556	4.11003218
1000	1022	165	15	1.63925499	6.15189685
1000	1022	165	16	0.28550148	0.44887503
1000	1022	165	17	0.41988290	3.98747299
1000	1022	165	18	2.88923149	16.04519921
1000	1022	165	19	0.42058601	0.62534581
1000	1022	166	0	0.71240793	2.78300970
1000	1022	166	1	1.13351455	4.98292445
1000	1022	166	2	0.80256008	3.21185604
1000	1022	166	3	0.43198050	5.67323792
1000	1022	166	4	0.10527164	0.34732949
1000	1022	166	5	2.18240309	15.21702903
1000	1022	166	6	0.08600022	0.46864062
1000	1022	166	7	1.13724506	6.81498215
1000	1022	166	8	3.45663522	20.38475754
1000	1022	166	9	2.20922805	6.81663739
1000	1022	166	10	0.94944259	3.01006523
1000	1022	166	11	1.64682995	6.08396140
1000	1022	166	12	0.10359917	0.55276224
1000	1022	166	13	0.57087946	1.69102217
1000	1022	166	14	2.29382368	4.75482572
1000	1022	166	15	1.45774155	5.66329629
1000	1022	166	16	0.35069185	0.58344824
1000	1022	166	17	0.38789420	3.90241267
1000	1022	166	18	2.74939727	15.74624390
1000	1022	166	19	0.54931349	0.83582230
1000	1022	167	0	0.76394272	3.16397617
1000	1022	167	1	1.31956519	5.61692036
1000	1022	167	2	0.79576852	3.38852189
1000	1022	167	3	0.39184259	5.35248694
1000	1022	167	4	0.11486602	0.36729133
1000	1022	167	5	2.08632571	14.98688287
1000	1022	167	6	0.09345015	0.48747679
1000	1022	167	7	1.13318390	6.80511633
1000	1022	167	8	3.44686716	20.36374145
1000	1022	167	9	2.25134418	6.68866770
1000	1022	167	10	0.89848841	2.91594599
1000	1022	167	11	1.60875204	6.00484011
1000	1022	167	12	0.11211843	0.57483481
1000	1022	167	13	0.65045726	2.00257145
1000	1022	167	14	2.51247309	5.41289571
1000	1022	167	15	1.28814922	5.16218243
1000	1022	167	16	0.41721949	0.73796336
1000	1022	167	17	0.35394807	3.79613504
1000	1022	167	18	2.59178352	15.36685690
1000	1022	167	19	0.69922416	1.10430841
1000	1022	168	0	0.80761432	3.55110637
1000	1022	168	1	1.50113486	6.37341132
1000	1022	168	2	0.77493575	3.52396932
1000	1022	168	3	0.35887955	5.03415566
1000	1022	168	4	0.12639360	0.39194460
1000	1022	168	5	1.97937094	14.69714733
1000	1022	168	6	0.10240124	0.51106335
1000	1022	168	7	1.12829646	6.79284998
1000	1022	168	8	3.43494317	20.33654266
1000	1022	168	9	2.32684740	6.64669067
1000	1022	168	10	0.84316500	2.80350284
1000	1022	168	11	1.56497710	5.91008672
1000	1022	168	12	0.12220790	0.60217117
1000	1022	168	13	0.72958486	2.34592027
1000	1022	168	14	2.71179220	6.06322607
1000	1022	168	15	1.13292503	4.66480455
1000	1022	168	16	0.48203453	0.90705247
1000	1022	168	17	0.31971220	3.66936947
1000	1022	168	18	2.42211665	14.90524048
1000	1022	168	19	0.86644541	1.43249673
1000	1022	169	0	0.84285344	3.93580305
1000	1022	169	1	1.67360082	7.23563669
1000	1022	169	2	0.74277393	3.61218934
1000	1022	169	3	0.33317433	4.72509788
1000	1022	169	4	0.14006416	0.42207020
1000	1022	169	5	1.86532313	14.34639248
1000	1022	169	6	0.11301514	0.54022065
1000	1022	169	7	1.12248848	6.77776088
1000	1022	169	8	3.42057047	20.30206000
1000	1022	169	9	2.42885171	6.69460939
1000	1022	169	10	0.78553668	2.67471929
1000	1022	169	11	1.51561888	5.79843886
1000	1022	169	12	0.13397302	0.63556516
1000	1022	169	13	0.80587380	2.71574171
1000	1022	169	14	2.89076950	6.68914909
1000	1022	169	15	0.99304069	4.18423858
1000	1022	169	16	0.54276194	1.08410265
1000	1022	169	17	0.28669398	3.52442065
1000	1022	169	18	2.24689128	14.36568055
1000	1022	169	19	1.04585107	1.81763852
1000	1022	170	0	0.86954165	4.30992355
1000	1022	170	1	1.83397982	8.18389331
1000	1022	170	2	0.70254237	3.65105611
1000	1022	170	3	0.31450360	4.43134101
1000	1022	170	4	0.15604037	0.45846702
1000	1022	170	5	1.74836973	13.93719945
1000	1022	170	6	0.12541712	0.57581312
1000	1022	170	7	1.11568435	6.75940363
1000	1022	170	8	3.40347778	20.25908741
1000	1022	170	9	2.54876335	6.82810269
1000	1022	170	10	0.72765155	2.53295548
1000	1022	170	11	1.46109512	5.66910603
1000	1022	170	12	0.14745897	0.67579903
1000	1022	170	13	0.87713339	3.10513737
1000	1022	170	14	3.04966049	7.27871956
1000	1022	170	15	0.86845053	3.73000935
1000	1022	170	16	0.59786831	1.26234948
1000	1022	170	17	0.25603444	3.36480883
1000	1022	170	18	2.07235059	13.75810599
1000	1022	170	19	1.23187160	2.25278244
1000	1022	171	0	0.88788401	4.66617653
1000	1022	171	1	1.98066626	9.19746993
1000	1022	171	2	0.65738089	3.64211736
1000	1022	171	3	0.30246360	4.15788939
1000	1022	171	4	0.17440337	0.50190039
1000	1022	171	5	1.63250978	13.47592760
1000	1022	171	6	0.13967026	0.61870656
1000	1022	171	7	1.10784243	6.73733217
1000	1022	171	8	3.38344575	20.20635328
1000	1022	171	9	2.67807971	7.03573722
1000	1022	171	10	0.67129368	2.38245475
1000	1022	171	11	1.40214992	5.52193969
1000	1022	171	12	0.16262628	0.72358476
1000	1022	171	13	0.94149397	3.50607606
1000	1022	171	14	3.18950090	7.82435717
1000	1022	171	15	0.75846955	3.30830153
1000	1022	171	16	0.64660360	1.43576955
1000	1022	171	17	0.22844220	3.19474950
1000	1022	171	18	1.90376866	13.09671601
1000	1022	171	19	1.41919499	2.72774318
1000	1022	172	0	0.89827640	4.99834405
1000	1022	172	1	2.11309378	10.25612590
1000	1022	172	2	0.60992514	3.58975902
1000	1022	172	3	0.29658119	3.90867964
1000	1022	172	4	0.19511216	0.55302882
1000	1022	172	5	1.52113449	12.97192710
1000	1022	172	6	0.15574566	0.66970580
1000	1022	172	7	1.09897388	6.71113391
1000	1022	172	8	3.36034537	20.14258358
1000	1022	172	9	2.80960302	7.30149715
1000	1022	172	10	0.61785196	2.22777336
1000	1022	172	11	1.33984289	5.35757759
1000	1022	172	12	0.17932802	0.77948991
1000	1022	172	13	0.99746445	3.90988856
1000	1022	172	14	3.31175345	8.32212511
1000	1022	172	15	0.66205193	2.92247560
1000	1022	172	16	0.68882842	1.59961471
1000	1022	172	17	0.20423388	3.01863294
1000	1022	172	18	1.74511349	12.39816254
1000	1022	172	19	1.60322700	3.23044556
1000	1022	173	0	0.90119476	5.30134461
1000	1022	173	1	2.23141748	11.34108329
1000	1022	173	2	0.56218413	3.50014799
1000	1022	173	3	0.29639508	3.68665290
1000	1022	173	4	0.21796103	0.61230806
1000	1022	173	5	1.41682349	12.43645692
1000	1022	173	6	0.17349170	0.72947140
1000	1022	173	7	1.08916327	6.68047684
1000	1022	173	8	3.33418203	20.06659265
1000	1022	173	9	2.93793108	7.60766017
1000	1022	173	10	0.56829222	2.07327686
1000	1022	173	11	1.27550256	5.17753613
1000	1022	173	12	0.19729282	0.84385139
1000	1022	173	13	1.04393954	4.30774404
1000	1022	173	14	3.41806866	8.77090362
1000	1022	173	15	0.57798219	2.57368387
1000	1022	173	16	0.72481603	1.75059392
1000	1022	173	17	0.18342762	2.84061013
1000	1022	173	18	1.59902283	11.67975671
1000	1022	173	19	1.78030233	3.74827732
1000	1022	174	0	0.89711969	5.57117778
1000	1022	174	1	2.33625490	12.43560165
1000	1022	174	2	0.51557772	3.38025846
1000	1022	174	3	0.30150250	3.49389880
1000	1022	174	4	0.24254190	0.67987621
1000	1022	174	5	1.32132425	11.88157064
1000	1022	174	6	0.19260749	0.79841762
1000	1022	174	7	1.07858807	6.64516942
1000	1022	174	8	3.30514041	19.97740248
1000	1022	174	9	3.05942585	7.93717816
1000	1022	174	10	0.52319721	1.92278313
1000	1022	174	11	1.21064945	4.98423007
1000	1022	174	12	0.21611838	0.91668502
1000	1022	174	13	1.08017851	4.69106066
1000	1022	174	14	3.51013168	9.17160869
1000	1022	174	15	0.50499919	2.26146461
1000	1022	174	16	0.75507889	1.88679599
1000	1022	174	17	0.16584640	2.66432452
1000	1022	174	18	1.46697195	10.95800773
1000	1022	174	19	1.94770533	4.26919846
1000	1022	175	0	0.88649801	5.80480022
1000	1022	175	1	2.42849155	13.52523626
1000	1022	175	2	0.47104081	3.23712538
1000	1022	175	3	0.31157544	3.33182695
1000	1022	175	4	0.26822071	0.75542939
1000	1022	175	5	1.23564993	11.31915830
1000	1022	175	6	0.21262703	0.87659848
1000	1022	175	7	1.06753246	6.60522981
1000	1022	175	8	3.27362293	19.87438659
1000	1022	175	9	3.17192322	8.27521018
1000	1022	175	10	0.48283970	1.77936918
1000	1022	175	11	1.14690116	4.78090966
1000	1022	175	12	0.23527900	0.99760202
1000	1022	175	13	1.10577341	5.05183196
1000	1022	175	14	3.58956938	9.52652635
1000	1022	175	15	0.44187265	1.98425465
1000	1022	175	16	0.78023763	2.00746479
1000	1022	175	17	0.15120697	2.49278115
1000	1022	175	18	1.34952395	10.24761965
1000	1022	175	19	2.10357544	4.78249865
1000	1022	176	0	0.86973519	5.99997779
1000	1022	176	1	2.50914278	14.59787593
1000	1022	176	2	0.42913885	3.07734773
1000	1022	176	3	0.32635353	3.20133191
1000	1022	176	4	0.29413777	0.83810429
1000	1022	176	5	1.16023297	10.76023803
1000	1022	176	6	0.23292048	0.96359426
1000	1022	176	7	1.05639015	6.56095731
1000	1022	176	8	3.24027285	19.75742779
1000	1022	176	9	3.27437308	8.60983966
1000	1022	176	10	0.44726340	1.64531802
1000	1022	176	11	1.08587483	4.57152066
1000	1022	176	12	0.25414861	1.08574524
1000	1022	176	13	1.12061725	5.38287133
1000	1022	176	14	3.65789802	9.83878304
1000	1022	176	15	0.38744726	1.73980121
1000	1022	176	16	0.80093226	2.11271904
1000	1022	176	17	0.13918564	2.32832129
1000	1022	176	18	1.24658908	9.56093792
1000	1022	176	19	2.24675927	5.27920557
1000	1022	177	0	0.84721023	6.15514795
1000	1022	177	1	2.57925979	15.64363890
1000	1022	177	2	0.39016961	2.90680398
1000	1022	177	3	0.34562145	3.10292919
1000	1022	177	4	0.31924034	0.92638995
1000	1022	177	5	1.09508911	10.21451355
1000	1022	177	6	0.25271783	1.05841553
1000	1022	177	7	1.04565093	6.51299453
1000	1022	177	8	3.20597289	19.62707214
1000	1022	177	9	3.36650768	8.93218571
1000	1022	177	10	0.41635744	1.52216485
1000	1022	177	11	1.02910127	4.36050663
1000	1022	177	12	0.27203756	1.17975787
1000	1022	177	13	1.12487604	5.67798732
1000	1022	177	14	3.71649732	10.11194593
1000	1022	177	15	0.34066565	1.52547543
1000	1022	177	16	0.81776779	2.20327759
1000	1022	177	17	0.12946161	2.17266605
1000	1022	177	18	1.15765389	8.90776524
1000	1022	177	19	2.37665058	5.75220809
1000	1022	178	0	0.81930416	6.26931322
1000	1022	178	1	2.63986839	16.65468525
1000	1022	178	2	0.35424403	2.73052484
1000	1022	178	3	0.36917717	3.03685057
1000	1022	178	4	0.34235096	1.01809377
1000	1022	178	5	1.03996572	9.69016585
1000	1022	178	6	0.27115664	1.15944467
1000	1022	178	7	1.03586796	6.46236571
1000	1022	178	8	3.17181280	19.48465528
1000	1022	178	9	3.44857407	9.23614464
1000	1022	178	10	0.38991802	1.41080178
1000	1022	178	11	0.97796020	4.15258134
1000	1022	178	12	0.28823949	1.27779358
1000	1022	178	13	1.11896377	5.93210398
1000	1022	178	14	3.76660098	10.34973469
1000	1022	178	15	0.30057787	1.33850035
1000	1022	178	16	0.83128464	2.28022255
1000	1022	178	17	0.12174243	2.02699777
1000	1022	178	18	1.08196543	8.29544300
1000	1022	178	19	2.49304116	6.19617812
1000	1022	179	0	0.78643432	6.34197595
1000	1022	179	1	2.69193077	17.62498677
1000	1022	179	2	0.32134699	2.55267163
1000	1022	179	3	0.39679648	3.00309505
1000	1022	179	4	0.36226802	1.11038425
1000	1022	179	5	0.99446285	9.19382627
1000	1022	179	6	0.28735098	1.26443346
1000	1022	179	7	1.02760652	6.41047586
1000	1022	179	8	3.13902385	19.33237473
1000	1022	179	9	3.52113423	9.51795257
1000	1022	179	10	0.36769613	1.31160785
1000	1022	179	11	0.93363963	3.95250104
1000	1022	179	12	0.30208240	1.37757198
1000	1022	179	13	1.10351734	6.14133779
1000	1022	179	14	3.80929734	10.55582311
1000	1022	179	15	0.26634259	1.17610956
1000	1022	179	16	0.84194575	2.34481264
1000	1022	179	17	0.11577671	1.89205663
1000	1022	179	18	1.01866993	7.72910096
1000	1022	179	19	2.59599263	6.60736954
1000	1022	180	0	0.74908733	6.37311509
1000	1022	180	1	2.73632305	18.55008175
1000	1022	180	2	0.29138142	2.37657962
1000	1022	180	3	0.42819840	3.00143757
1000	1022	180	4	0.37788696	1.19992374
1000	1022	180	5	0.95812506	8.73067485
1000	1022	180	6	0.30047393	1.37056993
1000	1022	180	7	1.02138024	6.35905877
1000	1022	180	8	3.10888488	19.17328437
1000	1022	180	9	3.58492323	9.77569813
1000	1022	180	10	0.34943239	1.22458165
1000	1022	180	11	0.89711621	3.76486070
1000	1022	180	12	0.31297872	1.47647703
1000	1022	180	13	1.07936819	6.30303770
1000	1022	180	14	3.84553556	10.73370941
1000	1022	180	15	0.23722353	1.03565221
1000	1022	180	16	0.85013372	2.39834628
1000	1022	180	17	0.11135877	1.76823770
1000	1022	180	18	0.96691160	7.21199578
1000	1022	180	19	2.68573185	6.98335650
1000	1022	181	0	0.70784443	6.36319875
1000	1022	181	1	2.77382333	19.42683186
1000	1022	181	2	0.26419966	2.20483708
1000	1022	181	3	0.46301607	3.03140192
1000	1022	181	4	0.38832416	1.28308981
1000	1022	181	5	0.93050633	8.30461493
1000	1022	181	6	0.30984232	1.47461822
1000	1022	181	7	1.01758540	6.31007003
1000	1022	181	8	3.08261099	19.01119596
1000	1022	181	9	3.64075254	10.00886032
1000	1022	181	10	0.33488137	1.14946289
1000	1022	181	11	0.86914938	3.59392838
1000	1022	181	12	0.32046955	1.57169096
1000	1022	181	13	1.04750809	6.41579063
1000	1022	181	14	3.87613481	10.88663753
1000	1022	181	15	0.21258339	0.91465805
1000	1022	181	16	0.85615368	2.44206791
1000	1022	181	17	0.10832847	1.65568031
1000	1022	181	18	0.92589967	6.74588126
1000	1022	181	19	2.76256873	7.32275507
1000	1022	182	0	0.66339384	6.31322049
1000	1022	182	1	2.80510647	20.25319150
1000	1022	182	2	0.23962533	2.03938024
1000	1022	182	3	0.50077743	3.09220824
1000	1022	182	4	0.39302199	1.35626613
1000	1022	182	5	0.91121266	7.91848497
1000	1022	182	6	0.31499058	1.57312303
1000	1022	182	7	1.01644654	6.26553232
1000	1022	182	8	3.06124090	18.85048603
1000	1022	182	9	3.68944677	10.21790828
1000	1022	182	10	0.32382766	1.08583608
1000	1022	182	11	0.85028068	3.44352080
1000	1022	182	12	0.32425972	1.66035265
1000	1022	182	13	1.00904865	6.47939200
1000	1022	182	14	3.90179451	11.01755463
1000	1022	182	15	0.19187659	0.81087395
1000	1022	182	16	0.86023886	2.47710869
1000	1022	182	17	0.10656867	1.55434603
1000	1022	182	18	0.89495114	6.33137192
1000	1022	182	19	2.82683355	7.62495622
1000	1022	183	0	0.61652675	6.22474377
1000	1022	183	1	2.83074266	21.02799496
1000	1022	183	2	0.21746845	1.88159165
1000	1022	183	3	0.54089963	3.18270807
1000	1022	183	4	0.39181547	1.41616698
1000	1022	183	5	0.89992673	7.57427945
1000	1022	183	6	0.31572121	1.66265871
1000	1022	183	7	1.01798558	6.22735242
1000	1022	183	8	3.04554103	18.69582322
1000	1022	183	9	3.73180402	10.40397489
1000	1022	183	10	0.31609566	1.03321440
1000	1022	183	11	0.84083085	3.31691346
1000	1022	183	12	0.32424104	1.73972785
1000	1022	183	13	0.96517554	6.49478022
1000	1022	183	14	3.92310450	11.12909336
1000	1022	183	15	0.17464200	0.72228052
1000	1022	183	16	0.86255700	2.50445266
1000	1022	183	17	0.10600152	1.46408415
1000	1022	183	18	0.87351586	5.96827720
1000	1022	183	19	2.87883071	7.88988583
1000	1022	184	0	0.56811587	6.09993708
1000	1022	184	1	2.85119838	21.75076361
1000	1022	184	2	0.19753558	1.73239443
1000	1022	184	3	0.58269939	3.30132248
1000	1022	184	4	0.38494666	1.46014868
1000	1022	184	5	0.89641829	7.27335927
1000	1022	184	6	0.31212274	1.74009306
1000	1022	184	7	1.02202183	6.19713808
1000	1022	184	8	3.03594215	18.55184610
1000	1022	184	9	3.76857268	10.56860271
1000	1022	184	10	0.31155472	0.99110416
1000	1022	184	11	0.84089081	3.21677336
1000	1022	184	12	0.32050106	1.80737737
1000	1022	184	13	0.91710054	6.46393543
1000	1022	184	14	3.94055454	11.22357056
1000	1022	184	15	0.16049602	0.64709574
1000	1022	184	16	0.86321663	2.52492072
1000	1022	184	17	0.10658459	1.38468520
1000	1022	184	18	0.86118848	5.65589425
1000	1022	184	19	2.91880629	8.11779907
1000	1022	185	0	0.51907854	5.94158331
1000	1022	185	1	2.86683808	22.42153325
1000	1022	185	2	0.17963661	1.59233839
1000	1022	185	3	0.62541935	3.44599876
1000	1022	185	4	0.37302378	1.48645895
1000	1022	185	5	0.90054331	7.01663936
1000	1022	185	6	0.30455154	1.80283130
1000	1022	185	7	1.02820288	6.17604572
1000	1022	185	8	3.03251839	18.42283268
1000	1022	185	9	3.80043929	10.71355380
1000	1022	185	10	0.31012066	0.95905222
1000	1022	185	11	0.85030772	3.14510184
1000	1022	185	12	0.31331512	1.86130932
1000	1022	185	13	0.86601485	6.38974591
1000	1022	185	14	3.95454254	11.30299578
1000	1022	185	15	0.14912651	0.58377034
1000	1022	185	16	0.86227261	2.53916629
1000	1022	185	17	0.10830705	1.31592380
1000	1022	185	18	0.85771094	5.39325453
1000	1022	185	19	2.94692730	8.30911148
1000	1022	186	0	0.47032969	5.75305129
1000	1022	186	1	2.87792600	23.04070057
1000	1022	186	2	0.16358902	1.46167610
1000	1022	186	3	0.66826742	3.61419919
1000	1022	186	4	0.35693362	1.49438410
1000	1022	186	5	0.91223346	6.80474555
1000	1022	186	6	0.29358107	1.84900690
1000	1022	186	7	1.03605867	6.16468472
1000	1022	186	8	3.03500990	18.31240526
1000	1022	186	9	3.82802371	10.84067261
1000	1022	186	10	0.31175442	0.93667833
1000	1022	186	11	0.86867201	3.10317963
1000	1022	186	12	0.30312088	1.90010093
1000	1022	186	13	0.81304745	6.27584818
1000	1022	186	14	3.96538152	11.36908517
1000	1022	186	15	0.14028774	0.53097881
1000	1022	186	16	0.85973094	2.54767796
1000	1022	186	17	0.11118591	1.25759228
1000	1022	186	18	0.86296719	5.17932388
1000	1022	186	19	2.96327130	8.46426597
1000	1022	187	0	0.42273138	5.53822357
1000	1022	187	1	2.88462757	23.60888671
1000	1022	187	2	0.14922055	1.34042837
1000	1022	187	3	0.71046365	3.80293067
1000	1022	187	4	0.33772576	1.48427255
1000	1022	187	5	0.93147728	6.63813611
1000	1022	187	6	0.27992850	1.87759430
1000	1022	187	7	1.04506606	6.16309182
1000	1022	187	8	3.04288137	18.22330834
1000	1022	187	9	3.85187888	10.95179103
1000	1022	187	10	0.31645802	0.92369502
1000	1022	187	11	0.89531410	3.09151458
1000	1022	187	12	0.29047698	1.92297696
1000	1022	187	13	0.75923138	6.12645008
1000	1022	187	14	3.97330478	11.42327748
1000	1022	187	15	0.13379653	0.48760836
1000	1022	187	16	0.85555270	2.55078602
1000	1022	187	17	0.11526233	1.20952629
1000	1022	187	18	0.87697124	5.01315757
1000	1022	187	19	2.96782588	8.58363421
1000	1022	188	0	0.37704663	5.30138235
1000	1022	188	1	2.88701010	24.12681599
1000	1022	188	2	0.13637062	1.22843971
1000	1022	188	3	0.75128759	4.00881728
1000	1022	188	4	0.31649172	1.45743670
1000	1022	188	5	0.95829350	6.51718520
1000	1022	188	6	0.26437295	1.88843206
1000	1022	188	7	1.05471026	6.17077443
1000	1022	188	8	3.05540245	18.15728287
1000	1022	188	9	3.87249349	11.04866581
1000	1022	188	10	0.32426807	0.91991651
1000	1022	188	11	0.92931958	3.10980086
1000	1022	188	12	0.27601110	1.92983511
1000	1022	188	13	0.70547954	5.94614715
1000	1022	188	14	3.97846955	11.46674982
1000	1022	188	15	0.12952969	0.45274795
1000	1022	188	16	0.84965764	2.54867080
1000	1022	188	17	0.12059758	1.17162342
1000	1022	188	18	0.89984830	4.89401261
1000	1022	188	19	2.96049796	8.66745058
1000	1022	189	0	0.33390380	5.04706290
1000	1022	189	1	2.88504286	24.59520743
1000	1022	189	2	0.12489098	1.12542435
1000	1022	189	3	0.79011912	4.22821056
1000	1022	189	4	0.29425998	1.41595813
1000	1022	189	5	0.99269734	6.44222640
1000	1022	189	6	0.24767944	1.88216104
1000	1022	189	7	1.06453280	6.18680809
1000	1022	189	8	3.07173430	18.11504246
1000	1022	189	9	3.89029627	11.13294008
1000	1022	189	10	0.33524630	0.92525801
1000	1022	189	11	0.96956748	3.15690499
1000	1022	189	12	0.26036502	1.92121587
1000	1022	189	13	0.65257056	5.73974311
1000	1022	189	14	3.98095880	11.50043160
1000	1022	189	15	0.12742271	0.42567842
1000	1022	189	16	0.84192765	2.54137174
1000	1022	189	17	0.12726828	1.14385553
1000	1022	189	18	0.93180847	4.82141886
1000	1022	189	19	2.94113345	8.71577762
1000	1022	190	0	0.29377529	4.77988870
1000	1022	190	1	2.87859668	25.01467722
1000	1022	190	2	0.11464578	1.03100394
1000	1022	190	3	0.82646749	4.45732604
1000	1022	190	4	0.27192053	1.36243564
1000	1022	190	5	1.03466074	6.41355561
1000	1022	190	6	0.23053932	1.86009526
1000	1022	190	7	1.07416088	6.20996547
1000	1022	190	8	3.09100858	18.09634015
1000	1022	190	9	3.90566095	11.20612228
1000	1022	190	10	0.34946728	0.93972590
1000	1022	190	11	1.01479053	3.23089412
1000	1022	190	12	0.24414496	1.89822180
1000	1022	190	13	0.60114397	5.51208361
1000	1022	190	14	3.98078129	11.52501543
1000	1022	190	15	0.12746991	0.40586488
1000	1022	190	16	0.83221087	2.52879689
1000	1022	190	17	0.13536056	1.12627465
1000	1022	190	18	0.97311189	4.79520969
1000	1022	190	19	2.90954777	8.72850277
1000	1022	191	0	0.25697163	4.50440500
1000	1022	191	1	2.86744375	25.38565062
1000	1022	191	2	0.10551137	0.94473803
1000	1022	191	3	0.85998579	4.69239059
1000	1022	191	4	0.25018347	1.29971970
1000	1022	191	5	1.08406853	6.43139377
1000	1022	191	6	0.21353210	1.82405175
1000	1022	191	7	1.08331848	6.23885303
1000	1022	191	8	3.11239023	18.10010273
1000	1022	191	9	3.91891165	11.26957743
1000	1022	191	10	0.36700277	0.96339889
1000	1022	191	11	1.06365005	3.32911642
1000	1022	191	12	0.22788363	1.86239905
1000	1022	191	13	0.55170303	5.26791070
1000	1022	191	14	3.97786980	11.54096443
1000	1022	191	15	0.12972590	0.39295177
1000	1022	191	16	0.82032712	2.51073339
1000	1022	191	17	0.14496259	1.11901236
1000	1022	191	18	1.02402448	4.81551170
1000	1022	191	19	2.86556744	8.70536673
1000	1022	192	0	0.22364937	4.22492627
1000	1022	192	1	2.85125841	25.70828247
1000	1022	192	2	0.09737577	0.86614835
1000	1022	192	3	0.89047107	4.92978482
1000	1022	192	4	0.22956839	1.23067076
1000	1022	192	5	1.14067376	6.49581161
1000	1022	192	6	0.19710878	1.77616667
1000	1022	192	7	1.09182295	6.27203579
1000	1022	192	8	3.13512081	18.12460507
1000	1022	192	9	3.93032802	11.32452662
1000	1022	192	10	0.38790315	0.99640016
1000	1022	192	11	1.11481461	3.44833369
1000	1022	192	12	0.21201705	1.81559845
1000	1022	192	13	0.50462357	5.01174249
1000	1022	192	14	3.97207772	11.54851517
1000	1022	192	15	0.13430832	0.38676112
1000	1022	192	16	0.80607550	2.48685975
1000	1022	192	17	0.15615526	1.12227174
1000	1022	192	18	1.08476426	4.88269229
1000	1022	192	19	2.80908210	8.64602383
1000	1022	193	0	0.19382926	3.94540968
1000	1022	193	1	2.82962033	25.98238640
1000	1022	193	2	0.09013811	0.79473783
1000	1022	193	3	0.91785243	5.16616660
1000	1022	193	4	0.21041665	1.15796629
1000	1022	193	5	1.20405694	6.60662169
1000	1022	193	6	0.18159240	1.71872099
1000	1022	193	7	1.09957234	6.30813763
1000	1022	193	8	3.15854307	18.16765787
1000	1022	193	9	3.94015023	11.37205194
1000	1022	193	10	0.41217646	1.03886057
1000	1022	193	11	1.16703151	3.58489491
1000	1022	193	12	0.19687608	1.75983387
1000	1022	193	13	0.46016676	4.74778002
1000	1022	193	14	3.96317396	11.54767623
1000	1022	193	15	0.14140179	0.38729415
1000	1022	193	16	0.78924512	2.45676169
1000	1022	193	17	0.16900086	1.13631106
1000	1022	193	18	1.15543958	4.99726386
1000	1022	193	19	2.74010444	8.55013416
1000	1022	194	0	0.16742094	3.66936190
1000	1022	194	1	2.80202169	26.20737440
1000	1022	194	2	0.08370793	0.73000542
1000	1022	194	3	0.94217093	5.39856635
1000	1022	194	4	0.19291750	1.08396749
1000	1022	194	5	1.27359505	6.76324682
1000	1022	194	6	0.16719062	1.65399186
1000	1022	194	7	1.10652858	6.34591213
1000	1022	194	8	3.18211050	18.22678810
1000	1022	194	9	3.94858341	11.41310462
1000	1022	194	10	0.43976657	1.09087366
1000	1022	194	11	1.21918262	3.73493216
1000	1022	194	12	0.18268989	1.69715301
1000	1022	194	13	0.41849403	4.47984125
1000	1022	194	14	3.95083662	11.53822214
1000	1022	194	15	0.15126274	0.39473628
1000	1022	194	16	0.76962968	2.41995333
1000	1022	194	17	0.18353009	1.16141813
1000	1022	194	18	1.23598266	5.15974533
1000	1022	194	19	2.65883390	8.41748474
1000	1022	195	0	0.14424995	3.39978161
1000	1022	195	1	2.76788072	26.38220961
1000	1022	195	2	0.07800453	0.67145723
1000	1022	195	3	0.96355516	5.62444954
1000	1022	195	4	0.17713995	1.01064485
1000	1022	195	5	1.34844649	6.96457829
1000	1022	195	6	0.15401462	1.58413772
1000	1022	195	7	1.11270015	6.38428459
1000	1022	195	8	3.20538570	18.29939811
1000	1022	195	9	3.95580176	11.44851488
1000	1022	195	10	0.47053265	1.15244441
1000	1022	195	11	1.27032047	3.89455664
1000	1022	195	12	0.16959740	1.62953071
1000	1022	195	13	0.37968282	4.21132005
1000	1022	195	14	3.93464594	11.51968310
1000	1022	195	15	0.16422473	0.40946523
1000	1022	195	16	0.74704650	2.37590584
1000	1022	195	17	0.19972839	1.19787508
1000	1022	195	18	1.32608474	5.37048476
1000	1022	195	19	2.56571724	8.24813357
1000	1022	196	0	0.12408411	3.13913589
1000	1022	196	1	2.72656373	26.50537729
1000	1022	196	2	0.07295629	0.61861493
1000	1022	196	3	0.98219610	5.84174652
1000	1022	196	4	0.16306466	0.93955390
1000	1022	196	5	1.42755712	7.20884156
1000	1022	196	6	0.14210012	1.51111885
1000	1022	196	7	1.11812654	6.42236970
1000	1022	196	8	3.22803197	18.38289601
1000	1022	196	9	3.96195209	11.47900250
1000	1022	196	10	0.50423297	1.22343522
1000	1022	196	11	1.31968453	4.06003531
1000	1022	196	12	0.15766313	1.55878951
1000	1022	196	13	0.34374198	3.94516725
1000	1022	196	14	3.91407722	11.49133118
1000	1022	196	15	0.18070343	0.43206163
1000	1022	196	16	0.72135976	2.32408555
1000	1022	196	17	0.21752292	1.24591369
1000	1022	196	18	1.42514105	5.62945227
1000	1022	196	19	2.46149759	8.04256593
1000	1022	197	0	0.10665703	2.88936582
1000	1022	197	1	2.67741833	26.57488091
1000	1022	197	2	0.06850003	0.57102175
1000	1022	197	3	0.99832395	6.04885325
1000	1022	197	4	0.15061221	0.87184876
1000	1022	197	5	1.50969037	7.49348930
1000	1022	197	6	0.13142746	1.43665031
1000	1022	197	7	1.12286568	6.45947064
1000	1022	197	8	3.24980110	18.47479539
1000	1022	197	9	3.96715688	11.50518725
1000	1022	197	10	0.54051612	1.30351449
1000	1022	197	11	1.36670062	4.22793361
1000	1022	197	12	0.14689407	1.48654761
1000	1022	197	13	0.31062615	3.68389003
1000	1022	197	14	3.88849519	11.45216416
1000	1022	197	15	0.20120038	0.46332095
1000	1022	197	16	0.69250681	2.26400242
1000	1022	197	17	0.23677244	1.30566359
1000	1022	197	18	1.53221559	5.93601915
1000	1022	197	19	2.34724284	7.80184718
1000	1022	198	0	0.09168766	2.65191495
1000	1022	198	1	2.61981915	26.58827166
1000	1022	198	2	0.06458047	0.52824680
1000	1022	198	3	1.01218826	6.24460867
1000	1022	198	4	0.13966631	0.80832066
1000	1022	198	5	1.59348011	7.81514146
1000	1022	198	6	0.12193915	1.36218170
1000	1022	198	7	1.12698443	6.49506581
1000	1022	198	8	3.27051988	18.57278582
1000	1022	198	9	3.97151691	11.52759892
1000	1022	198	10	0.57892250	1.39211417
1000	1022	198	11	1.41096782	4.39521714
1000	1022	198	12	0.13725564	1.41419158
1000	1022	198	13	0.28024858	3.42956567
1000	1022	198	14	3.85715152	11.40088934
1000	1022	198	15	0.22630379	0.50426506
1000	1022	198	16	0.66052507	2.19526849
1000	1022	198	17	0.25726243	1.37709673
1000	1022	198	18	1.64603491	6.28874563
1000	1022	198	19	2.22434576	7.52775261
1000	1022	199	0	0.07889535	2.42777383
1000	1022	199	1	2.55322651	26.54272087
1000	1022	199	2	0.06114970	0.48988784
1000	1022	199	3	1.02404241	6.42825536
1000	1022	199	4	0.13009149	0.74945020
1000	1022	199	5	1.67750132	8.16958775
1000	1022	199	6	0.11355407	1.28889738
1000	1022	199	7	1.13055199	6.52878829
1000	1022	199	8	3.29007676	18.67477780
1000	1022	199	9	3.97511345	11.54668641
1000	1022	199	10	0.61889746	1.48840354
1000	1022	199	11	1.45223753	4.55931142
1000	1022	199	12	0.12868544	1.34286888
1000	1022	199	13	0.25249238	3.18386619
1000	1022	199	14	3.81918809	11.33591038
1000	1022	199	15	0.25668438	0.55615058
1000	1022	199	16	0.62557590	2.11766368
1000	1022	199	17	0.27870744	1.45997411
1000	1022	199	18	1.76501700	6.68520455
1000	1022	199	19	2.09449149	7.22285380
1000	1022	200	0	0.06801074	2.21753439
1000	1022	200	1	2.47725566	26.43514372
1000	1022	200	2	0.05816675	0.45557312
1000	1022	200	3	1.03413210	6.59938975
1000	1022	200	4	0.12174589	0.69546446
1000	1022	200	5	1.76034974	8.55186036
1000	1022	200	6	0.10617850	1.21773086
1000	1022	200	7	1.13363551	6.56040210
1000	1022	200	8	3.30840957	18.77892677
1000	1022	200	9	3.97801001	11.56282597
1000	1022	200	10	0.65981581	1.59128523
1000	1022	200	11	1.49038878	4.71812372
1000	1022	200	12	0.12110436	1.27349531
1000	1022	200	13	0.22721986	2.94809024
1000	1022	200	14	3.77364925	11.25532205
1000	1022	200	15	0.29308383	0.62047021
1000	1022	200	16	0.58796079	2.03120330
1000	1022	200	17	0.30076194	1.55380155
1000	1022	200	18	1.88733617	7.12186902
1000	1022	200	19	1.95959344	6.89054347
