time	gene_0	gene_1	gene_2	gene_3	gene_4	gene_5	gene_6	gene_7	gene_8	gene_9	gene_10	gene_11	gene_12	gene_13	gene_14	gene_15	gene_16	gene_17	gene_18	gene_19	gene_20	gene_21	gene_22	gene_23	gene_24	gene_25	gene_26	gene_27	gene_28	gene_29	gene_30	gene_31	gene_32	gene_33	gene_34	gene_35	gene_36	gene_37	gene_38	gene_39	gene_40	gene_41	gene_42	gene_43	gene_44	gene_45	gene_46	gene_47	gene_48	gene_49
0	0.28192829862882424	0.05610464354526409	0.6223730606849993	0.47808920678495975	0.3686722117294599	0.11827090514212922	0.5354205672737335	0.4058679534222745	0.5641564828783965	0.5915560040900587	0.4508207513263548	0.4997035097961876	0.3190639700678195	0.8744790138825783	0.6515578355289244	0.9169605166856257	0.22981116472334656	0.6055923592444443	0.2094186562641333	0.695037358926506	0.2955182690010793	0.49553833688592813	0.6954299406901686	0.8825702653780647	0.4895804275344205	0.1954623917560399	0.4767360895595317	0.43433282031172116	0.691018295271459	0.34628053522258806	0.5777257545911795	0.44194503776405514	0.15077457005143508	0.9249910348711541	0.6835509301471151	0.6040311152028136	0.48104331735037026	0.6254284288810424	0.1736082000840602	0.5465656911821676	0.30819068048694054	0.647731630449639	0.17433056564029087	0.5723842093061793	0.39265886517701326	0.37149587226475705	0.8420989343719183	0.10295045655940123	0.06655530076038087	0.6694206696063111
1	0.2756971476659244	0.05574088759431663	0.6029904712838305	0.4988789691786229	0.3669465523359266	0.119806336852948	0.5448501280993585	0.40184395075397644	0.5505054184461896	0.5920298429835739	0.4344225333702248	0.5079758392954009	0.34809739134091966	0.8707139600420394	0.6549600206807339	0.929150623108762	0.23344043672411577	0.6022431275071676	0.19967978477381146	0.7099115479762007	0.29405867868290353	0.49476215434934445	0.7072545528004098	0.8824562656132537	0.4936659741067954	0.1980054120579407	0.47834423904682116	0.4386877907375988	0.6852598083295195	0.3580936977950673	0.5671035036480414	0.4405087895405364	0.15059673997778544	0.9247312148470417	0.6782880910173125	0.6202726736209617	0.46456357356944294	0.6026702306237948	0.17799639124033764	0.5414037795395088	0.30061354153510406	0.6361955744654568	0.1687210321639703	0.573115796556388	0.3833458065965663	0.37849210060718524	0.8370812619111562	0.1077415232459035	0.06566902269440533	0.6520182623360712
2	0.2754078997117157	0.05557146688298934	0.602139602956849	0.4976835791279565	0.3668345193383199	0.11986337506149859	0.5443019428643411	0.4011397639687068	0.5513062246803281	0.5916944820131942	0.4355270003376521	0.5083156336259518	0.34752211039581804	0.870553309345534	0.6551523380137907	0.9283255356958313	0.23352789660094375	0.6022078778883327	0.19993498151812802	0.7088472269999452	0.2941484724168194	0.4948210178265635	0.7065779746588492	0.8824718282321684	0.49343833748341626	0.1981157528009543	0.4784277299581593	0.4388318747076816	0.6850114512395645	0.3574028941172708	0.5677280097461753	0.44042167233367624	0.1506531153444922	0.9245581208371683	0.678041375936002	0.620015911782569	0.4655293542238059	0.6036838500991473	0.1777343423375232	0.5418300706358252	0.30026223906170235	0.6366495496662599	0.16847514557093468	0.5735596918263299	0.38387863740928496	0.3780891576702563	0.8371561504895891	0.1078123577048213	0.06562520045032509	0.653056880594975
3	0.27693247822512607	0.055353749956780336	0.601788747742129	0.49794963327330466	0.3698065256432396	0.12071321136485	0.5422428111607368	0.4005360952778276	0.5554304918955844	0.5911178151676455	0.4392184355332498	0.5100756054265473	0.3430598958459217	0.8700583121992168	0.651587984379862	0.9256104717369208	0.23322170283356058	0.5931637932244747	0.20149361731885831	0.7054082790182223	0.29597082252135853	0.49915246108824307	0.705373699786342	0.8807993571396998	0.49566691301341537	0.19822833397289905	0.4773614060183704	0.442598008779382	0.6846318183436907	0.3553789109672893	0.5713532320647221	0.44239299030970614	0.15076194536818996	0.9243211141071136	0.6793027007746487	0.6176649369815925	0.4715894139591048	0.608024970940228	0.17550009450601708	0.5431147956065098	0.3020861063594987	0.6387546512915708	0.16879776048784492	0.5741581307480567	0.3837399987354395	0.37832209291112373	0.8378854467936835	0.10733113574079327	0.06605777697738352	0.6610182162975609
4	0.27787258143229115	0.055167515999420186	0.6009676722528234	0.4985128266907014	0.3719383475459738	0.12138354765902064	0.5408978527261161	0.3999200419252074	0.5582103089948992	0.5906692738004505	0.4416580508655245	0.5116019189929673	0.34044647723299465	0.8695843541785001	0.6490666527670674	0.9237541317639564	0.23309442193958005	0.5864051605744566	0.20243861320755102	0.7031097146441624	0.2972861020840272	0.5023168602194199	0.7046961507598163	0.8795587609438357	0.4973744363570462	0.19838448123309724	0.47662731611397346	0.4454849805460535	0.6841867764928827	0.3541066392672052	0.5738205128158732	0.4437957049247858	0.15084372382405659	0.9241214483976519	0.6800725202708199	0.6162974591741314	0.4757494421754039	0.6107602754227712	0.17395187928683187	0.5439794558073495	0.3032072920433369	0.640067141498049	0.16887454908845098	0.5746631173720624	0.38347425378868444	0.3786172548448226	0.8383055717870136	0.10710382536556765	0.06635047533208804	0.6664972069874422
5	0.2786080921253293	0.0549826155366795	0.599537514289332	0.49986080250167014	0.3739969555211319	0.12209909630840471	0.539927848693253	0.3992193818225656	0.5604334784986232	0.5902639438139876	0.44343593159165395	0.5133716245110878	0.338915388419714	0.8689927706535963	0.6466728794974658	0.9223604263164168	0.2330882629798097	0.579581108591292	0.203025902508792	0.7014107697263036	0.29853247484331463	0.50541243793749	0.7044736109832773	0.8783171393616522	0.49921645006299836	0.1986196598201798	0.4759520157437998	0.44848179749431477	0.6835635216134905	0.3533022392772198	0.5758503244135172	0.44513858705960707	0.15091479446380893	0.9239259531626558	0.6806671305291953	0.6155175308245886	0.47923333182688593	0.6126084148547398	0.172597939147748	0.544628724559356	0.3040799275552009	0.640936011517617	0.1687760294760289	0.5751583501893374	0.38285911437298553	0.37917625335634525	0.83854179921811	0.10704192671902238	0.06661303068255683	0.6712129405319618
6	0.2791601774598784	0.05481299364569102	0.5978427640158526	0.5015844954240036	0.3758508850817314	0.1227880007575049	0.5392633966477316	0.3985211599456295	0.5621425146975826	0.5899165086032684	0.4446691132488893	0.515152730013475	0.33816414901535086	0.86837360739613	0.6445430352405221	0.9213674110771616	0.23315697575774733	0.573241971118401	0.20334690937810537	0.7002137892716378	0.299639904979428	0.5082241405734037	0.7045476102588771	0.8771688626862048	0.5009971713647775	0.1988852593051882	0.4753655362104935	0.451313540999566	0.6828788135464404	0.35284660518045896	0.5774539908555089	0.44634009158805704	0.15097378871728717	0.9237480381744395	0.6811078128994837	0.6151595621148944	0.48203073774172384	0.6137705037852387	0.17146886812098086	0.5450954956914095	0.30473134836112364	0.6414657594030957	0.16857756815268643	0.5756092395592346	0.38207834037190835	0.3798536610365327	0.8386471153541308	0.10708625947238522	0.06683663422564053	0.6750927430125109
7	0.2795804256998803	0.054677887541877274	0.5961067410373796	0.5036243244582208	0.377483888703965	0.12342210254618605	0.5389056511212117	0.3979220471185304	0.5633228361578274	0.5896588963315741	0.44534059795930636	0.5168324151547301	0.33807311688201197	0.8677758745303115	0.6426822881328512	0.9208082367996225	0.23326963835041445	0.567540453261504	0.20343226630764621	0.6995445301039535	0.30058787664155434	0.5106985691601422	0.7049017912830047	0.8761377268157723	0.5026769908708246	0.19915132248633563	0.47486209072981306	0.4538867703772148	0.6822019922882512	0.3527330305456707	0.5786151367564001	0.4473933986854727	0.15101592394540045	0.9236075320082346	0.6814393780637835	0.6151533023782425	0.4841072900384586	0.6142818703686116	0.17057754225428862	0.5453668571610333	0.30522463330053123	0.6416797835886421	0.16833764336983414	0.5759656045841846	0.38115905044727016	0.3806277456133275	0.8386443562369089	0.10720038794098746	0.06702591687221544	0.6780979082769191
8	0.2798756002368088	0.05457335067518595	0.5944807383830729	0.505664041463631	0.3788328934927806	0.12396749170699255	0.538762880364815	0.39742542039463774	0.5640811811560756	0.5894745305805107	0.4456186115980055	0.5183072665273654	0.33839591816988956	0.8672406132522229	0.6411573574455764	0.920559975680268	0.23340172251460523	0.5627389828559178	0.2033660389770998	0.6992483825766574	0.3013539738679929	0.5127451322756359	0.7053892822791231	0.8752706724552447	0.5041423815946297	0.1993964363341139	0.47445643558251555	0.45607477498486354	0.6815847408534983	0.35283279883048435	0.5794071974766813	0.4482597039752847	0.15104473859571102	0.9234998623673979	0.6816689618791871	0.6153647319312106	0.48556478483021337	0.6143566301560317	0.16990860528567123	0.5454988541802889	0.30556876083684315	0.6416841991315572	0.1680884034181381	0.5762390499308302	0.3802425713470876	0.3813882940385458	0.8385750365937097	0.10734990835547727	0.06717619255737456	0.6803107643823872
9	0.2800411173321955	0.05448610863215764	0.5930571589258137	0.5073484589945654	0.3798431318187158	0.12439852618682844	0.5387141036269941	0.39699439703592065	0.5645718202052998	0.5893280384542899	0.44573056340563616	0.5195062006399047	0.3388612617371179	0.866795573303987	0.6400288934516581	0.9204451672460611	0.23353437371279548	0.559048476323789	0.20324500491993222	0.6991115513400968	0.3019284226206259	0.5142976276167095	0.7058344402513955	0.8746069382322054	0.5052836316547044	0.1996071916640426	0.47416326038903533	0.45778068786294834	0.6810600607555021	0.35298382111216975	0.5799426629447262	0.44890485623812404	0.15106691298690536	0.9234104623777325	0.6817938121203323	0.615648744096305	0.48656942516876517	0.6142595127533129	0.16942791254609613	0.5455702920174558	0.3057587786724175	0.6416077348685801	0.1678470653821486	0.5764662069265555	0.37948694556439677	0.3820123012011159	0.8384837122275591	0.10750533461309948	0.06728213245488639	0.6818827020841208
10	0.2800819081920166	0.05440481545335818	0.5918682912551642	0.508473616737571	0.3805072457290323	0.12470907779711175	0.5386705246305351	0.39659342561379873	0.5649210463659485	0.5891907958257551	0.4458433282846534	0.520411322705011	0.33928233415779346	0.8664491135937873	0.6393040443650719	0.9203314724981079	0.23365667934873455	0.5565086101006709	0.20313662496010806	0.6989762036183883	0.3023219224269894	0.5153564408422785	0.7061247842591452	0.8741548073419988	0.506056956200741	0.19977918762035834	0.4739832427963212	0.4589854657750574	0.6806383644453932	0.3530738128069369	0.5803190862628792	0.4493249933502188	0.15108773977328077	0.9233269014416211	0.6818183749719111	0.6159063240761136	0.48727230676045075	0.614179861154274	0.16909625061425912	0.5456396304733945	0.3058007816182636	0.6415418900577528	0.16762116497864957	0.5766782498018028	0.37898238665935435	0.3824301004487713	0.8384007498062988	0.10764846515621777	0.06734361601492003	0.6829701220477796
11	0.28002070517670175	0.054323933978865376	0.5909071896027168	0.5090155400101601	0.3808702978596407	0.1249119412694189	0.5385874144893389	0.39620511649339507	0.5652108837493283	0.5890487668311581	0.44603880500634124	0.5210504925042292	0.3395671591011561	0.8661936966227636	0.6389288652203677	0.9201535478278019	0.23376325696027253	0.5549815445060733	0.20307396036773984	0.6987648046477455	0.30256470995363627	0.5159898096096444	0.7062260602661898	0.8738892924875512	0.50649135982332	0.19991436516142116	0.4739002903950253	0.4597468843121331	0.6803133819824697	0.3530555036448036	0.5806066767214032	0.44955002643676395	0.15110981490409847	0.9232430714071078	0.6817612257464815	0.6160889096859915	0.4877899233672019	0.614210621895044	0.16887376388352976	0.5457355464017905	0.30572195525106693	0.6415315869761749	0.16741493373079722	0.5768904467341865	0.3787388832618467	0.38263549538923947	0.838341089823852	0.1077702884464538	0.06736717189830192	0.6837167591011741
12	0.2798913848639148	0.05424279768217578	0.5901543899098189	0.5090578298880047	0.3810042928453783	0.1250289723057039	0.5384505783962689	0.39582906464240075	0.5654887301622099	0.588899439799326	0.4463397317129325	0.5214713184510223	0.3396836508902112	0.8660151216711665	0.6388174196681443	0.9198931006655329	0.23385107877022782	0.554241212874615	0.20306795843745287	0.6984560821843341	0.30269520251543797	0.5162982014630884	0.7061531401033895	0.8737683078406671	0.5066552023863327	0.20001690689064286	0.47388938040593087	0.4601595385769688	0.6800726010046942	0.3529247106340407	0.5808521672637643	0.4496272411200234	0.15113365654882072	0.9231581546574104	0.6816498798596854	0.6161792629241174	0.4882060180965557	0.6143799922891333	0.16872445610542106	0.5458656395883592	0.30556275732875016	0.641590782685318	0.1672329588569994	0.5771047894816129	0.3787186945527237	0.3826601124787321	0.838310109561714	0.1078664233030971	0.0673630018467836	0.6842437889928557
13	0.2797262632514547	0.054163169695320174	0.5895876442553084	0.5087196733386324	0.3809798823771228	0.1250821131886942	0.5382634953261234	0.3954729061012131	0.5657757036238553	0.5887463157144505	0.44673560376520066	0.5217217497475888	0.3396356773101559	0.8658986674696071	0.6388855169799792	0.9195582167272723	0.23391895541079058	0.5540638262453677	0.20311656933981642	0.6980602738296222	0.3027481145012192	0.5163776980174355	0.7059417340521842	0.8737498754845563	0.5066223288173193	0.20009132724337844	0.4739261963391343	0.46031715040227766	0.6799027977113608	0.35269905704293686	0.5810815672681544	0.4496028765137466	0.15115868294723833	0.9230740222828003	0.6815105513320838	0.6161789983920062	0.48857169323753147	0.6146789298254802	0.16862133943152605	0.5460257850393815	0.3053617592476556	0.6417155166151759	0.1670789020206157	0.5773165680907476	0.3788684510276239	0.38254767585964844	0.8383073892967073	0.10793572352621848	0.06734102211875016	0.68463745730659
14	0.2795479893958178	0.05408716841754151	0.5891805368644444	0.5081166043083817	0.38085201618808073	0.1250894592134219	0.5380389372297285	0.39514399942083817	0.5660738697772338	0.5885945100758802	0.44719976830160724	0.5218432339193831	0.339450698758906	0.865830905097865	0.6390682732605822	0.9191697069693157	0.23396803104960598	0.5542710848511243	0.20320974354260912	0.6976026405886872	0.3027491166655898	0.5163027547117266	0.7056322209972239	0.873800642421995	0.50645496001336	0.20014234104338913	0.47399230336518905	0.46029558476769294	0.6797909221051737	0.35240497205622634	0.5813040006346597	0.4495127244057718	0.1511839690759287	0.9229930249169185	0.6813615473324542	0.6161024603993857	0.48890941149836237	0.61507801395641	0.1685478436205828	0.5462064978739392	0.3051459310656068	0.6418917131896243	0.16695317890308548	0.5775199374040753	0.3791365708119837	0.38234001034760323	0.8383285396851226	0.10798035592117203	0.06730865010696314	0.6849472848597147
15	0.2793688319833673	0.05401634220594653	0.5889034130164423	0.5073449233972508	0.3806580984541045	0.12506459150391674	0.5377929784094886	0.39484619466582027	0.5663743285840515	0.5884485363311027	0.44770086394523945	0.5218693746241492	0.3391680377555749	0.8658001969408665	0.6393223100581531	0.9187521479287752	0.23400131220204132	0.5547363606074557	0.20333370754305596	0.6971126151131729	0.30271498058627155	0.5161246440890606	0.7052616198264898	0.8738971674270091	0.5061995488394353	0.20017470100272647	0.47407573839728706	0.4601503307824417	0.6797245474451261	0.3520698645443448	0.5815177875363625	0.4493809652419292	0.15120864675695975	0.9229169722366725	0.681212685380015	0.6159706351660319	0.48922225665729663	0.6155400407265741	0.1684956713285247	0.5463970092311196	0.30492979328517233	0.64210120235977	0.16685296769104507	0.5777104607226714	0.37948012426630695	0.38207163362792484	0.8383670721149057	0.10800488367466211	0.06727055565925785	0.685194963749719
16	0.2791940087919483	0.05395161444182003	0.5887280469990697	0.5064779418712045	0.3804217915905969	0.12501711634064555	0.5375408556449129	0.39458049420095054	0.5666644434382616	0.5883117485838806	0.4482100651796113	0.5218258097852335	0.3388274928919982	0.8657971628485783	0.6396208277446152	0.9183283050137956	0.23402243649073878	0.5553753129508908	0.20347476772176093	0.6966171205225629	0.3026559132697494	0.515876436876163	0.7048599993662683	0.8740240514730174	0.5058884670661415	0.20019266516361356	0.47416940356460335	0.4599196168132189	0.6796929394160077	0.35171755349908485	0.5817165243164065	0.449222753647417	0.15123203422213385	0.9228470245248744	0.6810680356486581	0.6158049776000718	0.48950393437927137	0.6160294828221506	0.16846154539134187	0.5465876310132134	0.3047194312412472	0.6423264468871955	0.1667739719301136	0.5778853483705617	0.3798664523935896	0.3817686197642848	0.8384163291981173	0.10801455997815898	0.06722938584548438	0.6853862219899112
17	0.27902527932916116	0.05389348008691716	0.5886313828051136	0.5055678334796133	0.3801577937362969	0.12495359152745768	0.5372947095865239	0.3943465322270156	0.5669326952761436	0.5881864183679107	0.44870475016978073	0.5217310198472684	0.3384619176285108	0.8658147987108745	0.6399475547690012	0.9179162760811255	0.23403465417886696	0.5561330860956581	0.20362170340982538	0.6961372548295542	0.30257807174246304	0.5155790905494865	0.7044496009878722	0.8741714015721287	0.5055434582226987	0.20019960852293706	0.4742691632879022	0.4596290126115916	0.6796877541972134	0.35136624863342425	0.581893443378108	0.4490474211747715	0.15125364919741802	0.9227838660915857	0.6809288788095493	0.6156233054241301	0.4897462307683913	0.6165178892668962	0.16844444579176904	0.5467708594412325	0.3045168189336819	0.6425533165487847	0.16671206080268774	0.5780429970096239	0.3802723122479867	0.381449427923715	0.8384707760360561	0.10801398617523716	0.06718660575982542	0.6855204869551954
18	0.27886323148506753	0.05384215108623692	0.5885964483245899	0.5046497745936955	0.3798756146744466	0.1248784805125443	0.5370628973011413	0.3941434372379036	0.5671709933176351	0.5880739042048871	0.4491694584012933	0.521597910140604	0.33809460984545947	0.8658481329277831	0.6402921036262778	0.9175286594097635	0.23404039816070482	0.5569732678001568	0.20376658790273383	0.6956874397196027	0.3024854624592908	0.5152463931333581	0.7040455638722937	0.8743326957971237	0.5051790096782738	0.2001979861832247	0.47437244286723007	0.45929574056969324	0.6797029699264611	0.35102837086235733	0.5820436957067877	0.44886097545931225	0.15127319044294138	0.9227278450449187	0.6807955815181725	0.6154383212302142	0.48994311686906716	0.6169855324812663	0.168443858939829	0.5469416222413942	0.304322562507547	0.6427719649787218	0.16666402049380158	0.5781826269662305	0.38068202119792754	0.3811264802204153	0.8385264661025944	0.10800656222476919	0.06714309641810422	0.6855967635570617
19	0.27870829632897304	0.053797625756462915	0.5886113383896645	0.5037464416947515	0.3795819590293806	0.12479492491550938	0.5368503162981855	0.3939700846359533	0.5673750891190481	0.5879748072167967	0.4495951665203787	0.5214355483057094	0.33774000798273857	0.865893670365355	0.6406471481650458	0.9171730098837942	0.23404129761646492	0.5578702096212032	0.2039045398286207	0.6952760900018586	0.3023810891710319	0.5148882057325747	0.7036573758111276	0.8745033412661697	0.5048049480674485	0.20018952087510317	0.4744774229613236	0.45893192366259516	0.679734359555915	0.3507114196713918	0.5821649984696079	0.4486676539249761	0.15129051018695844	0.9226790465040609	0.6806684197218998	0.6152579598250162	0.49009212114417716	0.6174206122078133	0.168458960312647	0.5470970137725596	0.3041371095556131	0.6429764558778203	0.16662760487870054	0.5783040960084427	0.38108545231203184	0.38080780605157877	0.8385809334207781	0.1079945240651467	0.06709948036199004	0.6856161680657891
20	0.278561003812562	0.053759724049990174	0.5886675836317489	0.5028718939651227	0.3792820088476622	0.12470527534161509	0.5366591788710158	0.39382508011500805	0.5675439668576022	0.5878891190403082	0.44997783407887304	0.5212506021336691	0.3374058190075761	0.8659488631092161	0.6410069781002208	0.9168528933622224	0.2340383857393939	0.5588044126970978	0.20403300678643657	0.6949069501500262	0.3022675205727701	0.5145122789007899	0.7032904343005127	0.8746798351884466	0.5044281865524664	0.20017544718861285	0.4745826596650803	0.4585466916031773	0.6797788782151403	0.3504192108043621	0.5822573487187142	0.44847074406265336	0.15130558285007983	0.9226373360610657	0.6805477763705159	0.6150865313396083	0.49019408882439885	0.6178174057695589	0.16848840857463307	0.5472358093205693	0.3039610459010864	0.6431638481108416	0.16660127521404	0.578407792366262	0.38147630801133586	0.38049842843293397	0.8386328355474635	0.10797923775372947	0.0670562618435371	0.6855823420252918
21	0.27842191736108723	0.053728115254855394	0.5887586914576327	0.5020345050812404	0.37898002581166645	0.12461141396394883	0.536489841091415	0.39370669816551396	0.5676789060706822	0.5878163623670187	0.45031688438028844	0.5210483363960676	0.33709529413605055	0.8660117151960683	0.6413668672109866	0.9165690342300206	0.23403233175329421	0.5597600542140027	0.2041509975954134	0.6945804962265573	0.30214710988329857	0.5141251388824879	0.7029473790929399	0.8748593307812359	0.5040538005567854	0.20015671789807557	0.4746869404704229	0.45814739863715476	0.6798341652271421	0.350153051159135	0.5823223903238948	0.44827295835012243	0.15131847441990728	0.9226023966835885	0.6804340769522378	0.6149259522213834	0.4902522963513187	0.6181743227332124	0.16853043628483128	0.5473579625485059	0.3037950088646815	0.6433332290233467	0.16658389396746784	0.5784945457273455	0.38185081817590477	0.3802013940928074	0.8386815697625549	0.10796152513604024	0.06701387032662262	0.6855008922437668
22	0.27829149406337855	0.053702346970436785	0.5888791374916701	0.501238971130234	0.37867959217472386	0.12451492849469982	0.5363414929694922	0.3936128637187566	0.5677826013130571	0.5877557176742266	0.4506139447818007	0.5208332088874102	0.33680906168305474	0.8660805346995021	0.6417228491254098	0.916320294543285	0.23402362185252387	0.5607238097243391	0.20425845819627586	0.6942951055829379	0.3020220405704884	0.5137324514416847	0.7026290824886869	0.8750394386099394	0.5036856424414777	0.20013414268512097	0.4747892478219372	0.45774025084576786	0.6798982159756246	0.34991266320540043	0.5823627719023274	0.44807657783951665	0.1513293155652117	0.922573766114385	0.6803276669356119	0.6147767373332611	0.49027149234307527	0.6184923157979595	0.16858303505666022	0.5474641868674678	0.30363951403926703	0.6434849260717367	0.16657448939850236	0.5785655370391026	0.38220684927914617	0.3799184704865531	0.8387269645520196	0.10794192015862092	0.06697266427724671	0.6853785718275115
23	0.278169974746551	0.05368187654096277	0.58902380550048	0.5004875883764126	0.37838368487384244	0.12441719217340277	0.5362126613210977	0.39354119275678184	0.5678584781982721	0.5877061330082353	0.45087192418509575	0.520609169735235	0.33654638641484874	0.8661538047767358	0.6420716649496845	0.9161044104459868	0.23401267287461924	0.5616843800351348	0.20435583629291096	0.6940479205223051	0.30189430112569665	0.5133391269033519	0.7023353202026235	0.8752181501743855	0.5033266691701451	0.20010846385358172	0.4748887605281495	0.4573305812748466	0.679969205167552	0.3496968351831921	0.582381629987394	0.44788349236811564	0.15133827946263487	0.9225508753681677	0.6802287168036779	0.6146386794839731	0.4902571039935748	0.6187737505146194	0.16864413729533448	0.5475556449825922	0.30349482043213316	0.6436199491387813	0.16657211647494094	0.5786222051020274	0.3825433379151573	0.37965058495979587	0.8387690690444143	0.10792083390059679	0.06693292437503257	0.6852225332413626
24	0.2780573334452875	0.0536661038329798	0.5891877669110676	0.49978103226376325	0.37809469161312736	0.12431939176001935	0.5361015472813586	0.39348907998497484	0.567910216510404	0.5876664175585626	0.4510943854973378	0.5203797721746447	0.3363059361541938	0.8662301348788656	0.6424107582259734	0.9159185078222627	0.2339998887357029	0.5626323440672779	0.2044438096076353	0.6938354423932567	0.3017656434206693	0.512949322708257	0.702065200375236	0.8753938143471754	0.502979111219709	0.20008038585383306	0.4749848592899066	0.456922941894415	0.6800454184582726	0.34950384728505074	0.5823822214968387	0.44769520745564856	0.1513455639477742	0.9225330872450117	0.680137178330599	0.6145112595004631	0.4902146642558572	0.6190216718992685	0.16871175806632308	0.5476337332061144	0.30336086868157464	0.6437396324084981	0.16657579995013874	0.5786661525864936	0.38285994569814913	0.37939809036241207	0.8388080266312405	0.10789864169598803	0.0668948489460539	0.6850397634152418
25	0.27795328318682866	0.05365440356328579	0.5893662744383611	0.4991188351747614	0.3778144253905486	0.1242225325953399	0.5360062406122158	0.3934538137946661	0.5679414438314871	0.58763532076863	0.45128513745603294	0.5201481829564626	0.3360861944096285	0.8663082573588912	0.6427382573036341	0.9157594491919463	0.23398567699793385	0.563560110734861	0.20452313283462722	0.6936539238680919	0.3016375511187901	0.5125664303956966	0.7018174318374897	0.875565126845274	0.5026445688624785	0.20005057646116647	0.47507712219888465	0.456521122940613	0.6801252491798018	0.3493317396295035	0.5823676861047852	0.44751285329687185	0.15135137723454006	0.9225197332735355	0.6800527888302891	0.6143938625999604	0.49014943958598983	0.6192393609551146	0.1687840895148637	0.5476999367496823	0.3032372879384908	0.6438454216749847	0.1665845340471361	0.578699055506621	0.3831568476639133	0.37916092740092544	0.8388440089306146	0.10787571558271329	0.06685855602986511	0.6848367114500371
26	0.277857322283218	0.05364615509482195	0.589554863282451	0.49849970068848337	0.37754416086371845	0.12412743849279172	0.5359248500978593	0.39343269821280746	0.5679555548996862	0.5876115978537592	0.45144797677215165	0.5199171542622012	0.3358856482260592	0.8663870435348578	0.6430529240263644	0.915624061726968	0.23397044219785787	0.5644618518402965	0.20459456121233074	0.6934996215741231	0.3015112281018431	0.5121930879750992	0.701590494493551	0.8757311132613931	0.5023240860099241	0.20001965421178533	0.4751653070101201	0.45612816349054497	0.6802072257017073	0.34917847761525456	0.5823409081266899	0.44733720975987973	0.15135592661841776	0.9225101471773451	0.6799751096991347	0.614285872189035	0.49006621562292707	0.6194300828087078	0.16885955245732573	0.5477557345215399	0.30312345187142997	0.6439387571223772	0.1665973137609979	0.5787225809982405	0.38343459292108517	0.37893873203727946	0.838877187789967	0.10785242421225563	0.06682409214994899	0.684619081221084
27	0.27776880187633596	0.05364076767172148	0.5897494820421859	0.4979217350222426	0.37728469532513487	0.12403475540375185	0.5358555796329707	0.3934231643016382	0.5679556176221601	0.5875940615712864	0.45158652951765477	0.5196889947787328	0.3357028501334007	0.8664655223563552	0.6433540706778449	0.9155092840959351	0.233954569102322	0.5653333733483433	0.20465881848745857	0.6933689550518034	0.3013876070928554	0.5118312286095551	0.7013827527793601	0.8758910997665131	0.5020182244550478	0.19998817244976658	0.4752493230068792	0.45574638240714815	0.6802900455524795	0.34904205370448405	0.5823044488924938	0.4471687481199809	0.15135940984850824	0.9225036929412711	0.6799035828667953	0.6141866958914994	0.48996919685822893	0.6195969526276432	0.16893681443191857	0.5478025377714206	0.3030185602926177	0.6440210138563397	0.16661317757101457	0.5787383182741531	0.383694001716217	0.3787309157844403	0.8389077281734723	0.10782911762485263	0.06679144569680705	0.6843917493663274
28	0.2776869973077618	0.053637699572513554	0.5899466041271993	0.4973826346008431	0.37703642628250494	0.12394496176059981	0.5357967700616876	0.39342285845472225	0.5679443356290725	0.5875816198706996	0.4517041576636422	0.5194655585950673	0.33553642123000266	0.8665428924649837	0.6436414582253743	0.9154122577412426	0.23393840496856388	0.5661719277585976	0.20471658737501577	0.6932586027542025	0.3012673736179334	0.511482159436732	0.701192535538553	0.8760446734097794	0.5017271437911209	0.19995660631453377	0.47532919775911137	0.45537743613378395	0.6803726021055869	0.34892055018804	0.582260525766936	0.44700768355481707	0.15136200899735394	0.9224997860231603	0.6798375904211058	0.6140957611254974	0.4898619824647751	0.619742869702545	0.1690147844596727	0.5478416522121023	0.3029217252540245	0.6440934747689321	0.16663124743608315	0.5787477264429425	0.383936081680235	0.3785367319721512	0.8389357902717762	0.1078061088447365	0.06676056214617611	0.6841587691735983
29	0.27761117073984376	0.05363647051942518	0.5901432952134391	0.49687984395865603	0.3767994344175982	0.12385838490041519	0.5357469195346612	0.39342970121618476	0.5679240457491233	0.5875732996964973	0.45180390906753987	0.5192482573781466	0.3353850355974735	0.8666185241517547	0.6439151911104666	0.9153303793030367	0.2339222460199538	0.5669759909635319	0.20476850922648274	0.6931655548200892	0.301150998869962	0.5111466574537773	0.7010181941821299	0.8761916371464595	0.5014506835024066	0.19992534565423525	0.4754050440318132	0.4550223976799437	0.6804539974414304	0.3488121772887581	0.5822110198284471	0.44685403064247436	0.15136388664514608	0.9224979071187891	0.6797765068200632	0.6140125025845979	0.48974758877948815	0.6198704890822555	0.16909259371317129	0.5478742568955842	0.3028320464170768	0.6441573201359742	0.1666507580320256	0.5787521007169147	0.3841619570487578	0.37835533241444164	0.8389615338702834	0.10778365921651946	0.0667313586519556	0.6839234266471969
30	0.2775406182999521	0.05363666761926639	0.590337231205715	0.4964106867654299	0.3765735622045755	0.12377522141614508	0.5357046902477637	0.3934419162196975	0.5678967357127239	0.5875682582672747	0.45188849710646595	0.5190380932879599	0.33524740623430704	0.8666919514911358	0.6441756207175486	0.915261325297709	0.2339063301832882	0.5677450306946591	0.20481518595180184	0.693087135495068	0.3010387756321158	0.5108250692630929	0.700858144747575	0.8763319648723592	0.5011884412033801	0.1998946943834228	0.4754770306339061	0.45468184672380946	0.6805335405961428	0.3487152947286119	0.5821574995445523	0.4467076553592747	0.15136518409332272	0.9224976088502916	0.6797197380510916	0.613936352676772	0.489628497213835	0.6199822133551512	0.16916956926817933	0.5479013952840016	0.3027486676075422	0.6442136252822985	0.1666710723867145	0.5787525561256417	0.3843728097242123	0.3781858150251151	0.8389851215610257	0.1077619703548624	0.06670373638796775	0.6836883231351164
31	0.2774747001876535	0.05363794585674961	0.5905266733864762	0.4959724696508051	0.37635848202382316	0.12369555900427164	0.5356689064011914	0.3934580333591487	0.5678640725733555	0.5875657840900581	0.4519603007849819	0.51883570628779	0.3351222795205452	0.866762856986039	0.6444232645150175	0.9152030569086865	0.2338908359275927	0.5684792882108265	0.20485718137833836	0.6930210041267397	0.30093085302915357	0.5105174047851034	0.7007108967301409	0.8764657603499384	0.5009398419938779	0.1998648752673508	0.4755453591184569	0.4543559610674152	0.680610733787146	0.34862842150891316	0.5821012521126407	0.4465683195894257	0.1513660212162346	0.922498516518849	0.6796667464543855	0.6138667384678138	0.4895067134848303	0.6200801954557021	0.16924520587604314	0.5479239751414773	0.30267081272508284	0.6442633620561397	0.16669168478755161	0.5787500259235916	0.38456983241422876	0.37802726197357334	0.8390067197397159	0.10774118278840558	0.06667758993636126	0.683455467079145
32	0.27741285573106716	0.05364002456393532	0.5907104132861871	0.49556255939933086	0.3761537512891472	0.12361939780130901	0.5356385464670239	0.3934768727564497	0.5678274359663893	0.5875652904641355	0.45202137878185816	0.5186414287211517	0.33500843791642965	0.8668310517477754	0.6446587430084944	0.9151538108651236	0.23387588583078808	0.5691795862622466	0.20489502153996605	0.692965141398321	0.3008272676598439	0.5102234192925782	0.7005750707419618	0.8765932221067708	0.5007041962223318	0.19983603842223147	0.47561024662792023	0.45404460225060156	0.6806852506441333	0.3485502370179587	0.5820433173612107	0.4464357166718581	0.15136649750448822	0.9225003244759132	0.6796170629081921	0.6138030845025826	0.4893838295644376	0.6201663480192221	0.16931913871675366	0.5479427745570646	0.3025978034572899	0.6443074023188323	0.16671221390002564	0.5787452708425961	0.3847541936538785	0.3778787684112936	0.8390264976363608	0.10772137984347398	0.06665281375792964	0.6832263643825891
33	0.27735460711745524	0.0536426813427592	0.5908877006806309	0.4951784361180341	0.37595885489367314	0.12354666989473863	0.5356127318710997	0.3934975165789292	0.5677879527153367	0.5875663042146277	0.45207349248820144	0.5184553410878601	0.3349047076470707	0.8668964540027342	0.644882733215156	0.9151120811552848	0.2338615531138935	0.5698471682762026	0.20492919437290524	0.6929178260214103	0.30072797014690494	0.5099426818250716	0.7004494070346653	0.8767146148316777	0.5004807452442026	0.19980827176694804	0.4756719141264047	0.4537473912556725	0.6807569104828071	0.34847957584380185	0.5819845213235308	0.44630949836421613	0.15136669386611595	0.9225027897136568	0.6795702895284507	0.6137448192226659	0.489261083617163	0.6202423570526074	0.16939111859523961	0.5479584518988871	0.30252906333521196	0.6443465228017895	0.16673238966268306	0.5787388952182929	0.3849270135882805	0.377739462603238	0.8390446251404853	0.10770259480347107	0.06662930622300757	0.6830021020261331
34	0.2772995557931071	0.05364574471468746	0.5910581659004172	0.494817726590197	0.3757732368689904	0.12347725637347848	0.5355907136262648	0.3935192748459461	0.5677465307803709	0.5875684519918701	0.45211813419708435	0.5182773248173995	0.3348099678888413	0.866959068010075	0.6450959355980558	0.9150765953499291	0.2338478695467267	0.5704835679085438	0.20496014946417315	0.6928776059992106	0.30063284713566907	0.5096746305649756	0.7003327670365026	0.8768302467626253	0.5002686963748697	0.19978161198987113	0.47573057879308106	0.45346377291562096	0.6808256518400658	0.3484154182952639	0.581925507995014	0.4461892946245745	0.15136667481820895	0.9225057240523514	0.6795260962527969	0.613691382630492	0.48913941566146374	0.62030969856135	0.16946099006466472	0.5479715579403117	0.3024641129781193	0.6443814110556397	0.16675203716744874	0.5787313665710019	0.3850893486529061	0.37760851892191893	0.8390612701944531	0.10768481954589372	0.06660697184680756	0.6827834228942815
35	0.27724737489201695	0.053649086442686435	0.5912217441641292	0.49447822265669483	0.3755963236831727	0.12341100179612761	0.5355718580823481	0.39354164976868433	0.5677038914139291	0.5875714458753409	0.4521565575072203	0.518107109729508	0.33472315901611327	0.8670189646597897	0.6452990509949948	0.9150462884400892	0.2338348335576548	0.5710905049669528	0.20498829828417103	0.6928432675981716	0.3005417392868086	0.5094186170387623	0.7002241300100691	0.8769404520700627	0.5000672490141707	0.19975605506502173	0.47578644932702396	0.4531930694389777	0.6808915073873394	0.3483568783404868	0.5818667685857337	0.44607472791547526	0.1513664907950544	0.9225089859474118	0.6794842141363654	0.6136422335331513	0.4890195180836089	0.6203696570125211	0.16952867242774594	0.5479825488251857	0.3024025605944095	0.644412672230391	0.16677105989711233	0.5787230361031036	0.3852421829952534	0.3774851654119202	0.8390765963041813	0.10766801334738056	0.0665857223401381	0.6825707916063292
36	0.2771978000580152	0.05365261413076589	0.5913786062779192	0.4941578891594648	0.37542754141892254	0.12334772625625391	0.5355556326711749	0.3935643014998187	0.5676605988746651	0.5875750694129471	0.4521898077939978	0.5179443153386313	0.33464328876845134	0.8670762643344593	0.6454927645303593	0.9150202763003442	0.23382241784823904	0.5716698027922849	0.20501401503562408	0.692813804290244	0.3004544559545507	0.509173941313525	0.7001225866754177	0.8770455771654837	0.4998756140073265	0.1997315657928431	0.47583972314395245	0.4529345243536134	0.6809545813341364	0.34830319035333085	0.5818086679855801	0.44596542356729774	0.1513661803930371	0.9225124725732644	0.679444427345092	0.6135968555315399	0.4889018808021458	0.6204233445741915	0.16959414335596848	0.5479917989337284	0.3023440905950674	0.6444408363462846	0.16678942378017675	0.578714158483953	0.38538642461103745	0.3773686875352775	0.8390907604464529	0.1076521110856962	0.0665654769502453	0.6823644519141308
37	0.2771506200650794	0.0536562644279003	0.5915290975102385	0.493854865083337	0.37526632854342484	0.12328723534059424	0.5355415922766334	0.3935870168093687	0.5676170873239098	0.5875791647261219	0.4522187512885877	0.5177884860566134	0.33456943619891205	0.8671311221600589	0.6456777343128033	0.9149978301996466	0.23381057618963114	0.5722233226789908	0.20503763802736225	0.6927883871726045	0.30037078716805754	0.5089398800770498	0.7000273312351837	0.8771459700342431	0.4996930279721674	0.19970808616402413	0.4758905847599455	0.4526873383622457	0.6810150297138946	0.34825369570823644	0.581751468341626	0.44586101735355727	0.15136577245035726	0.9225161125416276	0.6794065650229175	0.6135547615673239	0.4887868311353963	0.6204717201729215	0.16965742484441632	0.5479996130464492	0.30228845201213606	0.6444663656761913	0.16680714278194148	0.5787049100381721	0.3855229045661217	0.3772584293922205	0.8391039114419666	0.10763703049773855	0.06654616240572576	0.6821644763764918
38	0.2771056679208702	0.05365999697322174	0.5916736849269537	0.4935674604394777	0.3751121453993435	0.12322932827196223	0.5355293666402768	0.3936096812879328	0.5675736847004381	0.587583620963545	0.452244101873654	0.5176391207489389	0.3345007537873606	0.8671837155349277	0.6458545835305385	0.9149783532239387	0.23379924931586019	0.5727529120136179	0.20505947138263797	0.6927663377634172	0.3002905133742006	0.5087157089820872	0.6999376527907017	0.8772419719455867	0.4995187638327114	0.19968554253331006	0.4759392049416471	0.4524506983942037	0.6810730435355378	0.3482078299202918	0.5816953497285426	0.44576116102549146	0.15136528791426107	0.9225198594067627	0.679370493604248	0.6135154971940979	0.4886745684958685	0.6205156076088141	0.16971857127610493	0.5480062374641931	0.30223544754416354	0.6444896618989746	0.1668242662678069	0.5786954049624321	0.38565237816310327	0.3771537933235721	0.8391161887472018	0.10762267842086976	0.06652771264340558	0.6819708089068418
39	0.2770628127056874	0.0536637891114194	0.5918129127816169	0.4932941504524406	0.374964481085011	0.12317380447108425	0.5355186490268441	0.3936322551727835	0.5675306335021942	0.5875883641811553	0.4522664451420168	0.517495697177848	0.3344364682164197	0.8672342337483624	0.6460238951618353	0.9149613590563241	0.23378836994367969	0.5732603639082791	0.20507978689799264	0.6927471036182671	0.3002134132476173	0.5085007201577173	0.6998529267419084	0.877333911122562	0.4993521383483197	0.1996638516713213	0.4759857404026439	0.45222380080214586	0.6811288346169964	0.3481651107295925	0.5816404279473011	0.4456655262393602	0.1513647414814085	0.9225236859927431	0.6793361097802062	0.6134786428389846	0.4885651940678606	0.620555712229591	0.16977765943103698	0.548011869927537	0.30218492352831694	0.6445110727805773	0.16684086812816004	0.578685709486975	0.38577552735039305	0.3770542384524545	0.8391277215836612	0.10760895606847279	0.06651006840390171	0.6817833006513314
40	0.27702195220109793	0.05366763135775338	0.591947365380789	0.49303356790423536	0.37482285811125093	0.12312046871054597	0.535509186228011	0.3936547526742347	0.5674881085224632	0.5875933486246634	0.45228625957685537	0.5173576917998025	0.33437588018235953	0.8672828695051908	0.6461862088702282	0.9149464532699142	0.23377786698098846	0.5737473868826214	0.20509882593209364	0.6927302368988588	0.3001392697738483	0.5082942354688899	0.6997726064696991	0.8774220981083617	0.4991925171137122	0.19964292577934695	0.4760303339353608	0.45200586936734827	0.681182623889596	0.34812512730278805	0.5815867695467355	0.44557380712252903	0.1513641430139226	0.9225275795229249	0.6793033341619256	0.6134438152687361	0.4884587356815445	0.6205926359299312	0.16983478030734286	0.5480166682994123	0.30213676090082725	0.6445308982571961	0.16685703756867312	0.578675854033343	0.38589296398890915	0.3769592784722249	0.8391386283375987	0.10759576341951513	0.06649317673501692	0.6816017395971802
41	0.2769830063098336	0.053671523574880885	0.5920776368870959	0.4927844940803938	0.3746868351033151	0.12306913499539904	0.535500769879029	0.3936772246158135	0.5674462316944225	0.5875985493492286	0.4523039349159848	0.5172245953033806	0.3343183634179455	0.8673298121999946	0.6463420197952697	0.9149333171020515	0.23376766897979032	0.574215583530334	0.20511680127785523	0.6927153758268286	0.3000678747700378	0.5080956159583899	0.6996962154171334	0.8775068226385098	0.4990393173435602	0.19962267654383747	0.4760731149084441	0.4517961686180249	0.6812346319860524	0.3480875305755291	0.5815344042299848	0.4454857216468657	0.15136349874109434	0.9225315375118838	0.67927210564049	0.6134106683723288	0.4883551681856134	0.6206268904579366	0.16989003262026012	0.5480207580473518	0.3020908671446203	0.6445493958981814	0.16687287146415444	0.5786658434682028	0.38600523377436613	0.3768684788444466	0.8391490161944002	0.10758300278810623	0.06647699042572308	0.6814258743496867
42	0.27694591127768375	0.05367547181869684	0.5922043075848126	0.49254584859536255	0.37455600780232445	0.12301962929365598	0.5354932289985788	0.39369974419078885	0.5674050842841865	0.587603956094946	0.45231978788230265	0.5170959242388256	0.3342633629517257	0.8673752428007562	0.6464917789627544	0.9149216935690928	0.23375770687693456	0.5746664371795486	0.20513389902546947	0.6927022288406828	0.29999903200897376	0.5079042678885942	0.6996233395968627	0.8775883518418255	0.4988920087107783	0.19960301829884722	0.47611420006142147	0.45159401292792517	0.6812850719448726	0.3480520246772524	0.5814833348727468	0.445401011969926	0.1513628122598566	0.9225355643738026	0.679242376450746	0.6133788932893185	0.48825442971968025	0.6206589091511354	0.16994351782137995	0.5480242386021283	0.3020471692342728	0.644566785795671	0.16688846818796432	0.5786556655680741	0.3861128206880767	0.3767814535134712	0.8391589809972372	0.10757058161989065	0.06646146739339448	0.6812554326127159
43	0.2769106147431708	0.05367948580634864	0.5923279261278117	0.492316678353988	0.3744300086506528	0.12297179124801288	0.5354864236298442	0.39372239562415073	0.5673647167306817	0.5876095683263084	0.45233407552227783	0.5169712291101101	0.334210392563792	0.8674193301971854	0.6466358950024733	0.9149113757234549	0.23374791606224152	0.5751013054664341	0.2051502804479095	0.6926905612154752	0.2999325591327773	0.507719645847018	0.6995536205252479	0.8776669295773414	0.49875011252655943	0.19958387036605374	0.4761536945176451	0.45139877190138983	0.6813341438596321	0.3480183593461382	0.5814335454300195	0.44531944392451406	0.15136208534906795	0.9225396686965625	0.6792141079583525	0.6133482178787716	0.4881564343700417	0.6206890572898581	0.1699953364521136	0.5480271886902985	0.30200560760643996	0.6445832549598141	0.1669039228311973	0.578645297821243	0.38621615185816643	0.37669786123885923	0.8391686073301294	0.10755841455574446	0.06644657005131241	0.6810901350103971
44	0.27687707163672926	0.05368357695286087	0.5924489972147855	0.4920961459444814	0.3743085052749453	0.12292547501546357	0.5354802394513045	0.39374526549701533	0.5673251564582443	0.5876153913315375	0.45234700641550085	0.5168500993519877	0.3341590314151178	0.8674622288497222	0.6467747368313632	0.9149021968299524	0.23373823782174147	0.5755214196225733	0.20516608393772343	0.6926801838816142	0.29986828856238906	0.5075412534320684	0.6994867485880488	0.8777427766948642	0.49861319958475475	0.19956515865258584	0.47619169292950864	0.4512098726120495	0.6813820312761051	0.3479863232377886	0.5813850070346518	0.4452408058557119	0.15136131861458493	0.9225438611236226	0.6791872671852965	0.6133184055351005	0.48806108173948565	0.6207176412634592	0.17004558562493163	0.5480296707476215	0.3019661311785995	0.6445989613002793	0.16691932370939086	0.5786347127110447	0.38631560269563836	0.3766174016617418	0.8391779688217482	0.10754642481219177	0.06643226468545492	0.6809297049572669
45	0.2768452409258602	0.0536877569144452	0.5925679740308986	0.49188351779505235	0.3741911981858157	0.12288054939347741	0.5354745832302482	0.39376843644699044	0.5672864139876682	0.5876214332642355	0.45235875001677534	0.516732165667557	0.33410891989300023	0.8675040775528197	0.6469086369607039	0.9148940222332748	0.2337286202189148	0.5759278882164119	0.2051814270053569	0.6926709441766687	0.2998060676164104	0.5073686420584356	0.6994224568553796	0.8778160919990631	0.4984808870126322	0.19954681660103984	0.4762282806731261	0.45102679930414985	0.6814288991075924	0.3479557380403295	0.5813376825933044	0.44516490700668176	0.1513605119840577	0.922548152777085	0.6791618240672543	0.6132892533959587	0.48796826396766707	0.6207449167184004	0.17009435742029813	0.5480317345231588	0.301928693408111	0.6446140372588691	0.1669347500266613	0.5786238816465709	0.38641150215319625	0.3765398112344924	0.839187128653968	0.10753454494607018	0.06641852086702084	0.6807738753013706
46	0.2768150831661019	0.05369203656928593	0.5926852547043013	0.49167815243158874	0.37407781799021034	0.12283689739406493	0.535469379003424	0.393791982918651	0.5672484876503715	0.5876277029989071	0.4523694443786702	0.5166171002326462	0.3340597547915865	0.8675449991108589	0.6470378951201026	0.9148867426945805	0.23371901849224852	0.5763217041208334	0.20519640832641056	0.692662718273308	0.2997457580444784	0.5072014084034565	0.6993605153718523	0.8778870537059159	0.4983528344620635	0.19952878559758497	0.476263535022414	0.45084909116746485	0.6814748928133278	0.347926453320804	0.5812915301673998	0.44509157563814056	0.15135966507189033	0.9225525541478762	0.6791377494050256	0.61326059003194	0.4878778707082896	0.6207710958182744	0.1701417379968328	0.5480334199824164	0.30189324933920675	0.644628593136218	0.16695027053944653	0.5786127777257299	0.3865041379525347	0.3764648591442924	0.8391961402451168	0.10752271708979316	0.06640531092080273	0.6806223924305325
47	0.2767865587818367	0.05369642536271714	0.592801181981771	0.49147948914238	0.37396812236795063	0.12279441541898069	0.5354645648827963	0.39381596861581947	0.5672113671765593	0.587634208666888	0.4523792024832841	0.5165046152708378	0.3340112840062857	0.8675851007225782	0.6471627819478601	0.9148802689878555	0.23370939505778418	0.5767037535955414	0.2052111098066077	0.6926554050424687	0.29968723515869977	0.5070391909618179	0.6993007259470434	0.8779558212039109	0.4982287399413569	0.1995110149489416	0.4762975262507559	0.45067633875700036	0.6815201385754869	0.34789834203761066	0.581246505395173	0.44502065703644833	0.15135877743541348	0.9225570743751117	0.6791150134421237	0.6132322727421122	0.48778979251415244	0.6207963537093907	0.1701878072335124	0.5480347596132594	0.30185975354237443	0.6446427201360245	0.16696594304380966	0.5786013775254442	0.3865937616401207	0.37639234334883337	0.8392050480671152	0.10751089275650155	0.06639260946147932	0.6804750184592664
48	0.2767596269748294	0.05370093094428585	0.5929160453409481	0.491287037297514	0.3738618930091581	0.1227530121724654	0.5354600903973993	0.3938404453076283	0.567175036389191	0.5876409567415742	0.45238811739065415	0.5163944604681007	0.33396330095079574	0.8676244748808976	0.6472835425627504	0.9148745275631817	0.2336997192081504	0.5770748265455612	0.20522559862292078	0.6926489211306747	0.2996303867170099	0.5068816660996797	0.6992429174626513	0.8780225369647922	0.4981083355371267	0.19949346153607578	0.47633031862758907	0.4505081795572773	0.681564744219332	0.3478712966598734	0.5812025631731198	0.4449520115292612	0.15135784874283076	0.922561720837508	0.6790935849789086	0.6132041845956878	0.4877039230136274	0.6208208342589994	0.17023263875050815	0.5480357802311858	0.3018281588193902	0.6446564931371486	0.16698181450592076	0.5785896621119191	0.3866805933579961	0.37632208682019724	0.8392138885506789	0.10749903231838363	0.06638039300214377	0.680331532020087
49	0.27673424514570105	0.053705559028936804	0.5930300848204807	0.4911003664997468	0.3737589326543324	0.12271260742583344	0.535455914293694	0.39386545266209555	0.567139475196696	0.5876479515509777	0.4523962663894919	0.5162864196373419	0.3339156389049318	0.8676632006165818	0.6474003998943954	0.9148694571027511	0.23368996659505067	0.5774356272120946	0.20523992919760822	0.6926431970523836	0.2995751116801648	0.5067285439154061	0.6991869416994111	0.8780873284837895	0.4979913832182713	0.19947608924280316	0.4763619712939758	0.4503442931026165	0.6816088006454216	0.3478452258376751	0.5811596587767043	0.4448855125923183	0.1513568788720209	0.9225664989848283	0.6790734309234379	0.6131762313581679	0.4876201601928705	0.6208446551179994	0.17027630018471904	0.5480365043715759	0.3017984155324181	0.6446699731978024	0.16699792166450828	0.5785776174511569	0.38676482624825814	0.376253934066292	0.8392226910335148	0.1074871042566612	0.06636863963322998	0.6801917280843175
50	0.2767103687135295	0.053710313422311494	0.5931434959473156	0.4909190976733942	0.3736590623305697	0.12267313072446573	0.5354520027265364	0.3938910188183295	0.567104661042016	0.5876551951096236	0.45240371431458204	0.5161803069720882	0.33386816547769793	0.8677013449418942	0.6475135577012113	0.9148650058151017	0.23368011857220414	0.5777867847414355	0.2052541450668487	0.6926381741210522	0.2995213189336026	0.506579564134105	0.6991326696726582	0.8781503101623641	0.49787767085890233	0.1994588682434855	0.47639253901385725	0.45018439597334947	0.681652383576944	0.34782005156847584	0.5811177485648438	0.4448210451004251	0.1513558679570861	0.9225714123456282	0.6790545161797731	0.613148338424491	0.48753840703408236	0.6208679121538816	0.17031885362372134	0.5480369513464598	0.30177047141614616	0.6446832097955132	0.16701429195328674	0.5785652343792265	0.3868466304417414	0.37618774797288707	0.8392314787115966	0.10747508427042834	0.06635732876592884	0.6800554171451338
51	0.2766879512280897	0.05371519615947718	0.5932564352536077	0.4907428951367469	0.3735621188388418	0.12263452010517042	0.5354483277811388	0.39391716145405964	0.5670705699350936	0.5876626871782856	0.45241051617470196	0.5160759631553509	0.33382077733321075	0.8677389643798529	0.6476232032439057	0.9148611293327215	0.23367016146282932	0.5781288632442732	0.20526828061439614	0.6926338020652828	0.29946892603908226	0.5064344921939343	0.6990799884530154	0.8782115850748419	0.49776700856920625	0.19944177421817383	0.4764220728060665	0.4500282369031935	0.6816955554631241	0.34779570680608424	0.5810767903822097	0.4447585037518181	0.1513548163969935	0.9225764626574469	0.6790368037829021	0.6131204478581654	0.48745857170493445	0.620890683299163	0.17036035612579054	0.5480371380329131	0.301744271743732	0.6446962428093103	0.167030944616038	0.5785525082670523	0.3869261566091306	0.3761234069864256	0.8392402695612095	0.10746295431667754	0.06634644093205337	0.6799224240156747
52	0.2766669446837967	0.0537202077159881	0.5933690259884966	0.4905714596555201	0.3734679525185793	0.12259672087210975	0.5354448662736765	0.3939438891522813	0.5670371771705128	0.5876704254768627	0.4524167192156238	0.5159732515219938	0.33377339528638117	0.8677761064925904	0.647729509609553	0.9148577890970634	0.23366008580216344	0.5784623710940325	0.20528236265061547	0.6926300371981029	0.29941785805967946	0.5062931156262063	0.6990287984393747	0.8782712465828946	0.49765922538484697	0.1994247875480061	0.4764506204669894	0.4498755921606147	0.6817383674165051	0.34777213346012603	0.5810367437481262	0.44469779167774665	0.1513537248380643	0.9225816500757481	0.6790202552022077	0.6130925156095709	0.4873805674487156	0.6209130318623992	0.1704008602732645	0.5480370794500417	0.30171975973540566	0.6447091042546021	0.1670478919129769	0.5785394384890786	0.3870035390745459	0.37606080263977737	0.8392490772077491	0.10745070163814732	0.06633595763164128	0.6797925864294067
53	0.2766472999606718	0.05372534725911295	0.5934813637319989	0.49040452244018545	0.3733764252956093	0.12255968446323148	0.5354415987847378	0.39397120291467835	0.5670044578110804	0.5876784059913679	0.45242236452489604	0.5158720544146674	0.3337259598371681	0.8678128113466949	0.6478326376988157	0.9148549511326077	0.2336498855928352	0.5787877693187597	0.2052964118265673	0.6926268410275502	0.29936804648522064	0.5061552407883028	0.6989790110454264	0.8783293797789633	0.49755416633649385	0.19940789252972704	0.47647822699604897	0.44972626130853144	0.681780861094699	0.347749280736372	0.580997569900381	0.44463881923720705	0.15135259413965774	0.9225869734273551	0.6790048307495544	0.6130645089625111	0.48730431228808374	0.6209350093507241	0.17044041472202412	0.5480367891720912	0.3016968771186256	0.6447218197850294	0.167065140341317	0.5785260277814832	0.3870788985074292	0.3759998374100105	0.8392579117250337	0.10743831782098104	0.06632586121983264	0.6796657535777625
54	0.2766289673332402	0.05373061291484702	0.5935935217045489	0.49024184002689203	0.3732874090058096	0.1225233674263483	0.5354385088858319	0.39399909770763764	0.5669723870009958	0.5876866233296852	0.45242748826883045	0.5157722698258832	0.3336784271801429	0.8678491128735124	0.647932737899584	0.914852585127536	0.2336395575999851	0.5791054790202539	0.2053104438805427	0.6926241792149255	0.2993194282728364	0.5060206899764695	0.6989305467580335	0.8783860627522367	0.4974516899000529	0.19939107663648523	0.47650493493689156	0.4495800634014009	0.6818230704646453	0.3477271037715207	0.5809592317458004	0.44458150298893984	0.15135142533028442	0.9225924304823753	0.6789904900415498	0.6130364042377054	0.48722972862612157	0.6209566578535686	0.170479064721894	0.5480362796167884	0.30167556476784646	0.6447344099784467	0.16708269181397675	0.5785122815549877	0.38715234421913836	0.375940422888434	0.8392667803554487	0.10742579791160112	0.06631613482527783	0.6795417846792957
55	0.27661189700199335	0.0537360020328188	0.5937055556354952	0.4900831899675737	0.3732007839778545	0.12248773051425577	0.5354355825246827	0.39402756395834126	0.566940940158147	0.5876950710922274	0.45243212263753774	0.5156738083814829	0.333630765700998	0.8678850400983456	0.6480299514764588	0.9148506637527314	0.23362910070411122	0.5794158878118328	0.20532447072033422	0.692622020803189	0.29927194500818255	0.5058892989223436	0.698883333525091	0.8784413676797059	0.4973516658135156	0.19937432984263204	0.47653078464696996	0.4494368336446474	0.6818650234094048	0.3477055625198424	0.5809216937562223	0.44452576482784467	0.15135021955960692	0.9225980182254795	0.6789771924773871	0.6130081847658113	0.4871567428052316	0.620978012036474	0.1705168525920058	0.5480355622406529	0.30165576336878736	0.6447468914258985	0.16710054475765854	0.5784982072100865	0.3872239760971475	0.37588247823766824	0.8392756881464496	0.1074131396119655	0.06630676229322105	0.6794205476429859
56	0.2765960396135752	0.05374151143647056	0.5938175081086567	0.48992836724736116	0.37311643785276744	0.12245273790101488	0.5354328075400865	0.39405658894399814	0.5669100930834882	0.5877037422330188	0.4524362965609548	0.5155765906921784	0.33358295295294	0.867920618224784	0.6481244117086349	0.9148491621631748	0.2336185153225728	0.5797193553071668	0.2053385013487352	0.6926203376520487	0.2992255421862518	0.5057609146605887	0.6988373054314546	0.8784953617510047	0.4972539732364588	0.199357644022874	0.4765558145075748	0.4492964205163215	0.6819067431546703	0.34768462085319335	0.580884921837889	0.4444715312699943	0.15134897805032763	0.9226037331129926	0.6789648977036026	0.6129798391304402	0.4870852846660522	0.6209991007919232	0.17055381814221682	0.5480346476667121	0.30163741406621314	0.644759277643161	0.16711869510531524	0.5784838134885278	0.3872938862132383	0.37582592890747013	0.8392846385028797	0.10740034256433084	0.06629772814731104	0.679301917863921
57	0.2765813467453619	0.05374713765011225	0.5939294123453804	0.48977718134470694	0.3730342646147322	0.12241835651623492	0.5354301732816357	0.3940861580376319	0.5668798220159547	0.5877126293942988	0.4524400362475463	0.5154805450783336	0.33353497309246133	0.8679558695697489	0.648216244809822	0.914848057636483	0.23360780290521382	0.5800162177208994	0.20535254264260808	0.6926191040284151	0.29918016860600777	0.5056353937436397	0.6987924016235258	0.8785481079398603	0.49715849922195016	0.1993410124304576	0.47658006108546586	0.4491586833328747	0.681948249505314	0.347664245840075	0.5808488831938101	0.4444187328688661	0.15134770205277867	0.9226095713067334	0.6789535660452575	0.6129513596727543	0.4870152871341295	0.6210199485912925	0.17058999903700306	0.5480335457646874	0.30162045906586105	0.6447715798243481	0.1671371371688209	0.5784691098836634	0.38736216014338803	0.3757707055797799	0.8392936336574446	0.10738740773043917	0.06628901756505806	0.6791857771709237
58	0.27656777133790955	0.053752877097801174	0.594041295417832	0.4896294538503345	0.3729541638061692	0.12238455549045153	0.5354276703136275	0.3941162557899087	0.5668501036536968	0.58772172520381	0.4524433655876212	0.515385605657305	0.3334868147445605	0.8679908143517996	0.6483055706633953	0.9148473293124715	0.23359696550537057	0.5803067916601783	0.20536659999769935	0.6926182963112835	0.2991357758698953	0.5055126007721753	0.698748565445746	0.8785996656375146	0.4970651374670636	0.19932442925476035	0.4766035592561915	0.44902349022847704	0.6819895598922292	0.34764440717345846	0.5808135461919699	0.4443673037449025	0.1513463928040786	0.9226155288791015	0.6789431588897623	0.612922741242877	0.48694668585086864	0.6210405765787493	0.17062543110216713	0.5480322656992136	0.301604842170686	0.6447838074565216	0.16715586438605232	0.5784541061233704	0.38742887803682974	0.3757167433134801	0.8393026750637648	0.10737433686531717	0.06628061636267031	0.6790720129317165
59	0.27655526806518826	0.05375872627164122	0.594153180909497	0.4894850165643196	0.3728760399000628	0.12235130570219076	0.5354252901859843	0.3941468668390576	0.5668209151563041	0.5877310225287564	0.45244630645487977	0.5152917107713001	0.33343846926112297	0.8680254713403135	0.6483925034043516	0.9148469580053578	0.23358600542433952	0.5805913771967838	0.20538067785246436	0.6926178927788773	0.2990923179773266	0.5053924072057242	0.6987057437553182	0.8786500911647618	0.49697378730678465	0.19930788925545398	0.4766263422980041	0.44889071650925083	0.6820306902370783	0.34762507672093884	0.5807788802471179	0.44431718121083313	0.15134505149295724	0.9226216019867287	0.6789336390150689	0.6128939801789314	0.4868794188568345	0.6210610034444785	0.17066014857747175	0.5480308159578854	0.30159050923944586	0.6447959688133523	0.16717486994303943	0.5784388117322102	0.3874941154703924	0.3756639808603244	0.8393117637178864	0.10736113208231604	0.06627251098577604	0.6789605173111334
60	0.2765437936377937	0.05376468186914179	0.5942650910575046	0.4893437099956299	0.3727998018036069	0.12231857941579789	0.5354230252580358	0.3941779766505917	0.5667922341379569	0.5877405146841894	0.4524488789327554	0.5151988017260369	0.33338992933222616	0.868059858376677	0.6484771518771387	0.9148469260667117	0.23357492492502718	0.580870260313882	0.20539478010467743	0.6926178734532551	0.2990497510002626	0.5052746904161244	0.6986638863847734	0.8786994381795445	0.49688435291632227	0.19929138746809646	0.4766484419640226	0.4487602433392784	0.6820716556478187	0.34760622817435927	0.5807448557200563	0.4442683054761504	0.15134367923075331	0.9226277870121818	0.6789249708584694	0.6128650734916358	0.48681342632932256	0.6210812461111604	0.17069418432012237	0.548029204367824	0.3015774085620662	0.6448080713448033	0.16719414727669313	0.5784232356740424	0.3875579441220247	0.37561236012515237	0.8393209004150824	0.10734779550341828	0.06626468850326049	0.6788511866710564
61	0.2765333070385772	0.05377074090081098	0.5943770484234749	0.48920538219476306	0.3727253624691427	0.1222863499984037	0.535420868563603	0.394209572095697	0.5667640386578618	0.5877501955964448	0.45245110148621587	0.5151068218058242	0.33334118790815254	0.8680939927808603	0.6485596199953014	0.914847217282631	0.23356372600884792	0.5811437148208601	0.20540891043465265	0.6926182199836662	0.29900803282881544	0.5051593329468613	0.698622945725391	0.8787477579965741	0.49679674268835605	0.19927491897444974	0.4766698885390113	0.4486319567135757	0.6821124709613625	0.34758783677934196	0.5807114438355954	0.4442206194155567	0.15134227702863054	0.9226340806748474	0.6789171207258502	0.6128360182307634	0.4867486503719112	0.6211013202642292	0.17072756996505434	0.5480274381069175	0.3015654911513824	0.6448201219785828	0.16721369046710974	0.5784073860722113	0.3876204322946144	0.3755618257456718	0.8393300859493381	0.10733432898704104	0.06625713660211832	0.6787439210965703
62	0.2765237696934217	0.05377690077024975	0.5944890771469614	0.48906988785724265	0.37265263859081543	0.12225459170433346	0.5354188137080146	0.39424164188215	0.5667363072117043	0.5877600599243321	0.4524529910948172	0.5150157155285189	0.33329223738959857	0.8681278916579195	0.6486400070254132	0.9148478167929911	0.2335524102488892	0.5814120038254298	0.20542307254856373	0.6926189155549016	0.29896712297518413	0.5050462219431057	0.6985828764078782	0.8787950998344167	0.4967108687541832	0.19925847872989982	0.4766907108858965	0.4485057466737762	0.6821531511517532	0.34756987912816834	0.5806786166185176	0.4441740683879205	0.15134084578072063	0.9226404801132941	0.6789100569440357	0.6128068110092275	0.4866850348510384	0.6211212407531294	0.17076033604840316	0.5480255237138886	0.30155471095483194	0.6448321273478081	0.1672334945307673	0.5783912700015125	0.38768164531803856	0.3755123247695659	0.8393393212631092	0.10732073392446442	0.06624984358182326	0.678638624030761
63	0.276515145582284	0.05378315932972087	0.59460120383898	0.48893708764326915	0.3725815503681164	0.12222327951568764	0.5354168547895378	0.39427417685476046	0.5667090187260038	0.5877701031421783	0.4524545633588383	0.514925428103648	0.33324306904467227	0.8681615721192726	0.6487184078142207	0.9148487110241177	0.23354097867183182	0.5816753808453249	0.20543727035469322	0.6926199448108475	0.2989269824250497	0.5049352487200989	0.6985436350599976	0.8788415110040685	0.49662664662076655	0.19924206143996212	0.4767109364859825	0.4483815067244952	0.6821937116230147	0.34755233300215954	0.5806463468457388	0.4441286000941357	0.15133938625267127	0.9226469829421687	0.6789037499608734	0.6127774476609193	0.48662252527318656	0.6211410218875831	0.17079251210050064	0.548023467099764	0.3015450249925583	0.6448440939579243	0.16725355562723507	0.5783748933442364	0.38774164585402315	0.37546380640933663	0.8393486075548517	0.10730701109550238	0.06624279834723486	0.6785352020000898
64	0.27650740129720836	0.05378951491455499	0.5947134581733333	0.4888068476663705	0.3725120213202977	0.1221923890285979	0.5354149863392531	0.39430717018391015	0.5666821525560037	0.5877803215896533	0.45245583258714767	0.5148359050583584	0.3331936726135163	0.8681950514332181	0.6487949129744921	0.9148498876289726	0.23352943168101128	0.5819340906334253	0.20545150808452678	0.6926212937865538	0.2988875735266279	0.5048263084409959	0.6985051801239575	0.8788870370514222	0.49654399489904893	0.19922566147788714	0.47673059147580343	0.44825913341171725	0.6822341684056517	0.347535177252121	0.5806146080122406	0.44408416446414306	0.15133789907493542	0.922653587287099	0.6788981723990292	0.6127479230095229	0.48656106869568044	0.6211606776498031	0.1708241267143856	0.5480212735621496	0.3015363934302848	0.6448560283045044	0.16727387119247858	0.5783582607015496	0.3878004941250042	0.3754162218579696	0.8393579463515003	0.10729316057401525	0.06623599039949003	0.6784335644129234
65	0.27650050605489096	0.05379596635988287	0.5948258732311763	0.4886790391111923	0.37244397813837476	0.12216189637566695	0.5354132032746786	0.39434061746108134	0.5666556884869277	0.5877907124936692	0.45245681187295234	0.5147470919983332	0.3331440360644824	0.8682283471182761	0.6488696090419156	0.9148513354310354	0.23351776901324184	0.582188369780857	0.20546579036951357	0.6926229498445008	0.2988488599087913	0.5047192998790205	0.6984674717192464	0.878931721864332	0.4964628351023441	0.19920927283574133	0.47674970068266526	0.4481385260286335	0.6822745382748335	0.34751839170754095	0.580583374308106	0.4440407135651402	0.15133638474006758	0.9226602918012258	0.6788932990701758	0.6127182307271902	0.48650061366415287	0.6211802218406538	0.17085520759526407	0.5480189478028524	0.30152877959635166	0.6448679369521184	0.16729444001163618	0.5783413753511043	0.38785824808491826	0.37536952415110186	0.839367339552544	0.10727918167422557	0.06622940982466287	0.6783336234151731
66	0.27649443167167526	0.053802513003114616	0.5949384856502575	0.488553537947365	0.3723773505639604	0.12213177817623108	0.5354115008635107	0.39437451671964674	0.5666296067379638	0.5878012739676461	0.4524575131616566	0.5146589344740163	0.3330941454694308	0.8682614769917197	0.6489425786126046	0.9148530443696176	0.23350598972251058	0.5824384471531794	0.20548012228310777	0.6926249016125056	0.29881080642092395	0.5046141252425749	0.6984304715391996	0.878975607753289	0.49638309149698057	0.19919288910192254	0.47676828766022467	0.4480195864187769	0.6823148388068551	0.3475019571070671	0.5805526206040132	0.44399820152461916	0.1513348436032807	0.9226670956669173	0.6788891069564869	0.6126883632639963	0.48644111017018166	0.621199668175034	0.17088578159568718	0.5480164939488091	0.30152214995264565	0.6448798265830588	0.1673152622434381	0.5783242392419393	0.38791496354679667	0.3753236680638008	0.8393767894517353	0.10726507292944151	0.0662230472802247	0.6782352937888053
67	0.27648915250871053	0.05380915467537515	0.5950513356251138	0.488430224712557	0.3723120712864325	0.12210201150725476	0.5354098746947032	0.3944088683979041	0.5666038879681112	0.5878120049931924	0.4524579473135982	0.5145713779260715	0.33304398496966364	0.8682944591842419	0.6490139004683732	0.9148550054454719	0.23349409218429343	0.5826845442056588	0.20549450935645985	0.6926271389219801	0.29877337908839	0.504510690045572	0.6983941427718742	0.8790187355131519	0.49630469099051755	0.19917650345880122	0.4767863747248835	0.4479022188507661	0.6823550883886907	0.34748585504436275	0.5805223224427281	0.44395658446328834	0.15133327588554313	0.9226739985860088	0.6788855751661816	0.6126583118313281	0.4863825096233019	0.6212190303392356	0.1709158747405118	0.548013915575887	0.3015164740289474	0.6448917040233804	0.16733633940739176	0.5783068530182714	0.38797069427926956	0.37527861003227214	0.8393862987417481	0.10725083209561727	0.06621689397951071	0.6781384928809839
68	0.2764846453945393	0.05381589168480343	0.5951644667987558	0.4883089843432862	0.37224807585190534	0.12207257388881726	0.5354083206547913	0.394443675259626	0.5665785132829545	0.5878229053888118	0.4524581241633623	0.5144843676877168	0.3329935368080057	0.8683273121302073	0.6490836496949642	0.91485721066632	0.23348207411498825	0.5829268752151425	0.20550895757489285	0.692629652746121	0.2987365450786365	0.5044089030086193	0.6983584500378048	0.879061144471915	0.4962275630457154	0.19916010869498102	0.4768039829933515	0.44778632994327583	0.68239530619354	0.3474700679247587	0.580492456034423	0.44391582043415234	0.15133168167855127	0.9226810007615938	0.6788826848694494	0.6126280664246835	0.4863247648324153	0.6212383220207645	0.17094551224501056	0.5480112157349172	0.30151172432962836	0.6449035762524656	0.16735767434361198	0.5782892160645651	0.3880254920816243	0.37523430809277497	0.8393958705063812	0.10723645617310018	0.06621094167450822	0.6780431405536395
69	0.2764808895317054	0.0538227247942688	0.5952779260804417	0.4881897060368022	0.3721853025791409	0.12204344327923525	0.5354068349079204	0.39447894228545766	0.5665534642414726	0.587833975769728	0.4524580525766123	0.5143978490252172	0.3329427814064335	0.868360054541449	0.649151897796783	0.9148596529924345	0.23346993260173463	0.5831656474583989	0.20552347336112528	0.692632435138181	0.29870027267398175	0.5043086759796862	0.6983233593389039	0.879102872531221	0.4961516396109689	0.19914369722749423	0.4768211324214207	0.44767182862285304	0.6824355121333097	0.34745457892922	0.5804629982539871	0.4438758693650397	0.15133006095098625	0.9226881028740268	0.6788804192204773	0.612597615873614	0.4862678299924801	0.6212575569191046	0.17097471852884064	0.5480083969792112	0.30150787622078906	0.6449154504012081	0.1673792711538322	0.578271326565187	0.388079406844938	0.37519072183172564	0.8394055082041906	0.10722194144087072	0.06620518263734304	0.6779491591452035
70	0.27647786639318045	0.05382965519568388	0.5953917634183419	0.48807228313138584	0.37212369247892646	0.122014598075859	0.535405413878462	0.39451467654648814	0.5665287228621013	0.5878452175023372	0.45245774050485105	0.5143117672012586	0.33289169747230796	0.8683927053711474	0.6492187128104054	0.9148623262826963	0.23345766413865643	0.5834010613600409	0.2055380635501165	0.6926354791703039	0.2986645312480494	0.5042099238655368	0.6982888380141892	0.8791439562022038	0.4960768550601073	0.19912726113004445	0.47683784184377803	0.4475586261008105	0.6824757267970887	0.347439371983036	0.5804339266388441	0.443836693002703	0.15132841355554313	0.9226953060534127	0.6788787632706031	0.6125669479086961	0.4862116606731992	0.6212767487441463	0.17100351722798107	0.548005461392801	0.3015049078049454	0.6449273337428951	0.1674011351307909	0.5782531815729368	0.3881324866049807	0.3751478123424222	0.8394152156467495	0.10720728349851716	0.06619960964086198	0.6778564734380508
71	0.2764755596135624	0.05383668448272031	0.5955060315504291	0.4879566129957814	0.37206318917457265	0.12198601711846178	0.5354040542354273	0.39455088706934205	0.5665042716274152	0.5878566326562144	0.4524571950381881	0.5142260675490643	0.33284026211960016	0.8684252837730169	0.6492841594181341	0.9148652252417063	0.23344526466629253	0.5836333106273387	0.20555273535942914	0.6926387788735742	0.2986292912435926	0.5041125645674615	0.698254854699196	0.8791844306392999	0.49600314613632085	0.1991107921641572	0.4768541290145458	0.4474466358586213	0.6825159713829149	0.3474244317273661	0.5804052193861349	0.44379825485728275	0.1513267392363048	0.9227026118504595	0.6788777038768827	0.6125360492373806	0.4861562138072165	0.6212959112075023	0.17103193120622026	0.5480024106186883	0.30150279978933003	0.644939233680003	0.16742327268189092	0.5782347770817162	0.3881847775910759	0.37510554218503744	0.8394249969741207	0.10719247731207028	0.06619421593870403	0.6777650106267902
72	0.27647395487916043	0.05384381462338087	0.5956207857519468	0.4878425969212449	0.37200373882208543	0.12195767969291345	0.5354027528781408	0.39458758470028454	0.5664800934869537	0.5878682239560369	0.4524564224559916	0.5141406955479201	0.3327884509944798	0.868457809059849	0.6493482990621162	0.9148683453685622	0.23343272961165032	0.5838625823843299	0.20556749635813729	0.6926423291799748	0.29859452415011006	0.5040165189167448	0.6982213792868689	0.8792243296738805	0.4959304518965233	0.19909428181077732	0.476870010648159	0.4473357736339804	0.6825562676285326	0.34740974349234244	0.5803768553484389	0.44376052014644796	0.15132503763611385	0.9227100222072139	0.678877229609622	0.6125049056223397	0.48610144767602564	0.6213150580106638	0.17105998256731705	0.5479992458864662	0.30150153535283963	0.6449511577293567	0.1674456912518316	0.5782161080995276	0.3882363242738525	0.3750638753475246	0.8394348566295601	0.10717751726063461	0.06618899524522857	0.6776747002839464
73	0.2764730398202736	0.05385104793355552	0.5957360835933655	0.4877301400119134	0.3719452900292625	0.12192956553348375	0.5354015069228188	0.3946247819741308	0.5664561718578812	0.5878799947352673	0.4524554282751956	0.514055596893211	0.33273623839723027	0.8684903006644313	0.6494111900590015	0.9148716829078823	0.23342005392691859	0.5840890573135806	0.2055823544365596	0.6926461258669113	0.2985602024802042	0.5039217106068614	0.6981883828884864	0.8792636858489067	0.4958587136537161	0.1990777213004562	0.47688550246015854	0.4472259574020214	0.6825966377454362	0.3473952932708749	0.580348814027489	0.44372345573892474	0.15132330830367186	0.9227175394288477	0.6788773306617262	0.6124735019574743	0.4860473218924105	0.6213342028328893	0.17108769266857696	0.5479959680387814	0.30150110001566943	0.6449631135074761	0.16746839924783052	0.5781971687188479	0.38828716941382463	0.3750227772058851	0.8394447993349853	0.10716239718147394	0.06618394171563075	0.6775854743207518
74	0.2764728039082298	0.05385838705239812	0.5958519847188916	0.48761915107095327	0.37188779377348613	0.12190165482266745	0.535400313689831	0.394662492992244	0.5664324906233159	0.5878919488929636	0.4524542172960109	0.5139707175561432	0.3326835973946814	0.8685227781049706	0.649472887714741	0.914875234803583	0.23340723212539846	0.5843129098106923	0.20559731777845988	0.6926501655048719	0.2985262997440657	0.5038280661206385	0.6981558377937546	0.8793025304553062	0.49578787491592574	0.1990611016407901	0.4769006192074787	0.44711710734808746	0.6826371043592723	0.34738106769264027	0.5803210755655771	0.44368703009741206	0.15132155070016334	0.9227251661573693	0.6788779987620739	0.6124418223380732	0.485993797378749	0.6213533593208587	0.17111508213627094	0.5479925775562103	0.3015014815147654	0.6449751087173947	0.16749140597009918	0.578177952182185	0.3883373541119426	0.37498221448287783	0.8394548300683187	0.10714711041183854	0.06617904992653062	0.6774972669417353
75	0.276473238359084	0.05386583492010852	0.5959685506523223	0.4875095424812833	0.37183120331836245	0.12187392818786748	0.5353991706915187	0.3947007333126005	0.5664090341282929	0.587904090854677	0.45245279364479624	0.5138860038300529	0.3326304999192142	0.8685552609564231	0.6495334444388905	0.9148789986558103	0.23339425831366184	0.5845343081540763	0.20561239483682497	0.6926544454086815	0.29849279042181215	0.5037355146515982	0.6981237174296462	0.8793408935703709	0.49571788132105726	0.1990444136402146	0.47691537472783463	0.44700914582999524	0.6826776904586515	0.34736705399798834	0.5802936207345423	0.4436512132210857	0.15131976420526297	0.9227329053478638	0.6788792270945488	0.6124098501227366	0.48594083634092666	0.6213725410814234	0.17114217088307646	0.5479890745802358	0.3015026696874078	0.644987151137813	0.16751472154941957	0.5781584509412888	0.38838691786265717	0.37494215520473667	0.8394649540434632	0.10713164982635952	0.06617431485727351	0.677410014592572
76	0.276474336045291	0.05387339475849017	0.5960858446343386	0.4874012300806617	0.371775474129611	0.12184636669462379	0.535398075620508	0.3947395198538015	0.5663857871734349	0.5879164255380456	0.4524511608138951	0.5138014023615988	0.33257691685191854	0.8685877688285158	0.649592909857661	0.9148829726813194	0.23338112621931933	0.5847534146905731	0.20562759431389954	0.6926589635926734	0.29845964993366647	0.5036439880194212	0.6980919963178893	0.8793788040981803	0.49564868056759237	0.1990276479276209	0.4769297819778546	0.4469019973289388	0.6827184193535765	0.34735324001168033	0.5802664309223922	0.4436159765880226	0.15131794812243496	0.9227407602476438	0.6788810102238525	0.6123775679855906	0.485888402237932	0.6213917616782373	0.17116897812752874	0.5479854589341097	0.30150465636452395	0.6449992486150955	0.1675383568929838	0.5781386567090484	0.3884358986095897	0.37490256865582205	0.8394751766933742	0.10711600786927918	0.06616973187213229	0.6773236559012493
77	0.27647609141617513	0.05388107005447751	0.596203931493147	0.4872941330316316	0.37172056379076507	0.12181895183634563	0.5353970263384954	0.3947788708140035	0.5663627350064877	0.5879289583234022	0.45244932169830127	0.513716860166235	0.3325228180887078	0.8686203213507794	0.64965133092491	0.91488715567748	0.2333678292140825	0.5849703860360623	0.20564292514581298	0.6926637187299887	0.2984268546081474	0.5035534205800027	0.6980606500312352	0.8794162898118468	0.49558022234147137	0.19901079496755225	0.4769438530696579	0.4467955883890859	0.6827593146440142	0.3473396141164923	0.580239488117729	0.443581293097947	0.15131610168347845	0.922748734378512	0.6788833440287988	0.6123449579580537	0.48583645974744943	0.6214110346326314	0.17119552241533334	0.5479817301414771	0.3015074352747277	0.6450114090583573	0.1675623236391001	0.5781185605035738	0.3884843328035815	0.37486342533138534	0.8394855036564621	0.10710017658114959	0.06616529670355521	0.6772381316130418
78	0.2764785004276079	0.05388886454668666	0.5963228775486931	0.48718817368728573	0.3716664319193265	0.1217916655207034	0.5353960208655085	0.394818805605027	0.5663398633119402	0.5879416950294839	0.4524472786290795	0.5136323246281975	0.33246817258913774	0.8686529381645339	0.6497087520302861	0.9148915469899884	0.23335436033204546	0.5851853732892247	0.20565839649186754	0.6926687101160851	0.29839438164857074	0.5034637491309265	0.6980296551487833	0.8794533773972392	0.49551245823978135	0.19899384507096612	0.4769575993056281	0.44668984754658736	0.6828004001986246	0.34732616522680243	0.5802127748922297	0.44354713701573156	0.15131422405230366	0.9227568315221821	0.678886225643441	0.6123120014599968	0.4857849747279332	0.6214303734287772	0.17122182164229321	0.5479778874427225	0.301511001959578	0.6450236404376781	0.16758663412092553	0.5780981526843251	0.3885322554626868	0.37482469688879894	0.8394959407663739	0.10708414761991465	0.06616100543656228	0.6771533845200927
79	0.27648156048098	0.053896782214934116	0.5964427505493805	0.48708327745409513	0.37161304008403906	0.12176449005297466	0.5353950573696594	0.39485934480134494	0.56631715819899	0.5879546418941488	0.4524450334035308	0.5135477434858458	0.332412948408388	0.8686856389215096	0.6497652151037956	0.9148961464842761	0.23334071228329117	0.5853985222559932	0.20567401772836233	0.6926739376364475	0.2983622090982381	0.5033749128134036	0.697998989210735	0.8794900924977558	0.4954453416920425	0.19897678840171465	0.4769710312111913	0.44658470524916294	0.6828417001432616	0.3473128827623218	0.5801862743814904	0.44351348391608064	0.1513123143279545	0.9227650557088026	0.6788896534060928	0.6122786793205551	0.48573391417775746	0.6214497915229642	0.17124789307854363	0.5479739298090527	0.30151535370015375	0.6450359507853395	0.16761130133905033	0.5780774229804411	0.3885797002335447	0.37478635609770344	0.8395064940450688	0.10706791227650611	0.06615685449435452	0.6770693593865853
80	0.2764852703712962	0.05390482727258926	0.5965636196393327	0.48697937265318036	0.37156035172392765	0.12173740811672841	0.535394134157408	0.3949005101032516	0.566294606188139	0.5879678055598767	0.4524425873121476	0.5134630648036156	0.3323571127133649	0.8687184432885905	0.649820759716146	0.9149009545205262	0.23332687746306038	0.5856099736818883	0.20568979844668625	0.6926794017384	0.2983303158047293	0.5032868530118308	0.6979686306729812	0.8795264597596824	0.49537882787996756	0.19895961497901907	0.47698415856545895	0.44648009376770725	0.682883238858591	0.347299756622149	0.5801599702645693	0.44348031062980026	0.15131037154690966	0.9227734112084305	0.6788936268160932	0.6122449717891683	0.4856832461920919	0.6214693023566596	0.17127375339375864	0.5479698559543911	0.30152048945473087	0.6450483481998697	0.1676363389425091	0.5780563605116263	0.3886266994535031	0.37474837678957484	0.8395171696990062	0.10705146148523906	0.06615284062517042	0.6769860028705913
81	0.27648963024404144	0.05391300416156997	0.5966855553536236	0.48687639038143304	0.371508332069702	0.12171040275228003	0.5353932496643544	0.3949423243132348	0.566272194196715	0.587981193063732	0.4524399411624539	0.5133782369320984	0.3323006317842192	0.8687513709580524	0.649875423174315	0.9149059719321577	0.2333128479568092	0.5858198634893151	0.20570574845532263	0.6926851034068578	0.29829868138372423	0.5031995132521502	0.6979385588619449	0.8795625028776561	0.4953128736565905	0.1989423146762896	0.4769969904296423	0.4463759471015012	0.6829250409859948	0.34728677715933354	0.5801338467425784	0.4434475951920144	0.15130839468470952	0.9227819025252604	0.6788981464980077	0.6122108585376178	0.485632939918176	0.6214889193729299	0.1712994186829826	0.5479656643451906	0.3015264098071229	0.645060840852628	0.16766176121762993	0.5780349538021015	0.3886732842128587	0.37471073380722436	0.8395279741181956	0.1070347858293983	0.06614896089039612	0.6769032634437087
82	0.27649464156033143	0.053921317549757375	0.5968086296385542	0.48677426437384524	0.37145694806805996	0.12168345733336806	0.5353924024465752	0.394984811324397	0.5662499095236094	0.5879948118314164	0.45243709529986065	0.5132932084578897	0.3322434710027657	0.8687844416626057	0.6499292406119	0.9149112000075876	0.2332986155415368	0.5860283230169415	0.205721877785356	0.6926910441438047	0.29826728618276893	0.5031128391001592	0.6979087539300761	0.8795982446397851	0.49524743746563193	0.19892487721668925	0.4770095351731867	0.4462722008786481	0.6829671314408226	0.3472739351561185	0.5801078885166607	0.44341531679264384	0.15130638265696544	0.9227905343943635	0.6789032141728383	0.612176318653962	0.48558296550964647	0.6215086560357528	0.17132490449274787	0.547961353208302	0.30153311692508833	0.6450734369966148	0.1676875830840252	0.578013190788212	0.3887194844165933	0.3746734029547257	0.839538913877825	0.10701787554246994	0.06614521265391597	0.6768210913095826
83	0.2765003070697824	0.0539297723305863	0.596932915893901	0.4866729308683027	0.37140616830934753	0.12165655554249896	0.5353915911725068	0.3950279961196865	0.5662277398335132	0.5880086696750001	0.45243404962569855	0.5132079281448843	0.3321855948293793	0.8688176751945281	0.6499822450739	0.9149166404750536	0.23328417168379037	0.5862354792584392	0.20573819669904891	0.6926972259512484	0.29823611124537264	0.5030267780608458	0.6978791968123649	0.8796337069719976	0.4951824792619105	0.19890729216585804	0.4770218004976105	0.44616879225331546	0.6830095354320175	0.34726122180001784	0.580082080765683	0.44338345572940885	0.15130433431981144	0.9227993117806845	0.6789088326357557	0.6121413306293144	0.4855332940805453	0.6215285258517391	0.17135022584716092	0.5479569205370475	0.3015406145281082	0.6450861449771869	0.16771382009697694	0.5779910588203394	0.38876532884503934	0.37463636094822805	0.8395499957421654	0.10700072050550342	0.066141593572674	0.676739438322335
84	0.27650663079049115	0.0539383736245643	0.5970584890340546	0.4865723284739617	0.37135596295895984	0.12162968134538382	0.5353908146153807	0.3950719047806713	0.566205673140915	0.5880227747939164	0.4524308036126095	0.5131223448686543	0.3321269667699481	0.8688510914281875	0.6500344675956795	0.914922295490259	0.23326950753476045	0.5864414550981003	0.20575471570105497	0.6927036513173893	0.2982051382757873	0.5029412794797155	0.6978498691841968	0.8796689109812418	0.49511796043352585	0.1988895489222131	0.47703379345805863	0.44606565980126556	0.6830522784871508	0.3472486286608586	0.5800564091239423	0.44335199336356523	0.1513022484698612	0.9228082398800289	0.6789150057398269	0.6121058723384191	0.48548389765958283	0.6215485423937933	0.17137539727366433	0.547952364095663	0.3015489078637893	0.6450989732443635	0.1677404884554581	0.5779685446597699	0.3888108452129638	0.37459958536806304	0.8395612266704425	0.1069833102410943	0.06613810158840469	0.6766582579058502
85	0.2765136179955034	0.05394712678247529	0.5971854255650781	0.48647239804418013	0.37130630369278605	0.12160281896485951	0.5353900716461989	0.39511656450462074	0.5661836977941009	0.5880371357788122	0.45242735631748854	0.5130364075454593	0.3320675493344044	0.8688847103452869	0.6500859372759445	0.9149281676265996	0.2332546139228684	0.5866463695411223	0.20577144555185442	0.6927103232057213	0.29817434960478073	0.5028562944469702	0.6978207534208275	0.8797038769972085	0.4950538437264527	0.19887163670522398	0.477045520482607	0.4459627434150334	0.6830953864819304	0.3472361476688962	0.5800308596591613	0.4433209120785359	0.15130012384373087	0.9228173241217856	0.6789217383851959	0.6120699210149496	0.48543474914517454	0.621568719326271	0.17140043282821543	0.5479476814222692	0.30155800369212926	0.6451119303664185	0.16776760501504678	0.5779456344711661	0.388856060226629	0.37456305461249995	0.8395726138243866	0.1069656339044656	0.06613473492048426	0.6765775049747603
86	0.2765212752051583	0.053956037390036446	0.5973138036748982	0.4863730825548183	0.37125716363693423	0.12157595285464674	0.5353893612272383	0.39516200362871334	0.5661618024593765	0.5880517616178569	0.45242370639217616	0.5129500650573099	0.3320073039882661	0.8689185520622139	0.6501366813436373	0.9149342598677208	0.23323948134422606	0.586850337936647	0.20578839728302217	0.6927172450467913	0.29814372815666695	0.5027717757052681	0.6977918325587014	0.8797386246122961	0.49499009317208753	0.19885354454203627	0.47705698738936786	0.44585998419995776	0.6831388856733231	0.3472237710940825	0.5800054188510134	0.44329019524155483	0.15129795911718688	0.9228265701731417	0.6789290365131975	0.6120334532223924	0.48538582226171023	0.6215890704312342	0.17142534611965468	0.5479428698305326	0.30156791027689683	0.6451250250444843	0.16779518730502968	0.5779223138112545	0.38890099963846	0.3745267478534487	0.8395841645771797	0.1069476802720982	0.06613149205984824	0.6764971358578649
87	0.2765296101847241	0.053965111273792506	0.5974437033340617	0.4862743269885754	0.37120851731190474	0.12154906767325736	0.5353886824060652	0.3952082516602768	0.5661399761057025	0.5880666617051509	0.45241985209209756	0.512863266174371	0.33194619109849405	0.8689526368589323	0.650186725218718	0.9149405756021748	0.23322409995132012	0.587053472191935	0.20580558221397538	0.6927244207323442	0.2981132574178214	0.5026876775616818	0.6977630902587951	0.8797731727195861	0.4949266740181999	0.19883526125278742	0.47706819940145984	0.44575732437212234	0.6831828027354937	0.34721149152654873	0.5799800735703905	0.44325982716840007	0.15129575290397348	0.922835983944552	0.67893690710489	0.6119964448213128	0.48533709151745175	0.621609609635445	0.17145015033307004	0.5479379264101669	0.3015786373834103	0.645138266127919	0.16782325354904298	0.5778985676143007	0.388945688299014	0.37449064499435203	0.8395958865235469	0.10692943772832707	0.06612837176391977	0.6764171082246243
88	0.27653863194677314	0.05397435450804972	0.5975752064047509	0.486176078225888	0.3711603405813274	0.12152214825832024	0.5353880343100343	0.3952553393120584	0.5661182079899162	0.5880818458508941	0.45241579128304465	0.5127759594758426	0.3318841698748476	0.8689869852089154	0.6502360925668522	0.9149471186199359	0.23320845954024036	0.5872558809763323	0.2058230119698819	0.6927318546115937	0.29808292140686266	0.5026039558043567	0.6977345107721284	0.879807539548645	0.4948635526636543	0.19881677543492063	0.47707916115991517	0.44565470715910765	0.6832271647978513	0.34719930185833975	0.5799548110595945	0.44322979309125965	0.15129350375436995	0.9228455715962652	0.6789453581835391	0.6119588709337186	0.4852885321643974	0.6216303510377914	0.17147485825199513	0.5479328480264228	0.3015901962820411	0.6451516626302131	0.16785182268865484	0.5778743801748972	0.38899015020601113	0.37445472663046236	0.8396077874907654	0.10691089425028234	0.06612537305249108	0.6763373810152568
89	0.27654835075778866	0.05398377342267121	0.5977083967559881	0.4860782849427937	0.3711126106053276	0.12149517960155691	0.5353874161412482	0.39530329854162194	0.5660964876426827	0.5880973242930109	0.452411521446286	0.5126880932703158	0.33182119830778345	0.8690216178096802	0.6502848053480623	0.9149538931105703	0.23319254953673935	0.5874576699139414	0.20584069850045006	0.6927395514893763	0.29805270464664996	0.5025205676242746	0.6977060789075369	0.8798417426990076	0.49480069659719106	0.19879807544677286	0.47708987673459924	0.4455520767043184	0.6832719994845724	0.34718719526642083	0.5799296189136085	0.44320007912974635	0.1512912101535237	0.9228553395457062	0.6789543988206109	0.6119207059051595	0.48524012016039847	0.6216513089368779	0.17149948227930661	0.5479276313186958	0.30160259975682385	0.6451652237452489	0.1678809144093562	0.577849735128537	0.38903440855024146	0.3744189740116496	0.8396198755503824	0.10689203739151434	0.0661224952045037	0.6762579143748824
90	0.2765587781485355	0.053993374611573906	0.5978433603832083	0.4859808975160582	0.371065305798549	0.12146814682460247	0.5353868271719446	0.39535216259406225	0.5660748048553084	0.5881131077099608	0.4524070396821843	0.5125996155164657	0.33175723310382227	0.8690565556135353	0.6503328838594346	0.9149609036628437	0.2331763589813791	0.5876589417641301	0.20585865409935308	0.6927475166259542	0.2980225921382136	0.5024374715424371	0.6976777800017796	0.8798757991712297	0.4947380743404886	0.19877914939067728	0.4771003496332227	0.44544937797552064	0.683317334955044	0.34717516519696384	0.5799044850625771	0.44317067226505447	0.15128887051960072	0.9228652944755515	0.6789640391448729	0.6118819232651226	0.4851918321337642	0.6216724978585586	0.17152403445671294	0.5479222726983779	0.30161586211860086	0.6451789588637463	0.16791054916848328	0.5778246154303964	0.38907848575821224	0.374383369007851	0.8396321590304666	0.1068728542646051	0.06611973775567279	0.6761786695920796
91	0.2765699269277699	0.05400316494178397	0.5979801855305871	0.4858838679357736	0.3710184057928318	0.12144103515583583	0.5353862667402844	0.39540196604731587	0.5660531496675208	0.5881292072344859	0.4524023427124905	0.5125104737448332	0.3316922296191923	0.869091819858207	0.650380346771993	0.9149681552655862	0.23315987651399164	0.5878597965891957	0.20587689142407445	0.6927557557382561	0.2979925693367088	0.5023546273427139	0.6976495998920221	0.879909725395432	0.49467565539567493	0.1987599850957931	0.4771105828085245	0.44534655667811557	0.6833631999447404	0.3471632053509048	0.5798793977556045	0.4431415603172347	0.151286483201789	0.9228754433423408	0.678974290354235	0.6118424956862215	0.48514364535055204	0.6216939325832253	0.1715485264827446	0.5479167683460665	0.3016299992221836	0.6451928775897554	0.16794074822464722	0.5777990033327101	0.389122403531437	0.37434789407724034	0.8396446465282306	0.10685333152303418	0.0661171004969043	0.6760996090421475
92	0.2765818111988966	0.0540131515629231	0.5981189628146943	0.48578714972556925	0.3709718914045154	0.12141382990835853	0.5353857342465047	0.39545274485941956	0.566031512356314	0.5881456344680769	0.45239742688147244	0.5124206149813433	0.33162614179246797	0.8691274320970486	0.6504272111618704	0.9149756533096313	0.23314309035765535	0.5880603319086555	0.20589542351598525	0.6927642750023526	0.2979626221294627	0.5022719960105385	0.6976215248907183	0.879943537257273	0.49461341019740995	0.19874057010085086	0.4771205786637063	0.44524355917358915	0.6834096238061026	0.3471513096707602	0.5798543455459656	0.4431127319255499	0.15128404647819008	0.9228857933854903	0.6789851647299953	0.6118023949426102	0.48509553768470626	0.6217156281726921	0.1715729697291772	0.5479111142082348	0.30164502848705593	0.6452069897570709	0.16797153366829437	0.5777728803610764	0.3891661828823018	0.37431253223716704	0.8396573469228868	0.10683345534253788	0.06611458347345614	0.6760206961353148
93	0.2765944463792158	0.05402334191700907	0.5982597853481911	0.4856906978705238	0.3709257446063277	0.12138651645924135	0.535385229149409	0.3955045364171305	0.5660098834259394	0.588162401495957	0.4523922881560315	0.5123299856731358	0.33155892207684373	0.8691634142285711	0.6504734925359129	0.9149834035906659	0.2331259883023715	0.5882606428397467	0.2059142638204854	0.6927730810569823	0.2979327368161676	0.5021895396775955	0.6975935417628955	0.8799772501213164	0.4945513100696293	0.1987208916369814	0.4771303390561946	0.44514033240350515	0.6834566365490378	0.3471394723286801	0.5798293172778042	0.44308417653186627	0.151281558553628	0.9228963521365806	0.6789966756531791	0.6117615918680207	0.485047487591182	0.6217375999965409	0.17159737525582833	0.5479053059934593	0.3016609689211798	0.6452213054454681	0.16800292845305376	0.5777462272900068	0.3892098441664653	0.3742772670379021	0.8396702693886107	0.10681321140217849	0.0661121869847961	0.6759418952700921
94	0.27660784922141834	0.054033743748463245	0.5984027488623905	0.4855944687528317	0.37087994850380085	0.1213590802301435	0.5353847509631606	0.3955573795853648	0.5659882535991196	0.5881795209023962	0.45238692212494963	0.5122385316172251	0.33149052137263135	0.8691997885250563	0.650519204851867	0.9149914123128309	0.23310855768860805	0.5884608222238011	0.20593342620705743	0.6927821810079485	0.29790290009126424	0.5021072215726049	0.6975656377058445	0.8800108788517575	0.49448932718701527	0.1987009366107823	0.47713986529980984	0.44503682381936316	0.6835042688806854	0.34712768771571334	0.5798043020743899	0.4430558843670266	0.15127901755740392	0.9229071274288059	0.67900883762268	0.6117200563137742	0.4849994740821718	0.6217598637578063	0.17162175382368022	0.5478993391682981	0.30167784114749235	0.6452358349966598	0.16803495642755764	0.5777190241180032	0.38925340711176704	0.3742420825392087	0.8396834234074922	0.10679258486532187	0.06610991158511138	0.6758631717919357
95	0.2766220378370061	0.05404436511422291	0.5985479518275643	0.48549842009525845	0.3708344873161553	0.12133150666940172	0.5353842992543504	0.3956113147569367	0.5659666138095497	0.5881970057861778	0.45238132399740605	0.5121461978924756	0.3314208889605386	0.8692365776600296	0.6505643605332946	0.9149996860929229	0.23309078539087197	0.5886609607382087	0.20595292498908613	0.6927915824332159	0.2978730990285477	0.5020250059782972	0.6975378003312014	0.8800444378304936	0.4944274345412474	0.198680691587768	0.4771491581654162	0.44493298131861103	0.6835525522441206	0.34711595043225885	0.579779289327995	0.4430278464401509	0.15127642154102394	0.9229181274064703	0.6790216662749188	0.6116777571071147	0.484951476706541	0.6217824355178913	0.17164611590628717	0.5478932089529045	0.30169566743269843	0.6452505890298866	0.16806764236743488	0.5776912500424397	0.3892968908436257	0.37420696328975217	0.8396968187823725	0.10677156036071371	0.06610775808442561	0.6757844919573688
96	0.2766370317213155	0.05405521439385759	0.5986954955699002	0.4854025109124114	0.37078934636158556	0.12130378123568171	0.5353838736393081	0.39566638390209197	0.5659449551957515	0.5882148697760453	0.45237548860089993	0.5120529287953691	0.3313499724362783	0.8692738047343728	0.6506089704793738	0.9150082319650483	0.23307265780146816	0.5888611469936982	0.2059727749433022	0.6928012933885418	0.29784332106803185	0.5019428581946609	0.6975100176494171	0.8800779409725143	0.49436560591208173	0.19866014277634675	0.47715821788013213	0.444828753187093	0.6836015188556666	0.3471042552796773	0.5797542686914475	0.4430000545308059	0.15127376847592597	0.922929360534429	0.6790351784047447	0.6116346620101925	0.48490347553257024	0.6218053317205957	0.17167047169942706	0.5478869103164627	0.30171447171796656	0.6452655784570513	0.16810101200718203	0.5776628834345164	0.38934031390691376	0.37417189430936104	0.8397104656494501	0.10675012196384058	0.06610572755027892	0.6757058229036962
97	0.2766528517798126	0.05406630029958681	0.5988454843839869	0.4853067014698585	0.3707445120468798	0.12127588938328897	0.5353834737816302	0.39572263061731305	0.5659232690963454	0.5882331270459482	0.45236941037871414	0.5119586677800468	0.3312777176470739	0.8693114933008514	0.6506530440697355	0.9150170573855789	0.23305416081460623	0.5890614676166643	0.2059929913287028	0.6928113224134734	0.29781355400510207	0.5018607445085453	0.697482278056603	0.8801114017385986	0.49430381584330474	0.19863927601247033	0.47716704412517763	0.4447240880482196	0.6836512017404863	0.3470925972530392	0.57972923007142	0.44297250118398296	0.1512710562512329	0.9229408356073568	0.6790493919872942	0.611590737680048	0.4848554511341029	0.6218285692151461	0.17169483112895842	0.5478804379725334	0.3017342796511283	0.6452808144973033	0.1681350920716107	0.5776339018145604	0.3893836942842922	0.3741368610741499	0.8397243744905533	0.10672825317876695	0.06610382130992638	0.6756271326244531
98	0.27666952035531683	0.054077631886091174	0.5989980256396352	0.48521095325114083	0.37069997186131076	0.12124781654924034	0.5353830993898965	0.3957801001728501	0.5659015470468012	0.5882517923299023	0.45236308338705733	0.5118633574031473	0.3312040686306669	0.8693496673868224	0.6506965891644979	0.9150261702382594	0.23303527981102687	0.5892620073162348	0.20601358990478946	0.6928216785375392	0.2977837859819952	0.5017786321697186	0.6974545703237535	0.8801448331452897	0.49424203962362323	0.1986180767451116	0.4771756360324419	0.44461893481916903	0.6837016347660968	0.3470809715349871	0.5797041636235118	0.4429451797078273	0.1512682826715604	0.9229525617587314	0.6790643262005026	0.6115459496299612	0.4848073845801998	0.6218521652780921	0.17171920385684128	0.5478737863743941	0.3017551186199588	0.6452963086909734	0.16816991030655043	0.5776042818279634	0.3894270494109799	0.37410184950452435	0.8397385561449532	0.10670593692065097	0.06610204095300772	0.6755483899507295
99	0.27668706125577336	0.05408921855999805	0.5991532298817411	0.48511522893275	0.37065571437472905	0.12121954814221195	0.5353827502155495	0.39583883955837984	0.565879780777737	0.588270880936259	0.4523565012920281	0.5117669392740073	0.3311289675574901	0.8693883515148552	0.6507396120996657	0.9150355788393029	0.2330159996433344	0.5894628489357199	0.20603458694894847	0.6928323712864526	0.29775400548164743	0.5016964893734861	0.6974268835883488	0.8801782477721214	0.49418025327255816	0.19859653002274075	0.4771839921798569	0.44451324267446596	0.6837528526734229	0.347069373490696	0.5796790597491901	0.44291808417405354	0.15126544545490953	0.9229645484694046	0.6790800014479487	0.6115002621925737	0.48475925742841175	0.621876137633917	0.1717435992852747	0.5478669497104754	0.3017770177860809	0.6453120729127433	0.1682054955084572	0.5775739992220708	0.38947039618592816	0.3740668459560931	0.8397530218205929	0.10668315549915917	0.0661003883346375	0.6754695645385315
100	0.27670549978216086	0.054101070088911546	0.5993112109217346	0.4850194923671678	0.3706117292397967	0.12119106953349192	0.5353824260509131	0.3958988975261288	0.5658579622148372	0.5882904087611617	0.45234965736655147	0.5116693540108692	0.3310523546767589	0.869427570720983	0.6507821176780642	0.915045291942306	0.23299630462224563	0.5896640734880235	0.2060559992727745	0.6928434106881388	0.2977242013239632	0.501614285250011	0.697399207348354	0.880211657766057	0.4941184335314344	0.1985746204809888	0.4771921105856734	0.44440696101733634	0.6838048911049546	0.3470577986639185	0.5796539090946549	0.4428912094209882	0.15126254223067936	0.9229768055756215	0.679096439381667	0.6114536384852411	0.48471105172178985	0.6219005044741908	0.17176802655889872	0.5478599218999904	0.30180000811898683	0.6453281193839181	0.16824187755253728	0.5775430288243707	0.3895137509793506	0.3740318372135243	0.8397677831045817	0.10665989060302845	0.06609886557886124	0.6753906268623601
101	0.27672486275606395	0.054113196609837606	0.5994720859189728	0.4849237085741044	0.3705680071982956	0.1211623660500893	0.5353821267273258	0.3959603246307099	0.5658360834804674	0.5883103923009334	0.45234254448745115	0.5115705412038268	0.33097416826733733	0.8694673505702423	0.6508241091560016	0.9150553187427956	0.2329761785039909	0.5898657601745078	0.20607784423710704	0.6928548072783688	0.2976943626645641	0.5015319898604965	0.6973715314586366	0.8802450748430894	0.4940565578595752	0.19855233233171515	0.4771999887017421	0.44430003945929986	0.6838577866295175	0.3470462427741078	0.5796287025517096	0.4428645510591708	0.15125957053783576	0.9229893432763292	0.6791136629245274	0.6114060403781385	0.4846627499897734	0.6219252844750472	0.17179249456499907	0.5478526965888729	0.3018241224296054	0.6453444606836484	0.16827908741894154	0.5775113445223765	0.3895571296365459	0.37399681048739747	0.8397828519727899	0.10663612328605296	0.06609747508241572	0.6753115482152112
102	0.27674517854637865	0.05412560863683521	0.5996359754501958	0.4848278437401072	0.37052454009144353	0.12113342297017138	0.535381852113367	0.3960231732648189	0.5658141368970705	0.5883308486631108	0.4523351551328337	0.5114704393853526	0.3308943445943649	0.869507717169128	0.6508655882258642	0.9150656688821985	0.2329556044791386	0.590067986386708	0.20610013976551564	0.6928665721057711	0.2976644789960922	0.5014495742004291	0.6973438461298437	0.8802785102869453	0.4939946044358384	0.19852964935372508	0.47720762340591716	0.4441924278085346	0.6839115767630939	0.3470347017146156	0.5796034312607197	0.4428381054794434	0.15125652782328122	0.9230021721395975	0.6791316962917151	0.6113574284657214	0.4846143352531069	0.6219504968127433	0.17181701193164495	0.5478452671461533	0.30184939540276745	0.6453611097589216	0.16831715721652252	0.5774789192456509	0.3896005474779342	0.37396175341411353	0.8397982407983515	0.10661183395481694	0.0660962195187241	0.6752323007152355
103	0.2767664770945371	0.05413831706769936	0.5998030035648858	0.48473186522675593	0.37048132087414526	0.12110422552103114	0.5353816021131524	0.3960874976898079	0.5657921149924399	0.5883517955757941	0.4523274813799811	0.5113689860093766	0.33081281787278577	0.8695486971745233	0.6509065549948745	0.9150763524510107	0.2329345651631547	0.590270827690192	0.20612290435592442	0.692878716735962	0.2976345401521519	0.5013670102101097	0.697316141929784	0.880311974944815	0.49393255216565535	0.19850655488542174	0.4772150109937164	0.4440840760676404	0.6839662999850452	0.3470231715519708	0.5795780866157554	0.44281186986344917	0.15125341144047444	0.9230153031079457	0.6791505650107913	0.6113077620422401	0.48456579103296155	0.6219761611770006	0.17184158702367924	0.5478376266609107	0.3018758636278226	0.6453780799331112	0.16835612020356847	0.577445724950485	0.3896440192952076	0.3739266540589433	0.839813962358851	0.10658700235853874	0.06609510184204762	0.6751528573193216
104	0.2767887899375521	0.05415133318945198	0.5999732978240524	0.48463574158770506	0.37043834363309897	0.1210747588798154	0.5353813766646812	0.396153354060011	0.5657700105069714	0.5883732513949389	0.4523195149039696	0.511266117440037	0.33072952023909363	0.8695903177986007	0.6509470079602792	0.9150873799909024	0.23291304258905468	0.5904743577897376	0.20614615709001924	0.6928912532545017	0.2976045363139888	0.5012842707927428	0.6972884097873798	0.8803454792200265	0.4938703806937637	0.19848303181971774	0.4772221471693891	0.4439749344415158	0.6840219957489938	0.34701164852624605	0.5795526602720275	0.44278584219645234	0.1512502186483559	0.9230287475023446	0.6791702959397224	0.6112569990821122	0.48451710136445536	0.6220022977817848	0.17186622793646994	0.5478297679399667	0.30190356562655446	0.6453953849128377	0.1683960108048411	0.5774117326078192	0.389687559343473	0.3738915009223106	0.8398300298419402	0.10656160758144784	0.0660941252917026	0.6750731918439102
105	0.27681215022807126	0.05416466868238448	0.6001469893196013	0.484539442594876	0.37039560360866497	0.12104500817728013	0.5353811757382098	0.3962208004395305	0.5657478164030041	0.5883952351091579	0.4523112469772563	0.5111617689513831	0.33064438173281113	0.8696326068091241	0.6509869439812652	0.9150987624954726	0.23289101820255917	0.5906786484748842	0.20616991764002424	0.692904194268349	0.297574458020019	0.5012013298403901	0.6972606409992641	0.8803790330615614	0.4938080704228517	0.19845906260158117	0.47722902703656583	0.44386495335617726	0.6840787044875083	0.3470001290525288	0.5795271441557306	0.44276002128237507	0.15124694661064453	0.9230425170246234	0.6791909172821888	0.611205096226081	0.4844682508147882	0.6220289273731142	0.1718909424873201	0.5478216835065003	0.30193254187740926	0.6454130387928544	0.16843686462414043	0.5773769121950809	0.38973118132925	0.37385628294942064	0.839846456849088	0.10653562803817744	0.06609329339623979	0.6749932789933768
106	0.27683659275051403	0.054178335622356966	0.6003242126710314	0.48444293927415	0.37035309722038684	0.12101495850487519	0.5353809993346336	0.3962898968100011	0.5657255258763787	0.5884177663415413	0.4523026684705076	0.5110558747395023	0.33055733028944273	0.869675592524488	0.6510263582479596	0.915110511409329	0.23286847286022422	0.590883769544787	0.20619420627237064	0.692917552905447	0.29754429617833295	0.5011181622681309	0.6972328272391104	0.8804126459503004	0.4937456025383633	0.1984346292286434	0.4772356450886937	0.4437540834894585	0.6841364676096175	0.34698860972351775	0.579501530476427	0.4427344067609335	0.1512435923955789	0.9230566237579763	0.6792124585993718	0.6111520087742307	0.4844192245062319	0.6220560712334289	0.17191573820442216	0.5478133655997948	0.30196283483490793	0.6454310560586276	0.16847871845150614	0.5773412326927099	0.3897748983941627	0.3738209895433635	0.8398632573971266	0.1065090414727253	0.06609260997746552	0.674913094396359
107	0.2768621539322263	0.05419234648101778	0.6005051059957571	0.48434620395095535	0.37031082209603233	0.12098459492550312	0.5353808474838568	0.39636070506764454	0.5657031323703411	0.5884408653479343	0.4522937698549752	0.5109483679487402	0.33046829174689457	0.8697193038027499	0.6510652442479173	0.9151226386251213	0.23284538683108383	0.5910897887111678	0.20621904384771111	0.6929313428120194	0.2975140420823166	0.5010347440568133	0.6972049605697989	0.8804463268818726	0.4936829590397399	0.19840971325535786	0.47724199519948873	0.4436422758146549	0.6841953274900382	0.34697708731326976	0.5794758117421118	0.4427089991267293	0.15124015297618748	0.9230710801652227	0.6792349508173084	0.6110976906870806	0.4843700081442366	0.6220837511819751	0.17194062231323065	0.5478048061763504	0.30199448894294506	0.645449451586229	0.1685216102640355	0.5773046620862518	0.38981872309414306	0.3737856105818372	0.8398804459172039	0.10648182496161436	0.06609207915416772	0.6748326146504473
108	0.2768888718484353	0.054206714123558826	0.6006898108488429	0.4842492103061849	0.37026877710399186	0.12095390248833879	0.5353807202431278	0.3964332890076872	0.5656806295919377	0.5884645530110332	0.45228454120676276	0.5108391807139099	0.3303771898676316	0.8697637700238063	0.6511035937305796	0.9151351564781186	0.23282173980241783	0.5912967714780297	0.20624445181665618	0.6929455781471088	0.2974836874295403	0.5009510523048171	0.69717703345853	0.8804800843459746	0.4936201227784036	0.1983842958012626	0.47724807061367525	0.44352948165830824	0.684255327448852	0.3469655587821282	0.5794499807771107	0.44268379975012834	0.15123662523118295	0.9230858990844254	0.6792584262287719	0.6110420945961554	0.4843205880509374	0.6221119895705782	0.1719656017201165	0.5477959969126289	0.3020275506404936	0.6454682406391047	0.16856557921915385	0.5772671673750215	0.3898626673739494	0.37375013643764915	0.8398980372507021	0.10645395492196891	0.06609170534538782	0.6747518173756858
109	0.2769167862196172	0.054221451803571206	0.6008784721273913	0.4841519334429198	0.37022696238883823	0.1209228662481448	0.5353806176953194	0.3965077142939614	0.5656580115310554	0.58848885082958	0.4522749722133709	0.5107282442206291	0.33028394637914654	0.8698090210637581	0.6511413966702608	0.9151480777378617	0.2327975108903381	0.5915047809966668	0.2062704522105205	0.6929602735738276	0.29745322434408394	0.500867065289281	0.6971490387950132	0.8805139263020098	0.4935570775028118	0.19835835756397535	0.4772538639383216	0.44341565277346845	0.684316511720204	0.34695402128286845	0.57942403074298	0.44265881089972553	0.15123300594658975	0.9231010937214172	0.6792829184884895	0.6109851718256192	0.4842709512043681	0.622140809274095	0.1719906829931544	0.5477869292097319	0.30206206835802357	0.6454874388612222	0.1686106656390161	0.5772287145884705	0.38990674253677826	0.3737145580031725	0.8399160466416191	0.10642540712531964	0.0660914932730574	0.6746706812773733
110	0.27694593839969944	0.05423657315450736	0.6010712379342229	0.4840543499644699	0.37018537940980206	0.12089147128956677	0.5353805399471329	0.3965840484112221	0.5656352724822702	0.5885137809018367	0.45226505218295104	0.5106154887861835	0.33018848103564924	0.8698550872603907	0.6511786412283191	0.9151614155963711	0.23277267865597792	0.5917138778943708	0.20629706762627617	0.692975444246727	0.2974226454024746	0.5007827625372823	0.6971209699128625	0.8805478601508956	0.49349380791093783	0.19833187883762543	0.47725936713513056	0.4433007414299115	0.6843789254084129	0.34694247216809776	0.5793979551625787	0.4426340357661569	0.15122929181822617	0.9231166776387366	0.6793084626003529	0.6109268724267646	0.4842210852837054	0.6221702336747347	0.17201587233988663	0.54777759420035	0.3020980925027167	0.6455070622660356	0.16865691098454252	0.5771892688115412	0.3899509592087393	0.3736788667189432	0.8399344897248501	0.10639615671805128	0.06609144796379159	0.6745891862186824
111	0.2769763713533151	0.05425209217719422	0.6012682593948384	0.4839564380642716	0.3701440309818701	0.12085970275694485	0.5353804871272022	0.39666236059740834	0.5656124070696719	0.5885393659024274	0.45225477005675374	0.5105008439635971	0.3300907117042461	0.8699019993685718	0.6512153137152717	0.9151751836523252	0.23274722112816376	0.5919241200751126	0.20632432120480626	0.6929911057946159	0.297391943663424	0.5006981249074813	0.6970928206143447	0.8805818927028747	0.49343029971055113	0.19830483953751538	0.4772645715140926	0.4431847005229496	0.6844426144296929	0.34693090899895324	0.579371747947501	0.4426094784869711	0.15122547945517859	0.923132664740403	0.6793350948951007	0.610867145227382	0.4841709787208868	0.6222002866393388	0.17204117558189544	0.5477679827583644	0.30213567543030406	0.6455271272206325	0.16870435781740412	0.5771487942204456	0.38999532729794256	0.37364305460659714	0.8399533825097271	0.10636617824952144	0.06609157474960246	0.6745073133036411
112	0.27700812962009663	0.054268023222773965	0.6014696904209583	0.4838581776282082	0.3701029213191454	0.12082754589023317	0.5353804593840777	0.3967427217527439	0.565589410274849	0.5885656290515193	0.45224411442530776	0.5103842386718918	0.32999055447926706	0.8699497885042331	0.6512513985537448	0.9151893958905591	0.23272111583355592	0.5921355624903604	0.2063522366014421	0.6930072742980921	0.29736111270156124	0.5006131346827676	0.6970645851986271	0.8806160301411691	0.49336653968768673	0.19827721923189295	0.4772694677289699	0.44306748370262083	0.6845076254374762	0.34691932955513904	0.5793454034290577	0.44258514417222683	0.1512215653844214	0.9231490692519024	0.6793628529967614	0.6108059378982689	0.48412062075895845	0.6222309924885945	0.17206659812601216	0.5477580855115218	0.3021748714010792	0.6455476504243515	0.1687530497480652	0.5771072541304852	0.3900398559479424	0.37360711430635407	0.8399727413581091	0.10633544570899833	0.06609187926726338	0.6744250449710514
113	0.2770412592637526	0.054284380970376314	0.6016756874131947	0.4837595503499303	0.37006205608003595	0.12079498606767339	0.5353804568840619	0.3968252043222145	0.5655662774682103	0.5885925940752048	0.45223307354893094	0.5102656013558285	0.3298879238288149	0.8699984860754639	0.6512868782432836	0.9152040666561628	0.23269433983535523	0.5923482568780923	0.20638083794765144	0.6930239662609541	0.29733014664536134	0.5005277756744545	0.6970362584936801	0.8806502779813097	0.4933025157837034	0.19824899718181646	0.47727404577514443	0.4429490455252065	0.6845740057291103	0.3469077318463499	0.5793189163930075	0.4425610389304151	0.1512175460567539	0.9231659056946802	0.6793917757759398	0.610743197039406	0.4840700015175181	0.6222623759570419	0.17209214493198374	0.5477478928576585	0.30221573651734	0.6455686488810781	0.16880303136777244	0.5770646110577043	0.3900845534852707	0.37357103911925993	0.8399925829562253	0.10630393257269409	0.06609236745601973	0.6743423650999245
114	0.27707580780340774	0.05430118039874855	0.6018864088946284	0.4836605398597571	0.3700214424137542	0.12076200885592775	0.5353804798088759	0.3969098821475828	0.5655430044438342	0.5886202851558171	0.4522216353832328	0.5101448601787568	0.32978273277804687	0.8700481236990932	0.6513217333282074	0.9152192106223767	0.23266686978179155	0.5925622514679741	0.2064101498026168	0.6930411985745859	0.2972990402194696	0.500442033338578	0.6970078358919862	0.8806846410259839	0.49323821718133476	0.19822015239019322	0.47727829499043367	0.442829341629181	0.6846418031314664	0.3468961141251226	0.579292282118233	0.4425371698942403	0.15121341785424255	0.9231831888543636	0.6794219032878093	0.610678868288603	0.48401911206562376	0.6222944621426059	0.17211782047641777	0.5477373949849914	0.30225832863919233	0.6455901398643378	0.1688543481621438	0.5770208267963729	0.39012942736079465	0.3735348230544015	0.8400129242793929	0.10627161186230635	0.06609304555330321	0.6742592591270302
115	0.2771118241244029	0.05431843675098876	0.6021020150662569	0.48356113186773175	0.3699810890075076	0.12072860006843297	0.5353805283531301	0.39699683028470356	0.5655195874580259	0.5886487268707867	0.45220978761033787	0.5100219432525334	0.3296748931341608	0.8700987331009888	0.6513559423698705	0.915234842751412	0.2326386819657349	0.5927775906506088	0.20644019709331535	0.6930589884743046	0.29726778879162374	0.5003558949048443	0.6969793133902077	0.880719123315251	0.4931736344001288	0.1981906636611822	0.477282204059555	0.4427083289378516	0.6847110658627623	0.34688447490116003	0.579265496419564	0.44251354524571634	0.1512091770993791	0.9232009337418584	0.6794532766924378	0.6106128964557034	0.48396794450253466	0.622327276444255	0.17214362871282646	0.547726581897058	0.3023027072753061	0.6456121408742154	0.16890704640376364	0.5769758625144938	0.39017448408463573	0.37349846088130295	0.8400337825486394	0.10623845621662342	0.06609392008806517	0.6741757141771428
116	0.2771493583654614	0.054336165491441824	0.6023226672744465	0.483461314321374	0.3699410061336532	0.12069474583279105	0.5353806027215711	0.39708612478149075	0.5654960232717655	0.5886779441185078	0.45219751767662913	0.5098967789088166	0.32956431575852746	0.8701503459981462	0.6513894819248772	0.9152509782472323	0.23260975239689696	0.5929943146087319	0.20647100504157415	0.6930773534865711	0.2972363884243625	0.5002693495187549	0.6969506876329523	0.8807537280719889	0.4931087594016576	0.19816050967125798	0.47728576102300446	0.4425859658910909	0.6847818423676523	0.3468728129571637	0.5792385556949365	0.44249017423994585	0.15120482006618177	0.9232191555463821	0.6794859381548315	0.6105452256857451	0.48391649204664067	0.6223608444862515	0.17216957302759772	0.54771544344293	0.30234893344485836	0.6456346695850352	0.16896117302093372	0.5769296788697466	0.39021972915440045	0.3734619481877035	0.8400551751781661	0.10620443797789277	0.0660949978713	0.6740917192065571
117	0.2771884617788172	0.05435438225373182	0.6025485273796859	0.48336107757863034	0.369901205695959	0.12066043266806724	0.5353807031260813	0.39717784241147064	0.5654723091972167	0.5887079620295526	0.45218481283787815	0.5097692960163795	0.32945091089188944	0.870202993960489	0.6514223265310183	0.9152676324992541	0.23258005688822173	0.5932124589082319	0.20650259907643584	0.6930963113658641	0.29720483593170005	0.5001823883973903	0.6969219559607709	0.8807884576424642	0.4930435857048484	0.19812966905334348	0.4772889532912026	0.4424622127086937	0.6848541811223946	0.3468611273662094	0.5792114569770721	0.44246706722685364	0.1512003429934907	0.9232378695794166	0.6795199307218261	0.6104757996547708	0.48386474913291294	0.6223951920273223	0.1721956561917311	0.547703969353393	0.30239706950652345	0.6456577437826428	0.16901677543946803	0.5768822361484892	0.39026516697649216	0.3734252814429003	0.8400771197125004	0.10616952929480049	0.06609628598328343	0.6740072651604044
118	0.27722918655959544	0.054373102778816955	0.6027797570151271	0.4832604145964497	0.36986170127398	0.12062564757291032	0.5353808297824011	0.39727206035743545	0.565448443148449	0.5887388058614298	0.45217166021270283	0.5096394243494095	0.3293345885390188	0.8702567082501529	0.6514544487029106	0.9152848210158379	0.23254957115819264	0.5934320540469233	0.20653500473003475	0.6931158800199225	0.2971731289409205	0.5000950049992853	0.6968931164624884	0.8808233134319416	0.4929781085117423	0.19809812049552714	0.47729176766485715	0.44233703168799954	0.6849281304066651	0.3468494175106873	0.5791841979898378	0.44244423567004265	0.15119574210072542	0.9232570912084819	0.6795552981727015	0.6104045618022921	0.48381271151917654	0.6224303448529437	0.17222188030819507	0.5476921492838341	0.302447178949998	0.645681381290032	0.16907390139415443	0.5768334944306638	0.39031080078030667	0.37338845806681326	0.8400996337520816	0.10613370224405533	0.06609779175700065	0.6739223451442476
119	0.27727158564042326	0.05439234284186903	0.6030165167226212	0.4831593211353157	0.36982250816439866	0.12059037812544987	0.5353809829065475	0.39736885583931375	0.5654244236965094	0.5887705008749626	0.45215804684535926	0.5095070950120624	0.3292152589196765	0.8703115196358985	0.6514858189395716	0.9153025593463671	0.2325182709509065	0.5936531249591191	0.20656824751504807	0.6931360774219625	0.2971412659596186	0.5000071952087335	0.6968641680319554	0.8808582958353	0.4929123248439241	0.19806584285597884	0.47729419036258347	0.4422103875384964	0.6850037380383615	0.3468376831028208	0.5791567772094253	0.4424216921618243	0.15119101360639461	0.9232768357795544	0.6795920848401439	0.610331455604701	0.48376037640145203	0.622466328648801	0.172248246754786	0.547679972864633	0.3024993261451695	0.6457055998799739	0.16913259870625394	0.5767834137836485	0.39035663252515784	0.37335147650489375	0.8401227348659461	0.10609692897270721	0.06609952275719186	0.6738369546103494
120	0.27731571244695535	0.05441211816669901	0.6032589649532746	0.4830577959799355	0.3697836434180157	0.12055461259595132	0.5353811627109022	0.39746830567999775	0.5654002501289399	0.5888030721902305	0.45214395977893956	0.5093722409247936	0.3290928329931265	0.8703674581801735	0.6515164057464062	0.9153208629906361	0.232486132175878	0.5938756904742305	0.20660235278166533	0.693156921508398	0.2971092464480692	0.49991895753475213	0.6968351104292597	0.8808934041626628	0.4928462336897806	0.19803281529577202	0.4772962070569273	0.44208224775616023	0.6850810510675435	0.34682592420675923	0.5791291939304507	0.44239945043335266	0.15118615374966493	0.9232971185268863	0.6796303353979353	0.6102564248941951	0.4837077425385488	0.6225031688533686	0.17227475612240428	0.5476674297599073	0.30255357604368127	0.6457304171732181	0.16919291502316605	0.5767319544882961	0.39040266279983876	0.37331433630895067	0.840146440490093	0.10605918186345573	0.06610148675439179	0.6737510915589014
121	0.2773616206097266	0.0544324443263819	0.6035072569189788	0.48295584117611523	0.3697451258708963	0.12051834007322018	0.535381369399943	0.39757048580254634	0.5653759225138045	0.5888365446199246	0.4521293861401004	0.509234797378179	0.3289672230638051	0.8704245529962662	0.6515461756743453	0.915339747294204	0.2324531310696358	0.5940997627279001	0.20663734555191293	0.693178430060509	0.2970770708969552	0.49983029332478607	0.6968059443463914	0.8809286365601312	0.49277983616263393	0.1979990174313906	0.4772978029200261	0.44195258304026025	0.6851601154254914	0.34681414126222315	0.5791014483370284	0.44237752535866615	0.15118115881531088	0.9233179544689171	0.6796700946115408	0.6101794142280124	0.4836548103860014	0.6225408904874494	0.17230140814870723	0.5476545097355	0.30260999382731607	0.6457558505207698	0.16925489751618059	0.5766790773005628	0.3904488907147998	0.37327703822390546	0.840170767810037	0.10602043372530978	0.06610369169329335	0.6736647567543523
122	0.27740936362751095	0.05445333662867637	0.6037615432809916	0.48285346228363735	0.3697069761679868	0.12048155060573604	0.5353816031655922	0.3976754706519367	0.5653514417682294	0.5888709424778873	0.4521143132364914	0.5090947026600465	0.3288383434759987	0.8704828319729391	0.651575093379128	0.9153592273283327	0.23241924438124198	0.5943253465245564	0.20667325032908768	0.6932006205684531	0.29704474091041533	0.4997412069930428	0.6967766714773	0.8809639899257775	0.49271313566965624	0.1979644295087515	0.47729896268023847	0.44182136775527453	0.6852409755247585	0.34680233510965647	0.5790735415788135	0.4423559329513042	0.15117602516238027	0.9233393582889363	0.6797114070475745	0.6101003693129564	0.48360158223932476	0.6225795179584422	0.1723282016471558	0.547641202737134	0.3026686444973405	0.6457819168686877	0.1693185925320692	0.5766247437522546	0.3904953137870262	0.37323958428040926	0.8401957336260127	0.10598065801203164	0.06610614565472253	0.6735779539567922
123	0.27745899447719846	0.05447480998480142	0.6040219686615071	0.4827506686446886	0.3696692167773214	0.12044423535845983	0.535381864182162	0.39778333253439496	0.5653268097313964	0.5889062893605613	0.45209872866807493	0.5089518987617231	0.3287061114055029	0.8705423214639372	0.6516031217039818	0.915379317753097	0.23238444958390375	0.5945524386507862	0.2067100908800087	0.6932235100759764	0.2970122592942873	0.49965170626311395	0.6967472945921966	0.8809994598211642	0.49264613809129676	0.19792903260058886	0.4772996706911528	0.4416885804403738	0.685323673806066	0.34679050701680864	0.5790454758519337	0.4423346903520355	0.15117074925691526	0.9233613441991265	0.6797543167380032	0.6100192374902834	0.48354806238642517	0.6226190748370645	0.1723551344315428	0.547627498979675	0.3027295923987458	0.6458086326038249	0.16938404519416747	0.57656891649449	0.3905419278178122	0.3732019778931572	0.8402213541992625	0.10593982907083321	0.06610885681047415	0.673490690168115
124	0.27751056516511	0.05449687876012325	0.604288669964347	0.48264747366706434	0.36963187199273745	0.1204063867861841	0.535382152600874	0.3978941408673382	0.5653020292418481	0.5889426078990809	0.4520826204535328	0.5088063321690327	0.3285704477561859	0.8706030459398441	0.651630221789174	0.9154000326622672	0.2323487251148389	0.5947810271395819	0.2067478899877954	0.6932471150041901	0.2969796301493165	0.4995618024242539	0.6967178176158737	0.8810350403787678	0.49257885197073764	0.1978928088290209	0.47729991101445174	0.4415542043686472	0.6854082502279516	0.3467786587066386	0.5790172544846338	0.44231381580610096	0.15116532770906888	0.923383925786628	0.6797988667948905	0.6099359682860254	0.4834942572688238	0.6226595836042664	0.17238220323617945	0.5476133890484445	0.3027929006732169	0.6458360133789413	0.16945129894857688	0.576511559687475	0.3905887267637832	0.373164223964617	0.840247645077849	0.10589792242377037	0.06611183337023199	0.6734029758923988
125	0.2775641262147003	0.05451955660533602	0.6045617744915193	0.482543895120984	0.3695949679228221	0.12036799882418364	0.5353824685439412	0.3980079613331483	0.5652771042188603	0.588979919479807	0.45206597717291985	0.5086579547433258	0.32843127816909873	0.8706650275999106	0.6516563532121242	0.9154213854086037	0.2323120506454841	0.5950110904863491	0.20678666917294217	0.6932714509528172	0.2969468589689772	0.49947151060033707	0.6966882457096962	0.8810707242058243	0.4925112887126387	0.19785574161503952	0.4772996675181549	0.44141822815781173	0.6854947416952824	0.3467667923863882	0.5789888820273503	0.4422933286282519	0.15115975731494632	0.9234071158403196	0.6798450989715271	0.6098505140316769	0.4834401756511388	0.6227010653661502	0.17240940363202115	0.5475988640134993	0.302858630634693	0.6458640739156594	0.16952039505121388	0.5764526394400792	0.3906357026016879	0.37312632899374604	0.8402746209004871	0.10585491508418571	0.06611508351978244	0.6733148254095969
126	0.277619726085766	0.05454285626679566	0.6048413978435312	0.48243995544788865	0.36955853246362363	0.1203290670967561	0.5353828120982016	0.39812485493042304	0.5652520397475197	0.5890182439312482	0.4520487881276601	0.5085067246972065	0.3282885341512122	0.8707282859417556	0.6516814741619115	0.9154433884083046	0.23227440738399385	0.5952425968185926	0.20682644838060021	0.6932965324774172	0.2969139527413999	0.4993808500301054	0.6966585853567956	0.8811065022852808	0.49244346279012463	0.1978178159565103	0.4772989239917767	0.441280646433564	0.6855831814230956	0.34675491077762355	0.5789603643467934	0.4422732491537565	0.15115403510347877	0.9234309261571028	0.6798930531659634	0.6097628305598568	0.48338582879801856	0.6227435395348571	0.17243672993914136	0.5475839155577328	0.30292684106159584	0.6458928277838494	0.1695913719916654	0.5763921243024857	0.3906828451876982	0.37308830118910047	0.8403022951769957	0.1058107859103704	0.06611861534973605	0.6732262570612235
127	0.2776774105206348	0.05456678937480099	0.6051276415931399	0.48233568207905064	0.3695225952524957	0.12028958914401643	0.5353831833082994	0.3982448769170696	0.5652268421670021	0.5890575991755591	0.452031043518855	0.5083526076687366	0.3281421543299443	0.8707928372872387	0.6517055416521054	0.9154660529234978	0.23223577841173423	0.5954755030224519	0.20686724563221415	0.6933223728412696	0.2968809200547263	0.49928984435683144	0.6966288444498396	0.8811423638747196	0.4923753919586068	0.19777901873603523	0.4772976642799112	0.44114146054595027	0.6856735982327792	0.3467430171469893	0.5789317087234583	0.442253598673458	0.15114815838860116	0.923455367326633	0.6799427668632871	0.6096728779790267	0.4833312306574169	0.622787023473643	0.17246417513611145	0.5475685361195614	0.3029975874002346	0.645922287156198	0.1696642648502273	0.5763299858148019	0.39073014211219753	0.37305015058554414	0.840330680044141	0.10576551599831986	0.06612243677400001	0.6731372935462284
128	0.27773722181339344	0.05459136620882298	0.6054205907247961	0.4822311077611968	0.3694871876003006	0.12024956466700759	0.5353835821694247	0.3983680756406846	0.5652015191613815	0.5890980008431638	0.452012734644698	0.5081955778966291	0.32799208583830075	0.8708586942633586	0.6517285117758439	0.915489388821899	0.23219614905512598	0.5957097538307592	0.20690907664001618	0.6933489837408477	0.2968477712050037	0.4991985219249609	0.6965990323805814	0.8811782964043356	0.49230709747461743	0.19773933905968918	0.4772958724356823	0.44100067933812914	0.6857660157783937	0.3467311153373511	0.5789029239518036	0.4422343993509144	0.15114212482695133	0.9234804484936808	0.679994274513513	0.6095806215305466	0.4832763980487551	0.6228315321047353	0.17249173076701632	0.5475527190508072	0.3030709208746109	0.6459524625369739	0.16973910458513405	0.5762661991139596	0.39077757855132683	0.373011889163531	0.8403597859959095	0.1057190891150318	0.06612655543730125	0.6730479622246973
129	0.27779919799907205	0.054616595438975644	0.6057203108355473	0.48212627088562776	0.36945234239910785	0.12020899579080882	0.535384008619627	0.39849449125316955	0.5651760798521089	0.5891394618495555	0.45199385411753523	0.5080356194972862	0.32783828583359725	0.8709258652377759	0.6517503400069733	0.9155134043130768	0.23215550729369797	0.595945280879077	0.20695195438337757	0.6933763750041675	0.2968145183055034	0.49910691608065505	0.6965691601301884	0.881214285375289	0.4922386043173542	0.19769876862717978	0.47729353289535775	0.4408583199656436	0.6858604517019977	0.34671920979893384	0.5788740204421202	0.4422156741196375	0.15113593248123217	0.9235061770976128	0.6800476068427029	0.6094860325302445	0.4832213508541115	0.6228770774790815	0.17251938684703683	0.5475364587901898	0.30314688749889557	0.6459833624643608	0.16981591724788406	0.576200743600442	0.39082513711688094	0.37297353096967506	0.8403896215875972	0.10567149217321076	0.0661309786111548	0.6729582954263572
130	0.2778633719608883	0.05464248384341571	0.6060268450977452	0.4820212158165028	0.3694180940024831	0.12016788734484209	0.5353844625317342	0.39862415430854387	0.5651505348910848	0.5891819919339936	0.4519743961007761	0.5078727278423774	0.3276807231502969	0.8709943537095152	0.6517709815507937	0.915538105661179	0.23211384420456452	0.5961820017382405	0.20699588864668125	0.6934045542617742	0.2967811753960752	0.49901506547242186	0.6965392403591231	0.8812503142600181	0.492169941410093	0.19765730213337487	0.47729063067521593	0.4407144087627713	0.6859569167182287	0.346707305619975	0.5788450103228727	0.4421974465584894	0.1511295798892796	0.92353255858891	0.6801027900959762	0.6093890893951935	0.4831661122101277	0.6229236683077906	0.17254713176775474	0.5475197510525655	0.3032255269902919	0.6460149931862039	0.16989472312576476	0.5761336036653355	0.39087279770652256	0.3729350922370239	0.8404201931135796	0.10562271574747208	0.06613571307781008	0.6728683307601359
131	0.27792977045521416	0.05466903600186937	0.6063402109897174	0.48191599321305983	0.3693844780755053	0.12012624715899549	0.5353849437049256	0.3987570842454959	0.5651248965530025	0.5892255971606709	0.451954356565425	0.5077069110329644	0.3275193800843756	0.8710641576565993	0.6517903917475346	0.9155634968745145	0.23207115444271148	0.5964198189343185	0.2070408855192285	0.6934335265907275	0.2967477585508593	0.49892301434720976	0.6965092874951028	0.881286364406391	0.49210114183802456	0.19761493770037641	0.4772871515914463	0.44056898215066004	0.6860554136301464	0.3466954085563261	0.5788159075420279	0.44217974074340777	0.15112306613875026	0.9235595961231718	0.6801598452124092	0.6092897787544925	0.4831107086978066	0.6229713094559411	0.17257495220358962	0.5475025930337043	0.3033068715819073	0.6460473583096171	0.16997553581223984	0.5760647694768513	0.390920537356687	0.3728965915031185	0.840451504259229	0.10557275463116031	0.06614076500189532	0.6727781114201973
132	0.27799841305592576	0.054696253966125506	0.6066603968077291	0.48181066033954134	0.3693515314117828	0.12008408637348193	0.535385451856023	0.3988932877594471	0.565099178825374	0.5892702793839937	0.4519337335654649	0.5075381914628811	0.3273542543027626	0.871135268843831	0.6518085265310267	0.9155895793730525	0.23202743675543877	0.5966586189696068	0.2070869468587634	0.6934632941327052	0.296714285982348	0.4988308128364446	0.6964793178173849	0.8813224149478892	0.49203224305840504	0.1975716773383718	0.4772830825034621	0.4404220875797488	0.686155936280509	0.34668352505933414	0.5787867279655831	0.44216258107382334	0.15111639094718274	0.9235872902337174	0.6802187869335481	0.6091880966404757	0.4830551705268193	0.6230200014005307	0.17260283302105592	0.5474849836299623	0.30339094473768036	0.6460804584256601	0.17005836120781467	0.5759942378237932	0.39096833010100784	0.3728580497235619	0.8404835557281948	0.10552160843168232	0.06614613978972994	0.6726876864829631
133	0.27806931102225607	0.05472413690912306	0.6069873579812206	0.48170528135553	0.3693192917149872	0.12004141975953164	0.5353859866105871	0.3990327570728401	0.5650733974943549	0.5893160356809164	0.45191252753066274	0.507366607460129	0.32718536086671324	0.8712076720956901	0.651825342944167	0.9156163516356972	0.2319826945280542	0.5968982713612767	0.20713406972149287	0.6934938556882665	0.29668077813943833	0.4987385172255151	0.6964493495353296	0.8813584427223465	0.4919632870981961	0.1975275274323545	0.4772784115804777	0.4402737844964112	0.6862584684452602	0.34667166230123053	0.578757489471182	0.4421459920724281	0.15110955474699317	0.9236156384847002	0.6802796228493513	0.609084049753884	0.48299953171032367	0.6230697396556638	0.17263075719283114	0.5474669236716735	0.3034777597744143	0.6461142907112061	0.17014319645638853	0.5759220130113968	0.3910161468375796	0.3728194903784248	0.8405163448471784	0.10546928220078951	0.06615184193658617	0.6725971111886445
134	0.27814246609725135	0.05475268075520048	0.6073210132235077	0.48159992757825903	0.3692877973428072	0.11999826604707065	0.5353865474939287	0.39917546811705035	0.5650475702241716	0.5893628577548128	0.4518907415745815	0.5071922149904246	0.3270127343524163	0.8712813445413613	0.6518407997116175	0.9156438088301702	0.23193693635642187	0.5971386277176027	0.207182245763034	0.6935252062904094	0.2966472577967414	0.4986461901991851	0.6964194028588795	0.8813944222021144	0.4918943207336061	0.19748249925045466	0.47727312859054793	0.4401241453208318	0.6863629826790788	0.34665982819714314	0.5787282120343644	0.44212999815735515	0.15110255877473328	0.9236446351076004	0.6803423523879254	0.6089776567930916	0.48294383022564774	0.62312051416966	0.17265870571894892	0.5474484161684554	0.303567318399592	0.6461488485112153	0.17023002882496563	0.5758481078025345	0.39106395520889287	0.37278093956839853	0.8405498651514136	0.10541578709450736	0.0661578748625684	0.672506447199756
135	0.27821786924743674	0.05478187779517801	0.6076612405619248	0.4814946777072887	0.3692570870117584	0.11995464825447094	0.5353871339221692	0.39932137864478234	0.5650217166276292	0.5894107313171651	0.4518683818146697	0.5070150894017218	0.32683643104570087	0.8713562548412619	0.6518548578687268	0.9156719424294302	0.23189017664023986	0.5973795208752368	0.20723146061651904	0.6935573367618312	0.2966137501320246	0.4985539010543387	0.6963895000582685	0.8814303254388712	0.49182539564515615	0.1974366094680683	0.4772672252104801	0.43997325641985097	0.6864694391263866	0.3466480314227358	0.578698917804628	0.4421146233863667	0.15109540516367176	0.9236742706250658	0.6804069657583756	0.6088689498334798	0.4828881081555148	0.6231723087005894	0.1726866575577663	0.5474294665638924	0.3036596091779177	0.6461841209058952	0.17031883453793928	0.5757725443944574	0.3911117194988115	0.3727424260971801	0.8405841059553151	0.10536114105540488	0.06616424073823851	0.6724157628279853
136	0.2782954993583351	0.05481171629120372	0.608007873304687	0.4813896180007539	0.3692271994619924	0.1199105940142778	0.5353877451935163	0.39947042629803176	0.5649958583248408	0.589459635455389	0.45184545770025575	0.5068353271825677	0.32665653118041343	0.8714323624070701	0.6518674814439177	0.9157007398198249	0.23184243618895603	0.597620764124712	0.20728169325614584	0.6935902332617473	0.2965802827882724	0.49846172587038257	0.6963596655099528	0.8814661220266375	0.4917565685410961	0.1973898807002119	0.47726069535409366	0.43982121905492433	0.6865777843152099	0.3466362814263667	0.5786696311681205	0.44209989117330906	0.15108809703845327	0.9237045314673134	0.6804734428595077	0.6087579757384892	0.48283241180379494	0.6232251001788304	0.17271458956969463	0.5474100829962164	0.30375460594444686	0.6462200922686621	0.17040957758098968	0.5756953554180144	0.39115940055150483	0.37270398153613515	0.8406190519141911	0.10530536950762635	0.06617094030165455	0.6723251332196785
137	0.27837532190501757	0.054842180077701544	0.6083606960164221	0.4812848423912419	0.36919817308213143	0.11986613588754615	0.5353883804799447	0.3996225266636059	0.5649700189869977	0.5895095419973744	0.4518219823431182	0.5066530477006028	0.3264731411819682	0.8715096166301436	0.651878638189696	0.9157301839075628	0.2317937428300559	0.5978621505551562	0.20733291535674517	0.6936238768297361	0.2965468859164633	0.4983697476265772	0.696329925725435	0.8815017790868699	0.49168790124122047	0.19734234203259277	0.4772535355152361	0.43966815028150674	0.6866879499557003	0.34662458843455146	0.578640378793414	0.44208582397790736	0.1510806386102515	0.9237353995876875	0.6805417521709248	0.6086447975788193	0.4827767917790965	0.6232788580675442	0.17274247647701782	0.547390276560688	0.3038522661876854	0.6462567418224225	0.17050220849389985	0.5756165849427204	0.39120695571776937	0.3726656402668666	0.8406546825844801	0.1052485060526038	0.06617797266910173	0.6722346404891154
138	0.2784572876218341	0.05487324816629302	0.6087194405900616	0.48118045252829694	0.36917004549523025	0.11982131165808314	0.535389038819506	0.3997775713556904	0.5649442243616848	0.5895604148857767	0.4517979728440475	0.5064683948805279	0.3262863958688785	0.8715879561362917	0.6518883003550677	0.9157602527315981	0.2317441320071062	0.5981034525529293	0.20738509066241212	0.6936582429358145	0.2965135921948098	0.4982780562545868	0.6963003093593716	0.8815372612797927	0.49161946071241386	0.19729402953980163	0.47724574512076456	0.43951418377217694	0.6867998517698465	0.3466129634494203	0.5786111896564805	0.44207244297091985	0.1510730352704657	0.9237668520854518	0.6806118496472147	0.608529496030762	0.4827213030388779	0.6233335437344577	0.17277029084343254	0.5473700615683647	0.3039525294320831	0.6462940432034073	0.17059666317623567	0.5755362894671715	0.39125433883466254	0.3726274394969286	0.8406909719916877	0.10519059315067314	0.06618533514247468	0.6721443737877235
139	0.2785413312007502	0.054904894364184595	0.6090837825191744	0.48107655773364033	0.36914285310821787	0.11977616459653569	0.5353897191095202	0.3999354261728234	0.5649185022759765	0.5896122095776583	0.4517734506074962	0.5062815387736144	0.3260964605559914	0.8716673080880434	0.6518964454894957	0.91579091909259	0.23169364735247633	0.598344421492399	0.20743817437985415	0.6936933010477763	0.2964804368198979	0.4981867486136933	0.6962708471931038	0.8815725308463346	0.4915513190466375	0.19724498677686284	0.4772373268874076	0.4393594705318137	0.6869133883838318	0.34660141823678237	0.5785820950406894	0.4420597676777553	0.1510652936806254	0.9237988608454455	0.6806836776403239	0.60841217071889	0.48266600488620864	0.6233891098509492	0.1727980030772164	0.5473494557948964	0.30405531565577804	0.6463319640436039	0.17069286173473935	0.5754545388702335	0.39130150024478383	0.3725894192435904	0.8407278882169682	0.10513168277101066	0.06619302301700124	0.6720544292964914
140	0.2786273700531573	0.05493708691716963	0.609453337491271	0.48097327485452174	0.3691166306285992	0.11973074368294294	0.535390420100929	0.40009592938464233	0.5648928826133347	0.5896648724876784	0.4517484416350742	0.5060926769636125	0.32590353299398594	0.8717475875587124	0.6519030572656673	0.9158221502091923	0.2316423412171702	0.5985847876601355	0.20749211261475428	0.6937290142286847	0.296447457464927	0.49809592837547656	0.6962415720895747	0.8816075476851772	0.49148355337159705	0.19719526522819728	0.47722828717504756	0.4392041794692866	0.6870284403194322	0.3465899653033584	0.5785531285074149	0.4420478156048551	0.15105742185577897	0.923831392205794	0.6807571638797135	0.6082929414624747	0.4826109609108807	0.6234454998370836	0.17282558146214114	0.5473284807119126	0.30416052378605574	0.6463704655846559	0.1707907074062874	0.5753714172943086	0.3913483868618509	0.37255162228031014	0.8407653930151067	0.10507183698948035	0.06620102939376216	0.6719649101281528
141	0.27871530317537885	0.05496978819001534	0.6098276584383303	0.48087072800025393	0.3690914105537548	0.11968510377516005	0.5353911403941144	0.4002588902115371	0.5648673972601945	0.58971834049556	0.4517229767873471	0.5059020357470535	0.32570784507088246	0.8718286970055426	0.6519081263053463	0.9158539074144525	0.23159027513780053	0.5988242604561592	0.20754684187201922	0.6937653387791953	0.29641469420012617	0.4980057058044023	0.6962125189155031	0.8816422694694334	0.4914162456840784	0.19714492469596495	0.4772186363275806	0.43904849778665944	0.6871448691255653	0.3465786178617223	0.5785243258327077	0.442036601854422	0.15104942923826425	0.9238644066663682	0.6808322205442932	0.6081719493793332	0.4825562388663146	0.623502647373777	0.17285299222036943	0.5473071616925261	0.30426803032151317	0.6464095023378734	0.17089008559515634	0.575287023927982	0.3913949422893854	0.37251409404044333	0.8408034414783844	0.10501112851127885	0.06620934500222798	0.671875926125301
142	0.2788050101631112	0.05500295439850395	0.6102062331948621	0.48076904814704274	0.3690672226398458	0.11963930570954234	0.5353918784365103	0.4004240875674399	0.5648420800180997	0.5897725405408429	0.45169709200220254	0.5057098710198886	0.3255096641933608	0.8719105258718418	0.6519116509895748	0.9158861459064886	0.23153752021855692	0.5990625289172675	0.2076022886431327	0.693802223941034	0.29638218937041677	0.497916197420765	0.6961837244267159	0.8816766518073588	0.4913494825959481	0.1970940336078827	0.47720838899116247	0.4388926311440899	0.687262516695321	0.34656738978152146	0.5784957249054549	0.4420261387344018	0.15104132675841597	0.9238978586520342	0.6809087434642175	0.6080493577956272	0.4825019104736785	0.6235604760055983	0.17288019961158738	0.5472855281815335	0.3043776881360068	0.6464490218065895	0.17099086306784797	0.5752014736516987	0.3914411069992977	0.37247688247273364	0.8408419817623889	0.10494964109283411	0.06621795803876798	0.6717875935405522
143	0.2788963504243555	0.0550365354086674	0.610588482925103	0.4806683725967943	0.3690440933590298	0.11959341631955192	0.5353926325223382	0.4005912691418993	0.5648169664773602	0.5898273893298356	0.45167082845706474	0.5055164687976317	0.3253092942592067	0.8719929503500463	0.6519136382316134	0.9159188145687409	0.23148415740423245	0.599299262607533	0.20765836910579472	0.6938396116793045	0.2963499874255713	0.497827525532909	0.6961552271127047	0.8817106484512062	0.4912833549831799	0.1970426692231043	0.47719756439842287	0.43873680355673483	0.6873812048171856	0.3465562955256213	0.5784673655825979	0.4420164353719374	0.15103312687848197	0.9239316963458417	0.6809866114940936	0.6079253529058336	0.482448051144897	0.6236188988596081	0.17290716607248832	0.5472636138201038	0.30448932552471836	0.6464889642884332	0.171092887352535	0.5751148975070982	0.3914868185769086	0.372440037843342	0.8408809548911129	0.10488746983545316	0.06622685402774102	0.6717000345853035
144	0.2789891626436456	0.055070474619675396	0.6109737614882109	0.48056884427677976	0.3690220453553735	0.1195475083576278	0.5353934007948102	0.4007601509017164	0.5647920938484787	0.58988279318098	0.45164423266153525	0.505322145293275	0.3251070761278808	0.8720758333388721	0.6519141041884234	0.9159518558758613	0.2314302776191531	0.5995341129195116	0.20771498896239882	0.6938774365622444	0.2963181346984862	0.4977398176266777	0.6961270669968185	0.8817442115578381	0.4912179575290403	0.19699091771377097	0.47718618660621576	0.43858125697939426	0.6875007350113421	0.34654535006996323	0.578439289497286	0.4420074973397507	0.1510248436158236	0.92396586160802	0.6810656861016864	0.6078001441241131	0.48239473961683577	0.6236778185069302	0.17293385240042042	0.5472414565141964	0.3046027455566152	0.6465292627759793	0.17119598639292996	0.575027442948522	0.39153201203839855	0.3724036124796063	0.8409202946595611	0.10482472132192816	0.066236015712304	0.6716133768346183
145	0.27908326455213145	0.05510470894727609	0.6113613559122308	0.4804706108689635	0.3690010969114164	0.11950166030585437	0.5353941812511225	0.4009304170941385	0.5647675007480684	0.5899386480353559	0.4516173564667551	0.5051272464767869	0.32490338749477504	0.8721590246278309	0.6519130748844081	0.9159852059015736	0.23137598174641363	0.5997667148261426	0.2077720434444737	0.6939156257574268	0.2962866791278042	0.4976532056017328	0.6960992853890564	0.8817772920039963	0.49115338815382703	0.1969388740995682	0.47717428467376205	0.438426250535669	0.687620888702486	0.3465345688061414	0.5784115398163817	0.4419993263059911	0.1510164925414003	0.9240002899968948	0.6811458112174592	0.6076739640670851	0.48234205748996717	0.6237371269942286	0.1729602179844977	0.5472190984357312	0.30471772579970285	0.6465698429745818	0.17129996850765486	0.574939273834371	0.3915766202258047	0.37236766045143077	0.840959927652392	0.10476151356693372	0.06624542298241205	0.6715277524774317
146	0.27917845305788686	0.05513916892450588	0.6117504881427753	0.480373823760564	0.3689812614387103	0.11945595606180029	0.5353949717505423	0.4011017208322315	0.5647432269366838	0.5899948396585363	0.45159025697799976	0.5049321470426462	0.3246986420769427	0.8722423613411477	0.6519105867197299	0.9160187944444752	0.23132138042235792	0.599996689117422	0.20782941750976833	0.6939540991630653	0.2962556699220076	0.49756782484683026	0.6960719245891959	0.8818098397581401	0.49108974732537897	0.19688664201324174	0.47716189276774346	0.43827205935146984	0.6877414277791166	0.34652396742600156	0.5783841609445246	0.4419919197189443	0.15100809074961463	0.9240349109074439	0.681226813389899	0.6075470681090711	0.482290088666317	0.6237967060716894	0.17298622108673012	0.5471965859457211	0.30483401848522895	0.6466106234558066	0.17140462270557805	0.5748505701167335	0.39162057428343017	0.37233223718721586	0.8409997733967214	0.10469797575280507	0.0662550528475777	0.6714432974036884
147	0.2792745047882428	0.05517377893544005	0.6121403182194305	0.48027863681111754	0.3689625470067392	0.11941048448749061	0.5353957700258465	0.4012736853379185	0.5647193130069372	0.5900512440582731	0.4515629963578707	0.5047372487182156	0.3244932880247261	0.872325668670259	0.6519066868350332	0.9160525452866377	0.23126659362296637	0.6002236451473526	0.20788698625696608	0.6939927696918655	0.29622515716330083	0.4974838131494262	0.6960450275390359	0.8818418043095048	0.4910271372470142	0.1968343332767194	0.47714905018112735	0.4381189729581201	0.6878620955853351	0.34651356178795995	0.5783571981730247	0.4419852705385334	0.15099965679585334	0.9240696478420689	0.6813085022891624	0.6074197334546743	0.48223891868351343	0.6238564276422796	0.17301181917471756	0.5471739694292731	0.3049513511738508	0.6466515159636336	0.17150971940466064	0.5747615271904116	0.3916638042178482	0.37229739902259107	0.8410397446659473	0.1046342477244213	0.06626487946174069	0.6713601501233104
148	0.279371177090555	0.05520845759591073	0.6125299490105376	0.48018520493604405	0.3689449559253298	0.1193653388119384	0.5353965736983042	0.4014459059086283	0.5646958000215162	0.5901077281393072	0.4515356415090278	0.5045429778564199	0.32428780548547775	0.8724087609193246	0.6519014333050023	0.9160863765978692	0.23121175002192296	0.6004471841050663	0.20794461557986182	0.6940315437226419	0.29619519135113476	0.4974013094392185	0.696018637423856	0.8818731351534451	0.49096566092270066	0.1967820672704265	0.47713580125333754	0.4379672932384167	0.687982618384404	0.34650336776522955	0.5783306972732447	0.441979367026692	0.15099121059853757	0.9241044188261416	0.6813906715968147	0.6072922576806113	0.4821886339443802	0.6239161544537469	0.17303696930615084	0.5471513030336517	0.3050694279802015	0.6466924258883142	0.17161501159620146	0.5746723548674474	0.3917062395415311	0.37226320268194746	0.8410797479491912	0.1045704792206387	0.06627487420702051	0.6712784505161347
149	0.279468209529205	0.05524311829224254	0.6129184326040473	0.480093682512578	0.36892848439591014	0.11932061588110027	0.5353973802963127	0.4016179526589399	0.564672729102257	0.5901641506117757	0.45150826362781793	0.5043497822717347	0.3240827032631447	0.872491442881344	0.651894895135087	0.9161202014955012	0.23115698610481245	0.6006669028090939	0.20800216307802158	0.6940703217315242	0.2961658228871333	0.4973204523704735	0.6959927972248319	0.8819037823302233	0.4909054211031467	0.19672997008273937	0.47712219518093507	0.4378173319001561	0.6881027073233258	0.3464934010767502	0.5783047040358515	0.44197419260837084	0.15098277330321533	0.9241391369778775	0.6814731003119776	0.6071649567094238	0.4821393208447669	0.6239757410498487	0.17306162856374172	0.547128644302548	0.30518793140178957	0.6467332529193522	0.1717202364876076	0.5745832759508208	0.3917478099974679	0.3722297046949128	0.841119684097544	0.10450682882523316	0.06628500584212245	0.6711983384172335
150	0.27956532590444877	0.05527766988503514	0.6133047784075358	0.4800042216209941	0.3689131222466949	0.11927641525362548	0.5353981872776805	0.4017893740685085	0.564650140973316	0.5902203631630787	0.45148093762348757	0.5041581272993895	0.3238785145414347	0.8725735115533015	0.6518871520390592	0.9161539287654852	0.2311024450303053	0.6008823980052145	0.20805947923429077	0.6941089991099222	0.2961371015054884	0.4972413787543351	0.6959675492261121	0.8819336970121118	0.4908465191212113	0.19667817343243013	0.47710828571031294	0.43766940747608885	0.6882220609141622	0.3464836771023353	0.5782792637594151	0.4419697258140979	0.15097436710722023	0.9241737112379983	0.6815555544937882	0.6070381621924809	0.48209106480626435	0.624035034990469	0.17308575453723868	0.5471060537023946	0.3053065247833125	0.646773891884363	0.1718251176445889	0.5744945243914177	0.3917884463589143	0.3721969607524974	0.8411594491536465	0.104443462627792	0.06629524071969953	0.6711199520484407
151	0.2796622368026792	0.05531201757976036	0.6136879629533991	0.4799169701424138	0.368898852766021	0.11923283814641565	0.5353989920554206	0.40195970134148684	0.5646280754637052	0.5902762118944987	0.45145374140198397	0.5039684910843502	0.32367579166906235	0.8726547581871408	0.6518782939799779	0.9161874637453199	0.23104827523745036	0.601093271125954	0.20811640886088456	0.6941474671703848	0.296109075655618	0.49716422185982184	0.6959429344825939	0.8819628321310364	0.4907890536305891	0.19662681336452964	0.4770941307071045	0.437523841867265	0.6883403680304898	0.34647421068440176	0.5782544206943121	0.44196594031358993	0.1509660150447023	0.9242080472593914	0.6816377894464626	0.6069122182988319	0.4820439492251363	0.6240938783414859	0.1731093058468562	0.5470835940400519	0.3054248554279077	0.6468142337744972	0.17192936763771274	0.574406343025869	0.3918280812946177	0.3721650250107011	0.8411989353651382	0.10438055259457232	0.06630554307499884	0.6710434263144897
152	0.2797586426675858	0.05534606395938111	0.6140669413352821	0.4798320697441303	0.3688856526465774	0.11918998624083627	0.5353997920267469	0.40212845355036414	0.5646065709770525	0.5903315390132966	0.4514267550186908	0.5037813591392747	0.32347510004343755	0.8727349706591938	0.6518684204637064	0.9162207093628646	0.23099462880838398	0.6012991334435001	0.20817279280508738	0.6941856143340296	0.2960817918470383	0.49708910961091024	0.695918992257115	0.8819911430359307	0.4907331192681702	0.19657602872934404	0.4770797916010991	0.4373809564683848	0.6884573113961242	0.3464650159196192	0.5782302174507759	0.4419628050478876	0.15095774073341775	0.924242048450522	0.6817195523363428	0.6067874779301804	0.4819980543542241	0.6241521094243743	0.17313224269974936	0.5470613297755081	0.30554255834238875	0.6468541669496171	0.17203269117837314	0.5743189809095748	0.39186665028545925	0.37213394935290467	0.8412380323751084	0.10431827466109699	0.06631587538561343	0.6709688909909652
153	0.27985423735758047	0.0553797101663429	0.6144406601191172	0.479749653794283	0.3688734920511459	0.11914796036840246	0.5354005846047876	0.40229514349867623	0.5645856639393707	0.5903861847584303	0.45140005971080865	0.5035972182491695	0.3232770111740121	0.8728139361240066	0.6518576395823834	0.9162535673174244	0.23094165960786056	0.6014996115177353	0.20822846989283914	0.694223327484361	0.29605529396996705	0.4970161627169061	0.695895759438805	0.8820185881655797	0.4906788052677264	0.19652595946536833	0.4770653327104546	0.4372410679389928	0.688572571518094	0.346456105944916	0.5782066943831855	0.4419602844648225	0.1509495680865481	0.9242756171587083	0.6818005852100892	0.6066642984104781	0.48195345614071605	0.6242095648026247	0.17315452746811566	0.5470393262383692	0.3056592605741354	0.6468935785074965	0.17213478870545448	0.5742326902791027	0.39190409257349873	0.37210378262635785	0.8412766285739133	0.10425680657215117	0.06632619879912456	0.6708964688412048
154	0.2799487121270493	0.05541285721225182	0.6148080714781082	0.47966984525956247	0.3688623348076459	0.11910685910374787	0.5354013672523126	0.40245928419298027	0.5645653882388206	0.5904399895236663	0.45137373682736476	0.5034165498442484	0.32308209505764085	0.8728914438995928	0.6518460668151507	0.9162859393807535	0.23088952123482315	0.6016943528079187	0.20828327907386335	0.6942604934621524	0.2960296226090565	0.4969454927839925	0.6958732699576381	0.8820451297190506	0.49062619406049324	0.19647674471938534	0.4770508204548409	0.43710448371267085	0.6886858309872268	0.34644749272346387	0.5781838889662352	0.4419583388593321	0.15094152099496952	0.9243086559706705	0.6818806283599647	0.6065430367309619	0.48191022504935876	0.6242660814672996	0.1731761252741874	0.5470176487627881	0.3057745860634224	0.6469323557911376	0.17223536035663953	0.5741477232009222	0.391940352119007	0.37207456987241416	0.8413146125867053	0.10419632551065247	0.0663364736218836	0.6708262737101135
155	0.280041759938349	0.05544540738362707	0.6151681481988024	0.4795927546518489	0.36885213873774625	0.11906677730234613	0.5354021375165595	0.4026203957662913	0.5645457746747502	0.5904927961261481	0.45134786668280114	0.5032398230099863	0.3228909120540236	0.8729672885106894	0.6518338236047996	0.9163177287860944	0.23083836483630632	0.6018830312817601	0.20833706171599922	0.6942970006649903	0.2960048143716629	0.4968772004668745	0.6958515542136072	0.8820707343020608	0.4905753599063734	0.19642852085068158	0.47703632247368827	0.4369714973666813	0.6887967790385908	0.3464391868374874	0.5781618351822986	0.4419569248162395	0.1509336229877438	0.9243410690982768	0.6819594239566752	0.6064240444668032	0.48186842490760096	0.6243214991679452	0.1731970045639436	0.5469963617619114	0.30588816089764403	0.6469703879971686	0.17233411022832226	0.5740643279883024	0.39197537853550274	0.3720463515746422	0.8413518748600922	0.10413700557406384	0.06634665985825224	0.6707584086540519
156	0.28013307997965453	0.05547726570186907	0.6155198991011487	0.47951847810121173	0.3688428561190239	0.11902780463014241	0.5354028930640226	0.40277801264562285	0.56452685043643	0.5905444521523623	0.4513225273682677	0.5030674873516214	0.32270400450630565	0.8730412727958101	0.6518210357414366	0.9163488416636152	0.2307883368494153	0.6020653528220132	0.20838966397994985	0.6943327407037084	0.29598090125584275	0.4968113737298442	0.6958306385421468	0.8820953735241553	0.4905263676071899	0.196381419380242	0.47702190667265226	0.4368423840047105	0.6889051162322964	0.3464311972958869	0.5781405629427715	0.441955995748684	0.15092589688101551	0.9243727638077207	0.6820367198438811	0.6063076625178662	0.4818281118156949	0.624375662818555	0.1732171376481267	0.546975527769511	0.30599961881514637	0.6470075678368848	0.17243075079715323	0.5739827454937735	0.39200912796756093	0.37201916295315934	0.8413883093001586	0.10407901517458558	0.066356717785488	0.6706929641765355
157	0.2802223822335572	0.05550834138595329	0.6158623843190755	0.4794470956417763	0.3688344342756113	0.11899002414094262	0.5354036317138826	0.4029316907099457	0.5645086386344075	0.5905948122983974	0.45129779356240973	0.5028999659746182	0.32252188840490936	0.8731132109648702	0.6518078315971119	0.9163791884715247	0.2307395767515225	0.6022410602026628	0.20844093919027148	0.6943676100572999	0.2959579100862641	0.4967480862948443	0.6958105447399269	0.8821190245189261	0.49047927135950564	0.19633556495867374	0.4770076402282382	0.43671739583209035	0.6890105590858454	0.3464235313655448	0.5781200975689489	0.4419555025205637	0.15091836442775086	0.9244036518413488	0.6821122733635883	0.606194215860006	0.48178933316998845	0.6244284248929	0.17323650118657039	0.5469552064826492	0.3061086067695914	0.6470437931908566	0.1725250073471953	0.5739032054084253	0.3920415638720203	0.3719930333368621	0.8414238149036425	0.10402251445565887	0.06636660854545462	0.6706300166479098
158	0.280309391916709	0.05553854925869915	0.6161947298140107	0.4793786698012053	0.3688268162865101	0.11895351096360632	0.5354043514686353	0.40308101414839065	0.5644911579086391	0.5906437406095851	0.45127373538947935	0.5027376488759551	0.3223450454339021	0.8731829314798217	0.6517943402675775	0.9164086853650447	0.2306922149100774	0.602409937390598	0.20849075010631887	0.6944015116595446	0.29593586204764466	0.49668739635801934	0.6957912896762997	0.8821416703584898	0.4904341138074055	0.1962910734365261	0.4769935885865036	0.4365967581213251	0.6891128444667389	0.34641619443556865	0.5781004593593435	0.441955394136375	0.15091104598252122	0.9244336507743574	0.682185855061533	0.6060840085200294	0.4817521268501702	0.6244796477115143	0.1732550765905949	0.5469354538440664	0.3062147903358384	0.6470789686897149	0.17261662222360669	0.5738259227180923	0.3920726576612768	0.3719679856467807	0.8414582973159426	0.10396765282994275	0.06637629473093373	0.6705696269912473
159	0.28039385359700536	0.055567811033515636	0.6165161404602335	0.47931324458092656	0.36881994179435096	0.1189183311629276	0.5354050505404572	0.4032256017103709	0.5644744221367481	0.5906911125188145	0.4512504173756526	0.5025808870547934	0.3221739157588326	0.8732502796248536	0.6517806896875593	0.9164372554419732	0.23064637062888044	0.602571812932144	0.20853897099083443	0.6944343563464125	0.29591477234420716	0.4966293456531545	0.6957728850146309	0.8821633003350057	0.4903909253533076	0.19624805012516885	0.47697981449591154	0.43648066576984074	0.6892117335440306	0.34640918992327735	0.5780816632694149	0.44195561847704407	0.15090396019640215	0.9244626852452414	0.6822572521107082	0.6059773190006283	0.4817165206194232	0.6245292055168395	0.1732728503191412	0.5469163212054093	0.3063178587215647	0.6471130071496931	0.172705358721956	0.57375109447576	0.3921023891689864	0.37194403602246173	0.8414916702456947	0.10391456674984653	0.06638574094213803	0.6705118397137695
160	0.28047553479752785	0.05559605642020843	0.6168259110680185	0.4792508448996754	0.3688137478905865	0.11888454083353547	0.5354057273719861	0.4033651120488075	0.5644584402620626	0.5907368165860599	0.45122789755294745	0.5024299876355429	0.3220088919021555	0.8733151196393529	0.6517670047924641	0.9164648298056183	0.23060215048440252	0.6027265622151926	0.20858548937704216	0.6944660640954908	0.2958946500089578	0.49657395892751366	0.6957553370636428	0.8821839100871689	0.4903497237752746	0.19620658833277588	0.47696637711561696	0.4363692806351069	0.6893070151060875	0.3464025192291677	0.5780637187255233	0.44195612305619664	0.1508971237565723	0.9244906880010703	0.6823262712941207	0.6058743963744525	0.48168253177856607	0.6245769862365856	0.17328981404824742	0.546897854611147	0.30641752915224046	0.6471458307939196	0.17279100442750436	0.5736788970445104	0.3921307469051138	0.37192119361795606	0.8415238566680819	0.10386337781756794	0.0663949142887761	0.6704566823503109
161	0.28055422892081466	0.055623223997423615	0.6171234348155066	0.47919147654499883	0.3688081700462936	0.11885218547350872	0.5354063806505276	0.40349924790292807	0.564443216253882	0.5907807558566115	0.45120622675279426	0.5022852102434289	0.32185031399773506	0.873377336309517	0.6517534058006459	0.9164913483950287	0.2305596470311937	0.6028741084634817	0.20863020745017033	0.6944965649990545	0.29587549787757034	0.4965212438707476	0.695738646771063	0.8822035015591088	0.4903105141808311	0.19616676824592222	0.4769533312377126	0.43626272978924735	0.6893985080842894	0.3463961817451351	0.5780466295868438	0.4419568557683261	0.1508905511829618	0.9245176007079601	0.6823927414089411	0.6057754572330308	0.48165016709997016	0.6246228928510199	0.17330596470109358	0.5468800942370002	0.30651355042684625	0.6471773722011996	0.17287337384612844	0.5736094839418047	0.39215772807995597	0.3718994605837614	0.8415547897596339	0.10381419132451025	0.06640378481533245	0.6704041653605511
162	0.2806297573756775	0.055649261816441205	0.6174082087511868	0.47913512663558955	0.3688031430515343	0.1188212996629923	0.535407009315234	0.4036277589521822	0.5644287492015518	0.5908228487834193	0.4511854481174354	0.5021467647787057	0.321698466614985	0.8734368359547765	0.6517400066849078	0.9165167605494389	0.23051893792840236	0.6030144224216696	0.20867304298760692	0.6945257999318865	0.29585731272811516	0.49647119150028485	0.695722809860166	0.8822220827930841	0.49027328929962083	0.1961286562017493	0.4769407266545936	0.4361611047639038	0.6894860631812159	0.3463901749158444	0.5780303942568135	0.4419577655990189	0.15088425469012043	0.9245433744942901	0.6824565149955938	0.6056806836135802	0.481619423044038	0.624666844308931	0.17332130433730125	0.5468630740053985	0.3066057055011047	0.6472075749439976	0.1729523102205284	0.5735429843718426	0.3921833383957651	0.3718788322357784	0.8415844135269376	0.10376709527855713	0.06641232583246973	0.6703542824844481
163	0.2807019708599895	0.05567412772563312	0.6176798362974794	0.47908176454432644	0.3687986019214247	0.11879190704400422	0.5354076125575217	0.40375044329415904	0.5644150335300656	0.5908630296987292	0.4511655968374941	0.5020148106049712	0.32155357720021566	0.8734935468012406	0.6517269138893647	0.9165410252980233	0.23048008550103227	0.6031475208221702	0.2087139298422336	0.694553720902761	0.2958400855706782	0.4964237769592939	0.6957078170949743	0.8822396675748791	0.4902380300820986	0.1960923043597115	0.47692860769072487	0.43606446176020774	0.6895695635844432	0.3463844943476216	0.5780150059301924	0.4419588032682139	0.15087824411652773	0.9245679702185302	0.6825174693555018	0.6055902219374233	0.4815902862317484	0.6247087759782262	0.17333583991475024	0.5468468213843326	0.3066938130418887	0.6472363939057055	0.17302768649988284	0.5734795024699304	0.39220759162869656	0.3718592973929333	0.84161268311958	0.10372215993330121	0.06642051414549958	0.6703070115128544
164	0.28077074983896577	0.05569778943424425	0.6179380270019871	0.47903134317446905	0.36879448272475607	0.11876402056424504	0.5354081898158035	0.403867147643572	0.564402059309836	0.5909012488673508	0.45114670010043845	0.5018894570145731	0.3214158160136644	0.8735474187997854	0.6517142253288954	0.9165641113946863	0.23044313670408084	0.603273463870782	0.20875281800139628	0.6945802911115522	0.2958238020522449	0.4963789606319395	0.6956936546438365	0.8822562749696122	0.4902047065333405	0.1960577507396204	0.47691701290285266	0.4359728226896569	0.6896489248440979	0.3463791339532792	0.5780004529449759	0.44195992178067955	0.15087252691650951	0.9245913584823094	0.6825755068936447	0.6055041828877106	0.48156273411495	0.6247486396659073	0.1733495829530188	0.5468313573567957	0.306777728001485	0.6472637953008912	0.17309940551993655	0.57341911720823	0.3922305090499328	0.3718408388440947	0.8416395648506869	0.10367943778091143	0.06642833018088468	0.6702623153787214
165	0.28083600434562633	0.05572022436341318	0.6181825940939099	0.4789838004304559	0.36879072329247975	0.11873764291586957	0.5354087407663699	0.40397776649259964	0.5643898126198023	0.5909374722007144	0.45112877721115624	0.5017707646856517	0.32128529727341676	0.8735984230101852	0.6517020296852356	0.9165859971460284	0.23040812341263175	0.6033923521210393	0.20878967330155873	0.694605484766769	0.29580844292562797	0.49633668943497933	0.6956803044968626	0.8822719288021428	0.49017327867717186	0.1960250195511158	0.4769059749362997	0.43588617680871233	0.689724094087539	0.34637408611603954	0.5779867191933685	0.44196107686354	0.1508671082029205	0.9246135194378182	0.6826305548951536	0.6054226420488812	0.4815367357577153	0.6247864032904779	0.1733625491416641	0.546816696528936	0.3068573413666679	0.6472897564555172	0.17316739953901494	0.5733618828382244	0.3922521187580365	0.3718234338862391	0.8416650359811428	0.10363896391853702	0.066435758022195	0.6702201434283312
166	0.2808976733002053	0.05574141935520964	0.6184134506407828	0.478939060693805	0.3687872637698958	0.11871276707726135	0.5354092653127608	0.40408224058420994	0.5643782759147702	0.5909716807471824	0.45111183982751984	0.5016587477342983	0.3211620810882289	0.8736465507205959	0.6516904059894217	0.9166066701026531	0.2303750629260718	0.6035043231929909	0.20882447691565723	0.6946292867438921	0.29579398452109995	0.49629689811690947	0.695667744884089	0.8822866571458943	0.4901436975251925	0.19599412170795555	0.4768955205104159	0.43580448263753996	0.6897950488170119	0.3463693418525806	0.5779737845368206	0.44196222727861423	0.15086199082331886	0.92463444246061	0.6826825649036019	0.6053456410485846	0.4815122526246994	0.6248220503271674	0.17337475794519822	0.5468028473302229	0.30693257932292484	0.6473142654298856	0.17323162934457398	0.5733078296877292	0.39227245500868535	0.37180705486448473	0.841689084348886	0.10360075665822199	0.06644278537580321	0.6701804327038519
167	0.2809557235798295	0.05576137032054665	0.6186306051967538	0.4788970361169789	0.3687840469890409	0.1186893768592576	0.5354097635760471	0.4041805550983112	0.5643674283482835	0.591003870089728	0.45109589224576246	0.5015533759249943	0.3210461757065811	0.8736918124895465	0.6516794234582307	0.9166261266934591	0.2303439585596901	0.603609548797446	0.208857224746147	0.6946516921760051	0.2957803991600893	0.4962595103977636	0.6956559506419542	0.8823004918823294	0.49011590592673715	0.19596505540779735	0.47688567049664304	0.435727669835869	0.6898617955647115	0.34636489095557826	0.5779616251706338	0.4419633350072206	0.15085717545001817	0.9246541257681894	0.6827315118969843	0.6052731889075404	0.4814892392734536	0.6248555791622189	0.17338623225610214	0.5467898122524796	0.3070034021161727	0.6473373205780415	0.17329208317531922	0.5732569651054483	0.39229155762688367	0.3717916696454828	0.8417117079354544	0.1035648182335068	0.06644940349177084	0.6701431090701282
168	0.2810101490557173	0.055780081899622164	0.6188341577405203	0.47885762759246436	0.368781018656903	0.11866744737203153	0.5354102358879272	0.4042727379137659	0.5643572460137439	0.5910340497698863	0.45108093167632907	0.5014545766560573	0.3209375396545365	0.8737342372755404	0.6516691415353146	0.916644371875154	0.23031480020886305	0.60370823242946	0.20888792684443105	0.6946727060598813	0.29576765546463424	0.49622443982211356	0.6956448934881205	0.8823134683776387	0.49008983920514054	0.1959378066708434	0.4768764400502762	0.43565564076294744	0.6899243686498064	0.3463607221008373	0.5779502138964426	0.4419643653164652	0.15085266066622488	0.9246725760570879	0.6827773934446973	0.6052052633301608	0.4814676438718906	0.6248870024794834	0.17339699813514572	0.5467775880795038	0.30706980287693014	0.6473589301284939	0.17334877568206825	0.5732092743652228	0.3923094715665917	0.3717772419719055	0.8417329144532146	0.10353113547008949	0.06645560706532556	0.6701080880578955
169	0.28106096975020345	0.05579756718338351	0.6190242964131893	0.4788207253403892	0.3687781273798281	0.11864694536532319	0.5354106827874501	0.40435885818439715	0.5643477020888719	0.5910622428158837	0.451066948471118	0.50136223648671	0.3208360834834007	0.8737738717564311	0.6516596100773983	0.9166614188443429	0.2302875648107402	0.6038006078949839	0.20891660693577652	0.6946923429321771	0.29575571854419025	0.4961915902745547	0.6956345421887858	0.8823256252936201	0.4900654255426742	0.1959123497695888	0.47686783876252287	0.4355882715749922	0.6899828291918761	0.3463568229131426	0.5779395202859237	0.4419652867282051	0.15084844303660547	0.9246898082059046	0.6828202289733485	0.6051418117608764	0.4814474085094653	0.6249163467597759	0.17340708465470334	0.5467661660755696	0.3071318065924338	0.6473791118416934	0.17340174707438602	0.5731647214068174	0.3923262466435857	0.3717637316772901	0.8417527210078034	0.10349968033406982	0.06646139413872297	0.670075275372313
170	0.28110823116206524	0.05581384750576477	0.6192012951328864	0.478786209173418	0.3687753245721772	0.11862782944709448	0.5354111050206288	0.40443902527582576	0.5643387668987215	0.5910884853901579	0.4510539262941862	0.5012762021937969	0.32074167107401297	0.8738107798474218	0.6516508696220413	0.9166772888215213	0.23026221668893054	0.6038869385616417	0.20894330206517348	0.694710626626647	0.2957445500788356	0.49616085620998374	0.6956248626349129	0.8823370045104011	0.4900425861530233	0.19588864754034926	0.47685987081133363	0.43552541289267743	0.6900372644001534	0.346353179997016	0.5779295107527678	0.4419660709238159	0.150844517160005	0.9247058450534028	0.6828600591811375	0.6050827521720178	0.4814284693343309	0.6249436519082826	0.17341652382905756	0.5467555321265166	0.30718946928525304	0.6473978927548835	0.1734510624828461	0.5731232493891123	0.3923419374148963	0.37175109478276275	0.8417711538462446	0.10347041034140947	0.0664667660133171	0.6700445671188794
171	0.281152003691185	0.055828952273283036	0.6193655116850546	0.4787539486181446	0.3687725643232474	0.11861005024223513	0.5354115035405673	0.4045133878974217	0.5643304079440118	0.591112826501886	0.45104184226267346	0.5011962815883526	0.3206541206946138	0.8738450423243962	0.651642951674805	0.9166920108740937	0.2302387078338773	0.6039675169369914	0.20896806230889411	0.6947275900746716	0.2957341083570456	0.49613212275860963	0.6956158178774895	0.8823476510977973	0.49002123536007375	0.19586665163164013	0.4768525351042856	0.43546689026340085	0.6900877870093417	0.3463497789511052	0.577920148585206	0.44196669262801097	0.15084087571245175	0.9247207172182107	0.6828969455412325	0.605027973705564	0.4814107566153526	0.6249689709531074	0.17342535058253417	0.54674566685538	0.30724287731344735	0.647415308975242	0.17349681143627366	0.5730847811415245	0.39235660312338516	0.37173928354127844	0.8417882481523767	0.10344326888981954	0.06647172716994079	0.670015849906697
172	0.2811923819951065	0.05584291876286396	0.6195173854954363	0.47872380316597296	0.36876980331436754	0.11859355059841056	0.5354118795044017	0.4045821330881533	0.5643225899661275	0.5911353276727157	0.4510306671133837	0.5011222445193334	0.3205732062152258	0.8738767563760316	0.6516358789589183	0.9167056217107069	0.23021697822699777	0.604042663951714	0.20899095043815008	0.6947432750712202	0.29572434835667744	0.4961052659494738	0.6956073681981388	0.882357613240464	0.4900012807639932	0.19584630279726123	0.47684582542022624	0.4354125047967241	0.6901345346110846	0.34634660439467174	0.5779113940188499	0.4419671295209773	0.1508375094971749	0.9247344628916672	0.6829309697514783	0.6049773374202037	0.4813941948797835	0.6249923696985638	0.17343360268047225	0.5467365457578448	0.3072921465870147	0.6474314054412649	0.1735391072453789	0.5730492196902645	0.3923703075833761	0.3717282465293539	0.8418040478109751	0.10341818563813504	0.0664762851855382	0.6699890010731726
173	0.2812294840602373	0.05585579180149339	0.6196574341072485	0.4786956229628166	0.3687670008811396	0.11857826596620043	0.5354122342628396	0.4046454846305343	0.5643152751297232	0.5911560624162493	0.45102036546432	0.501053824582505	0.32049865898032276	0.8739060348695676	0.6516296655795943	0.9167181653624435	0.23019695634329035	0.6041127272342681	0.20901204139312785	0.6947577319089943	0.29571522196962224	0.4960801533287805	0.6955994713015531	0.8823669420100054	0.4899826236997271	0.19582753136683823	0.4768397305647275	0.435362034417627	0.6901776685729946	0.34634364003839285	0.5779032044403024	0.4419673622273493	0.1508344075224966	0.9247471275185297	0.6829622329459374	0.6049306774573263	0.4813787032975916	0.6250139261882548	0.1734413205379826	0.5467281394140574	0.3073374214346046	0.6474462355526684	0.1735780860319702	0.5730164490797478	0.3923831188667152	0.3717179288995709	0.8418186050426213	0.10339507708883199	0.06648045062834967	0.6699638893069711
174	0.2812634497852657	0.05586762324858695	0.6197862474722384	0.4786692502068078	0.36876411929899156	0.11856412506697554	0.5354125693386284	0.40470370050311555	0.5643084233933495	0.5911751154037408	0.45101089623458074	0.5009907220016409	0.32043017079845093	0.8739330051357086	0.6516243170694728	0.9167296926736389	0.23017855995557832	0.6041780777523651	0.20903142143774897	0.6947710187917802	0.2957066784575337	0.496056645213483	0.6955920827050142	0.8823756908914134	0.4899651601664098	0.19581025801446295	0.47683423455608254	0.43531523613218287	0.6902173722655883	0.34634086882752346	0.5778955348002478	0.4419673744206762	0.15083155712668012	0.9247587632876008	0.682990854496599	0.6048878029128406	0.48136419646121953	0.6250337298454063	0.1734485468324706	0.5467204138285109	0.3073788728727379	0.6474598605776198	0.17361390516490416	0.5729863356907067	0.3923951086668698	0.37170827289242453	0.8418319798197722	0.10337384751592779	0.06648423691428125	0.669940375910171
175	0.2812944389490665	0.055878471232400265	0.61990447951118	0.47864452140795827	0.36876112433263	0.1185510509159197	0.535412886391921	0.40475706913178305	0.5643019931082507	0.5911925812375206	0.4510022132615591	0.5009326079638474	0.3203673983312111	0.873957807154721	0.651619830303392	0.9167402605548605	0.23016169731620625	0.6042391044608622	0.20904918691532165	0.6947832009723347	0.2956986651885594	0.4960345967175022	0.695585156368094	0.8823839150112042	0.48994878232970623	0.19579439489904707	0.4768293168547032	0.4352718495381195	0.6902538484267791	0.34633827317352056	0.577888338280925	0.4419671530622279	0.15082894416147508	0.9247694283842998	0.683016970297029	0.6048485005914387	0.4813505856456788	0.6250518802087799	0.17345532587764284	0.5467133309298083	0.3074166961213051	0.6474723487811191	0.17364674095569693	0.5729587301790251	0.39240635127106493	0.3716992186638799	0.8418442390088884	0.10335439032582976	0.06648766011275903	0.6699183168372203
176	0.28132262854535056	0.05588839913640657	0.6200128369037782	0.4786212704976674	0.3687579860365694	0.11853896220082959	0.5354131871728978	0.40480590441936404	0.5642959418417948	0.5912085628254078	0.45099426611854293	0.5008791304209337	0.32030996890660723	0.873980591137218	0.651616193300687	0.9167499309941015	0.2301462687227943	0.6042962069769855	0.20906544259815046	0.694794349610319	0.2956911286509761	0.49601386053939245	0.6955786455592778	0.8823916700722014	0.4899333805888728	0.19577984718141003	0.47682495264258695	0.4352316015777936	0.6902873156529336	0.34633583527305456	0.5778815672141222	0.4419666887650331	0.15082655323536678	0.9247791860009852	0.6830407305129965	0.6048125386586265	0.481337780541738	0.6250684852568094	0.17346170276250705	0.5467068492329525	0.3074511073438634	0.6474837742695383	0.17367678560117503	0.5729334700459259	0.3924169221459515	0.37169070542418975	0.8418554552337814	0.10333658985889219	0.06649073869886928	0.6698975654992223
177	0.28134820957645673	0.05589747437702019	0.6201120655827957	0.47859933260021686	0.3687546797352209	0.11852777494804849	0.5354134734645458	0.40485053975620316	0.5642902273757135	0.5912231694223767	0.45098700109930784	0.500829921090804	0.3202574875200856	0.874001514607378	0.6516133849688243	0.9167587698665253	0.23013216840426046	0.6043497867054616	0.20908029969836534	0.6948045403969053	0.2956840156824308	0.4959942903429672	0.69557250390721	0.8823990110609795	0.4899188460836213	0.19576651485298624	0.4768211131547025	0.435194212286082	0.6903180041686103	0.34633353749518014	0.5778751741941704	0.44196597624273554	0.15082436800661292	0.9247881031453338	0.6830622968785023	0.6047796710416863	0.4813256913573749	0.6250836593881588	0.17346772230737406	0.5467009246371389	0.3074823397262507	0.6474942155983573	0.17370424349746644	0.5729103827347224	0.392426896222215	0.3716826728191547	0.8418657055064694	0.10332032355834575	0.0664934932566503	0.6698779761641532
178	0.28137138347718565	0.055905767047686517	0.62020293579064	0.47857854813748846	0.36875118706064697	0.11851740435348848	0.5354137470205675	0.40489132137936484	0.5642848087921897	0.5912365144596973	0.4509803623093	0.5007846031821113	0.32020954459335776	0.8740207391823303	0.6516113748767567	0.9167668456157925	0.2301192866113142	0.6044002371551579	0.2090938736620938	0.694813852030449	0.29567727480762634	0.4959757444362592	0.6955666865449468	0.8824059908431547	0.48990507342229583	0.19575429475863448	0.47681776606297144	0.435159401094961	0.6903461511492174	0.34633136280289645	0.5778691132889695	0.44196501477511485	0.15082237150807926	0.9247962493199421	0.6830818396822566	0.6047496423093807	0.481314231104376	0.6250975211827416	0.1734734279277791	0.5466955113100872	0.30751063910335924	0.6475037542285986	0.1737293271508632	0.5728892890640331	0.39243634602761	0.371675062433407	0.8418750697096165	0.10330546437340343	0.06649594614341983	0.6698594076569319
179	0.2813923583697744	0.0559133485187889	0.6202862267239851	0.47855876686518534	0.3687474968964743	0.1185077666313331	0.5354140095044512	0.4049286015187024	0.5642796475415917	0.5912487133048224	0.45097429279148304	0.5007427992691631	0.3201657239786412	0.8740384272799867	0.651610123170672	0.9167742278939529	0.23010751177341163	0.6044479343507639	0.209106281892583	0.6948223646437544	0.29567085755354083	0.49595808938886504	0.6955611512352384	0.8824126587873851	0.48989196336441704	0.19574308267296986	0.476814875915766	0.43512689316387854	0.6903719959248705	0.34632929516779715	0.5778633412306134	0.4419638086049453	0.1508205464824353	0.924803695160329	0.6830995346153738	0.6047221927082987	0.481303317846426	0.6251101910910924	0.17347886051739608	0.5466905626005794	0.30753625938108736	0.6475124729339031	0.17375225295438793	0.5728700067708828	0.3924453398510877	0.3716678192685816	0.8418836290307522	0.10329188323783667	0.06649812112607661	0.6698417269976163
180	0.281411345335683	0.0559202900778802	0.6203627117387467	0.4785398514454725	0.36874360607489715	0.11849878073811618	0.535414262435621	0.4049627317435595	0.5642747083874438	0.5912598810872621	0.45096873561898165	0.5007041387685229	0.32012561072484613	0.8740547389767966	0.6516095807503256	0.9167809862419358	0.23009673259192254	0.6044932282242285	0.20911764153977314	0.694830158277786	0.295664719613456	0.49594120323370694	0.6955558593666986	0.8824190595568333	0.48987942519507055	0.19573277529669703	0.4768124046391075	0.4350964252209129	0.69039577537762	0.3463273199371807	0.5778578184691674	0.441962367179029	0.1508188757074749	0.9248105111135817	0.6831155596380394	0.604697063051714	0.48129287668877285	0.6251217891917404	0.1734840574591818	0.5466860319241408	0.30755945798169576	0.6475204542544823	0.17377323708389583	0.5728523539497897	0.39245394011767576	0.37166089305167227	0.8418914644428472	0.10327945147431289	0.06650004299834755	0.6698248126219937
181	0.2814285548461803	0.055926661676268856	0.620433144876837	0.47852168023649577	0.3687395197002187	0.11849036985892429	0.535414507147433	0.40499405683306583	0.5642699601442243	0.5912701306959518	0.45096363490161656	0.5006682645838294	0.3200887982286745	0.8740698291897367	0.6516096898065505	0.9167871888745556	0.23008683996790613	0.6045364356987559	0.20912806746369303	0.6948373114757848	0.2956588217557061	0.49592497796695983	0.6955507767317537	0.882425232180455	0.48986737857883567	0.19572327206819332	0.4768103121068119	0.4350677505030645	0.6904177197772005	0.34632542412073297	0.5778525099954452	0.4419607051607136	0.1508173422957747	0.9248167662217599	0.6831300919857893	0.6046739992235447	0.48128284133166543	0.6251324331255861	0.17348905185308855	0.5466818735789207	0.30758049148721156	0.647527779073072	0.17379249171192454	0.5728361522209185	0.392462202119428	0.3716542392565438	0.8418986553050076	0.10326804300781357	0.06650173718502772	0.6698085568968803
182	0.28144419344396465	0.055932530824388246	0.6204982492009982	0.47850414909786376	0.3687352510203769	0.1184824625839889	0.5354147447599612	0.40502290937719393	0.564265376155013	0.5912795710157422	0.45095893667249765	0.500634838642858	0.32005489452911257	0.8740838452934979	0.6516103847813881	0.9167929016108849	0.23007772869938609	0.6045778359139982	0.2091376704406076	0.6948439000451108	0.2956531304117497	0.4959093211662579	0.6955458740303075	0.8824312094746224	0.48985575475980875	0.19571447672344128	0.47680855678335166	0.4350406425353465	0.6904380492117818	0.3463235965760567	0.5778473858736752	0.4419588421689825	0.15081592995857282	0.9248225270510866	0.6831433053935707	0.6046527561450763	0.4812731550759138	0.625142236277257	0.17349387201585645	0.5466780434642651	0.3075996115942917	0.6475345253610838	0.1738102216666549	0.5728212295202654	0.3924701731938241	0.37164781976502376	0.8419052781305725	0.10325753631346495	0.06650322933745131	0.6697928677493712
183	0.2814584607296455	0.05593796165702064	0.6205587071684372	0.47848717214284137	0.36873082082683833	0.118474993746384	0.5354149761684951	0.405049605211089	0.5642609344909071	0.5912883054364101	0.45095458963808654	0.5006035462049805	0.32002352762608705	0.8740969252230157	0.6516115937585728	0.9167981869700124	0.23006929891596886	0.6046176677529803	0.20914655564611476	0.6948499960100665	0.2956476179211095	0.4958941566653507	0.6955411270797267	0.8824370178387917	0.4898444970618147	0.19570629857290478	0.4768070964347514	0.4350148976465443	0.6904569706864656	0.346321828085811	0.5778424214638271	0.44195680223455347	0.15081462322887104	0.9248278567871367	0.683155367582685	0.6046331011289756	0.481263771242348	0.6251513062381773	0.17349854127194697	0.5466744996884253	0.3076170614464157	0.6475407671188548	0.1738266215994398	0.5728074224589588	0.39247789238113134	0.37164160314222433	0.84191140554597	0.10324781606201613	0.0665045449249017	0.6697776693479908
184	0.28147154668722923	0.05594301417443209	0.620615153086844	0.4784706814876357	0.3687262564219112	0.11846790492681865	0.5354152020468359	0.4050744397117465	0.5642566178858236	0.5912964306435868	0.4509505457872436	0.5005740989384734	0.3199943497897038	0.8741091960648336	0.6516132402340334	0.9168031034376073	0.230061457241745	0.6046561295741667	0.2091548214250075	0.6948556667620647	0.295642262449746	0.495879424330658	0.6955365167450712	0.882442677406059	0.489833560722436	0.19569865349028914	0.4768058888910087	0.43499033625440187	0.6904746758995361	0.34632011133148605	0.5778375973487183	0.44195461299961525	0.15081340764235693	0.9248328145016426	0.683166438038418	0.6046148165990507	0.48125465303367954	0.625159743561384	0.17350307802155623	0.5466712030616454	0.30763307238459003	0.6475465735168541	0.17384187367965295	0.5727945782367213	0.39248539053784154	0.3716355645445643	0.841917105446936	0.10323877445272392	0.06650570882934007	0.6697629018815748
185	0.2814836293794302	0.05594774365733129	0.620668167587364	0.47845462614022305	0.3687215902416515	0.11846114465610129	0.5354154228630718	0.4050976849463997	0.5642524134446917	0.5913040356880471	0.45094676086129615	0.5005462368459048	0.3199670408726597	0.8741207731115636	0.6516152451641788	0.916807704900867	0.2300541176898772	0.6046933808578356	0.20916255834452496	0.6948609744044043	0.2956370476284439	0.49586507906770066	0.6955320286291546	0.8824482024962347	0.48982291215568835	0.19569146462381723	0.4768048928312039	0.4349668030499224	0.690491339668519	0.3463184407782795	0.5778328990081888	0.4419523047188476	0.15081226987667914	0.9248374545886887	0.683176666102749	0.604597702183383	0.4812457729185795	0.6251676408047698	0.17350749604616603	0.5466681174761427	0.3076478611531044	0.6475520082354945	0.17385614581157752	0.5727825561150544	0.39249269084142496	0.3716296853126828	0.8419224403496522	0.10323031223767601	0.06650674495462996	0.6697485205647048
186	0.28149487304829146	0.055952200250349166	0.6207182740000626	0.4784389702296539	0.368716858255987	0.118454668359984	0.5354156389046524	0.4051195876464376	0.5642483121784666	0.5913112013247451	0.4509431946896673	0.5005197291574808	0.3199413106563934	0.8741317593389996	0.651617529152676	0.916812040246408	0.23004720229713388	0.6047295453547377	0.20916984852241896	0.6948659752854118	0.2956319619768353	0.4958510892377698	0.6955276525783286	0.8824536022978329	0.48981252777702655	0.19568466284797567	0.47680406855278695	0.43494416626803234	0.6905071189599834	0.3463168124915734	0.5778283162998613	0.44194990914087234	0.15081119785036734	0.9248418263650253	0.6831861894100497	0.6045815761999028	0.48123711165031297	0.625175081854168	0.1735118049959247	0.546665210176558	0.30766162760217625	0.6475571289975823	0.1738695903587403	0.5727712284637172	0.39249980959504394	0.37162395232285517	0.8419274669308352	0.10322233944711219	0.0665076758648436	0.6697344940511565
187	0.2815054266598011	0.055956428707656616	0.6207659364995025	0.47842369080251534	0.36871209828275137	0.11844843809703025	0.5354158503092414	0.4051403679755272	0.5642443084261125	0.5913179996113328	0.45093981139634415	0.5004943743290413	0.31991690026748537	0.8741422452596923	0.6516200146194663	0.9168161531147642	0.23004064150822762	0.6047647152722625	0.20917676521949896	0.6948707197126279	0.2956269981870295	0.49583743468816316	0.6955233820671001	0.8824588816960518	0.4898023925414207	0.19567818697643533	0.4768033786819682	0.43492231625642025	0.690522152470105	0.3463152239082005	0.5778238428135026	0.44194745835903165	0.15081018078293262	0.9248459738282491	0.6831951326962278	0.6045662765573278	0.481228657046457	0.6251821415158686	0.17351601099607583	0.5466624519250847	0.3076745529330414	0.6475619872861936	0.1738823433580016	0.5727604813967156	0.39250675722915984	0.3716183571799455	0.8419322357496334	0.10321477582709185	0.06650852246790136	0.6697208024598528
188	0.2815154229261212	0.05596046829305359	0.6208115598761538	0.47840877541089427	0.36870734834926555	0.11844242214056222	0.5354160570979416	0.4051602190544174	0.5642403992229315	0.5913244937539025	0.45093657948334576	0.5004699992855671	0.31989358270812346	0.8741523091047747	0.65162262780029	0.9168200818040436	0.23003437432176557	0.6047989560371488	0.2091833726841898	0.694875251839433	0.2956221523399863	0.4958241045970774	0.6955192135240916	0.8824640421648492	0.4897924983436174	0.19567198375838865	0.4768027887838643	0.43490116355468716	0.6905365606996136	0.34631367358552745	0.5778194751651887	0.44194498371817753	0.15080920921798294	0.9248499355653984	0.6832036070076057	0.6045516610990387	0.4812204026547137	0.6251888853659099	0.17352011731036757	0.5466598170662792	0.3076867985249029	0.6475666282392563	0.17389452420177734	0.5727502150171936	0.39251353939801953	0.37161289533407044	0.8419367911427624	0.10320755100307555	0.06650930375993437	0.6697074352154571
189	0.2815249778233197	0.05596435282419539	0.6208554907695134	0.47839421969212564	0.3687026452166045	0.11843659445281234	0.535416259207934	0.40517930719182743	0.564236583668087	0.5913307381834297	0.45093347179935306	0.5004464580506824	0.31987116255990794	0.8741620172843002	0.6516253004487524	0.9168238593128353	0.23002834821375195	0.6048323112199961	0.20918972623221796	0.6948796097126436	0.2956174231198546	0.4958110953125128	0.695515145655208	0.882469082650354	0.4897828424136266	0.19566600768279988	0.47680226783880386	0.4348806366800152	0.6905504464623292	0.3463121609489959	0.5778152122902355	0.44194251485156516	0.15080827501182503	0.9248537448019165	0.6832117093229232	0.6045376074271868	0.48121234641617666	0.6251953698389107	0.17352412500611164	0.5466572834982331	0.30769850536419263	0.6475710907089905	0.1739062357584431	0.5727403432973707	0.39252015807994745	0.3716075651943212	0.8419411712812888	0.10320060438773497	0.0665100366423137	0.6696943888837809
190	0.28153419059798784	0.05596811084655974	0.6208980201690352	0.47838002510174726	0.36869802315217415	0.11843093409452184	0.5354164565222388	0.4051977727508806	0.5642328623337388	0.5913367788398903	0.45093046540481146	0.5004236299010658	0.3198494749438007	0.8741714250743077	0.6516279711507014	0.9168275135085783	0.23002251886088604	0.6048648072814667	0.20919587253785588	0.6948838254651475	0.2956128110787617	0.4957984083295668	0.6955111788090925	0.8824740003875093	0.48977342581456906	0.19566022061839886	0.4768017885634698	0.4348606797894623	0.6905638957600465	0.34631068605484505	0.5778110547822558	0.44194007890187453	0.15080737129099708	0.924857429576965	0.6832195225817058	0.604524012259086	0.4812044894155418	0.6252016425323119	0.1735280335763857	0.5466548325594096	0.30770979406706406	0.6475754074696374	0.17391756488830323	0.5727307936299731	0.3925266126080351	0.37160236729866225	0.8419454083728729	0.10319388485857266	0.06651073581786529	0.6696816651469145
191	0.2815431442275575	0.05597176591812804	0.6209393869556562	0.4783661969143598	0.36869351300108394	0.1184254246071982	0.5354166488950707	0.4052157315577795	0.5642292367457286	0.5913426536335774	0.4509275413484712	0.5004014171817678	0.3198283838458307	0.8741805774768132	0.651630586205495	0.9168310674031596	0.23001684969309413	0.6048964578898458	0.2092018501055508	0.6948879256325017	0.29560831798925835	0.4957860485085054	0.6955073144169792	0.8824787916094325	0.4897642521189128	0.1956545913209285	0.4768013275700529	0.4348412503571878	0.6905769789495139	0.34630924937999924	0.5778070043118309	0.44193769995652393	0.1508064923832891	0.9248610130265317	0.6832271160887672	0.6045107903847413	0.4811968347815628	0.6252077426941018	0.17353184148784828	0.5466524488434515	0.3077207654516103	0.6475796055515539	0.1739285832980561	0.5727215060993714	0.39253290057906254	0.3715973035819949	0.8419495289880525	0.10318735023922533	0.06651141376639988	0.6696692690206973
192	0.2815519062721586	0.05597533698168455	0.6209797822294767	0.4783527425589966	0.3686891415714802	0.11842005339853016	0.5354168361720132	0.40523327673941056	0.5642257089529912	0.5913483930465994	0.4509246843735846	0.5003797429124986	0.31980777994169773	0.8741895101982026	0.6516331000733144	0.916834539513533	0.23001131131105418	0.6049272676526236	0.2092076898841023	0.6948919315678467	0.29560394630592796	0.4957740225928497	0.6955035545256553	0.8824834521269802	0.48975532630713614	0.19564909484201928	0.47680086537084765	0.4348223169708331	0.6905897521221249	0.34630785164619077	0.577803063144049	0.4419353987035482	0.15080563372778844	0.9248645137517756	0.6832345462424634	0.6044978733091008	0.4811893867741845	0.6252137018552939	0.17353554663596601	0.5466501199569151	0.3077315015838319	0.6475837066750723	0.17393934866394584	0.5727124325309909	0.39253901861035567	0.37159237676676643	0.8419535544845456	0.10318096662561664	0.06651208079347393	0.6696572073737433
193	0.28156053003538517	0.05597883879911672	0.6210193541564939	0.478339670311655	0.3686849313181682	0.11841481115444301	0.5354170182048963	0.40525048086416526	0.5642222811912371	0.5913540208334802	0.4509218825740361	0.5003585483044374	0.3197875780679461	0.8741982506931549	0.651635475425856	0.9168379442826754	0.23000588080838444	0.6049572351908727	0.20921341598144488	0.6948958599266293	0.29559969874334097	0.49576233804732917	0.6954999014300007	0.8824879777723537	0.48974665390364724	0.19564371187507357	0.47680038624760274	0.4348038573177832	0.6906022586158701	0.34630649368086736	0.5777992337612071	0.4419331922936212	0.15080479177009423	0.9248679462475772	0.6832418575175676	0.6044852076717262	0.48118215007031817	0.625219544564254	0.1735391467016046	0.5466478362365539	0.3077420671967735	0.6475877277546385	0.17394990594579998	0.5727035353839753	0.3925449629342697	0.3715875898843987	0.8419575015007212	0.10317470760263882	0.06651274514123863	0.6696454877676474
194	0.28156905594038556	0.05598228242169772	0.6210582130738306	0.4783269883317986	0.3686809002856622	0.11840969129433888	0.5354171948617774	0.405267398258285	0.5642189556370333	0.5913595547791202	0.45091912702106407	0.5003377902915314	0.31976771448964475	0.874206819225781	0.6516376828653226	0.9168412925357438	0.23000054103878795	0.6049863555569936	0.20921904643746508	0.6948997231921095	0.2955955779658849	0.4957510022034944	0.6954963574015649	0.8824923647137528	0.489738240341003	0.19563842807215778	0.4767998780130567	0.43478585640144873	0.6906145305832109	0.3463051763137249	0.5777955185864506	0.4419310943784832	0.150803963848946	0.9248713213658559	0.6832490836247667	0.6044727535379764	0.481175129240344	0.6252252891793793	0.17354263941281967	0.5466455904430503	0.30775251136917314	0.6475916814433245	0.17396028881268247	0.5726947865531153	0.3925507298362846	0.3715829459226915	0.8419613824889328	0.10316855339776153	0.06651341314695547	0.6696341176058275
195	0.2815775130270436	0.05598567567210816	0.6210964366185732	0.4783147040041022	0.36867706225771874	0.11840468947959681	0.535417366032759	0.4052840673787536	0.5642157342417486	0.5913650074752249	0.450916411379891	0.5003174391603968	0.31974814410418645	0.8742152299068995	0.6516397003919109	0.9168445919479618	0.22999527986568696	0.6050146220496039	0.20922459401521853	0.6949035302145501	0.29559158637671107	0.49574002167798537	0.6954929245024842	0.8824966096572969	0.4897300905265377	0.19563323336215668	0.4767993316959159	0.4347683050018224	0.690626590547687	0.34630390030503533	0.5777919197966738	0.44192911528704776	0.15080314808008288	0.9248746467899542	0.6832562487684383	0.6044604826493349	0.4811683283933382	0.625230948679674	0.17354602272270092	0.5466433774469682	0.3077628693493374	0.6475955766898829	0.17397052110611863	0.5726861661415563	0.39255631595431795	0.3715784475850012	0.8419652062614332	0.10316249001478807	0.06651408943348068	0.669623103555609
196	0.281585920484445	0.05598902361752767	0.6211340746861732	0.47830282353182535	0.3686734270551871	0.11839980317976309	0.5354175316325491	0.40530051314132076	0.5642126186309924	0.5913703870820394	0.45091373153278425	0.5002974763405763	0.3197288377001204	0.8742234916755202	0.6516415127034912	0.9168478475041829	0.22999008942633023	0.6050420275128557	0.20923006697679497	0.6949072867409329	0.2955877259882404	0.4957294020152221	0.6954896044698703	0.88250070995758	0.48972220857567966	0.19562812129486631	0.4767987411803576	0.43475119837443865	0.6906384528950628	0.3463026663003567	0.5777884392087046	0.44192726229760726	0.15080234324229652	0.924877927499886	0.6832633689315192	0.6044483767075274	0.48116175096088676	0.6252365314588183	0.17354929491818796	0.5466411939203867	0.3077731644202985	0.6475994192846649	0.17398061827763098	0.5726776612567175	0.3925617184636265	0.3715740971415492	0.8419689785256277	0.10315650838458446	0.06651477711657483	0.6696124511949452
197	0.28159428914777934	0.05599232901784692	0.621171154074033	0.478291351722917	0.3686700009262196	0.11839503129630509	0.5354176916006976	0.40531674912542615	0.5642096100538867	0.5913756980498065	0.4509110852213514	0.5002778923943251	0.3197097793626385	0.8742316092025278	0.6516431104050981	0.9168510619346149	0.2299849654350326	0.6050685652228043	0.20923546981782157	0.6949109959172843	0.29558399835499305	0.49571914750164947	0.6954863986542801	0.8825046636597599	0.48971459767277076	0.19562308842911333	0.4767981028278099	0.4347345351678588	0.6906501252598254	0.346301474805618	0.5777850782213328	0.44192553996676326	0.15080154866950404	0.924881166212862	0.6832704531288086	0.6044364257499604	0.4811553995865601	0.6252420420762659	0.17355245467618435	0.5466390380446188	0.30778340972051826	0.6476032123761668	0.17399058875166173	0.5726692648698788	0.3925669351740738	0.3715698963512842	0.8419727023907534	0.10315060356116336	0.06651547801585855	0.6696021648305873
198	0.28160262290719335	0.055995592738176045	0.6212076827174008	0.47828029191223226	0.3686667869803519	0.1183903738404748	0.5354178459003605	0.40533277960296743	0.5642067093672019	0.5913809417825964	0.45090847171681137	0.5002586852244445	0.3196909640877355	0.8742395837041502	0.6516444891932764	0.916854236116149	0.22997990654225675	0.6050942294639582	0.20924080394299313	0.6949146587514091	0.29558040455028606	0.49570926110080693	0.6954833079964919	0.8825084694948179	0.4897072600217642	0.1956181337762624	0.47679741510341717	0.4347183165316181	0.6906616097829656	0.3463003261767584	0.5777818377964852	0.44192395048144606	0.15080076415143853	0.9248843637885408	0.6832775045853643	0.6044246266554574	0.48114927608952063	0.6252474819474975	0.17355550108262335	0.5466369092410902	0.30779360995670996	0.6476069569458853	0.17400043518057168	0.5726609747668667	0.3925719645655082	0.3715658464335585	0.8419763788338596	0.10314477398234753	0.06651619285905143	0.6695922474367291
199	0.28161091999493265	0.05599881411968494	0.6212436534719886	0.47826964597067884	0.36866378562837915	0.11838583165973603	0.535417994516297	0.40534860136173023	0.5642039170414163	0.5913861172349609	0.45090589152310934	0.5002398585016359	0.31967239563901934	0.8742474136610958	0.6516456490644738	0.9168573694334348	0.22997491375870982	0.6051190158890281	0.2092460682729731	0.6949182745292652	0.2955769451708019	0.495699744465215	0.6954803330288578	0.882512126846484	0.48970019685415117	0.1956132583043815	0.47679667822339833	0.4347025453834166	0.6906729042305013	0.346299220618835	0.5777787184651056	0.4419224940080203	0.15079998984438567	0.9248875195931914	0.6832845218123107	0.6044129818016748	0.4811433814749751	0.6252528499636859	0.1735584336280493	0.5466348079292871	0.30780376296818135	0.6476106522347402	0.17401015557325666	0.5726527926049361	0.3925768057836118	0.3715619480716073	0.8419800071184345	0.10313902080555065	0.06651692147225331	0.6695827006699668
200	0.2816191741340523	0.056001991306919054	0.6212790474364747	0.47825941436232233	0.3686609950012432	0.11838140620623518	0.5354181374526332	0.4053642053144605	0.564201233178508	0.5913912214384611	0.4509033461144679	0.5002214203003563	0.31965408465747713	0.874255095445674	0.6516465935803647	0.9168604600978383	0.22996998994726697	0.6051429217384315	0.20925125977972223	0.6949218411828103	0.29557362035637297	0.49569059799027565	0.6954774738903322	0.8825156357042507	0.4896934084682764	0.19560846450340202	0.4767958938334169	0.4346872258051123	0.6906840029730634	0.3462981581905361	0.5777757203463467	0.44192116902056006	0.15079922619240874	0.9248906318209962	0.683291499566441	0.6044014978807366	0.48113771596993554	0.6252581430378811	0.17356125219043156	0.546632735313009	0.30781386112262443	0.6476142961190466	0.1740197442914885	0.5726447230805088	0.39258145861394234	0.3715582014335612	0.8419835851636602	0.10313334732188519	0.06651766295200091	0.6695735249256862
201	0.2816273755455634	0.05600512153281261	0.621313836836102	0.47824959622146646	0.3686584113317087	0.11837709934073942	0.5354182747307406	0.4053795778996801	0.5641986575342103	0.5913962499600613	0.45090083770648914	0.5002033819243885	0.31963604701677856	0.8742626238635257	0.6516473292082754	0.9168635054254125	0.2299651393807631	0.6051659459770787	0.20925637395233845	0.6949253556106145	0.2955704298159206	0.49568182088524054	0.6954747303473375	0.8825189966126018	0.4896868942815111	0.19560375600808932	0.4767950647228065	0.43467236254056685	0.6906948978344949	0.3462971388111598	0.5777728431719352	0.44191997259782273	0.1507984738587648	0.9248936977737208	0.6832984296912527	0.6043901848685006	0.4811322790688982	0.6252633565799366	0.17356395701288188	0.546630693194154	0.3078238925397223	0.6476178854375402	0.17402919291753738	0.5726367732046201	0.3925859234468912	0.37155460620074554	0.8419871098657334	0.1031277584463132	0.06651841581734588	0.6695647194109213
202	0.2816355118204953	0.056008201364611786	0.621347987505746	0.478240189431977	0.36865602929142965	0.11837291316606616	0.5354184063874304	0.4053947022901066	0.5641961895401797	0.5914011972975772	0.4508983690583248	0.5001857568998551	0.3196183024052713	0.874269992618911	0.6516478647430296	0.916866502076952	0.22996036736061917	0.6051880893873116	0.20926140519873543	0.6949288139547748	0.29556737285382967	0.49567341124550074	0.6954721018154774	0.8825222106226747	0.489680652883572	0.19559913727354028	0.47679419457540045	0.4346579605734217	0.6907055788218752	0.3462961622681643	0.5777700863106051	0.44191890068457257	0.15079773366673638	0.9248967141019315	0.6833053018449973	0.6043790551357021	0.48112706957977286	0.6252684849057033	0.1735665486811053	0.5466286838119593	0.3078338421505647	0.6476214162732278	0.17403849100275393	0.5726289516778679	0.3925902012416216	0.37155116159677776	0.8419905773749236	0.10312226027801469	0.06651917814209307	0.6695562822179737
203	0.28164356866909207	0.05601122691491877	0.621381461018389	0.47823119069969333	0.36865384228260567	0.11836884988502407	0.5354185324735337	0.40540955942943196	0.5641938283237876	0.5914060572189643	0.45089594330261357	0.5001685601133157	0.3196008731101089	0.8742771947131451	0.6516482108080427	0.9168694462641819	0.2299556798897268	0.6052093546406075	0.20926634719010606	0.6949322118387934	0.2955644483938319	0.49566536611812495	0.695469587379502	0.8825252792493452	0.4896746820849684	0.19559461329705616	0.47679328775493035	0.43464402476839975	0.6907160347510993	0.3462952282242847	0.5777674487900105	0.4419179483174066	0.1507970065488638	0.9248996770119108	0.6833121041260449	0.6043681226856227	0.4811220856651523	0.625273521587648	0.1735690281030491	0.546626709704971	0.30784369260777594	0.6476248841949782	0.17404762670988733	0.5726212683541367	0.392594293493148	0.3715478664141143	0.8419939833331657	0.10311685972337557	0.06651994766858188	0.6695482103907859
204	0.28165153056179465	0.05601419402227835	0.6214142165051172	0.47822259561521663	0.3686518426877452	0.11836491167903285	0.5354186530528467	0.40542412891924345	0.5641915727249323	0.5914108230525715	0.45089356379970447	0.5001518070748086	0.3195837829777845	0.8742842227852081	0.6516483794282388	0.9168723339263515	0.22995108339269832	0.6052297463578968	0.20927119315545295	0.6949355445713405	0.29556165499956366	0.4956576815583343	0.6954671858107356	0.8825282044343434	0.4896689789588318	0.19559018938030728	0.4767923491213665	0.4346305595649577	0.690726253781811	0.3462943362238796	0.5777649293154239	0.4419171098181123	0.1507962935035127	0.9249025824426269	0.6833188236078419	0.6043574025021955	0.48111732487758685	0.6252784597543869	0.17357139649143913	0.5466247735928692	0.3078534250641839	0.6476282844639834	0.1740565873625987	0.5726137337818297	0.39259820220379327	0.37154471903705727	0.8419973230772033	0.10311156417363287	0.06652072190505084	0.6695404999818468
205	0.28165938127664325	0.056017098405397724	0.6214462122080809	0.47821439870861465	0.368650022083359	0.11836110060469703	0.5354187682013708	0.4054383897762269	0.5641894213103806	0.5914154879349499	0.4508912340129388	0.5001355132891735	0.31956705652728984	0.8742910694022762	0.651648383664914	0.9168751608811777	0.2299465844771065	0.6052492711594416	0.20927593613291534	0.6949388073204498	0.29555899089234444	0.49565035267839536	0.6954648955823584	0.8825309885144871	0.48966353987720707	0.1955858709263851	0.4767913838739765	0.4346175687164998	0.6907362238738449	0.34629348569861357	0.5777625262857564	0.4419163789590455	0.15079559555779135	0.9249054262167858	0.6833254467956893	0.6043469099936738	0.48111278418986514	0.6252832923460482	0.17357365534872424	0.5466228782754939	0.3078630198378036	0.6476316122098403	0.17406535991464703	0.5726063588121927	0.3926019298583187	0.37154171746178855	0.8420005918119268	0.10310638122981557	0.06652149820881846	0.6695331461011989
206	0.2816671043661431	0.056019935794456674	0.6214774068006915	0.47820659349987327	0.3686483714241055	0.11835741850653855	0.5354188780067419	0.40545232107668416	0.5641873723867346	0.5914200450217844	0.4508889574022587	0.5001196937227825	0.31955071819580083	0.8742977273063416	0.6516482373023019	0.9168779229534864	0.22994218973032646	0.605267937699985	0.20928056918358018	0.6949419952619984	0.29555645396746	0.4956433736924493	0.6954627148835867	0.8825336341933253	0.48965836054438755	0.19558166326730508	0.4767903974169849	0.4346050550716267	0.6907459331750759	0.3462926759728297	0.577760237808108	0.4419157491053792	0.15079491373598497	0.9249082041693679	0.6833319600162161	0.60433666051929	0.48110846002255886	0.6252880123313056	0.17357580645332674	0.5466210265468235	0.30787245697896387	0.6476348625802631	0.1740739313493132	0.5725991542659264	0.39260547940098833	0.3715388593148368	0.8420037847578281	0.10310131846875917	0.06652227385738581	0.6695261429611559
207	0.2816746835542882	0.05602270204223387	0.6215077605016429	0.4781991725496371	0.3686468812035018	0.11835386694478273	0.5354189825677529	0.40546590250178804	0.5641854240132911	0.5914244876663435	0.45088673733399176	0.5001043623562702	0.3195347917010313	0.8743041896215624	0.6516479545766306	0.9168806160841805	0.22993790554772875	0.6052857566827088	0.20928508557226336	0.6949451037055085	0.295554041810459	0.4956367379614129	0.6954606416339953	0.882536144514289	0.48965343603035105	0.19557757151854643	0.4767893952442547	0.4345930203959801	0.6907553703482573	0.34629190626904394	0.5777580617122403	0.4419152133386827	0.1507942490328493	0.9249109122563366	0.6833383497484571	0.6043266689889889	0.4811043482714586	0.6252926128906949	0.1735778518459065	0.5466192211221349	0.3078817167525455	0.6476380308675872	0.17408228901740377	0.5725921306511393	0.3926088542125	0.3715361418716447	0.8420068972756674	0.10309638324528438	0.066523046109252	0.6695194839209468
208	0.28168210307195535	0.05602539321709166	0.6215372360024926	0.4781921275143692	0.3686455415962476	0.1183504471375142	0.5354190819938712	0.40547911479364623	0.5641835740159432	0.5914288095687388	0.4508845770052014	0.5000895318165527	0.3195192995083534	0.8743104500257183	0.6516475499402078	0.9168832364215125	0.22993373798903605	0.6053027408456856	0.20928947891862662	0.6949481281995391	0.2955517517148339	0.49563043804171214	0.6954586734991127	0.8825385228336551	0.48964876080706793	0.19557360045810376	0.47678838284015185	0.4345814652342362	0.6907645248424275	0.34629117571395696	0.5777559955662436	0.4419147645654844	0.15079360239127176	0.924913546645534	0.6833446029033735	0.6043169495287989	0.48110044433728305	0.625297087569675	0.17357979381446753	0.5466174645770175	0.3078907800452861	0.6476411126144446	0.17409042092009125	0.572585297927437	0.39261205808490574	0.3715335620767478	0.8420099249706737	0.10309158252685442	0.06652381225584747	0.6695131615351106
209	0.2816893479367038	0.056028005679317025	0.621565799223306	0.47818544920896705	0.36864434258587353	0.11834715991670039	0.535419176404689	0.4054919401295643	0.5641818200029711	0.591433004898415	0.45088247938142445	0.5000752130832163	0.3195042623939335	0.8743165028882506	0.6516470378550562	0.9168857803961077	0.2299296926604996	0.6053189049161672	0.209293743321102	0.6949510646183372	0.2955495807020942	0.4956244657406142	0.6954568079081248	0.8825407727920745	0.4896443287897224	0.19556975442819785	0.4767873655945045	0.43457038881193216	0.6907733871129835	0.346290483345275	0.5777540366943301	0.4419143956135002	0.15079297468393807	0.9249161037912442	0.6833507070568415	0.6043075152063773	0.48109674315941886	0.6253014304039789	0.17358163487744252	0.5466157592972692	0.3078996287054657	0.6476441037003541	0.1740983159411835	0.5725786653123228	0.39261509519313886	0.3715311165666831	0.8420128637779872	0.10308692275800245	0.06652456966561879	0.6695071676084631
210	0.2816964041813641	0.05603053614194993	0.6215934199075221	0.47817912767848536	0.3686432740801133	0.11834400569757544	0.5354192659292585	0.4055043624200903	0.5641801593831957	0.5914370683916961	0.450880447146909	0.5000614152652418	0.319489699097263	0.8743223433768618	0.6516464326124362	0.9168882447808286	0.22992577462112512	0.6053342655304946	0.20929787345549253	0.6949539092310024	0.29554752554478686	0.4956188121796734	0.695455042074132	0.8825428982839568	0.4896401333839632	0.19556603725820915	0.4767863487302169	0.4345597889763186	0.6907819487936164	0.3462898281194891	0.5777521821972728	0.44191409931729025	0.1507923666987306	0.9249185804935431	0.6833566506397689	0.6042983778125984	0.4810932392546644	0.6253056360191894	0.1735833777642796	0.546614107438938	0.3079082458202909	0.6476470004105492	0.17410596403228512	0.572572241127024	0.3926179700623987	0.37152880169622915	0.842015710030633	0.10308240975247843	0.06652531582098968	0.6695014932591912
211	0.2817032590347579	0.05603298171703633	0.6216200720656405	0.47817315227921803	0.368642326015279	0.11834098446073492	0.5354193507052948	0.4055163675354777	0.5641785893865924	0.5914409954259064	0.45087848266661573	0.5000481454441822	0.31947562605758656	0.874327967534476	0.6516457481760461	0.9168906267363899	0.2299219883114777	0.605348841120032	0.2093018646498007	0.6949566587542086	0.29554558279255927	0.49561346786655114	0.6954533730170229	0.882544903424535	0.489636167539367	0.19556245220758212	0.4767853372425861	0.4345496621745911	0.6907902028229242	0.34628920892062387	0.577750428975593	0.441913868594337	0.1507917791276328	0.9249209739433663	0.6833624230881397	0.6042895476957588	0.4810899267611638	0.6253096997061331	0.17358502539344658	0.5466125108979013	0.3079166159350369	0.6476497994881426	0.17411335635371336	0.5725660326793436	0.3926206875312767	0.3715266135680736	0.8420184605110992	0.10307804861141351	0.06652604834870472	0.6694961289903587
212	0.2817099010574028	0.05603533994819722	0.6216457342771968	0.4781675117681928	0.36864148845010086	0.11833809574608564	0.5354194308782455	0.40552794346496535	0.5641771070871411	0.5914447820715056	0.4508765879592802	0.5000354085795286	0.3194620572290116	0.8743333723284537	0.6516449980477004	0.9168929238435832	0.22991833750366897	0.6053626517659223	0.20930571293675598	0.6949593103894737	0.29554374880096623	0.4956084227743839	0.6954517975886901	0.8825467925148774	0.48963242380849775	0.1955590019274469	0.476784335849673	0.434540003466894	0.6907981435285587	0.34628862456984566	0.5777487737552374	0.4419136965119933	0.15079121255892283	0.9249232817541746	0.6833680149553865	0.604281033645143	0.4810867994870407	0.6253136174736168	0.17358658084809883	0.5466109712884026	0.3079247252174221	0.6476524981706646	0.17412048537388272	0.572560046181262	0.3926232527110557	0.371524548065562	0.842021112487536	0.10307384366588605	0.0665267650439331	0.6694910647690197
213	0.28171632023500986	0.05603760883046319	0.621670389861335	0.478162194399233	0.36864075164898497	0.1183353386575704	0.5354195066002467	0.40553908041355996	0.5641757094274441	0.5914484251237722	0.45087476468078447	0.5000232074713202	0.3194490039687624	0.8743385556741923	0.6516441951548347	0.916895134123038	0.22991482527104398	0.6053757190273326	0.20930941508560516	0.6949618618460395	0.2955420197624309	0.4956036664270705	0.6954503125000674	0.8825485700054476	0.4896288944103478	0.19555568843958246	0.4767833489532236	0.4345308065705786	0.6908057666720607	0.34628807383572985	0.5777472131152194	0.4419135763454218	0.15079066747242845	0.9249255019811613	0.6833734179894619	0.6042728428204959	0.48108385096273565	0.6253173860801091	0.17358804734991284	0.5466094899299261	0.3079325615706402	0.6476550942120819	0.17412734493003654	0.5725542866988668	0.39262567094202017	0.3715226008878518	0.8420236637356551	0.10306979844217333	0.06652746388846253	0.669486290111314
214	0.2817225080328342	0.05603978681844007	0.621694026927617	0.4781571880231812	0.3686401061544147	0.11833271187738753	0.5354195780289914	0.4055497708415723	0.5641743932444929	0.591451922115754	0.4508730141169874	0.500011542774296	0.31943647499238653	0.8743435164355501	0.6516433517593734	0.9168972560435524	0.22991145397590584	0.6053880657491205	0.20931296861491586	0.6949643113505565	0.2955403917385806	0.49559918798833674	0.6954489143493138	0.882550240459002	0.4896255712965679	0.1955525131311594	0.47678238060964684	0.4345220639314784	0.6908130694579733	0.3462875554449321	0.5777457435165321	0.44191350162651943	0.15079014423758452	0.9249276331290454	0.6833786251771911	0.6042649807235274	0.4810810744957312	0.6253210030461628	0.173589428231741	0.5466080678417156	0.3079401146987826	0.6476575858915271	0.17413393025355553	0.5725487581318911	0.39262794774787246	0.371520767586592	0.8420261125475407	0.10306591564777028	0.06652814306332255	0.669481794171409
215	0.28172845741433056	0.05604187282400664	0.6217166383201388	0.4781524801896387	0.3686395428482264	0.11833021368827791	0.5354196453265436	0.4055600094528152	0.5641731552958973	0.5914552713144193	0.45087133718505384	0.5000004130571938	0.3194244763889576	0.8743482544048278	0.6516424793873876	0.9168992885201644	0.22990822527340976	0.6053997158554837	0.20931637178836104	0.6949666576449203	0.2955388606931033	0.4955949763522218	0.6954475996503996	0.8825518085137032	0.48962244621873785	0.19554947676351103	0.47678143451048505	0.4345137668174791	0.6908200505112584	0.34628706809298465	0.5777443613315597	0.4419134661838417	0.15078964311400556	0.9249296741496368	0.6833836307588156	0.604257451207098	0.4810784632262119	0.6253244666495879	0.17359072690981295	0.5466067057441513	0.30794737612886625	0.6476599720101243	0.17414023796347905	0.5725434632198076	0.39263008878945915	0.37151904360316007	0.8420284577287278	0.10306219717601828	0.06652880095622413	0.6694775658319269
216	0.2817341628279923	0.056043866204865705	0.6217382214692206	0.4781480582476075	0.3686390530016418	0.11832784200236919	0.5354197086581335	0.405569793137964	0.5641719922858947	0.5914584717021375	0.4508697344422222	0.4999898149003125	0.31941301168864006	0.874352770265263	0.6516415887787105	0.9169012309032553	0.22990514012957505	0.6054106941362177	0.2093196235956457	0.694968899973748	0.2955374225242757	0.4955910202326519	0.6954463648613659	0.8825532788473047	0.48961951079494176	0.19554657949302373	0.4767805139716941	0.43450590542944645	0.6908267098273968	0.3462866104549439	0.5777430628732286	0.44191346417366195	0.15078916425425332	0.9249316244304715	0.6833884302159972	0.6042502565173005	0.4810760101822155	0.6253277759055829	0.17359194685620294	0.546605404066123	0.3079543391941964	0.6476622518774277	0.17414626603224023	0.5725384035711122	0.392632099818994	0.37151742430549806	0.8420306985850393	0.10305864412697802	0.0665294361642656	0.6694735937935191
217	0.28173962016660153	0.05604576674535545	0.6217587781657172	0.478143909442653	0.3686386283141849	0.11832559439505172	0.5354197681909658	0.4055791208799901	0.5641709008905158	0.5914615229457474	0.4508682061008774	0.49997974302421144	0.31940208197450437	0.8743570655391227	0.6516406898553194	0.9169030829600542	0.22990219885123372	0.605421026031838	0.2093227237208736	0.6949710380630779	0.29553607309638985	0.4955873082499738	0.6954452064115892	0.8825546561431674	0.4896167565740718	0.1955438209021374	0.47677962193091944	0.43449846902461225	0.6908330486997695	0.34628618119564375	0.5777418444231992	0.4419134901024786	0.1507887077084623	0.9249334837758941	0.6833930202368332	0.6042433973633569	0.4810737083329592	0.6253309305341617	0.17359309157221817	0.5466041629574795	0.30796099898421675	0.6476644252890857	0.1741520137278755	0.5725335797122256	0.39263398663586346	0.3715159050236783	0.8420328349007683	0.10305525684203085	0.06653004749241764	0.6694698666614528
218	0.28174482670334167	0.056047574630964374	0.6217783142732475	0.4781400210085739	0.3686382609418843	0.11832346814240714	0.5354198240930713	0.4055879936287597	0.5641698777813758	0.5914644253555381	0.4508667520487661	0.4999701904424313	0.31939168603028006	0.874361142524488	0.6516397917069545	0.9169048448499586	0.2298994011256773	0.6054307374231166	0.20932567250070935	0.6949730720919189	0.29553480826942435	0.49558382901264714	0.6954441207274896	0.8825559450587415	0.48961417509652005	0.19554120003841993	0.4767787609518461	0.4344914460477607	0.6908390696289708	0.3462857789793434	0.577740702258505	0.4419135388414624	0.1507882734304754	0.924935252382004	0.6833973986616202	0.6042368730101132	0.48107155063922236	0.625333930917275	0.1735941645632647	0.5466029823056077	0.3079673522662729	0.6476664924973837	0.17415748153708469	0.5725289911523437	0.3926357550449291	0.37151448108345825	0.8420348669098288	0.10305203494963149	0.06653063394834881	0.6694663730273969
219	0.2817497810092941	0.05604929041798197	0.6217968393933709	0.478136380252001	0.3686379435154183	0.11832146026080996	0.5354198765322236	0.4055964141518234	0.5641689196476749	0.5914671798364389	0.45086537187319853	0.4999611486314024	0.3193818205158164	0.8743650042237421	0.6516389025921397	0.9169065170950678	0.22989674606778862	0.6054398544297043	0.20932847087466935	0.694975002658268	0.2955336239264441	0.4955805711926783	0.6954431042562426	0.8825571501969813	0.48961175795021306	0.19553871545972012	0.4767779332346152	0.43448482426596974	0.6908447762186002	0.34628540247861006	0.5777396326761784	0.4419136056335098	0.15078786128514543	0.9249369308068676	0.6834015644131559	0.6042306813879731	0.4810695300999078	0.6253367780479967	0.17359516931562785	0.5466018617552094	0.30797339738479373	0.6476684541762965	0.1741626710734793	0.5725246364606017	0.39263741081804504	0.37151314783724926	0.8420367952614844	0.10304897741965958	0.06653119473418569	0.6694631015449879
220	0.28175448285675403	0.05605091499965548	0.6218143664979808	0.47813297462880144	0.3686376691490804	0.1183195675474571	0.5354199256749411	0.40560438686812716	0.5641680232161083	0.5914697878336204	0.45086406488812775	0.4999526077111721	0.31937248016237496	0.8743686542665738	0.6516380299525709	0.9169081005472711	0.2298942322725353	0.605448403221528	0.20933112032977416	0.6949768307411394	0.2955325159983641	0.49557752359379054	0.6954421534871823	0.8825582760810019	0.4896094968212376	0.19553636528350982	0.47677714063126153	0.4344785909031753	0.6908501730618247	0.34628505038232077	0.5777386320155244	0.44191368609369786	0.15078747105647378	0.9249385199373346	0.6834055174152917	0.6042248192153223	0.48106763979415185	0.6253394734740442	0.17359610927547878	0.5466008007303745	0.307979134143287	0.6476703113826187	0.17416758497518015	0.5725205133520733	0.39263895965930246	0.3715119006920863	0.8420386209821936	0.10304608262392886	0.0665317292358067	0.669460040998155
221	0.281758933112569	0.05605244957012632	0.6218309115420432	0.4781297918115989	0.36863743144159866	0.11831778662074331	0.5354199716855864	0.40561191767088617	0.5641671852684979	0.5914722512745499	0.4508628301630752	0.4999445566312182	0.319363657980454	0.874372096830065	0.6516371804387141	0.9169095963531354	0.22989185787086008	0.6054564098456825	0.2093336228416344	0.6949785576600488	0.29553148048584765	0.4955746752117036	0.695441264970704	0.8825593271321374	0.4896073835386	0.1955341472386827	0.4767763846651267	0.4344727327714085	0.6908552656226441	0.3462847214027148	0.5777376966778371	0.44191377620402544	0.15078710245627958	0.9249400209537084	0.6834092585032531	0.604219282128863	0.48106587291859204	0.6253420192377311	0.17359698783030195	0.5465997984581183	0.3079845636742663	0.6476720655146201	0.17417222679562477	0.5725166187793732	0.39264040717431353	0.37151073513434607	0.8420403454349995	0.10304334840058828	0.06653223701025826	0.6694571803615752
222	0.2817631336253687	0.05605389558729019	0.6218464930683816	0.4781268197481046	0.36863722446993785	0.11831611395957316	0.5354200147255688	0.40561901374523457	0.5641664026570604	0.5914745725093394	0.4508616665529755	0.49993698335634684	0.3193553454735837	0.8743753365581118	0.6516363599444465	0.9169110059177142	0.2298896205871986	0.6054639000706243	0.20933598081383	0.6949801850332425	0.2955305134782404	0.49557201528624806	0.6954404353345836	0.8825603076514262	0.4896054101129124	0.19553205871826726	0.47677566655323933	0.4344672363961464	0.690860060115343	0.34628441428146944	0.5777368231434663	0.4419138723033683	0.1507867551331254	0.9249414352933818	0.6834127893289548	0.604214064817736	0.48106422281961647	0.6253444178142433	0.17359780829282911	0.5465988539926351	0.30798968830181034	0.6476737182695285	0.17417660089105996	0.5725129490269633	0.3926417588436752	0.3715096467511031	0.8420419702777471	0.10304077212038233	0.06653271777184709	0.6694545088529731
223	0.281767087110129	0.056055254735578666	0.6218611318146188	0.47812404671028547	0.3686370427772519	0.11831454594087437	0.5354200549526559	0.4056256833855411	0.5641656723173122	0.5914767542509796	0.4508605727281292	0.49992987504845543	0.3193475328523827	0.8743783784821036	0.651635573648631	0.9169123308682552	0.22988751779708605	0.6054708992486653	0.20933819701720488	0.6949817147358025	0.29552961116954385	0.4955695333453267	0.6954396612977226	0.8825612218044424	0.4896035687690188	0.19553009683172906	0.47677498723072237	0.4344620881338018	0.6908645633851229	0.34628412779480316	0.577736007986231	0.4419139710735734	0.15078642868125952	0.9249427646144155	0.6834161122641881	0.6042091611578436	0.48106268302059646	0.6253466720498754	0.1735985738874784	0.5465979662396113	0.3079945114009411	0.6476752716009729	0.17418071230774917	0.5725094998056317	0.39264302000060003	0.37150863124813027	0.8420434974212443	0.10303835075299803	0.06653317137741786	0.6694520159772738
224	0.28177079703304697	0.05605652888950397	0.6218748503307134	0.47812146133465094	0.36863688135613504	0.11831307887474819	0.5354200925203915	0.4056319358165155	0.5641649912786767	0.5914787995168184	0.45085954720357935	0.49992321824072994	0.31934020924406353	0.8743812279444367	0.6516348260616558	0.9169135730186285	0.22988554658355476	0.605477432197076	0.20934027453044227	0.6949831488585804	0.29552876987151716	0.4955672192409716	0.695438939681402	0.8825620736093062	0.4896018519727462	0.19552825845575675	0.4767743473763772	0.43445727427991504	0.6908687827923996	0.3462838607576404	0.5777352478852624	0.4419140695225863	0.15078612264937288	0.9249440107598808	0.6834192303041564	0.6042045643433479	0.48106124724425153	0.6253487851016127	0.17359928773922254	0.546597133980051	0.3079990372574356	0.6476767276773431	0.17418456667145346	0.5725062663450116	0.3926441958125861	0.37150768446465005	0.8420449289883097	0.10303608093200686	0.0665335978112663	0.6694496915628508
225	0.2817742674992142	0.0560577200786524	0.621887672613884	0.4781190526541429	0.3686367356282653	0.11831170903684506	0.5354201275776169	0.4056377810214598	0.5641643566729164	0.591480711572374	0.4508585883673529	0.4999169990016062	0.319333362893473	0.8743838905261148	0.6516341210751468	0.916914734335154	0.22988370379126552	0.6054835230975513	0.20934221668303274	0.6949844896687394	0.29552798602406355	0.4955650631779208	0.6954382674181776	0.8825628669276501	0.4896002524520984	0.19552654028264727	0.476773747438701	0.4344527811670977	0.6908727261027479	0.34628361202689084	0.577734539634406	0.4419141649654384	0.15078583654900674	0.9249451757236339	0.6834221469734343	0.6042002670128818	0.4810599094304036	0.6253507603791829	0.17359995286475755	0.5465963558931595	0.3080032709310934	0.647678088841839	0.17418817008126897	0.5725032434824042	0.3926452912669066	0.3715068023850117	0.8420462672744695	0.10303395901718686	0.06653399717007681	0.6694475257902899
226	0.2817775031450965	0.056058830454662145	0.6218996237661514	0.47811681012224627	0.36863660142144883	0.11831043269769576	0.5354201602680914	0.40564322958028975	0.5641637657405452	0.591482493878346	0.4508576945071295	0.49991120308652626	0.31932698135261506	0.8743863719793683	0.6516334620132758	0.9169158169043479	0.22988198607755067	0.6054891954133548	0.2093440270015022	0.6949857395725085	0.29552725620309717	0.49556305573526266	0.6954376415585963	0.882563605458273	0.4895987632132974	0.19552493886561156	0.47677318766170146	0.434448595252199	0.6908764013840083	0.3462833805039104	0.5777338801493666	0.44191425500384457	0.15078556986248204	0.9249462616180412	0.683424866236014	0.6041962613685542	0.4810586637494541	0.6253526014904481	0.17360057216580496	0.546595630577937	0.30800721812489523	0.647679357574818	0.17419152900945195	0.5725004257465502	0.3926463111596372	0.37150598114752004	0.8420475147109039	0.10303198115327819	0.06653436964820869	0.6694455092142111
227	0.28178055293055193	0.05605987506947806	0.6219108602040331	0.4781147223605298	0.368636488996778	0.11830923639509386	0.535420190749521	0.40564835536682686	0.5641632154992795	0.591484170602673	0.4508568534960359	0.4999057611026705	0.3193209780883219	0.874388703123596	0.6516328257153282	0.9169168354130603	0.2298803701506042	0.6054944876731214	0.20934573002677942	0.6949869155245229	0.2955265767122818	0.4955611867437406	0.6954370589221439	0.8825642922291269	0.48959737670827314	0.19552343351161555	0.4767726563402841	0.4344446764647003	0.6908798556422157	0.34628316500595435	0.5777332660980603	0.4419143488069184	0.15078531897350117	0.9249472831701172	0.6834274290590505	0.604192493104823	0.48105750390444657	0.6253543333919406	0.17360114877578398	0.5465949481974464	0.30801093842001687	0.6476805510756503	0.17419468913050348	0.572497774931431	0.39264726066527106	0.37150521658572094	0.8420486882119411	0.10303012051648548	0.06653472193066715	0.6694436316341905
228	0.2817835251227289	0.056060886199646616	0.6219217135186599	0.47811277735765084	0.3686364281896763	0.1183080937693035	0.5354202191906645	0.40565331676197625	0.5641627027964697	0.5914857935601292	0.45085603930289225	0.49990053025786235	0.3193151676559191	0.8743909481734863	0.6516321533016338	0.9169178213702953	0.22987880608412622	0.6054994575542821	0.20934737835768627	0.6949880539029021	0.2955259436477903	0.4955594454638879	0.6954365161527906	0.8825649291968279	0.48959608496681495	0.19552198052760758	0.4767721257121271	0.43444094973628977	0.6908831877991306	0.3462829642867283	0.5777326939591324	0.44191447118780475	0.15078507612871653	0.924948271948485	0.6834299259163727	0.6041888458210142	0.4810564232415946	0.6253560095440815	0.1736016860048559	0.5465942876517871	0.30801456348673734	0.6476817061958345	0.17419774846527916	0.5724952091254715	0.39264814524620906	0.3715045043012776	0.8420498240286578	0.10302831961830002	0.06653506940965198	0.6694418822737082
229	0.28178648510908844	0.05606188349061313	0.6219323860989995	0.4781109658843603	0.36863643594671736	0.11830698839018738	0.5354202457191872	0.405658210164076	0.5641622252136198	0.5914873942865816	0.4508552360914132	0.49989542271748943	0.319309437177834	0.8743931464974157	0.6516314103627032	0.9169187939473306	0.22987726349010085	0.6055041440177799	0.20934900401227352	0.6949891768419182	0.2955253540116883	0.49555782364772827	0.6954360106705832	0.8825655182539829	0.489594881866792	0.19552055321711276	0.47677157929267033	0.4344373677004936	0.6908864583478702	0.34628277738663765	0.5777321610302927	0.4419146364511665	0.15078483660927897	0.9249492471664388	0.6834324114638235	0.6041852486643124	0.48105541665404766	0.6253576624942402	0.1736021863943738	0.5465936361010992	0.30801817285942684	0.6476828453692784	0.17420076666255707	0.5724926784741391	0.39264896909960145	0.3715038409147302	0.8420509442265013	0.10302654346849657	0.06653542128973643	0.669440252859799
230	0.28178947115585623	0.05606287861249452	0.6219429988123519	0.47810928029052174	0.36863652096417454	0.11830591006107809	0.5354202704393577	0.40566309283638285	0.5641617807490783	0.5914889915141194	0.45085443446246753	0.49989038526057517	0.3193037195930393	0.874395321803062	0.6516305780715844	0.9169197645255367	0.22987572431653042	0.6055085745648167	0.20935062601421675	0.6949902974822919	0.2955248053202911	0.49555631446159365	0.6954355403360174	0.8825660613178279	0.4895937623351106	0.19551913560537065	0.47677100775626347	0.4344339003258255	0.6908897035450008	0.34628260350874596	0.5777316650742736	0.441914852192765	0.15078459761227483	0.9249502202364767	0.6834349177044217	0.6041816595400538	0.481054479913202	0.625359311585985	0.17360265204925274	0.5465929859208707	0.30802181309785004	0.6476839819270389	0.17420377914172103	0.5724901533632832	0.39264973570445116	0.3715032236249391	0.8420520619144973	0.10302477128145941	0.06653578285347433	0.6694387365407395
231	0.28179250443788817	0.0560638782251691	0.6219536213742674	0.47810771371849253	0.36863668662846427	0.11830485246071733	0.5354202934439936	0.40566799745731436	0.5641613676098175	0.5914905959315481	0.45085362906037035	0.4998853863138989	0.3192979766225368	0.8743974879900479	0.6516296475398652	0.9169207395930553	0.22987417826089968	0.6055127699010594	0.20935225522385106	0.6949914233153609	0.2955242953477552	0.49555491178101624	0.6954351032308093	0.8825665603944924	0.48959272182485397	0.1955177184422272	0.47677040631776924	0.43443052829523776	0.6908929444515229	0.34628244193803565	0.57773120408668	0.4419151217102505	0.15078435753837133	0.9249511976707451	0.6834374623676603	0.6041780544198505	0.48105360923036994	0.6253609678678134	0.17360308485569373	0.5465923327627509	0.3080255099830052	0.6476851234815408	0.17420680609932612	0.5724876168937753	0.39265044817936434	0.37150264992098514	0.8420531845752084	0.10302299119475447	0.06653615690238739	0.6694373271769435
232	0.28179559536811627	0.056064885845125714	0.6219642914522768	0.47810625966330567	0.36863693290237554	0.11830381166981302	0.5354203148213166	0.40567294128120335	0.564160984094671	0.59149221318158	0.4508528170655197	0.499880407815492	0.31929218804515536	0.8743996528263794	0.6516286162231196	0.9169217225687402	0.22987261988259555	0.6055167467619962	0.20935389737961924	0.6949925582888193	0.2955238219825668	0.49555360979613944	0.6954346975354297	0.8825670175992333	0.48959175602276417	0.19551629668859768	0.47676977307214635	0.434427238886253	0.690896192616688	0.3462822919964347	0.5777307761658899	0.44191544554396844	0.15078411554331816	0.9249521829071083	0.6834400541968096	0.6041744206102904	0.4810528010111971	0.6253626371832535	0.17360348660309813	0.5465916743335526	0.30802927621306936	0.6476862740570588	0.17420985818001955	0.5724850601435736	0.3926511094825793	0.3715021174210739	0.8420543161611578	0.10302119694412373	0.06653654466892693	0.6694360189438466
233	0.2817987475504601	0.05606590300590756	0.6219750265198016	0.4781049117687772	0.3686372575415855	0.11830278526919749	0.5354203346582193	0.40567793183258577	0.5641606285400289	0.5914938457238782	0.45085199725731745	0.4998754401905966	0.3192863450316782	0.8744018202233055	0.6516274856346997	0.9169227149359872	0.2298710468080308	0.6055205195291509	0.20935555498857145	0.6949937041157341	0.29552338316093646	0.4955524028286152	0.6954343214723901	0.8825674351435354	0.48959086071354657	0.1955148679578162	0.4767691079473442	0.43442402347095965	0.6908994536006507	0.34628215302205617	0.5777303794525896	0.4419158224636953	0.15078387125916248	0.9249531774442128	0.6834426962503706	0.6041707525688788	0.4810520517415557	0.6253643220915116	0.17360385904067727	0.5465910096362505	0.3080331162092698	0.647687435413938	0.17421294000209128	0.572482479222641	0.3926517225046961	0.37150162379784857	0.8420554583979175	0.10301938579673661	0.06653694638930324	0.6694348061474826
234	0.2818019602026009	0.056066929964372826	0.6219858310516053	0.47810366376691144	0.36863765687536415	0.11830177180380168	0.5354203530412889	0.4056829703717938	0.5641602993035949	0.5914954939689191	0.45085116944385345	0.4998704793246856	0.3192804460879612	0.8744039916103378	0.6516262599068523	0.9169237169327891	0.22986945863827066	0.6055241010855815	0.20935722847693933	0.6949948610712228	0.2955229768469583	0.4955512852770817	0.6954339732894202	0.882567815303942	0.4895900317394893	0.19551343157044496	0.4767684120532896	0.4344208760502001	0.6909027291089226	0.34628202436308175	0.5777300121117132	0.44191625009570534	0.1507836246245775	0.9249541815322899	0.6834453879250312	0.6041670493575872	0.48105135795348075	0.6253660230363878	0.17360420389432912	0.5465903385080471	0.30803702906103125	0.6476886078545248	0.1742160523036359	0.5724798734805434	0.39265229009623437	0.37150116675618944	0.8420566115771752	0.10301755729336051	0.06653736165757167	0.6694336831694858
235	0.28180522959903953	0.056067966117295254	0.621996700752808	0.47810250949407546	0.3686381263001145	0.11830077047697483	0.5354203700565904	0.4056880539392202	0.564159994768614	0.5914971569468243	0.450850334125547	0.4998655248030332	0.31927449466178826	0.874406166738605	0.6516249449030764	0.9169247279587392	0.2298678563046592	0.6055275032156107	0.2093589168688579	0.6949960284623422	0.29552260103785793	0.49555025163160776	0.6954336512639957	0.8825681603845761	0.4895892650111879	0.1955119879995177	0.47676768728661945	0.43441779243452594	0.6909060182437085	0.3462819053794483	0.5777296723371688	0.44191672531438864	0.15078337578477927	0.9249551945806471	0.6834481261601648	0.604163313140722	0.4810507162341022	0.6253677390358613	0.1736045228621874	0.546589661347906	0.30804101027983305	0.6476897906985997	0.17421919320890855	0.5724772444491619	0.3926528150602758	0.37150074403913586	0.8420577750245605	0.10301571250638086	0.0665377896389676	0.6694326444815795
236	0.2818085499035017	0.056069010238601245	0.6220076249555904	0.4781014429396906	0.36863866058558264	0.11829978098440119	0.5354203857888908	0.40569317651948916	0.5641597133568313	0.5914988326882432	0.4508494923036835	0.4998605789272852	0.31926849777985505	0.8744083441324775	0.6516235476830134	0.9169257468067481	0.22986624170184164	0.6055307367525924	0.2093606181729281	0.6949972048956026	0.2955222537798929	0.49554929651741014	0.6954333537168879	0.882568472681258	0.48958855653994526	0.19551053855673045	0.47676693609701126	0.4344147698124814	0.6909093182106579	0.34628179544781174	0.5777293583662703	0.44191724448181935	0.15078312503453203	0.9249562153897298	0.6834509061323193	0.6041595483294171	0.4810501232528808	0.6253694680749126	0.1736048176011047	0.5465889789614178	0.308045052810639	0.6476909825541859	0.17422235894978527	0.5724745952405901	0.39265330013031624	0.37150035344572074	0.8420589473660891	0.1030138536172227	0.06653822919480133	0.6694316846896108
237	0.2818119136438382	0.05607006061266092	0.6220185879581033	0.47810045830021647	0.36863925406391407	0.11829880342617588	0.5354204003207601	0.40569832969559977	0.5641594535429387	0.5915005184383644	0.45084864537293445	0.49985564617576267	0.3192624652816989	0.8744105213393812	0.6516220761817538	0.9169267717931682	0.22986461748153728	0.6055338116079793	0.20936232959947462	0.6949983884271889	0.295521933186015	0.49554841474340355	0.6954330790271592	0.8825687544515218	0.48958790247373585	0.1955090852175341	0.47676616135009003	0.4344118065314694	0.6909126247120422	0.346281693967009	0.5777290684958074	0.4419178035935529	0.15078287278612484	0.9249572422815246	0.6834537216512425	0.6041557611008448	0.4810495757919199	0.6253712073263819	0.17360508971162417	0.5465882924736617	0.3080491476087649	0.6476921814697836	0.17422554427134723	0.572471930208819	0.39265374794571156	0.37149999285074714	0.8420601266779093	0.10301198367886216	0.0665386789549373	0.669430798582522
238	0.2818153120026758	0.0560711151149547	0.6220295698314636	0.47809955002364063	0.36863990075166936	0.11829783825599081	0.5354204137317885	0.40570350304485703	0.5641592138665601	0.591502210786443	0.4508477950564017	0.4998507328825346	0.31925640935583854	0.8744126950792568	0.6516205390067937	0.9169278008364811	0.2298629869276959	0.6055367367648509	0.20936404769209402	0.6949995766537945	0.29552163745046106	0.4955476013422917	0.6954328256444973	0.8825690078920858	0.48958729912688287	0.19550763051589484	0.4767653662418602	0.4344089019755673	0.6909159321829896	0.3462816003625204	0.5777288010953572	0.44191839837186675	0.1507826195499901	0.9249582731784927	0.6834565654021839	0.6041519591071298	0.48104907077106157	0.6253729532847783	0.1736053407255533	0.5465876032764975	0.30805328399286064	0.6476933850265777	0.1742287426774572	0.5724692547449715	0.39265416103144074	0.37149966022108843	0.842061310576968	0.1030101064720443	0.06653913736269099	0.669429981172855
239	0.2818187350377817	0.05607217127359786	0.6220405470368351	0.4780987128383342	0.3686405944397191	0.11829688624136091	0.5354204260980324	0.40570868444086755	0.5641589929401185	0.5915039057645933	0.45084694335613584	0.49984584699019424	0.3192503441858676	0.8744148613593143	0.6516189452869003	0.9169288315172665	0.22986135386126322	0.6055395202830836	0.2093657684280235	0.6950007667818469	0.29552136485825603	0.4955468515966661	0.6954325920971839	0.8825692351235046	0.4895867429993561	0.19550617746374746	0.4767645542345176	0.43440605646793296	0.6909192339724346	0.34628151408931723	0.5777285546160021	0.4419190243347918	0.1507823659199219	0.9249593056637779	0.6834594291296467	0.6041481512532734	0.4810486052643035	0.6253747018684223	0.17360557209785307	0.5465869129883824	0.3080574499125634	0.6476945904088086	0.17423194661804256	0.5724665751211212	0.3926545417849795	0.37149935362626435	0.8420624962901828	0.1030082263955966	0.06653960270864563	0.6694292277232048
240	0.28182217190027664	0.0560732263315011	0.6220514930536695	0.4780979417657209	0.36864132877358635	0.11829594842011315	0.5354204374917039	0.40571386035862833	0.5641587894524197	0.5915055989475877	0.45084609250314767	0.49984099779214164	0.3192442855929571	0.8744170155924091	0.651617304531758	0.91692986113878	0.22985972254397652	0.6055421693378383	0.2093674873195386	0.6950019556974388	0.2955211137894408	0.4955461610505958	0.6954323769955535	0.8825694381807225	0.4895862307853096	0.19550472946874273	0.4767637289951716	0.4344032711577512	0.6909225225283606	0.3462814346330461	0.5777283275942694	0.4419196768589617	0.1507821125581433	0.9249603370420224	0.6834623038194647	0.6041443474728064	0.48104817650719495	0.6253764485226275	0.17360578520300843	0.5465862234137764	0.30806163221364063	0.6476957944748615	0.17423514767818712	0.5724638983325144	0.392654892470536	0.3714990712430876	0.8420636807243184	0.10300634835563424	0.06654007316339859	0.6694285337580774
241	0.2818256110835345	0.056074277318478215	0.6220623791128764	0.4780972321193735	0.36864209733668607	0.11829502604676465	0.5354204479810755	0.40571901622838163	0.5641586021686272	0.5915072855686081	0.4508452448993871	0.4998361956261334	0.31923825062133865	0.874419152736634	0.6516156264808927	0.9169308867972394	0.2298580975667993	0.6055446902957721	0.20936919953153862	0.6950031400474765	0.295520882718869	0.495545525509035	0.6954321790316722	0.8825696190078614	0.4895857593725905	0.19550329023801938	0.4767628943281648	0.4344005478753947	0.6909257896149522	0.34628136150982924	0.5777281186520524	0.44192035124596213	0.15078186017798662	0.9249613644098946	0.6834651799065841	0.6041405584676176	0.48104778189664926	0.6253781883393135	0.1736059813351629	0.5465855364960476	0.30806581694051954	0.6476969938396838	0.17423833679734677	0.572461231914574	0.39265521521945956	0.3714988113553402	0.8420648605470104	0.1030044776370902	0.06654054681419608	0.6694278950634854
242	0.28182904070967574	0.05607532113499308	0.6220731750508987	0.47809657949452805	0.3686428937409498	0.11829412052834289	0.5354204576305414	0.4057241368465316	0.5641584299276793	0.5915089606536618	0.4508444030503162	0.49983145151384983	0.3192322570570749	0.8744212674588063	0.6516139209353452	0.9169319054634771	0.22985648372038303	0.6055470888226943	0.20937090001806977	0.6950043163339571	0.2955206702128711	0.4955449410286197	0.6954319969763549	0.8825697794556561	0.4895853258358672	0.19550186366596192	0.476762054098539	0.4343978889559099	0.6909290265661472	0.346281294265092	0.5777279264936847	0.4419210427954054	0.15078160952378075	0.9249623847379795	0.6834680475142806	0.604136795405872	0.4810474189853818	0.625379916195835	0.17360616171091867	0.546584854262766	0.30806998968457106	0.6476981849704597	0.1742415045238581	0.5724585837303933	0.39265551203500765	0.37149857234993866	0.8420660322808374	0.10300261975456587	0.06654102170665911	0.66942730767786
243	0.2818324488432656	0.056076354644219256	0.6220838502496396	0.47809597975214935	0.36864371172359567	0.11829323335294982	0.5354204665007763	0.4057292068272943	0.564158271638234	0.5915106191693188	0.4508435694907601	0.4998267767626009	0.3192263228992416	0.8744233543147963	0.6516121975760008	0.9169329140727085	0.22985488585270303	0.6055493700108826	0.2093725836723629	0.6950054810176217	0.2955204749241304	0.4955444039035495	0.6954318296746719	0.8825699212802749	0.4895849274261209	0.19550045371060493	0.4767612121488843	0.4343952970411073	0.6909322245649574	0.34628123247184517	0.5777277499013799	0.44192174688338115	0.15078136134874492	0.9249633949607758	0.683470896716104	0.6041330695900167	0.4810470854732716	0.6253816269075155	0.17360632747365906	0.546584178765563	0.30807413596549565	0.6476993642917355	0.17424464129465828	0.572455961737167	0.3926557847995911	0.37149835271110343	0.8420671924066988	0.10300078028842975	0.06654149589026155	0.6694267678779984
244	0.2818358238122838	0.05607737476636549	0.6220943745997722	0.4780954290010772	0.3686445452452752	0.11829236601626567	0.535420474648937	0.40573421106541696	0.5641581262740787	0.5915122561740693	0.4508427467089128	0.49982218255653543	0.31922046581824276	0.8744254079344785	0.6516104657786401	0.916933909616514	0.22985330872321866	0.6055515385126645	0.20937424548053635	0.6950066306241766	0.2955202955859213	0.49554391064972225	0.6954316760409298	0.8825700461426822	0.48958456155884716	0.19549906426693509	0.4767603722144929	0.43439277487544103	0.6909353749298426	0.3462811757287844	0.5777275877300816	0.4419224590421728	0.1507811163923406	0.9249643920688893	0.6834737178038829	0.6041293921166763	0.4810467791976113	0.6253833153838766	0.1736064796984182	0.5465835120185086	0.3080782416215614	0.6477005282931018	0.17424773772186375	0.5724533737468986	0.3926560352828929	0.3714981510138242	0.842068337469712	0.10299896471692803	0.06654196746478905	0.6694262721632266
245	0.2818391545133874	0.05607837856841182	0.6221047194170447	0.4780949235808293	0.3686453885832797	0.11829151995159384	0.5354204821288692	0.4057391351763388	0.5641579928696856	0.591513866962297	0.45084193707403153	0.49981767956767925	0.31921470264061164	0.8744274231976785	0.6516087344381878	0.9169348892303447	0.22985175686415504	0.6055535986679588	0.20937588066779805	0.695007761845346	0.2955201310065491	0.4955434579894274	0.6954315350538449	0.8825701556081211	0.4895842258026799	0.19549769904636677	0.47675953784270453	0.43439032511164116	0.6909384693871368	0.3462811236584718	0.5777274389024819	0.4419231750359856	0.15078087535872792	0.9249653731967217	0.6834765015425933	0.6041257735531443	0.4810464981236814	0.6253849767772204	0.17360661939658353	0.546582855939489	0.3080822931807458	0.6477016736316087	0.1742507848653925	0.5724508271987769	0.3926562651496881	0.37149796591756445	0.8420694641799352	0.10299717825650705	0.06654243462451277	0.6694258172401006
246	0.28184243068036763	0.056079363343024324	0.6221148582478523	0.4780944600466074	0.36864623641356953	0.11829069646837798	0.5354204889912931	0.4057439658832274	0.5641578705163244	0.5915154471908726	0.4508411427728495	0.49981327761398947	0.3192090488960605	0.8744293953888429	0.6516070118140896	0.9169358502704642	0.22985023445853725	0.6055555546161855	0.20937748482699808	0.6950088716277351	0.2955199800644983	0.4955430428379894	0.6954314057523381	0.8825702511456157	0.489583917869467	0.19549636147077956	0.4767587123219632	0.4343879501399145	0.6909415003105565	0.34628107590575546	0.5777273024046683	0.44192389092758005	0.15078063889782306	0.9249663356995661	0.6834792393944737	0.6041222236529316	0.4810462403365163	0.62538660661326	0.17360674752000152	0.5465822122986558	0.3080862781871286	0.6477027972218102	0.1742537744727029	0.5724483289590274	0.39265647596666237	0.37149779616077316	0.8420705695009238	0.10299542572143236	0.06654289569704257	0.6694254000090474
247	0.2818456430997854	0.05608032667195856	0.6221247675162977	0.47809403515714916	0.3686470838765967	0.1182898967027934	0.5354204952839577	0.4057486913278946	0.5641577583589071	0.5915169929808438	0.45084036575849107	0.499808985384621	0.3192035184536769	0.8744313203212805	0.651605305406185	0.9169367903757519	0.22984874524222274	0.6055574103863843	0.20937905402189821	0.6950099572442158	0.2955198417044978	0.49554266229293986	0.6954312872321299	0.882570334127611	0.48958363560622586	0.1954950545873989	0.47675789862485524	0.4343856519506491	0.6909444609135976	0.34628103213649203	0.5777271772825914	0.4419246031317522	0.15078040759008218	0.924967277215529	0.6834819236990164	0.6041187511272637	0.48104600403422326	0.6253882008960446	0.17360686496430808	0.5465815826770156	0.3080901854630654	0.6477038963080911	0.17425669917140038	0.572445885160133	0.3926566692079359	0.3714976405564369	0.8420716507208614	0.10299371141104333	0.06654334917453006	0.669425017553528
248	0.2818487837643988	0.05608126647123466	0.6221344269852039	0.47809364586537584	0.3686479266237462	0.11828912158241665	0.5354205010517604	0.40575330129227183	0.5641576555935548	0.5915185009898657	0.45083960771408566	0.4998048102439001	0.3191981232628375	0.8744331944257423	0.6516036218668116	0.9169377075117181	0.22984729243412683	0.6055591699628178	0.2093805848607364	0.6950110163447725	0.29551971493449064	0.495542313625677	0.6954311786431207	0.8825704058299756	0.48958337698894905	0.19549378100813525	0.47675709936768623	0.43438343203600754	0.6909473453866699	0.3462809920365665	0.5777270626393417	0.44192530845313427	0.15078018193566278	0.9249681957096263	0.6834845478010135	0.6041153634823149	0.4810457875228329	0.6253897561826938	0.17360697257149418	0.546580968436933	0.3080940052957321	0.6477049685161823	0.17425955260645762	0.5724435010863088	0.3926568462593164	0.3714974979886561	0.8420727055032192	0.1029920390294681	0.06654379373583674	0.6694246671316895
249	0.2818518459617557	0.056082181017358915	0.6221438200239171	0.478093289311341	0.3686487608432471	0.11828837180540602	0.5354205063368409	0.4057577873269033	0.5641575614657589	0.5915199684542143	0.450838870031663	0.49980075811682684	0.31919287320296585	0.874435014802022	0.6516019669510268	0.9169385999960216	0.2298458786957536	0.605560837326301	0.2093820745389106	0.6950120469859921	0.29551959882334755	0.4955419942751734	0.6954310791874173	0.8825704674325979	0.489583140117931	0.1954925428743148	0.4767563167873846	0.4343812913314219	0.6909501489768705	0.34628095531115327	0.5777269576330929	0.44192600410744487	0.1507799623481374	0.9249690894993506	0.6834871061244702	0.6041120669247753	0.481045589212411	0.625391269626749	0.17360707113184234	0.5465803707050203	0.3080977295448509	0.6477060118830449	0.1742623295198432	0.5724411811070668	0.39265700842150564	0.37149736741006295	0.8420737319161371	0.10299041163907821	0.0665442282592578	0.6694243461700603
250	0.2818548243011977	0.05608306895558559	0.6221529336932468	0.4780929628167716	0.3686495832662602	0.11828764783331229	0.5354205111786544	0.4057621427913388	0.564157475268954	0.5915213932019817	0.45083815380553216	0.4997968334515425	0.31918777603640525	0.8744367792356115	0.6516003455033785	0.9169394665064655	0.22984450611849316	0.6055624164737169	0.20938352085240555	0.6950130476403164	0.2955194924990943	0.4955417018431008	0.695430988117806	0.8825705200207632	0.489582923214149	0.19549134184543557	0.4767555527349446	0.4343792301943778	0.6909528680135041	0.3462809216841486	0.5777268614755066	0.4419266877268136	0.1507797491525193	0.9249699572626877	0.6834895941951077	0.6041088663321639	0.4810454076140418	0.6253927389917986	0.17360716138542803	0.5465797903667653	0.3081013516755487	0.6477070248662599	0.1742650257755752	0.5724389286563383	0.3926571569125817	0.37149724783982335	0.8420747284416467	0.10298883164590496	0.0665446518262465	0.6694240522586653
251	0.28185771468690635	0.05608392929248471	0.6221617586708107	0.47809266388045757	0.3686503911553024	0.11828694989568846	0.5354205156140375	0.4057663628175501	0.564157396343306	0.591522773641091	0.450837459838314	0.4997930392487759	0.3191828374513726	0.8744384861839107	0.651598761477018	0.9169403060736813	0.22984317623517567	0.6055639114195605	0.20938492218565619	0.6950140171876145	0.2955193951474133	0.4955414340897065	0.6954309047364642	0.8825705645874087	0.4895827246162029	0.19549017910888397	0.47675480868343956	0.43437724841530495	0.6909554998862845	0.3462808908976913	0.5777267734303795	0.4419273573509663	0.15077954258705586	0.9249707980307935	0.6834920086178365	0.6041057652797082	0.48104524133727333	0.62539416263913	0.1736072440233906	0.546579228071414	0.3081048667256266	0.6477080063355141	0.1742676383370829	0.5724367462514071	0.39265729287009515	0.3714971383619474	0.8420756939672801	0.10298730081297737	0.06654506371722928	0.6694237831468876
252	0.2818605142473148	0.05608476137585536	0.6221702890478779	0.47809239017383304	0.3686511822781198	0.1182862780041112	0.5354205196772722	0.4057704442112881	0.5641573240745482	0.5915241087270127	0.4508367886571787	0.4997893771450528	0.3191780611775274	0.8744401347379664	0.6515972179792517	0.9169411180614708	0.22984189005118058	0.6055653261839898	0.2093862774788013	0.6950149548924985	0.29551930601020493	0.49554118892985843	0.6954308283937277	0.8825706020362705	0.48958254277738106	0.19548905540652264	0.476754085747886	0.43437534525391897	0.6909580429854609	0.34628086271170766	0.577726692812344	0.44192801140680465	0.15077934280805952	0.9249716111683146	0.6834943470178212	0.6041027661128284	0.48104508908766197	0.6253955394944458	0.17360731968915283	0.546578684245122	0.30810827121979256	0.6477089555496527	0.17427016520611094	0.5724346355439341	0.39265741735307913	0.3714970381236723	0.8420766277634852	0.10298582029616661	0.06654546340100174	0.6694235367394963
253	0.2818632212323083	0.056085564865330874	0.622178522031858	0.47809213953625107	0.36865195487057467	0.11828563197303374	0.535420523400157	0.40577438530779925	0.5641572578927326	0.5915253979155539	0.45083614053758614	0.4997858475352248	0.3191734491549327	0.8744417245662874	0.6515957173368708	0.9169419021380719	0.22984064808992535	0.6055666647718525	0.20938758617978123	0.6950158603711565	0.29551922438404815	0.4955409644288107	0.6954307584867744	0.8825706331858449	0.4895823762625205	0.19548797107366	0.47675338471391965	0.43437351949388864	0.6909604966140153	0.346280836903425	0.5777266189854755	0.4419286486792662	0.15077914989697247	0.9249723963446165	0.6834966079546758	0.6040998700531611	0.48104494966414263	0.6253968689991856	0.17360738897972827	0.5465781591101851	0.30811156304474435	0.6477098721231179	0.17427260533333364	0.5724325973945856	0.39265753134419745	0.3714969463337307	0.8420775294505973	0.1029843906965778	0.06654585051936508	0.669423311092391
254	0.28186583488943556	0.05608633969695096	0.622186457587798	0.4780919099696295	0.3686527075921429	0.11828501144497648	0.535420526812088	0.405778185797968	0.5641571972708135	0.5915266411059746	0.45083551553188905	0.49978244972026725	0.3191690017376034	0.8744432558471132	0.651594261174619	0.9169426582415436	0.22983945044766999	0.6055679311467332	0.20938884818661369	0.6950167335513908	0.2955191496184556	0.495540758797406	0.6954306944581303	0.8825706587740406	0.48958222374444804	0.19548692608601828	0.47675270607227416	0.43437176950899903	0.690962860881829	0.3462808132668217	0.5777265513617128	0.4419292682763535	0.15077896386887857	0.9249731534991253	0.6834987908191621	0.6040970773263128	0.4810448219560463	0.6253981510518719	0.1736074524472019	0.5465776527082119	0.30811474129874633	0.6477107559855126	0.17427495851063185	0.572430631962951	0.39265763575218005	0.37149686226039064	0.8420783989590501	0.10298301212365997	0.06654622486864158	0.6694231044077776
255	0.28186835532923565	0.0560870860446388	0.622194098048768	0.47809169963231557	0.3686534394773311	0.11828441591784866	0.5354205299401509	0.4057818465392964	0.5641571417230229	0.5915278385791474	0.4508349135004302	0.49977918206780714	0.31916471791477435	0.8744447291948342	0.6515928505007373	0.9169433865421395	0.22983829685309648	0.6055691292033758	0.20939006378463398	0.6950175746291766	0.29551908111387376	0.49554057038657595	0.6954306357939605	0.8825706794633511	0.4895820839999031	0.195485920110776	0.47675205005633337	0.43437009333480486	0.6909651365906779	0.3462807916119972	0.577726489399048	0.4419298695909837	0.15077878468175704	0.9249738828036528	0.6835008957208196	0.6040943873007547	0.481044704939682	0.6253993859443475	0.17360751060042828	0.5465771649253144	0.3081178061279798	0.6477116073376382	0.1742772252539597	0.5724287388053031	0.39265773141461285	0.37149678522920765	0.84207923648612	0.1029816842638057	0.06654658637955028	0.6694229150286395
256	0.28187078338811883	0.05608780428102863	0.622201447719971	0.47809150683215296	0.36865414988583994	0.11828384477258501	0.5354205328092267	0.4057853693637183	0.5641570908030386	0.5915289909346836	0.4508343341431588	0.4997760421750007	0.31916059553585047	0.8744461455852948	0.651591485794459	0.9169440874040545	0.22983718672788078	0.6055702627410428	0.20939123358268383	0.6950183840244922	0.29551901831942357	0.49554039768112834	0.6954305820221363	0.8825706958463672	0.48958195590492976	0.1954849525584244	0.47675141668046145	0.43436848874087197	0.6909673251174128	0.34628077176446015	0.5777264325994819	0.44193045226190997	0.15077861224589104	0.924974584624096	0.6835029233735727	0.604091798629044	0.48104459767447566	0.6254005742969448	0.17360756390694942	0.5465766955177213	0.308120758559927	0.6477124266067991	0.17427940668423514	0.5724269169739932	0.39265781910109115	0.3714967146204863	0.8420800424519493	0.10298040645008982	0.06654693509668531	0.6694227414324901
257	0.28187312049536545	0.056088494939538956	0.6222085124957795	0.47809133001883897	0.3686548384537264	0.11828329729971261	0.535420535442106	0.40578875689153626	0.5641570441019617	0.5915300990300644	0.4508337770302401	0.49977302702576654	0.3191566315281703	0.8744475062836229	0.6515901670914132	0.9169447613483925	0.22983611924533295	0.605571335439604	0.20939235845133253	0.6950191623385586	0.2955189607304103	0.49554023929289837	0.6954305327101045	0.8825707084514567	0.4895818384297976	0.19548402263291859	0.4767508057773119	0.43436695329989883	0.6909694283010063	0.3462807535643418	0.57772638050677	0.4419310161355008	0.15077844643297572	0.9249752594833601	0.683504874984788	0.6040893093845418	0.48104449929871457	0.6254017169957277	0.1736076127951092	0.5465762441365741	0.3081236003417637	0.6477132144035341	0.17428150441201232	0.5724251651136767	0.3926578995166952	0.37149664986648023	0.8420808174569742	0.10297917772977702	0.06654727115856793	0.6694225822244881
258	0.2818753685489524	0.05608915867904363	0.6222152995033825	0.47809116777572136	0.3686555050472268	0.11828277272387479	0.5354205378596121	0.4057920123581187	0.5641570012461495	0.5915311639239473	0.4508332416305668	0.4997701331367102	0.31915282209982077	0.8744488127771748	0.6515888940639795	0.9169454090186759	0.2298350933850125	0.6055723508394494	0.20939343946533504	0.695019910314011	0.2955189078856508	0.49554009395339893	0.6954304874625999	0.8825707177484516	0.4895817306335512	0.1954831293783293	0.47675021703281156	0.43436548445114637	0.6909714483375143	0.3462807368655536	0.577726332704005	0.44193156122968735	0.15077828708460206	0.9249759080268265	0.6835067521517115	0.6040869171887567	0.48104440902498063	0.625402815134037	0.17360765765632194	0.5465758103510236	0.3081263337894859	0.6477139714813153	0.17428352043004827	0.5724234815509412	0.392657973305721	0.37149659044838873	0.8420815622422729	0.1029779969271946	0.06654759477897304	0.669422436130048
259	0.281877529803256	0.05608979625201023	0.6222218167818003	0.4780910188112177	0.3686561497203652	0.11828227022570773	0.535420540080729	0.4057951394576129	0.5641569618949479	0.5915321868250409	0.4508327273374708	0.4997673566881462	0.31914916292252243	0.8744500667152476	0.6515876660946369	0.9169460311497425	0.22983410798197906	0.6055733123257603	0.20939447785174026	0.6950206287989813	0.2955188593646787	0.4955399605061333	0.6954304459192534	0.8825707241542117	0.48958163165830837	0.19548227172084784	0.4767496500179647	0.43436407955660017	0.6909733876855294	0.34628072153490336	0.5777262888110872	0.4419320877009586	0.15077813401990692	0.9249765309912142	0.6835085567678247	0.6040846193261808	0.4810443261353762	0.6254038699597809	0.17360769884744526	0.5465753936690577	0.30812896165147213	0.6477146987002065	0.17428545701640666	0.5724218643751308	0.3926580410555829	0.3714965358932136	0.842082277653811	0.10297686270042539	0.06654790622998773	0.6694223019871142
260	0.2818796067702831	0.056090408476570416	0.6222280730009181	0.4780908819500457	0.36865677267700375	0.1182817889607627	0.5354205421227322	0.4057981422059555	0.5641569257383756	0.5915331690472925	0.4508322334912624	0.49976469363833825	0.3191456492919241	0.874451269856423	0.6515864823411879	0.9169466285404836	0.22983316176996038	0.6055742231172396	0.20939547494440625	0.6950213187156146	0.29551881478488773	0.49553983789874007	0.695430407752145	0.8825707280379569	0.48958154072343424	0.1954814485055368	0.47674910421699984	0.43436273594910424	0.6909752489834983	0.34628070745119294	0.577726248482142	0.4419325958149105	0.15077798704227885	0.924977129177288	0.6835102909404973	0.6040824128449475	0.48104424997664413	0.6254048828292355	0.1736077366932046	0.5465749935557582	0.30813148698849213	0.6477153969950111	0.17428731664951075	0.5724203115091918	0.39265810330080175	0.37149648577054756	0.8420829646111013	0.10297577359099658	0.06654820582705392	0.669422178738264
261	0.28188160213499175	0.05609099621267103	0.622234077221987	0.4780907561244426	0.3686573742376197	0.11828132807540072	0.5354205440013181	0.40580102482390323	0.5641568924948059	0.5915341119716258	0.45083175939847514	0.4997621398204163	0.3191422762644592	0.8744524240238056	0.6515853417934145	0.9169472020305663	0.22983225341820934	0.6055750862590961	0.20939643214516412	0.695021981033186	0.29551877379867275	0.49553972517512807	0.6954303726633555	0.8825707297262976	0.4895814571197074	0.1954806585276383	0.47674857905168044	0.43436145097232537	0.6909770349793191	0.34628069450431354	0.5777262114029336	0.4419330859205607	0.1507778459450838	0.9249777034265573	0.6835119569204003	0.6040802946427755	0.48104417995528465	0.6254058551675994	0.1736077714886204	0.5465746094488896	0.3081339130708391	0.6477160673480751	0.17428910193560018	0.5724188207701641	0.3926581605269986	0.3714964396893588	0.8420836240804471	0.10297472806630247	0.06654849391608623	0.6694220654228049
262	0.2818835186844519	0.05609156034222184	0.6222398386986852	0.47809064036552856	0.36865795481081076	0.1182808867197538	0.5354205457307332	0.40580379163967406	0.564156861908687	0.5915350170140948	0.4508313043478869	0.49975969102240286	0.319139038771248	0.8744535310679653	0.6515842433212289	0.9169477524810604	0.22983138156218105	0.6055759046198805	0.20939735089149236	0.6950226167457254	0.2955187360906166	0.49553962146774116	0.6954303403825568	0.8825707295079059	0.48958138020358277	0.19547990055856088	0.47674807390182794	0.4343602220128526	0.6909787484719413	0.34628068259435646	0.5777261772883213	0.4419335584284148	0.15077771051643016	0.9249782546018811	0.6835135570424703	0.6040782615385033	0.4810441155327518	0.6254067884361653	0.17360780350139515	0.5465742407718746	0.30813624329228395	0.6477167107666528	0.17429081554833614	0.5724173899195294	0.3926582131748223	0.37149639729482786	0.8420842570526716	0.10297372455491148	0.06654877086263501	0.6694219611689995
263	0.2818853592500431	0.05609210175299806	0.6222453667162323	0.4780905337949421	0.3686585148693271	0.11828046405795845	0.5354205473238961	0.4058064470100068	0.5641568337483345	0.5915358856000614	0.45083086762350955	0.4997573430514407	0.31913593171044424	0.8744545928370947	0.6515831857147295	0.9169482807587267	0.22983054482840412	0.6055766808916674	0.209398232630308	0.6950232268538719	0.2955187013747674	0.49553952599006823	0.695430310664679	0.8825707276378048	0.4895813093916352	0.19547917336687604	0.47674758812225526	0.43435904652503027	0.6909803922642196	0.3462806716307506	0.5777261458797978	0.4419340137921151	0.15077758054303325	0.9249787835717463	0.683515093677752	0.6040763103300899	0.48104405622080293	0.6254076841057041	0.1736078329742253	0.5465738869443153	0.30813848109987246	0.6477173282645547	0.17429246017982028	0.5724160167040352	0.3926582616437541	0.3714963582652841	0.8420848645250621	0.10297276147519055	0.06654903704298303	0.6694218651865395
264	0.2818871266615354	0.05609262132595596	0.6222506704650573	0.47809043561684683	0.36865905493029805	0.11828005927593464	0.5354205487925167	0.4058089952579629	0.5641568078038233	0.591536719143852	0.4508304485148266	0.49975509178371913	0.31913295001998687	0.8744556111537106	0.6515821677168109	0.9169487877236419	0.2298297418540765	0.6055774175930256	0.2093990787973161	0.695023812350578	0.2955186693920358	0.49553943802948447	0.6954302832876799	0.8825707243412605	0.4895812441552499	0.19547847573478516	0.47674712105641165	0.4343579220492928	0.6909819691259785	0.3462806615314386	0.5777261169431356	0.4419344524933953	0.1507774558132592	0.9249792911978792	0.6835165691951541	0.6040744378403111	0.48104400157705474	0.6254085436354967	0.1736078601270096	0.5465735473902832	0.3081406299381649	0.6477179208476899	0.17429403850198935	0.5724146988878595	0.39265830629574255	0.3714963223092791	0.842085447487145	0.10297183725785523	0.06654929283700958	0.6694217767593513
265	0.28188882371171514	0.05609311992556813	0.6222557589449977	0.47809034511037996	0.3686595755392395	0.11827967158701644	0.535420550147206	0.4058114406255418	0.5641567838849952	0.5915375190332574	0.45083004632459234	0.4997529332018027	0.3191300887330175	0.8744565877971225	0.6515811880490979	0.9169492742197668	0.22982897130199284	0.6055781170742286	0.20939989080127844	0.6950243742102167	0.29551863990773636	0.49553935694049	0.6954302580504385	0.8825707198172854	0.48958118401560663	0.19547780647058502	0.4767466720470938	0.43435684622485266	0.6909834817660919	0.34628065222209853	0.5777260902661646	0.4419348750300095	0.15077733611944444	0.9249797783258091	0.6835179859320033	0.6040726409515739	0.48104395120078564	0.6254093684573616	0.17360788515893585	0.5465732215446347	0.3081426932062877	0.6477184895030524	0.17429555313719108	0.5724134342771147	0.39265834745863815	0.37149628916282024	0.8420860069098501	0.10297095036314706	0.06654953862262866	0.6694216952388032
266	0.28189045313014643	0.056093598392767535	0.6222606408958413	0.4780902616225888	0.3686600772573977	0.11827930023574863	0.5354205513975808	0.40581378723909084	0.5641567618195963	0.5915382866182206	0.4508296603745276	0.4997508634211306	0.3191273430183264	0.8744575244908683	0.6515802454320353	0.9169497410680638	0.22982823187144	0.6055787815241849	0.2094006700125303	0.6950249133806284	0.29551861270928853	0.4955392821383854	0.6954302347707836	0.8825707142417638	0.4895811285389882	0.19547716441768342	0.4767462404445988	0.4343558167976007	0.6909849328123356	0.3462806436354147	0.5777260656566947	0.4419352819062727	0.15077722125958867	0.9249802457779822	0.6835193461722151	0.6040709166313256	0.48104390472901043	0.6254101599639994	0.17360790825043246	0.5465729088576229	0.30814467422608854	0.6477190351906836	0.1742970066366919	0.5724122207377357	0.3926583854294058	0.37149625858678487	0.8420865437376006	0.10297009929336928	0.06654977477159568	0.66942162003735
267	0.2818920175646791	0.056094057540095346	0.6222653247500853	0.4780901845618816	0.368660560651973	0.11827894450015404	0.5354205525523594	0.40581603908552305	0.5641567414515496	0.5915390232030583	0.4508292900092367	0.49974887870741636	0.3191247082081521	0.8744584228943315	0.651579338599964	0.916950189061763	0.22982752230568682	0.605579412978616	0.20940141775508594	0.6950254307776531	0.2955185876040842	0.4955392130934074	0.695430213283667	0.8825707077702212	0.48958107733243056	0.19547654846070522	0.4767458256126958	0.43435483162405447	0.6909863247977899	0.3462806357104028	0.5777260429405867	0.44193567362585157	0.15077711103851868	0.9249806943490266	0.6835206521309263	0.6040692619495261	0.48104386183283976	0.6254109195009804	0.17360792956497756	0.546572608798067	0.30814657621970143	0.6477195588381471	0.1742984014658855	0.5724110562077769	0.39265842047710325	0.37149623036452123	0.8420870588828778	0.10296928260150287	0.06655000164647903	0.6694215506226405
268	0.2818935195693796	0.05609449814866911	0.6222698186040219	0.47809011339199886	0.3686610262887854	0.1182786036927579	0.5354205536194498	0.40581819999746405	0.564156722639366	0.5915397300416034	0.4508289345986559	0.4997469754865768	0.3191221798155339	0.8744592845977974	0.6515784663119848	0.916950618963405	0.22982684139666076	0.6055800133290716	0.20940213530170915	0.6950259272817121	0.295518564417526	0.4955391493253317	0.6954301934394811	0.8825707005402661	0.4895810300397186	0.19547595752920133	0.4767454269327737	0.434353888672124	0.6909876601526364	0.3462806283917876	0.5777260219599806	0.4419360506864528	0.1507770052686151	0.9249811248027979	0.6835219059444811	0.6040676740895541	0.48104382221413067	0.6254116483617451	0.17360794925076456	0.5465723208553341	0.3081484022949157	0.6477200613370797	0.17429973999503828	0.5724099387050932	0.3926584528456234	0.3714962042996409	0.8420875532228262	0.10296849889658455	0.06655021959860227	0.6694214865120961
269	0.28189496159767025	0.056094920966619964	0.6222741302035771	0.4780900476265003	0.36866147472696953	0.11827827716062808	0.5354205546060306	0.40582027364560197	0.564156705254691	0.5915404083347044	0.4508285935393165	0.49974515034868316	0.3191197535432393	0.8744601111202678	0.651577627359351	0.9169510315033186	0.22982618798735457	0.6055805843324269	0.20940282387137452	0.695026403736048	0.29551854299123237	0.49553909039853733	0.6954301751025198	0.88257069267373	0.4895809863377251	0.1954753905994279	0.47674504380649735	0.4343529860193948	0.6909889412002961	0.3462806216294339	0.5777260025716726	0.44193641357608293	0.15077690377018707	0.9249815378708569	0.6835231096647599	0.6040661503538255	0.4810437856024232	0.6254123477850329	0.17360796744222495	0.5465720445403596	0.3081501554368731	0.647720543541418	0.17430102449450213	0.5724088663312946	0.39265848275620086	0.37149618021400005	0.842088027597508	0.10296774684647263	0.06655042896677726	0.6694214272679511
270	0.2818963459995837	0.056095326708683044	0.6222782669417064	0.47808998682375264	0.3686619065153244	0.11827796428466245	0.5354205555186241	0.40582226353669293	0.5641566891809826	0.5915410592295738	0.4508282662546769	0.49974340004725976	0.3191174252860734	0.8744609039094301	0.6515768205700663	0.9169514273792218	0.22982556097245138	0.6055811276205667	0.2094034846286076	0.6950268609462613	0.2955185231814064	0.4955390359175188	0.695430158149581	0.882570684278537	0.48958094593308177	0.1954748466946161	0.4767446756572716	0.43435212184954636	0.6909901701569582	0.3462806153778299	0.5777259846456407	0.44193676277058175	0.15077680637156937	0.9249819342520771	0.6835242652569355	0.6040646881652537	0.48104375175215536	0.6254130189542167	0.1736079842614126	0.5465717793859133	0.3081518385047626	0.6477210062669377	0.17430225713343586	0.572407837272778	0.3926585104096921	0.37149615794586366	0.8420884828094493	0.10296702517856232	0.0665506300766669	0.6694213724927437
271	0.281897675022169	0.0560957160566643	0.6222822358645383	0.47808993058239285	0.36866232218998096	0.11827766447832329	0.535420556363163	0.4058241730158628	0.5641566743123166	0.5915416838205421	0.45082795219474886	0.4997417214950999	0.3191151911281646	0.8744616643432465	0.6515760448112861	0.9169518072566797	0.22982495929759605	0.6055816447100177	0.20940411868425096	0.695027299680838	0.2955185048573592	0.49553898552282544	0.6954301424686989	0.8825706754503327	0.4895809085591658	0.19547432488410052	0.4767443219307796	0.43435129444743475	0.6909913491336725	0.34628060959561824	0.5777259680637112	0.44193709873216314	0.15077671290900965	0.9249823146131056	0.6835253745998556	0.6040632850655535	0.4810437204401427	0.6254136629980885	0.1736079998192571	0.5465715249462955	0.30815345423234297	0.6477214502917946	0.1743034399811933	0.5724068497995345	0.39265853598863876	0.37149613734824405	0.8420889196241704	0.1029663326789432	0.06655082324063426	0.6694213218252375
272	0.281898950812217	0.056096089660544565	0.6222860436838503	0.478089878537241	0.3686627222730927	0.11827737718599057	0.5354205571450495	0.40582600527203444	0.564156660552309	0.5915422831508339	0.45082765083520787	0.4997401117575944	0.3191130473365951	0.8744623937327044	0.6515752989900442	0.9169521717701818	0.2298243819576824	0.6055821370113357	0.20940472709726754	0.6950277206723923	0.29551848790017965	0.49553893888740175	0.6954301279580055	0.8825706662739006	0.4895808739733864	0.19547382428162272	0.47674398209482544	0.4343505021932987	0.6909924801402899	0.3462806042451746	0.5777259527183555	0.44193742190873153	0.15077662322640298	0.9249826795894459	0.6835264394883569	0.6040619387112506	0.48104369146330767	0.6254142809926955	0.1736080142166925	0.5465712807966132	0.30815500523128175	0.6477218763577888	0.17430457501065097	0.5724059022623438	0.39265855965912594	0.37149611828740436	0.8420893387714311	0.10296566819042442	0.06655100875795422	0.6694212749367442
273	0.2819001754205982	0.05609644814001843	0.62228969679383	0.47808983035563	0.3686631072722953	0.11827710188107785	0.5354205578692095	0.4058277633454859	0.564156647813148	0.5915428582150417	0.4508273616761537	0.4997385680444203	0.3191109903525388	0.8744630933253487	0.651574582052757	0.9169525215246468	0.2298238279944685	0.6055826058381018	0.20940531087725228	0.6950281246194013	0.2955184722015399	0.49553889571330245	0.6954301145247043	0.8825706568243892	0.4895808419547466	0.1954733440430784	0.4767436556386775	0.4343497435564606	0.6909935650906465	0.3462805992922287	0.5777259385116111	0.44193773273377374	0.15077653717492134	0.924983029786967	0.6835274616369191	0.6040606468681232	0.4810436646366408	0.625414873963896	0.1736080275456709	0.5465710465317748	0.30815649399645134	0.6477222851721265	0.17430566410286064	0.572404993088863	0.3926585815724522	0.37149610064151434	0.8420897409469605	0.10296503060978676	0.06655118691528199	0.6694212315278235
274	0.2819013508076259	0.05609679208630064	0.6222932012904304	0.4780897857341208	0.36866347768071944	0.11827683806402793	0.5354205585401398	0.40582945013671884	0.5641566360147294	0.5915434099620273	0.4508270842406545	0.4997370877002812	0.3191090167808691	0.8744637643092662	0.6515738929838779	0.9169528570971845	0.2298232964937801	0.6055830524154199	0.20940587098737792	0.6950285121882408	0.29551845766262635	0.4955388557287512	0.6954301020841545	0.8825706471683832	0.48958081230166234	0.19547288336392918	0.4767433420720788	0.4343490170888331	0.6909946058084944	0.3462805947055253	0.5777259253541158	0.44193803162665823	0.1507764546125797	0.9249833657836716	0.6835284426841725	0.6040594074046828	0.4810436397913757	0.6254154428903571	0.17360803989006965	0.5465708217653089	0.30815792291246863	0.6477226774094854	0.17430670905251647	0.5724041207790412	0.392658601866623	0.3714960842994476	0.84209012681449	0.10296441888456107	0.06655135798729053	0.6694211913253287
275	0.28190247884896447	0.05609712206406316	0.6222965629919471	0.4780897443955688	0.3686638339773794	0.11827658526028295	0.5354205591619515	0.4058310684159684	0.5641566250838831	0.5915439392980327	0.45082681807318564	0.49973566819526455	0.3191071233790173	0.8744644078172744	0.6515732308040144	0.9169531790389878	0.22982278658251193	0.6055834778878401	0.2094064083475541	0.6950288840153674	0.2955184441931849	0.4955388186855153	0.6954300905590528	0.8825706373648301	0.4895807848300139	0.19547244147646017	0.4767430409240575	0.4343483214184715	0.6909956040337718	0.3462805904565212	0.5777259131642442	0.44193831899320113	0.15077637540377042	0.9249836881315928	0.6835293841978551	0.6040582182851837	0.48104361677335966	0.6254159887067664	0.1736080513265018	0.5465706061280979	0.3081592942608947	0.6477230537142282	0.17430771157382274	0.5724032839002007	0.39265862066768475	0.37149606915970695	0.8420904970079303	0.10296383200957389	0.06655152223740475	0.6694211540797689
276	0.28190356134170486	0.0560974386133963	0.6222997874597359	0.4780897060865101	0.3686641766277902	0.11827634301830146	0.5354205597384079	0.4058326208328281	0.564156614953684	0.5915444470898301	0.4508265627380489	0.4997343071152526	0.3191053070456974	0.8744650249311045	0.6515725945677572	0.9169534878772467	0.22982229742559238	0.6055838833266625	0.2094069238376244	0.695029240709529	0.2955184317106703	0.49553878435656507	0.6954300798787023	0.8825706274658522	0.48958075937141027	0.19547201764702207	0.476742751741647	0.4343476552433598	0.6909965614288963	0.3462805865191154	0.5777259018673397	0.4419385952263887	0.15077629941879203	0.924983997358713	0.6835302876799084	0.6040570775625471	0.48104359544160147	0.6254165123070834	0.1736080619250378	0.5465703992670959	0.30816061022763686	0.6477234147026436	0.17430867330643596	0.5724024810820582	0.39265863809091434	0.3714960551294674	0.8420908521335749	0.10296326902345214	0.06655167991857504	0.669421119562958
277	0.2819046000103165	0.05609774225171167	0.6223028800182552	0.47808967057483504	0.3686645060847009	0.11827611090767703	0.5354205602729581	0.40583410992559116	0.5641566055628395	0.5915449341677774	0.45082631781783783	0.49973300215271865	0.31910356480996505	0.8744656166854317	0.651571983361417	0.9169537841170075	0.22982182822303887	0.6055842697366013	0.209407418300469	0.6950295828539089	0.2955184201394893	0.4955387525339923	0.6954300699783651	0.8825706175174552	0.48958073577164424	0.1954716111733676	0.47674247408859766	0.4343470173255647	0.6909974795848407	0.3462805828694093	0.5777258913950303	0.44193886070716426	0.1507762265333918	0.9249842939708255	0.6835311545714652	0.6040559833714962	0.48104357566697975	0.6254170145476944	0.17360807174984763	0.5465702008440847	0.3081618729101971	0.6477237609651209	0.1743095958212329	0.5724017110118944	0.3926586542418762	0.37149604212372445	0.8420911927722392	0.10296272900523129	0.06655183127404599	0.6694210875659233
278	0.28190559651226454	0.05609803347552848	0.6223058457738408	0.4780896376477208	0.368664822788856	0.11827588851739536	0.5354205607687678	0.4058355381300167	0.5641565968551445	0.5915454013286866	0.45082608291199855	0.49973175109814544	0.3191018938209498	0.8744661840716386	0.6515713963008136	0.9169540682429141	0.22982137820719356	0.6055846380618065	0.20940789254491643	0.6950299110081397	0.2955184094103272	0.4955387230271585	0.6954300607986842	0.8825706075601505	0.4895807138893195	0.19547122138215683	0.47674220754414387	0.43434640648585043	0.6909983600268177	0.34628057948549246	0.57772588168462	0.44193911580521694	0.15077615662833685	0.9249845784532836	0.6835319862575574	0.6040549339221122	0.4810435573310937	0.6254174962503724	0.1736080808597725	0.5465700105345065	0.3081630843245134	0.6477240930681898	0.1743104806257253	0.5724009724300202	0.39265866921736325	0.3714960300645366	0.8420915194812671	0.10296221107117236	0.06655197653808781	0.6694210578970453
279	0.28190655244314794	0.05609831276210321	0.6223086896318223	0.4780896071097929	0.3686651271697201	0.1182756754542544	0.5354205612287457	0.40583690778732845	0.5641565887789965	0.5915458493384401	0.45082585763551497	0.4997305518322181	0.31910029133848683	0.8744667280412424	0.6515708325292227	0.9169543407208011	0.229820946640202	0.6055849891912596	0.20940834734840014	0.6950302257101386	0.2955183994595502	0.4955386956610499	0.6954300522851702	0.882570597629507	0.48958069359462947	0.1954708476266845	0.47674195170186795	0.43434582159880797	0.6909992042194605	0.3462805763472536	0.5777258726785489	0.44193936087972013	0.15077608958902225	0.9249848512725946	0.6835327840714208	0.6040539274939541	0.4810435403252425	0.6254179582049786	0.17360808930883184	0.5465698280263976	0.30816424641121604	0.6477244115563826	0.17431132916900016	0.5724002641256394	0.3926586831062328	0.37149601888035233	0.8420918327963627	0.10296171437185749	0.06655211593666789	0.6694210303804056
280	0.2819074693412718	0.056098580570879776	0.6223114163117522	0.4780895787814923	0.368665419646125	0.11827547134145855	0.5354205616555672	0.40583822115133217	0.564156581286966	0.5915462789343199	0.4508256416177402	0.49972940231887875	0.3190987547247806	0.8744672495089445	0.6515702912155465	0.9169546019991085	0.22982053281176848	0.6055853239635713	0.20940878345932293	0.6950305274777421	0.29551839022867354	0.49553867027481513	0.6954300443877467	0.8825705877566403	0.48958067476827294	0.1954704892848572	0.4767417061686884	0.4343452615885218	0.6910000135714303	0.34628057343621166	0.5777258643239124	0.44193959627999	0.15077602530512288	0.9249851128778378	0.683533549298326	0.6040529624308286	0.48104352454951754	0.6254184011718659	0.17360809714667497	0.5465696530194415	0.3081653610411961	0.6477247169538908	0.17431214284611649	0.5723995849331676	0.3926586959901494	0.37149600850541187	0.8420921332332196	0.10296123808960567	0.0665522496880485	0.6694210048543171
281	0.2819083486916153	0.0560988373447507	0.6223140303606622	0.47808955249762153	0.3686657006268115	0.11827527581738966	0.5354205620516957	0.4058394803946058	0.5641565743354128	0.5915466908270329	0.45082543450137946	0.49972830059926976	0.3190972814371543	0.874467749355287	0.6515697715527489	0.9169548525101133	0.2298201360372049	0.6055856431712194	0.20940920159911228	0.6950308168101279	0.2955183816638885	0.4955386467204642	0.6954300370603433	0.8825705779686495	0.4895806573004889	0.19547014575743257	0.4767414705639881	0.4343447254247741	0.6910007894394306	0.3462805707353657	0.5777258565720337	0.4419398223460447	0.15077596367029025	0.9249853637019005	0.6835342831789043	0.6040520371362398	0.4810435099119958	0.6254188258839689	0.17360810441898197	0.5465694852241435	0.30816643002043725	0.6477250097660058	0.17431292300192794	0.5723989337290315	0.3926587079442457	0.3714959988792151	0.8420924212889379	0.10296078143622502	0.06655237800330376	0.6694209811700179
282	0.28190919192919434	0.05609908351113059	0.6223165361643632	0.47808952810605154	0.36866597051085426	0.11827508853454927	0.535420562419402	0.4058406876137685	0.5641565678841454	0.5915470857024342	0.45082523594162455	0.4997272447865511	0.31909586902187803	0.8744682284289228	0.6515692727565637	0.9169550926709774	0.2298197556557691	0.6055859475642708	0.20940960246397103	0.6950310941890244	0.2955183737156415	0.4955386248617107	0.6954300302605356	0.8825705682890106	0.4895806410901972	0.19546981646651757	0.47674124451888344	0.43434421211976243	0.6910015331316312	0.3462805682290616	0.5777258493780838	0.4419400394090565	0.1507759045818945	0.9249856041625274	0.6835349869119653	0.6040511500695153	0.48104349632802035	0.6254192330485839	0.17360811116782132	0.5465693243611293	0.3081674550941116	0.6477252904803452	0.17431367093433664	0.5723983094289428	0.3926587190377108	0.3714959899460477	0.8420926974432305	0.10296034365109932	0.0665525010867549	0.669420959190507
283	0.2819100004418456	0.05609931948285137	0.6223189379568959	0.478089505466567	0.3686662296879691	0.11827490915866098	0.53542056276078	0.4058418448338756	0.5641565618961168	0.5915474642229657	0.4508250456054321	0.49972623306154057	0.3190945151090199	0.8744686875485214	0.6515687940644748	0.9169553228846221	0.2298193910292792	0.605586237853638	0.20940998672633673	0.6950313600797194	0.2955183663382584	0.4955386045729377	0.6954300239492226	0.8825705587379333	0.48958062604423214	0.1954695008543114	0.4767410276756313	0.43434372072529726	0.6910022459105368	0.34628056590287265	0.5777258427007415	0.4419402477916976	0.15077584794080928	0.9249858346631964	0.6835356616568321	0.6040502997425773	0.4810434837195595	0.6254196233488531	0.17360811743196874	0.5465691701605594	0.30816843794997034	0.6477255595678764	0.17431438789700657	0.5723977109856254	0.3926587293343155	0.37149598165455855	0.8420929621594303	0.10295992399959171	0.06655261913632676	0.6694209387895068
284	0.28191077557248295	0.05609954565889527	0.6223212398282926	0.47808948444983435	0.3686664785387089	0.11827473736791848	0.535420563077763	0.4058429540120164	0.5641565563371524	0.5915478270288328	0.45082486317093245	0.499725263669103	0.31909321740823043	0.8744691275043404	0.6515683347349456	0.9169555435404437	0.22981904154097887	0.6055865147139193	0.20941035503607708	0.6950316149318871	0.29551835948960836	0.49553858573827475	0.6954300180903384	0.8825705493326825	0.4895806120766571	0.19546919838207172	0.47674081968716275	0.43434325033043053	0.6910029289953473	0.3462805637434932	0.5777258365018899	0.44194044780838715	0.15077579365123567	0.9249860555938383	0.6835363085352341	0.6040494847172962	0.48104347201463354	0.6254199974449796	0.1736081232471919	0.5465690223616504	0.3081693802210936	0.6477258174837537	0.17431507510158406	0.572397137386955	0.39265873889288155	0.37149597395738154	0.8420932158853133	0.1029595217717378	0.06655273234383233	0.6694209198505345
285	0.2819115186208886	0.056099762424984614	0.622323445730856	0.47808946493647775	0.368666717434562	0.11827457285236045	0.5354205633721367	0.4058440170402111	0.564156551175706	0.5915481747389527	0.4508246883269541	0.4997243349151978	0.319091973705348	0.8744695490595074	0.6515678940468688	0.9169557550148901	0.22981870659462375	0.6055867787858761	0.20941070802145184	0.6950318591802527	0.2955183531308034	0.49553856825076964	0.695430012650595	0.8825705400878734	0.4895805991081503	0.19546890852927754	0.476740620216727	0.4343428000594644	0.6910035835638731	0.34628056173864336	0.5777258307463451	0.44194063976545067	0.1507757416205602	0.9249862673314123	0.6835369286328103	0.6040487036033628	0.48104346114680063	0.6254203559752065	0.17360812864650615	0.5465688807122886	0.3081702834880728	0.647726064667993	0.17431573371948392	0.57239658765446	0.39265874776770165	0.37149596681079744	0.8420934590537617	0.10295913628119287	0.06655284089519362	0.6694209022660706
286	0.28191223084511025	0.05609997015405051	0.6223255594841777	0.4780894468162476	0.3686669467379696	0.11827441531335503	0.5354205636455515	0.40584503574771247	0.5641565463826411	0.5915485079517073	0.4508245207726456	0.49972344516448586	0.31909078185970097	0.87446995295105	0.6515674712992012	0.9169559576719185	0.22981838561375548	0.6055870306785938	0.20941104628987722	0.6950320932451199	0.29551834722592735	0.49553855201164465	0.6954300075992501	0.8825705310157403	0.4895805870654534	0.19546863079295843	0.4767404289376301	0.434342369070285	0.6910042107540711	0.346280559876983	0.5777258254016104	0.4419408239612066	0.15077569175924224	0.9249864702403668	0.6835375230002854	0.604047955056595	0.4810434510546953	0.6254206995565947	0.17360813366040392	0.5465687449687232	0.3081711492807149	0.6477263015460081	0.1743163648833088	0.5723960608421317	0.3926587560089181	0.37149596017442915	0.8420936920832924	0.10295876686439558	0.06655294497060871	0.6694208859368118
287	0.28191291346253966	0.0561001692066027	0.6223275847791291	0.47808942998727183	0.36866716680228007	0.1182742644631734	0.5354205638995327	0.40584601190282227	0.5641565419310335	0.5915488272455383	0.45082436021717753	0.499722592838396	0.31908963980197713	0.8744703398907271	0.6515670658107449	0.9169561518633567	0.22981807804112864	0.6055872709713764	0.2094113704285298	0.6950323175327902	0.2955183417417927	0.49553853692962585	0.6954300029078975	0.8825705221263845	0.48958057588087345	0.19546836468715997	0.47674024553304806	0.43434195655296465	0.6910048116652714	0.34628055814803455	0.5777258204376575	0.4419410006859963	0.15077564398072502	0.9249866646730007	0.683538092654375	0.6040472377776028	0.4810434416816126	0.6254210287856365	0.17360813831706157	0.5465686148953256	0.3081719790793574	0.6477265285290331	0.17431696968796798	0.5723955560354842	0.3926587636628629	0.3714959540109677	0.8420939153784728	0.10295841287990731	0.0665530447446762	0.6694208707709969
288	0.2819135676507447	0.056100359931022636	0.6223295251810484	0.47808941435537905	0.36866737797165994	0.11827412002463557	0.5354205641354919	0.4058469472143318	0.5641565377959921	0.5915491331794174	0.450824206379506	0.49972177641355164	0.31908854553253496	0.8744707105656951	0.6515666769200357	0.9169563379291904	0.22981778333825592	0.6055875002154162	0.2094116810048245	0.6950325324358914	0.2955183366477196	0.4955385229203371	0.6954299985502795	0.8825705134279992	0.4895805654918339	0.19546810974251594	0.47674006969589755	0.4343415617285819	0.6910053873591618	0.34628055654211354	0.577725815826726	0.4419411702221722	0.1507755982013651	0.9249868509697524	0.6835386385784886	0.6040465505107293	0.48104343297513136	0.6254213442387428	0.17360814264252647	0.5465684902643961	0.3081727743158844	0.647726746014459	0.17431754919156336	0.5723950723508093	0.39265877077236583	0.3714959482859243	0.8420941293302499	0.10295807370788812	0.0665531403864859	0.6694208566837974
289	0.2819141945481237	0.05610054266380013	0.6223313841323395	0.47808939983348414	0.3686675805809798	0.11827398173080994	0.5354205643547348	0.4058478433326853	0.5641565339544979	0.5915494262932288	0.45082405898818134	0.4997209944204676	0.3190874971200379	0.8744710656390617	0.6515663039853038	0.9169565161977943	0.22981750098504133	0.6055877189352769	0.20941197856680124	0.6950327383336459	0.2955183319153365	0.49553850990575044	0.695429994502114	0.8825705049270771	0.4895805558404661	0.19546786550589837	0.4767399011287449	0.43434118384820813	0.6910059388605946	0.34628055505026495	0.5777258115431435	0.4419413328440611	0.15077555434037537	0.9249870294594309	0.6835391617232818	0.6040458920431951	0.48104342488677265	0.6254216464726371	0.17360814666088667	0.5465683708560102	0.308173536374526	0.6477269543861037	0.17431810441610512	0.572394608934575	0.39265877737703375	0.37149594296740535	0.8420943343162183	0.10295774874967349	0.06655323205968704	0.6694208435967661
290	0.2819147952544449	0.056100717729732574	0.6223331649546684	0.4780893863410303	0.3686677749556913	0.11827384932475277	0.5354205645584701	0.4058487018509591	0.564156530385256	0.5915497071080882	0.450823917781188	0.4997202454424323	0.31908649270030554	0.8744714057503553	0.6515659463844714	0.916956686986127	0.22981723047947092	0.605587927630228	0.20941226364345036	0.6950329355920949	0.295518327518398	0.4955384978136854	0.69542999074094	0.8825704966286009	0.4895805468732391	0.195467631540121	0.47673973954373955	0.43434082219201925	0.6910064671582695	0.34628055366420535	0.5777258075631607	0.4419414888179154	0.1507755123197771	0.9249872004594122	0.6835396630071112	0.604045261204379	0.48104341737169043	0.6254219360246852	0.17360815039442523	0.5465682564578868	0.30817426659251684	0.6477271540144411	0.1743186363481133	0.5723941649629187	0.3926587835135044	0.37149593802590813	0.8420945307008441	0.10295743742741763	0.06655331992254164	0.6694208314373339
291	0.2819153708313244	0.05610088544210248	0.6223348708509293	0.4780893738034794	0.3686679614117107	0.11827372255927243	0.5354205647478165	0.4058495243057346	0.5641565270685615	0.5915499761266296	0.45082378250580096	0.49971952811450665	0.31908553047528837	0.8744717315159446	0.6515656035151591	0.9169568505999052	0.2298169713373369	0.6055881267754558	0.2094125367450024	0.6950331245642991	0.2955183234326191	0.49553848657735333	0.695429987245975	0.8825704885362159	0.4895805385406205	0.19546740742367455	0.47673958466255595	0.4343404760684923	0.6910069732053473	0.3462805523762712	0.577725803864802	0.44194163840186446	0.15077547206435712	0.9249873642758134	0.6835401433164401	0.6040446568651747	0.48104341038838705	0.6254222134131923	0.17360815386376097	0.5465681468652737	0.3081749662606816	0.6477273452568045	0.17431914593915368	0.5723937396411953	0.39265878921567837	0.37149593343413406	0.8420947188356657	0.10295713918377582	0.06655340412797126	0.6694208201383514
292	0.28191592230268847	0.05610104610284708	0.622336504907112	0.4780893621518457	0.3686681402553201	0.11827360119670982	0.5354205649238102	0.4058503121779327	0.5641565239861761	0.5915502338332782	0.45082365291844856	0.49971884112257653	0.3190846087120895	0.8744720435294392	0.6515652747946769	0.9169570073337695	0.22981672309197482	0.6055883168231793	0.20941279836320517	0.6950333055905308	0.2955183196355235	0.49553847613494034	0.6954299839979851	0.8825704806523884	0.4895805307967676	0.19546719275047447	0.47673943621633524	0.4343401448136576	0.6910074579200303	0.34628055117937	0.5777258004277279	0.4419417818458782	0.1507754335016271	0.9249875212036595	0.6835406035062277	0.6040440779373791	0.4810434038984553	0.6254224791376839	0.17360815708797706	0.5465680418808346	0.3081756366239982	0.6477275284575802	0.17431963410635062	0.5723933322035462	0.39265879451493063	0.37149592916681823	0.8420948990594835	0.10295685348160054	0.06655348482360345	0.6694208096376696
293	0.28191645065525506	0.056101200002730715	0.6223380700941886	0.47808935132227	0.3686683117830972	0.11827348500872353	0.5354205650874103	0.4058510668936603	0.5641565211212165	0.591550480694527	0.45082352878457366	0.49971818320241423	0.3190837257419703	0.8744723423620869	0.6515649596599798	0.9169571574714538	0.229816485293996	0.6055884982036905	0.2094130489716051	0.6950334789984668	0.29551831610630463	0.4955384664292243	0.6954299809791653	0.8825704729785495	0.4895805235992434	0.1954669871296074	0.4767392939456144	0.4343398277903789	0.6910079221861463	0.34628055006693687	0.5777257972331096	0.4419419193917472	0.1507753965617818	0.9249876715270522	0.6835410444003366	0.6040435233730687	0.48104339786634026	0.6254227336791925	0.17360816008473934	0.5465679413145382	0.30817627888218735	0.6477277039484054	0.17432010173290785	0.5723929419124605	0.39265879944030485	0.3714959252005728	0.8420950716985561	0.10295657980363325	0.06655356215182286	0.6694207998777559
294	0.2819169568390627	0.05610134742152805	0.6223395692700975	0.4780893412556259	0.36866847628187954	0.11827337377607434	0.5354205652395058	0.4058517898251116	0.5641565184580496	0.5915507171592327	0.45082340987848574	0.49971755313870847	0.319082879959294	0.8744726285631887	0.6515646575675761	0.9169573012859632	0.22981625751100304	0.6055886713263362	0.20941328902584655	0.6950336451033974	0.29551831282569796	0.4955384574072242	0.6954299781730312	0.8825704655152248	0.4895805169087564	0.19546679018506535	0.47673915760023855	0.4343395243876415	0.6910083668537607	0.34628054903289374	0.577725794263513	0.44194205127308983	0.15077536117765528	0.9249878155193503	0.6835414667919778	0.604042992163937	0.48104339225912146	0.6254229775005622	0.17360816287040443	0.5465678449835364	0.30817689419035693	0.6477278720483788	0.17432054966866292	0.5723925680583098	0.39265880401869213	0.37149592151374367	0.8420952370668058	0.10295631765217673	0.06655363624983095	0.6694207908053413
295	0.2819174417680653	0.05610148862822414	0.6223410051818886	0.4780893318971604	0.3686686340287674	0.1182732672884038	0.5354205653809199	0.40585248229155035	0.564156515982198	0.5915509436589366	0.45082329598319915	0.49971694976404074	0.31908206982037396	0.8744729026605392	0.6515643679933748	0.9169574390397713	0.22981603932728029	0.6055888365804526	0.2094135189639979	0.6950338042084501	0.29551830977586324	0.49553844901987654	0.6954299755643175	0.8825704582621514	0.4895805106889202	0.19546660155545859	0.4767390269392505	0.434339234019836	0.6910087927398321	0.3462805480716126	0.5777257915027934	0.4419421777153855	0.15077532728467252	0.9249879534433653	0.6835418714442105	0.6040424833405732	0.4810433870463123	0.6254232110467804	0.17360816546011973	0.5465677527120343	0.3081774836597278	0.6477280330642875	0.1743209787306927	0.5723922099588393	0.39265880827499455	0.3714959180862782	0.8420953954660426	0.1029560665487378	0.06655370724971683	0.6694207823710946
296	0.28191790632080416	0.05610162388123457	0.6223423804680639	0.47808932319616065	0.3686687852911689	0.1182731653440036	0.5354205655124151	0.40585314556039126	0.564156513680252	0.5915511606082183	0.4508231868902558	0.4997163719577889	0.3190812938422063	0.8744731651609036	0.6515640904324719	0.9169575709850345	0.2298158303434525	0.6055889943362652	0.2094137392069108	0.6950339566048397	0.2955183069402767	0.4955384412217379	0.6954299731388854	0.8825704512183844	0.4895805049060338	0.19546642089370408	0.47673890173075567	0.4343389561260258	0.6910092006289259	0.34628054717788076	0.5777257889359965	0.4419422989360406	0.15077529482079668	0.924988085551578	0.6835422590905069	0.6040419959716673	0.481043382199675	0.6254234347453431	0.17360816786791503	0.5465676643311465	0.30817804835845225	0.6477281872908602	0.17432138970398026	0.5723918669586086	0.39265881223227667	0.3714959148996034	0.8420955471862144	0.10295582603363435	0.06655377527854073	0.6694207745293241
297	0.28191835134116144	0.05610175342864739	0.6223436976611296	0.47808931510564756	0.368668930326886	0.11827306774957397	0.5354205656346988	0.4058537808483876	0.5641565115397891	0.5915513684050853	0.45082308239952934	0.49971581864495146	0.31908055060107837	0.8744734165505315	0.6515638243988702	0.9169576973638284	0.22981563017611026	0.6055891449457574	0.20941395015861441	0.6950341025721402	0.29551830430363085	0.4955384339707101	0.6954299708836376	0.8825704443823894	0.48958049952887656	0.195466247866686	0.47673878175175993	0.43433869016919413	0.6910095912739892	0.34628054634686983	0.5777257865492685	0.4419424151444829	0.15077526372647063	0.9249882120863742	0.6835426304353841	0.6040415291631366	0.4810433776930503	0.6254236490066555	0.17360817010678747	0.5465675796787376	0.3081785893125322	0.6477283350110437	0.17432178334214782	0.5723915384283774	0.3926588159119048	0.37149591193651366	0.8420956925056763	0.1029555956655638	0.0665538404584309	0.6694207672377016
298	0.28191877763919587	0.0561018775084867	0.6223449591903633	0.4780893075820931	0.3686690693842413	0.11827297431997094	0.5354205657484258	0.4058543893229258	0.5641565095492983	0.5915515674313953	0.4508229823190131	0.4997152887948913	0.31907983873105233	0.8744736572957098	0.6515635694251363	0.9169578184084062	0.22981543845740213	0.6055892887435156	0.2094141522067455	0.6950342423785821	0.2955183018517424	0.4955384272277871	0.6954299687864386	0.8825704377521276	0.48958049452852165	0.1954660821548884	0.4767386667879836	0.43433843563546837	0.6910099653971858	0.3462805455741061	0.5777257843297735	0.4419425265422886	0.150775233944554	0.9249883332803035	0.6835429861551037	0.6040410820571748	0.48104337350219945	0.6254238542244698	0.17360817218877972	0.5465674985992511	0.30817910750683664	0.6477284764963028	0.1743221603682566	0.5723912237644364	0.3926588193336759	0.37149590918106756	0.8420958316914888	0.10295537502113293	0.06655390290669333	0.6694207604570069
299	0.281919185992054	0.05610199634899686	0.6223461673847797	0.47808930058515897	0.3686692027022419	0.11827288487794277	0.5354205658542037	0.40585497210341986	0.5641565076981123	0.5915517580533133	0.45082288646459	0.4997147814200028	0.31907915692233213	0.8744738878433514	0.6515633250619984	0.9169579343414757	0.22981525483459447	0.6055894260475497	0.20941434572301112	0.6950343762813738	0.29551829957146736	0.49553842095682077	0.695429966836043	0.8825704313251297	0.48958048987816133	0.1954659234520022	0.47673855663364967	0.4343381920333225	0.6910103236907921	0.34628054485544396	0.5777257822656154	0.4419426333233345	0.1507752054202544	0.924988449356358	0.6835433268984359	0.6040406538312267	0.48104336960466	0.6254240507763553	0.17360817412505208	0.5465674209435228	0.3081796038862106	0.6477286120069462	0.17432252147566815	0.5723909223878855	0.3926588225159362	0.37149590661849147	0.8420959649997362	0.10295516369435156	0.06655396273593416	0.6694207541508937
300	0.28191957714494953	0.05610211016894472	0.6223473244762758	0.4780892940774555	0.3686693305107767	0.11827279925385682	0.5354205659525956	0.4058555302627949	0.564156505976343	0.5915519406217971	0.4508227946597893	0.49971429557431274	0.3190785039195262	0.8744741086216155	0.6515630908778918	0.9169580453764943	0.2298150789696044	0.6055895571600945	0.20941453106368155	0.6950345045270413	0.29551829745062236	0.495538415124305	0.6954299650220265	0.8825704250985614	0.48958048555294764	0.1954657714645091	0.4767384510912524	0.43433795889276117	0.6910106668181406	0.3462805441870411	0.5777257803457676	0.4419427356739775	0.15077517810105542	0.9249885605282666	0.6835436532874782	0.6040402436968988	0.4810433659796103	0.6254242390241992	0.17360817592594924	0.5465673465685833	0.30818007935666747	0.6477287417924708	0.17432286732896157	0.5723906337438666	0.39265882547569053	0.37149590423509193	0.8420960926758668	0.10295496129609395	0.06655402005419253	0.6694207482856716
301	0.2819199518122001	0.056102219177936966	0.6223484326029226	0.4780892880243188	0.3686694530308437	0.11827271728541963	0.5354205660441237	0.4058560648290444	0.5641565043748227	0.591552115473106	0.45082270673553004	0.4997138303520249	0.31907787851982433	0.8744743200405551	0.6515628664584576	0.9169581517179802	0.22981491053850836	0.6055896823683874	0.20941470857010755	0.6950346273517866	0.2955182954779121	0.4955384096991761	0.695429963334726	0.8825704190692817	0.4895804815298437	0.195465625911246	0.47673834997130654	0.4343377357644896	0.6910109954146109	0.3462805435653353	0.577725778560007	0.4419428337732544	0.15077515193663968	0.924988667000807	0.6835439659185237	0.6040398508988141	0.4810433626077468	0.625424419314732	0.17360817760106195	0.5465672753374503	0.3081805347866505	0.647728866091924	0.17432319856489642	0.5723903573007583	0.3926588282287045	0.3714959020181737	0.8420962149550482	0.10295476745353345	0.06655407496508295	0.6694207428301054
302	0.28192031067830836	0.056102323576749207	0.6223494938123703	0.478089282393605	0.36866957047480076	0.11827263881739083	0.5354205661292722	0.40585657678684495	0.5641565028850503	0.5915522829293299	0.45082262252985583	0.49971338488602407	0.3190772795711069	0.874474522492784	0.6515626514060053	0.9169582535618321	0.22981474923103323	0.6055898019454249	0.20941487856925597	0.6950347449818587	0.29551829364286225	0.4955384046526282	0.6954299617651799	0.8825704132338923	0.48958047778748726	0.19546548652295556	0.47673825309208256	0.43433752221907473	0.6910113100886485	0.34628054298702343	0.5777257768988534	0.44194292779309996	0.15077512687881037	0.9249887689701256	0.6835442653629645	0.6040394747134257	0.48104335947116866	0.6254245919800725	0.17360817915928384	0.5465672071189137	0.30818097100834785	0.6477289851342801	0.17432351579341135	0.5723900925493409	0.3926588307895973	0.3714958999559642	0.8420963320625381	0.1029545818095565	0.06655412756794503	0.6694207377552313
303	0.2819206543990754	0.056102423557663	0.6223505100653292	0.47808927715550026	0.368669683046636	0.11827256370129516	0.5354205662084908	0.40585706707921015	0.5641565014991404	0.59155244329893	0.4508225418876625	0.4997129583463543	0.319076705970009	0.8744747163541565	0.6515624453389464	0.9169583510956596	0.22981459475003524	0.605589916150696	0.2094150413742595	0.6950348576339338	0.2955182919357578	0.4955383999579437	0.695429960305077	0.8825704075887835	0.4895804743060646	0.19546535304182588	0.47673816027933075	0.4343373178461051	0.691011611422808	0.3462805424490422	0.5777257753535139	0.44194301789857915	0.1507751028814099	0.9249888666240695	0.6835445521682229	0.6040391144478017	0.4810433565532723	0.625424757338286	0.1736081806088639	0.5465671417873152	0.30818138881904716	0.6477290991388237	0.17432381959864737	0.5723898390019413	0.39265883317192846	0.3714958980375446	0.8420964442140623	0.10295440402216237	0.06655417795799877	0.6694207330341835
304	0.2819209836027319	0.056102519304807176	0.62235148323909	0.47808927228234543	0.3686697909422527	0.11827249179513388	0.5354205662821964	0.40585753660916496	0.5641565002097775	0.5915525968772861	0.45082246466042336	0.49971254993868536	0.3190761566599603	0.8744749019844544	0.6515622478912083	0.9169584444991153	0.22981444681097218	0.6055900252308893	0.20941519728497235	0.6950349655154993	0.29551829034758553	0.4955383955903352	0.6954299589467066	0.882570402130171	0.4895804710671938	0.19546522522102663	0.47673807136599833	0.43433712225335414	0.6910118999748067	0.3462805419485494	0.5777257739158308	0.4419431042481287	0.1507750799002382	0.9249889601425183	0.6835448268586974	0.6040387694383944	0.4810433538386537	0.6254249156939488	0.17360818195745523	0.5465670792223251	0.3081817889825122	0.6477292083155406	0.1743241105399836	0.5723895961915658	0.3926588353882777	0.37149589625278495	0.8420965516161975	0.10295423376385547	0.06655422622650291	0.6694207286420377
305	0.2819212988910765	0.056102610994499945	0.6223524151310464	0.47808926774847416	0.3686698943497629	0.11827242296309866	0.535420566350776	0.405857986241424	0.5641564990101727	0.5915527439472469	0.45082239070591223	0.49971215890278314	0.31907563062922084	0.8744750797280704	0.6515620587116366	0.9169585339442309	0.22981430514137408	0.6055901294205749	0.20941534658852756	0.6950350688252402	0.2955182888699819	0.49553839152680146	0.6954299576829134	0.8825703968541307	0.4895804680538173	0.19546510282424395	0.47673798619194246	0.43433693506595483	0.6910121762785766	0.34628054148290793	0.5777257725782337	0.4419431869938062	0.15077505789297035	0.9249890496977197	0.6835450899367137	0.6040384390498074	0.48104335131301884	0.6254250673387147	0.17360818321215946	0.5465670193087186	0.3081821722303664	0.6477293128655071	0.174324389153076	0.5723893636710339	0.3926588374503181	0.3714958945922853	0.8420966544667556	0.10295407072103659	0.06655427246091504	0.6694207245556656
306	0.28192160084060736	0.05610269879558811	0.6223533074621866	0.47808926353006365	0.36866999344978607	0.11827235707528962	0.5354205664145889	0.40585841680405627	0.5641564978940251	0.5915528847796733	0.45082231988793076	0.49971178451099757	0.31907512690893214	0.8744752499146885	0.6515618774633933	0.9169586195957449	0.229814169480319	0.6055902289428566	0.20941548955989003	0.6950351677534214	0.29551828749518366	0.495538387745993	0.6954299565070566	0.8825703917566275	0.4895804652501024	0.19546498562522002	0.47673790460364407	0.43433675592558973	0.6910124408453082	0.3462805410496702	0.5777257713336963	0.44194326628154035	0.15077503681907525	0.9249891354546204	0.6835453418834703	0.6040381226735717	0.4810433489630998	0.6254252125518766	0.17360818437956818	0.5465669619361541	0.3081825392634702	0.6477294129812774	0.17432465595088747	0.5723891410121158	0.3926588393688845	0.37149589304732067	0.8420967529551653	0.1029539145933986	0.06655431674505154	0.6694207207535993
307	0.28192189000363743	0.05610278286978093	0.6223541618805243	0.4780892596049969	0.36867008841574933	0.11827229400744024	0.535420566473969	0.40585882909012244	0.5641564968554843	0.5915530196339746	0.4508222520760381	0.49971142606678015	0.31907464457120116	0.8744754128599486	0.6515617038233591	0.9169587016114321	0.2298140395779167	0.6055903240099971	0.20941562646239975	0.6950352624822635	0.2955182862159837	0.495538384228089	0.6954299554129705	0.88257038683354	0.4895804626413504	0.1954648734073007	0.4767378264539235	0.43433658448970347	0.6910126941644749	0.3462805406465638	0.5777257701756947	0.44194334225138204	0.15077501663973536	0.9249892175711926	0.6835455831599709	0.6040378197269434	0.4810433467765786	0.6254253516009189	0.17360818546580126	0.5465669069989549	0.308182890753277	0.6477295088472651	0.17432491142470125	0.5723889278046868	0.39265884115403593	0.3714958916097908	0.8420968472628454	0.10295376509333248	0.0665543591592454	0.6694207172159078
308	0.2819221669093848	0.05610286337197552	0.6223549799644411	0.4780892559527356	0.36867017941418373	0.11827223364065063	0.5354205665292258	0.4058592238592715	0.5641564958891178	0.5915531487586311	0.45082218714528927	0.49971108290324157	0.31907418272723154	0.8744755688660939	0.6515615374815441	0.9169587801424193	0.22981391519480582	0.6055904148240105	0.20941575754830247	0.6950353531863106	0.295518285025689	0.4955383809546831	0.6954299543949295	0.882570382080683	0.4895804602139115	0.1954647659629952	0.47673775160166193	0.4343364204307405	0.6910129367048303	0.34628054027147853	0.5777257690981714	0.44194341503775203	0.1507749973177686	0.9249892961987529	0.6835458142079351	0.6040375296517297	0.48104334474201643	0.6254254847420562	0.17360818647654164	0.5465668543958966	0.3081832273431589	0.6477296006401132	0.17432515604510918	0.5723887236559007	0.39265884281511326	0.371495890272174	0.8420969375635715	0.10295362194534823	0.06655439978050079	0.6694207139240832
309	0.2819224320650285	0.05610294045057192	0.6223557632259226	0.47808925255420315	0.3686702666050153	0.11827217586113008	0.5354205665806476	0.40585960183928604	0.5641564949898791	0.5915532723916986	0.4508221249759803	0.49971075438175827	0.31907374052551496	0.8744757182225986	0.6515613781405136	0.9169588553334928	0.22981379610166633	0.6055905015772265	0.20941588305926243	0.695035440032784	0.295518283918083	0.49553837790867916	0.695429953447616	0.8825703774938267	0.48958045795510724	0.19546466309354926	0.4767376799115309	0.43433626343541243	0.6910131689153742	0.3462805399224548	0.5777257680954992	0.44194348476968287	0.1507749788175527	0.9249893714822692	0.6835460354506804	0.6040372519131536	0.48104334284878825	0.6254256122207538	0.17360818741706793	0.546566804030001	0.3081835496496917	0.6477296885290549	0.1743253902629681	0.5723885281893913	0.39265884436079274	0.37149588902748354	0.8420970240238286	0.10295348488551381	0.06655443868264332	0.6694207108609337
310	0.2819226859567257	0.056103014247775966	0.6223565131136662	0.4780892493916768	0.36867035014184807	0.11827212055995091	0.5354205666285018	0.4058599637275685	0.5641564941530803	0.5915533907612962	0.45082206545340386	0.4997104398906355	0.3190733171500916	0.874475861206768	0.6515612255148322	0.9169589273233947	0.22981368207875158	0.6055905844528207	0.20941600322685588	0.695035523181925	0.29551828288739035	0.49553837507419385	0.6954299525660893	0.8825703730687131	0.48958045585315907	0.19546456460853603	0.47673761125373054	0.4343361132039981	0.6910133912262792	0.34628053959767163	0.5777257671624506	0.44194355157105314	0.1507749611049524	0.9249894435606574	0.6835462472939726	0.6040369859987619	0.48104334108702296	0.6254257342722308	0.1736081882922842	0.5465667558083381	0.30818385826389133	0.6477297726762584	0.17432561451032028	0.5723883410445033	0.3926588457991349	0.3714958878692285	0.8420971068031514	0.10295335366091642	0.06655447593646485	0.6694207080104879
311	0.2819229290505852	0.056103084899888925	0.622357231016051	0.4780892464486876	0.36867043017223655	0.11827206763281374	0.5354205666730371	0.4058603101925612	0.5641564933743649	0.5915535040860693	0.4508220084676162	0.49971013884383036	0.3190729118188885	0.8744759980843141	0.6515610793305303	0.9169589962451056	0.22981357291544052	0.6055906636253173	0.20941611827304307	0.6950356027873205	0.2955182819282441	0.49553837243646787	0.6954299517457586	0.882570368801071	0.4895804538971216	0.19546447032546455	0.4767375455037392	0.43433596944967723	0.691013604049776	0.34628053929543734	0.5777257662941674	0.4419436155608141	0.15077494414725004	0.9249895125670637	0.6835464501268379	0.6040367314173815	0.48104333944754796	0.6254258511219373	0.1736081891067475	0.5465667096418374	0.30818415375239744	0.6477298532371576	0.17432582920127196	0.5723881618755583	0.3926588471376298	0.3714958867913773	0.8420971860544495	0.102953228029147	0.06655451160986216	0.6694207053579043
312	0.28192316179359256	0.056103152537582676	0.6223579182639604	0.47808924370992933	0.3686705068379463	0.11827201697982498	0.5354205667144843	0.4058606418750968	0.5641564926496838	0.5915536125756318	0.4508219539132148	0.4997098506797399	0.31907252378213913	0.8744761291099006	0.6515609393245941	0.9169590622261126	0.2298134684098124	0.6055907392610592	0.20941622841061616	0.6950356789962133	0.29551828103565625	0.4955383699817834	0.695429950982357	0.8825703646866283	0.4895804520768221	0.19546438006940786	0.4767374825420744	0.43433583189789987	0.6910138077809963	0.34628053901417943	0.5777257654861347	0.4419436768532045	0.15077492791307934	0.9249895786291349	0.683546644322337	0.6040364876981273	0.4810433379218378	0.6254259629860109	0.17360818986469329	0.5465666654451065	0.3081844366585992	0.6477299303607658	0.1743260347328298	0.5723879903511557	0.3926588483832389	0.37149588578832426	0.8420972619243163	0.10295310775781034	0.06655454576796907	0.6694207028893888
313	0.28192338461448785	0.05610321728616038	0.6223585761334542	0.47808924116117335	0.3686705802752028	0.11827196850528646	0.5354205667530586	0.4058609593896766	0.5641564919752728	0.5915537164309848	0.45082190168912756	0.4997095748600546	0.31907215232088704	0.874476254527659	0.6515608052444809	0.9169591253886642	0.22981336836824362	0.6055908115186479	0.2094163338436238	0.6950357519497964	0.29551828020498994	0.4955383676973888	0.6954299502719182	0.8825703607211237	0.4895804503828042	0.19546429367265125	0.47673742225406607	0.43433570028579094	0.6910140027987675	0.3462805387524363	0.5777257647341555	0.44194373555795724	0.15077491237236287	0.9249896418692719	0.6835468302382974	0.6040362543894627	0.48104333650196723	0.625426070071708	0.17360819057005888	0.5465666231362627	0.30818470750370186	0.6477300041899728	0.17432623148569207	0.5723878261535129	0.39265884954243335	0.3714958848548582	0.8420973345533211	0.10295299262406157	0.06655457847328179	0.6694207005921186
314	0.2819235979245928	0.056103279265802164	0.6223592058482877	0.4780892387891907	0.36867065061492693	0.1182719221174977	0.5354205667889598	0.4058612633256761	0.5641564913476326	0.5915538158449105	0.4508218516984153	0.49970931086867754	0.3190717967455753	0.8744763745716757	0.6515606768476623	0.9169591858500102	0.22981327260502787	0.6055908805493576	0.20941643476777164	0.6950358217834893	0.29551827943193404	0.49553836557142783	0.6954299496107545	0.882570356900317	0.4895804488062755	0.19546421097436048	0.4767373645296427	0.4343355743615908	0.6910141894663647	0.346280538508849	0.5777257640343273	0.44194379178049203	0.15077489749625314	0.9249897024048704	0.6835470082180048	0.6040360310583137	0.48104333518056797	0.6254261725778101	0.1736081912265049	0.5465665826367708	0.3081849667877336	0.6477300748618262	0.17432641982499514	0.5723876689778401	0.39265885062123	0.37149588398613415	0.8420974040762855	0.10295288241416857	0.06655460978577701	0.6694206984541713
315	0.2819238021185903	0.05610333859179644	0.6223598085822807	0.4780892365816799	0.368670717982957	0.11827187772856979	0.5354205668223736	0.40586155424847936	0.5641564907635086	0.5915539110023434	0.45082180384808507	0.4997090582107094	0.3190714563947191	0.8744764894664488	0.6515605539011912	0.9169592437226269	0.22981318094201894	0.6055909464975193	0.2094165313707988	0.6950358886271988	0.2955182787124797	0.4955383635928757	0.6954299489954368	0.8825703532199974	0.4895804473390603	0.19546413182026948	0.47673730926312924	0.4343354538841296	0.6910143681322166	0.3462805382821538	0.5777257633830214	0.44194384562210043	0.15077488325707683	0.9249897603485472	0.6835471785908536	0.6040358172892356	0.48104333395078797	0.6254262706950062	0.17360819183743542	0.5465665438712928	0.3081852149904923	0.6477301425077944	0.1743266001010155	0.5723875185317554	0.39265885162522357	0.37149588317764676	0.8420974706225423	0.10295277692310062	0.06655463976302359	0.6694206964644606
316	0.2819239975752553	0.05610339537475692	0.622360385461541	0.47808923452720065	0.3686707825002582	0.11827183525425129	0.5354205668534728	0.4058618327005432	0.5641564902198742	0.5915540020807183	0.4508217580489145	0.4997088164114948	0.3190711306336603	0.8744765994273185	0.6515604361812963	0.9169592991144296	0.2298130932082949	0.6055910095008804	0.20941662383283133	0.6950359526055641	0.29551827804289865	0.4955383617514794	0.695429948422776	0.882570349675992	0.4895804459735553	0.19546405606238773	0.47673725635305786	0.43433533862233514	0.691014539130568	0.34628053807117565	0.5777257627768628	0.44194389718011723	0.150774869628283	0.924989815808351	0.683547341672958	0.6040356126836305	0.48104333280625483	0.6254263646062529	0.17360819240601622	0.5465665067675456	0.30818545257243546	0.6477302072540142	0.17432677264982915	0.5723873745347332	0.3926588525596172	0.3714958824252061	0.8420975343161795	0.10295267595414226	0.06655466846028697	0.6694206946126761
317	0.28192418465814173	0.05610344972082599	0.62236093756655	0.47808923261511205	0.3686708442831198	0.11827179461376494	0.5354205668824183	0.4058620992023955	0.5641564897139146	0.5915540892502971	0.4508217142152885	0.4997085850157298	0.3190708188533986	0.8744767046608681	0.6515603234730005	0.9169593521289703	0.22981300923984382	0.6055910696909397	0.20941671232671372	0.6950360138381853	0.29551827741972314	0.49553836003770213	0.6954299478898058	0.8825703462641733	0.48958044470268824	0.19546398355872568	0.47673720570198974	0.4343352283547723	0.6910147027821005	0.3462805378748215	0.5777257622127127	0.4419439465480834	0.1507748565843939	0.9249898688879633	0.6835474977677256	0.6040354168590141	0.4810433317410416	0.6254264544871098	0.1736081929351919	0.5465664712561684	0.3081856799755146	0.6477302692215232	0.17432693779392944	0.5723872367175885	0.3926588534292504	0.37149588172491516	0.8420975952762688	0.10295257931853119	0.06655469593062754	0.6694206928892278
318	0.2819243637162252	0.05610350173186573	0.6223614659341163	0.47808923083551585	0.3686709034433401	0.11827175572965475	0.5354205669093597	0.4058623542535717	0.5641564892430109	0.5915541726744745	0.45082167226504427	0.4997083635866246	0.31907052046949647	0.8744768053653025	0.651560215569762	0.9169594028656249	0.2298129288792686	0.6055911271932599	0.2094167970183197	0.6950360724398394	0.29551827683972737	0.49553835844267297	0.6954299473937673	0.882570342980464	0.4895804435198806	0.19546391417303732	0.4767371572163478	0.4343351228692115	0.6910148593945161	0.3462805376920746	0.577725761687651	0.4419439938158983	0.15077484410095957	0.9249899196868835	0.6835476471663937	0.6040352294483279	0.4810433307496346	0.625426540506056	0.1736081934277015	0.5465664372705976	0.3081858976239574	0.6477303285264774	0.17432709584280653	0.5723871048219924	0.39265885423862495	0.37149588107314857	0.8420976536170788	0.10295248683511862	0.06655472222499276	0.6694206912851951
319	0.28192453508450765	0.05610355150563677	0.6223619715592092	0.4780892291792041	0.3686709600884005	0.11827171852764261	0.5354205669344361	0.40586259833349186	0.564156488804727	0.5915542525100664	0.450821632119328	0.49970815170511934	0.3190702349210523	0.8744769017308011	0.6515601122731378	0.9169594514197673	0.22981285197551038	0.6055911821277595	0.2094168780668437	0.6950361285206813	0.2955182762999106	0.49553835695813925	0.6954299469320935	0.8825703398208452	0.48958044241901244	0.19546384777457884	0.47673711080626036	0.4343350219622252	0.6910150092630817	0.3462805375219892	0.5777257611989615	0.4419440390699629	0.15077483215451426	0.9249899683006033	0.6835477901485351	0.6040350500992936	0.48104332982690495	0.6254266228247863	0.17360819388609314	0.54656640474695	0.3081861059250027	0.6477303852803553	0.1743272470934911	0.5723869786000182	0.3926588549919288	0.3714958804665341	0.8420977094482771	0.10295239833005096	0.06655474739230363	0.6694206897922793
320	0.2819246990845839	0.05610359913596629	0.6223624553966796	0.4780892276376101	0.36867101432162985	0.11827168293649425	0.5354205669577768	0.4058628319022857	0.5641564883967967	0.5915543289075778	0.45082159370245856	0.49970794896914683	0.319069961669735	0.8744769939398497	0.651560013392468	0.9169594978829336	0.22981277838358893	0.605591234608985	0.20941695562507467	0.6950361821864336	0.29551827579748097	0.49553835557642323	0.6954299465023963	0.8825703367813593	0.4895804413943902	0.19546378423788202	0.47673706638541336	0.43433492543880886	0.6910151526711428	0.3462805373636853	0.5777257607441167	0.44194408239331484	0.15077482072253678	0.9249900148207726	0.6835479269825309	0.6040348784738084	0.4810433289680809	0.6254267015984892	0.17360819431273747	0.5465663736239128	0.30818630526958946	0.6477304395901498	0.17432739183106472	0.5723868578137159	0.3926588556930582	0.3714958799019343	0.8420977628751183	0.10295231363647067	0.06655477147953603	0.6694206884027595
321	0.28192485602517625	0.05610364471290645	0.6223629183628792	0.47808922620276356	0.36867106624235874	0.1182716488878926	0.5354205669795027	0.40586305540156803	0.564156488017111	0.591554402011458	0.45082155694179993	0.4997077549929406	0.31906970019887665	0.8744770821675533	0.6515599187445755	0.9169595423429766	0.22981270796435785	0.605591284746366	0.20941702983965368	0.6950362335385646	0.29551827532984104	0.4955383542903815	0.6954299461024545	0.8825703338581162	0.4895804404407167	0.19546372344254098	0.47673702387091155	0.4343348331120256	0.6910152898906058	0.34628053721634433	0.5777257603207657	0.4419441238657556	0.15077480978341198	0.924990059335353	0.6835480579260165	0.6040347142473734	0.4810433281687224	0.6254267769761079	0.1736081947098401	0.5465663438426405	0.3081864960330069	0.6477304915585479	0.17432753032914022	0.5723867422347096	0.39265885634563796	0.3714958793764299	0.8420978139986214	0.10295223259423494	0.06655479453179731	0.6694206871094524
322	0.281925006202638	0.05610368832288322	0.6223633613371884	0.47808922486724875	0.36867111594606633	0.11827161631631901	0.5354205669997255	0.4058632692551709	0.5641564876637082	0.5915544719603395	0.4508215217676413	0.49970756940638106	0.31906945001261555	0.8744771665819306	0.6515598281534852	0.9169595848842109	0.22981264058427417	0.6055913326444545	0.20941710085131673	0.6950362826744568	0.29551827489457394	0.4955383530933679	0.6954299457302002	0.8825703310472965	0.4895804395530631	0.1954636652730111	0.47673698318314706	0.43433474480267104	0.6910154211823928	0.34628053707920453	0.5777257599267207	0.4419441635639706	0.15077479931639515	0.9249901019287641	0.683548183226303	0.6040345571085575	0.48104332742469896	0.6254268491005882	0.17360819507945316	0.5465663153466572	0.3081866785755066	0.6477305412841022	0.1743276628503148	0.5723866316438202	0.39265885695304087	0.37149587888730523	0.8420978629157374	0.10295215504965018	0.0665548165923985	0.6694206859056745
323	0.2819251499014306	0.05610373004883789	0.6223637851634608	0.47808922362416567	0.3686711635245192	0.11827158515894051	0.5354205670185497	0.4058634738698356	0.5641564873347626	0.5915545388872642	0.45082148811308254	0.49970739185437857	0.31906921063508664	0.8744772473441924	0.651559741450156	0.9169596255875514	0.22981257611518013	0.6055913784031485	0.20941716879512498	0.6950363296875659	0.29551827448943113	0.4955383519791983	0.6954299453837107	0.8825703283451548	0.4895804387268434	0.19546360961841885	0.47673694424567536	0.4343346603389575	0.6910155467968715	0.34628053695155725	0.577725759559946	0.44194420156164355	0.15077478930157814	0.9249901426820203	0.6835483031207749	0.6040344067584872	0.48104332673216693	0.6254269181091112	0.17360819542348616	0.5465662880817642	0.30818685324288286	0.6477305888613908	0.17432778964659887	0.5723865258307064	0.392658857518405	0.3714958784320331	0.8420979097195077	0.10295208085522076	0.06655483770292278	0.6694206847852071
324	0.28192528739457634	0.05610376997036078	0.622364190651394	0.47808922246709407	0.36867120906590406	0.11827155535550377	0.5354205670360723	0.4058636696358702	0.5641564870285757	0.5915546029198988	0.45082145591392664	0.49970722199628714	0.3190689816096521	0.8744773246090053	0.6515596584722262	0.9169596645306434	0.229812514434096	0.605591422117905	0.20941723380068272	0.6950363746675712	0.29551827411232023	0.49553835094211857	0.6954299450611962	0.8825703257480237	0.48958043795779077	0.1954635563723812	0.4767369069850972	0.43433457955621424	0.691015666974264	0.34628053683274307	0.5777257592185476	0.44194423792956516	0.15077477971985717	0.924990181672863	0.6835484178372688	0.6040342629103645	0.4810433260875499	0.6254269841333161	0.17360819574371575	0.5465662619959528	0.3081870203670234	0.6477306343811703	0.1743279109598228	0.5723864245935254	0.3926588580446505	0.3714958780082621	0.8420979544992143	0.10295200986941087	0.06655485790329072	0.6694206837422638
325	0.2819254189440903	0.056103808163819026	0.6223645785778357	0.4780892213900602	0.3686712526549541	0.11827152684823325	0.5354205670523837	0.40586385692777494	0.5641564867435668	0.5915546641807394	0.4508214251085767	0.49970705950534766	0.3190687624981692	0.8744773985247438	0.6515595790637702	0.9169597017879876	0.22981245542302312	0.6055914638799383	0.20941729599234515	0.6950364177005204	0.2955182737612944	0.4955383499767749	0.6954299447609913	0.8825703232523158	0.4895804372419347	0.19546350543283386	0.47673687133094567	0.4343345022966033	0.6910157819450351	0.34628053672214837	0.5777257589007632	0.4419442727357369	0.1507747705529022	0.9249902189758852	0.6835485275944335	0.6040341252890071	0.4810433254875204	0.6254270472995094	0.1736081960417951	0.5465662370393206	0.30818718026643377	0.6477306779305219	0.17432802702202452	0.5723863277386096	0.39265885853449417	0.3714958776138045	0.8420979973405232	0.10295194195641734	0.06655487723182194	0.6694206827714605
326	0.2819255448013921	0.05610384470247829	0.6223649496880287	0.4780892203875057	0.36867129437307095	0.11827149958173504	0.5354205670675679	0.4058640361048401	0.5641564864782654	0.5915547227873069	0.4508213956379374	0.49970690406815554	0.31906855288029096	0.8744774692337305	0.6515595030750664	0.9169597374310584	0.22981239896875516	0.6055915037764097	0.20941735548941706	0.6950364588689661	0.29551827343454207	0.4955383490781851	0.6954299444815467	0.8825703208545257	0.4895804365755808	0.19546345670186724	0.47673683721557847	0.434334428408849	0.6910158919302635	0.3462805366192024	0.5777257586049529	0.44194430604547036	0.15077476178312754	0.92499025466265	0.6835486326020749	0.6040339936304089	0.481043324928982	0.6254271077288683	0.17360819631926233	0.5465662131639918	0.3081873332467391	0.6477307195929897	0.17432813805581956	0.5723862350801567	0.3926588589904641	0.37149587724662436	0.8420980383256214	0.10295187698595296	0.06655489572529472	0.6694206818677876
327	0.28192566520770224	0.056103879656619615	0.622365304696807	0.47808921945425836	0.3686713342984415	0.11827147350290425	0.5354205670817032	0.40586420751171914	0.5641564862313031	0.5915547788523343	0.4508213674453208	0.49970675538415155	0.3190683523527959	0.8744775368724653	0.6515594303623732	0.9169597715284189	0.22981234496269806	0.6055915418906072	0.20941741240634293	0.6950364982520981	0.29551827313037776	0.49553834824171406	0.6954299442214209	0.8825703185512326	0.48958043595529177	0.19546341008556917	0.47673680457407447	0.4343343577479788	0.6910159971419972	0.3462805365233738	0.577725758329591	0.4419443379214834	0.1507747533936641	0.9249902888018046	0.6835487330614848	0.6040338676813191	0.4810433244090536	0.6254271655376332	0.17360819657754892	0.5465661903240412	0.308187479601165	0.6477307594487143	0.1743282442747559	0.5723861464399342	0.3926588594149125	0.3714958769048276	0.8420980775333464	0.1029518148330387	0.06655491341900277	0.6694206810265835
328	0.2819257803944214	0.056103913093651724	0.6223656442897421	0.47808921858550607	0.3686713725061514	0.11827144856083655	0.5354205670948622	0.40586437147897847	0.5641564860014066	0.5915548324839472	0.45082134047635614	0.49970661316513254	0.31906816052894343	0.8744776015718472	0.6515593607877124	0.916959804145829	0.2298122933006962	0.6055915783021147	0.2094174668528895	0.6950365359258691	0.2955182728472331	0.4955383474630486	0.6954299439792722	0.8825703163391004	0.489580435377869	0.19546336549387403	0.4767367733441339	0.4343342901750755	0.6910160977835952	0.34628053643416845	0.5777257580732577	0.44194436842399243	0.15077474536833216	0.9249903214591906	0.6835488291657603	0.6040337471988378	0.4810433239250545	0.6254272208372932	0.17360819681798648	0.5465661684754207	0.3081876196109997	0.6477307975745608	0.17432834588365484	0.5723860616469939	0.3926588598100281	0.37149587658665173	0.8420981150393149	0.10295175537780396	0.06655493034681004	0.6694206802435109
329	0.28192589058349815	0.05610394507821899	0.6223659691242489	0.4780892177767709	0.36867140906829393	0.118271424706743	0.5354205671071128	0.40586452832362885	0.564156485787391	0.5915548837858369	0.45082131467890224	0.4997064771347807	0.31906797703785367	0.8744776634573858	0.6515592942186624	0.9169598353463525	0.22981224388286545	0.6055916130869761	0.20941751893432226	0.6950365719631174	0.29551827258364877	0.4955383467381755	0.6954299437538527	0.8825703142148801	0.4895804348403365	0.195463322840417	0.4767367434659822	0.4343342255570394	0.6910161940500563	0.3462805363511264	0.5777257578346318	0.4419443976108017	0.1507747376916155	0.9249903526979494	0.683548921100109	0.6040336319500262	0.4810433234744904	0.6254272737347654	0.17360819704181424	0.5465661475758884	0.30818775354604017	0.6477308340442419	0.17432844307893944	0.5723859805373982	0.3926588601778474	0.3714958762904569	0.8420981509160415	0.10295169850529412	0.06655494654120364	0.6694206795145341
330	0.2819259959877823	0.05610397567230607	0.6223662798306525	0.4780892170238867	0.36867144405407676	0.11827140189386787	0.535420567118518	0.4058646783496364	0.564156485588154	0.5915549328574279	0.4508212900029632	0.4997063470282099	0.3190678015239082	0.8744777226494078	0.6515592305281548	0.9169598651904578	0.22981219661343177	0.6055916463178493	0.2094175687515754	0.6950366064336839	0.295518272338267	0.49553834606336056	0.6954299435440008	0.8825703121754092	0.48958043433992515	0.19546328204239402	0.47673671488227687	0.4343341637663591	0.6910162861283361	0.3462805362738197	0.5777257576124843	0.4419444255373899	0.15077473034863656	0.9249903825786241	0.6835490090421446	0.6040335217115307	0.48104332305504033	0.6254273243325673	0.17360819725018511	0.5465661275849406	0.3081878816650226	0.6477308689284375	0.17432853604895177	0.5723859029539554	0.3926588605202652	0.371495876014717	0.842098185233057	0.10295164410528512	0.06655496203334474	0.6694206788358978
331	0.281926096811368	0.056104004935338674	0.6223665770132193	0.4780892163229768	0.36867147752992524	0.11827138007740966	0.5354205671291364	0.40586482184841866	0.5641564854026703	0.59155497979404	0.45082126640060743	0.49970622259152636	0.3190676336461706	0.8744777792632539	0.6515591695942792	0.9169598937361167	0.2298121514005751	0.605591678064155	0.20941761640141593	0.6950366394045264	0.2955182721098244	0.49553834543512976	0.6954299433486362	0.8825703102176122	0.48958043387405864	0.19546324302042592	0.47673668753801735	0.43433410468089084	0.6910163741976547	0.3462805362018504	0.5777257574056717	0.4419444522569949	0.15077472332513173	0.9249904111592581	0.6835490931621735	0.6040334162692179	0.481043322664545	0.6254273727289843	0.17360819744417194	0.546566108463746	0.30818800421603904	0.647730902294909	0.17432862497425924	0.572385828745963	0.3926588608390447	0.3714958757580124	0.8420982180570222	0.10295159207210354	0.06655497685311829	0.6694206782041086
332	0.2819261932499256	0.05610403292428132	0.6223668612511545	0.4780892156704347	0.3686715095595828	0.11827135921444448	0.5354205671390225	0.4058649590993231	0.5641564852299851	0.5915550246870451	0.4508212438258886	0.49970610358140494	0.3190674730778257	0.8744778334094714	0.6515591113000928	0.9169599210389004	0.2298121081562785	0.6055917083922183	0.20941766197660314	0.6950366709398291	0.29551827189714547	0.49553834485025017	0.6954299431667533	0.8825703083385019	0.48958043344033964	0.19546320569842723	0.47673666138045745	0.4343340481836454	0.6910164584297925	0.3462805361348479	0.5777257572131298	0.441944477820695	0.15077471660742828	0.9249904384954908	0.6835491736234717	0.6040333154178242	0.48104332230099517	0.6254274190182304	0.1736081976247728	0.5465660901750813	0.3081881214369414	0.6477309342086116	0.1743287100279518	0.5723857577689605	0.39265886113582615	0.3714958755190223	0.842098249451836	0.10295154230445296	0.06655499102918087	0.6694206776159153
333	0.28192628549102383	0.05610405969373208	0.6223671330995703	0.4780892150629044	0.3686715402042088	0.11827133926385218	0.5354205671482272	0.4058650903700917	0.5641564850692107	0.5915550676240191	0.4508212222347688	0.49970598976467834	0.3190673195056365	0.8744778851939996	0.6515590555334354	0.9169599471520709	0.22981206679618182	0.6055917373654047	0.20941770556604264	0.69503670110111	0.2955182716991366	0.49553834430571414	0.6954299429974169	0.8825703065351772	0.4895804330365377	0.19546317000347876	0.47673663635902047	0.4343339941625829	0.6910165389893782	0.34628053607246767	0.5777257570338683	0.4419445022774885	0.15077471018242164	0.9249904646406498	0.6835492505825533	0.6040332189606131	0.48104332196252125	0.6254274632906057	0.1736081977929165	0.5465660726832696	0.3081882335557321	0.6477309647318018	0.17432879137592935	0.572385689884489	0.39265886141213596	0.37149587529651745	0.8420982794787433	0.10295149470524559	0.06655500458900714	0.6694206770682933
334	0.2819263737144411	0.056104085296014274	0.6223673930904208	0.4780892144972635	0.368671569522474	0.11827132018624487	0.5354205671567975	0.4058652159173115	0.564156484919521	0.591555108688889	0.4508212015850455	0.49970588091793944	0.31906717262941714	0.8744779347183501	0.6515590021867501	0.916959972126671	0.22981202723943972	0.6055917650442512	0.20941774725493595	0.6950367299473238	0.2955182715147801	0.49553834379872325	0.6954299428397567	0.882570304804824	0.48958043266057766	0.19546313586570477	0.47673661242521675	0.43433394251041335	0.6910166160341672	0.346280536014389	0.5777257568669663	0.4419445256743715	0.1507747040375531	0.9249904896458412	0.6835493241894319	0.6040331267090452	0.48104332164738406	0.6254275056326482	0.17360819794946702	0.546566055954121	0.30818834079094415	0.6477309939241419	0.17432886917718052	0.5723856249598583	0.39265886166939395	0.37149587508935433	0.8420983081964369	0.1029514491814389	0.06655501755893518	0.6694206765584286
335	0.2819264580924692	0.05610410978126543	0.622367641733411	0.478089213970607	0.3686715975706531	0.11827130194389768	0.5354205671647777	0.4058653359868499	0.5641564847801471	0.5915551479620755	0.4508211818362787	0.4997057768271562	0.31906703216152293	0.8744779820797803	0.6515589511569087	0.9169599960116109	0.22981198940858433	0.6055917914865895	0.2094177871249249	0.6950367575349623	0.29551827134312936	0.4955383433266738	0.6954299426929628	0.8825703031447134	0.4895804323105286	0.19546310321815327	0.4767365895325635	0.43433389312440557	0.6910166897153115	0.34628053596031355	0.5777257567115667	0.44194454805641303	0.1507746981607886	0.9249905135600354	0.683549394587872	0.6040330384824577	0.4810433213539652	0.6254275461272799	0.1736081980952284	0.5465660399548733	0.30818844335200873	0.6477310218428024	0.17432894358405265	0.572385562867922	0.39265886190892163	0.37149587489646907	0.8420983356611575	0.1029514056438775	0.06655502996421025	0.6694206760837026
336	0.2819265387902055	0.05610413319752341	0.6223678795168748	0.47808921348023203	0.36867162440271517	0.11827128450068196	0.5354205671722084	0.40586545081427766	0.564156484650374	0.5915551855206315	0.4508211629497224	0.49970567728729925	0.3190668978263561	0.8744780273714623	0.651558902345041	0.9169600188537532	0.22981195322939227	0.605591816747668	0.20941782525423264	0.6950367839181514	0.29551827118330326	0.4955383428871431	0.6954299425562817	0.8825703015522016	0.4895804319845942	0.1954630719966807	0.4767365676365073	0.4343338459062011	0.6910167601776206	0.3462805359099637	0.5777257565668719	0.4419445694668283	0.15077469254059817	0.9249905364301524	0.6835494619156348	0.6040329541077538	0.4810433210807589	0.6254275848539509	0.1736081982309486	0.5465660246541366	0.30818854143961194	0.6477310485425587	0.17432901474251386	0.5723855034868578	0.39265886213194817	0.3714958747168717	0.8420983619267908	0.10295136400713997	0.06655504182902722	0.6694206756416792
337	0.2819266159658383	0.05610415559080985	0.6223681069086267	0.4780892130236235	0.3686716500704116	0.11827126782200066	0.5354205671791279	0.40586556062527795	0.5641564845295363	0.5915552214383752	0.45082114488825675	0.49970558210198096	0.31906676935988654	0.8744780706826463	0.6515588556563715	0.9169600406979925	0.22981191863075545	0.6055918408802651	0.20941786171779866	0.6950368091487452	0.29551827103448225	0.4955383424778772	0.6954299424290125	0.8825703000247285	0.4895804316811029	0.19546304213983964	0.4767365466943487	0.43433380076163536	0.6910168275598152	0.3462805358630813	0.57772575643214	0.44194458994704977	0.1507746871659357	0.9249905583011423	0.6835495263047152	0.6040328734191021	0.4810433208263643	0.6254276218887758	0.17360819835732375	0.5465660100218389	0.30818863524604045	0.6477310740758873	0.17432908279240603	0.5723854466999572	0.39265886233961744	0.3714958745496411	0.84209838704496	0.10295132418939044	0.0665550531765719	0.6694206752300917
338	0.2819266897709211	0.05610417700521085	0.6223683243567847	0.4780892125984418	0.36867167462336087	0.11827125187472573	0.5354205671855714	0.4058656656360423	0.5641564844170147	0.591555255786021	0.450821127616323	0.49970549108310663	0.3190666465091892	0.8744781120988185	0.6515588110000587	0.9169600615873359	0.2298118855445566	0.6055918639347997	0.20941789658741103	0.695036833276417	0.2955182708959039	0.495538342096779	0.6954299423105029	0.8825702985598157	0.4895804313984994	0.19546301358877097	0.4767365266651689	0.434333757600565	0.6910168919947706	0.3462805358194259	0.5777257563066805	0.44194460953679615	0.15077468202621971	0.924990579216065	0.6835495878815717	0.6040327962576455	0.4810433205894778	0.6254276573046682	0.17360819847500122	0.5465659960291722	0.3081887249555159	0.6477310984930582	0.1743291478676904	0.57238539239542	0.3926588625329936	0.37149587439392034	0.8420984110651178	0.10295128611223499	0.0665550640290609	0.6694206748468311
339	0.28192676035063935	0.05610419748295506	0.6223685322905661	0.4780892122025096	0.36867169810913186	0.11827123662713794	0.5354205671915719	0.40586576605365327	0.5641564843122334	0.591555288631303	0.45082111109986067	0.4997054040505382	0.3190665290319962	0.8744781517018535	0.6515587682890409	0.916960081562978	0.2298118539055485	0.6055918859594369	0.20941792993183284	0.6950368563487469	0.29551827076685844	0.49553834174189715	0.6954299422001463	0.8825702971550661	0.4895804311353368	0.19546298628709896	0.4767365075097596	0.43433371633670104	0.6910169536097543	0.34628053577877393	0.5777257561898514	0.4419446282741396	0.15077467711131454	0.9249905992161658	0.6835496467673478	0.6040327224712206	0.48104332036888664	0.6254276911714693	0.1736081985845836	0.5465659826485431	0.30818881074451837	0.6477311218422224	0.17432921009668442	0.5723853404661566	0.39265886271306677	0.37149587424891206	0.842098434034633	0.10295124970058293	0.06655507440778025	0.669420674489935
340	0.28192682784406703	0.05610421706448905	0.6223687311210561	0.4780892118338014	0.3686717205733236	0.11827122204886883	0.5354205671971602	0.4058658620764537	0.564156484214656	0.5915553200390973	0.4508210953062467	0.49970532083176844	0.319066416696264	0.8744781895701617	0.6515587274398857	0.9169601006643749	0.22981182365123753	0.6055919070001893	0.20941796181692535	0.6950368784113072	0.29551827064668584	0.49553834141141606	0.6954299420973779	0.8825702958081616	0.4895804308902687	0.19546296018083034	0.47673648919055406	0.4343336768874484	0.691017012526654	0.3462805357409175	0.5777257560810549	0.4419446461955704	0.1507746724115123	0.9249906183409495	0.6835497030780876	0.6040326519140855	0.4810433201634623	0.6254277235560733	0.1736081986866315	0.546565969853522	0.3081888927820992	0.6477311441694992	0.17432926960229073	0.5723852908095972	0.3926588628807583	0.37149587411387447	0.842098455998875	0.10295121488251262	0.06655508433312285	0.6694206741575779
341	0.2819268923844153	0.05610423578854994	0.6223689212419484	0.4780892114904323	0.36867174205964315	0.11827120811084454	0.5354205672023646	0.40586595389440394	0.5641564841237842	0.5915553500715376	0.450821080204237	0.4997052412616079	0.3190663092797566	0.8744782257788308	0.6515586883726459	0.9169601189293153	0.22981179472177152	0.6055919271010123	0.20941799230576622	0.695036899507744	0.2955182705347718	0.4955383411036466	0.6954299420016721	0.8825702945168622	0.48958043066204254	0.19546293521825678	0.47673647167156147	0.43433363917375123	0.691017068862197	0.346280535705663	0.5777257559797349	0.4419446633360597	0.1507746679175154	0.9249906366282512	0.6835497569249422	0.6040325844466577	0.4810433199721548	0.6254277545225466	0.17360819878166647	0.546565957618797	0.3081889712301827	0.6477311655190591	0.1743293265022182	0.5723852433275066	0.3926588630369254	0.3714958739881172	0.842098477001296	0.1029511815891423	0.06655509382462439	0.6694206738480607
342	0.2819269540992717	0.056104253692235595	0.6223691030302607	0.47808921117064873	0.3686717626099802	0.11827119478523211	0.5354205672072118	0.40586604168942525	0.5641564840391536	0.5915553787881284	0.45082106576390957	0.49970516518188274	0.319066206569643	0.8744782603997638	0.6515586510107191	0.9169601363939887	0.22981176705983103	0.6055919463038987	0.20941802145876365	0.6950369196798567	0.2955182704305447	0.4955383408170168	0.6954299419125406	0.8825702932790034	0.4895804304494926	0.19546291134986107	0.47673645491830297	0.43433360311994457	0.6910171227281638	0.34628053567283024	0.577725755885374	0.4419446797291199	0.15077466362041966	0.9249906541143044	0.6835498084143702	0.6040325199352624	0.4810433197939873	0.6254277841322445	0.17360819887017392	0.5465659459201269	0.30818904624385673	0.6477311859332026	0.17432938090919464	0.572385197925807	0.39265886318236554	0.3714958738709979	0.8420984970835093	0.1029511497545054	0.0665551029009983	0.669420673559803
343	0.2819270131108304	0.05610427081107202	0.6223692768470216	0.4780892108728189	0.3686717822644801	0.1182711820453873	0.5354205672117265	0.4058661256357308	0.5641564839603328	0.5915554062458529	0.4508210519566101	0.49970509244114375	0.31906610836211036	0.8744782935018091	0.651558615280713	0.9169601530930505	0.22981174061052545	0.6055919646489654	0.20941804933376648	0.695036938967673	0.29551827033347283	0.49553834055006424	0.6954299418295281	0.882570292092495	0.48958043025153436	0.19546288852822663	0.4767364388977504	0.434333568653611	0.691017174231591	0.34628053564225175	0.5777257557974907	0.44194469540686354	0.15077465951169833	0.924990670833808	0.6835498576483295	0.604032458251888	0.48104331962805064	0.6254278124439226	0.17360819895260537	0.5465659347342977	0.30818911797165366	0.6477312054524382	0.1743294329311722	0.572385154514407	0.392658863317821	0.3714958737619191	0.8420985162853647	0.10295111931543026	0.06655511158016918	0.6694206732913337
344	0.28192706953611457	0.05610428717907837	0.6223694430379323	0.4780892105954244	0.36867180106161324	0.11827116986580528	0.5354205672159316	0.4058662059001442	0.5641564838869197	0.591555432499277	0.4508210387548998	0.4997050228943875	0.31906601446199084	0.8744783251508889	0.6515585811123152	0.9169601690596871	0.2298117153212924	0.6055919821745382	0.20941807598616966	0.6950369574095231	0.2955182702430613	0.49553834030142796	0.6954299417522116	0.8825702909553196	0.4895804300671587	0.1954628667079505	0.4767364235782669	0.4343335357054436	0.6910172234749686	0.34628053561377165	0.5777257557156372	0.4419447104000596	0.15077465558318617	0.9249906868199886	0.6835499047244626	0.6040323992739531	0.481043319473499	0.6254278395138444	0.1736081990293811	0.5465659240390802	0.3081891865558193	0.6477312241155562	0.1743294826715243	0.5723851130070362	0.3926588634439823	0.3714958736603247	0.8420985346450217	0.10295109021142507	0.06655511987930512	0.6694206730412846
345	0.28192712348718935	0.05610430282882939	0.6223696019340026	0.4780892103370525	0.3686718190382427	0.11827115822207225	0.5354205672198484	0.4058662826424056	0.5641564838185407	0.5915554576006502	0.45082102613250524	0.4997049564027873	0.31906592468240413	0.8744783554101194	0.6515585484381687	0.916960184325675	0.22981169114180153	0.6055919989172335	0.20941810146901602	0.6950369750421097	0.2955182701588496	0.49553834006984177	0.6954299416801973	0.88257028986553	0.4895804298954266	0.1954628458455599	0.4767364089295501	0.43433350420911443	0.6910172705564286	0.34628053558724464	0.5777257556393965	0.4419447247381876	0.15077465182706473	0.9249907021046618	0.6835499497362748	0.6040323428840814	0.4810433193295454	0.6254278653958841	0.173608199100892	0.5465659138131892	0.3081892521325731	0.6477312419596997	0.17432953022923522	0.5723850733210876	0.39265886356149193	0.37149587356569713	0.8420985521990201	0.10295106238456657	0.0665551278148488	0.669420672808382
346	0.28192717507136694	0.0561043177915152	0.6223697538521618	0.4780892100963885	0.36867183622968874	0.11827114709081991	0.5354205672234971	0.4058663560154654	0.5641564837548477	0.5915554816000004	0.4508210140642692	0.49970489283343555	0.31906583884441303	0.8744783843399291	0.65155851719375	0.9169601989214407	0.22981166802386155	0.6055920149120335	0.20941812583309383	0.6950369919005754	0.29551827008040943	0.4955383398541273	0.6954299416131188	0.8825702888212479	0.4895804297354642	0.1954628258994319	0.47673639492257736	0.4343334741011483	0.6910173155699261	0.34628053556253596	0.5777257555683807	0.4419447384494899	0.15077464823584785	0.9249907167182914	0.6835499927733053	0.6040322889698851	0.4810433191954573	0.6254278901416261	0.17360819916750206	0.5465659040362438	0.3081893148323564	0.6477312590204332	0.17432957569908278	0.5723850353774653	0.39265886367094793	0.3714958734775551	0.8420985689823456	0.10295103577939357	0.0665551354025473	0.6694206725914412
347	0.28192722439140333	0.05610433209699901	0.6223698990958438	0.47808920987220893	0.3686718526697917	0.11827113644968135	0.535420567226896	0.4058664261657668	0.5641564836955171	0.5915555045452278	0.4508210025261052	0.49970483205909655	0.31906575677669363	0.8744784119981697	0.6515584873172552	0.9169602128761154	0.22981164592133166	0.6055920301923614	0.20941814912703063	0.6950370080185673	0.2955182700073419	0.49553833965318816	0.695429941550635	0.8825702878206619	0.4895804295864583	0.19546280682971623	0.4767363815295531	0.4343334453208013	0.6910173586054137	0.3462805355395199	0.577725755502229	0.4419447515610222	0.15077464480236794	0.9249907306900447	0.6835500339212914	0.6040322374237586	0.4810433190705532	0.6254279138004603	0.17360819922954976	0.5465658946887306	0.3081893747800725	0.6477312753318077	0.17432961917181228	0.5723849991004385	0.3926588637729066	0.3714958733954503	0.8420985850284962	0.10295101034280443	0.06655514265748072	0.6694206723893593
348	0.2819272715456873	0.056104345773872244	0.622370037955551	0.47808920966337565	0.36867186839097116	0.11827112627724884	0.5354205672300623	0.4058664932335162	0.5641564836402477	0.591555526482192	0.4508209914949523	0.4997047739579689	0.3190656783152183	0.874478438440224	0.6515584587494874	0.9169602262175901	0.22981162479003617	0.6055920447901504	0.20941817139738314	0.6950370234283003	0.29551826993927605	0.4955383394660039	0.6954299414924285	0.8825702868620257	0.48958042944765257	0.19546278859826163	0.4767363687238586	0.43433341780994583	0.6910173997490082	0.3462805355180796	0.5777257554406054	0.4419447640987016	0.1507746415197626	0.9249907440478465	0.6835500732623261	0.6040321881426782	0.48104331895419894	0.6254279364196725	0.1736081992873501	0.5465658857519671	0.30818943209531574	0.6477312909264247	0.174329660734305	0.5723849644175018	0.39265886386788573	0.37149587331896605	0.842098600369543	0.10295098602395926	0.06655514959408985	0.6694206722011103
349	0.28192731662842135	0.05610435884950746	0.622370170709391	0.4780892094688291	0.3686718834242844	0.11827111655303352	0.5354205672330121	0.405866557352943	0.5641564835887591	0.591555547454798	0.4508209809487328	0.49970471841345876	0.31906560330295214	0.8744784637191099	0.6515584314337507	0.9169602389725668	0.2298116045876824	0.6055920587359106	0.20941819268872305	0.6950370381606152	0.29551826987586666	0.4955383392916251	0.6954299414382042	0.8825702859436558	0.4895804293183427	0.19546277116854488	0.4767363564800031	0.4343333915129586	0.6910174390831506	0.34628053549810617	0.5777257553831974	0.44194477608735316	0.15077463838146193	0.924990756818432	0.6835501108750088	0.6040321410280131	0.4810433188458043	0.6254279580445338	0.17360819934119634	0.5465658772080669	0.30818948689259185	0.647731305835495	0.17432970046973867	0.5723849312592404	0.3926588639563671	0.3714958732477142	0.8420986150361897	0.10295096277418539	0.06655515622620238	0.6694206720257394
350	0.2819273597297955	0.0561043713501091	0.6223702976235957	0.4780892092875835	0.3686718977994811	0.11827110725742654	0.5354205672357605	0.4058666186525486	0.5641564835407905	0.591555567505077	0.4508209708663111	0.4997046653139614	0.3190655315895619	0.8744784878855779	0.6515584053157476	0.916960251166608	0.2298115852737828	0.6055920720587935	0.20941821304372013	0.6950370522450371	0.29551826981679236	0.49553833912916817	0.6954299413876873	0.8825702850639313	0.4895804291978735	0.195462754505603	0.4767363447735777	0.4343333663766151	0.6910174766867593	0.3462805354794984	0.577725755329714	0.4419447875507542	0.15077463538117658	0.9249907690273949	0.6835501468345915	0.6040320959853408	0.48104331874482026	0.6254279787183823	0.17360819939136132	0.5465658690399077	0.3081895392815291	0.6477313200888982	0.17432973845774147	0.5723848995592022	0.39265886403879907	0.3714958731813338	0.84209862905783	0.10295094054688736	0.06655516256705847	0.669420671862358
351	0.281927400936154	0.056104383300762214	0.6223704189530146	0.47808920911872155	0.3686719115450568	0.118271098371662	0.5354205672383212	0.4058666772553442	0.5641564834960991	0.5915555866732646	0.4508209612274546	0.49970461455265275	0.31906546303113675	0.8744785109882064	0.6515583803434801	0.916960262824184	0.22981156680957934	0.6055920847866514	0.20941823250322134	0.6950370657098298	0.29551826976175427	0.4955383389778109	0.6954299413406219	0.8825702842212899	0.4895804290856352	0.19546273857596802	0.4767363335812104	0.4343333423499877	0.6910175126353775	0.34628053546216214	0.5777257552798849	0.4419447985116775	0.15077463251288567	0.9249907806992353	0.6835501812131164	0.604032052924273	0.4810433186507355	0.6254279984827054	0.1736081994380989	0.546565861231098	0.30818958936708074	0.6477313337152372	0.17432977477454029	0.5723848692537737	0.39265886411559886	0.3714958731194888	0.8420986424626016	0.10295091929746039	0.0665551686293348	0.6694206717101391
352	0.28192744033015443	0.05610439472547889	0.62237053494159	0.4780892089613894	0.3686719246883037	0.11827108987778182	0.5354205672407072	0.4058667332790803	0.564156483454459	0.5915556049978752	0.450820952012796	0.4997045660272894	0.31906539748992097	0.8744785330734932	0.6515583564671567	0.9169602739687183	0.2298115491579717	0.6055920969460968	0.20941825110632648	0.6950370785820478	0.295518269710474	0.49553833883678794	0.6954299412967703	0.8825702834142272	0.4895804289810604	0.19546272334760464	0.4767363228805237	0.4343333193843482	0.6910175470013137	0.34628053544600973	0.5777257552334576	0.4419448089919317	0.15077462977082598	0.9249907918574058	0.6835502140795501	0.6040320117582871	0.4810433185630745	0.6254280173772151	0.17360819948164535	0.5465658537659475	0.3081896372497191	0.6477313467418915	0.1743298094931018	0.5723848402820624	0.39265886418715484	0.37149587306186654	0.8420986552774391	0.10295089898320732	0.066555174425168	0.6694206715683131
353	0.2819274779909213	0.056104405647243116	0.622370645822812	0.47808920881479244	0.3686719372553598	0.1182710817586012	0.5354205672429304	0.405866786836465	0.5641564834156599	0.5915556225157746	0.4508209432037973	0.499704519640017	0.31906533483405763	0.8744785541859408	0.6515583336391002	0.9169602846226318	0.22981153228344825	0.6055921085625566	0.20941826889046114	0.6950370908875874	0.2955182696626927	0.49553833870538727	0.6954299412559108	0.8825702826412953	0.48958042888362097	0.19546270878985061	0.47673631265009336	0.4343332974330752	0.6910175798537767	0.3462805354309595	0.5777257551901982	0.4419448190124014	0.15077462714948103	0.9249908025243547	0.6835502454999103	0.6040319724045657	0.48104331848139464	0.625428035439924	0.17360819952222065	0.5465658466294377	0.3081896830256213	0.6477313591950679	0.17432984268326862	0.5723848125857828	0.39265886425382834	0.3714958730081761	0.8420986675281233	0.10295087956325959	0.066555179966177	0.6694206714361641
354	0.28192751399419236	0.05610441608805347	0.6223707518201534	0.47808920867819144	0.3686719492712558	0.11827107399767653	0.5354205672450022	0.4058668380353745	0.5641564833795062	0.5915556392622476	0.4508209347827152	0.49970447529718665	0.3190652749373431	0.8744785743681408	0.6515583118136623	0.916960294807384	0.22981151615201992	0.6055921196603251	0.20941828589144632	0.695037102651235	0.29551826961816924	0.495538338582946	0.6954299412178375	0.8825702819011004	0.4895804287928253	0.19546269487335957	0.4767363028694091	0.4343332764515641	0.691017611259005	0.3462805354169356	0.5777257551498882	0.4419448285930844	0.15077462464357083	0.9249908127215677	0.6835502755373896	0.6040319347838417	0.48104331840528386	0.6254280527072144	0.17360819956002937	0.5465658398071946	0.308189726786848	0.6477313710998501	0.17432987441188907	0.5723847861091488	0.3926588643159556	0.3714958729581465	0.84209867923933	0.10295086099850059	0.06655518526348436	0.6694206713130255
355	0.2819275484124592	0.056104426068964104	0.6223708531474881	0.478089208550898	0.3686719607599603	0.11827106657927403	0.5354205672469329	0.4058668869790538	0.5641564833458158	0.5915556552710647	0.45082092673256824	0.49970443290917915	0.31906521767899154	0.8744785936608538	0.6515582909471394	0.9169603045435127	0.22981150073115658	0.6055921302626143	0.20941830214356547	0.6950371138967124	0.2955182695766795	0.4955383384688473	0.6954299411823583	0.8825702811923015	0.4895804287082163	0.1954626815700458	0.47673629351883695	0.43433325639714265	0.6910176412803906	0.3462805354038674	0.5777257551123247	0.4419448377531282	0.15077462224804208	0.9249908224696081	0.6835503042524713	0.604031898820251	0.48104331833435876	0.6254280692139068	0.17360819959526202	0.5465658332854604	0.3081897686215138	0.6477313824802449	0.17432990474294188	0.5723847607987688	0.39265886437384984	0.3714958729115258	0.8420986904346756	0.10295084325149309	0.06655519032773687	0.6694206711982768
356	0.2819275813151022	0.05610443561012425	0.6223709500094903	0.4780892084322716	0.368671971744423	0.11827105948833978	0.5354205672487322	0.4058669337663099	0.564156483314419	0.591555670574544	0.450820919037105	0.4997043923902365	0.31906516294340925	0.874478612103085	0.6515582709976934	0.9169603138506738	0.22981148598972664	0.6055921403916021	0.20941831767962804	0.6950371246467218	0.29551826953801463	0.4955383383625173	0.6954299411492951	0.8825702805136084	0.4895804286293679	0.19546266885303187	0.47673628457958295	0.4343332372289886	0.6910176699785977	0.346280535391689	0.5777257550773187	0.4419448465108648	0.15077461995805871	0.9249908317881554	0.683550331703043	0.6040318644411907	0.4810433182682626	0.625428084993325	0.17360819962809582	0.5465658270510693	0.30818980861395173	0.6477313933592268	0.17432993373765593	0.5723847366035464	0.392658864427802	0.3714958728680794	0.8420987011367612	0.10295082628640921	0.06655519516912517	0.6694206710913407
357	0.2819276127685198	0.05610444473081573	0.6223710426020196	0.4780892083217163	0.3686719822466165	0.11827105271047153	0.5354205672504091	0.4058669784916967	0.5641564832851583	0.5915556852036129	0.4508209116807733	0.4997043536583003	0.31906511061997855	0.8744786297321586	0.6515582519252741	0.9169603227476765	0.22981147189793852	0.6055921500684774	0.20941833253103134	0.6950371349229885	0.29551826950198024	0.49553833826342153	0.6954299411184814	0.8825702798637804	0.48958042855588413	0.19546265669659835	0.47673627603365853	0.43433321890805154	0.691017697411677	0.34628053538033926	0.5777257550446943	0.4419448548838441	0.15077461776899284	0.9249908406960421	0.6835503579445041	0.6040318315771831	0.4810433182066632	0.6254281000773582	0.1736081996586958	0.5465658210914218	0.30818984684486966	0.6477314037587819	0.17432996145462443	0.5723847134745845	0.39265886447808346	0.37149587282758895	0.8420987113672153	0.10295081006896316	0.06655519979740271	0.6694206709916801
358	0.28192764283625227	0.0561044534494893	0.6223711311124873	0.47808920821867723	0.36867199228757613	0.11827104623189082	0.5354205672519722	0.4058670212456919	0.5641564832578867	0.5915556991878658	0.4508209046486916	0.4997043166348568	0.31906506060284967	0.8744786465837873	0.6515582336915463	0.9169603312525187	0.2298114584272848	0.6055921593134848	0.2094183467278194	0.6950371447463009	0.29551826946839577	0.4955383381710627	0.6954299410897625	0.8825702792416248	0.48958042848739614	0.19546264507613526	0.47673626786384726	0.43433320139697845	0.6910177236351742	0.3462805353697612	0.5777257550142878	0.44194486288886603	0.15077461567641598	0.9249908492112887	0.6835503830298694	0.6040318001617452	0.48104331814925144	0.625428114496521	0.17360819968721544	0.5465658153944618	0.30818988339150183	0.6477314136999479	0.17432998794991508	0.5723846913650943	0.3926588645249465	0.3714958727898513	0.8420987211467336	0.10295079456634731	0.06655520422190386	0.6694206708987946
359	0.28192767157910126	0.056104461783799194	0.6223712157202109	0.478089208122638	0.3686720018874382	0.11827104003941685	0.5354205672534291	0.40586706211486817	0.5641564832324676	0.5915557125556195	0.4508208979266208	0.4997042812447887	0.3190650127907427	0.87447866269214	0.6515582162598189	0.9169603393824227	0.2298114455504888	0.6055921681459652	0.2094183602987389	0.6950371541365502	0.29551826943709264	0.495538338084978	0.6954299410629947	0.8825702786459945	0.4895804284235607	0.1954626339680957	0.4767362600536725	0.43433318466004106	0.6910177487022351	0.34628053535990183	0.5777257549859467	0.44194487054201137	0.1507746136760909	0.9249908573511376	0.6835504070098677	0.604031770131264	0.48104331809573975	0.6254281282800109	0.17360819971379773	0.5465658099486538	0.3081899183277529	0.6477314232028549	0.17433001327717554	0.5723846702303059	0.392658864568626	0.3714958727546772	0.842098730495119	0.1029507797471701	0.06655520845156129	0.669420670812219
360	0.2819276990552431	0.05610446975063646	0.6223712965967517	0.47808920803311783	0.36867201106547737	0.11827103412044154	0.5354205672547871	0.405867101182055	0.5641564832087739	0.5915557253339662	0.450820891500937	0.4997042474162322	0.3190649670867556	0.8744786780899064	0.6515581995949769	0.9169603471538649	0.22981143324145278	0.6055921765843967	0.20941837327129437	0.6950371631127676	0.29551826940791437	0.49553833800473657	0.695429941038044	0.8825702780757876	0.48958042836405835	0.19546262334995143	0.4767362525873673	0.4343331686630676	0.6910177726637061	0.34628053535071185	0.5777257549595294	0.4419448778586713	0.15077461176396353	0.9249908651320863	0.6835504299330384	0.6040317414248766	0.4810433180458602	0.6254281414557631	0.1736081997385757	0.5465658047429602	0.3081899517243368	0.6477314322867626	0.17433003748773418	0.5723846500273857	0.39265886460934046	0.37149587272189083	0.8420987394313179	0.10295076558139704	0.06655521249492273	0.6694206707315199
361	0.2819277253203394	0.056104477366160935	0.6223713739062401	0.4780892079496694	0.3686720198401414	0.11827102846290502	0.5354205672560532	0.4058671385264964	0.5641564831866871	0.591555737548826	0.4508208853586066	0.499704215080441	0.3190649233981818	0.8744786928083593	0.6515581836634156	0.9169603545826092	0.2298114214752091	0.6055921846464322	0.2094183856717992	0.6950371716931609	0.29551826938071507	0.4955383379299375	0.6954299410147856	0.8825702775299448	0.4895804283085918	0.19546261320015032	0.47673624544984433	0.43433315337337647	0.6910177955682305	0.34628053534214515	0.5777257549349036	0.44194488485357597	0.1507746099361553	0.9249908725699174	0.683550451845822	0.604031713984355	0.4810433179993636	0.6254281540505034	0.17360819976167313	0.5465657997668223	0.3081899836489104	0.6477314409700966	0.17433006063069756	0.5723846307153538	0.39265886464729355	0.3714958726913282	0.8420987479734566	0.10295075204029407	0.06655521636016674	0.6694206706562941
362	0.2819277504276412	0.056104484645831856	0.6223714478056871	0.47808920787187636	0.36867202822908596	0.11827102305527258	0.5354205672572335	0.4058671742240007	0.5641564831660971	0.5915557492249943	0.45082087948716065	0.49970418417165463	0.31906488163633384	0.8744787068774137	0.6515581684329793	0.916960361683736	0.22981141022787235	0.6055921923489358	0.20941839752542613	0.6950371798951478	0.2955182693553591	0.49553833786020746	0.6954299409931035	0.8825702770074491	0.4895804282568841	0.1954626034980751	0.47673623862666814	0.4343331387597133	0.691017817462341	0.34628053533415915	0.5777257549119468	0.4419448915408215	0.15077460818895577	0.92499087967973	0.6835504727926475	0.6040316877539952	0.481043317956018	0.625428166089799	0.17360819978320527	0.5465657950101384	0.30819001416620084	0.6477314492704843	0.17433008275304324	0.5723846122550074	0.39265886468267447	0.3714958726628368	0.8420987561388754	0.10295073909637278	0.0665552200551185	0.6694206705861661
363	0.2819277744280907	0.05610449160443727	0.6223715184452836	0.47808920779935093	0.3686720362492068	0.11827101788651259	0.5354205672583339	0.4058672083470849	0.5641564831469013	0.5915557603861911	0.4508208738746718	0.4997041546269729	0.31906484171637484	0.8744787203256847	0.6515581538729004	0.9169603684716707	0.22981139947659435	0.6055921997080181	0.20941840885625498	0.6950371877353899	0.29551826933171993	0.49553833779519907	0.6954299409728896	0.8825702765073232	0.48958042820867775	0.1954625942240042	0.47673623210402755	0.43433312479218994	0.6910178383905482	0.3462805353267139	0.5777257548905443	0.4419448979338969	0.15077460651881566	0.9249908864759674	0.6835504928160181	0.6040316626805123	0.4810433179156074	0.625428177598107	0.17360819980327946	0.5465657904632457	0.30819004333812866	0.6477314572047872	0.17433010389970935	0.5723845946088452	0.39265886471565953	0.3714958726362746	0.8420987639441622	0.1029507267233382	0.06655522358726433	0.6694206705207866
364	0.2819277973704181	0.056104498256122314	0.6223715859686877	0.47808920773173247	0.3686720439166713	0.11827101294607495	0.5354205672593599	0.40586724096511323	0.5641564831290039	0.5915557710551042	0.45082086850973113	0.4997041263862351	0.31906480355715633	0.8744787331805413	0.6515581399537408	0.9169603749602117	0.22981138919952007	0.6055922067390692	0.20941841968731867	0.6950371952298251	0.2955182693096801	0.4955383377345889	0.6954299409540432	0.882570276028629	0.48958042816373276	0.19546258535907404	0.4767362258687096	0.4343331114422263	0.6910178583954263	0.34628053531977243	0.5777257548705897	0.4419449040457084	0.1507746049223399	0.9249908929724445	0.6835505119565907	0.6040316387129379	0.48104331787793064	0.625428188598821	0.17360819982199555	0.5465657861169013	0.3081900712239252	0.6477314647891339	0.1743301241136803	0.5723845777409968	0.39265886474641304	0.3714958726115096	0.8420987714051833	0.10295071489603858	0.06655522696376585	0.6694206704598303
365	0.2819278193012345	0.056104504614416295	0.6223716505133005	0.47808920766868496	0.3686720512469491	0.11827100822387084	0.5354205672603166	0.40586727214443014	0.5641564831123164	0.591555781253434	0.45082086338142646	0.4997040993919043	0.31906476708106263	0.8744787454681595	0.6515581266473377	0.9169603811625565	0.22981137937574617	0.60559221345679	0.20941843004064736	0.6950372023936966	0.2955182692891302	0.4955383376780758	0.695429940936471	0.8825702755704655	0.4895804281218261	0.19546257688524288	0.47673621990807474	0.4343330986824949	0.6910178775176944	0.3462805353133003	0.5777257548519842	0.4419449098886047	0.15077460339628135	0.9249908991823751	0.6835505302532544	0.6040316158025218	0.48104331784280074	0.6254281991143165	0.17360819983944645	0.5465657819622649	0.30819009788024637	0.647731472038951	0.17433014343606926	0.5723845616171535	0.3926588647750876	0.3714958725884187	0.842098778537114	0.10295070359041734	0.06655523019147373	0.6694206704029946
366	0.2819278402651211	0.056104510692258774	0.6223717122105308	0.4780892076098957	0.36867205825484073	0.11827100371025284	0.5354205672612087	0.40586730194848775	0.564156483096756	0.5915557910019349	0.45082085847932135	0.4997040735889557	0.31906473221386183	0.8744787572135735	0.6515581139267496	0.9169603870913274	0.22981136998528037	0.605592219875224	0.2094184399373108	0.6950372092415836	0.29551826926996816	0.49553833762537963	0.6954299409200857	0.8825702751319682	0.48958042808274976	0.19546256878525584	0.4767362142100325	0.43433308648686686	0.6910178957962955	0.34628053530726527	0.577725754834635	0.44194491547439924	0.15077460193753434	0.9249909051183974	0.6835505477432047	0.6040315939026403	0.48104331781004345	0.6254282091659933	0.17360819985571876	0.5465657779908816	0.30819012336128077	0.6477314789689924	0.17433016190619718	0.5723845462045019	0.39265886480182544	0.3714958725668874	0.8420987853544688	0.10295069278346644	0.06655523327694077	0.6694206703499974
367	0.2819278603047156	0.05610451650202446	0.6223717711860492	0.47808920755507367	0.3686720649545058	0.11827099939599633	0.5354205672620406	0.4058673304379689	0.5641564830822454	0.5915558003204555	0.45082085379343495	0.49970404892477027	0.31906469888456207	0.8744787684407233	0.6515581017662045	0.916960392758596	0.22981136100900318	0.6055922260077852	0.20941844939745918	0.6950372157874286	0.29551826925209923	0.49553833757623933	0.6954299409048059	0.8825702747123073	0.4895804280463103	0.19546256104261162	0.4767362087630183	0.4343330748303608	0.6910179132684713	0.3462805353016375	0.5777257548184567	0.44194492081439357	0.15077460054312875	0.9249909107925972	0.6835505644620152	0.6040315729687035	0.4810433177794965	0.6254282187743172	0.173608199870893	0.5465657741946652	0.30819014771885445	0.647731485593368	0.17433017956166885	0.5723845314716607	0.39265886482675894	0.371495872546809	0.842098791871128	0.10295068245318215	0.06655523622643437	0.6694206703005765
368	0.28192787946079434	0.0561045220555473	0.6223718275600318	0.47808920750394773	0.36867207135948976	0.11827099527228134	0.5354205672628166	0.40586735767090415	0.5641564830687131	0.5915558092279769	0.4508208493142223	0.4997040253490321	0.3190646670252739	0.8744787791725013	0.6515580901410519	0.9169603981759059	0.22981135242863054	0.6055922318672866	0.20941845844036205	0.695037222044565	0.29551826923543495	0.4955383375304121	0.6954299408905564	0.8825702743106861	0.4895804280123277	0.19546255364153056	0.4767362035559717	0.43433306368909375	0.691017929969835	0.3462805352963892	0.577725754803369	0.44194492591939816	0.1507745992102243	0.9249909162165323	0.6835505804437069	0.6040315529580709	0.481043317751009	0.6254282279588598	0.17360819988504422	0.5465657705658833	0.30819017100253077	0.6477314919255713	0.17433019643844563	0.5723845173886207	0.39265886485001145	0.37149587252808425	0.8420987981003656	0.10295067257852247	0.06655523904594869	0.6694206702544873
369	0.28192789777235117	0.056104527364143474	0.6223718814473947	0.4780892074562657	0.3686720774827497	0.11827099133067508	0.5354205672635401	0.40586738370278513	0.5641564830560925	0.5915558177426496	0.4508208450325563	0.49970400281362987	0.3190646365710785	0.8744787894307976	0.6515580790277145	0.9169604033542958	0.2298113442266786	0.6055922374659669	0.20941846708444567	0.6950372280257427	0.2955182692198932	0.49553833748767173	0.6954299408772668	0.882570273926341	0.48958042798063406	0.1954625465669236	0.47673619857831434	0.4343330530402333	0.6910179459344407	0.3462805352914945	0.5777257547892974	0.4419449307997535	0.15077459793610493	0.9249909214012553	0.6835505957208129	0.6040315338299674	0.48104331772444037	0.625428236738336	0.17360819989824228	0.5465657670971416	0.30819019325970687	0.6477314979785052	0.17433021257091555	0.5723845039266853	0.39265886487169765	0.3714958725106209	0.8420988040548747	0.10295066313936592	0.06655524174121626	0.6694206702115028
370	0.2819279152766738	0.056104532438633496	0.6223719329580184	0.4780892074117926	0.36867208333667945	0.11827098756311556	0.5354205672642152	0.40586740858667286	0.564156483044321	0.5915558258818292	0.4508208409397098	0.49970398127256305	0.31906460745990034	0.8744787992365425	0.6515580684036424	0.916960408304321	0.22981133638642903	0.6055922428155158	0.2094184753473295	0.6950372337431535	0.29551826920539737	0.4955383374478077	0.6954299408648716	0.8825702735585392	0.4895804279510733	0.1954625398043631	0.47673619381993004	0.43433304286195307	0.6910179611948495	0.34628053528692926	0.577725754776173	0.44194493546534963	0.15077459671817367	0.9249909263573342	0.6835506103244434	0.6040315155454042	0.4810433176996597	0.6254282451306412	0.17360819991055207	0.5465657637813698	0.3081902145357056	0.6477315037645074	0.1743302279919604	0.5723844910584148	0.39265886489192436	0.37149587249433286	0.8420988097467926	0.10295065411647251	0.06655524431771896	0.6694206701714108
371	0.2819279320094165	0.05610453728936341	0.6223719821969637	0.47808920737030974	0.3686720889331328	0.11827098396189531	0.5354205672648448	0.40586743237330164	0.5641564830333409	0.5915558336621102	0.4508208370273379	0.4997039606818507	0.3190645796323862	0.8744788086097472	0.6515580582472709	0.9169604130360738	0.22981132889189684	0.6055922479270989	0.2094184832458602	0.6950372392084541	0.2955182691918761	0.495538337410624	0.6954299408533099	0.8825702732065777	0.4895804279235002	0.1954625333400544	0.4767361892711449	0.4343330331333887	0.6910179757821945	0.34628053528267094	0.577725754763931	0.4419449399256456	0.15077459555394732	0.9249909310948735	0.6835506242843454	0.6040314980671019	0.48104331767654507	0.6254282531528861	0.1736081999220343	0.5465657606118074	0.30819023487386454	0.6477315092953746	0.17433024273302025	0.5723844787575729	0.3926588649107911	0.3714958724791398	0.8420988151877241	0.10295064549144581	0.06655524678069893	0.6694206701340144
372	0.2819279480046701	0.056104541926225146	0.622372029264678	0.4780892073316134	0.36867209428344677	0.11827098051964642	0.5354205672654322	0.40586745511117905	0.5641564830230983	0.5915558410993588	0.4508208332874623	0.4997039409994451	0.3190645530317877	0.8744788175695447	0.6515580485379773	0.9169604175592035	0.22981132172779856	0.60559225281138	0.20941849079614502	0.6950372444327898	0.29551826917926316	0.4955383373759379	0.6954299408425247	0.8825702728697824	0.48958042789777917	0.1954625271608085	0.4767361849227084	0.43433302383459665	0.6910179897262411	0.3462805352786987	0.5777257547525112	0.4419449441896872	0.15077459444105162	0.9249909356235345	0.6835506376289615	0.6040314813594171	0.4810433176549831	0.6254282608214303	0.17360819993274523	0.546565757581991	0.3081902543156209	0.647731514582386	0.17433025682415518	0.5723844669990746	0.3926588649283905	0.3714958724649674	0.842098820388765	0.10295063724669692	0.06655524913516855	0.6694206700991301
373	0.28192796329502884	0.05610454635867605	0.6223720742571948	0.478089207295514	0.3686720993984639	0.11827097722932563	0.5354205672659801	0.40586747684668145	0.5641564830135433	0.5915558482087442	0.4508208297124551	0.49970392218514825	0.31906452760384973	0.8744788261342256	0.651558039256041	0.9169604218829358	0.2298113148795221	0.6055922574785446	0.20941849801358367	0.6950372494268161	0.2955182691674967	0.49553833734357966	0.6954299408324635	0.882570272547507	0.4895804278737843	0.1954625212540162	0.4767361807657754	0.43433301494651366	0.691018003055446	0.3462805352749931	0.5777257547418577	0.4419449482661255	0.15077459337721685	0.9249909399525542	0.6835506503854858	0.6040314653882729	0.48104331763486813	0.6254282681519147	0.17360819994273738	0.5465657546857408	0.3081902729005928	0.6477315196363251	0.17433027029410472	0.5723844557589374	0.39265886494480884	0.37149587245174615	0.8420988253605236	0.10295062936540968	0.06655525138592056	0.6694206700665867
374	0.28192797791165525	0.05610455059575763	0.6223721172663227	0.47808920726183496	0.36867210428855235	0.11827097408420034	0.5354205672664913	0.40586749762414603	0.5641564830046286	0.5915558550047681	0.4508208262950238	0.49970390420053207	0.319064503296703	0.8744788343212762	0.6515580303826057	0.9169604260160903	0.22981130833309807	0.6055922619383209	0.2094185049128986	0.6950372542007202	0.295518269156519	0.49553833731339075	0.6954299408230767	0.8825702722391323	0.48958042785139816	0.19546251560762287	0.4767361767918887	0.4343330064509192	0.6910180157970144	0.3462805352715359	0.5777257547319186	0.4419449521632326	0.1507745923602728	0.9249909440907631	0.6835506625799174	0.6040314501210904	0.4810433176161017	0.6254282751592921	0.1736081999520596	0.5465657519171488	0.30819029066665793	0.6477315244675009	0.1743302831703447	0.5723844450142327	0.39265886496012636	0.37149587243941135	0.842098830113141	0.10295062183150729	0.06655525353753727	0.6694206700362252
375	0.2819279918843414	0.05610455464611347	0.6223721583798292	0.47808920723041176	0.3686721089636273	0.11827097107783516	0.5354205672669684	0.4058675174859587	0.564156482996311	0.5915558615012949	0.45082082302819687	0.4997038870088617	0.3190644800607608	0.8744788421474123	0.6515580218996408	0.9169604299670987	0.22981130207517175	0.6055922662000002	0.20941851150816435	0.6950372587642408	0.29551826914627666	0.495538337285224	0.6954299408143187	0.8825702719440639	0.4895804278305114	0.19546251021010483	0.4767361729929621	0.4343329983303981	0.6910180279769532	0.3462805352683104	0.577725754722645	0.44194495588891863	0.15077459138814495	0.9249909480466029	0.6835506742371125	0.6040314355267249	0.4810433175985922	0.625428281857858	0.1736081999607574	0.5465657492705673	0.3081903076500283	0.6477315290857694	0.17433029547914178	0.5723844347430416	0.3926588649744178	0.37149587242790266	0.842098834656313	0.10295061462962066	0.06655525559439975	0.6694206700078972
376	0.2819280052415686	0.05610455851800648	0.6223721976816146	0.4780892072010913	0.3686721134331694	0.11827096820407898	0.5354205672674135	0.4058675364726385	0.5641564829885501	0.5915558677115776	0.45082081990530987	0.49970387057502225	0.3190644578486205	0.8744788496286129	0.6515580137899075	0.9169604337440211	0.2298112960929766	0.6055922702724559	0.20941851781283566	0.6950372631266877	0.2955182691367197	0.495538337258942	0.695429940806147	0.882570271661733	0.4895804278110224	0.19546250505044602	0.4767361693612651	0.43433299056830615	0.6910180396201235	0.34628053526530067	0.5777257547139921	0.44194495945074697	0.15077459045885014	0.9249909518281437	0.6835506853808331	0.6040314215754027	0.4810433175822543	0.6254282882612777	0.1736081999688732	0.5465657467405971	0.30819032388532247	0.6477315335005517	0.17433030724560583	0.5723844249244104	0.3926588649877531	0.37149587241716414	0.8420988389993077	0.1029506077450574	0.0665552575606964	0.6694206699814648
377	0.2819280180105634	0.05610456221933535	0.62237223525188	0.47808920717373093	0.3686721177062442	0.11827096545705242	0.5354205672678288	0.4058675546229186	0.5641564829813079	0.5915558736482853	0.45082081691999204	0.4997038548654482	0.31906443661496875	0.8744788567801524	0.6515580060369236	0.9169604373545628	0.22981129037430878	0.6055922741641632	0.20941852383977405	0.6950372672969605	0.29551826912780155	0.495538337234417	0.6954299407985213	0.8825702713915936	0.4895804277928361	0.19546250011811617	0.4767361658894067	0.4343329831487358	0.69101805075029	0.3462805352624921	0.5777257547059176	0.44194496285594925	0.15077458957049253	0.9249909554431004	0.6835506960337949	0.6040314082386632	0.48104331756700863	0.6254282943826143	0.17360819997644647	0.5465657443220769	0.30819033940563423	0.6477315377208543	0.1743303184937399	0.5723844155383088	0.3926588650001968	0.37149587240714343	0.842098843150985	0.10295060116377285	0.0665552594404314	0.6694206699567994
378	0.2819280302173528	0.0561045657576504	0.6223722711672885	0.4780892071481978	0.3686721217915193	0.1182709628311363	0.5354205672682164	0.4058675719738239	0.5641564829745493	0.5915558793235284	0.4508208140661536	0.49970383984805644	0.31906441631649085	0.8744788636166303	0.6515579986249314	0.9169604408060889	0.22981128490750283	0.6055922778832162	0.20941852960127394	0.695037271283566	0.295518269119479	0.49553833721152973	0.6954299407914049	0.8825702711331231	0.4895804277758645	0.19546249540304964	0.4767361625703214	0.4343329760564842	0.6910180613901686	0.3462805352598712	0.5777257546983822	0.44194496611143946	0.15077458872126004	0.9249909588988469	0.6835507062177125	0.6040313954893006	0.48104331755278107	0.6254283002343546	0.173608199983514	0.5465657420100731	0.308190354242599	0.6477315417552861	0.17433032924648853	0.5723844065655901	0.3926588650118095	0.3714958723977921	0.8420988471198139	0.10295059487234177	0.06655526123743263	0.6694206699337811
379	0.2819280418868157	0.05610456914016877	0.6223723055011184	0.47808920712436814	0.36867212569728197	0.11827096032096009	0.5354205672685782	0.405867588560745	0.5641564829682417	0.5915558847488825	0.4508208113379735	0.499703825492181	0.3190643969117837	0.8744788701520021	0.6515579915388662	0.9169604441056393	0.22981127968140802	0.6055922814373452	0.20941853510908714	0.6950372750946358	0.2955182691117117	0.4955383371901695	0.6954299407847634	0.882570270885821	0.4895804277600251	0.19546249089562523	0.4767361593972548	0.4343329692770225	0.6910180715614722	0.34628053525742514	0.5777257546913497	0.441944969223828	0.15077458790942044	0.9249909622024319	0.6835507159533425	0.60403138330131	0.4810433175395027	0.6254283058284346	0.17360819999011004	0.5465657397998702	0.30819036842645686	0.6477315456120765	0.17433033952578356	0.5723843979879526	0.3926588650226474	0.3714958723890645	0.8420988509138898	0.10295058885793144	0.06655526295535923	0.6694206699122984
380	0.2819280530427335	0.0561045723737888	0.6223723383234113	0.47808920710212677	0.36867212943145544	0.11827095792139089	0.535420567268916	0.4058676044175098	0.5641564829623545	0.5915558899354126	0.450820808729888	0.49970381176851214	0.3190643783612726	0.8744788763996063	0.6515579847643262	0.9169604472599434	0.22981127468536602	0.6055922848339333	0.20941854037444646	0.6950372787379423	0.2955182691044621	0.4955383371702329	0.6954299407785645	0.8825702706492068	0.48958042774524146	0.19546248658664678	0.47673615636374983	0.43433296279646577	0.6910180812849543	0.3462805352551422	0.5777257546847857	0.4419449721994345	0.15077458713331796	0.924990965360593	0.683550725260526	0.6040313716498348	0.4810433175271092	0.6254283111762631	0.17360819999626642	0.5465657376869604	0.3081903819861135	0.6477315492990906	0.17433034935258834	0.5723843897879026	0.39265886503276304	0.3714958723809187	0.8420988545409501	0.10295058310827583	0.0665552645977091	0.6694206698922477
381	0.2819280637078371	0.05610457546510408	0.6223723697011126	0.47808920708136626	0.36867213300161455	0.11827095562752328	0.5354205672692312	0.40586761957645157	0.5641564829568593	0.5915558948936942	0.4508208062365788	0.49970379864903625	0.31906436062713167	0.8744788823721914	0.6515579782875441	0.916960450275433	0.22981126990918951	0.6055922880800314	0.20941854540808824	0.6950372822209144	0.2955182690976952	0.4955383371516237	0.6954299407727784	0.8825702704228211	0.48958042773144206	0.19546248246732453	0.47673615346363457	0.4343329566015454	0.6910180905804514	0.34628053525301117	0.5777257546786588	0.4419449750443006	0.1507745863913702	0.92499096837977	0.6835507341582274	0.6040313605111168	0.48104331751554097	0.6254283162887446	0.17360820000201294	0.5465657356670353	0.3081903949491982	0.6477315528238469	0.17433035874693995	0.5723843819487199	0.39265886504220504	0.3714958723733152	0.8420988580083911	0.10295057761165091	0.06655526616782574	0.6694206698735319
382	0.2819280739038535	0.056104578420416704	0.6223723996982079	0.47808920706198665	0.368672136415001	0.11827095343466923	0.5354205672695254	0.4058676340684737	0.5641564829517294	0.5915558996338356	0.450820803852963	0.49970378610697935	0.31906434367320724	0.8744788880819417	0.6515579720953594	0.9169604531582559	0.22981126534314167	0.6055922911823737	0.2094185502202743	0.6950372855506527	0.2955182690913783	0.4955383371342522	0.6954299407673771	0.8825702702062236	0.48958042771856053	0.19546247852925766	0.4767361506910091	0.43433295067958155	0.691018099466922	0.3462805352510219	0.5777257546729395	0.44194497776420166	0.15077458568206453	0.9249909712661176	0.6835507426645738	0.6040313498624481	0.48104331750474216	0.6254283211763018	0.17360820000737723	0.546565733735977	0.3081904073421197	0.6477315561935311	0.1743303677279896	0.572384374454423	0.39265886505101905	0.3714958723662175	0.8420988613232815	0.10295057235685096	0.06655526766890513	0.669420669856061
383	0.2819280836515491	0.05610458124574991	0.6223724283758512	0.47808920704389474	0.36867213967853774	0.11827095133834854	0.5354205672698001	0.405867647923113	0.5641564829469404	0.5915559041654976	0.4508208015741827	0.49970377411675315	0.3190643274649448	0.874478893540503	0.6515579661751915	0.9169604559142871	0.22981126097791613	0.6055922941473912	0.20941855482081262	0.6950372887339435	0.29551826908548123	0.495538337118035	0.6954299407623348	0.8825702699989926	0.48958042770653487	0.19546247476441692	0.4767361480402342	0.4343329450184574	0.6910181079624862	0.3462805352491649	0.5777257546676001	0.4419449803646589	0.1507745850039553	0.9249909740255188	0.6835507507968906	0.6040313396821254	0.4810433174946608	0.6254283258488961	0.17360820001238506	0.5465657318898499	0.3081904191901193	0.6477315594150109	0.17433037631404152	0.5723843672897376	0.3926588650592474	0.3714958723595913	0.8420988644923775	0.10295056733316606	0.06655526910400204	0.6694206698397509
384	0.281928092970772	0.05610458394686053	0.6223724557924898	0.47808920702700364	0.3686721427988423	0.11827094933427967	0.5354205672700566	0.4058676611685991	0.5641564829424692	0.5915559084979141	0.45082079939559444	0.49970376265390276	0.31906431196931906	0.8744788987590045	0.6515579605150151	0.9169604585491429	0.22981125680461859	0.6055922969812264	0.20941855921907698	0.6950372917772732	0.2955182690799755	0.49553833710289424	0.6954299407576271	0.8825702698007241	0.48958042769530746	0.1954624711651285	0.47673614550591936	0.43433293960659414	0.6910181160844615	0.3462805352474311	0.5777257546626151	0.44194498285095013	0.1507745843556608	0.924990976663596	0.6835507585717372	0.6040313299494057	0.4810433174852486	0.6254283303160482	0.1736082000170605	0.5465657301248923	0.308190430517322	0.6477315624948504	0.17433038452258978	0.5723843604400652	0.39265886506692965	0.37149587235340503	0.8420988675221363	0.10295056253035999	0.06655527047603622	0.6694206698245232
385	0.281928101880492	0.05610458652925042	0.6223724820039828	0.47808920701123253	0.3686721457822413	0.11827094741837126	0.5354205672702961	0.40586767383191164	0.5641564829382946	0.5915559126399095	0.45082079731276076	0.49970375169505704	0.3190642971547668	0.8744789037480829	0.6515579551033357	0.9169604610681896	0.2298112528147484	0.6055922996897452	0.20941856342402618	0.6950372946868407	0.2955182690748349	0.49553833708875733	0.6954299407532316	0.8825702696110312	0.48958042768482457	0.19546246772405854	0.47673614308291257	0.43433293443292764	0.6910181238493983	0.34628053524581226	0.5777257546579607	0.44194498522812015	0.15077458373586053	0.9249909791857228	0.6835507660049402	0.6040313206444642	0.4810433174764605	0.6254283345868572	0.173608200021426	0.5465657284375093	0.3081904413467852	0.647731565439323	0.17433039237035403	0.5723843538914538	0.3926588650741024	0.37149587234762893	0.8420988704187293	0.10295055793865	0.06655527178779845	0.6694206698103053
386	0.28192811039883936	0.056104588998177746	0.6223725070637142	0.47808920699650614	0.3686721486347818	0.11827094558671337	0.5354205672705198	0.40586768593883543	0.5641564829343965	0.5915559165999176	0.4508207953214407	0.4997037412178809	0.319064282991123	0.8744789085179032	0.6515579499291667	0.9169604634765568	0.2298112490001815	0.6055923022785499	0.2094185674442223	0.6950372974685702	0.2955182690700347	0.4955383370755569	0.6954299407491272	0.8825702694295439	0.4895804276750359	0.195462464434198	0.47673614076628956	0.43433292948688546	0.6910181312731143	0.34628053524430064	0.5777257546536145	0.4419449875009912	0.15077458314329248	0.9249909815970347	0.6835507731116257	0.6040313117483546	0.48104331746825446	0.6254283386700193	0.1736082000255023	0.5465657268242647	0.308190451700546	0.6477315682544239	0.17433039987331342	0.5723843476305692	0.3926588650808001	0.3714958723422354	0.8420988731880543	0.10295055354868649	0.06655527304195592	0.6694206697970292
387	0.2819281185431413	0.056104591358667716	0.6223725310227023	0.4780892069827541	0.3686721513622444	0.11827094383556974	0.5354205672707286	0.4058676975140127	0.5641564829307563	0.5915559203859989	0.45082079341758113	0.49970373120102984	0.3190642694495591	0.8744789130781799	0.6515579449820067	0.9169604657791465	0.22981124535315373	0.6055923047529909	0.2094185712878479	0.6950373001281239	0.29551826906555223	0.49553833706322975	0.6954299407452944	0.8825702692559073	0.48958042766589493	0.1954624612888487	0.4767361385513437	0.4343329247583652	0.6910181383707253	0.34628053524288915	0.577725754649556	0.4419449896741727	0.1507745825767505	0.9249909839024396	0.6835507799062496	0.6040313032429696	0.4810433174605913	0.6254283425738454	0.1736082000293089	0.5465657252818755	0.3081904615996652	0.6477315709458832	0.17433040704673888	0.572384341644668	0.39265886508705466	0.3714958723371988	0.8420988758357482	0.10295054935153415	0.06655527424105792	0.6694206697846314
388	0.2819281263299576	0.05610459361552281	0.6223725539297033	0.478089206969911	0.36867215397015424	0.11827094216137009	0.5354205672709236	0.4058677085809933	0.5641564829273567	0.5915559240058558	0.4508207915973087	0.49970372162410637	0.31906425650252473	0.8744789174381966	0.6515579402518185	0.9169604679806431	0.2298112418662452	0.6055923071181781	0.20941857496272295	0.6950373026709125	0.2955182690613659	0.49553833705171746	0.695429940741715	0.882570269089782	0.4895804276573582	0.1954624582816093	0.47673613643357693	0.43433292023771364	0.6910181451566771	0.3462805352415708	0.5777257546457657	0.44194499175207025	0.15077458203508204	0.9249909861066279	0.6835507864026279	0.6040312951110055	0.48104331745343476	0.6254283463062777	0.1736082000328639	0.5465657238072031	0.3081904710642708	0.6477315735191767	0.17433041390522463	0.572384335921572	0.3926588650928959	0.37149587233249504	0.8420988783671977	0.10295054533865379	0.06655527538754076	0.669420669773053
389	0.28192813377511383	0.056104595773332426	0.6223725758313106	0.4780892069579159	0.36867215646379253	0.11827094056070267	0.5354205672711058	0.4058677191622826	0.5641564829241814	0.5915559274668499	0.45082078985692153	0.4997037124676181	0.31906424412369083	0.8744789216068248	0.6515579357290092	0.9169604700855236	0.229811238532365	0.6055923093789919	0.20941857847632053	0.6950373051021067	0.2955182690574561	0.4955383370409652	0.6954299407383718	0.8825702689308428	0.4895804276493851	0.1954624554063625	0.4767361344086901	0.4343329159157072	0.6910181516447748	0.3462805352403397	0.5777257546422255	0.44194499373889495	0.1507745815171855	0.924990988214082	0.6835507926139639	0.6040312873359248	0.4810433174467506	0.6254283498749067	0.1736082000361842	0.5465657223972492	0.3081904801135987	0.647731575979537	0.17433042046271766	0.5723843304496427	0.39265886509835135	0.37149587232810183	0.8420988807875506	0.10295054150188497	0.0665552764837329	0.6694206697622392
390	0.2819281408937342	0.056104597836482535	0.6223725967720507	0.4780892069467119	0.36867215884820725	0.11827093903030753	0.5354205672712761	0.405867729279388	0.5641564829212157	0.5915559307760158	0.4508207881928824	0.4997037037129381	0.31906423228789665	0.8744789255925426	0.6515579314044101	0.9169604720980663	0.2298112353447367	0.6055923115400929	0.20941858183578232	0.6950373074266486	0.2955182690538041	0.49553833703092215	0.6954299407352493	0.8825702687787788	0.48958042764193777	0.19546245265726242	0.4767361324725744	0.4343329117835326	0.6910181578482105	0.34628053523918967	0.5777257546389188	0.44194499563867157	0.15077458102200825	0.9249909902290854	0.6835507985528756	0.6040312799019243	0.4810433174405073	0.6254283532869854	0.1736082000392855	0.5465657210491476	0.3081904887660319	0.6477315783319654	0.17433042673254623	0.5723843252177581	0.392658865103447	0.3714958723239984	0.8420988831017264	0.10295053783342906	0.0665552775318597	0.6694206697521384
391	0.281928147700272	0.05610459980916437	0.6223726167944738	0.478089206936246	0.36867216112822304	0.11827093756706951	0.5354205672714349	0.40586773895286243	0.5641564829184452	0.591555933940076	0.45082078660181074	0.4997036953422668	0.3190642209710976	0.8744789294034513	0.6515579272692583	0.9169604740223601	0.22981123229688466	0.6055923136059322	0.20941858504793304	0.6950373096492602	0.2955182690503927	0.49553833702154065	0.6954299407323323	0.882570268633292	0.48958042763498116	0.1954624500287225	0.4767361306213032	0.4343329078327688	0.6910181637795912	0.34628053523811547	0.5777257546358301	0.4419449974552469	0.15077458054854434	0.9249909921557318	0.6835508042314213	0.6040312727939018	0.4810433174346753	0.6254283565494461	0.17360820004218255	0.5465657197601596	0.30819049703913814	0.6477315805812408	0.17433043272744725	0.5723843202152895	0.39265886510820697	0.37149587232016534	0.8420988853144267	0.10295053432583362	0.06655527853404776	0.6694206697427032
392	0.28192815420853956	0.05610460169538321	0.6223726359392409	0.4780892069264689	0.36867216330845143	0.11827093616801207	0.5354205672715835	0.40586774820234645	0.5641564829158571	0.5915559369654547	0.450820785080476	0.499703687338595	0.31906421015031655	0.8744789330472925	0.651557923315179	0.9169604758623114	0.2298112293826207	0.6055923155807611	0.2094185881192946	0.6950373117744543	0.29551826904720574	0.49553833701277655	0.6954299407296075	0.8825702684940975	0.4895804276284823	0.19546244751540454	0.4767361288511239	0.4343329040553697	0.6910181694509641	0.3462805352371119	0.5777257546329445	0.44194499919229746	0.15077458009583244	0.9249909939979327	0.6835508096611247	0.6040312659974253	0.4810433174292271	0.6254283596689121	0.1736082000448889	0.5465657185276682	0.3081905049497059	0.6477315827319299	0.1743304384595923	0.5723843154320802	0.3926588651126537	0.3714958723165845	0.8420988874301436	0.10295053097197698	0.06655527949232949	0.6694206697338888
393	0.2819281604317359	0.05610460349896644	0.6223726542452074	0.4780892069173345	0.36867216539329967	0.11827093483029097	0.5354205672717223	0.4058677570466086	0.564156482913439	0.591555939858291	0.45082078362579137	0.49970367968566937	0.31906419980359646	0.8744789365314644	0.6515579195341684	0.916960477621654	0.22981122659603134	0.6055923174686398	0.20941859105609906	0.6950373138065431	0.29551826904422834	0.49553833700458866	0.6954299407270617	0.8825702683609224	0.4895804276224106	0.19546244511220706	0.47673612715845015	0.43433290044364725	0.6910181748738409	0.34628053523617436	0.5777257546302487	0.441945000853337	0.15077457966295396	0.9249909957594263	0.6835508148529976	0.6040312594987041	0.48104331742413703	0.6254283626517136	0.17360820004741734	0.5465657173491726	0.3081905125137785	0.6477315847883968	0.1743304439406126	0.5723843108584243	0.3926588651168081	0.37149587231323905	0.8420988894531706	0.1029505277650536	0.06655528040864717	0.6694206697256538
394	0.2819281663824746	0.0561046052235715	0.6223726717495031	0.47808920690879986	0.36867216738698017	0.11827093355118858	0.5354205672718518	0.405867765503584	0.5641564829111798	0.5915559426244511	0.45082078223480665	0.499703672367959	0.31906418990995544	0.8744789398630359	0.6515579159185775	0.9169604793039557	0.2298112239314657	0.6055923192734459	0.20941859386430206	0.6950373157496476	0.2955182690414464	0.4955383369969383	0.695429940724683	0.8825702682335055	0.4895804276167377	0.19546244281425545	0.4767361255398547	0.434332896990256	0.6910181800592221	0.34628053523529834	0.5777257546277298	0.4419450024417238	0.15077457924903107	0.9249909974437848	0.6835508198175634	0.6040312532845593	0.48104331741938117	0.6254283655038996	0.17360820004977975	0.5465657162222829	0.308190519746687	0.6477315867548118	0.17433044918162274	0.572384306485047	0.3926588651206897	0.3714958723101133	0.84209889138761	0.10295052469856025	0.0665552812848568	0.6694206697179595
395	0.2819281720728087	0.05610460687269338	0.6223726884876076	0.478089206900825	0.3686721692935186	0.11827093232810812	0.5354205672719731	0.40586777359041093	0.5641564829090688	0.5915559452695407	0.4508207809047033	0.4997036653706233	0.31906418044934365	0.8744789430487618	0.651557912461096	0.9169604809126257	0.22981122138352383	0.6055923209988826	0.20941859654959447	0.6950373176077055	0.2955182690388469	0.4955383369897898	0.6954299407224603	0.8825702681115972	0.4895804276114368	0.19546244061689158	0.4767361239920624	0.43433289368817773	0.6910181850176196	0.3462805352344798	0.5777257546253762	0.44194500396066716	0.1507745788532249	0.9249909990544215	0.683550824564878	0.6040312473423977	0.4810433174149372	0.6254283682312497	0.17360820005198727	0.5465657151447154	0.3081905266630821	0.6477315886351599	0.1743304541932436	0.5723843023030856	0.39265886512431675	0.3714958723071925	0.842098893237382	0.10295052176628253	0.06655528212273215	0.66942066971077
396	0.2819281775142563	0.05610460844967174	0.6223727044934244	0.47808920689337275	0.36867217111676276	0.11827093115856842	0.5354205672720862	0.40586778132346635	0.5641564829070961	0.5915559477989165	0.4508207796327873	0.4997036586794815	0.31906417140260207	0.8744789460950971	0.6515579091547378	0.9169604824509218	0.22981121894704595	0.6055923226484868	0.20941859911741437	0.6950373193844794	0.2955182690364178	0.49553833698310956	0.6954299407203834	0.8825702679949582	0.4895804276064832	0.19546243851566442	0.4767361225119432	0.4343328905307066	0.6910181897590779	0.34628053523371494	0.5777257546231767	0.44194500541323445	0.15077457847473397	0.9249910005945984	0.6835508291045509	0.6040312416601857	0.4810433174107845	0.6254283708392874	0.17360820005405014	0.5465657141142878	0.30819053327696355	0.647731590433249	0.17433045898562427	0.572384298304071	0.3926588651277061	0.37149587230446307	0.8420988950062326	0.10295051896228223	0.0665552829239682	0.6694206697040515
397	0.2819281827178238	0.056104609957697865	0.6223727197993496	0.47808920688640805	0.36867217286038956	0.11827093004019877	0.535420567272192	0.40586778871839935	0.5641564829052523	0.591555950217697	0.45082077841648505	0.49970365228098335	0.319064162751423	0.8744789490082094	0.6515579059928267	0.9169604839219568	0.22981121661710135	0.6055923242256367	0.2094186015729581	0.6950373210835653	0.2955182690341476	0.4955383369768665	0.6954299407184423	0.8825702678833596	0.48958042760185383	0.19546243650632059	0.4767361210965061	0.4343328875114356	0.6910181942931953	0.3462805352330001	0.5777257546211213	0.4419450068023569	0.15077457811279224	0.9249910020674318	0.6835508334457645	0.6040312362264246	0.4810433174069034	0.6254283733332905	0.17360820005597796	0.5465657131289149	0.3081905396017094	0.647731592152718	0.1743304635684627	0.5723842944799103	0.39265886513087367	0.3714958723019123	0.8420988966977415	0.10295051628088496	0.06655528369018471	0.6694206696977726
398	0.28192818769402866	0.05610461139982116	0.6223727344363393	0.4780892068798987	0.3686721745279133	0.11827092897073394	0.5354205672722909	0.4058677957901635	0.5641564829035293	0.5915559525307736	0.4508207772533369	0.4997036461621815	0.31906415447831277	0.8744789517939919	0.6515579029689826	0.9169604853287058	0.2298112143889786	0.6055923257335584	0.20941860392119124	0.6950373227083988	0.2955182690320258	0.4955383369710316	0.6954299407166281	0.8825702677765827	0.489580427597527	0.19546243458479604	0.47673611974289304	0.43433288462424346	0.6910181986291428	0.346280535232332	0.5777257546192002	0.4419450081308358	0.1507745777666679	0.9249910034759006	0.6835508375972935	0.6040312310301263	0.48104331740327616	0.6254283757183021	0.17360820005777983	0.5465657121866042	0.3081905456501032	0.6477315937970438	0.174330467951026	0.5723842908228709	0.3926588651338342	0.37149587229952824	0.842098898315329	0.1029505137166685	0.06655528442292943	0.6694206696919042
399	0.2819281924529209	0.05610461277895554	0.6223727484339735	0.4780892068738144	0.3686721761226924	0.11827092794800961	0.5354205672723834	0.40586780255304766	0.5641564829019187	0.5915559547428197	0.4508207761409927	0.49970364031070436	0.319064146566555	0.8744789544580764	0.6515579000771087	0.9169604866740106	0.22981121225817572	0.6055923271753332	0.20941860616685834	0.6950373242622628	0.2955182690300426	0.49553833696557764	0.6954299407149325	0.8825702676744178	0.4895804275934828	0.1954624327472073	0.4767361184483725	0.43433288186328134	0.6910182027756842	0.3462805352317075	0.5777257546174044	0.4419450094013483	0.15077457743566153	0.92499100482285	0.6835508415675224	0.6040312260607916	0.48104331739988565	0.6254283779991413	0.17360820005946404	0.5465657112854516	0.3081905514343606	0.6477315953695488	0.17433047214216904	0.5723842873255636	0.39265886513660136	0.37149587229729986	0.8420988998622636	0.10295051126445183	0.0665552851236815	0.6694206696864188
400	0.2819281970041039	0.05610461409788529	0.6223727618205166	0.4780892068681269	0.36867217764793647	0.1182709269699577	0.5354205672724698	0.40586780902070524	0.5641564829004131	0.5915559568583013	0.4508207750772067	0.49970363471473067	0.3190641390001768	0.8744789570058434	0.6515578973113783	0.9169604879605876	0.22981121022039078	0.6055923285539041	0.20941860831449322	0.6950373257482946	0.29551826902818873	0.4955383369604794	0.6954299407133473	0.8825702675766647	0.48958042758970227	0.19546243098984362	0.47673611721033454	0.43433287922296115	0.6910182067411931	0.34628053523112373	0.5777257546157258	0.4419450106164527	0.1507745771191049	0.9249910061110002	0.6835508453644634	0.6040312213083879	0.48104331739671624	0.6254283801804129	0.17360820006103833	0.546565710423638	0.30819055696615427	0.6477315968734078	0.1743304761503532	0.5723842839809272	0.3926588651391881	0.37149587229521686	0.8420989013416684	0.10295050891928412	0.06655528579385428	0.6694206696812913
