time	gene_0	gene_1	gene_2	gene_3	gene_4	gene_5	gene_6	gene_7	gene_8	gene_9	gene_10	gene_11	gene_12	gene_13	gene_14	gene_15	gene_16	gene_17	gene_18	gene_19	gene_20	gene_21	gene_22	gene_23	gene_24	gene_25	gene_26	gene_27	gene_28	gene_29	gene_30	gene_31	gene_32	gene_33	gene_34	gene_35	gene_36	gene_37	gene_38	gene_39	gene_40	gene_41	gene_42	gene_43	gene_44	gene_45	gene_46	gene_47	gene_48	gene_49
0	0.6249185065938119	0.8283156546680388	0.740922171116066	0.20757799124983634	0.9063611897232698	0.7734791129353222	0.5958733358840426	0.23600487527566016	0.7133100340411557	0.11652794354712759	0.9212354203641835	0.5147910122053657	0.47795775034388477	0.041376601482821185	0.17231831391832053	0.3841604450242676	0.2686295137628646	0.3698681121458558	0.8983227690367417	0.053265412747295904	0.06057985025289725	0.48678717703212127	0.05618363577835517	0.4095524403151978	0.3279906768226495	0.05806558439889287	0.22851552774406603	0.15504328009882218	0.911421952010596	0.21469800707262177	0.8000339568147508	0.959908094543587	0.9534537858970499	0.33394472948820775	0.34278025340729434	0.16505145337835958	0.5890031933553541	0.0586939887821033	0.2704619416771016	0.21517341885802121	0.5888333166939649	0.5646529092815662	0.8836991989949379	0.6125897481868092	0.40332827575731844	0.951716467989431	0.593869518728155	0.03672031257910391	0.06215859867889628	0.6382114571157265
1	1.072079345448787	1.8158315679279367	0.6452050574386943	0.18844729426870324	1.0746755670091397	0.783957815168334	0.8450571409291732	0.861146443623087	0.9165162241085127	0.11370109650874549	0.7742702899348097	0.6674469523561648	0.42343849958971164	0.10794463200895123	0.3715720079775726	1.230230386098122	0.8355518595383121	0.7263032106917462	0.7575255208914717	0.18396653583026357	0.15623274201402088	0.7715335137267738	0.10697851313238074	0.42403792758818726	0.41390270400700646	0.07252815227422162	0.27562412921833757	0.6927500449044492	0.5842756593749763	0.7568258179309949	0.6942772617322508	0.8846432520229952	1.1265101592624296	0.8245618760045281	0.6794728811734322	0.44290721388283455	0.5771520930133435	0.06553465379676338	0.5194815317860066	0.8415824966086506	0.7867937062122341	1.4652916707645272	1.077764161585588	0.5097872816625364	0.4109797353047895	1.2615735066567502	0.5553479303732026	0.7450778225435992	0.03391678128687637	0.5986337327433955
2	1.4581072375735318	2.44887747212975	0.571358128238385	0.17972322083998826	1.195342332648872	0.7843486222712213	1.060769465178646	1.2088098817454878	1.0836382779501779	0.10817910950954804	0.650841712416412	0.8001115624309935	0.37804869353200915	0.17636042055284745	0.4749436749272554	1.7676551346149574	1.323901050265858	1.0090171486969137	0.6765212506935733	0.2564817488602901	0.23988856964703542	1.0264689155113884	0.15108195455199258	0.4346894443015418	0.4836911857627908	0.08248578698603101	0.3056438098554397	1.0913615091319984	0.37602005978697034	1.132204452758009	0.6466021275090232	0.8276417459856371	1.2664486536963415	1.1036330900857805	0.9426832664634974	0.6754261351136972	0.5996946880710614	0.06693304723067695	0.7266432733774368	1.3118309832951196	0.929523486321465	1.9477982357404313	1.2749931559965404	0.42525224682012563	0.4090573607151621	1.4983104935302882	0.5256646475155979	1.3105276689622136	0.020182607241905615	0.5768385205626473
3	1.7819655790942008	2.853876208842351	0.4787654698843982	0.15131200836819866	1.2844322847922685	0.7689007331651803	1.1905753355522934	1.3155290234373969	1.1870725369807353	0.08841444298582873	0.5441429984495251	0.911067477042911	0.3295300571026131	0.17672139304469098	0.5999544125307452	1.9749126628145364	1.6684286401822441	1.180508989491565	0.6634340904132507	0.29272339196826047	0.2908769987126221	1.2373551224867765	0.1539078914225072	0.4439032928310762	0.5084528487265347	0.08096758528255331	0.27879557463062676	1.3694010797299456	0.2424333320444839	1.3429473089951642	0.584191591545234	0.7881857199084822	1.3784825207787414	1.2422695937631967	1.1882604554127443	0.7534424628331278	0.5057153660229207	0.053311767216714795	0.8860472964102699	1.5914447497524917	0.9869792551067942	1.8705006630112755	1.2923062865167856	0.3361112203375064	0.42952778744284326	1.4798366286926976	0.48793855208336856	1.7385906320033246	0.010965423782985309	0.5385185790231538
4	2.0453110529547542	3.115794634327306	0.39536978678341883	0.12363982016348764	1.346799209236455	0.7467745467403025	1.2656874899505817	1.3094754046677277	1.2448778284008644	0.0694798861882018	0.4542772152394875	1.00023850123845	0.2854239479715977	0.165055389001162	0.6804164768787213	1.9665332452295583	1.904885445134739	1.277640994498865	0.6621545686239881	0.3084573291137145	0.32106093244731604	1.399470267319562	0.1447294759538967	0.4502582612385734	0.5160963230440221	0.07274371215903966	0.23043960407840225	1.5520427265719172	0.15682759624475262	1.4614678294647847	0.5205939559814756	0.7589399443411847	1.465707056926535	1.3063593699669336	1.4093450747032603	0.7750597857708497	0.41473468771532157	0.039838560901324094	0.9860422377396008	1.7558040285962666	0.9537594157285034	1.5265591683035649	1.2531730937418841	0.2614602168442095	0.44359948315357567	1.3582441930625122	0.45135164860267996	2.048037655629197	0.005902750730278052	0.5015958664694504
5	2.2507458220566408	3.285350884251681	0.3262851661800662	0.10112784799566606	1.389076304998085	0.7232444689897048	1.3047309752014276	1.2784322907578218	1.272673238951473	0.054207291634738586	0.37911735893558823	1.0711049257931449	0.24653016978388598	0.1546996407550375	0.7317374381999056	1.8293284876783775	2.0732338970312285	1.3255993326709454	0.6645146349242487	0.3154052463933912	0.34078392284071035	1.5296435485091433	0.12942915658490245	0.4543605005855691	0.5205925706998655	0.06254522468686435	0.18078121539797126	1.6732018378383755	0.10231453724929672	1.5373264446681643	0.46209269820114707	0.7376285279021177	1.534256526107558	1.341160010726289	1.605228790170035	0.7867059720333812	0.35077909447501876	0.029663951613275674	1.0436530148043082	1.853029370545785	0.8776141252276708	1.1339510281305367	1.1817127984150562	0.2028187804728028	0.46034620122364933	1.234164629361727	0.4255227160531325	2.269630764981211	0.003180382310658134	0.46787688754146484
6	2.3999804388305463	3.3951569349132407	0.27041867252880053	0.08359268975248317	1.4163362920670792	0.7003200444929998	1.318814415482533	1.2504200340935994	1.2803491824614415	0.0423895466573367	0.31636890332441026	1.1269581391497867	0.21263036987665368	0.14832262541487662	0.7647875489551716	1.6266488905221734	2.1971191622326147	1.3412856704506195	0.667948989716049	0.3187020293275115	0.35443800536880216	1.6379745073945247	0.11229949271232034	0.45681575928149903	0.5261038700807359	0.052635200502803195	0.13764872385953764	1.7537278474670264	0.06777221465986646	1.5921264730086073	0.4097305640291884	0.7221955072360061	1.5883478326865468	1.3640691316730935	1.776445790789474	0.8016958381667842	0.31204783269660896	0.022465027566572413	1.0723684928819288	1.9078836090378613	0.7850599766830142	0.7976866965162988	1.0959110076266045	0.15755586118909629	0.482439986407432	1.1342663201741607	0.4109956357607032	2.4255281675863714	0.0017262689740173214	0.4377839435526542
7	2.4941383605878884	3.4663617968221088	0.22560416777655576	0.06987713869045473	1.4321104851187763	0.6779481241703551	1.31419289573748	1.229850175288812	1.2735504644170648	0.03336515688145143	0.26401342773197223	1.1700991332875952	0.18323488481257336	0.14575748304202607	0.7861462777579991	1.39969418943438	2.289353858114062	1.3345406350689637	0.671335229021898	0.3203523621026665	0.3635864235936272	1.729452963310618	0.09561905355435454	0.4579700192627961	0.5328418083102182	0.043789793946117476	0.10283386386310941	1.8054722192483834	0.04596539147757645	1.6342208698431195	0.3617246312430268	0.711037651549985	1.6308944828824266	1.3805728259280725	1.9248646375828835	0.8217119179175228	0.2919116265895916	0.01746291605605204	1.079888120765617	1.9318558430790516	0.6888615717064398	0.5427983612083529	1.005981388109168	0.12282429263824864	0.5084312441907567	1.0593072674016046	0.40504062860442885	2.5305066159758374	0.0009485329682495384	0.4103578640234291
8	2.5347727328335288	3.512575340339663	0.18973330955752568	0.0589058177541443	1.4388541914359807	0.6555268265649173	1.2948916910200345	1.2151912705881123	1.2558077492300241	0.026501641356636987	0.22033976151685725	1.2022340368689297	0.15781518980876177	0.14608594830234373	0.8000835627809844	1.1744951764359393	2.3575404911117994	1.3117395134560186	0.6742515834846491	0.3212265734490397	0.36879488134606503	1.8069880756627397	0.0804276979326556	0.45806567503535156	0.5400184561574743	0.03620455837871131	0.07584603851083724	1.835797193042277	0.032224287959946536	1.6672267678524268	0.3164611562607274	0.7030065543206152	1.6641219173572972	1.3926442957232446	2.0526504854237886	0.8450551739971959	0.2840211924600198	0.01398960307731666	1.0713848585927568	1.9308332237907084	0.5957920703394584	0.3617771683958409	0.9173682736103358	0.09622363805946149	0.5356630823585383	1.0039272141202173	0.40440547959209794	2.5951268386497484	0.0005299479217797358	0.38453464436028123
9	2.5252827296442337	3.54258133460879	0.16100526101374035	0.04991272581361042	1.4383898458936404	0.6327546770445889	1.2641098105347104	1.2042070545810635	1.2296992055943166	0.021279555924949012	0.18391133123976142	1.2247117711113962	0.1358701765225979	0.148369144269552	0.809398930346031	0.9668718854852763	2.406594732204371	1.2771232127368195	0.6766286155315564	0.32172228470727826	0.3703383419498956	1.8725800982487215	0.06709323588032702	0.4572972599617079	0.5469372062960609	0.02984333270629647	0.055464942189520194	1.8495770079657075	0.023548435855112657	1.6932351697739745	0.27350297040990457	0.6972744405822524	1.6897851501300911	1.4012218374341943	2.162048673668204	0.8697241490200436	0.2836005805084423	0.011553877451596013	1.0509202821737333	1.9087598677046982	0.5097046348395845	0.2382923137155265	0.8328474031740364	0.07584822070845865	0.5616062518609539	0.962458216726841	0.4062590847476344	2.62755335647382	0.00030239862551486744	0.3594702414399263
10	2.471652398948259	3.5620622040923715	0.13794483527957763	0.04239754325237787	1.4321654418251888	0.6097207795817768	1.2246607558855438	1.195141955546771	1.1973156302875587	0.017292169991457662	0.15352623552004033	1.2386531029875634	0.11694459516003246	0.15185968078203793	0.8159083322008529	0.7850602833153626	2.439854458189475	1.2334261934645594	0.6785421401163505	0.32202809635492513	0.368431729303307	1.9277456513677502	0.055641247448740265	0.45582317976968056	0.5531912927044313	0.02457472827631911	0.04035091771864957	1.8501510177531983	0.018016893232183914	1.713766123378766	0.23325847057782428	0.6932388815286565	1.7092947842784822	1.4068794709736563	2.2552184828346356	0.8942300864494255	0.28742499885573447	0.009812330509344915	1.0217429845854873	1.8688716302700394	0.4325940936395937	0.15623623269148762	0.7537235383259057	0.06021701581952264	0.5842361994361409	0.9302968728441929	0.4083809913752505	2.634419760382032	0.00017699138507880997	0.3345259627807052
11	2.3821082902927335	3.5746997965174043	0.11936900904326884	0.03603886941811907	1.4214017653785456	0.5867646339577202	1.1790494577641297	1.1868779583363636	1.160443628947129	0.014229456658538042	0.12818078017613418	1.2450482372443512	0.10063368511732328	0.15602279767263158	0.8207647710629711	0.6317717573439776	2.4597711986879522	1.1823756338939022	0.6801074804171443	0.3222365274368157	0.36332136164224915	1.9737372400278237	0.04593951986328986	0.45376861088818654	0.5586126793404896	0.02023941593573849	0.029287232141416587	1.8398525597026645	0.014408970970023133	1.730025852315764	0.19642800194004698	0.6904570151588534	1.7237987484139716	1.4100257161227427	2.3341456126493445	0.9176535811582072	0.293453342996838	0.008532646480884549	0.9864008092606601	1.8140963197908715	0.36516474739761934	0.1026085967741285	0.6805041313241121	0.04819358483015268	0.6021282630944043	0.9041089907675959	0.40916118113331723	2.621288405817269	0.00010664664542848966	0.30927911028166677
12	2.2659885575808274	3.582881839790619	0.1043426690516406	0.030625248504728857	1.4071769416639017	0.564326872477666	1.1294571946042453	1.178835719991397	1.1206371118142966	0.01185947066265065	0.10703774451176641	1.2448290266372752	0.08658220508550683	0.16050227367976777	0.8246872854160855	0.506115815625537	2.4683442390250847	1.1251382452546728	0.6814323991559208	0.3223945639764739	0.35532370855177725	2.0116719736392423	0.03779502047424445	0.451230543123448	0.5631838170932788	0.016682693259450383	0.021262258228438767	1.8203616144994346	0.01196037707421945	1.7429873736152115	0.16361342810660526	0.6886028595584361	1.7342428402231433	1.410980781403073	2.40061100680413	0.9395204389908837	0.30046317168047865	0.007562075791656112	0.9468645444608733	1.7472200700792624	0.3072672965321217	0.06788704585142957	0.6132668807662593	0.038913761060900776	0.614467828145306	0.8816934660057311	0.40755790895237765	2.592914489403486	6.632574602643617e-05	0.2835638196732063
13	2.1324536994695205	3.588157346112176	0.09213416973876902	0.02600941648187609	1.3904684717943212	0.5428418225346334	1.07772395487234	1.1708226959026415	1.0792421725377668	0.010010817919392536	0.089399208729293	1.2389109358902952	0.07448081466019185	0.16507700933733177	0.8281190244092106	0.4052178037997686	2.46736295725492	1.0626703009703922	0.6826005401507635	0.3225269664163377	0.3448310286150745	2.042600399122389	0.031001955431182143	0.44828391314109206	0.5669666833346126	0.01376765370167049	0.015477510764953219	1.7929611416112619	0.010203683143387886	1.7534307741925952	0.13513189449304064	0.6874380887323761	1.7414160238946277	1.4100140790897595	2.456189383706164	0.9596638236219261	0.30776857044303646	0.0068026221446650876	0.9046510204367768	1.6709578742235285	0.25824283357823186	0.04548572897440774	0.5518579551585199	0.03172434493134874	0.6210012173873718	0.8617422693201221	0.4030317812089874	2.5533954499696248	4.262199020231867e-05	0.25748100483030023
14	1.9895389180420966	3.5915312231473755	0.082174841508392	0.02208027856577633	1.372166968110173	0.5226751420458191	1.0253514982466858	1.162893241766238	1.0374056570284163	0.008557682648834474	0.07468352740299973	1.2282078980566862	0.06406138957558281	0.16962279698494837	0.831331113618254	0.32539319744699446	2.458520617283781	0.9959460749786304	0.6836691173323629	0.32264725774588354	0.33229347406475584	2.067535711812754	0.025364062069412857	0.4449872822765165	0.5700566108825096	0.011378512934211328	0.011323819797573876	1.7587204099244351	0.008861761130663167	1.7619750682772228	0.11098286413544897	0.6867905104091215	1.7459836196341683	1.4073626871103797	2.502261250027935	0.9781139994417729	0.315022303858506	0.006192581259358352	0.8609289734718929	1.587950216025224	0.21717407284951434	0.031013855546336372	0.4960001119473809	0.02613315942317914	0.6219347454353279	0.8435919290254726	0.39545683825911015	2.5062540312229737	2.828803467632797e-05	0.23135547008115975
15	1.843704499548221	3.5936554670045755	0.0740241811650237	0.01874696583445856	1.3530742477444462	0.5040980403539604	0.9735271675479203	1.1552387901727053	0.996082074893752	0.007407818563256924	0.0624059637173258	1.2136276083264586	0.05509213168721294	0.17408282921216167	0.8344878428883948	0.26288679126142067	2.4434500441491034	0.9260679394808925	0.6846725832077991	0.3227630169959561	0.3181882389613283	2.0874584692885825	0.02070379234866026	0.44138745474500113	0.5725564824053831	0.009419542868694283	0.008347240610626291	1.7186148204443148	0.007776031840569084	1.7691074990211029	0.0909051308203084	0.6865372508845917	1.7485111732962038	1.4032388176448833	2.5400300435736773	0.9950202456560748	0.3220847214802828	0.005693453956324318	0.8166033568695831	1.5007051370367308	0.18305430543276185	0.02161339588018922	0.44535309148128177	0.02176958296168536	0.6178025095801136	0.8270070286191356	0.3850161552527084	2.4544884320937714	1.9356340957775796e-05	0.2056526110364352
16	1.6997886901484136	3.5949535161667763	0.0673410895309076	0.015930618306105607	1.3338957496025055	0.48728634208349764	0.923161094246055	1.1481082298012795	0.9560444267438095	0.006493343863444281	0.05216248906363874	1.1960556212837177	0.04737290836262889	0.17844617382628578	0.8376859720657834	0.21427066835550357	2.423716598117182	0.854279475686349	0.6856282119195032	0.32287850067492907	0.30298639258423327	2.1033074366804283	0.016865033884797636	0.4375229117101521	0.5745645816778997	0.007812405258754537	0.006215102709051939	1.6735923890977198	0.0068588307673077345	1.775209705764663	0.07446954094065866	0.6865912366001389	1.7494815275966158	1.397831618908394	2.57054043082317	1.0105983357095452	0.3289395997012158	0.0052810756409195445	0.7723788159631231	1.4115174123746623	0.15489184024028646	0.015452236195269791	0.39954839262959535	0.018354096022004232	0.6093303457841548	0.8120086107618464	0.3720955966269325	2.4006104496084273	1.3619862667929105e-05	0.1808817446863285
17	1.5611909951900484	3.5957011994860144	0.06186080605803625	0.013560711559536304	1.3152337470634274	0.4723332624455039	0.8749289345632209	1.1417537300037812	0.9178997300837415	0.005763924692691953	0.04361627788784175	1.1763356481585776	0.0407310187113455	0.18273219361259815	0.8409777041143345	0.17661232122673676	2.400792613723735	0.7819122596984877	0.6865416567721399	0.32299598668536084	0.2871252251948852	2.115964244702971	0.013712801139034966	0.43342615921899486	0.5761703069930899	0.006493204619089822	0.0046865219039530755	1.6246001564564223	0.006062866123065181	1.7805795271205138	0.06116999117354477	0.6868903394443271	1.749307147919903	1.39130712452365	2.5946960837006525	1.0250953711243624	0.335640571312544	0.0049398666196480145	0.7288053807484859	1.3223957423319168	0.1317682895460284	0.011366353061200946	0.3582099957150348	0.015675215014005636	0.5973185904050289	0.7987477507997627	0.3571891311512484	2.346682786988952	9.826668072102691e-06	0.1575114301227116
18	1.430143736063002	3.5960793797952437	0.057376858948633855	0.01157373369646416	1.2975845802412405	0.45926742721228436	0.8293143185450275	1.1363969864578833	0.8821079823782527	0.005181856993109832	0.036486471704832164	1.1552514831326788	0.035017453490686454	0.18697909843095123	0.8443840039927597	0.14750625227113498	2.3760290066116516	0.7102989414839034	0.6874116486488078	0.3231164943961832	0.2709897912558453	2.126237444913567	0.01113163208793943	0.42912524312903383	0.5774537329854779	0.005409814423623676	0.0035885755812122156	1.5725845393775342	0.005362569531326045	1.7854481566884033	0.05049352647991101	0.6873888767656813	1.7483392453718676	1.3838086327674224	2.6132763495972373	1.038765742824584	0.342276796420885	0.0046592745181185564	0.6863107032297957	1.2350167819966693	0.11286612667057247	0.00861914083744158	0.3209671189449517	0.013572258725259159	0.5825554520574567	0.7874192679118304	0.3408241873276681	2.29435999750318	7.250153496255145e-06	0.13591178918527103
19	1.3079868463582116	3.596208080648931	0.05372721906608594	0.009912848374848243	1.2813406851005817	0.4480707768448847	0.7866475657165575	1.1322113321473115	0.8490027291897718	0.004718580415453941	0.030538838480025473	1.1335136500703544	0.030103643712178507	0.19123540596126692	0.847902674061793	0.12503477360698673	2.3506329306886284	0.6406811333678293	0.6882335751046792	0.3232401952879316	0.25490383710729636	2.1348496250243776	0.00902353342054763	0.42464476050016586	0.5784866151567516	0.004519645711577813	0.002797885776752112	1.5184776502970645	0.004743347196048776	1.7899932354537627	0.041964786436380117	0.6880512507986217	1.7468747901178245	1.3754585104447232	2.626951691780807	1.0518544110039372	0.34895079095674514	0.004431677401206147	0.6452231973084549	1.1507110147815025	0.09747706294715182	0.006744475001295885	0.28746222233980606	0.011922583805351546	0.5657625496574845	0.7782082858979864	0.3235095769238388	2.2449333500130955	5.4576234014643195e-06	0.11632728026028571
20	1.1954070238998697	3.596168472276479	0.050783832147818266	0.008527807358280267	1.26679670621741	0.4386936092523044	0.7471390828819215	1.1293154532978722	0.8188115338045567	0.004352229306974696	0.02557800739463713	1.111751768926713	0.02587865672586537	0.1955535546036488	0.8515139066173909	0.1076991343694218	2.325655061988831	0.5741325147306385	0.6890019614469158	0.3233666689108089	0.23912831253653594	2.1424294165366113	0.00730586050334702	0.4200066709116683	0.5793335611302177	0.003787850552621554	0.0022267927128309384	1.4631783190841148	0.004195778235326988	1.7943488153304654	0.03516833788389459	0.6888475025125502	1.7451621554891275	1.3663615704444665	2.636297964934474	1.0645853603217164	0.3557641589341602	0.004251207548726033	0.6057895024162615	1.070476070710706	0.08499926202189823	0.005446423087731071	0.2573559843264822	0.01063216545336161	0.5475677407664941	0.7712615904535338	0.3057040103994417	2.199377701648337	4.1842175819154925e-06	0.09887515426978992
21	1.092629948597059	3.5960168940429824	0.04844476541145451	0.0073747888924537005	1.2541583407136954	0.43106584220870225	0.7109070761404219	1.1277747473502853	0.7916750572190867	0.004065911784559011	0.02144100985014922	1.0905121730059157	0.02224678481495723	0.19998516655258816	0.8551848252764442	0.09434420098797186	2.301986450939413	0.5115081067295919	0.6897120031822586	0.32349508037240066	0.2238650401779523	2.149508698731771	0.00590929659719194	0.4152311105265535	0.5800527959723571	0.003185889338437345	0.0018131829035730287	1.4075333479727625	0.0037127176726933844	1.7986130809651713	0.029755390796484697	0.6897505084229043	1.7434058774359462	1.3566097245375475	2.6418096754657663	1.077153947945643	0.36280859603177135	0.004113121188016359	0.5681884622525912	0.9950091300025187	0.0749286605721339	0.004535976208002642	0.23033022559689678	0.009628640462482112	0.5284978289880055	0.7666760177660034	0.2878008794082513	2.158397741506404	3.2632046208335314e-06	0.0835611410121927
22	0.9995676329387481	3.595793669486688	0.04662831096892584	0.006416070966265294	1.243552525231256	0.42510465768460515	0.6779998939636861	1.1276068987646837	0.7676639316566544	0.003846488846930717	0.017991902842355252	1.0702595369290928	0.01912547068684135	0.20457757202577842	0.8588737016855683	0.08408832585118899	2.280362877660964	0.4534222798146983	0.6903603496417587	0.32362431566136335	0.2092633177452807	2.156524268424499	0.00477599514172991	0.41033728856495855	0.5806963634280862	0.0026903829101962242	0.0015131132907097592	1.3523220817397879	0.0032879907557130587	1.8028545019968256	0.025441152236577978	0.6907345020729686	1.741770838228989	1.3462874370770563	2.6439124267684493	1.0897222317658728	0.370160412043984	0.004013469735751962	0.5325427992260925	0.9247499104816451	0.0668476967984532	0.0038914364209369436	0.20608938301997784	0.008856143957614748	0.5089838338197603	0.7644971809511857	0.2701244299227077	2.122471207447007	2.5867340493991887e-06	0.07030383482828906
23	0.9159279556967798	3.595528546204714	0.045268513206425366	0.005619557423065165	1.2350378678531793	0.42071919845386224	0.6484136329331425	1.128789052248925	0.7467930322354003	0.0036836923637716466	0.015117289589672012	1.051381066889325	0.016443519830273576	0.209371262915786	0.8625340142487278	0.07626317002474964	2.261373962549704	0.40025214564958	0.6909453474054734	0.32375309095275234	0.19542776622136315	2.163822748507891	0.0038579058426804094	0.4053444436085918	0.5813098385859411	0.0022821838244123983	0.0012955184247136489	1.2982457388100488	0.0029158923610625017	1.8071168665581347	0.021997542237048022	0.691774576527168	1.7403860680219927	1.335477489274117	2.6429747825663545	1.1024165363760454	0.3778773341852498	0.003948922852002814	0.4989290457768477	0.8599274108651701	0.06041341234116044	0.0034337005380948356	0.1843609461953205	0.008271446549366516	0.48937289338814577	0.7647233655347014	0.2529329979543517	2.091887398028555	2.0832595344660235e-06	0.058961119310360306
24	0.8412942738409612	3.5952439853668805	0.04431171046416498	0.004958211711680717	1.2286146168424765	0.41781311797171505	0.6221057237626808	1.131264888076041	0.7290330723987952	0.0035694716047494604	0.012722584669914277	1.0341919524006766	0.01413955718898203	0.21439799760293524	0.8661182365390463	0.07036450706314233	2.245474488761122	0.3521598609269754	0.6914669356911309	0.32388004249599145	0.1824263085503172	2.171667456924573	0.003115287136334993	0.4002727775721671	0.5819317436442902	0.0019456180551285854	0.0011384407974666686	1.2459219027789157	0.002591053313100966	1.8114234869055756	0.019244322601663408	0.6928468307742788	1.739348284916134	1.324266626707482	2.639319790397914	1.1153266482488184	0.3859967156413909	0.003916657845220252	0.4673860082119614	0.8006056804245019	0.05534602061956974	0.003110839180320695	0.16489516064947582	0.007841034325134139	0.46994261152533917	0.7673110621083363	0.23642599618936033	2.066780138620505	1.7042341941779568e-06	0.049354382636445045
25	0.775182145277124	3.594957119113679	0.043713790543481436	0.004409454449003705	1.2242338089749059	0.4162857090394329	0.5990051779984619	1.134950761889031	0.714319663980306	0.0034974943990649914	0.010728897597273091	1.018941093531234	0.01216069276375906	0.21967934576655562	0.8695811429831268	0.06601321133906435	2.2329960506750024	0.3091265644631804	0.6919263537809109	0.3240037998014375	0.1702976307236797	2.1802461858188176	0.002515399332297093	0.39514427001315966	0.5825928934020314	0.0016678622942597776	0.0010263598601115468	1.1958838826665878	0.0023084477494388373	1.815780774895845	0.017040356955238194	0.6939288608965659	1.7387252489209635	1.3127507450653064	2.6332363767292466	1.1285061818344693	0.39453457242357776	0.003914270736768878	0.4379219531564182	0.746725726262251	0.051418483163375085	0.0028884464671463817	0.14746422916901136	0.007538875025380509	0.4509152408558682	0.7721800845059756	0.22075239766198673	2.047155092517971	1.4160636282026616e-06	0.04128839705991538
26	0.7170788357150963	3.594680916836488	0.04343794913525092	0.003954568663383214	1.2218054944877663	0.416032182412882	0.5790200869250441	1.1397407217107132	0.7025601104163463	0.003462754040540553	0.009070430633136246	1.0058164680117028	0.01046136677843871	0.2252255393374382	0.8728824372135122	0.06292490368065268	2.2241579139788112	0.270991390452984	0.6923257809549623	0.3241230437196237	0.15905780669063607	2.1896791796785093	0.0020313682859768646	0.38998329387835917	0.5833158763110607	0.0014384314916649518	0.0009483054445039795	1.1485841734712268	0.002063435887147633	1.8201813363297856	0.01527582117312518	0.6950003573895654	1.738558977139676	1.3010393273702177	2.624990738151911	1.1419738162211424	0.4034851254180446	0.003939688487505273	0.4105207031293187	0.6981420446250696	0.048447299662322904	0.0027435645717267623	0.13186118793287424	0.007344686844840144	0.43247030372354917	0.7792173872608242	0.20601934167323635	2.0329118400479986	1.1951077062156982e-06	0.03456625244506023
27	0.6664699520662258	3.5944249095993284	0.04345280954888676	0.00357814164560736	1.2212060902533084	0.4169435119577972	0.5620428678864758	1.1455106041577152	0.6936382683070639	0.0034612497509113943	0.00769230453028046	0.9949498163461287	0.009002349841462904	0.23103457194988017	0.875988588612149	0.06088657548066885	2.219076647654432	0.23749048208501902	0.6926679894162755	0.32423655097072757	0.14870597590736248	2.200026925170677	0.001641206724638873	0.38481698994975333	0.5841148223359441	0.001248757279946196	0.000896526688829751	1.1044009327845843	0.0018517995719886243	1.8246067037098967	0.013865645871291209	0.6960436405899422	1.7388688497764513	1.2892588549119135	2.61483769657224	1.1557152388991896	0.41282072607447295	0.003991075214719459	0.3851468342112765	0.6546531936904605	0.046284523138413476	0.002660822609117027	0.11789859026896378	0.00724257840545974	0.4147550657799549	0.7882794963946416	0.19230011882127349	2.0238614748496224	1.0244943988307876e-06	0.028999645029204553
28	0.6228564283755511	3.594195689034952	0.04373081357568812	0.003267559358923727	1.222284989471358	0.4189061439166689	0.5479536729573934	1.152121564904231	0.6874178431414999	0.0034897195235304417	0.006548740620807003	0.9864205718035775	0.007749877303607806	0.23709155367820048	0.8788738609119091	0.059738637633060476	2.217774573188087	0.20829259568721759	0.6929560556459202	0.3243432268607451	0.1392290789273706	2.2112976066276935	0.0013269787157660078	0.37967539592507177	0.5849955400678564	0.0010918417463002914	0.0008655516935436283	1.0636462181773583	0.0016697581610221961	1.829029800396617	0.012744186196183187	0.6970440349024454	1.7396546248441669	1.2775548710419868	2.6030317570003825	1.1696857265831107	0.42249218454256754	0.004066731980001363	0.3617501557215337	0.6160264060426154	0.04481090861469207	0.002629948126252662	0.10540709559567718	0.007219965455444826	0.3978927559786621	0.799193932842426	0.17964119529503014	2.019740624562812	8.920389508471441e-07	0.02441526507587947
29	0.5857642246629575	3.593997306105331	0.044246830840579954	0.0030125596244489285	1.2248705800556674	0.4218017889669531	0.5366223196677176	1.1594233858909466	0.6837444970726874	0.003545411550585433	0.0056015398150384135	0.9802591427622094	0.006674900007590836	0.24336837421102353	0.8815206038305374	0.059361075556188754	2.2201873638517537	0.18302938738462074	0.6931931484848686	0.32444212797462063	0.13060571273564375	2.2234542237064163	0.0010740920162345916	0.37459135593542514	0.5859560385736751	0.0009619736391176261	0.0008515202953770469	1.0265746871282293	0.0015139649758024894	1.8334172003084848	0.011860982171596987	0.6979900408473059	1.7408993707124236	1.2660923036240277	2.589837318876051	1.183813336721325	0.43242959808692594	0.004164992916572166	0.34026961660277794	0.5820165650939197	0.04393005852993859	0.002644129392035558	0.09423403319458905	0.007266696437335856	0.38198866554111166	0.8117602125744372	0.16806816695648988	2.020222840861521	7.888550995271892e-07	0.02065816078100928
30	0.5547484641935805	3.5938316348458583	0.04497696157812906	0.0028048436285646357	1.2287758138801161	0.42550746481808865	0.5279090730212754	1.1672578037833894	0.6824471488881709	0.0036258856787085747	0.004818809204738341	0.9764497740616629	0.005752436059996651	0.24982375436780802	0.8839189393750828	0.05966265072168435	2.2261712540033365	0.16131965092883233	0.6933823937685336	0.32453247652620854	0.12280918734258142	2.2364214278956185	0.0008707030295757034	0.36960025117760686	0.5869873954019951	0.0008544961150952337	0.0008517065591727901	0.9933915214647988	0.0013814887155007964	1.8377312186368349	0.011177426937876768	0.6988733074558089	1.7425723176327717	1.2550535926952857	2.5755371866122587	1.198002685861603	0.44254380418244244	0.004284122036799703	0.3206367349999596	0.5523800191710657	0.043563419082697646	0.002698903418370313	0.0842419888628451	0.007374338738172653	0.3671343479925372	0.8257510371808321	0.15759065049779966	2.024928260006396	7.08410477828504e-07	0.017592913698126926
31	0.5293932961259141	3.59369872837716	0.04589752852839061	0.002637741068890825	1.2338034374626337	0.42989591768432195	0.5216645969079344	1.175461984584001	0.6833388402246502	0.0037288404134626146	0.004173895472631234	0.9749332793949652	0.004961010282148788	0.2564037744158865	0.8860660047870331	0.06057233402443779	2.2355103338513884	0.14278759303534563	0.6935268047276001	0.32461366785499685	0.11580986510748435	2.250092140771986	0.0007072196637590565	0.3647395909321171	0.588074896553344	0.0007656168187243679	0.0008641722242765462	0.9642584802732783	0.0012697846408189703	1.8419318454917564	0.010664157601431887	0.6996884354565331	1.7446316208403074	1.2446341851120728	2.5604382753134076	1.2121392686612298	0.45272857028250824	0.00442221611991999	0.302778597287318	0.526883743253733	0.043645994603560154	0.0027913659930621027	0.07530744617102024	0.007535592612256134	0.3534101546626464	0.8409142158782534	0.14820616977502643	2.0334323349758527	6.45873619394809e-07	0.015103335973265502
32	0.5093084945412423	3.593597172676284	0.04698426928425523	0.0025059218410197065	1.2397509504863742	0.4348365105734848	0.5177293933531819	1.183872165427239	0.6862175246475174	0.003851964422896083	0.0036444915118896705	0.9756099535842284	0.0042821697141471994	0.2630429602230929	0.8879649176037516	0.062032373776311905	2.247924349817952	0.12707572882524854	0.6936292629302938	0.3246852723816575	0.10957685543673516	2.264333995763214	0.000575888352331326	0.36004848821256086	0.5891993575620262	0.0006922525409419221	0.0008875100806201885	0.9392972049397856	0.0011766594017684755	1.845978519477788	0.010298999944539792	0.7004326557887292	1.7470270187658492	1.2350351106017032	2.544873314933623	1.2260942401571944	0.4628635937955687	0.004577120073927414	0.28662042862888915	0.5053103361611069	0.04412267293676932	0.002919575869979296	0.0673195019898931	0.007743811930972384	0.34088632495228743	0.8569757335190239	0.1399031127725218	2.045274298690845	5.976561386519953e-07	0.013091249074989247
33	0.4941236611818643	3.593524432758585	0.04821175114533942	0.002405146105297432	1.2464153101197704	0.44019661936706567	0.5159330511727381	1.1923274100222372	0.6908671029848721	0.003992814414410325	0.003211888769776926	0.9783429456655249	0.003700065020153325	0.2696659864049322	0.8896236121655798	0.06399258975214837	2.2630773311318966	0.11385322306018189	0.6936925343204589	0.32474703321246734	0.10407912733524903	2.2789956150564143	0.0004704527196058661	0.3555670212102314	0.5903385339726933	0.0006319019555090192	0.000920649127978282	0.9185892126314099	0.0011002321520063535	1.8498317323340547	0.010065321716797065	0.7011054313613058	1.7497023614462868	1.2264526878370852	2.5291975288342625	1.2397295549495846	0.472818330547099	0.004746362063122556	0.2720877035367215	0.48745930900636275	0.044945087647930385	0.0030820742078329017	0.06017866722841613	0.00799262074510039	0.3296228387724187	0.873644225605575	0.1326628384532616	2.059965845754701	5.610875646999061e-07	0.011474758698188873
34	0.4834808574482743	3.593477182030253	0.04955303540521731	0.002332044575677334	1.25359735445241	0.44584352461120047	0.5160936225925608	1.2006733776852019	0.6970589755742589	0.004148723524321881	0.002860352979994087	0.982962306195066	0.0032010889176511	0.27619001975669144	0.8910536690857256	0.0664056468678042	2.280587235009148	0.10282056623529118	0.6937193070649104	0.3247988605034232	0.09928609594052255	2.293912704096994	0.0003858727055454384	0.35133545812494515	0.591468539305309	0.000582540992909853	0.0009627028795147387	0.9021724415748339	0.001038893504059417	1.8534544565877775	0.009950674493091234	0.7017080261091643	1.752597978026356	1.2190659216383701	2.5137797739517698	1.2529033345635971	0.48245660292916903	0.004927116157158079	0.2591077440255023	0.473145119755066	0.046068978009629294	0.0032774737615096586	0.053795757559734106	0.008275622200159267	0.3196682458187785	0.8906169522714473	0.12646101467729962	2.077000328813905	5.341812733484927e-07	0.010186315526153782
35	0.47702651618936853	3.593451605615203	0.05097961555471718	0.002283921789300084	1.2611058840689007	0.4516467317995339	0.5180174285849586	1.2087659800975503	0.7045543083984228	0.004316745625095333	0.0025766052001224603	0.9892698238815953	0.002773563863000688	0.2825276764694708	0.8922692267177981	0.06922319870658009	2.3000366559681495	0.09371142357347337	0.6937122409513753	0.3248408236058249	0.09516774010952557	2.3089139216713264	0.00031809431943036513	0.34739330758601544	0.5925652035776583	0.0005425363032530239	0.0010128493290484932	0.8900347565128565	0.0009912630975452326	1.8568133917906489	0.009945629836869037	0.7022430774435839	1.7556528496182846	1.2130227661693094	2.498988464612079	1.2654753172883977	0.49164186222084166	0.005116199817496516	0.24761074646149606	0.46219246652685164	0.04745204063077945	0.003504096897059976	0.048090874660692125	0.008586201268924058	0.31105771754563966	0.9075871849205546	0.12126827533667318	2.0958625684246646	5.154632333297136e-07	0.009170751124635827
36	0.4744035327310261	3.593443670321388	0.05246164291852183	0.0022585768544895668	1.2687613206065278	0.4574806009634539	0.5214995534763804	1.2164747871584003	0.7131071171261254	0.004493640824538266	0.002349393439742213	0.9970446506674266	0.002407472199572539	0.2885905040146245	0.8932860316766731	0.07239289941035733	2.3209844893595406	0.0862923816810722	0.6936740208799507	0.32487314185217553	0.09169431803728015	2.323826464253187	0.0002638614949189794	0.343778158123836	0.5936053208730787	0.0005105730157280599	0.0010702365320435035	0.882105445009355	0.0009561461394952577	1.8598800274489964	0.010042742188056286	0.7027141986628769	1.7588065551877663	1.2084269868398487	2.4851736186924085	1.2773122291999903	0.500242895199545	0.005310111758891537	0.23753018801370274	0.4544294771448994	0.04905229226478049	0.0037596606460215337	0.04299247564586953	0.008917424541510031	0.30381061815371596	0.9242527391074983	0.11705030070404865	2.116039186792541	5.038438967515986e-07	0.00838340182748403
37	0.4752444583937233	3.59344935625083	0.053968433641582055	0.0022541386149853276	1.2763988557550823	0.46322712291866774	0.5263252218804819	1.2236860382942414	0.7224681661483372	0.004675905610054973	0.0021691426552649753	1.006049596866859	0.002094222840264045	0.29429282710014526	0.8941206572371491	0.07585635562026058	2.3429782867437043	0.08036118087872332	0.693607408921169	0.324896174560109	0.08883576612641352	2.3384812881654264	0.00022056272995590602	0.3405242941196547	0.5945677471280915	0.00048559366530216924	0.0011339117426874682	0.8782463336236981	0.0009324892531642646	1.862631519581043	0.010235599154216518	0.7031256285454355	1.7620009631145432	1.2053276509420443	2.4726473035790804	1.2882928971993415	0.5081396781576484	0.005505112381016272	0.22880259171470113	0.44967960745001634	0.050826976398532515	0.004041021761917479	0.03843652655035274	0.009262038563961695	0.297927947393527	0.9403252171989129	0.1137674505507882	2.137029210420058	4.985193401273356e-07	0.007788378225900686
38	0.479166670439626	3.5934648471736566	0.05546922441856396	0.002268915068633415	1.2838710118941727	0.4687786496623817	0.5322721560214825	1.2303051165622836	0.7323895679230742	0.004859847559547799	0.0020276725333469533	1.0160378754824235	0.0018264493382571338	0.2995557252154899	0.8947898956044588	0.0795481195383463	2.365566905068503	0.07574388852400946	0.6935152902844042	0.3249104104359297	0.08656088947594039	2.35271788137537	0.0001861062911206608	0.3376611230856197	0.5954343180358619	0.0004667457715516425	0.001202774648515636	0.8782445733863644	0.0009193363181156527	1.8650513724122737	0.010517949377356138	0.7034819372519052	1.765181648602388	1.203713137335186	2.461665316974609	1.2983129046260764	0.5152290025990798	0.005697344197846909	0.22136667603613638	0.44775324255447807	0.05273204206314141	0.004344004419735202	0.034365734615493054	0.009612563016633265	0.29339005076425373	0.9555393816758545	0.11137411184583758	2.158354557790655	4.988918344270704e-07	0.00735700039168508
39	0.4857702349139563	3.593486678459865	0.05693411483301811	0.002301259820276044	1.2910495536498656	0.47404037491230433	0.539113895399086	1.2362583516717343	0.7426298637323867	0.005041699694787086	0.0019179733916295297	1.0267600013806248	0.0015978349196299059	0.30431085038113814	0.8953103131824711	0.08339580332038957	2.3883129477140423	0.07229135848519228	0.6934007085892102	0.32491645611441833	0.08483647430523601	2.3663884888515927	0.0001588187373438604	0.33521151274031585	0.5961905624276478	0.00045333615621513234	0.0012755563728284733	0.8818092200955652	0.000915785612158193	1.867129908929211	0.010882926686888453	0.7037877913094497	1.7682990260398042	1.2035109221038802	2.4524128888219336	1.3072885727511556	0.521429443662179	0.005882984101955847	0.2151619774770103	0.4484401200179572	0.054722199752500804	0.004663336261779561	0.0307288535491363	0.009961467162584729	0.29015499984836873	0.9696619861829607	0.10981795436377875	2.179569946971823	5.045031137270117e-07	0.007066396097204676
40	0.49463890391427884	3.593511842683701	0.05833510745964886	0.0023494607459437745	1.2978267151614926	0.4789323712730378	0.5466239368277934	1.24149403899613	0.7529592844714633	0.005217764244073832	0.001834030894808562	1.03797051568986	0.0014029607232510996	0.3085037641529938	0.895697946971721	0.08732132445505922	2.4108044380944302	0.06987524504015111	0.6932668856163277	0.324915023198194	0.08362646566974892	2.3793616934343063	0.00013736237795153382	0.33319020024273804	0.5968261908853685	0.00044479069411920713	0.00135082552850081	0.8885733549181946	0.0009209503018873122	1.8688645076068502	0.011322412619218993	0.7040477759156134	1.7713091948193125	1.2045933896955257	2.444996498349953	1.3151600476375944	0.5266852357915466	0.006058413923268297	0.21012710452202515	0.4515036947573351	0.05675151842350008	0.004992713569544529	0.0274800557217791	0.010301409052260091	0.2881579995948477	0.9824993687787826	0.10903930725867204	2.2002717326253185	5.149761673839645e-07	0.00689824835733658
41	0.5053443207864892	3.593537854205398	0.05964713948909155	0.0024116572584061157	1.3041157380219917	0.48339102418915536	0.5545804395995679	1.2459825990402074	0.7631648424848239	0.005384570985203519	0.0017706904015930092	1.0494342113105561	0.0012371741215490093	0.31209648723401506	0.8959681146339933	0.091243182822396	2.43266516725782	0.06838379884840975	0.693117220910499	0.3249069129945392	0.08289135075971027	2.3915252612121884	0.00012066803743165569	0.33160247884756916	0.5973353453482608	0.00044061879866395847	0.0014270208441774896	0.898102664306083	0.0009339249276570616	1.8702595818740209	0.011826592190400985	0.704266269886525	1.7741745064094376	1.2067888098948159	2.4394427485945074	1.32189329341504	0.5309686778635564	0.006220391837360747	0.2061978447011316	0.45667839494139506	0.058774476334431336	0.005325003359676861	0.024578365328190396	0.010625509089880218	0.2873120743338336	0.9939031765522192	0.10897086578867891	2.2201052157374606	5.299636224402109e-07	0.00683767720252601
42	0.5174531014039669	3.593562775285389	0.060848996844642775	0.002485792094663624	1.3098507469192286	0.48736975701543184	0.5627711573082576	1.249715856565264	0.7730549014897675	0.0055390326542859355	0.0017235519413219317	1.0609315780302373	0.0010964745724472043	0.3150690197456625	0.896135309775348	0.09507954521787998	2.4535632206694533	0.06771766302536346	0.6929552677497146	0.324892998285254	0.08258786477126662	2.4027881791040127	0.00010788016925842579	0.33044336977973654	0.5977166051282673	0.0004403825085062035	0.0015025071652395362	0.9099102849343468	0.0009537607290908416	1.8713262867723022	0.01238375533891651	0.704447366938318	1.776863869237863	1.2098957307026725	2.4357039642460268	1.3274808478877085	0.5342808166405255	0.006366205863634448	0.20330538691653036	0.46367037064141636	0.06074732812194597	0.0056525711968231996	0.021987146829275953	0.01092762493068707	0.28751013004755893	1.0037737453307476	0.10953790174430723	2.2387700588724364	5.491027356390138e-07	0.006872246164868687
43	0.5305360905919057	3.5935852076560093	0.06192401571289125	0.0025696012536961187	1.3149860209361683	0.4908390091779018	0.5709982199120698	1.252705485876454	0.7824629127597347	0.005678579959881087	0.0016888873349537794	1.0722632562260435	0.0009774149591766522	0.31741969917388996	0.8962131565243112	0.09875180186929328	2.4732173110554907	0.06778589566173104	0.6927846842551212	0.3248742019086388	0.0826690937349726	2.413081843244132	9.831195599676804e-05	0.32969744054241906	0.5979727584418778	0.00044367049962902485	0.001575648642382614	0.9234765919017401	0.0009794522687826986	1.872081954052205	0.012980376999749816	0.704594836235648	1.7793528157930396	1.2136986024806897	2.433669124004288	1.331941283659336	0.5366503388996562	0.00649379253794795	0.2013749244638032	0.4721618593470436	0.06262961354883573	0.005967702661709558	0.01967364344635897	0.011202594819591894	0.28862831196824423	1.0120608858758333	0.11065908346167601	2.2560235732214533	5.719785404934299e-07	0.0069910935160649385
44	0.5441788300478507	3.593604254868055	0.06286050506563687	0.0026606419458245407	1.3194947450765775	0.49378550021627343	0.5790824033346906	1.2549807383419362	0.7912500851090003	0.005801261686471259	0.0016635719632559318	1.0832533740105486	0.0008770167863003786	0.31916439723592105	0.8962144021584826	0.1021881907449931	2.4914007081208593	0.06850245307411212	0.6926091615076693	0.32485147257711877	0.08308499319036408	2.4223603973299497	9.140855813281685e-05	0.32933934249804603	0.5981103647945383	0.00045007761942231954	0.0016448904669902082	0.9382717582705438	0.0010099368000097753	1.8725492797721617	0.01360147529159855	0.7047121149018717	1.781623362791855	1.2179825348940896	2.433178134390889	1.3353174262147465	0.5381308066706948	0.006601808612795803	0.20032486366826743	0.48181877494784314	0.06438561989166135	0.006263069072271312	0.017608561063209422	0.011446421737212073	0.2905304076792969	1.018762093518272	0.11224792101169179	2.2716818022869956	5.980975684749379e-07	0.007184198326835048
45	0.5579921638348649	3.5936194619401833	0.06365186134184549	0.002756353971880722	1.3233673460112656	0.49621087535195485	0.5868665851313871	1.2565856271812943	0.7993068599840354	0.005905800601195468	0.0016450251197033777	1.093751730759935	0.0007926978958566329	0.32033468969553386	0.8961509319360754	0.10532707857616162	2.5079427384179063	0.06978335709316641	0.6924323338171781	0.32482575901866106	0.0837832835122919	2.4306002650166265	8.671712595329886e-05	0.32933503232837114	0.5981391494250444	0.0004591905661150904	0.0017088392952717007	0.953778543643949	0.0010441063457697795	1.8727553122491991	0.014231207400650554	0.7048023251891247	1.783663699749034	1.222545587835901	2.4340373495499334	1.3376734905803784	0.5387965555208354	0.006689650321321313	0.2000667832158849	0.4923006769133617	0.06598562439272943	0.006532179099399368	0.015765693539644687	0.011656380080330982	0.2930729190869992	1.0239184559637926	0.11421475640363121	2.2856184879719494	6.268745842212969e-07	0.007441798338224861
46	0.57162195956521	3.593630739642844	0.06429638529339736	0.00285414586230234	1.3266095264036	0.49812987399597947	0.5942181800875616	1.2575757817631419	0.8065531737381403	0.005991602228587805	0.0016311545967560622	1.1036348689272932	0.0007222115387535256	0.3209752384255573	0.8960337952144921	0.10811954606586083	2.5227280033081407	0.07154472704616854	0.6922576789900446	0.324797984025186	0.08471063316975734	2.437798963122448	8.386255637872834e-05	0.32964354214403063	0.5980712833078566	0.0004705801020558366	0.0017663328971270298	0.9695129249824361	0.0010808308229729563	1.8727303074383417	0.014853626600410005	0.7048683091092415	1.7854677433925334	1.2272077024421684	2.4360345400932486	1.33909138955875	0.538737705757585	0.00675742187343799	0.20050618499912423	0.5032719849742194	0.06740678289343946	0.006769760011945895	0.01412158607716107	0.011831038053629733	0.2961103636922369	1.0276087403505962	0.1164691370964702	2.2977621463261864	6.576338908876797e-07	0.007753977604911118
47	0.5847571119341806	3.593638280978775	0.06479684381755704	0.0029514943204262236	1.3292401130133504	0.4995681863190734	0.6010304605161227	1.2580151931791637	0.8129375902090704	0.006058719690131571	0.001620302895246261	1.112806138145173	0.0006635956946797632	0.32114068521771827	0.8958732356620653	0.11053103572072258	2.535693606972499	0.07370178055936966	0.6920884179433409	0.32476902018586606	0.0858140089307788	2.4439733167419533	8.252824749808537e-05	0.3302190953626415	0.5979206084599561	0.0004837997383750959	0.0018164915061015	0.9850407564076558	0.0011189891257676128	1.8725065293304741	0.01545350084384998	0.7049126735154633	1.787034594967262	1.231816074630428	2.438952036133612	1.339666523099385	0.5380547893853886	0.006805860977888344	0.2015439696175362	0.5144132187277819	0.06863358699064852	0.006972024938689163	0.01265523381789334	0.01197020013019611	0.29950037220545767	1.0299422656144945	0.11892235970777477	2.3080915858102715	6.896251492213039e-07	0.008110435658310232
48	0.5971352701352178	3.5936424770171573	0.0651598415012218	0.0030460446089738214	1.3312888261007052	0.5005601644918888	0.6072227737167516	1.257973055412611	0.8184354654628334	0.00610778260365544	0.0016111939783372117	1.121194897330013	0.0006151315097767803	0.32089236696886975	0.89567872075143	0.11254195926966906	2.5468247849566037	0.07616880643143205	0.6919274230295203	0.3247396689447929	0.08704206105318305	2.4491572192660467	8.244127155460896e-05	0.3310133415441076	0.5977018675005789	0.0004983902634025719	0.0018587463704528458	0.9999894359580677	0.0011575041831250463	1.8721170730583978	0.016017088959657984	0.7049378389844769	1.7883679348110042	1.2362473116832344	2.4425773398328374	1.3395033730470183	0.5368534706472882	0.006836233272537191	0.20307847927267944	0.5254311550233648	0.06965787305771867	0.007136802359352922	0.011347813232484145	0.012074782854216327	0.30310821565735835	1.0310511998873684	0.12148995717217784	2.3166302622844173	7.220517056179667e-07	0.008500437408226959
49	0.6085460337625358	3.5936438382484317	0.0653950758897595	0.003135700563649236	1.3327940635674302	0.50114653834197	0.612739758745071	1.2575208682453805	0.8230463564490675	0.00613990087308941	0.0016028806478497963	1.128755022070013	0.0005753096590090439	0.32029512873656074	0.8954589671027351	0.11414729916033486	2.556149371729811	0.0788600058634604	0.6917771430614831	0.32471064421300827	0.08834642074319007	2.4533990883572225	8.336145905685777e-05	0.3319775008427002	0.5974299891296118	0.0005138889397956302	0.0018928444226119709	1.0140543552540537	0.0011953777853052285	1.8715947789714498	0.0165327846749286	0.7049460864974977	1.7894753842636115	1.2404070308516368	2.446710996568721	1.3387112028161618	0.5352397516186128	0.0068502092001577536	0.20500789242796072	0.5360670583626914	0.0704784209860597	0.00726352604343535	0.010182444024240567	0.012146642747228284	0.30681050006965094	1.0310828745036917	0.12409392480540254	2.323439881958634	7.541076440473844e-07	0.008912926922183043
50	0.6188316419602213	3.5936429261929117	0.06551454837712914	0.003218695516544472	1.3338007754108072	0.5013722561856778	0.6175497276984424	1.256729918379193	0.8267909057751127	0.006156554987330367	0.0015946933372696925	1.1354628889347604	0.0005428033851813368	0.3194144491173147	0.8952219591832606	0.1153553509463808	2.5637315469015642	0.08169100618016725	0.6916395506531547	0.3246825612052141	0.08968281160339668	2.4567591641691795	8.507388418108584e-05	0.33306425534084527	0.5971194691795944	0.0005298417896958044	0.001918831101955418	1.0270005553810215	0.001231721410893019	1.8709712897458521	0.01699156659751768	0.7049395969411332	1.7903678597573038	1.2442276701880486	2.45117187082436	1.33740010728414	0.5333159330052352	0.006849736296468671	0.2072327340960875	0.5461024777862079	0.07110022053922326	0.007353102960595319	0.009143979258171637	0.0121883769269335	0.3104978862701976	1.0301925991072638	0.12666452934208866	2.328613642787583	7.850186194715229e-07	0.00933677240179148
51	0.6278854029222418	3.5936402983162443	0.06553179217646625	0.0032936388828911315	1.334358484995384	0.50128453718374	0.6216424109127657	1.2556692034660504	0.8297074299027324	0.006159483533743085	0.0015861914210981147	1.1413149997746694	0.0005164469550298271	0.3183140179964652	0.8949749598639285	0.11618582593151852	2.5696652637854354	0.08458079085705227	0.6915161146505122	0.32465593059400655	0.09101190951531983	2.4593067812851834	8.738419751635935e-05	0.33422928433901633	0.5967838724915676	0.0005458172054027062	0.0019370156721399338	1.0386604319901984	0.00126578021491829	1.870276283214501	0.017387226356418373	0.7049204798382431	1.7910589385927027	1.2476652400829478	2.455800185214914	1.3356775876407225	0.5311774713933246	0.006836917674064789	0.2096582801005552	0.5553624452783805	0.07153350528166047	0.0074076898956433905	0.008218821271548334	0.012203115809197456	0.3140768052332805	1.0285373244743918	0.12914160699280972	2.3322694566456823	8.14081261064204e-07	0.009761097784750221
52	0.6356482592748376	3.5936364675932193	0.06546116380196162	0.003359536768312495	1.3345194954442656	0.5009311874767497	0.6250262735657832	1.2544038172927143	0.8318484144726283	0.006150576594063355	0.0015771181245441657	1.1463253920842669	0.0004952183241312717	0.3170538342648609	0.8947245126208818	0.11666756264059458	2.574067703357732	0.08745376977199305	0.6914077976448825	0.324631157584902	0.09229991962917969	2.4611177244990166	9.0116202534173e-05	0.3354323995534798	0.5964354663731004	0.000561419187394158	0.001947924630723393	1.0489285210259403	0.0012969485183589352	1.8695368944011561	0.017716379696901763	0.7048907893650754	1.791564251018607	1.2506956144594659	2.4604587721300377	1.3336457520942673	0.5289107593588862	0.006813904452220132	0.21219667414126328	0.5637162006110585	0.07179265885811953	0.007430415326990638	0.00739476072304546	0.012194323921721914	0.3174702307822783	1.0262703571453407	0.13147531922334021	2.3345434305065687	8.406965613552049e-07	0.010175650919399058
53	0.6421039594101556	3.5936318765142583	0.06531722826781773	0.003415788082471732	1.3343373034977335	0.5003592025711228	0.6277255989948065	1.2529937777742148	0.8332770855309217	0.006131781140117331	0.0015673598952163736	1.1505229600433569	0.0004782249175763031	0.31568883029491773	0.8944764366879423	0.11683608700423428	2.5770730236483512	0.09024173307381034	0.6913150762347348	0.3246085451736406	0.09351886962341514	2.4622717541542825	9.311104729605308e-05	0.3366382847379942	0.5960849836593916	0.0005762987874610516	0.0019522490416359582	1.057754397759131	0.0013247763290703467	1.8687773237435366	0.017978290816138397	0.70485252742101	1.791900909137111	1.253310799157393	2.4650329926791428	1.3313991764042492	0.5265917669561024	0.006782806695001667	0.21476863136250648	0.57107577546967	0.07189508956198166	0.007425082209046164	0.006660835978661099	0.01216562048081852	0.32061763471702326	1.023537202372239	0.13362638872433913	2.335583815104667	8.643939748250753e-07	0.010571159928550568
54	0.6472733164180153	3.593626884094461	0.06511425328939643	0.003462159925797052	1.3338652301682985	0.49961365506641453	0.6297775084153576	1.2514932543383823	0.8340641858146417	0.006105021993125407	0.00155691077772468	1.1539487879726824	0.0004646915987206379	0.31426798547741713	0.894235817938239	0.11673122538197317	2.578826599573592	0.092885482065512	0.6912379800628009	0.324588300667396	0.09464664202747024	2.4628503621945677	9.622742099318917e-05	0.33781687833403923	0.5957415035774101	0.000590162749316327	0.0019507910442960442	1.065134599436505	0.001348967437442126	1.8680186160907475	0.018174555842652217	0.7048076350689074	1.7920869799367445	1.2555154598550553	2.4694297314387486	1.3290234044637184	0.5242854264272105	0.006745624584657916	0.2173046602619832	0.577392888700915	0.07186015153640662	0.00739588151541495	0.006007209982117761	0.012120626880847965	0.3234742841243207	1.0204725106977905	0.1355658775516521	2.335545562166601	8.848445896350093e-07	0.01093963726308977
55	0.6512080011613779	3.5936217636074623	0.06486581561482074	0.003498747323688701	1.3331552675596465	0.49873685035173876	0.6312290541232927	1.2499501371674708	0.8342850461025998	0.006072139696199232	0.0015458419973800198	1.1566535757324694	0.00045395009182294904	0.3128338634618652	0.8940069993690392	0.11639492405492709	2.5794798786653903	0.09533599802590997	0.6911761447633592	0.3245705445138767	0.09566678407111776	2.4629347974443028	9.934220969078321e-05	0.3389434573085948	0.595412432173956	0.0006027788058299968	0.0019444137075117264	1.071104297254718	0.0013693703597632341	1.8672785871388213	0.01830869705761761	0.7047579748638184	1.7921410073228456	1.2573238633287753	2.473575805199352	1.3265940310786297	0.5220456142924164	0.006704199354110172	0.21974578760887106	0.582654644453678	0.0717081694226747	0.007347138053789122	0.005425061848264432	0.012062844250625655	0.32601005091132107	1.017198032681392	0.13727459324945565	2.3345855715350687	9.018633503664663e-07	0.01127460295192085
56	0.6539842514279639	3.593616708342141	0.06458451376953418	0.003525922790534792	1.3322571340576368	0.4977677227727151	0.6321344888878786	1.2484058857038465	0.8340170063898907	0.006034844948176213	0.0015342766652340254	1.1586952153097834	0.0004454293223840678	0.3114224947446732	0.8937935755364607	0.11586937459180663	2.5791859186188897	0.09755508156440998	0.691128873741713	0.324555320549331	0.09656814164937863	2.4626043791946697	0.00010235116854929892	0.3399984877539371	0.5951035608978386	0.000613977533201173	0.0019339971005132826	1.075729244281237	0.001385963818631826	1.8665718701446532	0.018385717058223422	0.7047053073153571	1.7920815861840231	1.2587572907614488	2.477416048090418	1.3241762862379383	0.519915580349223	0.006660182015012155	0.22204381329432793	0.5868785047325009	0.07145960169322654	0.007283101229505874	0.004906490646494485	0.011995561081211728	0.32820789570869136	1.0138214443830518	0.13874221836257408	2.3328586601302526	9.154016202689953e-07	0.011571212157393873
57	0.6556968001491846	3.593611842628074	0.0642817758553485	0.003544280908485702	1.3312175252946385	0.49674143981793495	0.6325527817741872	1.2468955953831529	0.8333372121677266	0.005994688095118807	0.001522369291090202	1.1601365601144966	0.00043864632150063373	0.31006352445573115	0.8935983950535455	0.11519549461736248	2.5780956250898055	0.09951546002110798	0.6910952040277871	0.32454260690672043	0.09734436589592467	2.46193510246233	0.00010516929269477827	0.3409673064651201	0.5948191815152014	0.0006236510225750699	0.0019204021869809438	1.0790983431877603	0.0013988385816454069	1.8659100552212766	0.018411654277676187	0.704651264955648	1.7919269901117787	1.2598419185746006	2.4809112650756266	1.3218250302622634	0.5179286843373864	0.006615017092013236	0.22416115159885494	0.5901069486466285	0.07113435889005765	0.00720778559586061	0.00444442917535474	0.011921788722543602	0.3300621687824042	1.0104358884213684	0.13996625714121036	2.330514246495706	9.255322277940197e-07	0.011826285036758071
58	0.6564532442168836	3.5936072356144475	0.06396774812311062	0.003554582343717359	1.330079545328871	0.49568918075102736	0.6325454222887446	1.245448227327877	0.8323207880247427	0.0059530415207857245	0.001510289640780239	1.161043413539521	0.0004331974939284626	0.30878055093417056	0.8934235744113908	0.11441177277366929	2.5763546728502438	0.10120041158289039	0.6910739721219243	0.3245323269826168	0.09799333822271365	2.460998526350147	0.00010773069759982925	0.34183969089688415	0.5945622371732906	0.000631748880585535	0.0019044430673425873	1.0813170269757504	0.0014081773900143405	1.865301895303195	0.01839317083725312	0.7045973272652694	1.7916948532204415	1.2606071251647548	2.48403618612679	1.3195850691607856	0.5161093213461344	0.006569938280320988	0.22607033252158815	0.5924021515132755	0.07075127789761479	0.00712485998994035	0.004032565922227761	0.011844221215725176	0.33157684520761804	1.0071200756257224	0.14095088398969746	2.3276937171013863	9.32429519160525e-07	0.012038247423853288
59	0.6563689995819201	3.5936029157176135	0.06365124919278752	0.0035577007255825346	1.328882300895864	0.4946380575572502	0.632174531552954	1.2440869536886705	0.8310393739242687	0.005911092520246323	0.0014982103927269285	1.1614827510818309	0.0004287501672073353	0.3075915907196648	0.8932705251125153	0.11355345694436111	2.574101069152099	0.10260298919204396	0.6910638766137597	0.3245243600190737	0.09851655416679825	2.459860928458076	0.00010998793647727268	0.34260936537195735	0.5943344923593834	0.000638272208089176	0.0018868672759370438	1.08250153193868	0.0014142344723746744	1.8647535560635573	0.018337192848491515	0.7045447991564247	1.791401905496806	1.261084164129517	2.486777505968423	1.317491706142193	0.5144739410292959	0.006525973028928907	0.2277532433838563	0.593840932767552	0.07032774258856826	0.007037580037934782	0.003665273804354236	0.011765215317654731	0.33276378469065737	1.003938804438093	0.14170576462200085	2.3245284222879365	9.363469051554927e-07	0.01220699810911777
60	0.6555629229044848	3.593598884176365	0.06333977538322273	0.003554574767472265	1.3276606409836789	0.49361114903336883	0.6315012813470842	1.2428295799391094	0.8295599981451052	0.005869844269824466	0.0014862980236930823	1.1615211805620955	0.00042503442055081485	0.30650961740056415	0.8931399946695967	0.11265204586936145	2.57146330319064	0.10372494525182603	0.6910635352641205	0.32451855099821914	0.09891849939677387	2.4585827027746756	0.00011191077594374942	0.3432734811526626	0.5941367080512907	0.0006432662444718611	0.0018683432953947269	1.0827740627537683	0.0014173158262844078	1.8642688909076854	0.018250613528838	0.7044947949630648	1.791063760197034	1.261305139753257	2.4891320585751644	1.3155714557236122	0.5130320895377772	0.0064839533717037465	0.22920018939796338	0.5945101423703432	0.06987943439873727	0.006948756651276219	0.0033375446588635566	0.011686786498614148	0.3336410810479402	1.0009437740723932	0.14224490563901282	2.321138239052411	9.375940653759078e-07	0.012333722367564085
61	0.6541536272151282	3.5935951266882165	0.06303954407761486	0.0035461670419492447	1.326445024048327	0.49262762253412756	0.6305846089581785	1.2416890136948378	0.8279442540571038	0.005830122718207247	0.0014747063696875342	1.1612236374445142	0.0004218352409614746	0.3055431336052148	0.8930321206550351	0.11173503458676282	2.568559017925374	0.1045754620173431	0.6910715350936549	0.32451471966451517	0.09920604384481978	2.4572179753626417	0.00011348451699437449	0.3438320982702644	0.5939688119873323	0.0006468123265134113	0.001849454151788374	1.082258799233502	0.0014177611175324157	1.8638497261009261	0.018140061661486774	0.7044482290749399	1.7906947509939999	1.261302223611448	2.4911051500193206	1.3138428590596514	0.5117874244557055	0.006444530765260012	0.2304088448770091	0.5945025868603853	0.06942019295383413	0.006860752442067469	0.0030449287626682906	0.011610616972740455	0.3342315441905531	0.9981745889852305	0.1425855732572396	2.3176306330738243	9.365154864392335e-07	0.012420672258046014
62	0.6522564791005022	3.593591622583897	0.06275556395193677	0.0035334300120310755	1.325261495692502	0.4917029217475596	0.6294802071345763	1.2406737569504709	0.82624774464379	0.005792587533097907	0.0014635723511529067	1.1606523066387926	0.000418985076321701	0.30469674622158616	0.8929464958617952	0.1108258615981261	2.56549413828615	0.10516978589483836	0.6910864747575627	0.3245126685805202	0.09938787288181118	2.455814410882196	0.00011470798613273343	0.3442876885304811	0.5938300573229026	0.000649019721906482	0.0018306958505801352	1.0810786662320981	0.0014159277355771684	1.8634961447466991	0.018011732278065663	0.7044058135852578	1.7903078158725536	1.261107058447207	2.4927090558926954	1.312317351397176	0.5107386708005615	0.0064081931605143765	0.23138315656129504	0.5939135408493623	0.0689619659889274	0.006775498318709679	0.002783478905135462	0.011538072305427916	0.33456133928559145	0.9956598736409237	0.14274730840559377	2.3141001518747975	9.334714753653833e-07	0.012470932792580224
63	0.649981236876941	3.5935883513942284	0.06249172291725676	0.003517279296268449	1.3241317604166654	0.4908490025551897	0.6282397633072961	1.2397884047408596	0.8245197580530961	0.005757745582362129	0.0014530134099832487	1.1598657581558283	0.00041635685798854127	0.30397172412967705	0.8928822418518532	0.10994400809577548	2.5623623912882456	0.10552785034400891	0.6911069990737013	0.32451219018834654	0.09947396818743612	2.454413183075858	0.00011559133494655373	0.3446446721654291	0.5937191657671936	0.0006500177822170753	0.0018124794492665238	1.0793527761558126	0.0014121772762174718	1.8632067615081918	0.017871272849802444	0.7043680626742854	1.7899144241892315	1.2607503044880373	2.493961678504498	1.3110001439380043	0.5098805000180923	0.006375282978329117	0.23213224899382534	0.5928378478310051	0.06851482869272388	0.006694523469890688	0.002549698706642919	0.01147022371564347	0.334658793669967	0.9934184361133399	0.1427510539973308	2.3106282834618086	9.288222879222734e-07	0.012488190149320788
64	0.6474302713989226	3.593585296958134	0.062250886566486245	0.0034985737066524766	1.3230733320042758	0.4900746023450303	0.6269104197954752	1.2390341380926118	0.8228031386486829	0.00572596576581318	0.0014431262705730669	1.1589182812950043	0.00041385755533346027	0.3033665251468151	0.8928380877516707	0.10910520508822519	2.5592451574250403	0.10567295499252473	0.6911318260066421	0.32451307289453946	0.09947514570309943	2.453049083346153	0.00011615378112865422	0.34490899520060275	0.5936344535137071	0.0006499487378015215	0.0017951356862598417	1.077194452123883	0.0014068645108330873	1.8629789825814373	0.017723716406408442	0.7043353029635288	1.789524542868389	1.2602612925642593	2.4948853527562296	1.3098910923018978	0.509204324090301	0.006346015047475676	0.23266937032741394	0.5913675845202623	0.06808705459815267	0.006618993178329651	0.0023404949823097286	0.011407873774479582	0.3345533717675129	0.9914604358370934	0.1426184010838092	2.3072836190903994	9.229155937088577e-07	0.012476514421699043
65	0.6446973016271795	3.593582449413585	0.06203500165056309	0.0034781013249878764	1.322099748146738	0.48938553099637866	0.6255344262515945	1.2384092028285467	0.8211343203894819	0.00569749431810944	0.001433986701602255	1.1578594003957898	0.0004114223073774904	0.30287728456950297	0.8928124510755042	0.10832171126950288	2.5562115978411275	0.10563055056263779	0.6911597667046462	0.3245151062251208	0.09940265384967482	2.4517507431563237	0.0001164214061034385	0.34508775061444413	0.5935739398914615	0.0006489613418432679	0.0017789212546359318	1.074709744919733	0.001400328746470989	1.86280924747855	0.01757345244952125	0.7043076887569754	1.7891466374018419	1.2596677568945291	2.495505786674857	1.3089855320005674	0.5086990038769809	0.006320493881941865	0.23301090626226456	0.5895902437191136	0.06768522269335517	0.006549750190893254	0.0021531340049579756	0.011351583743121701	0.3342748111785771	0.9897885244783176	0.14237095373118352	2.304122264125497	9.160771860065348e-07	0.012440165563274767
66	0.6418665739063444	3.593579805516451	0.06184520058071186	0.003456570745076508	1.321220835998788	0.4887849741287115	0.6241489565094429	1.2379093684851237	0.8195434923710808	0.0056724699619402465	0.0014256500154937743	1.1567335543517447	0.00040900915657178684	0.3024982618320956	0.8928035175535374	0.10760263187146218	2.5533190074429273	0.10542716215354525	0.6911897393608861	0.32451808511423597	0.09926783199667102	2.450540947915033	0.00011642509975777307	0.3451888435774701	0.593535439730113	0.0006472054707931255	0.001764025992528019	1.0719963654447853	0.001392887377799854	1.8626932507183005	0.017424226883149554	0.704285220925445	1.788787703148491	1.2589956277931056	2.495851121988397	1.3082750678612567	0.5083514752326161	0.00629872992293845	0.23317548049056322	0.5875873798577885	0.0673143481507117	0.006487356561793493	0.0019852015388346586	0.011301701265788137	0.3338524086664349	0.9883989395121562	0.1420298075920931	2.3011884466987036	9.086046349185566e-07	0.012383427632816899
67	0.6390124152924705	3.593577367762828	0.061681904147641006	0.003434606572176111	1.3204430164501135	0.4882738011295072	0.6227860637760695	1.2375283634909633	0.8180548696390488	0.005650938499844082	0.0014181520960906365	1.1555799218568568	0.00040659438996852587	0.3022222446388804	0.892809317334185	0.10695425576492232	2.55061334975497	0.10508946849250135	0.6912207777491468	0.32452181339781994	0.09908182687470997	2.4494370220814825	0.00011619871596020023	0.3452206992356087	0.5935166410436954	0.0006448277081946517	0.001750580438060105	1.0691429643766495	0.0013848313723301476	1.8626261426235038	0.017279163096213475	0.7042677681620872	1.7884533223820476	1.2582688706758827	2.4959511010376523	1.3077483093166267	0.508147298885612	0.006280654554475322	0.23318315227471564	0.5854336568816987	0.06697802670063256	0.006432133902694889	0.0018345665091158447	0.011258387524587653	0.3333144423581011	0.9872825379746246	0.1416151339560199	2.298515279581687	9.00763464104284e-07	0.01231047342745115
68	0.6361990956980325	3.593575142767694	0.06154492057818444	0.00341274830698349	1.3197696359853894	0.48785087199928273	0.6214727503721518	1.2372582840221429	0.8166870456642247	0.00563286659437753	0.0014115107910283229	1.154432374563079	0.0004041684754814798	0.30204091172316727	0.8928277954396308	0.10638039429487978	2.5481299346526933	0.10464354255259095	0.691252035292125	0.32452610658587583	0.09885536309085717	2.448451267318527	0.00011577747696712357	0.3451920104250995	0.5935151698976286	0.0006419678789479947	0.00173866335327596	1.0662287008131401	0.0013764224049406704	1.8626027091758748	0.017140797525911057	0.7042550894100974	1.7881477425927708	1.2575093626001754	2.4958363281163676	1.3073915471211912	0.5080711410816378	0.006266133829270243	0.23305471562306432	0.5831962382604632	0.06667858504959132	0.006384200789304113	0.001699348152905035	0.011221643273083216	0.33268771556694776	0.9864257634202993	0.1411458592191091	2.296125636128245	8.927853854598201e-07	0.012225259231418987
69	0.6334809398438355	3.5935731392949277	0.061433539743482084	0.003391451822478163	1.3192013160725116	0.48751333823947485	0.6202311306871394	1.2370899747681587	0.8154534059790386	0.005618154604906432	0.0014057275433621706	1.1533195408389103	0.0004017325666936469	0.30194515639247155	0.8928568749114195	0.10588271053925663	2.545894204922205	0.10411424958834936	0.6912827854793233	0.3245307939855559	0.09859856299043004	2.447591437546307	0.00011519664259112719	0.345111522175846	0.5935286443322139	0.0006387564601080548	0.0017283089525209083	1.0633230510632965	0.001367891357524121	1.8626175313616922	0.017011124305378246	0.7042468564057216	1.7878739716954266	1.2567368012498321	2.4955376155565383	1.307189369606534	0.5081071920383531	0.0062549809244265295	0.2328110998418785	0.5809344620856968	0.06641723177488773	0.006343506691696249	0.0015778864738009912	0.011191333399787746	0.3319972077697316	0.9858115428196109	0.14063942889840175	2.294033106135709	8.848681321476512e-07	0.012131447715894505
70	0.6309026370637734	3.59357136625664	0.061346621826331105	0.0033710927473224	1.3187363110632115	0.48725693392563785	0.61907866847542	1.2370133803568537	0.8143625853106098	0.005606648431530324	0.001400789167654597	1.152264963528821	0.00039929553909276775	0.3019253734525318	0.8928945116338106	0.10546103182395569	2.543922601848633	0.10352479201681598	0.6913124193798664	0.3245357202438546	0.09832081066997628	2.446861236661635	0.00011449044221561189	0.3449878497098914	0.593554719061462	0.0006353127696677835	0.0017195136746918868	1.0604858170067188	0.0013594379163517716	1.8626651247295665	0.016891644822280227	0.7042426754614891	1.7876338860131007	1.2559686438923547	2.4950854071826964	1.307125218289079	0.5082395287051018	0.006246967393951034	0.23247286785695695	0.5786997492948438	0.06619420479445189	0.006309862236339189	0.0014687157999391345	0.011167209841570153	0.3312658190567137	0.9854201124108407	0.14011164524439818	2.2922430019751765	8.771764700030167e-07	0.012032355943187634
71	0.6284997041968253	3.5935698309160333	0.06128268008693023	0.003351971183427798	1.3183708666102163	0.4870762538175264	0.6180284719467894	1.2370178665146132	0.8134189530643205	0.005598150369508807	0.0013966696996817417	1.151287335947804	0.0003968715136013178	0.3019717121504768	0.8929387403275062	0.10511364146719607	2.5422234837270494	0.10289638634617475	0.6913404409078979	0.32454074637445574	0.09803065485892835	2.4462608264685426	0.00011369125464530127	0.3448293267374962	0.59359112242147	0.0006317438232505248	0.0017122424170797615	1.057767300408611	0.0013512310268507758	1.8627400600368067	0.016783419107874863	0.7042421078121849	1.7874283471790828	1.255220075522677	2.494509273899655	1.3071818837160585	0.5084524274529125	0.006241833306975406	0.23205980640467216	0.5765356990827032	0.06600891281850367	0.006282965900524409	0.0013705412281590412	0.011148932781203092	0.3305141955292398	0.985229772779238	0.13957656794207848	2.2907533893372087	8.698440254338059e-07	0.011930924859426425
72	0.6262990636397792	3.593568537446802	0.06123995757271722	0.0033343172967937535	1.3180995716009372	0.4869650159156069	0.617089632223317	1.2370925102695511	0.8126231142043996	0.005592429007713397	0.0013933322671035766	1.1504008012542495	0.0003944778194280604	0.30207429758976784	0.8929877116408916	0.1048375479799335	2.540798074380275	0.10224805511400263	0.6913664604054103	0.3245457503288343	0.0977357455447648	2.445787334010336	0.00011282901209938455	0.344643881090976	0.5936356867635441	0.0006281437469949117	0.0017064342041918788	1.055208615231249	0.0013434099976600334	1.8628370659327027	0.016687116900184637	0.7042446880408667	1.7872573244127974	1.2545040063079402	2.4938374779790977	1.3073419430682442	0.5087306313468659	0.006239296364368761	0.23159060077978808	0.5744783318575173	0.06586006917381529	0.006262427415322236	0.0012822177262320844	0.011136090134329986	0.32976062442777343	0.9852175740082418	0.13904646814235216	2.289556120472912	8.629756331227421e-07	0.011829706491399118
73	0.6243197048249428	3.5935674859296824	0.0612164977329491	0.003318297422764547	1.317915697579652	0.48691630632895383	0.6162675926121671	1.2372263587048615	0.8119724144665295	0.005589228218133619	0.001390730941835951	1.149615301297036	0.00039213334706982044	0.30222342276437236	0.8930397206180964	0.10462873146052928	2.539641421538627	0.10159651610746995	0.691390187016953	0.3245506271675016	0.09744279953019386	2.445435349011122	0.00011193079977601948	0.3444389350381998	0.5936863732138873	0.0006245936402023632	0.001702007301687853	1.052842114400375	0.0013360860792418603	1.862951114652811	0.0166030669695148	0.7042499402813105	1.7871200189686574	1.2538310986990284	2.4930966039624867	1.3075881413886101	0.5090595757208694	0.0062390600787756685	0.23108258609784446	0.5725564461869446	0.06574581709577597	0.006247788239882193	0.0012027316611913257	0.011128215369556025	0.3290209890822303	0.9853599319123616	0.13853182698501929	2.2886378509407286	8.566499712899449e-07	0.01173086518515569
74	0.6225734027748717	3.5935666718066956	0.06121020895139328	0.0033040204154888776	1.317811520577695	0.4869228047119285	0.6155645377778793	1.2374086559795594	0.8114614404591285	0.005588275285571771	0.0013888125444329164	1.1489369620132945	0.0003898572431538886	0.302409713024876	0.893093227090628	0.10448236784069193	2.538743347379777	0.10095615158526385	0.6914114202475147	0.3245552888835111	0.09715759051130038	2.4451974035383888	0.00011102062059083707	0.34422132792795995	0.5937412914800699	0.0006211617910060761	0.0016988638072510378	1.0506919108016675	0.0013293443743368867	1.8630774917045363	0.016531303866873466	0.704257392048623	1.7870149879185622	1.2532098243179135	2.4923112549477215	1.3079037184966782	0.5094255749787644	0.006240821089144772	0.2305515668070949	0.5707920617509105	0.06566384605845547	0.0062385394928170385	0.0011311845241799617	0.011124803720616718	0.3283087749857942	0.9856331763330004	0.13804137075075806	2.287981023667295	8.509223110850422e-07	0.011636189537374641
75	0.6210654719256765	3.5935660857674496	0.06121892302551067	0.0032915440449434873	1.3177786211921694	0.48697698888678354	0.6149797933068999	1.2376290385786681	0.8110825066106548	0.0055892882217541745	0.0013875183774356892	1.1483685034555535	0.00038766790117074595	0.3026242644865759	0.8931468687265034	0.10439303210905901	2.5380893757318117	0.10033904143932781	0.6914300410216638	0.32455966392706176	0.09688495970018196	2.4450644273026865	0.00011011929514519194	0.3439972591012196	0.5937987151893782	0.0006179041603810216	0.0016968937605036849	1.0487744746653251	0.0013232459664991847	1.8632118505283102	0.016471611673516618	0.7042665856774502	1.7869402648007997	1.2526465501044197	2.491503813370907	1.308272683768848	0.509815972938686	0.006244275664500698	0.2300116963185991	0.5692009251966551	0.06561149900842671	0.0062341377062295235	0.001066778629837915	0.011125326849732093	0.3276351193461293	0.9860140324151193	0.13758213573629785	2.2875648066665883	8.458272572329016e-07	0.011547112093238237
76	0.619795537135466	3.5935657140095394	0.061240447617469176	0.0032808813033683368	1.3178081596442435	0.4870713176176035	0.614510227373663	1.2378776990436238	0.8108261221477524	0.0055919822996992495	0.0013867858691805656	1.147909663550461	0.0003855822054985434	0.30285875765815207	0.8931994675865036	0.10435488178724034	2.537661622488173	0.09975504591707052	0.6914460024998301	0.32456369647721706	0.0966288434468254	2.445026173229371	0.00010924446899943397	0.34377224923340155	0.5938570931012831	0.0006148650627024101	0.001695978816210413	1.0470992911304462	0.0013178301779426407	1.8633502531302821	0.016423564615642143	0.7042770874463812	1.7868934750427417	1.2521456523480374	2.4906942652709447	1.3086800410765642	0.5102192586403337	0.00624912543597406	0.22947540898965418	0.5677930599030965	0.0655858705310653	0.006234018721253504	0.0010088045798443202	0.011129246012974254	0.3270088973402178	0.9864800357903649	0.1371595568338921	2.28736597309774	8.413813983725297e-07	0.011464734352622245
77	0.61875830679145	3.5935655387955054	0.06127261269610593	0.0032720065274029356	1.3178911234024882	0.4871983908505288	0.6141506472793415	1.2381455187639374	0.8106814323879681	0.0055960758350316955	0.001386550112680432	1.1475576257374565	0.0003836149900377245	0.3031055474294774	0.8932500310925477	0.10436182187135969	2.537439637732468	0.09921192542764354	0.6914593208563294	0.3245673455043081	0.09639231471820064	2.4450716090813605	0.00010841070230330011	0.34355111844320685	0.5939150564448243	0.000612077983670293	0.0016959955217804063	1.0456695628556711	0.0013131168886438087	1.8634891977056636	0.016386564586635365	0.7042884945392144	1.786871944435208	1.2517096562690488	2.489900086506884	1.3091119663129671	0.510625149342903	0.0062550823829484355	0.22895339719776	0.5665733440114203	0.06558389605008952	0.006237609983720582	0.0009566302945858322	0.011136023767009229	0.3264368389921671	0.9870098827327279	0.13677757458545825	2.287359714528484	8.375858177109134e-07	0.01138985509310481
78	0.6179443353157328	3.5935655392202372	0.061313310989945816	0.0032648612743213295	1.3180185457678444	0.4873510870912392	0.6138941845805301	1.2384241707721904	0.8106366296392432	0.0056012952329797154	0.0013867452864801681	1.1473074417053506	0.0003817786769137822	0.30335773051325915	0.893297748320184	0.10440765227153065	2.5374011899686755	0.09871548689548992	0.6914700661824944	0.32457058366438585	0.09617763565379378	2.445189271987827	0.00010762962028113465	0.3433379796120495	0.5939714225862847	0.0006095664880194477	0.001696818233758638	1.0444829432454488	0.0013091088651633741	1.863625634306329	0.016359875714141874	0.7043004400415198	1.7868727992966984	1.2513393978655205	2.4891361885846544	1.3095559401205144	0.5110246424320394	0.006261873089831778	0.2284546268060667	0.5655421037266373	0.0656024321777009	0.006244341434537016	0.0009096914328964088	0.011145134245823618	0.3259236711262029	0.9875837166503048	0.13643875616234252	2.2875203803436293	8.344284384325878e-07	0.011323000452144967
79	0.6173407642766404	3.593565692102992	0.06136053248586619	0.003259359912592739	1.3181816945765727	0.48752267795215243	0.6137326633914131	1.238706193860058	0.8106793299459505	0.005607379314317055	0.0013873059462868472	1.1471524415357939	0.00038008306480887064	0.30360919148016846	0.8933419824974396	0.10448619855456591	2.5375229847236094	0.09826974797089309	0.6914783536457423	0.32457339606499913	0.09598631873056027	2.4453675837445132	0.0001069101066155594	0.34313624541117255	0.5940251952248947	0.0006073451795992396	0.00169832170039893	1.0435322863670797	0.0013057940603236396	1.8637569696486413	0.016342656142728337	0.7043125961980837	1.7868930573104171	1.2510342039080924	2.4884149207546473	1.3100008386568551	0.5114100380918067	0.006269242284970181	0.2279863848942525	0.5646957109374097	0.06563832832255585	0.006253655128739256	0.0008674830364553934	0.011156072028665169	0.32547227925005107	0.988183352725874	0.13614442629537032	2.2878221382162587	8.318861948858629e-07	0.011264454592822468
80	0.6169320328694756	3.593565972925144	0.06141239303866736	0.0032553949007159302	1.3183722308774897	0.487706920262814	0.6136569472592192	1.2389850397042548	0.8107969128278687	0.0056140829311877	0.0013881681780191647	1.1470846246693263	0.0003785352403654644	0.30385462864480584	0.8933822605364168	0.10459142657562448	2.5377813116412153	0.09787711207714672	0.691484335010013	0.324575778939482	0.09581919433745943	2.4455951256961295	0.00010625852515990697	0.34294864754185905	0.5940755613348322	0.0006054206849468439	0.0017003833299028444	1.0428064000969879	0.0013031478542363196	1.8638810622025814	0.016333987194607616	0.7043246761672953	1.786929708341329	1.2507920853200605	2.487746123981907	1.3104369854923927	0.5117749348393612	0.00627695567260069	0.22755435417677447	0.5640271757559285	0.06568848964783744	0.006265013664952653	0.0008295522519745385	0.011168359617943005	0.32508388453330217	0.9887924430921617	0.13589480465732617	2.2882395524492907	8.299270311744803e-07	0.011214290098615798
81	0.6167005498562146	3.593566356746221	0.06146715720336138	0.0032528417360041468	1.3185823380718447	0.4878981264883133	0.6136572608009953	1.2392550950384993	0.8109768220346595	0.005621179884737672	0.001389270604918087	1.1470950262224209	0.000377139589650514	0.3040895612284896	0.8934182603512404	0.1047175414097121	2.538152616014442	0.09753854872146508	0.6914881906031217	0.3245777382647196	0.0956764827857102	2.4458608728862434	0.0001056789584704057	0.34277726667185454	0.5941218851105043	0.0006037926383737456	0.001702885157451981	1.0422907895825422	0.0013011352138215062	1.863996208745165	0.016332900037628113	0.7043364345062503	1.7869797848402573	1.250609938777386	2.4871372313772184	1.3108561680014494	0.5121142003199858	0.006284802072056485	0.22716270903428143	0.5635267257699533	0.06574993146720054	0.006277907466193575	0.0007954920001818128	0.011181553548800943	0.32475823129873543	0.9893965855823563	0.13568914659749517	2.2887480787902015	8.285117346911545e-07	0.011172397500945364
82	0.6166273202472812	3.593566819044841	0.06152325546180093	0.003251563558676685	1.318804822561206	0.48809121453127746	0.613723483063532	1.239511681212705	0.8112068261860892	0.005628465160518239	0.00139055524361813	1.1471740542893567	0.0003758978898151085	0.3043103194199723	0.8934497966338224	0.10485907088617019	2.538613992480052	0.09725377470573454	0.6914901218006841	0.32457928835494954	0.09555786897378685	2.4461543879594037	0.00010517345429188829	0.3426235715133979	0.5941636992196568	0.0006024546519480788	0.0017057155193630014	1.0419683788322525	0.0012997127525243967	1.8641011235938778	0.016338399945256953	0.7043476666089237	1.787040421713795	1.2504837512265357	2.4865934088051334	1.311251621867091	0.5124239200738016	0.006292594884941069	0.22681422853653455	0.5631823647448468	0.06581982518154902	0.006291860925121975	0.0007649354754280416	0.011195249160246607	0.3244937806770692	0.9899833797821863	0.135525884464269	2.289324476006543	8.275956145320738e-07	0.011138513541835801
83	0.6166925211461561	3.5935673364460934	0.06157929608408637	0.0032514153979302978	1.3190331874251147	0.4882817382917902	0.6138454103329324	1.2397510337282784	0.8114752389823365	0.005635756504149356	0.001391968206612271	1.1473117949449043	0.00037480946381527187	0.3045140191522248	0.8934768056733845	0.10501093399768133	2.5391436003064447	0.09702143284961494	0.691490344083031	0.3245804504614853	0.09546257809524236	2.446465976016995	0.00010474227332151515	0.34248846545002304	0.5942006937169743	0.0006013952577722987	0.0017087704398486955	1.0418201992101177	0.0012988306750238497	1.8641949117542158	0.016349488188420226	0.7043582073023459	1.787108905779935	1.2504088021462492	2.4861177287267298	1.3116179875443388	0.512701327272782	0.00630017291972163	0.2265104222382167	0.5629804043208191	0.06589553589832176	0.006306437412113409	0.000737551373262281	0.011209084070224994	0.3242879063170129	0.9905424347744448	0.13540276704621482	2.289947136063052	8.271300347001752e-07	0.011112247919555018
84	0.6168760223102101	3.593567887311522	0.061634071937852794	0.0032522480470000307	1.319261681042419	0.488465900616119	0.614012986873836	1.2399702645173298	0.8117710994390746	0.005642895367969079	0.001393460251299029	1.1474982827051705	0.0003738713833903175	0.304698523589984	0.8934993297211737	0.10516849449828937	2.5397210013017633	0.09683926560359984	0.6914890807098593	0.32458125140530153	0.09538945093190407	2.4467868022556987	0.00010438413332172076	0.34237233909385095	0.5942327030128507	0.0006005988128594653	0.0017119547350073396	1.0418260348305637	0.0012984345938765803	1.8642770372152224	0.016365181561677274	0.7043679287849386	1.787182715138068	1.2503798587488366	2.485711369937439	1.3119512426967974	0.5129447166547624	0.00630740061310661	0.22625166489030069	0.5629059630065473	0.06597465193662726	0.0063212431419170795	0.0007130397554303891	0.011222740412585676	0.3241370883153988	0.9910653335614683	0.13531699493191576	2.2905963361390422	8.270638104631516e-07	0.011093108365828675
85	0.6171578481354637	3.593568452181074	0.0616865626296348	0.00325391155462483	1.3194853228767245	0.4886405504710024	0.6142165028128043	1.240167309836871	0.8120843133154371	0.005649747268474118	0.001394987178673762	1.1477237351868503	0.000373078707465526	0.30486239346025806	0.8935175013214145	0.10532760011256263	2.5403274228262287	0.09670428151419229	0.6914865570464348	0.32458172226620324	0.09533701742295196	2.447108974749458	0.00010409644599335276	0.3422751271531338	0.5942596913229633	0.0006000463589504478	0.001715182839610344	1.0419650163161596	0.00129846720670709	1.8643472876055385	0.016384529521407162	0.7043767380690877	1.787259548957408	1.2503913598865135	2.485373835743593	1.3122486147208912	0.5131533460258265	0.006314167697630415	0.2260373365403096	0.5629434275387197	0.06605500650217364	0.006335929902388114	0.0006911284724355469	0.011235945911002933	0.32403710185093104	0.9915455596345739	0.13526534984877153	2.291254416944641	8.273444739444702e-07	0.011080523968318197
86	0.6175185789540044	3.5935690140675667	0.0617359324269376	0.003256258321525699	1.3196999088682386	0.48880316632967147	0.614446759083921	1.24034086667452	0.8124057575453228	0.005656201603406063	0.0013965100875851114	1.1479787516129387	0.00037242474480928705	0.3050048284428508	0.8935315279552167	0.10548460793462243	2.540945949678589	0.0966129129426943	0.6914829955644481	0.32458189714885566	0.09530356734821695	2.4474255951682977	0.00010387554400784142	0.34219636801877285	0.5942817370410315	0.0005997164310307443	0.001718379364685618	1.0422161560498746	0.0012988698240900087	1.864405736378758	0.016406628904052707	0.7043845740681943	1.7873373483299946	1.2504375851462137	2.4851031832806525	1.3125084774886	0.5133273287491853	0.006320388374129264	0.22586596480700127	0.5630768724975673	0.06613469190917307	0.006350196664429349	0.000671570073121733	0.011248473882019508	0.32398319737574294	0.9919783915009974	0.13524431630136707	2.2919058928171454	8.279194125962749e-07	0.0110738666905222
87	0.6179396907279855	3.593569558613096	0.061781524463082174	0.003259145792887066	1.3199019990146317	0.4889518278459264	0.6146952000131656	1.2404903205120088	0.8127273500404919	0.00566217098556396	0.0013979954931802561	1.1482544756312154	0.0003719013311909848	0.3051256018621121	0.8935416772769391	0.10563639678234214	2.541561649717293	0.09656116376922266	0.6914786115298287	0.3245818120423356	0.09528721711593048	2.4477307805582456	0.0001037168962974235	0.34213526454229903	0.5942990164782461	0.0005995858093186421	0.0017214793973750254	1.042558819864493	0.0012995837399268871	1.8644527036313026	0.016430636198382437	0.7043914044478835	1.787414308943917	1.2505128064249824	2.4848962570857527	1.3127302363685367	0.5134675205823054	0.006326000055482191	0.2257353664200743	0.5632904349577442	0.06621206682470168	0.006363790113136513	0.0006541391388162881	0.011260142275060975	0.32397026963983555	0.9923607711595497	0.1352501940972952	2.292537499890832	8.287368820788437e-07	0.01107247106146927
88	0.6184038334082311	3.5935700741231162	0.061822851766092354	0.0032624387415314217	1.3200888897876382	0.4890851779236546	0.6149540147171817	1.2406156671730235	0.8130420876966324	0.0056675901571737715	0.001399415320575908	1.1485427236290888	0.0003714991125142264	0.3052249908819543	0.8935482631627354	0.10578036746865517	2.5421616389552772	0.09654474606801053	0.691473609378914	0.32458150378617084	0.0952859718030758	2.4480196595365853	0.00010361531018136393	0.34209074457678257	0.5943117873983814	0.0005996302102913261	0.001724428558609309	1.0429731319883753	0.0013005514380395465	1.8644887165704067	0.01645577736577793	0.7043972223424145	1.7874888864108258	1.2506114201207406	2.484748920656103	1.3129142054270857	0.5135754040680255	0.0063309617535457965	0.225642785422559	0.5635686419084956	0.06628575710654949	0.006376504163441732	0.0006386299865436189	0.0112708118703024	0.32399301328646024	0.9926911525292005	0.13527920062463905	2.29313818922834	8.297468935501397e-07	0.011075652016778374
89	0.6188950493657326	3.5935705514979484	0.06185958567584727	0.0032660111413916554	1.3202585740269046	0.48920237726413623	0.6152162090185195	1.240717431301683	0.8133440557935046	0.005672414553445547	0.0014007467868038083	1.1488360803367985	0.00037120782649460195	0.3053037043060932	0.8935516327385629	0.10591443213970078	2.5427350925244028	0.09655920494781738	0.691468179773447	0.32458100915214405	0.09529778176029308	2.448288346388936	0.00010356511922708277	0.3420615199836297	0.5943203727488513	0.0005998249130367418	0.0017271828383289235	1.0434403119291011	0.001301717630940619	1.8645144705471601	0.016481355233985917	0.7044020430208942	1.7875597951312452	1.250728058898736	2.484656280502293	1.3130614804722416	0.5136529734402598	0.006335252184294537	0.2255850257486968	0.5638966891774888	0.06635465089116514	0.006388178546705552	0.0006248546918625332	0.01128038376476626	0.3240460632486385	0.9929693356846105	0.13532756202919638	2.2936990721800803	8.30901974612586e-07	0.011082720876798085
90	0.6193989343653723	3.593570984083293	0.0618915422196984	0.0032697476367431226	1.3204096908863394	0.4893030533976727	0.6154756500226606	1.2407965837886674	0.8136284122338647	0.00567661858652304	0.001401972185608324	1.1491279640064551	0.0003710165764571942	0.30536280993100784	0.8935521545093112	0.10603699399221883	2.5432732083414997	0.09660003093541215	0.6914624973142076	0.32458036404755763	0.09532059326105637	2.4485338965950674	0.00010356035596449425	0.34204614296701236	0.5943251449472017	0.0006001453179679488	0.0017297082318660137	1.0439429437479473	0.00130303012927541	1.864530791453726	0.01650675452899774	0.704405900573697	1.787626001604254	1.2508576827600166	2.4846128980870503	1.313173811293379	0.5137026226864873	0.006338867666679394	0.2255585762159853	0.5642606716085984	0.06641788865785814	0.006398696575498833	0.0006126413871501377	0.011288796282442934	0.3241241186822824	0.9931962924534399	0.13539159272655876	2.294213325408122	8.321578032150471e-07	0.011092999451072042
91	0.6199027444994354	3.5935713674614136	0.06191866700618238	0.0032735446190779957	1.3205414682900694	0.4893872460866405	0.6157270858548443	1.240854460196092	0.8138913502137703	0.005680193721294599	0.0014030785906727588	1.1494126638366087	0.00037091409178077663	0.3054036631998721	0.8935502076712898	0.10614691880761962	2.543769130530693	0.0966627594571923	0.6914567188829812	0.32457960284227166	0.09535239284333383	2.4487542472669044	0.00010359490873666599	0.3420430587767816	0.5943265110325499	0.0006005674357729975	0.0017319802043488566	1.0444651797915752	0.0013044405431759474	1.8645386001592015	0.01653144465277007	0.7044088446773759	1.7876867130877072	1.2509956498131523	2.484612985972066	1.3132534760843364	0.5137270390366984	0.006341819888727557	0.22555972630599466	0.5646477652390915	0.06647484904456714	0.006407982210528047	0.0006018327958114524	0.011296021445354236	0.324222049672565	0.993373988503651	0.13546776296794047	2.2946760629872935	8.334737146106247e-07	0.011105832264347616
92	0.6203954533053231	3.5935716992033484	0.06194101917078017	0.0032773109300574827	1.3206536601946415	0.4894553508323387	0.6159661433134043	1.2408926819426238	0.8141300429636428	0.005683146412577627	0.0014040574933086897	1.149685352584149	0.00037088897043563717	0.3054278386731938	0.8935461726563617	0.10624349981923933	2.5442178396813766	0.09674305715420731	0.691450982573367	0.32457875781872897	0.0953912451571156	2.44894814586467	0.00010366266211629605	0.3420506540121862	0.5943248989354509	0.000601068305419205	0.0017339830123473073	1.04499288234975	0.0013059048196081534	1.8645388795296673	0.01655498035747812	0.7044109374860406	1.7877413624944734	1.2511377677138862	2.484650585429632	1.313303160630834	0.5137291037423791	0.006344133610180679	0.22558467145095895	0.5650463631586964	0.0665251312166543	0.006415996565149601	0.000592284967073658	0.011302061139447022	0.3243349864304513	0.9935052065216138	0.13555275445171655	2.295084182798923	8.348130828958215e-07	0.01112059690943673
93	0.6208677639362732	3.5935719786002114	0.061958754869066046	0.0032809682152353005	1.320746480760948	0.4895080620368579	0.6161893063613396	1.240913081709369	0.8143425741531465	0.005685495969242409	0.0014049043905798018	1.1499420774735079	0.00037092989996169375	0.305437065578395	0.8935404229268252	0.10632641745856457	2.544616016868674	0.09683679495351219	0.6914454071629614	0.32457785874142636	0.0954353242886949	2.4491150703766658	0.00010375762047059857	0.34206729995436774	0.5943207450606979	0.0006016263410773405	0.0017357089132996983	1.0455137078628873	0.0013073836225883516	1.8645326444491226	0.016577000506407587	0.7044122506883749	1.7877895903723946	1.2512803271797646	2.4847197236712395	1.3133258444130242	0.513711801589634	0.006345844364885531	0.22562960688620642	0.5654461675775379	0.06656853459257311	0.006422733988631665	0.0005838661798413943	0.011306943102392877	0.3244583911405505	0.9935933744827176	0.1356435042273741	2.2954361940857746	8.36143580525826e-07	0.011136712546977665
94	0.6213120817233974	3.593572206388789	0.06197211076373456	0.003284450958825468	1.320820537322818	0.48954631717255215	0.6163938784530674	1.2409176342260226	0.8145278574242834	0.005687272405237056	0.0014056183392960348	1.1501797325859833	0.00037102585411469946	0.30543316843814894	0.8935333180150955	0.1063956955058633	2.5449618880584075	0.09694010801338883	0.6914400920729704	0.3245769325399406	0.09548293867821923	2.449255143916649	0.00010387401443156363	0.34209139054768567	0.5943144833185925	0.0006022216089467367	0.0017371572935002298	1.0460171391913766	0.0013088425657570932	1.86452091513332	0.01659722514462501	0.7044128627618176	1.787831224764079	1.2514201193076633	2.4848145496701433	1.3133246953361246	0.513678140176169	0.00634699621865724	0.22569080946497383	0.5658382413533984	0.0666050367097576	0.006428217869233687	0.0005764559876326537	0.011310716850363466	0.3245881130172898	0.993642402374761	0.1357372373680127	2.29573203256701	8.374373213123864e-07	0.011153646591125124
95	0.6217224527585177	3.593572384483495	0.06198138789581042	0.00328770623438169	1.320876763808001	0.4895712431039654	0.6165779316857	1.2409083933054217	0.8146855483188024	0.005688514330608498	0.0014062014903733165	1.1503960158999293	0.00037116626326483867	0.30541801351702125	0.8935251977807815	0.1064516551043619	2.545255055088834	0.09704944285742964	0.6914351177564948	0.32457600309769086	0.09553254987711368	2.4493690464221354	0.00010400639022951776	0.34212137483163657	0.594306535683774	0.0006028360361000272	0.0017383337446206472	1.04649447207673	0.0013102523091020374	1.8645046939113583	0.016615451127222368	0.7044128564486648	1.7878662596803017	1.2515544386284256	2.4849294482869895	1.3133029743715587	0.5136310795883203	0.0063476396299086855	0.2257647071542426	0.5662150228106347	0.0666347699729278	0.0064324962927147285	0.0005699443799449584	0.01131344964835661	0.32472042746475355	0.9936565300784224	0.13583148908588571	2.2959728689470618	8.386708945625083e-07	0.01117091964232687
96	0.6220944742450807	3.593572515723637	0.061986936269758236	0.003290693209649946	1.3209163560292536	0.48958410549787323	0.6167402456830773	1.2408874357208317	0.8148159516118613	0.005689266927902367	0.0014066586167893825	1.1505893740671893	0.0003713411574524741	0.3053934615773193	0.8935163778394672	0.10649486799116044	2.5454963188949216	0.0971615922063385	0.6914305464536978	0.3245750911371304	0.09558278550362932	2.449457925839112	0.00010414968207319951	0.3421557837909309	0.5942973043088153	0.0006034535545724989	0.0017392491170006349	1.0469387622832953	0.0013115885335172588	1.8644849455430512	0.016631546568081974	0.7044123164727083	1.78789483285066	1.2516810739366337	2.4850591330334812	1.3132639509806903	0.5135734727540413	0.006347829451444837	0.22584793623029997	0.5665703081115347	0.0666579979684402	0.006435637681822013	0.0005642310385553976	0.011315222614426801	0.32485206051079696	0.9936401884632566	0.13592411712859048	2.296160916019655	8.398253000234824e-07	0.011188108752126162
97	0.6224251823210635	3.5935726036421003	0.06198914041996558	0.003293382445935712	1.3209407100253556	0.48958626205295663	0.6168802389771646	1.2408568122700812	0.8149199267679689	0.005689580051175924	0.001406996646863559	1.1507589378646457	0.0003715412817758707	0.30536132720558856	0.8935071461020916	0.10652611016056657	2.5456875000454504	0.09727371819904487	0.6914264232507996	0.3245742141910033	0.09563244684603914	2.449523310864594	0.00010429926800137563	0.34219325173711873	0.5942871651739754	0.0006040601849426539	0.0017399185754281062	1.0473447400303026	0.0013128318083049004	1.8644625810455557	0.016645444377458962	0.7044113275093296	1.787917203339918	1.2517982889501913	2.4851987183233835	1.3132108298135694	0.5135080164296324	0.006347623102881698	0.2259373864639737	0.5668992057128743	0.06667509195620329	0.0064377265286413915	0.0005592246702513488	0.011316127032981703	0.3249801998960862	0.9935978751426645	0.13601330541902334	2.29629923889391	8.408857950104082e-07	0.011204849128686233
98	0.6227129228711918	3.5935726522589952	0.06198840616460099	0.003295755033072844	1.3209513644000024	0.48957912008688076	0.6169978954571939	1.2408185061480925	0.8149987939113155	0.005689506476645722	0.0014072242129337957	1.1509044510643922	0.00037175818449033536	0.3053233447664079	0.8934977603510383	0.10654631701541478	2.5458312610248623	0.09738336485884228	0.6914227773802687	0.32457338664864943	0.09568051163294006	2.449567026998455	0.00010445100987806623	0.3422325324584299	0.5942764632156909	0.0006046440645400595	0.001740360680033324	1.0477086982369201	0.001313967367630827	1.8644384449217375	0.01665713515266066	0.7044099724166182	1.7879337295405735	1.2519047948005393	2.4853437724638896	1.3131466888338728	0.5134372125074369	0.006347078934526807	0.22603023482243004	0.5671980675607753	0.0666865080691653	0.00643885931550419	0.0005548424003203495	0.01131626093684326	0.3251024943444801	0.9935340457633028	0.13609755998955222	2.2963915721773374	8.418416663950982e-07	0.011220834413830219
99	0.6229572105378968	3.5935726659018057	0.06198514869417165	0.0032978016005567735	1.3209499473854487	0.4895640988392892	0.6170936882242326	1.2407743985568613	0.8150542423634878	0.005689100326035311	0.001407351223777858	1.1510261952336425	0.00037198427882350737	0.30528114086350977	0.89348844676878	0.10655654088830102	2.545930934034195	0.0974884607991309	0.6914196237015597	0.32457261986606123	0.09572613253872436	2.449591117338799	0.00010460127844291175	0.3422725104740386	0.5942655088450385	0.0006051954261364548	0.0017405965114400737	1.0480283608419971	0.0013149848123354163	1.8644133056158827	0.016666659673720777	0.7044083307300183	1.7879448479737734	1.2519997162465857	2.485490352939573	1.313074428723619	0.5133633391110008	0.006346254795537907	0.22612396841319213	0.567464401657177	0.06669276566356014	0.006439140702531796	0.000551009213785168	0.01131572600264838	0.3252170426261891	0.9934530211950938	0.13617569831110585	2.29644214726165	8.426859409632745e-07	0.011235815681394357
100	0.6231585807354139	3.5935726490519393	0.06197978208779767	0.0032995212437412743	1.3209381291513091	0.4895425966873401	0.6171685029295109	1.240726241320329	0.8150882434587665	0.005688415676244068	0.001407388467398481	1.1511249127172292	0.0003722128800462753	0.30523621304144877	0.8934793993270389	0.10655791163605048	2.545990357429298	0.09758731327185252	0.6914169643050487	0.32457192232844456	0.09576863202041419	2.449597769248515	0.00010474696454746713	0.34231220780483607	0.5942545757435058	0.0006057065335011547	0.0017406488556476639	1.0483027370613653	0.0013158777533990324	1.8643878489695211	0.01667410123662868	0.7044064774182304	1.7879510532535825	1.2520825533593127	2.4856350257451547	1.3129967331699695	0.51328843077294	0.006345206811966238	0.22621639755449968	0.5676967704878239	0.06669442717476537	0.006438680041869405	0.0005476574338346861	0.011314624789877749	0.3253223740549548	0.9933589105446046	0.1362468331335392	2.2964555321893254	8.434150479767971e-07	0.01124959932148696
101	0.6233184389941666	3.5935726062164592	0.06197271030140512	0.0033009204013744057	1.320917579689839	0.48951596332772296	0.6172235623998309	1.240675636140537	0.8151029690106145	0.005687505362215587	0.0014073472491238498	1.1512017297815682	0.00037243821977533183	0.3051899143441426	0.893470779938897	0.10655160083469148	2.546013723277177	0.09767859473660505	0.6914147901862192	0.3245712998543617	0.09580749409126746	2.449589247730618	0.00010488547789613581	0.3423507867260539	0.5942438998066356	0.0006061715805199337	0.0017405414604357314	1.048531966944509	0.0013166434128173547	1.8643626744108204	0.01667957803201603	0.7044044818936621	1.7879528794953503	1.2521531402531838	2.48577487064375	1.3129160394320558	0.5132142668664844	0.006343988374023278	0.22630565997386504	0.5678946795544964	0.06669207974710288	0.006437588261081342	0.0005447262291519098	0.011313058340730427	0.3254174220420176	0.9932555495405018	0.13631035193829927	2.296436485946318	8.440284476242424e-07	0.011262043985092281
102	0.6234389114372553	3.593572541823036	0.06196431962941851	0.0033020117173721978	1.3208899324392411	0.48948547685644217	0.6172603540725949	1.2406240200295091	0.8151007164807813	0.00568641997396713	0.001407239068411887	1.1512580816182731	0.00037265543981807037	0.3051434432584512	0.8934627192729904	0.10653878993497871	2.5460054379067056	0.09776132316844513	0.6914130829423925	0.32457075583109274	0.09584235362895129	2.449567836081423	0.00010501473475840904	0.34238754899955537	0.5942336790958322	0.0006065865606881844	0.0017402983715391982	1.0487171630223815	0.0013172821967196444	1.864338293584244	0.016683235748933913	0.7044024072666741	1.787950883378746	1.2522116022564105	2.4859074742764298	1.3128345184270565	0.5131423673803815	0.006342649326648916	0.22639021721482233	0.5680584599248277	0.06668631882392842	0.006435975141745454	0.0005421611438582836	0.011311124146464655	0.325501492270595	0.9931464535351358	0.1363658930624404	2.29638982844019	8.445282384525708e-07	0.01127305676801212
103	0.6235226996399774	3.593572460135757	0.06195497260543345	0.003302812915815355	1.320856753657188	0.4894523255751013	0.6172805614849365	1.2405726563764623	0.8150838416010817	0.005685207043716058	0.001407075336323745	1.1512956406259898	0.0003728605681038278	0.3050978385094334	0.8934553181278089	0.10652064258489283	2.5459699967687226	0.09783483732815497	0.691411816450093	0.32457029147158356	0.09587298379408007	2.44953578414691	0.00010513313622138759	0.3424219320976269	0.5942240746540748	0.0006069491137057027	0.001739943353551161	1.048860252228865	0.0013177972543384734	1.8643151311117814	0.016685240553119634	0.7044003098292915	1.7879456290109361	1.2522583127240834	2.486030913039446	1.3127540634590802	0.5130739950835439	0.006341235353212354	0.22646884437286952	0.5681891483232897	0.06667773380900593	0.006433947004499341	0.0005399136455642278	0.01130891447585171	0.3255742269629708	0.9930347841285702	0.1364133194892115	2.296320326891309	8.449187559134019e-07	0.011282588812425033
104	0.6235729425667904	3.593572365189293	0.06194500327778406	0.003303345713916814	1.320819517428256	0.48941759426938847	0.6172860007931954	1.2405226310595938	0.8150546989221402	0.005683910414920338	0.0014068671343711104	1.1513162491170006	0.0003730504793815664	0.30505397813629653	0.8934486492650324	0.10649828118889476	2.545911874410355	0.09789876819255022	0.6914109584872719	0.3245699060842129	0.09589928210115109	2.4494952642911185	0.00010523953860571824	0.342453502928305	0.5942152120415709	0.0006072583556422398	0.0017394993975620601	1.0489638216553323	0.0013181940349918232	1.8642935271716172	0.016685772558444615	0.7043982387510147	1.7879376746760751	1.2522938505131465	2.486143727589094	1.312676286638095	0.5130101631150302	0.006339787538906642	0.2265406142889575	0.5682883678577295	0.06666689584290685	0.006431604798980705	0.0005379406885317327	0.011306515053093234	0.3256355665959617	0.9929233282460925	0.13645269121967205	2.2962325988926637	8.452061729116284e-07	0.01129063049870919
105	0.6235930877350103	3.593572260738999	0.06193471377265582	0.0033036347933416968	1.3207795860812053	0.48938225464089374	0.6172785630461487	1.2404748529830172	0.8150155905164075	0.005682569781813104	0.0014066250143554334	1.151321857336	0.0003732228434103357	0.30501258226124345	0.8934427596036418	0.10647276765602717	2.5458354299140353	0.09795300768784818	0.691410472270825	0.32456959734756297	0.09592125564103496	2.4494483349972516	0.0001053332176745364	0.3424819495573885	0.5942071834516295	0.000607514698736643	0.0017389883149877064	1.0490309710819206	0.0013184798536459983	1.8642737415831965	0.016685019880316513	0.7043962359669181	1.7879275615042598	1.2523189589612358	2.4862448907418018	1.3126025219949309	0.5129516470510426	0.006338342098032715	0.22660487730680495	0.5683582120263284	0.06665434767989184	0.006429042586427975	0.0005362042902155152	0.011304004065909708	0.32568571028683374	0.9928144883816379	0.13648423704689183	2.296131031983957	8.453981117991006e-07	0.011297206390215562
106	0.623586773234638	3.593572150224683	0.06192437204001722	0.0033037068459361198	1.3207381957043918	0.4893471595258859	0.6172601627022049	1.2404300584095282	0.8149687228463943	0.005681220385601209	0.0014063588379081941	1.1513144674363092	0.00037337606333510135	0.3049742189642	0.8934376726810214	0.10644508819104018	2.5457448277556756	0.09799767579074486	0.6914103178859574	0.3245693615833727	0.09593900590475489	2.449396911862621	0.00010541382822683082	0.3425070713970118	0.5942000502743295	0.0006077196663684373	0.0017384304149020186	1.0490651746369528	0.001318663473963399	1.864255959097754	0.01668317333168636	0.7043943362364044	1.7879158040466498	1.2523345070459477	2.486333770418183	1.312533834287576	0.5128990005381735	0.006336930247816673	0.22666123765346488	0.568401134196783	0.06664059560178552	0.006426346394187779	0.0005346711204616973	0.011301451479435079	0.3257250759273529	0.9927102826510922	0.13650832645373087	2.2960197192384353	8.455032756974682e-07	0.011302370080161758
107	0.6235577217496778	3.5935720367460613	0.0619142106656156	0.0033035897057777973	1.3206964463791189	0.4893130405026287	0.6172326926700963	1.2403888184658352	0.8149161716239933	0.005679892851839036	0.0014060776537060207	1.1512960838367134	0.0003735092068382971	0.30493931269160407	0.8934333912932195	0.10641614190440009	2.54564397369926	0.09803308696476219	0.6914104535897885	0.3245691940218664	0.0959527136046938	2.4493427456171495	0.00010548136058894868	0.34252876829751794	0.5941938459851333	0.0006078757081309374	0.0017378442604744399	1.0490701533797446	0.0013187547160674923	1.8642402956091293	0.016680421796722193	0.7043925673498118	1.7879028827036718	1.2523414532491493	2.4864100891426304	1.3124710325088786	0.5128525736361234	0.006335578210560485	0.22670952743575237	0.568419844306921	0.06662610326568044	0.006423593414926921	0.0005333121034208608	0.01129891862792404	0.32575426099438376	0.9926123532742414	0.13652544225100247	2.295902410075166	8.45531105440392e-07	0.011306199073607304
108	0.6235096472857949	3.593571923048159	0.061904426624993555	0.003303311575607732	1.3206552967001326	0.48928050847049553	0.6171979859662519	1.2403515492159638	0.8148598543326404	0.0056786131524938985	0.0014057896097637024	1.151268670182169	0.0003736219324991929	0.30490815465404736	0.8934299002336714	0.10638673295737797	2.545536465065583	0.09805971678889813	0.6914108369770353	0.32456908905464676	0.09596262383372907	2.449287406690732	0.00010553609540728937	0.34254702894066585	0.594188579246691	0.0006079860192707033	0.0017372464988000132	1.049049760090413	0.0013187640946326561	1.8642268050197375	0.01667694829463786	0.7043909504595263	1.7878892379200488	1.2523408125134967	2.48647388146138	1.3124146871417062	0.512812533079009	0.006334307325682811	0.22674977916311248	0.5684172141150471	0.0666112873515114	0.006420851518804166	0.0005321020327949056	0.011296458053941126	0.32577400481617147	0.9925219821153449	0.1365361544684763	2.2957824752825724	8.454914668635819e-07	0.011308789819457469
109	0.6234461749170822	3.593571811515204	0.06189518185229629	0.0033029003522160897	1.3206155621183053	0.4892500567777895	0.6171577839207789	1.2403185237281367	0.8148015099598375	0.005677402675795428	0.0014055018977891156	1.151234112955063	0.0003737144135915471	0.30488091470285317	0.8934271690577579	0.10635756591593698	2.5454255544886375	0.09807816951679747	0.691411426000573	0.32456904047130186	0.09596903184694591	2.449232275775758	0.00010557855800897477	0.3425619188899614	0.5941842371241133	0.0006080543680684219	0.001736651757471733	1.0490078770886968	0.0013187024913725101	1.8642154865197265	0.016672926726865975	0.7043895005122974	1.7878752660336397	1.2523336265556517	2.486525450487444	1.3123651502602574	0.5127788837382925	0.006333134253457438	0.22678219761476143	0.5683961919375458	0.06659651485298645	0.006418179044007926	0.0005310192014077691	0.011294113563488589	0.325785152928149	0.9924401119534058	0.13654109590957053	2.2956628850673346	8.453943716959371e-07	0.011310252988482055
110	0.6233707735236079	3.5935717041717794	0.06188660449692081	0.0033023830522851856	1.3205779166212168	0.4892220664790353	0.6171137107278246	1.2402898855981972	0.8147426853915227	0.005676278387015564	0.0014052207263016317	1.151194191631039	0.00037378726131732416	0.30485765421720656	0.8934251548092991	0.1063292439600052	2.5453141261008527	0.09808914718232994	0.6914121798440652	0.32456904167678285	0.09597226969605065	2.449178539775552	0.0001056094734430663	0.3425735686098216	0.5941807883264302	0.0006080849340467763	0.0017360726006407628	1.0489483274950029	0.0013185808645892233	1.8642062920625646	0.016668519284800322	0.704388226760059	1.787861316644419	1.2523209376924753	2.486565324624798	1.3123225776415306	0.5127514906489669	0.006332071252902199	0.2268071317695926	0.568359727456548	0.06658210184024985	0.006415624829669678	0.0005300450462947646	0.01129192046527318	0.32578862401389197	0.9923673722180804	0.13654093968401876	2.295546198821879	8.452497339569195e-07	0.011310709074205233
111	0.6232867012018746	3.593571602690183	0.06187879074419912	0.0033017853375620007	1.3205428972611508	0.4891968133149341	0.6170672540243385	1.2402656634364742	0.8146847278498508	0.005675253063769989	0.0014049513190534358	1.1511505551445034	0.00037384144922196564	0.3048383395791263	0.8934238046541684	0.1063022695809328	2.545204682964059	0.09809342074584082	0.6914130596476857	0.3245690858874493	0.09597269389461593	2.4491271924952454	0.00010562972315014316	0.34258216172081285	0.5941781863994031	0.0006080821592231956	0.0017355195369964894	1.048874799991672	0.0013184099971803433	1.8641991338466317	0.0166638744826193	0.7043871333276177	1.7878476913550019	1.2523037662421665	2.486594215370243	1.3122869521253233	0.5127301010411918	0.006331126517221221	0.22682504741504392	0.5683107068654518	0.06656831351409734	0.006413228454974436	0.0005291638105712603	0.011289905962846326	0.3257853797980128	0.992304108010321	0.13653637894302453	2.2954345652287405	8.450671625715288e-07	0.01131028437489281
112	0.6231969627912969	3.593571508403107	0.06187180708174412	0.003301131136044736	1.3205109110452715	0.489174476027558	0.617019751092764	1.2402457858729923	0.8146287827097444	0.005674335590184175	0.0014046979352347628	1.151104704323188	0.0003738782402750916	0.3048228558615957	0.8934230583754299	0.10627704739743128	2.545099344482189	0.09809180365798006	0.6914140290911659	0.32456916630444155	0.09597067424377587	2.449079039416249	0.00010564030403957748	0.3425879237144865	0.5941763728069966	0.000608050613996739	0.001735001072029738	1.0487907868399566	0.0013182002833917498	1.864193891639073	0.0166591257700379	0.7043862198170416	1.7878346437244388	1.252283091481114	2.486612976942145	1.3122581075414255	0.5127143658999057	0.006330304551378004	0.22683650094900032	0.5682518983465135	0.06655536536864784	0.006411020649070962	0.0005283622232957339	0.011288089669523278	0.32577639813994463	0.9922504113233482	0.13652810895966283	2.2953297312859435	8.448557898899565e-07	0.01130910739727687
113	0.6231042787690577	3.593571422320807	0.061865692900308106	0.0033004423541088735	1.3204822437177066	0.4891551456482738	0.616972380216394	1.240230096686515	0.8145757960045632	0.005673531295254716	0.0014044639079732277	1.1510579798675444	0.00037389911783847484	0.3048110204040695	0.8934228506934878	0.10625388872708423	2.5449998524896973	0.09808512810776385	0.6914150548410529	0.32456927626372395	0.09596658390361523	2.4490347058967368	0.00010564229058759856	0.34259111130927367	0.5941752798504141	0.0006079948786816252	0.0017345237970744984	1.0486995346564199	0.0013179615536604828	1.86419041980455	0.01665439067294683	0.7043854819303528	1.7878223802720894	1.252259836068308	2.486622568342799	1.312235752606097	0.5127038606532868	0.006329606577708161	0.22684211478944638	0.5681859076427423	0.06654342528119009	0.006409023837917266	0.0005276291984107638	0.0112864842176546	0.325762649471722	0.992206153485143	0.13651681162433485	2.2952330588389676	8.446241349490928e-07	0.011307305706526716
114	0.6230110646200795	3.5935713451520455	0.061860463326553185	0.0032997386731425443	1.3204570699863012	0.4891388354249708	0.6169261566692424	1.2402183697146159	0.8145265209247927	0.005672842321894917	0.0014042516977389133	1.151011555387923	0.0003739057214880845	0.3048025959981414	0.8934231133834979	0.1062330175647363	2.544907584701684	0.098074224120503	0.6914161068711437	0.32456940936274176	0.09596079075570031	2.448994648155917	0.00010563680041017048	0.3425920025891828	0.594174833384489	0.0006079194411837641	0.0017340925079146977	1.0486040072486018	0.0013177029361080487	1.8641885539270593	0.016649770405464514	0.7043849120941279	1.7878110623676562	1.2522348537916614	2.486624018327087	1.312219494274201	0.5126981046659943	0.006329030956910467	0.2268425547120553	0.5681151432948842	0.06653261635360799	0.006407252796286614	0.0005269555536521141	0.011285095935863021	0.3257450766295317	0.9921710179546424	0.13650314236132066	2.2951455472366904	8.443799996340659e-07	0.011305003232582905
115	0.6229194196845966	3.5935712773280892	0.06185611219461095	0.0032990374232746917	1.320435464776291	0.48912549108722836	0.6168819327933623	1.2402103232536272	0.8144815276231842	0.005672268014427434	0.001404062957426539	1.1509664349688706	0.0003738997884148532	0.30479730345342015	0.8934237771705522	0.10621457763901776	2.544823574232977	0.09805990158089822	0.6914171586666298	0.3245695595641461	0.09595365006721053	2.448959166427033	0.00010562496361666944	0.3425908880301496	0.5941749553012932	0.0006078286108660992	0.0017337103461554908	1.0485068596504623	0.0013174327526170272	1.8641881169372891	0.01664534989461391	0.704384500071752	1.7878008088464044	1.2522089204436992	2.4866183936254247	1.3122088601165376	0.5126965792838665	0.006328573613235432	0.22683850934777913	0.5680417909613275	0.0665230203385466	0.006405715375639196	0.0005263337500819791	0.011283925570161123	0.325724578048084	0.9921445327170533	0.13648771941797613	2.2950678607858115	8.441303953803336e-07	0.01130231803048496
116	0.622831124418831	3.5935712190290756	0.06185261507337166	0.0032983535261238888	1.320417415127599	0.4891150011820211	0.6168404016035406	1.2402056337078913	0.8144412156627503	0.005671805313629498	0.0014038986060911124	1.150923454703709	0.0003738831009040676	0.3047948333588747	0.8934247733907597	0.10619864024244863	2.544748533939362	0.09804293517779515	0.6914181873235774	0.32456972127747774	0.0959454984370203	2.448928419700782	0.00010560789611613867	0.34258806248516854	0.5941755657600009	0.0006077264482655156	0.0017333789570602553	1.0484104223796922	0.001317158446941497	1.864188924680687	0.01664119815830728	0.7043842335512747	1.787791699194612	1.252182727597006	2.4866067706546757	1.3122033193724314	0.5126987442424924	0.006328228454182867	0.22683067199192786	0.5679677961217034	0.06651468149459401	0.006404413281295219	0.0005257576526459938	0.011282969027337674	0.32570199421853996	0.9921261016365832	0.13647111543270696	2.2950003597559205	8.438814976865503e-07	0.011299360481808223
117	0.6227476449702583	3.5935711702120923	0.06184993227679435	0.0032976994981296	1.3204028323904549	0.4891072072474569	0.6168021033601647	1.2402039482963811	0.814405828478003	0.005671449149808525	0.0014037589085524526	1.1508832876319552	0.0003738574401890873	0.30479485689747443	0.8934260354132195	0.10618521255769484	2.5446828844003146	0.09802405220013384	0.6914191735560422	0.32456988942004805	0.0959366489787801	2.4489024415249765	0.00010558667692931692	0.34258381816898476	0.5941765851503044	0.0006076167100077741	0.0017330986581168043	1.048316694857605	0.0013168865419525685	1.8641907908823159	0.016637368978258956	0.7043840986990206	1.7877837771588736	1.2521568790218391	2.486590210847164	1.3122023024041727	0.5127040523122867	0.0063279877764920315	0.22681972480392815	0.5678948543806545	0.06650761072758507	0.006403342875212971	0.0005252223118900789	0.011282218121563036	0.3256780972543749	0.9921150342351825	0.13645385115114045	2.29494313378102	8.436386254690346e-07	0.011296231915763046
118	0.6226701439636197	3.5935711306402993	0.061848011794919965	0.0032970855059102438	1.3203915644143187	0.48910191362705435	0.6167674345637749	1.2402048966707748	0.8143754692625411	0.005671192825755853	0.0014036435583468323	1.1508464515152064	0.00037382454679347387	0.3047970356114484	0.8934274998239347	0.10617424623151667	2.544626784444751	0.09800392305840136	0.6914201016234076	0.3245700594585362	0.09592738767538621	2.448881156375911	0.0001055623294576107	0.34257843865625026	0.5941779357839984	0.0006075028080147237	0.0017328686131955736	1.0482273468841485	0.0013166226228904742	1.864193531483483	0.016633901811556766	0.7043840806712438	1.7877770546434646	1.2521318894687206	2.4865697396356063	1.3122052183515334	0.5127119621070753	0.006327842651634982	0.22680632541334206	0.567824408533427	0.06650178988912543	0.006402495983590273	0.0005247237667148384	0.01128166130775124	0.32565358336453026	0.9921105734718502	0.13643639113138958	2.2948960366087436	8.434062421625003e-07	0.011293023621816119
119	0.6225994964129612	3.593571099912477	0.061846792093490865	0.0032965194651838614	1.3203834074664624	0.4890988967614703	0.6167366588474141	1.2402081013419168	0.8143501177454237	0.005671028382767275	0.0014035517617818263	1.1508133189018883	0.0003737860873175583	0.3048010300515971	0.8934291073779217	0.1061656459778379	2.5445801632156275	0.09798315436195149	0.6914209591905173	0.324570227433024	0.09591797082295755	2.4488643961701673	0.00010553580657489426	0.34257219388366883	0.594179543315743	0.0006073877819057479	0.0017326870077792357	1.0481437270417377	0.0013163713433697922	1.8641969683419704	0.01663082288764444	0.7043841640781416	1.7877715157720717	1.2521081855268987	2.4865463290508254	1.3122114708505237	0.5127219490315689	0.006327783285385654	0.22679109589292618	0.5677576515261892	0.06649717611811339	0.0064018606913995016	0.0005242588678015619	0.01128128438777324	0.3256290679987566	0.9921119211972163	0.13641914125833404	2.2948587212619325	8.431879754410626e-07	0.01128981622073795
120	0.6225363097145328	3.5935710774923786	0.061846204739957264	0.0032960071750503467	1.3203781176580434	0.4890979138277668	0.6167099192735152	1.2402131868508492	0.814329647372767	0.005670946944209916	0.001403482321135636	1.1507841289558653	0.00037374362749118613	0.30480650727661224	0.8934308037301083	0.10615927802140943	2.544542752872026	0.09796228434918282	0.6914217371328751	0.3245703899653359	0.09590862347024931	2.448851916540886	0.00010550797933906592	0.34256533612671836	0.5941813378995046	0.0006072742833578721	0.0017325512213614705	1.048066876908378	0.0013161364508501563	1.8642009323023818	0.0166281464411705	0.7043843333964248	1.7877671210033517	1.2520861082646562	2.4865208838194817	1.3122204717402932	0.5127335143853902	0.006327799347318503	0.22677461401341092	0.5676955344378852	0.06649370612599319	0.006401422108781066	0.0005238251211218013	0.01128107117809733	0.3256050834053361	0.9921182610513369	0.13640244787274614	2.2948306747951537	8.429866524814161e-07	0.011286679357599357
121	0.6224809467315576	3.593571062737353	0.06184617682304465	0.0032955524798350283	1.3203754216961632	0.4890987106277709	0.616687251578959	1.2402197876559438	0.814313842467908	0.005670939032338713	0.001403433715328093	1.1507590005564645	0.00037369861120335995	0.3048131471971691	0.8934325399591101	0.10615497822312611	2.544514121135413	0.09794178044388693	0.6914224292986658	0.3245705442536295	0.0958995387509826	2.4488434125584204	0.00010547962906680385	0.34255809690494665	0.5941832550917833	0.0006071645711005037	0.0017324579937199388	1.047997549989259	0.0013159208283273598	1.8642052656556962	0.016625876035346918	0.7043845733283396	1.7877638112035505	1.252065917358816	2.4864942307907025	1.3122316527352802	0.5127461926775974	0.006327880267279434	0.2267574066569947	0.5676387786237368	0.06649130034136957	0.006401163096917963	0.000523420550746722	0.011281004129803006	0.3255820783254998	0.9921287786580827	0.13638659831314287	2.2948112519481088	8.428043478008658e-07	0.011283671678252356
122	0.6224335510511168	3.5935710549257087	0.06184663314185098	0.003295157451200999	1.3203750268195118	0.4891010286564039	0.6166685979534808	1.2402275547389126	0.814302415001713	0.005670994855209068	0.0014034041766716112	1.150737946216238	0.0003736523451307593	0.3048206477846095	0.8934342729006642	0.10615255975667637	2.544493702997133	0.09792203869609956	0.691423032238657	0.32457068805521716	0.09589087800148689	2.4488385336304805	0.00010545144247576519	0.34255068475644773	0.5941852365165085	0.0006070605151753936	0.0017324035823547972	1.0479362343231715	0.0013157265491059193	1.8642098240175826	0.01662400593496462	0.7043848691065498	1.78776151159343	1.2520477964277665	2.486467111473025	1.3122444750862048	0.5127595572360014	0.006328015496959326	0.22673994523684357	0.5675878911900343	0.06648986684416318	0.006401064943564514	0.000523043580005761	0.01128106489414409	0.325560419540898	0.9921426790465334	0.1363718226657134	2.294799707116024	8.426424408624116e-07	0.011280841050049326
123	0.6223940735724471	3.593571053282407	0.06184749814855087	0.0032948225838246937	1.3203766298121093	0.4891046113077337	0.6166538209812961	1.2402361609595391	0.8142950206628121	0.005671104561584855	0.0014033917625818283	1.150720886406095	0.00037360598851927793	0.304828729185353	0.8934359653094215	0.10615182023346369	2.5444808310142357	0.09790338485847175	0.6914235449142063	0.32457081965958123	0.09588277155395913	2.4488368973703327	0.00010542400957217342	0.34254328381175614	0.5941872303094611	0.0006069636090841747	0.001732383908941631	1.0478831777823927	0.001315554941671811	1.8642144776634721	0.01662252249289265	0.7043852067455918	1.7877601355006747	1.252031859294122	2.486440177426128	1.312258437293246	0.5127732242202347	0.006328194735680682	0.22672264294763395	0.5675431830126719	0.06648930503345893	0.006401107980783966	0.0005226929299078357	0.011281234828903683	0.3255403949895074	0.9921592012980269	0.13635829651982523	2.2947952241716956	8.425016808350306e-07	0.011278224987793111
124	0.6223622996718301	3.593571057002708	0.061848697636140974	0.0032945469985717407	1.3203799250238948	0.4891092092007039	0.6166427174223241	1.2402453052118163	0.8142912739744739	0.005671258462695647	0.0014033944213856337	1.1507076639237752	0.0003735605476241418	0.304837136799836	0.893437585869038	0.10615254819832315	2.5444747637283	0.09788607684847495	0.6914239683926648	0.3245709378534913	0.09587532009615843	2.448838102272399	0.00010539782394684507	0.3425360530898529	0.5941891913623124	0.00060687498846894	0.0017323946931704882	1.0478384151589206	0.0013154066618820603	1.8642191123649006	0.01662140551862587	0.7043855732417141	1.7877595878624788	1.2520181569190552	2.486413988224896	1.312273080967851	0.5127868551667363	0.006328408120376671	0.22670585365676726	0.567504788565221	0.06648950898640599	0.0064012721396464415	0.000522367533632461	0.01128149544267013	0.325522218170436	0.9921776304767467	0.13634614453274274	2.2947969437830014	8.423822561190189e-07	0.01127585124699217
125	0.6223378762792893	3.593571065273496	0.06185016016922034	0.0032943286477869543	1.3203846113580764	0.489114584627861	0.6166350315565017	1.2402547154528962	0.8142907622595252	0.005671447220548435	0.0014034100516055208	1.1506980579895996	0.00037351687428304224	0.3048456433989047	0.8934391090711109	0.10615452894222356	2.5444747118449635	0.09787030835163872	0.6914243055384655	0.32457104188004604	0.0958685964911012	2.4488417390820243	0.00010537328513768848	0.3425291264340248	0.5941910813879054	0.0006067954550203311	0.0017324315728262387	1.0478017962131507	0.0013152817699160864	1.8642236297763373	0.016620629602145325	0.7043859567238205	1.787759768435938	1.2520066847695754	2.4863890116956626	1.3122879949662951	0.5128001582078918	0.0063286463804974255	0.22668987223666276	0.5674726868836584	0.06649037047782061	0.006401537438639889	0.0005220664658217298	0.011281828775857858	0.32550603356830676	0.992197306951957	0.13633544461661365	2.2948039879718056	8.422838664846488e-07	0.011273738548253587
126	0.6223203382941285	3.5935710772920766	0.06185181826153708	0.0032941645180054567	1.320390398213017	0.4891205151488649	0.6166304678613377	1.2402641506910013	0.8142930583063092	0.005671662003244828	0.0014034365543212593	1.150691797801792	0.0003734756680811474	0.30485405036136154	0.8934405149835685	0.10615754959971974	2.5444798619089535	0.09785621333052064	0.6914245607071507	0.324571131393345	0.09586264795493596	2.448847400789674	0.00010535070272006889	0.34252261300272824	0.5941928688293081	0.0006067255043774413	0.0017324902094065205	1.0477730139505	0.0013151798096832303	1.8642279474247656	0.016620165370935636	0.7043863465589363	1.7877605746859504	1.2519973904018675	2.4863656261154206	1.3123028179386493	0.5128128881168862	0.0063289009592209355	0.2266749361348236	0.5674467230618641	0.06649178164140897	0.006401884404344808	0.0005217888853555669	0.011282217718792377	0.32549192284237494	0.9922176332613517	0.13632623257284884	2.294815481754046	8.422057959199942e-07	0.011271897398932581
127	0.6223091338578334	3.5935710922823367	0.06185360930893876	0.003294050826085528	1.3203970103907925	0.4891267963661159	0.6166287028381732	1.2402734020293813	0.8142977316364902	0.005671894608393522	0.001403471878410839	1.1506885753313305	0.0003734374815648998	0.30486218812398275	0.8934417889287156	0.10616140351827533	2.544489397299186	0.09784387121730909	0.6914247394485438	0.3245712064103623	0.0958574984973073	2.4488546912189615	0.00010533030179674041	0.34251659823011926	0.5941945286354912	0.0006066653568698607	0.0017325663789697794	1.0477516324845104	0.0013150998886436458	1.8642319983558076	0.01661998066239887	0.7043867334161517	1.7877619043314472	1.251990181067489	2.4863441240633746	1.3123172394515787	0.5128248453347661	0.006329164102876863	0.2266612279794726	0.5674266297425619	0.06649363726368394	0.00640229442451456	0.0005215339902698699	0.01128264626847121	0.3254799115434167	0.9922380786977657	0.13631850701313003	2.2948305717855266	8.421469845341882e-07	0.011270330980834945
128	0.6223036480922244	3.5935711095082192	0.061855476290446215	0.0032939832054446833	1.3204041920053942	0.48913324393251956	0.6166293958457925	1.240282292870834	0.8143043583190726	0.0056721375562410956	0.0014035140586512655	1.150688057182314	0.00037340272797127115	0.3048699159400375	0.8934429210903383	0.10616589390364171	2.544502516450086	0.09783331258402875	0.6914248482242309	0.3245712672614435	0.09585315153583839	2.4488632322124824	0.00010531222957496644	0.34251114517227293	0.5941960419263012	0.0006066149900502285	0.001732656048256071	1.04773711393932	0.001315040756268794	1.8642357304903692	0.016620041598061214	0.7043871092933593	1.787763657540816	1.2519849311740594	2.486324717619636	1.3123309998528678	0.5128358741372493	0.006329428920914753	0.2266488790237884	0.5674120481406296	0.06649583671064652	0.006402750035085707	0.0005213009834776608	0.011283099726702868	0.3254699761419151	0.992258181826126	0.13631223442186735	2.294848442012978	8.421060981105222e-07	0.01126903607572058
129	0.6223032249964363	3.5935711282845384	0.061857368253449785	0.003293956879737321	1.32041170944086	0.4891396948513343	0.6166321988404743	1.2402906783914867	0.8143125293139204	0.005672384154574242	0.0014035612468153275	1.1506898953874758	0.0003733716909587535	0.30487712104441034	0.8934439060681508	0.10617083676022052	2.544518448277985	0.09782452510249036	0.6914248941435208	0.32457131454068344	0.09584959260455886	2.4488726694492566	0.00010529656273875912	0.3425062961580574	0.5941973955687615	0.0006065741720719535	0.0017327554364267822	1.0477288439379342	0.0013150008796369	1.8642391057447942	0.016620313549843255	0.7043874675113173	1.7877657387762396	1.251981489457373	2.4863075446171345	1.3123438890501937	0.5128458600963831	0.006329689419068007	0.2266379732404626	0.5674025482079814	0.06649828549511046	0.006403235143818113	0.0005210890479745595	0.011283564843217714	0.32546205117340365	0.992277551154507	0.13630735423148033	2.2948683263948966	8.420815941453352e-07	0.011268004003478105
130	0.6223071872770546	3.593571147985236	0.061859240601538676	0.0032939668219358386	1.3204193534235051	0.489146008135357	0.616636764958776	1.2402984443938374	0.814321857362155	0.005672628537777949	0.0014036117360326993	1.1506937370490773	0.00037334453585405726	0.3048837173231485	0.8934447423965077	0.10617606315776824	2.544536464854907	0.09781745962572574	0.6914248847210865	0.3245713490572801	0.09584679208489916	2.448882676952694	0.00010528331534776712	0.34250207466790006	0.5941985816857263	0.0006065424950780241	0.0017328610630265072	1.0477261553136912	0.0013149785149227456	1.8642420989655177	0.016620761992224765	0.704387802679654	1.7877680582943647	1.2519796857470695	2.486292675669003	1.3123557443769993	0.5128547269867463	0.0063299405085881595	0.22662855188980235	0.5673976476200666	0.06650089649916778	0.006403735194236525	0.0005208973302490561	0.011284029908044902	0.32545603633032383	0.9922958641931361	0.1363037837989255	2.2948895188115936	8.420717834402073e-07	0.011267221551044003
131	0.6223148539605317	3.5935711680492113	0.06186105520526215	0.003294007897359658	1.3204269402830406	0.48915206489758944	0.6166427559129574	1.2403055056477754	0.8143319824699624	0.005672865682672176	0.0014036639787929535	1.1506992327725356	0.0003733213219625722	0.3048896435829259	0.8934454320427554	0.10618142086596681	2.54455589142611	0.09781203624306659	0.6914248276586008	0.3245713717887875	0.09584470789700016	2.4488929603684535	0.00010527244702024298	0.3424984873690197	0.5941995971165821	0.0006065194078801415	0.0017329697829817936	1.0477283497690735	0.00131497177379552	1.864244696726389	0.016621353237352976	0.7043881106394054	1.7877705333171927	1.251979337232501	2.4862801217137775	1.3123664477149106	0.512862433277989	0.00633017799455747	0.22662061839830333	0.5673968293322031	0.06650359087173818	0.006404237274319808	0.0005207249306724727	0.011284484797967984	0.325451803353762	0.9923128651388433	0.13630142318902888	2.294911380328821	8.420748865336941e-07	0.011266671873348804
132	0.6223255557050706	3.5935711879839114	0.06186278035723987	0.0032940749897322355	1.3204343124849331	0.4891577679481881	0.6166498481987182	1.2403118038248477	0.8143425760565988	0.00567309140390104	0.0014037165990548515	1.1507060438734158	0.00037330201552956136	0.304894861511838	0.8934459798989338	0.10618677540636451	2.544576113912501	0.09780815018173789	0.6914247306518497	0.3245713838370291	0.09584328809831999	2.448903259107555	0.00010526387118486135	0.34249552624186114	0.5942004428481221	0.000606504247320246	0.0017330788096189262	1.0477347172873182	0.0013149786839793823	1.8642468960333396	0.016622055053004074	0.7043883883865487	1.787773088892389	1.251980254158839	2.486269841843876	1.3123759220355147	0.5128689683455778	0.0063303985463399985	0.22661414339993818	0.5673995575184159	0.06650629862545866	0.006404730174969764	0.0005205708997105261	0.01128492098222048	0.325449202602401	0.9923283614204836	0.13630015968703335	2.2949333440147024	8.420890844625429e-07	0.01126633535072358
133	0.6223386477899565	3.5935712073669004	0.061864390593550186	0.0032941631098303893	1.3204413385210971	0.48916304097318997	0.6166577381407332	1.2403173051257421	0.8143533438568622	0.005673302331721093	0.0014037683989917569	1.1507138483676485	0.0003732865029813692	0.3048993534174337	0.8934463932788046	0.10619201057710001	2.544596584074709	0.09780567744838264	0.6914246012240635	0.3245713863872697	0.0958424733456501	2.4489133474618945	0.00010525746321418198	0.342493170739218	0.5942011234319537	0.000606496267816726	0.0017331857268084272	1.0477445531770635	0.0013149972434559536	1.8642487029770913	0.016622837165800153	0.7043886339807902	1.7877756584663647	1.2519822449053362	2.4862617512080187	1.3123841275150794	0.5128743485201457	0.006330599653211245	0.22660906980882026	0.5674052917653494	0.06650895896040362	0.006405204403699297	0.0005204342388754524	0.011285331492775684	0.3254480691994448	0.9923422193340724	0.13629987197903376	2.2949549175359953	8.421125635292926e-07	0.011266190390239607
134	0.622353520813499	3.5935712258456407	0.06186586640329515	0.0032942674867200697	1.320447912248218	0.4891678273694481	0.6166661458232707	1.240321997694192	0.8143640276832176	0.005673495875037211	0.001403818360948438	1.150722345779921	0.00037327460412030645	0.30490311982124296	0.8934466814304254	0.10619702850979112	2.544616822542678	0.09780448012392576	0.691424446585536	0.32457138067109514	0.09584219918550377	2.448923034807152	0.00010525306828060101	0.34249138992665157	0.5942016464029238	0.0006064946687033537	0.0017332884914300734	1.0477571726977772	0.001315025467993687	1.864250131370249	0.01662367165420487	0.7043888464436057	1.7877781841965903	1.2519851204177235	2.486255728804732	1.3123910573644362	0.5128786130832657	0.00633077956812335	0.2266053178089146	0.5674134994485108	0.06651152034434998	0.006405652159222159	0.0005203139054223117	0.011285710864637652	0.32544822868073053	0.9923543589855071	0.13630043395437957	2.2949756837775275	8.421435539220707e-07	0.011266214161338425
135	0.6223696091762019	3.593571243135738	0.06186719384774026	0.0032943836419463135	1.320453951762962	0.48917208880767515	0.6166748179710464	1.2403258889025992	0.8143744061633864	0.0056736701724748595	0.0014038656452115541	1.1507312608261449	0.00037326608499215516	0.3049061769815689	0.8934468550727594	0.10620174932016191	2.5446364199336067	0.09780441124429348	0.6914242735190337	0.32457136793330754	0.09584239814626427	2.4489321650124114	0.00010525050880315553	0.3424901445601035	0.5942020217110902	0.0006064986190687941	0.0017333854274020923	1.0477719232734135	0.0013150614318742865	1.8642512014005814	0.016624533237574582	0.7043890256492069	1.7877806170316877	1.2519886979847432	2.4862516250110653	1.3123967335033309	0.5128818203042004	0.006330937242426572	0.22660278966365424	0.5674236662671083	0.06651394038059842	0.006406067272718479	0.0005202088198830661	0.011286055051469533	0.32544950208837486	0.9923647487445828	0.13630171809846578	2.294995299738811	8.42180362182441e-07	0.011266383258804082
136	0.6223863974635209	3.593571259017898	0.06186836410952698	0.003294507447362131	1.3204593979013421	0.4891758035917242	0.6166835298595201	1.2403290025859768	0.8143842945759084	0.005673824034165155	0.0014039095842064953	1.150740346042816	0.0003732606701903722	0.30490855440824916	0.893446925963129	0.10620611041457129	2.5446550362926503	0.09780531921746612	0.6914240882899991	0.3245713494030129	0.0958430016133523	2.448940615176928	0.00010524959138006756	0.34248938906388426	0.5942022611778018	0.0006065072798971698	0.001733475212535179	1.047788194353366	0.0013151033018499044	1.8642519383276506	0.01662539946893802	0.7043891722117656	1.7877829165890415	1.251992804364653	2.486249268717506	1.3124012021945335	0.5128840435986006	0.006331072254188052	0.2266013742652902	0.5674353049567789	0.06651618549482173	0.006406445121507827	0.000520117875625212	0.011286361321718246	0.32545171047383514	0.9923733993972804	0.13630359845744539	2.295013493965045	8.422213976478139e-07	0.011266674288606934
137	0.622403424872825	3.5935712733338474	0.06186937299122821	0.003294635167541991	1.3204642124458856	0.4891789648774825	0.6166920863442954	1.2403313762915769	0.8143935439092971	0.005673956876763272	0.0014039496737289262	1.1507493834491331	0.00037325805440514907	0.3049102924247053	0.8934469065007244	0.10621006551378075	2.544672399095689	0.09780705174394075	0.6914238965801565	0.324571326268966	0.09584394147589993	2.448948293812837	0.00010525011312704854	0.34248907337933593	0.5942023779845118	0.0006065198233946908	0.001733556859459768	1.0478054250232314	0.0013151493645061118	1.864252371245349	0.016626250840230453	0.7043892873718459	1.7877850508600543	1.2519972782811215	2.4862484739661395	1.312404529738336	0.51288536787657	0.006331184732535034	0.22660095136022848	0.5674479622364147	0.06651823047212957	0.006406782520701357	0.0005200399497162066	0.011286628140128457	0.3254546787919769	0.9923803581647183	0.13630595316816116	2.2950300627669336	8.422651931060852e-07	0.011267064374388949
138	0.6224202878522561	3.593571285981455	0.061870220381031196	0.0032947634879322203	1.3204683761192948	0.4891815788092526	0.616700322106374	1.2403330586021317	0.8144020392703712	0.005674068654030545	0.0014039855618023594	1.1507581853371591	0.00037325791306774115	0.30491143982412106	0.893446809369891	0.10621358345325627	2.5446883000524916	0.09780945922276352	0.6914237034428015	0.324571299659133	0.09584515153993102	2.448955138588588	0.00010525186736482021	0.34248914466128716	0.5942023862010689	0.0006065354494631379	0.0017336296918374957	1.0478231095032928	0.0013151980473245972	1.8642525319284182	0.01662707080944002	0.7043893728846172	1.7877869957728376	1.2520019723192246	2.4862490460139837	1.312406798313188	0.512885886134298	0.0063312752802110765	0.22660139540221422	0.5674612240760963	0.0665200578746195	0.006407077598144986	0.0005199739144689303	0.011286855039201318	0.3254582391834938	0.9923857027373663	0.1363086665569359	2.295044865475732	8.423104199920748e-07	0.011267531584350822
139	0.6224366411355384	3.593571296909273	0.06187090970165531	0.003294889530045401	1.32047188643728	0.48918366262546753	0.6167081012140493	1.2403341065811744	0.8144096977645734	0.005674159785094528	0.0014040170357254014	1.150766594291376	0.0003732599119802733	0.30491205165821356	0.8934466472255508	0.10621664681623819	2.5447025909425145	0.09781239763874364	0.6914235132778237	0.3245712706243477	0.09584656870879829	2.4489611137419174	0.0001052546486208011	0.34248954880582555	0.5942023003584695	0.0006065533993475816	0.0017336933170089908	1.047840800700263	0.0013152479338364722	1.8642524537767495	0.016627845759557242	0.7043894309120258	1.7877887346412034	1.252006754261362	2.4862507867666386	1.3124081020334446	0.5128856963308069	0.006331344896278683	0.2266025789997804	0.5674747193979653	0.06652165736822754	0.006407329657623944	0.0005199186491354092	0.011287042484760923	0.32546223365672977	0.9923895354527295	0.13631163081974404	2.2950578189676603	8.423558985284534e-07	0.01126805528003397
140	0.6224521973669468	3.5935713061107126	0.061871447356806136	0.003295010855112126	1.3204747554864658	0.4891852427792369	0.6167153161035079	1.2403345833796724	0.8144164659659943	0.005674231082267632	0.0014040440078359675	1.1507744825420243	0.0003732637158580456	0.3049121871889675	0.8934464324218796	0.10621925045192866	2.5447151787052844	0.09781573093822164	0.691423329824339	0.3245712401258629	0.0958481339365934	2.4489662072636262	0.00010525825692928233	0.3424902317988249	0.5942021350693998	0.0006065729665429276	0.0017337475961539286	1.047858111998102	0.0013152977733328101	1.8642521708672632	0.01662856489938274	0.7043894639207287	1.787790257527381	1.2520115079098413	2.486253499548699	1.3124085432808714	0.5128848985795003	0.006331394900638209	0.22660437593771954	0.5674881223409507	0.06652302498579982	0.006407539034893278	0.0005198730513046632	0.01128719173936013	0.32546651619157696	0.992391977724234	0.13631474730371157	2.295068891676071	8.424006032690619e-07	0.011268616389963702
141	0.6224667255152092	3.5935713136180247	0.061871842187589496	0.00329512545766521	1.3204770076859753	0.4891863531127322	0.616721886079096	1.240334556034362	0.814422317087856	0.005674283680061105	0.0014040665004767235	1.150781750756968	0.00037326899574482894	0.3049119080260234	0.893446176784275	0.10622139992663276	2.5447260199934894	0.09781933291080619	0.691423156168713	0.32457120902654135	0.09584979296442275	2.448970427944711	0.00010526250143155548	0.34249114088001414	0.5942019046984005	0.0006065935050917444	0.0017337926129496707	1.0478747174871779	0.0013153464856546745	1.8642517171194914	0.01662922011617248	0.7043894745872212	1.7877915605440473	1.2520161334478614	2.4862569931965126	1.3124082293529034	0.5128835926732732	0.0063314268617677	0.2266066637643276	0.5675011532339544	0.06652416235107834	0.006407706950646307	0.0005198360476446855	0.011287304726801565	0.32547095429769635	0.9923931648089721	0.1363179274158906	2.295078097291354	8.424436645408669e-07	0.01126919761233703
142	0.6224800482747219	3.5935713194962577	0.06187210494941111	0.003295231750552948	1.3204786775836994	0.489187033117952	0.6167277554310264	1.24033409347985	0.81442724795575	0.005674318966784034	0.0014040846305981073	1.1507883263748464	0.00037327543529147583	0.3049112764652738	0.8934458914237051	0.10622310995072665	2.5447351153804583	0.09782308860283172	0.6914229947657229	0.32457117808538566	0.09585149685284271	2.4489738023698187	0.00010526720329229922	0.3424922255221202	0.594201623082153	0.0006066144354445207	0.0017338286416153825	1.0478903508382909	0.0013153931616218494	1.864251125577668	0.016629805789816963	0.7043894657112418	1.787792645119115	1.2520205473937378	2.4862610854757285	1.3124072694579094	0.5128818759520919	0.006331442528827861	0.22660932594673694	0.5675135784308002	0.06652507588582268	0.006407835364049269	0.0005198066037072785	0.01128738390058303	0.3254754300668784	0.9923932409826727	0.1363210931898809	2.2950854883282976	8.424843663035486e-07	0.011269783551906935
143	0.6224920386477819	3.5935713238373297	0.06187224781801395	0.0032953285428641245	1.3204798077305897	0.489187326310111	0.6167328912634278	1.2403332647888865	0.8144312758763782	0.005674338519872438	0.0014040985943842331	1.1507941615783175	0.00037328273591422735	0.3049103540377025	0.8934455865917368	0.10622440281908249	2.5447425033952564	0.09782689529496827	0.6914228474706192	0.32457114795507414	0.09585320232640183	2.4489763719299247	0.0001052721979610683	0.3424934382287302	0.5942013032992102	0.0006066352480833979	0.001733856115122822	1.0479048030297966	0.0013154370596793548	1.8642504278092087	0.016630318577792846	0.7043894401382131	1.7877935172443458	1.252024682204691	2.4862656058405666	1.3124057720760307	0.5128798415132252	0.006331443769025639	0.22661225360575182	0.5675252091644336	0.06652577601966027	0.006407926829970689	0.0005197837325870232	0.011287432118610781	0.32547984076504477	0.9923923551720787	0.13632417754421275	2.2950911497191524	8.425221409543571e-07	0.011270360796946417
144	0.6225026158932467	3.593571326754325	0.061872283931494326	0.003295415012202944	1.3204804466687308	0.4891872787338679	0.6167372811193685	1.240332137648255	0.8144344354842596	0.005674344045856735	0.0014041086522343358	1.1507992310006234	0.0003732906208713028	0.30490920027166685	0.8934452715738863	0.10622530689721077	2.5447482545388977	0.09783066308150865	0.6914227155799133	0.32457111918214854	0.09585487194818648	2.4489781899168106	0.00010527733681799721	0.34249473515799705	0.5942009574875088	0.0006066555051320116	0.001733875594246162	1.0479179191329648	0.0013154775993454442	1.8642496534169295	0.016630757179525835	0.7043894006911812	1.7877941867263618	1.2520284855865427	2.4862703975638945	1.3124038426936426	0.5128775767567662	0.006331432510893319	0.2266153468492271	0.5675358995780315	0.06652627641955267	0.006407984362531562	0.0005197665022915013	0.01128745252606949	0.32548409901330416	0.9923906570780832	0.136327124268554	2.295095192568632	8.425565616019491e-07	0.011270917942684791
145	0.6225117410158049	3.5935713283761173	0.0618722269734225	0.0032954906726820983	1.3204806470616157	0.48918693761696525	0.616740930482192	1.2403307770715788	0.8144367756381694	0.005674337325651065	0.0014041151143795738	1.1508035292518617	0.0003732988383147574	0.30490787166671374	0.8934449546184238	0.10622585518002087	2.544752465414765	0.09783431509246485	0.6914225998788225	0.32457109220949	0.09585647414356067	2.448979318751656	0.00010528248825090647	0.34249607658216424	0.5942005967071684	0.000606674840187992	0.0017338877380141348	1.047929594353506	0.0013155143520360403	1.8642488296602293	0.016631122088093406	0.7043893501124466	1.7877946664560513	1.25203191956443	2.4862753192770333	1.3124015819102364	0.5128751622527365	0.006331410693921174	0.22661851572921887	0.5675455440873762	0.06652659325305212	0.0064080113071090065	0.0005197540417386752	0.011287448447903048	0.3254881326097765	0.992388293807718	0.13632988777487537	2.2950977481850794	8.425873323181542e-07	0.011271445567913593
146	0.6225194119564965	3.593571328842388	0.061872090800597385	0.003295555339911436	1.3204804639880967	0.4891863501806537	0.6167438602244402	1.2403292443449727	0.8144383564282585	0.005674320165638499	0.0014041183273631602	1.1508070683435327	0.0003733071633892735	0.3049064208726426	0.8934446428973862	0.10622608394486979	2.544755253085775	0.09783778740184229	0.6914225006934354	0.32457106738071995	0.09585798309299094	2.448979827390023	0.00010528753821699369	0.34249742719512605	0.5942002308454332	0.0006066929566215843	0.0017338932760208804	1.047939769516618	0.0013155470298203838	1.8642479811787236	0.016631415336405726	0.7043892910148459	1.7877949717097956	1.2520349593673568	2.4862802459658404	1.3123990839085269	0.5128726709108734	0.006331380224782678	0.2266216808529365	0.5675540742225968	0.0665267444968639	0.0064080112224515675	0.0005197455453488532	0.011287423291952441	0.32549188404475093	0.9923854070194816	0.136332432650822	2.2950989624805045	8.42614276852661e-07	0.011271936171579266
147	0.6225256586299087	3.5935713282990935	0.06187188911750864	0.0032956090941531355	1.3204799534149947	0.48918556261157653	0.6167461040671226	1.2403275961969482	0.8144392463441196	0.005674294354834736	0.0014041186615619664	1.1508098750814801	0.00037331539946070506	0.30490489606388993	0.8934443424962857	0.10622603151556616	2.5447567497506087	0.09784102866645636	0.6914224179458202	0.32457104494616795	0.09585937851401655	2.448979788935931	0.00010529239034634655	0.3424987562819135	0.5941998685601115	0.0006067096245845516	0.0017338929829493362	1.0479484261696417	0.001315575472633067	1.864247129810468	0.016631640244161573	0.7043892258424371	1.7877951194934318	1.2520375921762836	2.486285069475189	1.3123964352719075	0.5128701674301407	0.006331342940214245	0.2266247736810253	0.5675614550887293	0.06652674929967758	0.006407987774117202	0.0005197402762429294	0.011287380463421327	0.32549530976132657	0.9923821305746645	0.13633473305182103	2.29509899081157	8.426373262642229e-07	0.011272384076136364
148	0.622530537937104	3.5935713268944216	0.06187163519827498	0.003295652242696232	1.3204791708574284	0.48918461919562817	0.6167477061033484	1.2403258841802405	0.8144395196437311	0.005674261628241261	0.0014041164998807565	1.1508119884884955	0.0003733233785650319	0.3049033404963799	0.8934440584288563	0.10622573714930295	2.544757097811819	0.09784399953955471	0.6914223512104751	0.32457102507006375	0.09586064535213215	2.4489792784887143	0.00010529696564679334	0.34250003776513094	0.5941995172575206	0.0006067246769687851	0.0017338876555644585	1.047955581461127	0.0013155996344304387	1.8642462944959	0.01663180117100759	0.7043891568401757	1.7877951279374513	1.2520398157816406	2.486289698577611	1.3123937141279325	0.5128677080020001	0.0063313005764570884	0.2266277365490003	0.5675676815739963	0.06652662740582602	0.006407944640031343	0.000519737568095684	0.011287323291000701	0.3254983792121753	0.9923785886772499	0.13633677196703262	2.2950979933142084	8.426565058847652e-07	0.011272785304249761
149	0.6225341288663834	3.5935713247752514	0.06187134165568517	0.0032956852823780953	1.320478170230603	0.48918356161069815	0.6167487184316054	1.2403241542502794	0.8144392539534088	0.005674223636348261	0.0014041122277067485	1.150813457308886	0.00037333096117318613	0.30490179223174524	0.8934437946731318	0.10622524005417235	2.544756445390207	0.09784667190245569	0.6914222997707069	0.32457100783863124	0.09586177339966367	2.448978371238066	0.00010530120187029167	0.34250125014402083	0.5941991831007302	0.0006067380045447278	0.0017338780923444467	1.0479612829384173	0.0013156195687365163	1.864245491257972	0.01663190328045904	0.7043890860320223	1.7877950157496674	1.2520416371918777	2.486294058663816	1.3123909895922807	0.5128653402394613	0.006331254745037627	0.22663052244885273	0.5675727744227588	0.06652639864410918	0.0064078854285875165	0.0005197368257231128	0.01128725496468364	0.32550107376065684	0.9923748944766684	0.1363385403922547	2.29509613076663	8.426719219913884e-07	0.011273137435130528
150	0.6225365277768555	3.593571322084129	0.06187102025598794	0.0032957088630516	1.3204770028921156	0.48918242837216164	0.616749198935429	1.2403224465228069	0.8144385281197638	0.0056741819206183085	0.0014041062241727058	1.1508143376384057	0.00037333803536927453	0.30490028401221075	0.8934435542251828	0.10622457854101311	2.544754942322735	0.09784902795555755	0.6914222626737179	0.32457099326878525	0.09586275686070578	2.4489771408151553	0.00010530505260033883	0.342502376342055	0.594198871043809	0.000606749550496585	0.0017338650758373948	1.0479656033883233	0.0013156354139766395	1.864244733248565	0.016631952318285667	0.7043890152068247	1.7877948017294876	1.25204307123005	2.4862980911131736	1.3123883214845593	0.512863103302795	0.0063312069145543635	0.2266330946080738	0.5675767762771947	0.06652608248410412	0.006407813609379605	0.000519737524506385	0.011287178485040957	0.32550338547136737	0.9923711491010533	0.13634003644043538	2.2950935609992382	8.426837485170957e-07	0.011273439446389167
151	0.6225378439429075	3.5935713189567506	0.0618706817772618	0.0032957237526678204	1.3204757168698118	0.48918125442248084	0.6167492092380237	1.2403207951916198	0.8144374203263186	0.005674137894673937	0.001404098854741608	1.1508146907143164	0.0003733445155393721	0.304898843268415	0.8934433391669541	0.10622378930988746	2.544752736665625	0.09785105920756312	0.691422238783372	0.3245709813171593	0.09586359387891914	2.448975657901065	0.0001053084861179697	0.3425034034787872	0.5941985848877935	0.0006067593045551944	0.0017338493577591075	1.0479686358275824	0.0013156473789478426	1.8642440308511845	0.016631954408246732	0.7043889459112244	1.7877945043460228	1.252044139150656	2.486301752401356	1.3123857602852587	0.5128610281924586	0.0063311583980530245	0.22663542590272354	0.5675797477783247	0.06652569766049003	0.0064077324563651256	0.0005197392087725247	0.011287096623509046	0.3255053158315017	0.9923674410836523	0.1363412644176557	2.295090435855534	8.42692214085565e-07	0.011273691546813874
152	0.6225381954213699	3.5935713155199407	0.06187033590853788	0.003295730804517797	1.3204743562668586	0.4891800708543098	0.6167488128527037	1.2403192285864981	0.8144360064799382	0.005674092830825087	0.001404090465095285	1.1508145808921257	0.0003733503406656245	0.30489749224194834	0.8934431507448184	0.10622290686849437	2.544749971710353	0.09785276539874029	0.6914222268298066	0.3245709718892231	0.09586428604351839	2.4489739890879973	0.00010531148410098737	0.3425043225812221	0.5941983273542047	0.0006067672969110626	0.0017338316467855573	1.0479704887320174	0.0013156557287246	1.8642433918300587	0.01663191586728649	0.7043888794487977	1.787794141380571	1.252044867304108	2.4863050130002593	1.3123833473020787	0.5128591381801351	0.0063311103455063475	0.2266374981398306	0.5675817638034109	0.06652526186435757	0.006407645003013109	0.0005197414892638031	0.011287011893061277	0.3255068744403001	0.9923638461415334	0.136342233889419	2.295086898695519	8.426975896095747e-07	0.01127389500495064
153	0.622537705287741	3.593571311890094	0.0618699911863438	0.003295730927055932	1.3204729608329675	0.4891789047550271	0.616748073542914	1.2403177693510408	0.8144343588656537	0.00567404785150527	0.001404081376283314	1.150814073827868	0.00037335547231621686	0.30489624820436223	0.893442989455685	0.10622196307730453	2.5447467835080135	0.09785415339063913	0.691422225455232	0.32457096484827874	0.09586483788717942	2.448972195983811	0.00010531404020734738	0.3425051282492009	0.5941981001721247	0.0006067735920702052	0.0017338125989407364	1.0479712815760163	0.0013156607712486055	1.8642428215160969	0.016631843041587945	0.7043888168846054	1.7877937296325386	1.252045285871457	2.4863078561223686	1.3123811150135913	0.5128574493497372	0.00633106374086926	0.22663930124248238	0.5675829099033188	0.06652479149914678	0.006407554008788138	0.0005197440398346502	0.011286926528493016	0.3255080776994846	0.9923604272635965	0.13634295875892666	2.295083082422428	8.427001766478843e-07	0.011274051977795421
154	0.622536498273472	3.5935713081720606	0.061869654964972196	0.0032957250566136	1.3204715656885808	0.489177779159611	0.6167470538991552	1.2403164347202633	0.8144325450627918	0.005674003925136611	0.0014040718810668885	1.1508132348777493	0.0003733598924161586	0.304895123754777	0.8934428551377657	0.10622098681413772	2.544743298887047	0.09785523605103222	0.6914222332554392	0.3245709600241555	0.09586525638790776	2.4489703345464253	0.00010531615858927495	0.34250581828833887	0.5941979041750923	0.0006067782827946459	0.0017337928104372922	1.0479711407374401	0.0013156628448025053	1.8642423230206484	0.0166317421642348	0.7043887590543203	1.7877932846866094	1.252045427687373	2.486310276358024	1.3123790875586845	0.512855971221646	0.006331019403152192	0.22664083236856356	0.5675832789904236	0.06652430149776548	0.0064074619361618075	0.0005197465935172555	0.011286842475444876	0.3255089475331013	0.9923572350639929	0.13634345637581413	2.2950791080048227	8.42700296672283e-07	0.011274165343323421
155	0.622534697823226	3.593571304458428	0.0618693334165447	0.003295714133206445	1.320470201187295	0.489176713098189	0.6167458141344081	1.240315236878381	0.8144306271105909	0.005673961865912604	0.0014040622413751748	1.1508121277206247	0.00037336360087712847	0.3048941271789331	0.8934427470633904	0.10622000374928237	2.5447396339406314	0.0978560311590559	0.6914222488166899	0.3245709572214556	0.09586555048518972	2.44896845463144	0.00010531785237991621	0.3425063933229183	0.5941977394043707	0.0006067814842483654	0.0017337728127930759	1.0479701958076144	0.0013156623065210555	1.8642418974686397	0.016631619234656517	0.7043887065771146	1.7877928207379283	1.252045327165022	2.4863122782497893	1.3123772813413466	0.5128547074352836	0.0063309779909434625	0.22664209499135352	0.5675829683153034	0.0665238051965722	0.006407370937222582	0.0005197489380955147	0.011286761387217197	0.3255095101606819	0.9923543083572348	0.13634374669065025	2.295075083459073	8.426982813559857e-07	0.011274238539992675
156	0.6225324235792831	3.5935713008291716	0.0618690315568258	0.0032956990795434595	1.3204688929007733	0.4891757217243839	0.616744411094678	1.2403141833781026	0.814428660907648	0.005673922336971333	0.0014040526867785974	1.1508108132031734	0.0003733666131571067	0.30489326285352103	0.8934426640315738	0.10621903622105094	2.5447358929529917	0.09785656035170417	0.6914222707478139	0.32457095622723114	0.0958657306190353	2.4489665997339243	0.0001053191421892719	0.3425068563998921	0.594197605215469	0.0006067833284486113	0.0017337530700210066	1.0479685763318285	0.0013156595220496347	1.8642415442433722	0.016631479919529978	0.7043886598715186	1.787792350471248	1.2520450193324075	2.486313874843492	1.3123757057219594	0.5128536564672272	0.0063309400098137915	0.2266430979671962	0.5675820767589624	0.06652331426125245	0.006407282848871548	0.0005197509113222015	0.01128668462838741	0.3255097949432272	0.9923516749123811	0.13634385146742523	2.2950711032519595	8.426944639570114e-07	0.011274275415781413
157	0.6225297892899757	3.5935712973516223	0.061868753292729894	0.003295680783261261	1.3204676617098738	0.4891748165107055	0.6167428974770418	1.2403132776039647	0.8144266958265726	0.005673885856429751	0.0014040434138743107	1.1508093484027981	0.00037336895781247414	0.3048925316808365	0.8934426044583486	0.10621810320084701	2.5447321677285135	0.09785684812905619	0.6914222977074604	0.3245709568180022	0.09586580829885404	2.4489648069036996	0.00010532005464098483	0.3425072125938316	0.5941975003851577	0.0006067839591022551	0.001733733977671927	1.0479664089929435	0.0013156548564200387	1.864241261236074	0.01663132947438658	0.7043886191735016	1.7877918849893555	1.252044538986016	2.4863150862506354	1.3123743637683056	0.512852812364397	0.006330905822050292	0.22664385461231945	0.5675807024568028	0.06652283865916035	0.006407199195541897	0.0005197523959067967	0.01128661328422801	0.3255098333172795	0.9923493523455745	0.13634379356332804	2.2950672480794516	8.42689171836185e-07	0.011274280088763132
158	0.6225269011302133	3.5935712940807134	0.06186850148754267	0.0032956600823333074	1.3204665239856093	0.4891740054976371	0.6167413212440966	1.2403125192636384	0.8144247745230558	0.005673852805759118	0.0014040345864734572	1.1508077858991987	0.0003733706740969295	0.30489193154017646	0.8934425664632011	0.10621722033635086	2.544728537283651	0.09785692093197798	0.6914223284265697	0.3245709587660536	0.09586579570751184	2.4489631068124336	0.00010532062097638207	0.34250746862129644	0.5941974232165754	0.0006067835268876425	0.0017337158634996262	1.0479638152393316	0.0013156486661773876	1.8642410450941154	0.01663117268482272	0.7043885845560812	1.787791433785658	1.2520439199642772	2.486315938251931	1.3123732530418295	0.5128521654743013	0.00633087565819165	0.2266443818076834	0.567578940761126	0.06652238667242157	0.006407121198360257	0.0005197533143918415	0.011286548174932555	0.32550965782835756	0.9923473491127194	0.1363435962823837	2.295063584975469	8.426827201191265e-07	0.011274256820698943
159	0.6225238564147897	3.5935712910594653	0.06186827804003282	0.003295637753541261	1.3204654918438166	0.4891732935837131	0.616739725220934	1.2403119048927196	0.8144229329171534	0.005673823440001417	0.0014040263364773343	1.1508061732422457	0.0003733718096531868	0.30489145774387294	0.8934425479502534	0.10621640006127575	2.5447250678591584	0.09785680630259003	0.691422361726221	0.3245709618449695	0.09586570534442443	2.4489615239505227	0.00010532087574712265	0.3425076324717473	0.5941973716403989	0.0006067821852244377	0.0017336989895132095	1.0479609093485351	0.001315641292760043	1.86424089146267	0.01663101382593326	0.7043885559498251	1.7877910047555416	1.2520431945403896	2.4863164609667603	1.3123723663972378	0.5128517031568376	0.006330849629868749	0.2266446991475658	0.5675768825406382	0.06652196494597981	0.006407049789674818	0.0005197536240245522	0.011286489873687236	0.32550930127132965	0.992345665567094	0.13634328280701696	2.2950601677035145	8.426754064852662e-07	0.011274209904641036
160	0.6225207426792285	3.5935712883196578	0.061868083973846556	0.0032956145038441796	1.3204645734580012	0.4891726828447106	0.6167381468586675	1.2403114283601777	0.8144212003238365	0.005673797899354338	0.001404018765329913	1.1508045526011772	0.00037337241833515776	0.3048911034874041	0.8934425466831327	0.10621565176026562	2.5447218132089464	0.0978565321345882	0.691422396531097	0.32457096583438994	0.0958655497101676	2.448960076931881	0.00010532085561296777	0.34250771306079525	0.5941973433104066	0.0006067800865575301	0.0017336835551836742	1.0479577969097091	0.001315633057106834	1.86424079521544	0.016630856638377503	0.7043885331636793	1.7877906042410001	1.2520423929315392	2.4863166876085865	1.31237169277622	0.512851410464646	0.006330827743493948	0.22664482814450543	0.5675746128082919	0.06652157856479773	0.006406985631904456	0.0005197533117182003	0.011286438727672543	0.3255087959419447	0.9923442950500596	0.13634287570935855	2.295057037384305	8.426675070445663e-07	0.011274143567099654
161	0.6225176370983363	3.5935712858826627	0.06186791953384317	0.0032955909644403294	1.3204637734156521	0.48917217287105746	0.6167366181470832	1.2403110813633706	0.8144195997097301	0.0056737762216868505	0.0014040119459368834	1.150802960578222	0.00037337255819036585	0.30489086028458295	0.8934425603527549	0.10621498197785621	2.544718815121773	0.09785612601757997	0.6914224318788651	0.3245709705239898	0.09586534103384409	2.448958778885374	0.0001053205982566503	0.3425077199103085	0.5941973356921153	0.0006067773791662964	0.0017336697015780922	1.0479545737010951	0.0013156242554425868	1.864240750670909	0.0166307043193405	0.7043885159056229	1.7877902371030485	1.25204154291941	2.486316653341745	1.312371217978793	0.5128512707814714	0.006330809914385768	0.22664479150028377	0.5675722096628147	0.06652123115457412	0.006406929139711269	0.0005197523891849067	0.011286394881140045	0.32550817300074575	0.9923432249866229	0.13634239654212515	2.2950542233137186	8.426592732441787e-07	0.011274061884932397
162	0.622514606209324	3.593571283760382	0.06186778428633235	0.0032955676872855394	1.3204630931043777	0.4891717611136379	0.6167351656580957	1.2403108539032561	0.8144181480533355	0.0056737583555865456	0.0014040059249461445	1.1508014281684502	0.0003733722896248065	0.30489071838037163	0.8934425866375035	0.10621439466096727	2.5447161041328394	0.09785561467697998	0.6914224669258242	0.3245709757167007	0.09586509104334606	2.448957637912638	0.00010532014142363401	0.34250766285869916	0.5941973461434983	0.000606774204497505	0.0017336575162054022	1.0479513249333958	0.0013156151561739106	1.8642407517913702	0.016630559526563903	0.7043885038027236	1.7877899068165861	1.2520406695751625	2.4863163942507507	1.3123709253985067	0.5128512664103266	0.006330795980962362	0.22664461244987127	0.5675697435244325	0.06652092500059273	0.006406880504562237	0.0005197508883083819	0.011286358299780197	0.3255074619479758	0.992342437961337	0.13634186550719257	2.2950517439274583	8.426509297326233e-07	0.011273968716771197
163	0.6225117059042224	3.5935712819562715	0.061867677220501495	0.003295545143810565	1.3204625311154068	0.48917144322932693	0.6167338107013283	1.24031073473214	0.8144168567868622	0.005673744173582527	0.0014040007252910573	1.15079998084694	0.00037337167376548	0.30489066713536656	0.893442623255522	0.10621389142509402	2.544713700384055	0.09785502350871299	0.6914225009492021	0.3245709812312066	0.09586481077769926	2.4489566575933046	0.00010531952209076569	0.3425075518036063	0.5941973719871037	0.0006067706950089542	0.0017336470383716542	1.0479481248259124	0.0013156059978122283	1.8642407923627313	0.016630424393584108	0.7043884964202372	1.7877896155825912	1.252039795080702	2.4863159464293014	1.3123707967104017	0.5128513791054583	0.006330785718685436	0.22664431418273526	0.5675672766415246	0.06652066117965448	0.0064068397208207305	0.0005197488568121348	0.011286328795675465	0.32550669020586037	0.9923419127537816	0.1363413011985447	2.2950496078715164	8.426426730980102e-07	0.01127386764850977
164	0.6225089816552328	3.5935712804664055	0.06186759684866293	0.003295523725566957	1.3204620836533123	0.4891712134187658	0.6167325695732289	1.2403107117679313	0.814415732298982	0.005673733485232111	0.0014039963489054388	1.1507986387641291	0.00037337077102944486	0.3048906953774237	0.8934426680090521	0.10621347183518456	2.54471161459408	0.09785437620600461	0.6914225333465069	0.32457098690375835	0.09586451043986835	2.4489558375202236	0.00010531877576446324	0.3425073964781822	0.5941974105731677	0.0006067669725015376	0.001733638264858947	1.0479450364795506	0.0013155969878299119	1.8642408661537904	0.016630300554324077	0.7043884932794647	1.787789364452861	1.2520389386370843	2.4863153451925832	1.3123708125031346	0.512851590544154	0.006330778853484882	0.2266439193436233	0.5675648628422112	0.06652043970044459	0.0064068066125921065	0.0005197463542660533	0.011286306052215995	0.32550588280280013	0.9923416253165511	0.13634072041510964	2.2950478151407916	8.426346713890967e-07	0.0112737619521319
165	0.6225064689365188	3.59357127928056	0.06186754130329824	0.0032955037465256824	1.3204617449421916	0.4891710647500729	0.6167314538816159	1.2403107724704223	0.8144147764792973	0.00567372604980488	0.0014039927795278884	1.1507974170304593	0.0003733696399025433	0.3048907917172226	0.893442718820927	0.10621313369309554	2.5447098491021363	0.09785369447390135	0.6914225636323454	0.32457099258935973	0.0958641992877417	2.4489551738489452	0.0001053179359061663	0.3425072062612983	0.5941974593335703	0.000606763146909813	0.0017336311557604686	1.0479421120092192	0.001315588302347842	1.8642409670542919	0.01663018917523376	0.7043884938741463	1.787789153462875	1.2520381164502417	2.486314624413312	1.3123709528490834	0.5128518827362726	0.006330775074442247	0.22664344961291769	0.5675625475030597	0.06652025964813414	0.0064067808606366634	0.0005197434484622695	0.01128628964844042	0.3255050621525333	0.9923415496822494	0.1363401380380819	2.295046358251816	8.426270643233156e-07	0.011273654556967612
166	0.6225041938066138	3.593571278383285	0.06186750842922086	0.003295485446754167	1.3204615076199329	0.4891709894633476	0.6167304709283586	1.2403109041765479	0.814413987287007	0.005673721588342525	0.0014039899855222697	1.150796326072032	0.00037336833592594874	0.3048909448257869	0.8934427737634885	0.10621287332447335	2.5447083989528583	0.09785299782583859	0.6914225914331227	0.3245709981623837	0.09586388556049208	2.4489546598475753	0.00010531703348030597	0.3425069900212029	0.5941975158266997	0.0006067593155152095	0.0017336256403234027	1.0479393928975693	0.0013155800865483971	1.8642410891916348	0.016630090993254618	0.7043884976852318	1.7877889817687886	1.252037341783871	2.4863138159791944	1.3123711978084192	0.5128522383710235	0.006330774045557456	0.22664292536491068	0.5675603677061489	0.06652011932949257	0.0064067620287548855	0.0005197402121800596	0.011286279082349769	0.3255042479201985	0.9923416587893656	0.13633956696665786	2.295045223419424	8.42619964083945e-07	0.011273548032316925
167	0.6225021736169825	3.5935712777549504	0.061867495869511915	0.003295468997204686	1.320461363113596	0.48917097925193787	0.6167296241339792	1.24031109439288	0.8144133593281085	0.005673719794916515	0.001403987922650744	1.1507953720399242	0.00037336691088441393	0.3048911436730749	0.8934428310803272	0.10621268585889358	2.544707252992994	0.09785230345555808	0.6914226164800249	0.324571003516684	0.09586357643711935	2.448954286434976	0.00010531609661802111	0.34250675599149955	0.5941975777734809	0.0006067555625416729	0.0017336216226714342	1.0479369105323724	0.001315572455706467	1.8642412270265858	0.016630006357991334	0.7043885041939284	1.7877888477850146	1.2520366250692296	2.4863129493671714	1.3123715278651158	0.5128526411019491	0.006330775416466832	0.2266423654008765	0.5675583525555258	0.06652001641528225	0.006406749589142317	0.0005197367203493374	0.011286273792826073	0.32550345696643374	0.9923419252200417	0.13633901810566262	2.2950443917112042	8.426134566090785e-07	0.011273444580277089
168	0.6225004178142006	3.5935712773727335	0.061867501144201975	0.0032954545053590504	1.3204613019902913	0.48917102551749525	0.6167289134892453	1.240311331044786	0.8144128844274048	0.005673720346947263	0.0014039865367454	1.1507945572569946	0.00037336541218653313	0.30489137772772246	0.8934428892013413	0.10621256549807266	2.544706394954458	0.09785162617694332	0.6914226386006705	0.3245710085652666	0.09586327802371408	2.4489540426971677	0.000105315150388243	0.34250651167776514	0.5941976430849837	0.0006067519590906663	0.0017336189872985892	1.0479346868909438	0.0013155654967322054	1.8642413754287581	0.01662993527660184	0.7043885128929723	1.787788749319311	1.2520359740617415	2.4863120513278805	1.3123719242946341	0.5128530757722823	0.006330778832021263	0.22664178675261099	0.5675565236245517	0.0665199480772028	0.006406742946301901	0.00051973304761318	0.011286273179867606	0.3255027033601484	0.9923423218456078	0.13633850039830225	2.295043840157595	8.426076032775474e-07	0.011273346037544794
169	0.6224989288055898	3.5935712772115505	0.0618675217209688	0.0032954420214905385	1.3204613142792323	0.4891711195968153	0.6167283360202583	1.2403116026826955	0.8144125521835619	0.005673722914487286	0.0014039857662340534	1.1507938806873796	0.00037336388242446475	0.3048916371188525	0.8934429467516947	0.10621250576792995	2.5447058045020077	0.09785097842386967	0.6914226577097942	0.32457101323958887	0.09586299536582484	2.4489539163736485	0.00010531421666656666	0.342506263792687	0.5941977098821462	0.0006067485633709024	0.001733617604245817	1.0479327353367793	0.0013155592701225135	1.864241529732954	0.016629877460059415	0.7043885232961209	1.787788683702775	1.252035394034666	2.48631114567228	1.3123723694645288	0.5128535285838505	0.006330783940670458	0.226641204551162	0.567554895506647	0.06651991111714209	0.006406741459188912	0.0005197292662818447	0.011286276622928304	0.32550199845038125	0.9923428223783275	0.13633802089720892	2.295043542799463	8.426024429012053e-07	0.011273253884936075
170	0.6224977028608525	3.5935712772449064	0.06186755507739342	0.0032954315453229987	1.3204613897618547	0.4891712529593454	0.616727886255082	1.2403118986467945	0.8144123504974259	0.005673727168406672	0.0014039855444849777	1.1507933384153946	0.0003733623590983571	0.30489191276156946	0.8934430025553055	0.1062124997512014	2.5447054582275026	0.09785037030193108	0.6914226737992939	0.3245710174885517	0.09586273248225574	2.448953894307109	0.00010531331409149688	0.34250601821726634	0.5941977765082573	0.0006067454211778215	0.0017336173338906324	1.0479310614958492	0.0013155538122233234	1.864241685777737	0.016629832369593762	0.7043885349458991	1.7877886479126002	1.2520348880005892	2.4863102531512347	1.3123728470705234	0.512853987213498	0.006330790401632511	0.2266406319547705	0.5675534764434241	0.06651990208696264	0.006406744461346121	0.0005197254446639209	0.011286283497219019	0.325501350987669	0.9923434018300478	0.13633758486704067	2.2950434716588095	8.425979939386142e-07	0.011273169263369263
171	0.6224967310251913	3.593571277445664	0.061867598754563026	0.0032954230328882655	1.3204615182280095	0.48917141737503456	0.6167275566815354	1.2403122091921972	0.8144122660657156	0.005673732787451369	0.0014039858019440495	1.1507929241221457	0.00037336087448913474	0.30489219644832627	0.8934430556335309	0.1062125402981765	2.5447053305763494	0.09784980968388013	0.6914226869279487	0.32457102127724846	0.09586249241665276	2.4489539628517165	0.00010531245809716628	0.342505779985399	0.5941978415349044	0.0006067425665784923	0.001733618031297999	1.04792966418267	0.001315549137711273	1.864241839927805	0.016629799262275688	0.7043885474196695	1.7877886386859032	1.2520344569521449	2.486309391418087	1.3123733423116581	0.5128544408816054	0.006330797890857336	0.226640080129563	0.5675522690060376	0.06651991739749763	0.006406751278863315	0.0005197216457546139	0.011286293187891875	0.32550076728557165	0.9923440368803811	0.13633719591212287	2.2950435976218926	8.425942568518895e-07	0.011273092995085842
172	0.6224960000224672	3.5935712777867206	0.061867650402025916	0.0032954164034056832	1.3204616896972494	0.4891716050528882	0.6167273381873796	1.2403125255772212	0.8144122848340306	0.005673739464173371	0.001403986468045901	1.1507926295497926	0.00037335945566229097	0.3048924809087994	0.8934431051997267	0.10621262021393565	2.5447053946951277	0.09784930234077284	0.6914226972110717	0.32457102458553033	0.09586227730334324	2.448954108236688	0.00010531166101143674	0.34250555328900106	0.594197903762143	0.0006067400227591599	0.0017336195500972091	1.047928536349242	0.0013155452422109763	1.864241989081868	0.01662977723486911	0.7043885603341185	1.7877886526233524	1.2520341001141202	2.486308575063792	1.3123738420089543	0.5128548803777027	0.00633080610581749	0.22663955827626397	0.5675512708076981	0.06651995341584588	0.006406761246065151	0.0005197179262566454	0.011286305102085737	0.32550025141339334	0.9923447061586627	0.1363368561229569	2.2950438912273885	8.4259121653597e-07	0.011273025608936366
173	0.6224954931300775	3.593571278241593	0.06186770781429139	0.003295411546030939	1.3204618946051156	0.48917180875117916	0.6167272204756951	1.2403128401178474	0.8144123924048212	0.0056737469097565205	0.0014039874728880818	1.1507924449450309	0.0003733581245848322	0.30489275984123465	0.8934431506503633	0.10621273242119572	2.544705623192624	0.09784885210111996	0.6914227048103356	0.32457102740644533	0.09586208844406216	2.448954316883296	0.00010531093220837727	0.34250534150078304	0.5941979622136679	0.0006067378029949195	0.0017336217458645928	1.0479276660330852	0.0013155421049725166	1.8642421306678285	0.01662976526523058	0.7043885733482784	1.78778868628172	1.252033815199912	2.486307815714002	1.312374334672663	0.5128552980484323	0.0063308147691810025	0.2266390736961068	0.5675504752276103	0.06652000655043265	0.006406773718893668	0.0005197143359058334	0.011286318678860322	0.3254998054116738	0.992345390445224	0.13633656623584758	2.2950443233552993	8.425888447575964e-07	0.01127296736862925
174	0.6224951910103312	3.5935712787849114	0.06186776895922548	0.003295408326344963	1.3204621239551144	0.4891720218607569	0.6167271924497665	1.240313146211757	0.8144125743975388	0.005673754857782494	0.0014039887486638936	1.1507923594749645	0.00037335689833748045	0.30489302791844775	0.8934431915533536	0.10621287009852358	2.5447059888094357	0.0978484610307796	0.6914227099239665	0.32457102974460084	0.09586192639241838	2.448954575674713	0.00010531027830441985	0.3425051472117849	0.5941980161277687	0.0006067359117038398	0.0017336244790053827	1.0479270372838476	0.001315539691542685	1.8642422626270858	0.016629762250687442	0.7043885861652172	1.7877887362548477	1.2520335986661542	2.4863071221776156	1.312374810523603	0.5128556877532268	0.006330823631437678	0.22663863188919403	0.5675498721290195	0.06652007332364235	0.006406788086006513	0.000519710917071008	0.011286333397088741	0.32549942952266925	0.9923460727985334	0.13633632580039437	2.2950448658150515	8.425871025495853e-07	0.011272918302925324
175	0.6224950724861104	3.59357127939282	0.06186783199882205	0.003295406592476827	1.3204623694377209	0.4891722384632846	0.6167272425632226	1.2403134383355472	0.8144128167596008	0.005673763066998556	0.0014039902308553846	1.150792361610052	0.0003733557894045907	0.3048932807717823	0.8934432276342297	0.10621302679424612	2.5447064649939373	0.09784812962686104	0.691422712777471	0.3245710316144964	0.09586179104321126	2.4489548721792085	0.00010530970338799686	0.3425049722808532	0.5941980649448353	0.0006067343455511276	0.001733627617139852	1.0479266310512099	0.0013155379563726398	1.8642423833897812	0.016629767042968556	0.7043885985325383	1.7877887992428276	1.2520334459602245	2.48630650063655	1.3123752614743458	0.5128560447930395	0.006330832472563486	0.2266382366787646	0.5675494485565258	0.06652015043212506	0.006406803777658765	0.000519707704596464	0.011286348781413214	0.325499122428772	0.9923467386154796	0.13633613335013217	2.295045491833637	8.425859425143286e-07	0.011272878236856668
176	0.622495115251473	3.5935712800432906	0.06186789530293038	0.003295406180776934	1.3204626235182866	0.48917245336653503	0.6167273591325144	1.2403137120188206	0.8144131060280655	0.005673771323162072	0.0014039918591930284	1.1507924394702629	0.00037335480602492937	0.30489351495636274	0.8934432587607586	0.10621319651686933	2.5447070263847715	0.0978478570195163	0.6914227136150265	0.32457103303886714	0.09586168172399526	2.4489551948281685	0.0001053092092731172	0.342504817893365	0.5941981082921561	0.0006067330945725008	0.00173363103700895	1.0479264260199856	0.0013155368453138245	1.8642424918427531	0.01662977847939426	0.7043886102418438	1.7877888721094923	1.2520333517561952	2.4863059548670465	1.3123756810760956	0.5128563658173336	0.006330841102817126	0.2266378903551503	0.5675491894002908	0.06652023479513437	0.00640682027247529	0.0005197047258545286	0.011286364406396701	0.3254988814925993	0.9923473756325476	0.13633598657217857	2.295046176446713	8.425853109986811e-07	0.011272846823150991
177	0.6224952965105375	3.5935712807163585	0.06186795745659433	0.0032954069209778754	1.3204628794961515	0.4891726621190834	0.6167275306100279	1.240313963798847	0.814413429542994	0.005673779440046704	0.0014039935783927986	1.1507925811318893	0.00037335395258741817	0.3048937279009326	0.8934432849265448	0.10621337380322046	2.544707649202006	0.09784764117615553	0.6914227126916308	0.32457103404707244	0.09586159728659255	2.4489555330511683	0.00010530879576811212	0.34250468462666556	0.5941981459667052	0.0006067321432897028	0.0017336346259230347	1.0479263993813868	0.0013155362979629225	1.864242587291887	0.016629795410153303	0.7043886211273107	1.7877889519285444	1.2520333101756584	2.486305486483391	1.312376064437075	0.5128566487143007	0.006330849362768996	0.22663759383361637	0.5675490780171543	0.06652032359146538	0.0064068371022519	0.0005197020009759673	0.011286379899024496	0.32549870299329536	0.9923479738758667	0.13633588247232659	2.2950468967972895	8.425851501103118e-07	0.01127282357314932
178	0.6224955935404518	3.593571281394273	0.061868017261709235	0.003295408640800027	1.3204631315375752	0.4891728610068715	0.6167277458172197	1.2403141911594182	0.8144137756144005	0.005673787259701954	0.001403995338684749	1.1507927748936726	0.0003733532300571262	0.30489391784546027	0.8934433062341136	0.10621355376584797	2.544708311550828	0.09784747910330965	0.691422710266081	0.32457103467355797	0.09586153619656769	2.4489558773709894	0.00010530846095164087	0.3425045725198844	0.5941981779165648	0.0006067314717949285	0.001733638282784077	1.0479265275323004	0.0013155362498252481	1.8642426694204377	0.016629816721603123	0.7043886310635328	1.7877890360188617	1.25203331499066	2.4863050951957146	1.3123764081180527	0.5128568924889719	0.006330857122665946	0.22663734682076542	0.5675490968009745	0.06652041428573326	0.006406853854947884	0.0005196995432267316	0.011286394939724859	0.3254985823544118	0.9923485255681523	0.13633581753260438	2.2950476323480253	8.425853995531136e-07	0.011272807886612455
179	0.6224959841764728	3.5935712820615873	0.06186807373373024	0.0032954111699768107	1.3204633746853185	0.4891730470341734	0.6167279941381129	1.2403143924573694	0.8144141336454458	0.0056737946520616	0.0014039970961498424	1.1507930095019654	0.00037335263641812813	0.3048940837695292	0.8934433228779153	0.10621373212145738	2.544708993643003	0.09784736704206291	0.6914227065948202	0.3245710349564164	0.0958614966189912	2.448956219461941	0.00010530820144896061	0.34250448114601606	0.5941982042215759	0.0006067310567847602	0.0017336419187168523	1.047926786697102	0.001315536634274061	1.8642427382447802	0.016629841355624828	0.7043886399627751	1.7877891219696747	1.2520333598067492	2.486304779074341	1.3123767100103876	0.5128570971335202	0.00633086428123566	0.2266371479847204	0.5675492276966498	0.06652050464486436	0.006406870176049713	0.0005196973595008933	0.011286409262087165	0.3254985143595447	0.9923490250004071	0.13633578785889072	2.295048365014218	8.425859982662269e-07	0.011272799079917722
180	0.6224964472191451	3.5935712827051813	0.061868126094174566	0.0032954143436906076	1.3204636048478313	0.48917321789149226	0.616728265674312	1.2403145668400417	0.8144144942151172	0.005673801513997764	0.0014039988128836719	1.1507932743355809	0.00037335216712129377	0.3048942253143207	0.8934433351276299	0.10621390520233309	2.5447096779424294	0.09784730065367038	0.6914227019266705	0.3245710349360631	0.09586147649912669	2.4489565521751806	0.00010530801270240835	0.34250440968438717	0.594198225073739	0.0006067308725279364	0.0017336454573483602	1.0479271534689543	0.0013155373842907863	1.8642427940689024	0.01662986832514602	0.7043886477717792	1.787789207656442	1.2520334382248455	2.4863045348140402	1.3123769692016163	0.5128572634936339	0.006330870764032631	0.22663699512486613	0.5675494526542559	0.06652059274576713	0.006406885768496921	0.0005196954509013913	0.011286422651460189	0.3254984933526887	0.992349468375954	0.13633578931671866	2.295049079225334	8.425868858576022e-07	0.011272796412250208
181	0.6224969627652677	3.5935712833142324	0.061868173759650785	0.0032954180054243446	1.3204638187710471	0.4891733719128586	0.616728551363374	1.2403147141567077	0.8144148491240892	0.005673807767916331	0.001404000457006967	1.1507935595517715	0.00037335181552658535	0.3048943427007576	0.8934433433120961	0.10621406995280334	2.5447103492418988	0.09784727519264816	0.6914226964984457	0.3245710346540408	0.0958614736369719	2.448956869534964	0.00010530788923098873	0.3425043569918799	0.5941982407578289	0.000606730891754847	0.001733648834777046	1.0479276052697097	0.0013155384339779282	1.8642428374387985	0.016629896726012547	0.7043886544682509	1.7877892912483375	1.2520335439812693	2.4863043579924375	1.3123771858331987	0.5128573931344077	0.006330876521423879	0.22663688533751175	0.5675497540215242	0.06652067697521072	0.006406900391366542	0.000519693813382353	0.011286434942612788	0.3254985134210151	0.992349853633947	0.13633581765390954	2.295049761923433	8.425880038287305e-07	0.011272799109489933
182	0.6224975124657659	3.5935712838801384	0.061868216328125114	0.0032954220092458364	1.3204640139957557	0.489173508024897	0.6167288430629251	1.2403148348667132	0.814415191407752	0.005673813359986505	0.0014040020025434248	1.1507938561954292	0.00037335157333097065	0.30489443664611277	0.8934433478041305	0.10621422391285151	2.5447109946787156	0.09784728566526432	0.6914226905314191	0.32457103415196165	0.09586148575486254	2.448957166709844	0.00010530782487489093	0.34250432167152783	0.5941982516326155	0.000606731086459989	0.0017336519992745291	1.0479281207294329	0.0013155397198425338	1.8642428690977721	0.016629925745445372	0.7043886600571491	1.787789371208325	1.2520336710658435	2.4863042433177402	1.3123773609545855	0.5128574882087372	0.006330881526307144	0.22663681517441864	0.567550114874466	0.06652075602297017	0.006406913857512991	0.0005196924384291471	0.011286446016635084	0.3254985685584745	0.9923501802589885	0.13633586860915115	2.295050402507062	8.425892965921678e-07	0.011272806385587059
183	0.622498079714759	3.593571284396406	0.0618682535630981	0.0032954262215519805	1.3204641888034374	0.48917362568988665	0.6167291336033323	1.2403149299467775	0.8144155153205765	0.00567381825809262	0.0014040034291854997	1.1507941562741162	0.00037335143097457966	0.30489450828110676	0.8934433490064454	0.10621436519097273	2.5447116036971282	0.09784732697195718	0.6914226842286103	0.32457103347059146	0.09586151055760656	2.448957439962842	0.00010530781302165221	0.34250430213734573	0.594198258113018	0.0006067314286116998	0.0017336549107625715	1.0479286799881617	0.001315541181853337	1.8642428899435002	0.01662995466736107	0.7043886645668841	1.7877894462868213	1.2520338138184646	2.4863041848618357	1.3123774963772834	0.5128575513307458	0.006330885771647471	0.22663678079170643	0.5675505192873245	0.06652082886929979	0.006406926030356282	0.0005196913137548972	0.011286455797250476	0.32549865280925766	0.9923504490828816	0.1363359380060595	2.295050992729248	8.425907122877694e-07	0.011272817461300058
184	0.6224986497750282	3.5935712848585037	0.061868285376319686	0.003295430522308013	1.320464342153303	0.48917372484486954	0.616729416812044	1.2403150007995871	0.8144158162960407	0.005673822449590477	0.0014040047219684448	1.1507944528019274	0.0003733513780192034	0.30489455906923435	0.8934433473388246	0.10621449242832445	2.5447121679655864	0.09784739403275737	0.6914226777728365	0.32457103264907644	0.09586154578485079	2.4489576865845235	0.00010530784681153014	0.34250429667449195	0.594198260653454	0.0006067318907662779	0.0017336575401071448	1.0479292649238767	0.0013155427642792309	1.8642429009875512	0.016629982874864967	0.7043886680455207	1.7877895155099568	1.2520339670049585	2.48630417627566	1.3123775945321008	0.5128575854563174	0.006330889267910504	0.22663677808719784	0.5675509525441932	0.06652089476777628	0.006406936820003959	0.00051969042399485	0.01128646424669875	0.32549876039071957	0.9923506620839033	0.1363360218326424	2.295051526558013	8.425922034071305e-07	0.011272831580246116
185	0.6224992098457717	3.5935712852636983	0.06186831180961739	0.003295434805823255	1.3204644736131042	0.4891738058386701	0.6167296875129102	1.2403150491654986	0.8144160908863023	0.005673825938943574	0.001404005870872137	1.1507947398154545	0.00037335140349463913	0.304894590729776	0.8934433432266657	0.10621460475613174	2.5447126812567675	0.09784748189528507	0.6914226713254673	0.3245710317243097	0.09586158925559206	2.4489579048127625	0.00010530791932042809	0.3425043034940841	0.5941982597325859	0.0006067324465860683	0.0017336598682697515	1.04792985931171	0.0013155444163204318	1.8642429033179115	0.01663000985024573	0.7043886705570672	1.7877895781634194	1.2520341258733723	2.4863042109845463	1.3123776583322468	0.5128575937723767	0.006330892040462388	0.22663680282477688	0.5675514012956003	0.06652095322451294	0.006406946178881526	0.0005196897513826923	0.011286471361338054	0.32549888579587105	0.9923508221883068	0.13633611630641207	2.295052000007553	8.425937272386232e-07	0.011272848022278452
186	0.6224997490789919	3.593571285610866	0.06186833301635372	0.0032954389811092636	1.3204645832860629	0.4891738693684796	0.6167299415038879	1.2403150770388551	0.8144163366856785	0.005673828745307031	0.0014040068703691513	1.1507950123652908	0.00037335149620969265	0.30489460516567257	0.8934433370909528	0.10621470174818928	2.544713139298018	0.09784758582533165	0.6914226650258173	0.3245710307304329	0.09586163890492766	2.448958093742741	0.00010530802371943222	0.34250432078219933	0.5941982558396057	0.0006067330712632456	0.001733661885353837	1.0479304489202457	0.0013155460925466887	1.8642428980649246	0.016630035172810136	0.7043886721779207	1.787789633772835	1.252034286192133	2.486304282362017	1.3123776910444815	0.5128575795961449	0.006330894126997479	0.22663685074481152	0.5675518536641028	0.06652100397468946	0.006406954097033128	0.0005196892763955699	0.011286477167099719	0.32549902387597535	0.9923509330780789	0.13633621792567388	2.2950524109477146	8.425952461476423e-07	0.011272866114261471
187	0.6225002585511212	3.5935712859003006	0.061868349242966934	0.003295442971869159	1.3204646717360429	0.4891739164174478	0.6167301755165471	1.2403150865901105	0.8144165522417925	0.0056738309001189	0.0014040077189362108	1.1507952664865762	0.0003733516450258521	0.30489460439717336	0.8934433293396843	0.10621478337015941	2.5447135395994827	0.09784770138041284	0.6914226589910999	0.3245710296984655	0.09586169281329611	2.4489582532304657	0.0001053081534106546	0.342504346742779	0.5941982494621504	0.0006067337418528402	0.0017336635895812795	1.0479310215513409	0.0013155477531591282	1.8642428863709248	0.01663005851489778	0.7043886729935233	1.7877896820815797	1.2520344442716946	2.486304383881146	1.3123776961700244	0.5128575462852083	0.006330895575046101	0.22663691766012325	0.5675522993035016	0.06652104695727257	0.006406960597239593	0.0005196889783571436	0.011286481714914816	0.3254991699041456	0.9923509990082877	0.13633632350774638	2.2950527588988723	8.425967277082823e-07	0.011272885238361608
188	0.6225007311965702	3.5935712861335163	0.06186836081098617	0.0032954467161683703	1.320464739912826	0.4891739481945034	0.6167303871607258	1.2403150800946747	0.8144167369579971	0.005673832444750369	0.001404008418544625	1.150795499152069	0.00037335183909273026	0.30489459050192375	0.8934433203607457	0.10621484992720512	2.5447138812666967	0.09784782446699875	0.6914226533168693	0.3245710286560524	0.09586174922858905	2.4489583837927906	0.00010530830213963468	0.3425043796343298	0.5941982410758884	0.0006067344375200539	0.0017336649862307383	1.0479315670302514	0.0013155493640939413	1.8642428693637272	0.016630079636409216	0.7043886730952758	1.787789723026856	1.2520345969714421	2.486304509243239	1.3123776773365008	0.5128574971589019	0.006330896439605838	0.22663699953737243	0.5675527294166747	0.0665210822887234	0.006406965730084929	0.0005196888359904671	0.011286485076215992	0.325499319621133	0.9923510246367051	0.1363364302150521	2.2950530448186557	8.42598144703712e-07	0.011272904838010009
189	0.6225011617098055	3.593571286313046	0.0618683680998483	0.0032954501658371167	1.3204647890791112	0.48917396607741326	0.6167305748575542	1.2403150598691148	0.8144168909903803	0.005673833428258052	0.0014040089741436611	1.1507957082111389	0.00037335206804532596	0.30489456556192196	0.8934433105161865	0.10621490201132433	2.544714164803817	0.09784795138238644	0.6914226480778751	0.3245710276273187	0.09586180658161876	2.4489584865065908	0.00010530846408502738	0.3425044178004616	0.5941982311357784	0.0006067351397080904	0.0017336660865661512	1.0479320771530176	0.0013155508969870827	1.864242848134023	0.016630098378168194	0.7043886725777389	1.787789756714788	1.2520347416937025	2.4863046524841015	1.312377638201777	0.5128574354311783	0.00633089678093119	0.22663709256406223	0.5675531367372455	0.0665211102364017	0.006406969569085756	0.0005196888279147571	0.011286487338602333	0.3254994692647216	0.9923510148677477	0.13633653557015396	2.2950532708862683	8.425994750130241e-07	0.011272924421722598
190	0.6225015464223591	3.5935712864422507	0.06186837153078247	0.00329545328565402	1.3204648207405911	0.48917397155988146	0.6167307377638824	1.24031502821511	0.8144170151423339	0.005673833905273522	0.0014040093931490675	1.150795892317914	0.0003733523221639827	0.30489453161757185	0.8934433001378355	0.1062149404495737	2.544714391913061	0.09784807884238414	0.6914226433292533	0.3245710266328214	0.0958618634955047	2.4489585629093997	0.00010530863392670216	0.34250445969443294	0.5941982200689653	0.0006067358322336205	0.001733666906780073	1.0479325455980475	0.0013155523290195887	1.864242823716653	0.01663011465442063	0.704388671536145	1.7877897833952139	1.2520348763667366	2.4863048080586134	1.3123775823701744	0.512857364154875	0.00633089666250832	0.22663719320165088	0.56755351548039	0.06652113119228756	0.0064069722059812715	0.0005196889330822286	0.01128648860173965	0.3254996155843121	0.9923509747122004	0.13633663746090857	2.2950534402894336	8.426007014024146e-07	0.011272943564984698
191	0.6225018831608438	3.593571286525133	0.06186837155196844	0.0032954560523582805	1.3204648365802132	0.48917396620329323	0.6167308756909232	1.2403149873713266	0.8144171107593112	0.005673833934057437	0.0014040096849471887	1.1507960508516268	0.00037335259249861275	0.3048944906288695	0.8934432895241684	0.10621496625418936	2.5447145652952265	0.09784820399612648	0.6914226391079836	0.3245710256895853	0.09586191878959871	2.4489586149034843	0.00010530880689369544	0.34250450389798104	0.5941982082692434	0.0006067365013176037	0.0017336674669728527	1.0479329678086742	0.0013155536426630629	1.8642427970756326	0.016630128444750647	0.7043886700642334	1.7877898034367632	1.2520349994185795	2.4863049709047145	1.3123775133212048	0.5128572861770451	0.006330896149233906	0.2266372982254979	0.5675538612680354	0.0665211456475499	0.006406973746264609	0.0005196891311530535	0.011286488973553565	0.3254997558423828	0.9923509091636349	0.13633673413696282	2.295053557018245	8.426018112381983e-07	0.011272961910421445
192	0.6225021710916429	3.593571286566161	0.06186836862511961	0.0032954584535351853	1.3204648383974904	0.4891739515935256	0.6167309890196679	1.2403149394731876	0.8144171796260399	0.00567383357473838	0.0014040098604233674	1.1507961838319474	0.0003733528709593251	0.3048944444436022	0.8934432789383271	0.10621498057543381	2.544714688455499	0.09784832442944255	0.6914226354345454	0.3245710248112106	0.09586197147860374	2.4489586446649687	0.0001053089787937018	0.3425045491348006	0.5941981960929983	0.0006067371355595591	0.001733667790185044	1.047933340853186	0.0013155548253444035	1.8642427690927506	0.01663013978566888	0.7043886682524101	1.7877898173027253	1.2520351097435398	2.486305136488193	1.3123774343506869	0.5128572041048252	0.0063308953058101285	0.22663740475255828	0.5675541710335517	0.06652115416840132	0.006406974305020241	0.0005196894028081731	0.011286488566758674	0.3254998878045761	0.9923508230919559	0.13633682419884424	2.2950536256694836	8.42602796138508e-07	0.0112729791664825
193	0.6225024105574654	3.5935712865701097	0.06186836321358985	0.0032954604864163873	1.3204648280534976	0.4891739293030788	0.6167310786153535	1.2403148865203475	0.8144172238680987	0.005673832887749711	0.0014040099315216121	1.1507962918318309	0.0003733531503760344	0.30489439477230373	0.8934432686071769	0.10621498465782764	2.5447147655180573	0.09784843815825464	0.6914226323147076	0.3245710240080414	0.09586202076755646	2.448958654559312	0.00010530914602596334	0.34250459427910374	0.594198183856513	0.0006067377258635092	0.0017336679014969094	1.0479336632684269	0.0013155558690480249	1.8642427405595043	0.01663014876210078	0.7043886661862305	1.7877898255281257	1.2520352066630809	2.4863053008299034	1.3123773485238435	0.5128571202811594	0.006330894195361432	0.22663751025788179	0.5675544429107917	0.06652115737359068	0.00640697400311665	0.0005196897300011347	0.011286487495753846	0.32550000972016746	0.9923507211540699	0.13633690658088612	2.295053651264238	8.426036515795766e-07	0.011272995104871184
194	0.6225026029104277	3.593571286541917	0.061868355772056655	0.0032954621566326442	1.3204648074219836	0.4891739008586313	0.6167311457429743	1.2403148303515317	0.8144172458594093	0.005673831932471668	0.0014040099108408876	1.1507963758901163	0.0003733534245299563	0.3048943431695936	0.8934432587212814	0.1062149798002599	2.544714801052321	0.09784854361350209	0.6914226297413965	0.32457102328738097	0.09586206604334378	2.4489586470641185	0.00010530930557952623	0.3425046383597403	0.5941981718345133	0.0006067382653237577	0.0017336678272055449	1.0479339348926047	0.001315556769872705	1.8642427121720964	0.016630155498973752	0.7043886639451936	1.787789828698347	1.2520352898827012	2.4863054605172055	1.3123772586397822	0.5128570367695664	0.006330892878273183	0.22663761258107562	0.5675546761120187	0.06652115591380209	0.006406972963789042	0.0005196900961513403	0.011286485873901648	0.3255001202946453	0.992350607721304	0.13633698052919507	2.2950536390810043	8.426043764713287e-07	0.01127300955694404
195	0.622502750345772	3.59357128648655	0.06186834673779185	0.003295463476952647	1.3204647783468326	0.48917386771399246	0.6167311919855376	1.2403147726262935	0.8144172481368572	0.0056738307660804885	0.0014040098112718612	1.1507964374258148	0.0003733536881601132	0.30489429102144294	0.893443249435672	0.10621496732032147	2.5447147999130535	0.0978486396190681	0.6914226276965916	0.3245710226537453	0.09586210686340806	2.4489586246999666	0.00010530945501888561	0.3425046805603917	0.5941981602598151	0.0006067387490784371	0.0017336675940870354	1.0479341566924116	0.0013155575275588713	1.864242684529183	0.01663016015307326	0.7043886616018308	1.787789827429551	1.2520353594462894	2.4863056127015106	1.3123771672065865	0.5128569553470622	0.006330891411247416	0.2266377099239495	0.5675548707988871	0.06652115045315046	0.006406971309633736	0.0005196904862820914	0.011286483811199158	0.3255002186560703	0.9923504868228854	0.1363370455758132	2.2950535945058044	8.426049727156965e-07	0.011273022409298932
196	0.6225028557397543	3.5935712864088956	0.0618683365234947	0.0032954644660372822	1.3204647426059437	0.4891738312283075	0.6167312191664709	1.2403147148131461	0.8144172333229353	0.005673829442601525	0.00140400964567653	1.1507964781557267	0.00037335393694809505	0.30489423953784084	0.8934432408712872	0.10621494852306504	2.5447147670959223	0.09784872536413788	0.6914226261532013	0.32457102210914246	0.09586214294226766	2.4489585899696737	0.0001053095924590403	0.3425047202163649	0.5941981493239337	0.0006067391741383798	0.0017336672287481879	1.0479343305889948	0.0013155581450006231	1.8642426581320566	0.016630162905308637	0.7043886592210702	1.7877898223510842	1.252035415689301	2.4863057550838734	1.3123770764261249	0.5128568775042808	0.0063308898465668055	0.22663780084058974	0.5675550279502282	0.0665211416528929	0.0064069691600238685	0.000519690887107589	0.01128648141233778	0.3255003043167882	0.9923503621045326	0.1363371015101532	2.295053522900271	8.426054447596135e-07	0.011273033598757656
197	0.6225029224946722	3.5935712863136637	0.06186832551163181	0.003295465147234393	1.3204647018814428	0.48917379264927996	0.6167312292773091	1.2403146581834656	0.8144172040570077	0.0056738280121593765	0.0014040094266119017	1.150796500016731	0.0003733541674843543	0.30489418975028804	0.8934432331169591	0.10621492467427338	2.544714707609565	0.09784880037134566	0.6914226250768829	0.3245710216533685	0.09586217413644306	2.4489585453061853	0.00010530971653193654	0.34250475680851866	0.5941981391785092	0.0006067395391983901	0.0017336667570698248	1.047934459286723	0.0013155586277551973	1.8642426333869202	0.016630163953501798	0.7043886568598536	1.7877898140899797	1.2520354591919238	2.4863058858905656	1.3123769881875886	0.5128568044518191	0.0063308882315547075	0.22663788422110476	0.5675551492299556	0.0665211301574101	0.006406966628945637	0.0005196912870736387	0.011286478775141672	0.3255003771319614	0.9923502368010169	0.13633714834869895	2.295053429488152	8.426057991531566e-07	0.011273043106934503
198	0.6225029543934378	3.5935712862053095	0.061868314050202905	0.0032954655474347963	1.3204646577360188	0.4891737531010958	0.6167312244115212	1.2403146038105157	0.8144171629355239	0.005673826520414641	0.0014040091660977748	1.1507965050938087	0.00037335437721927166	0.30489414251351926	0.8934432262318299	0.1062148969782062	2.5447146263647196	0.0978488644619748	0.6914226244277736	0.32457102128431226	0.09586220042833268	2.4489584930290444	0.00010530982634619825	0.3425047899548418	0.5941981299374082	0.0006067398444374099	0.0017336662037413574	1.0479345461081022	0.0013155589835609023	1.8642426106089283	0.016630163505784876	0.7043886545669776	1.7877898032576112	1.2520354907332658	2.486306003840516	1.312376904068718	0.512856737131823	0.006330886608216424	0.22663795927025382	0.5675552368579514	0.06652111658245569	0.006406963823245198	0.000519691676357195	0.011286475989367432	0.3255004372562529	0.9923501137213949	0.13633718630386582	2.2950533192601976	8.426060441217595e-07	0.01127305095456518
199	0.622502955465572	3.5935712860879696	0.06186830244983152	0.0032954656960061807	1.3204646115950696	0.4891737135766747	0.6167312067050869	1.2403145525729198	0.8144171124612714	0.005673825008174261	0.001404008875427698	1.1507964955545906	0.0003733545644021232	0.30489409851084315	0.8934432202480889	0.10621486655970397	2.544714528080508	0.09784891771936893	0.6914226241621069	0.3245710209982593	0.09586222190953227	2.448958435309236	0.00010530992144193136	0.34250481940018623	0.5941981216793626	0.000606740091313441	0.0017336655918844025	1.047934594837602	0.0013155592218728849	1.8642425900276631	0.0166301617746683	0.7043886523831353	1.7877897904384972	1.252035511247417	2.486306108106435	1.312376825343648	0.51285667623385	0.006330885013044957	0.22663802548211837	0.5675552934863407	0.06652110150562209	0.0064069608412687705	0.0005196920468301163	0.011286473135842266	0.3255004850998579	0.9923499952455175	0.13633721575281407	2.2950531968970185	8.426061891599121e-07	0.011273057195752157
200	0.6225029298659908	3.5935712859654165	0.06186829098206415	0.00329546562381756	1.3204645647342586	0.48917367493383285	0.6167311782842004	1.2403145051619036	0.8144170550015468	0.005673823511160447	0.001404008565021379	1.1507964735909724	0.0003733547280109174	0.3048940582624925	0.8934432151739236	0.10621483445044794	2.5447144172076053	0.09784896045159347	0.6914226242336956	0.3245710207901906	0.09586223876403656	2.448958374142029	0.00010531000174225436	0.34250484500462774	0.5941981144510178	0.0006067402823584004	0.0017336649427615765	1.047934609576589	0.0013155593534244204	1.8642425717937314	0.016630158971817525	0.7043886503411281	1.787789776181207	1.252035521782091	2.4863061982713224	1.3123767529963033	0.5128566222140855	0.006330883476973189	0.22663808261190366	0.567555322083122	0.06652108545893001	0.006406957771872261	0.0005196923919925691	0.011286470285913505	0.32550052128492857	0.9923498833303616	0.13633723720690055	2.295053066709156	8.426062446522871e-07	0.0112730619122631
201	0.6225028817674898	3.5935712858410254	0.0618682798787514	0.0032954653623632505	1.320464518272021	0.48917363789490736	0.616731141220278	1.2403144620916366	0.8144169927549496	0.005673822059921667	0.0014040082443161333	1.150796441368109	0.0003733548676758687	0.3048940221363956	0.8934432109965957	0.10621480157911195	2.5447142978676656	0.09784899315426264	0.6914226245952659	0.3245710206540685	0.09586225125170517	2.44895831132733	0.00010531006750305452	0.3425048667308945	0.5941981082702646	0.0006067404209773851	0.001733664275565264	1.047934594611018	0.0013155593898198223	1.8642425559861888	0.016630155303556216	0.7043886484662208	1.7877897609912836	1.2520355234603995	2.486306274281933	1.3123766877383014	0.5128565753170374	0.006330882025453647	0.22663813064587435	0.5675553258246895	0.0665210689234154	0.006406954693771891	0.0005196927068814716	0.011286467501179238	0.32550054660328726	0.9923497795247168	0.13633725128234742	2.2950529325933378	8.426062215268291e-07	0.011273065207999425
202	0.6225028152674142	3.5935712857177533	0.061868269332377705	0.003295464942991974	1.3204644731665094	0.4891736030493841	0.6167310974922553	1.2403144237120323	0.8144169277263511	0.005673820679868438	0.00140400792169445	1.1507964009809044	0.0003733549835990364	0.30489399036080533	0.8934432076855546	0.10621476876509328	2.544714173808129	0.09784901647431943	0.6914226251996345	0.32457102058310633	0.09586225969231685	2.448958248456952	0.0001053101192623053	0.3425048846312636	0.5941981031297481	0.0006067405112561266	0.0017336636072801167	1.04793455429304	0.001315559343163561	1.864242542620516	0.01663015096709534	0.7043886467766133	1.7877897453260618	1.2520355174461628	2.4863063364006277	1.312376630030359	0.5128565355989023	0.006330880678646877	0.2266381697703318	0.5675553079983839	0.06652105232556067	0.0064069516752037385	0.0005196929879591941	0.011286464833467888	0.32550056197617666	0.9923496849907734	0.13633725867260252	2.295052798003677	8.42606130943031e-07	0.011273067203732456
203	0.6225027343086225	3.5935712855981325	0.06186825949720402	0.003295464396243631	1.3204644302164468	0.4891735708590631	0.6167310489560117	1.2403143902233873	0.8144168617094771	0.005673819391416195	0.0014040076044443573	1.150796354417923	0.0003733550764724005	0.30489396303825933	0.8934432051955177	0.10621473671547421	2.5447140483713073	0.09784903117542838	0.6914226260007241	0.32457102057001785	0.09586226445048025	2.4489581869081487	0.00010531015779010813	0.3425048988342831	0.5941980990004486	0.000606740557779715	0.0017336629526122935	1.0479344929372136	0.0013155592257287608	1.8642425316568985	0.016630146147471988	0.7043886452840007	1.7877897295912404	1.2520355049130383	2.4863063851568716	1.3123765801062661	0.512856502951866	0.0063308794516995625	0.2266382003404389	0.5675552719158368	0.06652103603539829	0.006406948773857772	0.0005196932329874772	0.011286462325033369	0.32550056841664593	0.9923496005312068	0.13633726012276398	2.2950526659364208	8.426059840174242e-07	0.011273068032185543
204	0.6225026426145286	3.593571285484273	0.06186825049108834	0.003295463751293598	1.320464390065336	0.4891735416653059	0.6167309973206195	1.2403143616922998	0.8144167962764521	0.005673818210217601	0.001404007298749001	1.1507963035325088	0.00037335514739636895	0.30489394016038684	0.8934432034694539	0.10621470602484198	2.5447139244764823	0.09784903810551658	0.6914226269544177	0.32457102060724374	0.09586226592161323	2.4489581278426904	0.0001053101840404491	0.34250490953163193	0.5941980958352516	0.0006067405654650187	0.001733662323977926	1.0479344147316052	0.0013155590496669541	1.86424252300859	0.01663014101516834	0.7043886439942012	1.7877897141390429	1.2520354870176185	2.486306421299494	1.3123765379985508	0.512856477128684	0.006330878355094166	0.2266382228495921	0.5675552208375305	0.06652102036610116	0.0064069460370505685	0.0005196934408911911	0.011286460008932377	0.3255005669950356	0.9923495266204221	0.1363372564063462	2.2950525389267367	8.426057915872129e-07	0.011273067833522433
205	0.6225025436377318	3.593571285377873	0.061868242397852415	0.0032954630355020724	1.3204643532084799	0.48917351569792367	0.61673094413101	1.2403143380683401	0.8144167327735865	0.005673817147467137	0.0014040070097017085	1.1507962500207622	0.0003733551978004356	0.30489392162312395	0.8934432024414182	0.10621467717758407	2.544713804613651	0.09784903816687872	0.6914226280192539	0.324571020687153	0.0958622645191516	2.4489580722107673	0.00010531019910548898	0.34250491696538643	0.594198093572426	0.0006067405394085901	0.00173366173154304	1.0479343236636949	0.0013155588267598321	1.8642425165501626	0.016630135724370495	0.7043886429078258	1.7877896992677922	1.2520354648765468	2.4863064457506354	1.3123765035650519	0.5128564577669666	0.0063308773950527895	0.22663823789993348	0.5675551579086999	0.06652100557486731	0.006406943502100604	0.0005196936116161688	0.011286457909550908	0.32550055880789286	0.9923494634387149	0.1363372483045764	2.295052419055983	8.426055640120347e-07	0.011273066751285078
206	0.6225024405215072	3.593571285280239	0.061868235270069225	0.00329546227406406	1.3204643200022805	0.489173493085291	0.6167308907565663	1.2403143192010124	0.814416672322656	0.0056738162102615225	0.0014040067413427504	1.1507961954059232	0.0003733552293674238	0.30489390724195203	0.8934432020391969	0.10621465055227293	2.544713690847467	0.09784903228915011	0.6914226291569696	0.3245710208022192	0.09586226066309939	2.4489580207589676	0.0001053102041730391	0.34250492141591443	0.5941980921389507	0.0006067404847512746	0.0017336611833070827	1.0479342234606968	0.0013155585682127022	1.8642425121254838	0.016630130411818336	0.7043886420209706	1.7877896852227184	1.252035439547606	2.486306459562168	1.312376476515694	0.512856444412682	0.006330876573979105	0.22663824617449158	0.5675550861064322	0.06652099186490393	0.006406941196870493	0.0005196937459849131	0.011286456043248294	0.3255005449505297	0.9923494109082096	0.13633723658832933	2.2950523079678766	8.426053110129997e-07	0.011273064928808516
207	0.6225023360732562	3.593571285192308	0.061868229132153306	0.0032954614897539687	1.3204642906753006	0.48917347386529875	0.6167308383850849	1.240314304856597	0.8144166158268981	0.005673815402000552	0.0014040064967140611	1.150796141028637	0.0003733552439624803	0.3048938967668226	0.8934432021867307	0.10621462642776186	2.5447135848299167	0.09784902140534757	0.6914226303329011	0.32457102094517043	0.09586225476998794	2.4489579740416123	0.00010531020048771762	0.3425049231905765	0.594198091453635	0.0006067404065602071	0.0017336606852223282	1.0479341175436367	0.0013155582844884988	1.8642425095552784	0.016630125196191357	0.7043886413259141	1.787789672197813	1.252035412014653	2.4863064638751893	1.312376456438856	0.5128564365424682	0.006330875890923571	0.22663824841133584	0.5675550081976015	0.06652097938831879	0.0064069391404417125	0.0005196938455535171	0.0112864544190888	0.3255005264933281	0.9923493687295497	0.13633722200273643	2.2950522068920067	8.426050415474562e-07	0.0112730625061262
208	0.6225022327488736	3.5935712851146797	0.061868223983645707	0.0032954607027575605	1.320464265340614	0.489173457996793	0.6167307880215137	1.2403142947345223	0.8144165639809573	0.005673814722814136	0.0014040062779282919	1.1507960880425143	0.0003733552435677234	0.30489388989648697	0.8934432028062927	0.10621460499062674	2.544713487820265	0.0978490064310843	0.6914226315162502	0.3245710211091126	0.09586224724427189	2.44895793243474	0.00010531018931613356	0.34250492261337073	0.5941980914299951	0.0006067403097284098	0.0017336602413416985	1.0479340089943283	0.001315557985180468	1.8642425086441712	0.016630120177971268	0.7043886408118025	1.7877896603385472	1.2520353831762046	2.4863064598830693	1.3123764428268143	0.5128564335844326	0.006330875342058631	0.2266382453800359	0.5675549267070846	0.06652096824973301	0.006406937343889195	0.0005196939124726741	0.011286453039632983	0.3255005044617995	0.9923493364184404	0.13633720525444198	2.2950521166731797	8.426047637173751e-07	0.011273059617366753
209	0.6225021326468895	3.5935712850476484	0.061868219802595464	0.0032954599305830773	1.3204642440089955	0.48917344537118634	0.6167307404908429	1.2403142884829736	0.8144165172840259	0.005673814170002695	0.0014040060862487464	1.1507960374143666	0.0003733552302232016	0.30489388629199915	0.8934432038204081	0.10621458634360928	2.544713400710853	0.09784898824698146	0.6914226326802317	0.32457102128762905	0.09586223847115444	2.4489578961520833	0.00010531017191631134	0.34250492001561855	0.5941980919788556	0.000606740198891794	0.001733659853987918	1.047933900534211	0.0013155576789210567	1.8642425091871262	0.016630115439719553	0.7043886404653116	1.787789649745281	1.2520353538374307	2.4863064487983655	1.312376435099829	0.5128564349371882	0.006330874921152207	0.2266382378606256	0.567554843895557	0.06652095851043843	0.0064069358111253	0.0005196939493551751	0.01128645190176347	0.32550047982032526	0.9923493133412671	0.1363371870014252	2.295052037805172	8.426044847087861e-07	0.011273056388632255
210	0.6225020375111918	3.5935712849912376	0.061868216548950986	0.003295459188042747	1.3204642266025524	0.48917343582396344	0.6167306964445252	1.240314285713505	0.8144164760554621	0.005673813738479494	0.0014040059221769865	1.1507959899284768	0.0003733552059745932	0.3048938855892095	0.8934432051535077	0.10621457051474245	2.5447133240573954	0.09784896768422624	0.6914226338021136	0.3245710214748554	0.09586222881080465	2.4489578652624107	0.00010531014951144665	0.342504915727754	0.5941980930106567	0.0006067400783630126	0.0017336595239374416	1.0479337945139116	0.001315557373324083	1.8642425109752225	0.01663011104670794	0.7043886402712709	1.7877896404771902	1.2520353247052673	2.4863064318238055	1.3123764326285352	0.5128564399869541	0.006330874620029384	0.22663822662519023	0.5675547617460547	0.0665209501929356	0.00640693453978548	0.0005196939591518384	0.011286450997522493	0.3255004534594329	0.9923492987491379	0.13633716784526217	2.2950519704675543	8.426042107593797e-07	0.011273052936338979
211	0.6225019487411059	3.5935712849452353	0.061868214167886	0.003295458487295527	1.32046421296844	0.48917342914584583	0.6167306563698058	1.2403142860144651	0.8144164404522082	0.005673813421205029	0.001404005785545156	1.1507959461942658	0.0003733551728278739	0.3048938874101139	0.8934432067333157	0.1062145574668662	2.5447132581125	0.09784894551316423	0.6914226348631617	0.3245710216655322	0.09586221859390406	2.4489578397076794	0.00010531012326797878	0.3425049100722448	0.5941980944374576	0.0006067399520813218	0.0017336592506131273	1.0479336929122962	0.0013155570749569375	1.8642425138007324	0.016630107047839956	0.7043886402132451	1.7877896325565605	1.25203529638633	2.4863064101274155	1.3123764347543816	0.5128564481226046	0.0063308744290138455	0.22663821242212326	0.5675546819584059	0.0665209432857015	0.006406933522130584	0.0005196939450373741	0.011286450314941333	0.3255004261864057	0.9923492918098237	0.1363371483256654	2.295051914564368	8.426039471511585e-07	0.011273049365994065
212	0.6225018674076135	3.5935712849092334	0.06186821259299664	0.0032954578379418564	1.3204642028923514	0.4891734250934184	0.616730620601366	1.2403142889631114	0.8144164104873868	0.005673813209605069	0.0014040056756103746	1.1507959066567301	0.00037335513271099374	0.3048938913729665	0.8934432084919782	0.10621454710727363	2.5447132028612507	0.09784892243476394	0.6914226358485066	0.32457102185503794	0.09586220811843922	2.4489578193214903	0.00010531009427787176	0.3425049033576471	0.5941980961746327	0.0006067398235773745	0.0017336590322802872	1.0479335973437505	0.0013155567893393485	1.8642425174614838	0.016630103476804242	0.7043886402740633	1.7877896259733022	1.2520352693872954	2.486306384821777	1.3123764408079308	0.5128564587486242	0.0063308743373421805	0.22663819596303295	0.5675546059505869	0.06652093774805247	0.006406932745943976	0.0005196939103072724	0.011286449838844744	0.32550039871897885	0.9923492916371841	0.1363371289171111	2.295051869763562	8.426036982249078e-07	0.011273045771375674
213	0.6225017942745267	3.5935712848826595	0.06186821174931732	0.003295457247161306	1.3204641961115158	0.48917342339905956	0.6167305893347107	1.240314294136322	0.8144163860495085	0.005673813093965479	0.0014040055911488643	1.1507958716090432	0.0003733550874424495	0.30489389710110326	0.8934432103669423	0.10621453929725988	2.544713158057794	0.09784889907474958	0.6914226367469438	0.3245710220394029	0.09586219764764149	2.448957803847398	0.00010531006354491978	0.3425048958737686	0.5941980981422659	0.0006067396959516876	0.0017336588662413778	1.0479335090724131	0.0013155565209651394	1.864242521764514	0.016630100353402927	0.7043886404362929	1.787789620689558	1.2520352441174116	2.4863063569473036	1.3123764501249209	0.5128564712959645	0.006330874333545722	0.22663817791222543	0.5675545348660352	0.06652093351498303	0.006406932195404576	0.00051969385828642	0.011286449551616172	0.32550037168184104	0.9923492973177801	0.13633711002734528	2.295051835536229	8.426034674132088e-07	0.011273042234079815
214	0.6225017298234832	3.5935712848648147	0.06186821155611439	0.0032954567198843062	1.3204641923269933	0.489173423780052	0.6167305626407745	1.2403143011198665	0.814416366921792	0.005673813063798341	0.0014040055305477909	1.1507958412067554	0.0003733550387065012	0.30489390423045853	0.8934432123015994	0.10621453386137851	2.5447131232619973	0.09784887598016834	0.6914226375506807	0.3245710222153076	0.09586218740896306	2.4489577929567052	0.00010531003197482983	0.342504887887896	0.5941981002662526	0.0006067395718653971	0.0017336587490252768	1.0479334290321112	0.0013155562733433855	1.8642425265290221	0.016630097685002475	0.7043886406826548	1.787789616644292	1.252035220892787	2.4863063274593573	1.3123764620600338	0.512856485230853	0.00633087440579597	0.22663815887864353	0.5675544695859517	0.06652093050187873	0.006406931851920083	0.0005196937922498071	0.011286449433912434	0.3255003456056371	0.992349307934473	0.13633709199754546	2.2950518111948095	8.426032572887596e-07	0.01127303882339397
215	0.6225016742817018	3.593571284854903	0.06186821192942672	0.0032954562589895967	1.3204641912150894	0.4891734259467886	0.6167305404812613	1.2403143095162226	0.8144163528011581	0.005673813108175326	0.0014040054918931374	1.150795815483069	0.0003733549880346733	0.3048939124157891	0.893443214245714	0.10621453059624396	2.5447130978753707	0.09784885361813708	0.6914226382550438	0.32457102238006663	0.09586217759397146	2.448957786265417	0.00010531000036878562	0.342504879642025	0.5941981024791274	0.0006067394535418418	0.0017336586765677592	1.0479333578507872	0.001315556049055448	1.8642425315886615	0.016630095468058877	0.7043886409963793	1.7877896137577602	1.2520351999421284	2.486306297218962	1.3123764759983851	0.5128565000616406	0.006330874542211064	0.22663813941010486	0.567554410745648	0.06652092860901745	0.006406931694907652	0.0005196937153553756	0.011286449465319153	0.325500320928155	0.9923493225869058	0.13633707510391133	2.295051795929577	8.426030696248856e-07	0.011273035596456031
216	0.6225016276515174	3.5935712848520662	0.06186821278433228	0.00329545586551961	1.320464192437762	0.48917342961001475	0.6167305227242841	1.240314318950973	0.8144163433165299	0.0056738132160254525	0.0014040054730522222	1.1507957943647036	0.00037335493679309064	0.3048939213356436	0.8934432161556531	0.10621452927874916	2.544713081175569	0.09784883237650015	0.6914226388581584	0.3245710225316014	0.09586216835903998	2.4489577833501004	0.00010530996942016092	0.3425048713510156	0.5941981047206331	0.000606739342777467	0.0017336586443804274	1.0479332958782814	0.001315555849824481	1.864242536793204	0.01663009368967363	0.7043886413615018	1.7877896119357857	1.2520351814136057	2.4863062669868334	1.312376491364796	0.5128565153438022	0.0063308747311218525	0.22663811998965225	0.5675543587540357	0.06652092772578964	0.006406931702512082	0.0005196936305887936	0.011286449624940676	0.3255002979973742	0.992349340408843	0.13633705956045483	2.2950517888428346	8.426029054652555e-07	0.011273032598656325
217	0.6225015897408114	3.5935712848554067	0.06186821403692838	0.003295455538906662	1.320464195651931	0.48917343448708206	0.616730509159924	1.24031432907783	0.8144163380461331	0.005673813376395611	0.0014040054717497994	1.150795777687933	0.0003733548861751346	0.30489393069614035	0.8934432179944425	0.10621452967359918	2.544713072348918	0.09784881256612513	0.6914226393606092	0.3245710226684033	0.09586215982671127	2.448957783762457	0.00010530993971402719	0.3425048632015899	0.5941981069380561	0.0006067392409605514	0.0017336586477059847	1.047933243216405	0.0013155556765942216	1.8642425420096271	0.01663009232914272	0.704388641763102	1.7877896110737643	1.25203516538254	2.486306237420402	1.31237650763094	0.5128565306832327	0.006330874961297276	0.22663810103381019	0.5675543138154044	0.06652092773458358	0.006406931852254397	0.0005196935407197126	0.011286449891920519	0.3255002770760579	0.9923493605824165	0.13633704552276715	2.2950517889803974	8.426027652000465e-07	0.011273029864241134
218	0.6225015601935547	3.5935712848640136	0.061868215606021376	0.0032954552772035614	1.320464200517634	0.4891734403072108	0.6167304995153805	1.2403143395823664	0.8144163365335566	0.005673813578673195	0.0014040054856369495	1.1507957652144165	0.0003733548371988578	0.30489394023363287	0.8934432197316697	0.10621453154008907	2.544713070520517	0.0978487944245642	0.6914226397650951	0.3245710227894891	0.09586215208761327	2.4489577870424584	0.00010530991172908736	0.3425048553520777	0.5941981090863533	0.0006067391490962883	0.0017336586816583221	1.0479331997503405	0.0013155555296140752	1.8642425471226804	0.016630091359465665	0.7043886421874875	1.7877896110603582	1.2520351518596369	2.4863062090734895	1.3123765243205023	0.512856545737999	0.006330875222129655	0.22663808289252677	0.5675542759527078	0.06652092851429675	0.006406932121606099	0.0005196934482688793	0.011286450245890419	0.32550025834757945	0.9923493823493862	0.13633703309254774	2.295051795360035	8.426026486460216e-07	0.011273027417077135
219	0.622501538519781	3.593571284876985	0.06186821741452822	0.0032954550773130146	1.3204642067050107	0.4891734468157797	0.6167304934694371	1.240314350184546	0.81441633830239	0.005673813812771147	0.0014040055123522358	1.1507957566465101	0.00037335479070856986	0.30489394971635514	0.8934432213432568	0.10621453463808084	2.5447130747815994	0.0978487781208167	0.6914226400760828	0.3245710228943512	0.09586214520281053	2.448957792729958	0.00010530988584166486	0.3425048479328157	0.5941981111280925	0.0006067390678368118	0.0017336587413464212	1.0479331651805066	0.0013155554085277938	1.8642425520349866	0.01663009074878715	0.7043886426223251	1.7877896117808332	1.2520351407995118	2.486306182398288	1.312376541012507	0.5128565602187172	0.006330875503781275	0.2266380658505738	0.5675542450316416	0.06652092994344719	0.006406932488486653	0.0005196933554853224	0.011286450667347878	0.3255002419226879	0.9923494050195769	0.13633702232269337	2.2950518069966708	8.426025551282451e-07	0.011273025271538381
220	0.6225015241244145	3.5935712848934473	0.06186821939059857	0.003295454935210988	1.3204642139001201	0.48917345377768284	0.616730490666022	1.240314360640164	0.8144163428693132	0.0056738140692764675	0.001404005549574845	1.150795751641793	0.00037335474737999226	0.30489395894514926	0.8934432228111264	0.10621453873315817	2.544713084213919	0.09784876376093923	0.6914226402994708	0.32457102298290424	0.095862139206481	2.4489578003747328	0.00010530986233138218	0.34250484104710255	0.5941981130332372	0.0006067389975148451	0.0017336588219815693	1.0479331390541282	0.001315555312463331	1.8642425566667415	0.016630090461749042	0.7043886430567255	1.78778961312002	1.2520351321092813	2.486306157749283	1.3123765573429869	0.512856573887734	0.0063308757972943466	0.22663805013017727	0.5675542207848857	0.0665209319028714	0.006406932931683801	0.0005196932643327258	0.011286451137963675	0.3255002278469391	0.9923494279766873	0.13633701322276082	2.2950518229242287	8.426024835614325e-07	0.011273023433479825
221	0.6225015163344818	3.593571284912568	0.061868221468470756	0.0032954548461599864	1.320464221809621	0.4891734609798061	0.6167304907266897	1.2403143707413093	0.814416349755562	0.005673814339563907	0.00140400559506964	1.1507957498266008	0.0003733547077283882	0.30489396775338423	0.8934432241227822	0.10621454360095749	2.5447130979110413	0.09784875139426683	0.6914226404422663	0.3245710230554296	0.09586213410881571	2.448957809544944	0.00010530984138817654	0.3425048347726128	0.5941981147787978	0.0006067389381797458	0.0017336589189678158	1.0479331207958633	0.0013155552401217514	1.8642425609550701	0.01663009046073543	0.7043886434812853	1.7877896149648804	1.2520351256570241	2.486306135388774	1.3123765730051842	0.5128565865572918	0.0063308760946668655	0.22663803589465345	0.5675542028359559	0.06652093427800602	0.0064069334311979715	0.0005196931764840211	0.011286451640822124	0.32550021610853974	0.992349450681703	0.136337005764633	2.2950518422141024	8.426024325292129e-07	0.011273021901264486
222	0.6225015144243299	3.593571284933571	0.061868223589079126	0.0032954548049089647	1.32046423016437	0.4891734682326891	0.6167304932618978	1.2403143803159753	0.8144163584967405	0.005673814615877094	0.0014040056467242398	1.150795750808404	0.00037335467211908587	0.3048939760061772	0.8934432252708248	0.10621454903069315	2.544713114996486	0.09784874102002644	0.6914226405122826	0.32457102311252	0.09586212989904794	2.448957819834056	0.00010530982312031834	0.34250482916317804	0.5941981163483776	0.0006067388896348398	0.0017336590279759655	1.0479331097369513	0.0013155551898633914	1.8642425648531007	0.016630090706998148	0.7043886438880894	1.7877896172066827	1.252035121279947	2.4863061154936563	1.3123765877484805	0.5128565980868564	0.0063308763888974	0.22663802325283602	0.5675541907222037	0.06652093696076018	0.006406933968513597	0.0005196930933231857	0.011286452160598006	0.3255002066463776	0.992349472674163	0.1363369998882381	2.2950518639903077	8.42602400359862e-07	0.011273020666814609
223	0.6225015176385755	3.593571284955742	0.06186822570043315	0.003295454805877328	1.320464238722006	0.4891734753714463	0.6167304978809969	1.2403143892269384	0.8144163686509904	0.005673814891379737	0.0014040057025783963	1.1507957541869196	0.0003733546407798416	0.3048939835990285	0.8934432262524221	0.1062145548279089	2.5447131346387626	0.09784873259414563	0.6914226405178592	0.32457102315502373	0.09586212654852838	2.4489578308662603	0.00010530980756312187	0.3425048242508461	0.594198117731636	0.0006067388514750525	0.0017336591450017322	1.0479331051424436	0.0013155551597897617	1.8642425683288177	0.016630091161654335	0.7043886442706829	1.7877896197427854	1.252035118792115	2.4863060981631424	1.312376601376245	0.512856608379777	0.006330876674001982	0.2266380122640896	0.5675541839165729	0.06652093985099275	0.006406934526801316	0.0005196930159532172	0.011286452683674827	0.3255001993580374	0.9923494935715431	0.13633699550718933	2.2950518874414314	8.42602385197331e-07	0.011273019716660644
224	0.6225015252125911	3.5935712849784407	0.06186822775779102	0.0032954548433211726	1.320464247268599	0.4891734822560281	0.6167305042008918	1.2403143973700348	0.8144163798055619	0.005673815160179832	0.0014040057608460798	1.1507957595638851	0.0003733546138145248	0.30489399045597976	0.8934432270687518	0.1062145608165008	2.544713156063387	0.09784872603608163	0.6914226404676092	0.3245710231839921	0.09586212401377316	2.4489578423005	0.00010530979468806476	0.34250482004813515	0.5941981189236933	0.0006067388231239818	0.0017336592664089314	1.047933106236186	0.0013155551478199875	1.8642425713637458	0.016630091786551747	0.7043886446240128	1.7877896224780485	1.2520351179916405	2.486306083427129	1.3123766137428023	0.5128566173794439	0.006330876945006553	0.22663800294372174	0.5675541818478118	0.0665209428576165	0.006406935091056051	0.0005196929452092586	0.011286453198209844	0.32550019410763065	0.9923495130670251	0.13633699251423378	2.295051911829557	8.426023850666641e-07	0.011273019032965502
225	0.6225015363904145	3.5935712850011003	0.06186822972365189	0.003295454911480554	1.320464255619457	0.4891734887709056	0.6167305118533631	1.2403144046719474	0.8144163915818602	0.005673815417330039	0.0014040058199307722	1.150795766551463	0.0003733545912176468	0.30489399652740046	0.8934432277244322	0.10621456684006612	2.5447131785620245	0.09784872123551935	0.6914226403701942	0.3245710232006287	0.09586212223942174	2.4489578538331878	0.00010530978441206196	0.3425048165504084	0.5941981199244967	0.0006067388038696769	0.0017336593889588031	1.047933112223312	0.0013155551517608638	1.8642425739515156	0.016630092545000908	0.7043886449443488	1.7877896253258891	1.2520351186672412	2.486306071254943	1.3123766247496982	0.5128566250650946	0.006330877197918453	0.226637995268621	0.5675541839189088	0.0665209458993552	0.006406935648176625	0.0005196928816758799	0.011286453694151648	0.3255001907332926	0.9923495309259199	0.1363369907864172	2.2950519364963773	8.426023979331419e-07	0.011273018594505139
226	0.6225015504400434	3.5935712850232324	0.06186823156759125	0.0032954550047071367	1.3204642636191868	0.4891734948242632	0.6167305204910718	1.2403144110876227	0.8144164036390632	0.0056738156588074	0.0014040058784345593	1.1507957747792794	0.00037335457288930246	0.30489400178749976	0.8934432282269553	0.10621457276263997	2.5447132014989564	0.09784871805880993	0.6914226402341295	0.32457102320624254	0.09586212116105274	2.4489578651997417	0.00010530977660667127	0.3425048137382999	0.5941981207381668	0.0006067387928985201	0.0017336595098266937	1.0479331223100954	0.0013155551693698558	1.8642425760963635	0.016630093402376037	0.704388645229185	1.7877896282090076	1.2520351206041176	2.486306061564218	1.3123766343414434	0.5128566314474066	0.006330877429680351	0.2266379891829678	0.567554189523589	0.0665209489051843	0.006406936186993085	0.0005196928257075629	0.011286454163216313	0.32550018905422956	0.9923495469810026	0.13633699018989065	2.2950519608667443	8.426024217547039e-07	0.011273018377589981
227	0.6225015666661342	3.593571285044427	0.06186823326596462	0.0032954551175721145	1.320464271141107	0.4891735003467849	0.6167305297922964	1.2403144165974211	0.8144164156764266	0.005673815881475691	0.001404005935161665	1.1507957839001277	0.00037335455865014384	0.3048940062316576	0.8934432285861338	0.10621457846888718	2.5447132243150854	0.09784871635504512	0.6914226400676181	0.3245710232022055	0.09586212070781541	2.448957876175061	0.00010530977110703939	0.3425048115801332	0.5941981213723426	0.000606738789326732	0.0017336596266074654	1.047933135721087	0.0013155551984106418	1.8642425778116003	0.0166300943265897	0.7043886454771281	1.7877896310598134	1.252035123589109	2.486306054229695	1.3123766425008991	0.512856636564003	0.0063308776381100895	0.22663798460388368	0.5675541980607782	0.06652095181448874	0.0064069366982482875	0.0005196927774515029	0.011286454598828297	0.32550018887722304	0.9923495611270112	0.1363369905843032	2.2950519844499295	8.426024545274315e-07	0.011273018356915205
228	0.6225015844201811	3.5935712850643484	0.06186823480150363	0.003295455244954724	1.3204642780861167	0.48917350529011466	0.6167305394644691	1.2403144212040988	0.8144164274344036	0.005673816083033553	0.0014040059891171012	1.1507957935943933	0.0003733545482560551	0.3048940098736555	0.8934432288135736	0.10621458386381856	2.5447132465297297	0.09784871596168414	0.6914226398784143	0.32457102318991365	0.09586212080484463	2.4489578865730808	0.00010530976772042845	0.34250481003427985	0.5941981218375381	0.0006067387922291347	0.0017336597373110254	1.0479331517135302	0.0013155552367009873	1.8642425791180912	0.016630095288447763	0.7043886456877776	1.7877896338205816	1.2520351274151156	2.486306049091765	1.312376649244453	0.5128566404749819	0.006330877821829586	0.2266379814269046	0.5675542089469916	0.06652095457697238	0.0064069371745402864	0.0005196927368719056	0.011286454996032121	0.32550019000252317	0.9923495733145413	0.13633699182674075	2.2950520068388682	8.426024943240334e-07	0.011273018506330931
229	0.6225016031082948	3.593571285082736	0.061868236162827925	0.003295455382112041	1.3204642843811165	0.4891735096250688	0.6167305492465978	1.2403144249297138	0.8144164386947141	0.005673816261951459	0.0014040060395011293	1.1507958035732786	0.0003733545414122486	0.3048940127428821	0.8934432289221769	0.10621458887210242	2.5447132677404665	0.0978487167096713	0.6914226396737159	0.3245710231707537	0.09586212137543577	2.448957896245531	0.0001053097662341943	0.34250480905141534	0.5941981221465231	0.0006067388006649173	0.0017336598403494246	1.0479331695891099	0.0013155552821529533	1.8642425800427782	0.016630096261893178	0.7043886458615999	1.7877896364433734	1.2520351318847869	2.4863060459646027	1.3123766546171165	0.5128566432585592	0.006330877980185867	0.22663797953118225	0.5675542216266611	0.0665209571523551	0.006406937610232122	0.0005196927037750396	0.011286455351380724	0.3255001922290853	0.9923495835435507	0.13633699377518668	2.2950520277076896	8.426025393254428e-07	0.011273018799526427
230	0.6225016221967378	3.5935712850993964	0.061868237343895016	0.00329545552473109	1.3204642899770753	0.4891735133396727	0.6167305589106715	1.240314427812527	0.8144164492795072	0.005673816417400417	0.0014040060857002153	1.150795813580919	0.000373354537786555	0.3048940148815772	0.893443228925686	0.10621459343704118	2.54471328762129	0.09784871842800193	0.6914226394600824	0.324571023146074	0.09586212234296516	2.4489579050800474	0.00010530976642311713	0.3425048085766363	0.59419812231374	0.00060673881370025	0.0017336599345169409	1.047933188703143	0.0013155553328056	1.8642425806172696	0.016630097224148443	0.7043886459998001	1.7877896388897534	1.2520351368135016	2.486306044643768	1.3123766586876644	0.5128566450069095	0.006330878113167009	0.22663797878433753	0.5675542355804539	0.06652095950989262	0.0064069380013353815	0.0005196926778343917	0.011286455662806106	0.3255001953591252	0.9923495918566689	0.13633699629149415	2.2950520468078093	8.426025878457773e-07	0.01127301921062509
231	0.6225016412153977	3.5935712851142005	0.06186823834340838	0.003295455668964528	1.3204642948468368	0.4891735164370893	0.6167305682621577	1.2403144299039757	0.8144164590497552	0.00567381654917508	0.001404006127275158	1.1507958233954938	0.00037335453702172625	0.30489401634217006	0.8934432288382699	0.10621459751928077	2.544713305919357	0.09784872094771187	0.6914226392433791	0.32457102311716024	0.09586212363254819	2.448957912997748	0.00010530976805601228	0.3425048085514133	0.5941981223547619	0.0006067388304276815	0.0017336600189645363	1.0479332084713509	0.0013155553868504925	1.864242580876517	0.01663009815576727	0.7043886461041962	1.7877896411303391	1.2520351420316627	2.486306044913182	1.312376661543917	0.512856645822266	0.006330878221315505	0.22663797904690722	0.5675542503316752	0.06652096162775369	0.006406938345373638	0.000519692658615354	0.01128645592947745	0.32550019920198603	0.9923495983324859	0.13633699924387097	2.295052063962869	8.426026383510128e-07	0.011273019714689317
232	0.6225016597594054	3.5935712851270782	0.061868239164202414	0.0032954558114513402	1.3204642989827458	0.4891735189334985	0.6167305771397017	1.2403144312657637	0.8144164679030202	0.005673816657613682	0.0014040061639470256	1.1507958328294452	0.000373354538746617	0.30489401718475584	0.893443228674158	0.10621460109531705	2.544713322450576	0.09784872410528167	0.6914226390287428	0.32457102308521635	0.09586212517243502	2.448957919950418	0.00010530977090157512	0.342504808915357	0.5941981222858002	0.0006067388499823324	0.001733660093170007	1.0479332283744023	0.0013155554426504258	1.8642425808576037	0.016630099040606684	0.7043886461770958	1.787789643144214	1.2520351473863562	2.4863060465514115	1.3123766632882434	0.5128566458133301	0.006330878305641302	0.22663798017634246	0.5675542654508732	0.06652096349228764	0.00640693864123145	0.0005196926455989664	0.011286456151651532	0.32550020357732545	0.9923496030789646	0.13633700250888942	2.2950520790627884	8.426026894718179e-07	0.011273020288136495
233	0.6225016774891108	3.593571285138009	0.061868239812620726	0.003295455949324141	1.3204643023941722	0.48917352085597987	0.6167305854141449	1.2403144319671267	0.814416475770726	0.005673816743516985	0.0014040061955815088	1.1507958417289215	0.00037335454258615337	0.3048940174747473	0.8934432284473216	0.10621460415585951	2.5447133370943	0.09784872774546086	0.6914226388205691	0.324571023051349	0.09586212689514861	2.4489579259174006	0.00010530977473343613	0.3425048096077859	0.5941981221232647	0.0006067388715549646	0.0017336601569050577	1.0479332479604224	0.0013155554987518796	1.8642425805986447	0.016630099865730937	0.7043886462211806	1.7877896449182358	1.2520351527424212	2.48630604933722	1.3123766640333612	0.5128566450920261	0.006330878367536424	0.22663798203053226	0.5675542805587905	0.06652096509721285	0.0064069388889941865	0.0005196926382043177	0.011286456330519688	0.32550020831764626	0.9923496062271076	0.13633700597304121	2.2950520920571806	8.426027400110608e-07	0.01127302090906907
234	0.6225016941286424	3.5935712851470196	0.06186824029790231	0.0032954560802047296	1.3204643051049985	0.4891735222404458	0.6167305929869746	1.2403144320823034	0.8144164826150622	0.005673816808068149	0.001404006222172244	1.1507958499725603	0.0003733545481700363	0.30489401728072907	0.8934432281712046	0.10621460670410704	2.5447133497873544	0.0978487317235292	0.6914226386225173	0.3245710230165567	0.09586212873837559	2.448957930902311	0.00010530977933442337	0.3425048105690879	0.59419812188338	0.00060673889440207	0.001733660210200438	1.047933266845694	0.0013155555538917872	1.864242580137819	0.01663010062125861	0.7043886462393958	1.7877896464462686	1.252035157982987	2.486306053054359	1.312376663898477	0.5128566437706268	0.006330878408692871	0.22663798447084	0.5675542953278235	0.06652096644275478	0.00640693908978341	0.0005196926358092963	0.011286456468055213	0.3255002132702042	0.9923496079249806	0.13633700953386577	2.2950521029483575	8.426027889465487e-07	0.011273021557523182
235	0.6225017094632721	3.593571285154174	0.06186824063158781	0.0032954562021895906	1.3204643071511324	0.48917352312966145	0.6167305997883159	1.2403144316882404	0.8144164884256377	0.00567381685275512	0.0014040062438236088	1.1507958574697303	0.00037335455514016095	0.30489401667253363	0.8934432278585023	0.10621460875398536	2.5447133605176244	0.09784873590702216	0.6914226384375299	0.3245710229817227	0.0958621306456238	2.4489579349296693	0.00010530978450004692	0.34250481174187386	0.594198121581856	0.000606738917853157	0.0017336602533101588	1.0479332847137772	0.0013155556069992358	1.8642425795125286	0.016630101300163846	0.7043886462348512	1.787789647728367	1.252035163009541	2.486306057495604	1.3123766630058102	0.5128566419592597	0.006330878431025095	0.2266379873646526	0.5675543094821571	0.066520967534759	0.006406939245591979	0.0005196926377694577	0.01128645656686435	0.32550021829833575	0.9923496083321738	0.13633701310068488	2.2950521117841354	8.426028354295825e-07	0.01127302221564147
236	0.6225017233358049	3.593571285159567	0.0618682408269561	0.0032954563138270217	1.3204643085780956	0.4891735235713842	0.6167306057745722	1.240314430862548	0.8144164932159909	0.005673816879296902	0.0014040062607334374	1.1507958641583405	0.0003733545631567649	0.30489401571955077	0.893443227520986	0.10621461032838961	2.544713369317396	0.09784874017695525	0.6914226382678661	0.32457102294761153	0.09586213256666389	2.448957938041533	0.00010530979004123448	0.34250481307192665	0.5941981212336164	0.0006067389413154608	0.0017336602866756955	1.0479333013132852	0.00131555565719275	1.8642425787586872	0.016630101898042374	0.704388646210731	1.7877896487699358	1.2520351677415866	2.4863060624660456	1.3123766614775223	0.5128566397637989	0.006330878436598134	0.22663799058745313	0.5675543227967537	0.06652096838380211	0.006406939359122531	0.0005196926434348502	0.01128645663004375	0.32550022328225564	0.9923496076147633	0.13633701659498101	2.295052118650627	8.4260287877993e-07	0.011273022867776573
237	0.6225017356422055	3.5935712851633204	0.06186824089849942	0.0032954564140875177	1.3204643094387276	0.48917352361664723	0.6167306109258132	1.2403144296817192	0.81441649702005	0.005673816889574789	0.0014040062731760436	1.1507958700023246	0.0003733545719033436	0.3048940144892759	0.8934432271693724	0.10621461145746988	2.5447133762566363	0.09784874442858904	0.6914226381151447	0.3245710229148684	0.09586213445777465	2.4489579402942026	0.0001053097957863606	0.3425048145089522	0.5941981208525796	0.0006067389642763204	0.0017336603108909629	1.0479333164545421	0.001315555703773817	1.8642425779101421	0.016630102412852087	0.7043886461702141	1.7877896495808878	1.2520351721159533	2.486306067785664	1.312376659433063	0.512856637284135	0.006330878427562227	0.2266379940244358	0.5675543350953727	0.06652096900432004	0.006406939433632414	0.0005196926521647057	0.011286456661046513	0.3255002281193786	0.9923496059408137	0.13633701995045946	2.2950521236651746	8.426029184778096e-07	0.011273023500532437
238	0.6225017463266587	3.5935712851655746	0.0618682408614432	0.0032954565023289705	1.3204643097910436	0.48917352331820296	0.616730615243001	1.2403144282196163	0.8144164998886316	0.0056738168855693825	0.001404006281485878	1.1507958749889007	0.0003733545810903925	0.3048940130460968	0.8934432268132323	0.10621461217699098	2.5447133814363596	0.09784874857178	0.6914226379803966	0.3245710228840212	0.09586213628181336	2.448957941755064	0.00010530980158262058	0.34250481600714344	0.594198120451492	0.0006067389863034895	0.0017336603266687126	1.0479333300053506	0.0013155557462173045	1.864242576998216	0.01663010284463737	0.7043886461164057	1.7877896501748154	1.2520351760858266	2.4863060732912365	1.312376656986937	0.5128566346128111	0.006330878406094403	0.22663799757169076	0.5675543462477964	0.06652096941377042	0.006406939472787523	0.0005196926633399613	0.01128645666355866	0.3255002327242227	0.9923496034764474	0.13633702311283585	2.2950521269695594	8.426029541534651e-07	0.011273024102750998
239	0.6225017553762495	3.5935712851664836	0.06186824073131493	0.003295456578258143	1.3204643096962685	0.4891735227291413	0.6167306187451371	1.2403144265462167	0.8144165018860436	0.005673816869303987	0.0014040062860420908	1.1507958791256927	0.0003733545904580542	0.3048940114503115	0.8934432264609379	0.10621461252679218	2.5447133849822197	0.09784875253096581	0.6914226378641208	0.3245710228554848	0.09586213800813315	2.4489579424996197	0.00010530980729680828	0.3425048175255698	0.5941981200418089	0.0006067390070436528	0.001733660334808897	1.0479333418860808	0.0013155557841593984	1.8642425760513663	0.01663010319524528	0.7043886460522799	1.787789650568197	1.2520351796195486	2.4863060788376123	1.312376654246877	0.5128566318340004	0.006330878374347441	0.22663800113699076	0.5675543561664276	0.06652096963184272	0.006406939480527058	0.0005196926763736322	0.011286456641387256	0.3255002370279531	0.9923496003824885	0.13633702603939066	2.2950521287236003	8.42602985574885e-07	0.011273024665451905
240	0.6225017628154295	3.5935712851662096	0.061868240523565037	0.003295456641889775	1.3204643092170685	0.4891735219016869	0.616730621466404	1.2403144247266162	0.8144165030868555	0.005673816842794739	0.0014040062872542128	1.1507958824378004	0.0003733545997777607	0.3048940097573696	0.8934432261196428	0.10621461254936714	2.544713387038433	0.0978487562448351	0.6914226377663468	0.32457102282956773	0.09586213961237017	2.4489579426087418	0.00010530981281556138	0.34250481902840824	0.5941981196336205	0.0006067390262194242	0.0017336603361694236	1.0479333520642793	0.0013155558173836624	1.864242575094954	0.01663010346804098	0.7043886459806321	1.7877896507796458	1.2520351826992546	2.4863060842984286	1.3123766513124178	0.5128566290228094	0.006330878334406248	0.22663800464021688	0.567554364802421	0.06652096967972672	0.006406939460940671	0.0005196926907190978	0.011286456598361064	0.3255002409776255	0.9923495968116782	0.13633702869833236	2.2950521290992287	8.426030126341864e-07	0.011273025181732968
241	0.6225017687004187	3.5935712851649195	0.06186824025324068	0.003295456693504512	1.3204643084159902	0.48917352088617916	0.6167306234533618	1.2403144228202718	0.8144165035728839	0.005673816808007661	0.0014040062855491162	1.1507958849648836	0.0003733546088529714	0.3048940080173212	0.8934432257952915	0.10621461228857823	2.54471338776212	0.0978487596657314	0.6914226376866967	0.32457102280647954	0.09586214107612276	2.448957942166185	0.00010530981804514127	0.34250482048503095	0.5941981192356164	0.0006067390436250977	0.0017336603316396096	1.0479333605489822	0.0013155558458057784	1.8642425741511108	0.016630103667628668	0.7043886459040427	1.7877896508292164	1.2520351853193923	2.486306089566314	1.3123766482738368	0.5128566262448689	0.0063308782882516455	0.2266380080134625	0.5675543721414953	0.06652096957944763	0.006406939418158975	0.0005196927058764008	0.011286456538244203	0.32550024453518533	0.9923495929064428	0.13633703106800887	2.2950521282750995	8.426030353331398e-07	0.01127302564663885
242	0.6225017731136755	3.593571285162779	0.061868239934712604	0.0032954567336067517	1.3204643073541145	0.48917351973023104	0.6167306247622569	1.2403144208804715	0.8144165034304263	0.005673816766822616	0.0014040062813593635	1.1507958867583246	0.0003733546175191135	0.30489400627445856	0.8934432254926533	0.10621461178851568	2.5447133873181325	0.09784876275884047	0.6914226376244488	0.32457102278633987	0.09586214238654409	2.448957941256368	0.00010530982291081522	0.3425048218699686	0.5941981188550867	0.0006067390591214122	0.0017336603221165497	1.0479333673848938	0.0013155558694574725	1.8642425732386945	0.016630103799583316	0.7043886458248503	1.7877896507377704	1.2520351874851734	2.486306094552654	1.3123766452114431	0.5128566235561899	0.006330878237731314	0.22663801120085753	0.5675543781995585	0.06652096935327295	0.006406939356258006	0.0005196927213966925	0.011286456464662893	0.3255002476762786	0.9923495887971875	0.13633703313600457	2.295052126431789	8.426030537682672e-07	0.01127302605700512
243	0.6225017761585431	3.5935712851599497	0.0618682395814538	0.0032954567628833255	1.3204643060899248	0.48917351847806095	0.6167306254564832	1.240314418954008	0.8144165027477749	0.005673816721004045	0.001404006275113014	1.1507958878785205	0.00037335462564283393	0.30489400456713156	0.8934432252153783	0.10621461109250602	2.5447133858744166	0.09784876550120802	0.6914226375786006	0.3245710227691877	0.09586214353586912	2.448957939962447	0.00010530982735590815	0.3425048231627659	0.5941981184979526	0.0006067390726295795	0.0017336603084845204	1.0479333726465785	0.001315555888470096	1.8642425723733225	0.01663010387019763	0.7043886457451327	1.7877896505264144	1.2520351892110027	2.4863060991869808	1.312376642195179	0.5128566210032462	0.006330878184537603	0.22663801415815368	0.5675543830182692	0.06652096902319457	0.006406939279177827	0.000519692736884973	0.011286456381045164	0.3255002503889254	0.9923495846010871	0.13633703489815902	2.2950521237476	8.42603068115896e-07	0.011273026411284432
244	0.6225017779541677	3.593571285156586	0.06186823920586765	0.0032954567821638046	1.3204643046783842	0.48917351716999	0.6167306256042325	1.2403144170810425	0.8144165016130225	0.005673816672178164	0.0014040062672249084	1.1507958883923464	0.00037335463312067275	0.3048940029277177	0.8934432249660691	0.10621461024227165	2.544713383597932	0.09784876788063215	0.6914226375479279	0.3245710227549917	0.09586214452089493	2.4489579383646745	0.00010530983134058974	0.34250482434774765	0.5941981181688231	0.0006067390841248034	0.0017336602915974508	1.0479333764327885	0.0013155559030582585	1.8642425715674706	0.01663010388624765	0.7043886456666979	1.787789650216006	1.252035190518915	2.4863061034160454	1.3123766392845009	0.5128566186232556	0.006330878130191708	0.22663801685211338	0.5675543866606396	0.06652096861048701	0.006406939190655114	0.0005196927520012999	0.011286456290573033	0.32550025267210336	0.9923495804213255	0.13633703635753858	2.295052120394985	8.426030786175009e-07	0.011273026709361058
245	0.6225017786307605	3.5935712851528354	0.0618682388191627	0.0032954567923830845	1.320464303170216	0.4891735158420918	0.6167306252763588	1.2403144152951258	0.8144165001121701	0.005673816621816279	0.0014040062580894228	1.1507958883708196	0.00037335463987726506	0.30489400138272643	0.8934432247463664	0.1062146092772396	2.5447133806511504	0.09784876989447176	0.6914226375310419	0.32457102274366056	0.09586214534243209	2.448957936539044	0.00010530983484045877	0.3425048254137121	0.5941981178710722	0.0006067390936295015	0.001733660272264435	1.0479333788610339	0.0013155559135038693	1.8642425708306263	0.016630103854779667	0.7043886455910808	1.787789649826734	1.2520351914370647	2.4863061072026467	1.3123766365285068	0.5128566164446232	0.006330878076033732	0.2266380192597412	0.5675543892067672	0.06652096813534115	0.006406939094169331	0.0005196927664606441	0.011286456196146526	0.32550025453428505	0.9923495763467445	0.13633703752338994	2.295052116537584	8.426030855656118e-07	0.01127302695235934
246	0.6225017783252614	3.5935712851488306	0.06186823843127045	0.003295456794546738	1.3204643016113733	0.48917351452598223	0.6167306245444731	1.240314413623365	0.8144164983275374	0.005673816571223723	0.001404006248074652	1.1507958878869922	0.00037335464586317436	0.3048939999530168	0.8934432245570432	0.10621460823399351	2.5447133771891233	0.0978487715484081	0.6914226375264418	0.3245710227350528	0.09586214600474298	2.448957934556213	0.0001053098378449834	0.3425048263535688	0.5941981176069333	0.000606739101206417	0.0017336602512381823	1.0479333800624808	0.001315555920140871	1.864242570169488	0.016630103782920052	0.7043886455195469	1.7877896493777683	1.2520351919982797	2.4863061105242656	1.3123766339662695	0.5128566144875174	0.006330878023218035	0.2266380213673967	0.5675543907497744	0.06652096761657138	0.006406938992901791	0.0005196927800315773	0.011286456100358732	0.3255002559919661	0.9923495724518521	0.13633703841010114	2.295052112327852	8.426030892905212e-07	0.011273027142451118
247	0.6225017771774439	3.5935712851446935	0.061868238050802084	0.0032954567896995297	1.3204643000426843	0.4891735132487349	0.6167306234792819	1.2403144120867067	0.8144164963364678	0.005673816521533925	0.0014040062375179512	1.1507958870140835	0.0003733546510524551	0.3048939986541092	0.8934432243981063	0.10621460714586217	2.54471337335711	0.09784877285519293	0.6914226375325625	0.3245710227289867	0.09586214651498107	2.448957932480685	0.00010530984035585061	0.3425048271639358	0.5941981173776045	0.0006067391069517859	0.0017336602292062635	1.047933380177242	0.001315555923340914	1.8642425695881972	0.016630103677709174	0.7043886454531011	1.787789648886981	1.2520351922387147	2.4863061133715645	1.3123766316273442	0.5128566127645466	0.006330877972713271	0.22663802316982332	0.5675543913920149	0.06652096707139216	0.006406938889706764	0.0005196927925339791	0.011286456005480908	0.3255002570682184	0.9923495687971426	0.13633703903619104	2.2950521079052555	8.426030901479701e-07	0.011273027282666435
248	0.6225017753264857	3.593571285140533	0.06186823768503986	0.0032954567788973455	1.320464298499658	0.489173512032907	0.6167306221491682	1.2403144107003137	0.8144164942103188	0.005673816473707017	0.001404006226722756	1.150795885823863	0.0003733546554400339	0.30489399749657076	0.8934432242688997	0.10621460604263464	2.544713369288741	0.09784877383341238	0.6914226375478175	0.32457102272524996	0.09586214688264319	2.448957930370241	0.00010530984238527321	0.3425048278447105	0.5941981171833636	0.000606739110988701	0.001733660206784959	1.047933379350112	0.0013155559235001487	1.8642425690885942	0.016630103545959663	0.7043886453925011	1.7877896483707332	1.2520351921966122	2.4863061157468054	1.312376629532416	0.5128566112815099	0.006330877925306455	0.22663802466912664	0.5675543912415919	0.06652096651525995	0.006406938787093622	0.0005196928038359435	0.011286455913456636	0.32550025779129615	0.9923495654296786	0.13633703942334613	2.295052103394994	8.426030885079485e-07	0.011273027376711188
249	0.6225017729080172	3.5935712851364414	0.06186823733995856	0.0032954567631826794	1.3204642970124305	0.4891735108966603	0.616730620619018	1.2403144094740213	0.8144164920137179	0.005673816428532404	0.001404006215956567	1.150795884385283	0.00037335465903899054	0.3048939964864564	0.893443224168208	0.10621460495039098	2.5447133651046836	0.09784877450629116	0.6914226375706363	0.3245710227236082	0.09586214711904498	2.4489579282755893	0.00010530984395429706	0.34250482839862734	0.5941981170236857	0.0006067391134607891	0.001733660184515498	1.0479333777267787	0.001315555921027272	1.8642425686704907	0.016630103394138868	0.7043886453382749	1.7877896478437219	1.2520351919111856	2.4863061176622274	1.3123766276940498	0.5128566100381933	0.006330877881610429	0.22663802587373044	0.567554390409224	0.06652096596177474	0.006406938687218927	0.0005196928138500622	0.01128645582590388	0.32550025819331785	0.9923495623838852	0.13633703959551857	2.295052098907206	8.426030847447033e-07	0.011273027428794793
250	0.6225017700516485	3.5935712851324997	0.06186823702027258	0.003295456743563738	1.320464295605838	0.489173509853961	0.6167306189492794	1.2403144084128432	0.8144164898040679	0.005673816386634707	0.0014040062054499944	1.1507958827633589	0.00037335466187781254	0.3048939956257888	0.89344322409436	0.10621460389143697	2.544713360911768	0.09784877490055792	0.6914226375994965	0.32457102272381333	0.09586214723682784	2.4489579262402223	0.00010530984509114527	0.342504828830814	0.5941981168973648	0.000606739114526299	0.0017336601628624403	1.047933375450528	0.001315555916332925	1.8642425683319477	0.016630103228274774	0.70438864529074	1.787789647318887	1.2520351914216348	2.4863061191384284	1.3123766261175187	0.5128566090291892	0.00633087784207413	0.22663802679733694	0.5675543890054784	0.06652096542263547	0.006406938591887265	0.0005196928225292472	0.011286455744123885	0.32550025830904267	0.992349559682514	0.13633703957809734	2.2950520945366124	8.42603079228009e-07	0.011273027443470229
251	0.6225017668789609	3.593571285128773	0.061868236729504075	0.003295456720997126	1.320464294299593	0.4891735089148445	0.6167306171952485	1.2403144075175165	0.8144164876312747	0.005673816348482496	0.0014040061953967341	1.1507958810182863	0.0003733546639976861	0.3048939949130608	0.8934432240453258	0.1062146028843297	2.5447133568025375	0.09784877504538793	0.6914226376329506	0.32457102272561045	0.09586214724950387	2.4489579243004442	0.0001053098458296305	0.34250482914835495	0.5941981168026313	0.0006067391143526727	0.001733660142213948	1.0479333726594477	0.0013155559098204834	1.8642425680695567	0.01663010305388424	0.7043886452500248	1.7877896468073675	1.252035190766292	2.4863061202027823	1.3123766248016768	0.5128566082447188	0.006330877806995024	0.22663802745791262	0.5675543871383834	0.06652096490764277	0.006406938502559654	0.0005196928298622468	0.011286455669115757	0.32550025817475536	0.9923495573377294	0.13633703939716038	2.2950520903625415	8.426030723157183e-07	0.011273027425488281
252	0.622501763501947	3.5935712851253134	0.06186823647006777	0.003295456696373999	1.3204642931085506	0.4891735080857291	0.6167306154065622	1.2403144067850653	0.814416485537677	0.005673816314399232	0.0014040061859543521	1.1507958792047839	0.00037335466544987744	0.3048939943437465	0.8934432240188104	0.10621460194398144	2.5447133528551684	0.09784877497143595	0.6914226376696471	0.3245710227287446	0.09586214717104344	2.448957922485557	0.00010530984620766068	0.342504829359872	0.5941981167372674	0.0006067391131116505	0.0017336601228836845	1.047933369484124	0.0013155559018782543	1.8642425678787116	0.016630102875922082	0.7043886452160919	1.787789646318502	1.2520351899819069	2.4863061208879254	1.3123766237398544	0.5128566076714371	0.006330877776533154	0.226638027876719	0.5675543849114182	0.06652096442474278	0.006406938420368272	0.0005196928358689942	0.011286455601595646	0.3255002578272691	0.9923495553522788	0.13633703907881312	2.2950520864492874	8.426030643475811e-07	0.011273027379667237
253	0.6225017600218704	3.5935712851221595	0.06186823624336853	0.0032954566705095216	1.3204642920430425	0.48917350736976695	0.6167306136268843	1.2403144062093692	0.8144164835581491	0.0056738162845758906	0.0014040061772457489	1.150795877371642	0.00037335466629324964	0.3048939939108092	0.8934432240123389	0.10621460108182876	2.5447133491337146	0.09784877470996778	0.6914226377083468	0.32457102273296634	0.09586214701550873	2.4489579208181698	0.0001053098462658581	0.34250482947512795	0.594198116698716	0.0006067391109749479	0.00173366010511408	1.0479333660458137	0.0013155558928730597	1.8642425677538723	0.01663010269874931	0.7043886451887613	1.7877896458598694	1.2520351891030574	2.4863061212303315	1.3123766229207519	0.512856607293207	0.006330877750726282	0.22663802807740258	0.5675543824218758	0.06652096398010549	0.006406938346136376	0.0005196928405959099	0.011286455542019512	0.32550025730305165	0.9923495537207088	0.13633703864861602	2.295052082846748	8.426030556402976e-07	0.011273027310778755
254	0.6225017565285145	3.5935712851193395	0.061868236049907634	0.0032954566441354104	1.3204642911092654	0.4891735067672178	0.6167306118937643	1.2403144057817221	0.8144164817203534	0.005673816259084758	0.0014040061693611809	1.1507958755614656	0.00037335466659195053	0.30489399360519504	0.8934432240233356	0.10621460030605465	2.544713345688626	0.09784877429209637	0.6914226377479353	0.3245710227380363	0.09586214679673496	2.4489579193146134	0.00010530984604630646	0.3425048295046596	0.5941981166841827	0.0006067391081105174	0.0017336600890807048	1.0479333624550666	0.0013155558831451579	1.8642425676888112	0.01663010252611865	0.7043886451677335	1.7877896454373639	1.2520351881616942	2.4863061212689965	1.3123766223293134	0.5128566070918299	0.00633087772950565	0.2266380280851567	0.5675543797595822	0.06652096357823095	0.006406938280402232	0.0005196928441112694	0.011286455490608447	0.3255002566374781	0.9923495524305959	0.1363370381311016	2.295052079591289	8.426030464837431e-07	0.011273027223450253
255	0.6225017530997816	3.5935712851168695	0.061868235889394316	0.0032954566178953018	1.3204642903097057	0.48917350627583556	0.6167306102386474	1.240314405491373	0.8144164800451151	0.005673816237893946	0.0014040061623607186	1.1507958738105832	0.00037335466641329906	0.3048939934163038	0.8934432240491932	0.10621459962185102	2.5447133425574937	0.09784877374812471	0.6914226377874297	0.32457102274372895	0.09586214652805973	2.448957917985436	0.00010530984559143607	0.34250482945944294	0.5941981166907283	0.0006067391046794	0.0017336600748975067	1.047933358810769	0.0013155558730044298	1.8642425676768435	0.016630102361175167	0.7043886451526122	1.7877896450552921	1.252035187186798	2.4863061210442483	1.312376621947565	0.5128566070477212	0.0063308777127118986	0.22663802792596283	0.5675543770059508	0.0665209632220777	0.006406938223446021	0.0005196928465007243	0.011286455447375703	0.3255002558642079	0.9923495514637624	0.13633703754937931	2.295052076706785	8.426030371382891e-07	0.011273027122083631
256	0.6225017498016074	3.593571285114755	0.06186823576085944	0.0032954565923426727	1.3204642896435892	0.4891735058912567	0.6167306086870171	1.2403144053260364	0.8144164785468955	0.005673816220882204	0.0014040061562770308	1.1507958721491067	0.0003733546658258886	0.3048939933324291	0.893443224087334	0.10621459903171128	2.544713339765974	0.0978487731069955	0.6914226378259825	0.32457102274983596	0.09586214622209989	2.4489579168359583	0.00010530984494305243	0.3425048293505947	0.5941981167153533	0.0006067391008331541	0.001733660062622684	1.0479333551995706	0.0013155558627277473	1.864242567711033	0.0166301022064702	0.7043886451429264	1.7877896447164974	1.252035186204152	2.486306120596687	1.3123766217553998	0.5128566071405245	0.006330877700110836	0.22663802762591773	0.5675543742333495	0.06652096291320722	0.006406938175318724	0.0005196928478630567	0.011286455412154565	0.3255002550146844	0.9923495507974512	0.136337036924825	2.295052074205793	8.426030278331302e-07	0.011273027010789964
257	0.6225017466881458	3.5935712851129944	0.061868235662768556	0.0032954565679409993	1.3204642891073397	0.4891735056073825	0.6167306072586487	1.2403144052723696	0.8144164772343389	0.005673816207853676	0.0014040061511183845	1.1507958706011183	0.00037335466489791993	0.30489399334116346	0.8934432241352622	0.10621459853574164	2.5447133373288464	0.09784877239584486	0.6914226378628814	0.3245710227561681	0.09586214589057442	2.4489579158668633	0.00010530984414151021	0.34250482918911096	0.5941981167550704	0.0006067390967118378	0.0017336600522649703	1.0479333516956546	0.001315555852557415	1.8642425677843786	0.016630102063986185	0.7043886451381502	1.787789644422494	1.2520351852362137	2.4863061199662644	1.312376621731307	0.51285660734966	0.006330877691408669	0.22663802721064935	0.5675543715047509	0.06652096265193923	0.006406938135872066	0.0005196928483062238	0.011286455384626378	0.3255002541177499	0.9923495504054434	0.13633703627685018	2.2950520720908143	8.426030187655159e-07	0.011273026893339335
258	0.6225017438021864	3.5935712851115778	0.06186823559313204	0.0032954565450658635	1.3204642886950364	0.48917350541674703	0.6167306059679514	1.2403144053164052	0.8144164761108735	0.00567381619855228	0.001404006146871776	1.150795869184963	0.000373354663695769	0.30489399342976387	0.8934432241906072	0.10621459813198242	2.5447133352511675	0.0978487716396563	0.6914226378975465	0.3245710227625569	0.09586214554417077	2.4489579150748133	0.00010530984322503082	0.342504828985644	0.5941981168069689	0.0006067390924425183	0.0017336600437901522	1.0479333483608118	0.0013155558427005783	1.8642425678899746	0.016630101935170644	0.7043886451377223	1.7877896441736163	1.252035184302076	2.486306119191499	1.3123766218530304	0.5128566076548035	0.006330877686266501	0.22663802670482214	0.5675543688736325	0.06652096243751314	0.006406938104788771	0.0005196928479437433	0.0112864553643481	0.3255002531993705	0.992349550259098	0.13633703562274552	2.2950520703556005	8.426030101007864e-07	0.011273026773124955
259	0.6225017411757627	3.5935712851104897	0.06186823554961003	0.0032954565240086832	1.3204642883988609	0.489173505310865	0.6167306048243821	1.2403144054439406	0.8144164751753437	0.005673816192675447	0.0014040061435060941	1.1507958679136265	0.00037335466228278764	0.30489399358547453	0.8934432242511577	0.10621459781673073	2.544713333529478	0.09784877086100797	0.6914226379295256	0.3245710227688555	0.09586214519245193	2.448957914453065	0.00010530984222915879	0.3425048287503169	0.5941981168682668	0.0006067390881382632	0.001733660037127634	1.047933345244774	0.001315555833329474	1.8642425680211496	0.016630101820977107	0.7043886451410625	1.7877896439691687	1.2520351834175076	2.4863061183088337	1.3123766220981528	0.5128566080362937	0.006330877684313803	0.22663802613173012	0.5675543663841004	0.06652096226825098	0.006406938081612362	0.0005196928468914482	0.011286455350778794	0.3255002522824595	0.9923495503283044	0.13633703497759142	2.295052068986478	8.42603001973092e-07	0.011273026653140297
260	0.6225017388309122	3.59357128510971	0.06186823552961092	0.0032954565049817712	1.3204642882095246	0.48917350528055525	0.616730603832911	1.2403144056408792	0.8144164744226556	0.0056738161898870175	0.001404006140975254	1.1507958667951792	0.0003733546607183339	0.3048939937958068	0.8934432243148893	0.10621459758485749	2.544713332153031	0.09784877007990697	0.691422637958486	0.32457102277493893	0.09586214484380041	2.4489579139920794	0.00010530984118635032	0.3425048284925747	0.5941981169363549	0.0006067390838975754	0.0017336600321769093	1.0479333423857662	0.0013155558245824118	1.8642425681715786	0.016630101721911317	0.7043886451475873	1.787789643807583	1.2520351825950597	2.4863061173521226	1.312376622444608	0.5128566084754715	0.006330877685160796	0.2266380255129754	0.5675543640711972	0.06652096214171833	0.006406938065775988	0.0005196928452646331	0.011286455343304691	0.32550025138679267	0.9923495505823379	0.13633703435422936	2.295052067963651	8.426029944867007e-07	0.01127302653596808
261	0.6225017367805514	3.5935712851092134	0.06186823553038195	0.003295456488124433	1.3204642881166706	0.4891735053162344	0.6167306029945209	1.2403144058935238	0.8144164738444234	0.005673816189829115	0.0014040061392212302	1.1507958658332664	0.00037335465905701995	0.3048939940487747	0.8934432243799822	0.10621459743011241	2.5447133311050165	0.09784876931370198	0.6914226379842061	0.3245710227807038	0.09586214450539575	2.448957913680108	0.0001053098401256849	0.34250482822107037	0.5941981170088294	0.0006067390798042216	0.0017336600288138018	1.047933339811232	0.00131555581656536	1.8642425683353747	0.016630101638080916	0.704388645156723	1.7877896436865697	1.2520351818442292	2.4863061163522437	1.3123766228711133	0.5128566089549498	0.006330877688409536	0.22663802486822673	0.5675543619613682	0.0665209620548799	0.006406938056629734	0.0005196928431756016	0.011286455341262429	0.32550025052900244	0.9923495509906113	0.1363370337632854	2.295052067262462	8.426029877177772e-07	0.011273026423779677
262	0.6225017350294303	3.593571285108972	0.06186823554909101	0.0032954564735098273	1.3204642881092439	0.4891735054081806	0.6167306023067266	1.2403144061888196	0.8144164734295969	0.005673816192132889	0.0014040061381769397	1.1507958650276289	0.00037335465734816576	0.30489399433308834	0.893443224444834	0.10621459734541219	2.5447133303637477	0.09784876857706565	0.6914226380065647	0.32457102278606775	0.09586214418322109	2.4489579135037496	0.00010530983907268941	0.34250482794358406	0.5941981170835168	0.0006067390759274046	0.001733660026896382	1.0479333375386986	0.0013155558093540193	1.8642425685071577	0.01663010156924704	0.7043886451679167	1.7877896436032654	1.252035181171665	2.4863061153368307	1.3123766233575267	0.5128566094588207	0.006330877693663707	0.2266380242150532	0.5675543600730499	0.06652096200424704	0.006406938053466029	0.000519692840731612	0.011286455343960236	0.3255002497226417	0.9923495515233243	0.13633703321323906	2.2950520668545904	8.426029817165324e-07	0.011273026318343572
263	0.6225017335751363	3.5935712851089563	0.061868235582899084	0.003295456461152339	1.320464288175827	0.48917350554676403	0.616730601764099	1.240314406514552	0.8144164731650642	0.0056738161964280335	0.0014040061377689303	1.1507958643746377	0.00037335465563544183	0.304893994638305	0.8934432245080646	0.10621459732310767	2.5447133299037947	0.09784876788203759	0.6914226380255304	0.32457102279096817	0.09586214388209502	2.448957913448464	0.0001053098380492636	0.3425048276669715	0.59419811715849	0.0006067390723222294	0.001733660026270462	1.0479333355767377	0.0013155558029962775	1.8642425686821027	0.016630101514876514	0.7043886451806454	1.7877896435543739	1.2520351805814107	2.4863061143301097	1.312376623885131	0.5128566099728011	0.006330877700537013	0.22663802356882598	0.5675543584173544	0.06652096198601525	0.006406938055542879	0.0005196928380332133	0.011286455350696839	0.32550024897830576	0.9923495521520038	0.13633703271052955	2.2950520667091627	8.426029765096463e-07	0.011273026221041437
264	0.6225017324091171	3.593571285109136	0.06186823562902305	0.003295456451015231	1.3204642883049376	0.4891735057226442	0.6167306013587822	1.2403144068594996	0.8144164730362162	0.005673816202351056	0.0014040061379198454	1.1507958638678302	0.00037335465395668384	0.30489399495494235	0.8934432245685162	0.10621459735522729	2.5447133296970468	0.09784876723811911	0.6914226380411498	0.3245710227953612	0.09586214360572444	2.4489579134990445	0.00010530983707369462	0.3425048273971402	0.5941981172320772	0.0006067390690304148	0.0017336600267746202	1.0479333339259937	0.0013155557975149358	1.8642425688559698	0.016630101474193346	0.7043886451944239	1.7877896435362954	1.2520351800751681	2.4863061133528332	1.3123766244368495	0.5128566104843235	0.006330877708660254	0.22663802294268146	0.5675543569988196	0.06652096199618987	0.0064069380621047025	0.0005196928351729538	0.011286455360778035	0.32550024830380275	0.9923495528499463	0.13633703225969201	2.2950520667937746	8.426029721028787e-07	0.011273026132890468
265	0.6225017315177	3.5935712851094817	0.061868235684788705	0.0032954564430183754	1.3204642884852875	0.489173505926934	0.6167306010809943	1.240314407213543	0.8144164730274683	0.0056738162095522696	0.0014040061385506369	1.1507958634984345	0.0003733546523438589	0.30489399527455424	0.8934432246252486	0.10621459743369428	2.544713329713686	0.09784876665241023	0.6914226380535363	0.3245710227992199	0.09586214335677454	2.4489579136400397	0.00010530983616074832	0.34250482713904923	0.594198117302863	0.0006067390660811976	0.001733660028244695	1.0479333325802436	0.0013155557929106117	1.8642425690251176	0.016630101446228535	0.7043886452088097	1.7877896435452476	1.252035179652578	2.4863061124223003	1.3123766249973943	0.5128566109825773	0.006330877717687038	0.22663802234753794	0.5675543558162022	0.06652096203069885	0.006406938072400626	0.00051969283223444	0.01128645537353086	0.3255002477043609	0.9923495535925586	0.13633703186351692	2.2950520670754013	8.426029684837775e-07	0.011273026054570624
266	0.6225017308830832	3.593571285109962	0.06186823574767429	0.003295456437045881	1.3204642887060025	0.48917350615133215	0.6167306009195007	1.2403144075677366	0.814416473122732	0.005673816217701541	0.0014040061395825172	1.1507958632558746	0.000373354650823165	0.30489399558977476	0.8934432246775299	0.10621459755051704	2.544713329923071	0.09784876612978048	0.6914226380628583	0.3245710228025327	0.09586214313695184	2.448957913856123	0.00010530983532182493	0.34250482689672973	0.5941981173696851	0.0006067390634923884	0.0017336600305177343	1.0479333315274635	0.001315555789164734	1.864242569186501	0.01663010142986738	0.7043886452234072	1.7877896435773715	1.2520351793115074	2.4863061115524463	1.3123766255533573	0.5128566114585067	0.006330877727298245	0.22663802179215847	0.5675543548632874	0.06652096208549198	0.006406938085700212	0.0005196928292917195	0.01128645538831536	0.32550024718286485	0.9923495543576082	0.13633703152322554	2.295052067521203	8.426029656244194e-07	0.011273025986455524
267	0.6225017304842834	3.5935712851105492	0.06186823581534476	0.003295456432953461	1.320464288956803	0.48917350638822443	0.6167306008620563	1.2403144079143438	0.8144164733058336	0.005673816226492831	0.0014040061409386403	1.150795863128244	0.00037335464941524196	0.30489399589433197	0.8934432247248247	0.10621459769795155	2.544713330294514	0.0978487656730652	0.6914226380693281	0.32457102280530137	0.09586214294709706	2.4489579141324076	0.00010530983456516672	0.3425048266733227	0.5941981174316249	0.0006067390612715325	0.001733660033435381	1.0479333307508774	0.0013155557862425465	1.8642425693376565	0.01663010142389345	0.7043886452378696	1.7877896436288263	1.2520351790483373	2.486306110753996	1.312376626093248	0.5128566119047695	0.006330877737205275	0.22663802128325203	0.5675543541296993	0.06652096215662613	0.0064069381013065856	0.0005196928264089559	0.011286455404534067	0.32550024674011	0.9923495551253869	0.13633703123865634	2.2950520680992144	8.426029634841147e-07	0.011273025928645836
268	0.6225017302980242	3.5935712851112154	0.06186823588567734	0.003295456430575433	1.3204642892281475	0.48917350663075676	0.616730600895809	1.240314408246842	0.8144164735608779	0.0056738162356475995	0.0014040061425455135	1.1507958631027466	0.0003733546481354754	0.30489399618303653	0.8934432247667783	0.10621459786863666	2.544713330797957	0.09784876528327943	0.6914226380731914	0.32457102280753936	0.09586214278728411	2.448957914454716	0.00010530983389610675	0.3425048264711317	0.594198117487995	0.000606739059417136	0.0017336600368466995	1.0479333302299658	0.0013155557840960615	1.8642425694766775	0.016630101427028955	0.7043886452519001	1.7877896436958707	1.2520351788582418	2.486306110034665	1.3123766266074832	0.5128566123156652	0.006330877747152207	0.2266380208256058	0.56755435360169	0.0665209622403367	0.006406938118567091	0.0005196928236403642	0.011286455421639256	0.3255002463750687	0.9923495558787989	0.13633703100845568	2.295052068778923	8.426029620120248e-07	0.011273025881004085
269	0.6225017302995542	3.5935712851119357	0.06186823595677898	0.0032954564297312207	1.3204642895113399	0.489173506872881	0.616730601007662	1.2403144085599003	0.8144164738725573	0.0056738162449171394	0.0014040061443341425	1.1507958631660955	0.0003733546469943735	0.30489399645174775	0.8934432248032009	0.10621459805570241	2.54471333140454	0.0978487649598426	0.6914226380747173	0.3245710228092698	0.09586214265692242	2.448957914809788	0.00010530983331734677	0.34250482629168544	0.5941981175383222	0.0006067390579199246	0.0017336600406104583	1.0479333299414213	0.0013155557826668956	1.8642425696021805	0.016630101437970824	0.7043886452652517	1.7877896437749312	1.2520351787354569	2.4863061093993997	1.3123766270883384	0.512856612687036	0.0063308777569169375	0.22663802042224146	0.5675543532628968	0.06652096233309532	0.00640693813688149	0.0005196928210303726	0.011286455439138126	0.3255002460851595	0.9923495566033782	0.136337030830269	2.295052069531737	8.426029611496447e-07	0.011273025843189913
270	0.6225017304633857	3.5935712851126875	0.061868236026996495	0.003295456430231312	1.3204642897986048	0.4891735071093777	0.6167306011845922	1.2403144088493332	0.8144164742264053	0.005673816254083955	0.0014040061462409251	1.1507958633048692	0.00037335464599799935	0.30489399669732176	0.8934432248340488	0.10621459825285323	2.5447133320870683	0.09784876470080739	0.6914226380741892	0.3245710228105238	0.09586214255485986	2.448957915185447	0.0001053098328292552	0.3425048261358103	0.5941981175823293	0.0006067390567640998	0.0017336600445968916	1.0479333298600328	0.0013155557818889528	1.8642425697132632	0.016630101455422555	0.7043886452777255	1.7877896438626566	1.252035178673534	2.4863061088506444	1.3123766275298618	0.5128566130161492	0.0063308777663114366	0.22663802007458844	0.5675543530950526	0.06652096243165481	0.006406938155707949	0.0005196928186139757	0.011286455456596102	0.32550024586651405	0.9923495572872478	0.13633703070092779	2.295052070331346	8.426029608331169e-07	0.011273025814695008
271	0.6225017307639504	3.593571285113449	0.06186823609492	0.0032954564318825952	1.320464290083132	0.48917350733585757	0.6167306014139243	1.2403144091120382	0.8144164746089972	0.00567381626296227	0.0014040061482083065	1.150795863505822	0.00037335464514844135	0.3048939969175448	0.8934432248594055	0.10621459845442716	2.5447133328203786	0.09784876450308742	0.6914226380718973	0.32457102281133865	0.095862142479484	2.4489579155707193	0.00010530983243017528	0.3425048260037069	0.5941981176199143	0.000606739055928567	0.0017336600486889714	1.0479333299594942	0.0013155557816909094	1.8642425698094605	0.01663010147812157	0.7043886452891688	1.7877896439559615	1.2520351786655721	2.4863061083886273	1.3123766279277664	0.5128566133015627	0.006330877775181225	0.22663801978266887	0.5675543530786422	0.06652096253308175	0.006406938174566924	0.0005196928164172464	0.011286455473638398	0.32550024571423597	0.9923495579210277	0.13633703061662888	2.2950520711539886	8.42602960995348e-07	0.011273025794876936
272	0.6225017311761666	3.5935712851142037	0.06186823615938075	0.0032954564344930583	1.3204642903590944	0.48917350754874445	0.6167306016835595	1.240314409345915	0.8144164750081021	0.005673816271397776	0.0014040061501852136	1.1507958637561488	0.0003733546444443065	0.3048939971110556	0.8934432248794629	0.10621459865543337	2.544713333581613	0.09784876436267899	0.6914226380681304	0.32457102281175615	0.0958621424288196	2.4489579159559076	0.00010530983211673572	0.34250482589503106	0.5941981176511286	0.0006067390553881141	0.001733660052783232	1.047933330213125	0.0013155557819984772	1.8642425698906944	0.016630101504862126	0.7043886452994719	1.7877896440520566	1.2520351787044306	2.4863061080116564	1.3123766282792961	0.5128566135429824	0.006330877783404201	0.22663801954528776	0.5675543531934968	0.06652096263477789	0.006406938193043167	0.0005196928144579729	0.011286455489950099	0.3255002456226468	0.9923495584977005	0.1363370305731034	2.295052071978621	8.426029615679104e-07	0.011273025782991318
273	0.62250173167592	3.593571285114935	0.061868236219443824	0.0032954564378758176	1.3204642906216408	0.48917350774524315	0.6167306019821607	1.2403144095497765	0.8144164754127873	0.005673816279266726	0.001404006152127288	1.150795864043705	0.00037335464388122265	0.3048939972772592	0.8934432248945025	0.10621459885156988	2.5447133343504023	0.09784876427487249	0.6914226380631707	0.32457102281182104	0.0958621424006208	2.448957916332633	0.00010530983188415654	0.3425048258089747	0.5941981176761562	0.0006067390551145177	0.0017336600567901838	1.0479333305945029	0.0013155557827364212	1.8642425699572236	0.01663010153451385	0.7043886453085648	1.7877896441484706	1.2520351787829167	2.486306107716416	1.3123766285830791	0.5128566137411119	0.006330877790888899	0.22663801936022387	0.5675543534193218	0.06652096273449128	0.0064069382107860475	0.0005196928127463906	0.011286455505274878	0.3255002455855156	0.992349559012444	0.13633703056577282	2.2950520727870085	8.426029624827111e-07	0.011273025778221864
274	0.6225017322404582	3.5935712851156305	0.061868236274396804	0.003295456441852497	1.3204642908668704	0.48917350792329417	0.6167306022992965	1.2403144097232492	0.8144164758134802	0.005673816286474486	0.0014040061539969423	1.1507958643571805	0.0003733546434523373	0.3048939974162363	0.8934432249048767	0.10621459903922392	2.544713335108974	0.09784876423445074	0.6914226380572877	0.3245710228115797	0.09586214239245675	2.448957916693835	0.00010530983172654407	0.3425048257443465	0.59419811769529	0.0006067390550775661	0.0017336600606343694	1.0479333310780037	0.0013155557838303285	1.8642425700095917	0.016630101566036185	0.7043886453164138	1.7877896442430599	1.2520351788939486	2.48630610749826	1.312376628838969	0.5128566138975029	0.0063308777975723315	0.22663801922441737	0.5675543537361558	0.06652096283031839	0.006406938227508438	0.000519692811285979	0.011286455519412656	0.3255002455962696	0.992349559462439	0.13633703058989075	2.2950520735637423	8.426029636734319e-07	0.011273025779707903
275	0.6225017328487013	3.5935712851162807	0.061868236323735205	0.0032954564462559593	1.3204642910917879	0.4891735080815192	0.6167306026255459	1.2403144098666736	0.814416476201993	0.0056738162929536595	0.0014040061557632627	1.1507958646862337	0.0003733546431488034	0.30489399752864965	0.8934432249109918	0.10621459921545717	2.544713335842188	0.0978487642358715	0.6914226380507349	0.32457102281107886	0.09586214240178964	2.4489579170337494	0.0001053098316371704	0.34250482569964985	0.5941981177089123	0.0006067390552459881	0.0017336600642541052	1.0479333316392516	0.0013155557852081192	1.8642425700485776	0.01663010159848885	0.7043886453230161	1.787789644334011	1.2520351790306963	2.486306107351492	1.312376629047883	0.5128566140144057	0.00633087780341751	0.2266380191341501	0.5675543541247606	0.06652096292069841	0.006406938242984365	0.0005196928100742996	0.011286455532216334	0.3255002456481839	0.9923495598466581	0.13633703064066902	2.295052074296192	8.426029650767326e-07	0.011273025786569149
276	0.6225017334814745	3.593571285116876	0.061868236367145224	0.0032954564509324255	1.3204642912942466	0.4891735082191587	0.6167306029525661	1.2403144099809982	0.8144164765715126	0.005673816298661854	0.0014040061574017765	1.1507958650215853	0.00037335464296024245	0.3048939976156509	0.893443224913292	0.1062145993779784	2.5447133365375083	0.09784876427343217	0.6914226380437456	0.32457102281036465	0.09586214242604447	2.448957917347856	0.00010530983160873298	0.3425048256731568	0.5941981177174733	0.0006067390555882768	0.0017336600676009577	1.0479333322554816	0.0013155557868012979	1.8642425700751457	0.016630101631038757	0.7043886453283972	1.787789644419836	1.2520351791866953	2.486306107269633	1.3123766292116374	0.5128566140946261	0.00633087780841072	0.2266380190852158	0.5675543545669419	0.06652096300440072	0.006406938257045637	0.0005196928091038478	0.011286455543587818	0.32550024573454833	0.9923495601656471	0.13633703071338765	2.2950520749744037	8.426029666332274e-07	0.011273025797927536
277	0.6225017341216679	3.5935712851174118	0.061868236404484724	0.003295456455743014	1.3204642914728804	0.4891735083360044	0.6167306032731285	1.2403144100676764	0.8144164769165636	0.005673816303579217	0.0014040061588941116	1.1507958653550765	0.00037335464287517785	0.30489399767878933	0.8934432249122441	0.10621459952510573	2.5447133371849233	0.09784876434141584	0.6914226380365316	0.3245710228094816	0.09586214246267025	2.4489579176328107	0.00010530983163359159	0.34250482566297713	0.5941981177214726	0.0006067390560734082	0.0017336600706390043	1.0479333329058163	0.0013155557885459622	1.8642425700904004	0.016630101662963623	0.7043886453326051	1.7877896444993597	1.2520351793559374	2.4863061072456683	1.3123766293327859	0.5128566141413888	0.006330877812558663	0.22663801907307798	0.5675543550458049	0.06652096308050699	0.006406938269577679	0.0005196928083629008	0.011286455553473502	0.3255002458488118	0.9923495604212986	0.13633703080348858	2.295052075590954	8.426029682882429e-07	0.011273025812926045
278	0.6225017347543289	3.5935712851178847	0.06186823643576311	0.0032954564605647456	1.3204642916270268	0.4891735084323293	0.6167306035811249	1.2403144101285677	0.8144164772329456	0.00567381630770582	0.0014040061602275718	1.1507958656796948	0.000373354642881434	0.3048939977199239	0.8934432249083251	0.10621459965572054	2.5447133377768227	0.09784876443421774	0.6914226380292802	0.3245710228084717	0.0958621425091922	2.448957917886357	0.00010530983170398052	0.34250482566712126	0.5941981177214413	0.0006067390566714517	0.0017336600733439183	1.0479333335714651	0.001315555790383571	1.8642425700955427	0.016630101693652678	0.7043886453357074	1.7877896445717039	1.2520351795329407	2.4863061072722723	1.3123766294144643	0.51285661415821	0.00633087781588555	0.22663801909301334	0.5675543555459451	0.06652096314838887	0.006406938280514761	0.0005196928078363429	0.011286455561859426	0.32550024598470345	0.9923495606166282	0.1363370309066528	2.2950520761407693	8.426029699923703e-07	0.011273025830744528
279	0.622501735366696	3.5935712851182924	0.061868236461120545	0.0032954564652910674	1.3204642917566471	0.4891735085088167	0.6167306038715488	1.240314410165841	0.8144164775176522	0.005673816311058948	0.001404006161394642	1.1507958659895714	0.00037335464296649624	0.3048939977411412	0.8934432249020094	0.10621459976921557	2.5447133383078366	0.09784876454645212	0.6914226380221545	0.3245710228073742	0.09586214256325543	2.4489579181072285	0.00010530983181219489	0.34250482568355745	0.5941981177179264	0.000606739057354074	0.001733660075701928	1.0479333342358514	0.0013155557922614929	1.8642425700918315	0.016630101722604873	0.7043886453377863	1.7877896446362658	1.2520351797127973	2.486306107342011	1.3123766294602435	0.5128566141487819	0.006330877818430194	0.22663801914024018	0.5675543560535831	0.06652096320768233	0.006406938289834808	0.0005196928075064526	0.011286455568766186	0.32550024613633116	0.992349560755557	0.13633703101886216	2.2950520766209177	8.426029717018276e-07	0.011273025850612566
280	0.6225017359481793	3.5935712851186343	0.06186823648080718	0.0032954564698319485	1.3204642918622418	0.4891735085664889	0.6167306041404552	1.2403144101818848	0.8144164777687746	0.005673816313670394	0.0014040061623924512	1.1507958662799544	0.00037335464311782956	0.30489399774467857	0.8934432248937593	0.10621459986543885	2.54471333877465	0.09784876467303995	0.6914226380152928	0.32457102280622485	0.09586214262265996	2.4489579182950423	0.00010530983195075008	0.34250482571026136	0.5941981177114768	0.0006067390580949396	0.0017336600777086847	1.0479333348846724	0.0013155557941333534	1.8642425700805478	0.016630101749424905	0.7043886453389353	1.7877896446926935	1.2520351798912022	2.4863061074475183	1.312376629473992	0.5128566141168678	0.0063308778202431915	0.22663801921003035	0.5675543565566434	0.06652096325825978	0.006406938297553963	0.0005196928073536404	0.011286455574243815	0.3255002462982588	0.9923495608427038	0.13633703113644613	2.295052077030382	8.426029733786522e-07	0.01127302587181952
281	0.6225017364902974	3.593571285118913	0.061868236495162786	0.0032954564741136004	1.320464291944767	0.48917350860664005	0.6167306043849026	1.240314410179228	0.8144164779853941	0.0056738163155838	0.001404006163222205	1.1507958665471605	0.0003733546433231542	0.30489399773285547	0.8934432248840168	0.10621459994463528	2.544713339175795	0.09784876480927791	0.6914226380088087	0.32457102280505584	0.09586214268538767	2.4489579184501884	0.00010530983211251502	0.3425048257452596	0.5941981177026308	0.000606739058870014	0.001733660079368083	1.0479333355059033	0.0013155557959591952	1.8642425700629635	0.016630101773817504	0.7043886453392553	1.7877896447408606	1.2520351800644653	2.4863061075816475	1.312376629459752	0.5128566140662109	0.006330877821384218	0.22663801929780508	0.5675543570447875	0.0665209633002008	0.006406938303721063	0.0005196928073571268	0.011286455578366694	0.3255002464655626	0.9923495608831885	0.13633703125611463	2.295052077369823	8.426029749907369e-07	0.011273025893721908
282	0.622501736986576	3.593571285119131	0.06186823650459723	0.003295456478077885	1.3204642920055523	0.48917350863077025	0.616730604602881	1.2403144101604628	0.8144164781674684	0.005673816316852099	0.0014040061638886062	1.1507958667885103	0.0003733546435706787	0.30489399770801145	0.8934432248731966	0.1062146000073875	2.544713339511434	0.09784876495089	0.6914226380027924	0.32457102280389527	0.09586214274962156	2.448957918573714	0.00010530983229081967	0.34250482578666536	0.5941981176919058	0.000606739059657775	0.0017336600806910555	1.04793333608975	0.0013155557977054793	1.8642425700403162	0.0166301017955803	0.7043886453388516	1.7877896447808372	1.2520351802295089	2.4863061077375965	1.3123766294216277	0.512856614000455	0.006330877821919499	0.2266380193992144	0.5675543575094028	0.06652096333376235	0.00640693830841213	0.0005196928074955553	0.011286455581228635	0.325500246633869	0.992349560882454	0.1363370313749781	2.2950520776413375	8.426029765117377e-07	0.01127302591574832
283	0.622501737432417	3.593571285119291	0.061868236509572024	0.0032954564816814573	1.3204642920462197	0.48917350864052545	0.6167306047932295	1.2403144101281818	0.8144164783157136	0.005673816317535104	0.001404006164399279	1.1507958670022511	0.00037335464384929056	0.3048939976724527	0.8934432248616804	0.10621460005455738	2.544713339783134	0.09784876509406272	0.6914226379973114	0.3245710228027672	0.09586214281375811	2.448957918667215	0.00010530983247953767	0.34250482583270814	0.5941981176797901	0.0006067390604393416	0.0017336600816943823	1.0479333366285608	0.001315555799344947	1.8642425700137852	0.01663010181459565	0.7043886453378313	1.7877896448128627	1.252035180383852	2.486306107909011	1.3123766293636865	0.5128566139230795	0.006330877821919479	0.22663801951020096	0.5675543579435568	0.0665209633593491	0.006406938311725041	0.0005196928077475347	0.011286455582938209	0.3255002467993756	0.9923495608461036	0.1363370314905562	2.2950520778482173	8.426029779208653e-07	0.011273025937402096
284	0.6225017378249443	3.593571285119398	0.061868236510583284	0.0032954564848947064	1.3204642920686105	0.48917350863764164	0.6167306049555464	1.24031441008492	0.8144164784314856	0.0056738163176972695	0.001404006164764207	1.1507958671874692	0.00037335464414870633	0.3048939976284062	0.8934432248498133	0.10621460008722947	2.5447133399936424	0.09784876523546551	0.6914226379924125	0.3245710228016918	0.0958621428764133	2.4489579187327233	0.0001053098326731463	0.3425048258817563	0.5941981176667364	0.0006067390611985268	0.001733660082399533	1.047933337116702	0.00131555580085636	1.8642425699844751	0.016630101830821704	0.7043886453363002	1.7877896448373174	1.2520351805255827	2.4863061080900595	1.312376629289877	0.5128566138373448	0.00633087782145672	0.22663801962704877	0.5675543583419203	0.06652096337748457	0.0064069383137744275	0.0005196928080921086	0.011286455583614373	0.32550024695885627	0.9923495607797568	0.13633703160077631	2.295052077994717	8.426029792025859e-07	0.011273025958262014
285	0.6225017381628333	3.593571285119457	0.06186823650814622	0.0032954564877005392	1.3204642920747143	0.48917350862389486	0.6167306050900954	1.2403144100331085	0.8144164785166637	0.005673816317405661	0.0014040061649951952	1.1507958673439957	0.00037335464445958336	0.3048939975779821	0.8934432248379015	0.10621460010665709	2.544713340146668	0.09784876537225778	0.6914226379881238	0.3245710228006854	0.09586214293642296	2.448957918772607	0.00010530983286676486	0.342504825932334	0.5941981176531559	0.0006067390619218255	0.0017336600828315623	1.0479333375504074	0.0013155558022241501	1.8642425699534009	0.01663010184428306	0.7043886453343606	1.7877896448546944	1.2520351806533225	2.4863061082754925	1.3123766292039583	0.512856613746252	0.006330877820604021	0.22663801974641776	0.5675543587006662	0.0665209633887837	0.0064069383146869085	0.000519692808509152	0.01128645558338247	0.3255002471096536	0.9923495606889245	0.1363370317039636	2.295052078085829	8.426029803462465e-07	0.011273025977981247
286	0.6225017384461288	3.593571285119472	0.06186823650278134	0.0032954564900930525	1.3204642920666056	0.48917350860105685	0.6167306051977088	1.2403144099750345	0.8144164785735394	0.005673816316728137	0.0014040061651053666	1.1507958674723102	0.00037335464477359536	0.30489399752314317	0.8934432248262105	0.10621460011421224	2.544713340246669	0.09784876550208443	0.6914226379844557	0.3245710227997606	0.09586214299283835	2.44895791878947	0.00010530983305617396	0.34250482598313203	0.5941981176394161	0.0006067390625983447	0.0017336600830180789	1.0479333379276075	0.0013155558034379873	1.8642425699214786	0.016630101855061204	0.7043886453321105	1.7877896448655748	1.2520351807661854	2.4863061084606763	1.312376629109443	0.5128566136525115	0.006330877819432815	0.2266380198653657	0.5675543590173492	0.06652096339392696	0.006406938314596707	0.0005196928089796959	0.011286455582370635	0.3255002472496593	0.9923495605789049	0.1363370317988234	2.295052078127076	8.426029813456455e-07	0.011273025996284818
287	0.6225017386760593	3.5935712851194497	0.06186823649500235	0.0032954564920761494	1.3204642920463876	0.4891735085708575	0.6167306052796935	1.2403144099128123	0.8144164786047098	0.005673816315731769	0.0014040061651086973	1.1507958675734415	0.0003733546450834767	0.3048939974656826	0.8934432248149652	0.10621460011133965	2.544713340298653	0.09784876562306134	0.6914226379814041	0.3245710227989264	0.09586214304491766	2.4489579187860655	0.0001053098332378179	0.34250482603301396	0.5941981176258377	0.0006067390632196871	0.0017336600829882978	1.0479333382477438	0.0013155558044922956	1.864242569889519	0.016630101863285028	0.7043886453296409	1.7877896448706019	1.2520351808637291	2.4863061086416103	1.3123766290095558	0.5128566135585245	0.0063308778180117915	0.22663801998135838	0.5675543592907718	0.06652096339363671	0.006406938313641701	0.000519692809486184	0.01128645558070663	0.32550024737728617	0.9923495604546955	0.13633703188441787	2.295052078124319	8.426029821985654e-07	0.011273026012965873
288	0.622501738854849	3.5935712851193955	0.061868236485305955	0.0032954564936621225	1.320464292016142	0.4891735085349525	0.6167306053377373	1.2403144098483596	0.8144164786129802	0.005673816314481479	0.0014040061650195965	1.1507958676488712	0.0003733546453830364	0.3048939974072075	0.89344322480435	0.10621460009951532	2.5447133403079976	0.09784876573375256	0.6914226379789521	0.3245710227981887	0.09586214309211406	2.4489579187652146	0.00010530983340879206	0.3425048260810171	0.5941981176126949	0.0006067390637797956	0.0017336600827721864	1.047933338511577	0.0013155558053857298	1.864242569858223	0.016630101869121602	0.7043886453270352	1.7877896448704595	1.2520351809459047	2.486306108814928	1.312376628907201	0.512856613466372	0.006330877816405766	0.22663802009226947	0.5675543595208412	0.06652096338865576	0.006406938311959915	0.0005196928100126621	0.011286455578515103	0.3255002474914317	0.9923495603209253	0.13633703196013824	2.2950520780835824	8.426029829062796e-07	0.011273026027880936
289	0.6225017389855352	3.593571285119315	0.061868236474163285	0.0032954564948702502	1.320464291977887	0.4891735084948974	0.6167306053738209	1.240314409783383	0.8144164786012742	0.005673816313038923	0.0014040061648525341	1.15079586770044	0.0003733546456671475	0.30489399734912936	0.8934432247945109	0.10621460008021019	2.5447133402802775	0.09784876583314087	0.6914226379770717	0.3245710227975507	0.09586214313406123	2.448957918729737	0.00010530983356681798	0.3425048261263505	0.5941981176002149	0.0006067390642747683	0.0017336600823997087	1.047933338720991	0.0013155558061206329	1.8642425698281824	0.016630101872767367	0.7043886453243687	1.7877896448658517	1.2520351810130053	2.486306108977887	1.3123766288049423	0.5128566133778129	0.006330877814674804	0.2266380201963715	0.5675543597084218	0.06652096337972845	0.006406938309686499	0.000519692810544908	0.011286455575915302	0.32550024759143653	0.9923495601818045	0.13633703202567332	2.2950520780109014	8.426029834730528e-07	0.011273026040944456
290	0.6225017390717907	3.5935712851192134	0.06186823646201313	0.0032954564957254286	1.3204642919335416	0.48917350845212737	0.6167306053901346	1.2403144097193688	0.8144164785725548	0.005673816311461589	0.001404006164621717	1.1507958677302585	0.0003733546459317146	0.3048939972926595	0.8934432247855569	0.10621460005485883	2.5447133402211213	0.0978487659205931	0.6914226379757265	0.32457102279701255	0.09586214317055684	2.448957918682387	0.00010530983371020815	0.34250482616838845	0.5941981175885795	0.000606739064702651	0.0017336600819001743	1.0479333388788001	0.001315555806702483	1.864242569799882	0.01663010187443986	0.704388645321708	1.787789644857484	1.252035181065613	2.486306109128341	1.312376628704995	0.5128566132942891	0.00633087781287355	0.22663802029231955	0.5675543598551862	0.06652096336758415	0.006406938306951174	0.0005196928110705065	0.011286455573019206	0.32550024767703883	0.9923495600410894	0.136337032080976	2.2950520779121892	8.426029839056416e-07	0.011273026052122815
291	0.6225017391177592	3.5935712851190953	0.061868236449256736	0.0032954564962568694	1.3204642918848974	0.48917350840794227	0.6167306053890028	1.2403144096575813	0.8144164785297537	0.0056738163098021075	0.001404006164340815	1.150795867740626	0.0003733546461736232	0.3048939972388102	0.8934432247775632	0.1062146000248331	2.5447133401360786	0.09784876599582203	0.6914226379748729	0.32457102279657246	0.09586214320154478	2.4489579186258066	0.00010530983383782259	0.3425048262066618	0.5941981175779281	0.0006067390650632159	0.0017336600813016875	1.0479333389885614	0.0013155558071393503	1.864242569773702	0.016630101874370105	0.7043886453191098	1.7877896448460484	1.2520351811045454	2.486306109264707	1.3123766286092229	0.5128566132169381	0.0063308778110507695	0.2266380203791286	0.5675543599634697	0.06652096335292348	0.006406938303876139	0.0005196928115788741	0.011286455569930062	0.3255002477483259	0.9923495599020611	0.1363370321262285	2.295052077793125	8.426029842128103e-07	0.011273026061428014
292	0.6225017391278997	3.5935712851189656	0.061868236436254165	0.0032954564964968744	1.320464291833597	0.4891735083634964	0.616730605372815	1.2403144095990646	0.8144164784757121	0.005673816308107763	0.0014040061640227363	1.150795867733953	0.00037335464639067444	0.3048939971883993	0.8934432247705737	0.10621459999142066	2.54471334003051	0.09784876605884557	0.6914226379744632	0.32457102279622674	0.0958621432270965	2.448957918562479	0.00010530983394901955	0.3425048262408469	0.5941981175683589	0.0006067390653577327	0.0017336600806306989	1.0479333390543961	0.0013155558074413685	1.864242569749925	0.016630101872795768	0.7043886453166225	1.78778964483221	1.252035181130808	2.4863061093859242	1.3123766285191465	0.5128566131466079	0.006330877809249088	0.22663802045614628	0.5675543600361291	0.06652096333640692	0.006406938300574427	0.0005196928120612407	0.011286455566741333	0.3255002478056851	0.9923495597675198	0.13633703216180718	2.295052077659061	8.426029844048672e-07	0.011273026068911233
293	0.6225017391068479	3.5935712851188293	0.061868236423322065	0.0032954564964797206	1.3204642917811173	0.4891735083197932	0.6167306053439645	1.2403144095446503	0.8144164784131308	0.005673816306420197	0.0014040061636794502	1.1507958677126944	0.0003733546465815092	0.304893997142059	0.8934432247646045	0.10621459995580847	2.544713339909499	0.09784876610994518	0.6914226379744461	0.3245710227959703	0.09586214324739224	2.4489579184946986	0.00010530983404360193	0.3425048262707533	0.594198117559934	0.0006067390655887381	0.0017336600799116536	1.0479333390808243	0.001315555807620238	1.8642425697287441	0.0166301018699551	0.7043886453142851	1.7877896448165957	1.2520351811455466	2.486306109491405	1.3123766284359561	0.5128566130838793	0.006330877807504904	0.2266380205230219	0.5675543600764104	0.06652096331864583	0.006406938297148695	0.0005196928125105949	0.011286455563535995	0.3255002478497548	0.9923495596397887	0.13633703218824825	2.295052077514951	8.426029844932314e-07	0.011273026074656422
294	0.6225017390592903	3.5935712851186903	0.06186823641073262	0.0032954564962406376	1.3204642917287623	0.48917350827768435	0.6167306053047963	1.2403144094949676	0.8144164783445308	0.0056738163047752544	0.0014040061633218517	1.1507958676792909	0.0003733546467455237	0.3048939971002471	0.8934432247596475	0.10621459991907053	2.5447133397777746	0.09784876614962387	0.6914226379747688	0.3245710227957964	0.09586214326270227	2.4489579184245454	0.00010530983412176126	0.34250482629630946	0.5941981175526818	0.0006067390657598083	0.0017336600791667302	1.0479333390726118	0.0013155558076887537	1.8642425697102682	0.016630101866081628	0.7043886453121284	1.7877896447997865	1.252035181150002	2.486306109580985	1.3123766283605307	0.5128566130290884	0.006330877805848416	0.2266380205796733	0.5675543600878247	0.06652096330019584	0.006406938293690383	0.0005196928129215976	0.011286455560386124	0.3255002478813762	0.9923495595207275	0.1363370322062143	2.2950520773652965	8.426029844900332e-07	0.011273026078774
295	0.6225017389898556	3.5935712851185513	0.061868236398713625	0.0032954564958149147	1.3204642916776552	0.48917350823787087	0.6167306052575621	1.2403144094504575	0.8144164782722221	0.005673816303202989	0.0014040061629596707	1.1507958676361163	0.0003733546468827801	0.30489399706326054	0.8934432247556736	0.10621459988215978	2.544713339639658	0.0978487661785653	0.6914226379753781	0.3245710227956978	0.09586214327336885	2.448957918353869	0.00010530983418402091	0.34250482631754825	0.5941981175466011	0.0006067390658753405	0.001733660078415664	1.0479333390346324	0.0013155558076603808	1.8642425696945337	0.01663010186139973	0.7043886453101749	1.7877896447823105	1.2520351811454709	2.4863061096548673	1.3123766282934608	0.5128566129823526	0.006330877804303823	0.22663802062625218	0.5675543600740361	0.06652096328155227	0.006406938290279245	0.0005196928132904716	0.011286455557352816	0.3255002479015478	0.9923495594117542	0.1363370322164626	2.295052077214109	8.426029844077529e-07	0.011273026081394879
296	0.6225017389030221	3.593571285118416	0.06186823638744959	0.003295456495237125	1.3204642916287406	0.48917350820090916	0.6167306052043842	1.2403144094113885	0.8144164781982829	0.005673816301727806	0.001404006162601419	1.150795867585436	0.00037335464699391526	0.3048939970312511	0.8934432247526358	0.10621459984590374	2.5447133394990247	0.09784876619759439	0.6914226379762218	0.3245710227956663	0.095862143279789	2.4489579182842807	0.00010530983423117972	0.3425048263345922	0.594198117541666	0.0006067390659403459	0.0017336600776756508	1.0479333389717487	0.0013155558075488708	1.8642425696815113	0.01663010185612098	0.7043886453084394	1.7877896447646389	1.2520351811332697	2.4863061097135706	1.3123766282350746	0.5128566129435985	0.0063308778028896085	0.22663802066310912	0.5675543600387614	0.06652096326314749	0.006406938286983203	0.000519692813614872	0.01128645555448636	0.32550024791138216	0.9923495593138756	0.13633703221981608	2.29505207706489	8.426029842589026e-07	0.01127302608266484
297	0.6225017388030395	3.593571285118286	0.06186823637708357	0.003295456494540468	1.3204642915827864	0.4891735081672177	0.6167306051472268	1.2403144093778744	0.8144164781245449	0.0056738163003686795	0.001404006162254368	1.150795867529371	0.0003733546470800487	0.3048939970042414	0.8934432247504738	0.10621459981100348	2.5447133393592796	0.09784876620764012	0.69142263797725	0.32457102279569355	0.09586214328239842	2.4489579182171477	0.00010530983426425717	0.34250482634763857	0.5941981175378284	0.0006067390659602566	0.0017336600769613125	1.047933338888706	0.001315555807367921	1.8642425696711171	0.016630101850441274	0.7043886453069303	1.787789644747183	1.2520351811147044	2.486306109757873	1.3123766281854674	0.5128566129125884	0.006330877801618907	0.22663802069075895	0.5675543599856809	0.06652096324535009	0.006406938283858455	0.0005196928138937421	0.011286455551826577	0.32550024791206605	0.9923495592277201	0.1363370322171362	2.2950520769206237	8.426029840557479e-07	0.011273026082739323
298	0.6225017386938684	3.5935712851181645	0.0618682363677197	0.0032954564937562334	1.3204642915403928	0.4891735081370874	0.6167306050878745	1.2403144093498923	0.8144164780525872	0.00567381629913949	0.001404006161924561	1.1507958674698728	0.00037335464714269295	0.30489399698214237	0.8934432247491153	0.10621459977803557	2.544713339223347	0.09784876620970134	0.6914226379784152	0.3245710227957711	0.09586214328165683	2.448957918153601	0.00010530983428444133	0.34250482635694507	0.5941981175350232	0.0006067390659407516	0.0017336600762847313	1.0479333387900462	0.0013155558071308866	1.8642425696632214	0.016630101844538697	0.7043886453056498	1.787789644730294	1.252035181091042	2.486306109788762	1.3123766281445302	0.5128566128889485	0.006330877800499951	0.2266380207098473	0.5675543599183651	0.06652096322846547	0.0064069382809498615	0.0005196928141271627	0.011286455549403406	0.3255002479048251	0.9923495591535757	0.13633703220929916	2.295052076783781	8.42602983810076e-07	0.01127302608177875
299	0.6225017385791325	3.5935712851180526	0.061868236359426114	0.0032954564929133746	1.3204642915020006	0.4891735081106917	0.6167306050279177	1.2403144093273015	0.8144164779837362	0.005673816298049401	0.0014040061616168444	1.1507958674087029	0.00037335464718366707	0.30489399696476965	0.8934432247484816	0.10621459974745626	2.544713339093671	0.09784876620481542	0.6914226379796732	0.32457102279589023	0.09586214327803459	2.4489579180945387	0.00010530983429304011	0.3425048263628159	0.5941981175331714	0.0006067390658875985	0.0017336600756555284	1.0479333386800354	0.001315555806850533	1.8642425696576579	0.01663010183857204	0.7043886453045948	1.787789644714263	1.2520351810634884	2.486306109807382	1.3123766281119793	0.5128566128721943	0.0063308777995365485	0.22663802072111872	0.5675543598402096	0.06652096321273773	0.006406938278291481	0.0005196928143161952	0.011286455547237558	0.3255002478908911	0.9923495590914295	0.13633703219717472	2.2950520766563374	8.426029835330009e-07	0.011273026079944345
300	0.6225017384620856	3.5935712851179513	0.0618682363522384	0.0032954564920382005	1.320464291467904	0.4891735080880995	0.6167306049687445	1.240314409309864	0.8144164779190706	0.005673816297103305	0.0014040061613349278	1.1507958673474208	0.0003733546472050157	0.30489399695186103	0.893443224748488	0.10621459971960798	2.5447133389722287	0.0978487661940304	0.6914226379809842	0.3245710227960429	0.09586214327200107	2.448957918040639	0.00010530983429143656	0.34250482636558865	0.5941981175321844	0.0006067390658065157	0.0017336600750809898	1.0479333385626086	0.0013155558065388391	1.8642425696542313	0.016630101832679975	0.7043886453037576	1.7877896446993229	1.2520351810331718	2.4863061098149912	1.3123766280873874	0.5128566128617577	0.006330877798728598	0.22663802072538727	0.5675543597543864	0.06652096319835268	0.0064069382759073135	0.0005196928144627258	0.011286455545341339	0.32550024787147475	0.992349559041009	0.13633703218160814	2.2950520765397946	8.426029832348158e-07	0.011273026077394513
301	0.622501738345591	3.593571285117861	0.06186823634616326	0.0032954564911541577	1.3204642914382632	0.4891735080692876	0.616730604911538	1.240314409297261	0.8144164778594318	0.005673816296302297	0.001404006161081456	1.1507958672873768	0.000373354647208934	0.3048939969430927	0.8934432247490476	0.10621459969472723	2.54471333886055	0.09784876617838092	0.6914226379823126	0.3245710227962211	0.09586214326401454	2.448957917992377	0.00010530983428104849	0.34250482636562307	0.5941981175319664	0.000606739065703056	0.0017336600745662218	1.0479333384413294	0.0013155558062068436	1.8642425696527265	0.016630101826980756	0.7043886453031271	1.7877896446856512	1.2520351810011268	2.4863061098129156	1.3123766280702112	0.5128566128570097	0.006330877798072636	0.22663802072350925	0.5675543596638045	0.06652096318544173	0.006406938273812134	0.000519692814569312	0.011286455543719511	0.3255002478477423	0.9923495590018234	0.13633703216340515	2.2950520764352142	8.426029829248785e-07	0.01127302607428178
302	0.6225017382321115	3.5935712851177826	0.06186823634118222	0.0032954564902817054	1.3204642914131202	0.4891735080541532	0.6167306048572776	1.2403144092891114	0.8144164778054379	0.005673816295644159	0.0014040061608580953	1.150795867229711	0.00037335464719769914	0.30489399693809444	0.8934432247500733	0.1062145996729538	2.544713338759744	0.0978487661588672	0.691422637983627	0.3245710227964176	0.09586214325451373	2.4489579179500396	0.0001053098342632929	0.34250482636328944	0.5941981175324179	0.0006067390655825058	0.0017336600741143372	1.0479333383193616	0.0013155558058645304	1.864242569652916	0.016630101821572395	0.7043886453026889	1.7877896446733739	1.2520351809682861	2.486306109802513	1.3123766280598193	0.5128566128572825	0.006330877797562345	0.2266380207163586	0.5675543595710822	0.06652096317408632	0.006406938272012409	0.0005196928146390364	0.011286455542370209	0.3255002478207957	0.9923495589732032	0.13633703214331955	2.2950520763432536	8.42602982611533e-07	0.011273026070750255
303	0.6225017381237107	3.593571285117716	0.06186823633725551	0.0032954564894382803	1.3204642913924127	0.4891735080425277	0.616730604806746	1.2403144092849896	0.8144164777574996	0.0056738162951238645	0.0014040061606656296	1.150795867175357	0.00037335464717360984	0.30489399693646413	0.8934432247514796	0.1062145996543408	2.544713338670533	0.09784876613643814	0.6914226379849006	0.32457102279662564	0.09586214324391083	2.448957917913746	0.00010530983423955526	0.3425048263589596	0.5941981175334383	0.000606739065449808	0.001733660073726656	1.047933338199456	0.001315555805520756	1.864242569654566	0.01663010181653329	0.7043886453024264	1.7877896446625694	1.252035180935473	2.48630610978514	1.3123766280555191	0.5128566128618898	0.0063308777971891	0.22663802070480585	0.5675543594785297	0.06652096316432296	0.0064069382705073	0.0005196928146753675	0.011286455541285892	0.3255002477916576	0.9923495589543401	0.13633703212204418	2.295052076264205	8.42602982302068e-07	0.011273026066933634
304	0.6225017380220615	3.5935712851176613	0.06186823633432577	0.0032954564886383225	1.3204642913759912	0.4891735080341885	0.6167306047605389	1.2403144092844394	0.8144164777158407	0.005673816294734064	0.001404006160504065	1.1507958671250507	0.0003733546471389333	0.30489399693778085	0.8934432247531844	0.10621459963886537	2.544713338593289	0.09784876611197756	0.6914226379861113	0.324571022796839	0.09586214323258625	2.448957917883468	0.00010530983421116352	0.34250482635299856	0.5941981175349283	0.0006067390653095002	0.0017336600734029226	1.0479333380839453	0.0013155558051832078	1.8642425696574425	0.016630101811923165	0.7043886453023217	1.7877896446532735	1.2520351809033987	2.486306109762119	1.3123766280565785	0.5128566128701438	0.006330877796942459	0.22663802068969935	0.5675543593881401	0.06652096315614858	0.006406938269289662	0.0005196928146820322	0.011286455540454265	0.32550024776125996	0.9923495589443225	0.1363370321002038	2.29505207619804	8.426029820026997e-07	0.011273026062953712
305	0.6225017379284634	3.5935712851176183	0.06186823633232167	0.0032954564878933668	1.3204642913636322	0.4891735080288721	0.6167306047190766	1.240314409286988	0.8144164776805176	0.005673816294465561	0.0014040061603727322	1.150795867079339	0.0003733546470958599	0.3048939969416164	0.8934432247551097	0.10621459962643934	2.544713338528073	0.09784876608629366	0.691422637987241	0.3245710227970524	0.09586214322088452	2.4489579178590493	0.00010530983417936702	0.34250482634575713	0.5941981175367917	0.0006067390651656703	0.0017336600731415205	1.04793333797475	0.0013155558048583951	1.8642425696613167	0.016630101807784313	0.7043886453023556	1.7877896446454842	1.252035180872661	2.4863061097347168	1.3123766280622478	0.5128566128813703	0.00633087779681063	0.22663802067184985	0.5675543593015896	0.06652096314952587	0.006406938268347056	0.0005196928146628994	0.011286455539859191	0.3255002477304356	0.9923495589421696	0.13633703207835074	2.2950520761444544	8.426029817185805e-07	0.011273026058919323
306	0.6225017378438641	3.5935712851175854	0.061868236331161425	0.003295456487212186	1.3204642913550542	0.48917350802628445	0.6167306046826193	1.2403144092921605	0.8144164776514411	0.005673816294307764	0.0014040061602703944	1.150795867038595	0.00037335464704646627	0.3048939969475458	0.8934432247571842	0.10621459961692012	2.5447133384746743	0.0978487660601118	0.6914226379882764	0.32457102279726113	0.09586214320911164	2.448957917840228	0.00010530983414532	0.34250482633756674	0.5941981175389375	0.0006067390650219293	0.0017336600729396967	1.0479333378733928	0.0013155558045516676	1.8642425696659688	0.016630101804143017	0.7043886453025086	1.7877896446391672	1.252035180843749	2.486306109704125	1.3123766280717786	0.5128566128949218	0.006330877796780923	0.22663802065201805	0.5675543592202431	0.06652096314438877	0.006406938267662737	0.0005196928146218764	0.011286455539481571	0.32550024769991404	0.9923495589468622	0.13633703205696282	2.2950520761029103	8.426029814538336e-07	0.011273026054925738
307	0.6225017377688867	3.593571285117563	0.0618682363307559	0.003295456486600976	1.3204642913499316	0.48917350802611204	0.6167306046512827	1.2403144092994887	0.8144164776283978	0.005673816294249104	0.0014040061601953509	1.150795867003033	0.00037335464699268507	0.3048939969551561	0.893443224759342	0.10621459961012103	2.5447133384326555	0.09784876603406982	0.6914226379892074	0.3245710227974614	0.09586214319753376	2.448957917826655	0.00010530983411006919	0.3425048263287344	0.5941981175412804	0.0006067390648813962	0.0017336600727937716	1.0479333377810196	0.001315555804267256	1.864242569671192	0.016630101801011158	0.7043886453027611	1.7877896446342605	1.2520351808170453	2.486306109671441	1.31237662808444	0.5128566129101879	0.006330877796840144	0.2266380206309047	0.5675543591451675	0.06652096314064786	0.006406938267216604	0.0005196928145628183	0.011286455539300157	0.32550024767031904	0.9923495589573703	0.13633703203644296	2.2950520760726807	8.426029812116002e-07	0.011273026051054432
308	0.6225017377038606	3.5935712851175494	0.06186823633101165	0.0032954564860635683	1.3204642913479079	0.4891735080280313	0.6167306046250554	1.24031440930852	0.8144164776110718	0.005673816294277421	0.0014040061601455372	1.1507958669727254	0.0003733546469362826	0.3048939969640536	0.8934432247615252	0.10621459960582151	2.544713338401389	0.09784876600871613	0.6914226379900281	0.32457102279764993	0.09586214318637667	2.4489579178179155	0.00010530983407454571	0.34250482631953955	0.5941981175437429	0.0006067390647466979	0.0017336600726993473	1.0479333376984248	0.0013155558040083314	1.8642425696767955	0.016630101798387913	0.7043886453030943	1.7877896446306794	1.252035180792832	2.486306109637662	1.3123766280995317	0.5128566129266036	0.006330877796974948	0.2266380206091434	0.5675543590771482	0.06652096313819535	0.006406938266986089	0.0005196928144894512	0.011286455539292308	0.32550024764216967	0.9923495589726765	0.13633703201712047	2.29505207605289	8.426029809941058e-07	0.011273026047373161
309	0.6225017376488534	3.593571285117544	0.06186823633183346	0.003295456485601665	1.3204642913486069	0.489173508031717	0.6167306046038161	1.2403144093188276	0.8144164775990659	0.005673816294380309	0.001404006160118618	1.1507958669476201	0.000373354646878843	0.30489399697387004	0.8934432247636823	0.10621459960377641	2.5447133383800984	0.09784876598450974	0.6914226379907356	0.3245710227978241	0.09586214317582638	2.448957917813544	0.00010530983403956039	0.3425048263102316	0.5941981175462548	0.000606739064619978	0.0017336600726515004	1.0479333376260824	0.0013155558037770798	1.8642425696826053	0.01663010179626148	0.7043886453034899	1.7877896446283226	1.252035180771299	2.486306109603672	1.3123766281163955	0.5128566129436555	0.006330877797172155	0.2266380205872961	0.5675543590167107	0.06652096313691004	0.006406938266946987	0.0005196928144053084	0.011286455539434664	0.3255002476158833	0.9923495589917972	0.13633703199925398	2.2950520760425546	8.426029808027356e-07	0.011273026043936363
310	0.6225017376037054	3.5935712851175463	0.0618682363331267	0.0032954564852150964	1.3204642913516442	0.4891735080368492	0.6167306045873516	1.2403144093300134	0.8144164775919203	0.005673816294545418	0.0014040061601120768	1.150795866927559	0.000373354646821758	0.304893996984267	0.8934432247657703	0.1062145996037247	2.5447133383678957	0.09784876596182249	0.6914226379913296	0.3245710227979822	0.09586214316603049	2.4489579178130434	0.00010530983400580245	0.3425048263010287	0.594198117548755	0.0006067390645029154	0.0017336600726449596	1.0479333375641788	0.0013155558035747876	1.864242569688467	0.016630101794610865	0.7043886453039309	1.7877896446270753	1.2520351807525523	2.486306109570239	1.3123766281344238	0.5128566129608858	0.006330877797419008	0.22663802056585036	0.5675543589641439	0.06652096313666173	0.006406938267074208	0.0005196928143136795	0.011286455539703765	0.32550024759178003	0.9923495590137987	0.13633703198303537	2.295052076040618	8.426029806381176e-07	0.01127302604078578
311	0.6225017375680638	3.5935712851175543	0.06186823633479931	0.003295456484902071	1.320464291356637	0.4891735080431201	0.6167306045753734	1.2403144093417149	0.8144164775891319	0.005673816294760721	0.0014040061601232946	1.1507958669122955	0.00037335464676622326	0.3048939969949393	0.8934432247677528	0.10621459960539734	2.544713338363815	0.09784876594094268	0.6914226379918129	0.3245710227981229	0.09586214315710015	2.4489579178159007	0.00010530983397384094	0.34250482629211704	0.5941981175511906	0.0006067390643967515	0.0017336600726742689	1.0479333375126474	0.0013155558034019376	1.864242569694246	0.016630101793407515	0.7043886453044015	1.7877896446268144	1.2520351807366221	2.486306109538017	1.312376628153066	0.5128566129778952	0.006330877797703405	0.22663802054521898	0.567554358919526	0.06652096313731526	0.006406938267342434	0.0005196928142175718	0.011286455540076575	0.32550024757008905	0.9923495590378114	0.13633703196859465	2.295052076045984	8.426029805002115e-07	0.011273026037951245
312	0.6225017375414166	3.5935712851175676	0.06186823633676343	0.0032954564846594406	1.3204642913632112	0.48917350805023874	0.6167306045675343	1.2403144093536074	0.814416477590171	0.005673816295014721	0.0014040061601496192	1.1507958669015117	0.0003733546467132385	0.3048939970056171	0.8934432247696011	0.10621459960852411	2.5447133383668437	0.09784876592208021	0.6914226379921896	0.3245710227982455	0.09586214314911258	2.4489579178215983	0.00010530983394412867	0.3425048262836513	0.594198117553517	0.000606739064302322	0.0017336600727339297	1.0479333374712052	0.0013155558032583036	1.8642425696998273	0.016630101792617022	0.7043886453048873	1.7877896446274122	1.2520351807234742	2.486306109507543	1.312376628171833	0.5128566129943428	0.006330877798014056	0.226638020525741	0.5675543588827516	0.06652096313873415	0.006406938267726708	0.000519692814119683	0.01128645554053091	0.32550024755095597	0.9923495590630393	0.13633703195600538	2.2950520760575457	8.42602980388401e-07	0.011273026035451671
313	0.622501737523125	3.5935712851175854	0.06186823633893673	0.0032954564844829477	1.3204642913710094	0.4891735080579352	0.6167306045634439	1.2403144093654057	0.8144164775944959	0.005673816295296638	0.0014040061601884293	1.1507958668948355	0.0003733546466636123	0.304893997016067	0.8934432247712931	0.1062145996128398	2.5447133383759524	0.09784876590537255	0.6914226379924662	0.32457102279834976	0.09586214314211397	2.4489579178296266	0.000105309833917008	0.3425048262757555	0.5941981175556987	0.0006067390642200928	0.0017336600728185287	1.047933337439387	0.0013155558031430544	1.8642425697051161	0.016630101792200633	0.7043886453053758	1.7877896446287387	1.2520351807130177	2.4863061094792447	1.3123766281902989	0.5128566130099466	0.006330877798340635	0.22663802050768442	0.5675543588535589	0.06652096314078373	0.006406938268202928	0.000519692814022384	0.01128645554104582	0.3255002475344507	0.9923495590887683	0.13633703194529087	2.295052076074212	8.426029803015847e-07	0.011273026033296107
314	0.6225017375124551	3.5935712851176067	0.06186823634124354	0.003295456484367475	1.3204642913796958	0.4891735080659635	0.6167306045626832	1.2403144093768657	0.8144164776015671	0.005673816295596549	0.0014040061602371874	1.1507958668918554	0.00037335464661797054	0.30489399702609243	0.893443224772813	0.10621459961808928	2.544713338390119	0.09784876589089161	0.69142263799265	0.32457102279843597	0.09586214313612279	2.4489579178394956	0.00010530983389271851	0.3425048262685244	0.5941981175577077	0.0006067390641502024	0.001733660072922843	1.0479333374165822	0.0013155558030548539	1.864242569710037	0.016630101792116735	0.704388645305856	1.7877896446306667	1.2520351807051155	2.4863061094534427	1.3123766282081024	0.5128566130244812	0.006330877798673872	0.22663802049124998	0.5675543588315559	0.06652096314333392	0.00640693826874826	0.000519692813927712	0.011286455541601882	0.3255002475205769	0.99234955911437	0.13633703193643043	2.295052076094928	8.426029802382664e-07	0.011273026031484886
315	0.622501737508606	3.59357128511763	0.06186823634361549	0.003295456484307265	1.3204642913889606	0.48917350807410365	0.6167306045648175	1.2403144093877834	0.8144164776108584	0.005673816295905479	0.0014040061602934827	1.1507958668921354	0.0003733546465767674	0.3048939970355323	0.8934432247741512	0.10621459962403158	2.5447133384083487	0.09784876587865102	0.6914226379927497	0.3245710227985046	0.09586214313113298	2.4489579178507404	0.00010530983387140556	0.3425048262620254	0.5941981175595235	0.0006067390640925004	0.0017336600730419273	1.0479333374020652	0.0013155558029919567	1.8642425697145328	0.01663010179232207	0.7043886453063185	1.7877896446330723	1.2520351806995937	2.4863061094303616	1.3123766282249452	0.5128566130377745	0.006330877799005602	0.22663802047657577	0.5675543588162477	0.06652096314626126	0.006406938269341453	0.0005196928138373711	0.011286455542181398	0.32550024750927986	0.9923495591393034	0.13633703192936578	2.2950520761186923	8.426029801966399e-07	0.011273026030010787
316	0.6225017375107372	3.5935712851176542	0.061868236345992096	0.0032954564842961383	1.3204642913985238	0.4891735080821632	0.616730604569408	1.2403144093979945	0.8144164776218665	0.005673816296215477	0.0014040061603550673	1.1507958668952276	0.00037335464654029895	0.30489399704426046	0.893443224775303	0.10621459963044338	2.544713338429694	0.0978487658686138	0.6914226379927747	0.3245710227985566	0.0958621431271175	2.4489579178629293	0.00010530983385313004	0.3425048262563008	0.5941981175611326	0.0006067390640465919	0.0017336600731711854	1.0479333373950288	0.001315555802952304	1.864242569718563	0.01663010179277297	0.7043886453067557	1.7877896446358386	1.25203518069625	2.486306109410135	1.3123766282405906	0.5128566130497054	0.006330877799328805	0.22663802046374293	0.5675543588070601	0.06652096314945086	0.0064069382699631	0.0005196928137527402	0.01128645554276857	0.3255002475004566	0.9923495591631166	0.13633703192400737	2.295052076144575	8.42602980174672e-07	0.011273026028860232
317	0.6225017375179916	3.5935712851176795	0.061868236348320935	0.003295456484327686	1.3204642914081366	0.4891735080899775	0.6167306045760217	1.2403144094073726	0.8144164776341187	0.0056738162965196464	0.0014040061604198829	1.1507958669006835	0.0003733546465087178	0.3048939970521831	0.8934432247762686	0.1062145996371213	2.544713338453267	0.0978487658606999	0.6914226379927344	0.32457102279859307	0.09586214312403177	2.448957917875669	0.00010530983383787833	0.34250482625137046	0.5941981175625283	0.0006067390640118786	0.001733660073306422	1.047933337394613	0.0013155558029336082	1.8642425697221028	0.01663010179342632	0.7043886453071614	1.7877896446388561	1.252035180694862	2.4863061093928174	1.3123766282548601	0.5128566130601986	0.0063308777996375935	0.2266380204527814	0.5675543588033636	0.0665209631527977	0.006406938270595797	0.0005196928136748871	0.011286455543349566	0.325500247493964	0.9923495591854423	0.1363370319202407	2.295052076171725	8.426029801701766e-07	0.01127302602801443
318	0.6225017375295168	3.5935712851177053	0.06186823635055777	0.0032954564843954356	1.3204642914175826	0.4891735080974096	0.6167306045842402	1.240314409415826	0.8144164776471796	0.005673816296812149	0.001404006160486079	1.1507958669080636	0.0003733546464820496	0.30489399705923703	0.8934432247770523	0.10621459964388383	2.5447133384782528	0.09784876585479398	0.6914226379926385	0.3245710227986153	0.095862143121817	2.448957917888607	0.00010530983382557284	0.34250482624723405	0.594198117563709	0.000606739063987599	0.0017336600734438818	1.0479333373999289	0.0013155558029334365	1.864242569725142	0.016630101794240452	0.7043886453075311	1.7877896446420256	1.2520351806951946	2.4863061093783907	1.3123766282676295	0.5128566130692205	0.006330877799927196	0.2266380204436763	0.5675543588044946	0.06652096315620755	0.006406938271224266	0.0005196928136045877	0.011286455543912567	0.3255002474896276	0.9923495592059961	0.13633703191793206	2.2950520761993785	8.426029801808837e-07	0.011273026027450499
319	0.6225017375444827	3.5935712851177297	0.06186823635266632	0.0032954564844930043	1.3204642914266786	0.48917350810434934	0.616730604593667	1.2403144094232963	0.814416477660655	0.005673816297088193	0.0014040061605520267	1.1507958669169465	0.00037335464646020926	0.30489399706538617	0.8934432247776616	0.10621459965057217	2.5447133385039153	0.09784876585075249	0.6914226379924967	0.3245710227986248	0.09586214312040336	2.448957917901435	0.00010530983381608229	0.3425048262438741	0.5941981175646781	0.0006067390639728677	0.0017336600735802677	1.047933337410084	0.0013155558029492814	1.8642425697276817	0.016630101795175833	0.7043886453078616	1.787789644645257	1.2520351806970076	2.4863061093667778	1.3123766282788236	0.5128566130767738	0.006330877800193903	0.2266380204363744	0.567554358809774	0.06652096315959757	0.0064069382718353884	0.000519692813542348	0.011286455544447745	0.3255002474872495	0.9923495592245699	0.1363370319169341	2.2950520762268654	8.426029802044985e-07	0.011273026027142514
320	0.6225017375620969	3.593571285117754	0.06186823635461804	0.003295456484614224	1.3204642914352744	0.48917350811071236	0.616730604603933	1.2403144094297534	0.814416477674195	0.0056738162973439974	0.0014040061606163227	1.1507958669269347	0.00037335464644301826	0.30489399707061926	0.8934432247781068	0.10621459965705067	2.544713338529604	0.09784876584841075	0.6914226379923183	0.3245710227986231	0.09586214311971307	2.448957917913888	0.00010530983380923187	0.34250482624125855	0.5941981175654432	0.0006067390639667116	0.0017336600737127544	1.0479333374242015	0.0013155558029786265	1.8642425697297345	0.016630101796195652	0.704388645308151	1.7877896446484716	1.2520351807000605	2.4863061093578502	1.3123766282884124	0.5128566130828931	0.006330877800435007	0.22663802043079037	0.5675543588185246	0.06652096316289663	0.0064069382724182035	0.0005196928134884301	0.011286455544947211	0.3255002474866161	0.9923495592410279	0.13633703191709093	2.2950520762536093	8.426029802387578e-07	0.011273026027062493
321	0.6225017375816169	3.5935712851177763	0.06186823635639169	0.0032954564847532493	1.32046429144325	0.4891735081164381	0.6167306046147008	1.2403144094351943	0.8144164776874961	0.005673816297576732	0.0014040061606777903	1.1507958669376612	0.0003733546464302208	0.30489399707494635	0.8934432247784008	0.10621459966320665	2.5447133385547556	0.0978487658475894	0.6914226379921121	0.3245710227986117	0.09586214311966312	2.448957917925746	0.00010530983380481297	0.3425048262393435	0.5941981175660151	0.0006067390639681025	0.0017336600738389848	1.0479333374414361	0.0013155558030190028	1.8642425697313216	0.016630101797266247	0.7043886453083987	1.7877896446516017	1.252035180704119	2.486306109351438	1.3123766282964047	0.5128566130876394	0.0063308778006487265	0.22663802042681294	0.5675543588300852	0.06652096316604517	0.006406938272963851	0.0005196928134428796	0.01128645554540493	0.3255002474875048	0.992349559255298	0.1363370319182426	2.2950520762791284	8.426029802814722e-07	0.011273026027181283
322	0.6225017376023589	3.593571285117797	0.061868236357972735	0.0032954564849046377	1.320464291450516	0.4891735081214883	0.6167306046256678	1.2403144094396383	0.8144164777003009	0.005673816297784454	0.001404006160735474	1.1507958669487923	0.00037335464642150026	0.30489399707839604	0.8934432247785573	0.10621459966894971	2.544713338578895	0.09784876584810025	0.6914226379918864	0.3245710227985922	0.0958621431201678	2.4489579179368315	0.00010530983380259228	0.34250482623807565	0.5941981175664078	0.0006067390639759871	0.0017336600739570563	1.0479333374609903	0.0013155558030680358	1.864242569732472	0.016630101798357416	0.7043886453086048	1.7877896446545907	1.2520351807089583	2.486306109347341	1.3123766283028422	0.5128566130910955	0.006330877800834118	0.22663802042431103	0.567554358843823	0.066520963168995	0.00640693827346548	0.0005196928134055534	0.011286455545816587	0.3255002474896898	0.9923495592673661	0.1363370319202291	2.2950520763030324	8.426029803305649e-07	0.011273026027469346
323	0.6225017376237056	3.593571285117817	0.06186823635935287	0.0032954564850634143	1.3204642914570102	0.4891735081258445	0.6167306046365679	1.240314409443124	0.8144164777123977	0.0056738162979660285	0.0014040061607886302	1.1507958669600304	0.0003733546464164939	0.30489399708101217	0.8934432247785915	0.10621459967421068	2.544713338601633	0.09784876584975156	0.6914226379916488	0.324571022798566	0.09586214312114094	2.448957917947007	0.00010530983380232022	0.342504826237395	0.5941981175666369	0.0006067390639893132	0.0017336600740655026	1.0479333374821231	0.0013155558031234839	1.8642425697332192	0.016630101799442586	0.7043886453087704	1.7877896446573924	1.2520351807143673	2.4863061093453336	1.312376628307796	0.512856613093361	0.006330877800990984	0.22663802042313913	0.5675543588591436	0.06652096317170879	0.0064069382739181295	0.0005196928133761491	0.011286455546179457	0.3255002474929478	0.9923495592772676	0.1363370319228941	2.2950520763250197	8.426029803841021e-07	0.011273026027897462
324	0.62250173764511	3.5935712851178345	0.06186823636052923	0.003295456485225119	1.3204642914626956	0.4891735081295058	0.6167306046471729	1.2403144094457046	0.8144164777236187	0.005673816298121045	0.0014040061608367141	1.1507958669711162	0.00037335464641480743	0.3048939970828507	0.8934432247785193	0.10621459967894033	2.5447133386226652	0.09784876585235282	0.691422637991406	0.32457102279853467	0.09586214312249783	2.4489579179561742	0.00010530983380373856	0.34250482623723666	0.5941981175667195	0.0006067390640070531	0.001733660074163266	1.0479333375041606	0.0013155558031832687	1.864242569733602	0.016630101800498936	0.7043886453088977	1.7877896446599713	1.2520351807201506	2.486306109345177	1.3123766283113587	0.5128566130945478	0.00633087780111977	0.22663802042314252	0.5675543588754988	0.0665209631741594	0.006406938274318576	0.0005196928133542326	0.011286455546492246	0.32550024749706247	0.9923495592850805	0.1363370319260875	2.295052076344871	8.426029804403147e-07	0.01127302602843732
325	0.6225017376660977	3.59357128511785	0.06186823636150384	0.003295456485385834	1.3204642914675584	0.4891735081324866	0.6167306046572917	1.240314409447447	0.8144164777338384	0.005673816298249725	0.001404006160879366	1.150795866981829	0.0003733546464160276	0.3048939970839769	0.8934432247783571	0.10621459968310762	2.5447133386417637	0.09784876585571857	0.6914226379911642	0.32457102279849964	0.09586214312415692	2.448957917964271	0.0001053098338065873	0.34250482623753337	0.5941981175666737	0.0006067390640282222	0.0017336600742496647	1.0479333375265	0.0013155558032455013	1.8642425697336615	0.016630101801507365	0.7043886453089887	1.7877896446623012	1.2520351807261318	2.486306109346623	1.312376628313642	0.5128566130947763	0.006330877801221478	0.2266380204241618	0.5675543588923919	0.06652096317632915	0.006406938274665174	0.0005196928133392657	0.011286455546754932	0.32550024750182804	0.9923495592909178	0.13633703192966817	2.2950520763624436	8.426029804976159e-07	0.011273026029062015
326	0.6225017376862683	3.5935712851178625	0.0618682363622828	0.0032954564855421906	1.3204642914716038	0.4891735081348143	0.6167306046667698	1.2403144094484269	0.8144164777429699	0.005673816298352836	0.001404006160916393	1.1507958669919855	0.00037335464641973377	0.3048939970844629	0.8934432247781203	0.106214599686698	2.544713338658775	0.09784876585967188	0.6914226379909283	0.32457102279846217	0.09586214312604109	2.4489579179712653	0.00010530983381061047	0.34250482623821693	0.5941981175665181	0.0006067390640518945	0.001733660074324357	1.047933337548614	0.0013155558033084934	1.8642425697334397	0.0166301018024524	0.7043886453090467	1.7877896446643653	1.2520351807321537	2.4863061093494236	1.312376628314769	0.5128566130941714	0.006330877801297565	0.2266380204260371	0.5675543589093822	0.06652096317820883	0.006406938274957672	0.0005196928133306318	0.011286455546968582	0.3255002475070525	0.9923495592949203	0.1363370319335056	2.2950520763776634	8.426029805546094e-07	0.011273026029746438
327	0.6225017377052928	3.593571285117873	0.06186823636287565	0.003295456485691373	1.3204642914748546	0.4891735081365267	0.6167306046754875	1.2403144094487257	0.8144164777509617	0.005673816298431597	0.001404006160947751	1.1507958670014404	0.00037335464642550823	0.30489399708438486	0.8934432247778241	0.10621459968971146	2.544713338673611	0.09784876586404698	0.6914226379907027	0.3245710227984233	0.0958621431280788	2.4489579179771543	0.00010530983381556125	0.3425048262392201	0.5941981175662707	0.0006067390640772148	0.0017336600743873025	1.047933337570051	0.00131555580337077	1.8642425697329799	0.016630101803322042	0.7043886453090746	1.7877896446661545	1.2520351807380794	2.4863061093533343	1.3123766283148723	0.5128566130928593	0.0063308778013498445	0.22663802042861145	0.5675543589260863	0.0665209631797968	0.006406938275197032	0.0005196928133276599	0.011286455547135189	0.3255002475125597	0.9923495592972491	0.13633703193748137	2.295052076390518	8.426029806100958e-07	0.011273026030467582
328	0.6225017377229124	3.5935712851178816	0.06186823636329472	0.003295456485831105	1.3204642914773477	0.4891735081376699	0.616730604683358	1.24031440944843	0.8144164777577941	0.005673816298487592	0.0014040061609735248	1.1507958670100829	0.0003733546464329449	0.3048939970838209	0.8934432247774832	0.10621459969216056	2.544713338686244	0.09784876586869139	0.6914226379904909	0.3245710227983841	0.09586214313020482	2.44895791798196	0.00010530983382120607	0.3425048262404776	0.5941981175659495	0.0006067390641034081	0.0017336600744387223	1.047933337590436	0.0013155558034310714	1.8642425697323244	0.016630101804107567	0.7043886453090761	1.7877896446676673	1.2520351807437933	2.486306109358119	1.3123766283140879	0.5128566130909646	0.006330877801380405	0.2266380204317341	0.5675543589421791	0.06652096318109801	0.00640693827538524	0.0005196928133296469	0.011286455547257497	0.32550024751819145	0.9923495592980807	0.1363370319414901	2.295052076401048	8.426029806630703e-07	0.01127302603120476
329	0.6225017377389335	3.5935712851178883	0.061868236363554444	0.003295456485959623	1.3204642914791314	0.4891735081382961	0.6167306046903247	1.2403144094476266	0.8144164777634756	0.005673816298522688	0.0014040061609939102	1.1507958670178344	0.0003733546464416564	0.30489399708284926	0.8934432247771108	0.10621459969406839	2.544713338696697	0.09784876587346741	0.6914226379902957	0.32457102279834554	0.09586214313236087	2.448957917985724	0.00010530983382732787	0.34250482624192763	0.5941981175655716	0.0006067390641297856	0.0017336600744790578	1.0479333376094675	0.0013155558034883515	1.8642425697315141	0.01663010180480326	0.7043886453090545	1.7877896446689079	1.2520351807491992	2.4863061093635546	1.3123766283125535	0.5128566130886074	0.006330877801391524	0.22663802043526265	0.5675543589573928	0.06652096318212297	0.006406938275525127	0.0005196928133358767	0.01128645554733885	0.32550024752380813	0.9923495592975997	0.13633703194544003	2.2950520764093385	8.426029807127192e-07	0.01127302603193974
330	0.6225017377532237	3.5935712851178927	0.061868236363670746	0.0032954564860756476	1.320464291480263	0.4891735081384617	0.6167306046963583	1.2403144094464018	0.8144164777680383	0.005673816298538953	0.0014040061610091936	1.150795867024647	0.00037335464645128026	0.3048939970815463	0.8934432247767196	0.10621459969546682	2.544713338705038	0.09784876587825318	0.6914226379901192	0.3245710227983084	0.09586214313449593	2.4489579179885053	0.00010530983383372862	0.3425048262435125	0.5941981175651527	0.0006067390641557477	0.0017336600745089335	1.047933337626914	0.0013155558035417723	1.8642425697305878	0.01663010180540615	0.7043886453090138	1.7877896446698864	1.2520351807542212	2.4863061093694347	1.3123766283104041	0.5128566130859018	0.006330877801385594	0.22663802043906528	0.5675543589715153	0.06652096318288682	0.0064069382756201994	0.0005196928133456382	0.011286455547383025	0.32550024752928947	0.9923495592959946	0.13633703194925306	2.295052076415513	8.426029807584121e-07	0.011273026032656806
331	0.6225017377657065	3.5935712851178954	0.06186823636366052	0.0032954564861783437	1.320464291480806	0.4891735081382257	0.6167306047014539	1.2403144094448393	0.8144164777715344	0.0056738162985385835	0.001404006161019733	1.1507958670304994	0.00037335464646148304	0.30489399707998527	0.8934432247763204	0.10621459969639438	2.5447133387113716	0.09784876588294308	0.6914226379899624	0.3245710227982732	0.0958621431365663	2.448957917990377	0.00010530983384023107	0.34250482624517936	0.5941981175647075	0.000606739064180785	0.001733660074529116	1.0479333376426105	0.0013155558035906922	1.8642425697295808	0.01663010180591567	0.7043886453089572	1.787789644670617	1.252035180758802	2.486306109375571	1.3123766283077702	0.5128566130829537	0.006330877801365054	0.22663802044302192	0.5675543589843866	0.06652096318340829	0.006406938275674458	0.0005196928133582396	0.011286455547394098	0.3255002475345343	0.9923495592934526	0.13633703195286467	2.2950520764197235	8.426029807996893e-07	0.011273026033342768
332	0.6225017377763549	3.5935712851178967	0.06186823636354115	0.0032954564862672808	1.3204642914808289	0.48917350813764754	0.6167306047056276	1.2403144094430187	0.8144164777740324	0.0056738162985238445	0.0014040061610259423	1.1507958670353944	0.00037335464647196407	0.3048939970782352	0.8934432247759233	0.10621459969689473	2.544713338715831	0.09784876588744798	0.6914226379898263	0.3245710227982404	0.09586214313853565	2.4489579179914216	0.00010530983384667979	0.3425048262468809	0.5941981175642493	0.0006067390642044774	0.0017336600745404798	1.0479333376564524	0.0013155558036346562	1.8642425697285263	0.016630101806333383	0.704388645308888	1.7877896446711172	1.2520351807629013	2.486306109381796	1.3123766283047746	0.5128566130798604	0.0063308778013323325	0.22663802044702552	0.5675543589958959	0.0665209631837089	0.006406938275692258	0.000519692813373021	0.011286455547376313	0.3255002475394605	0.9923495592901561	0.1363370319562235	2.2950520764221443	8.426029808362506e-07	0.011273026033986893
333	0.6225017377851856	3.593571285117897	0.061868236363330026	0.003295456486342386	1.3204642914804015	0.4891735081367862	0.6167306047089133	1.2403144094410152	0.8144164777756131	0.005673816298497005	0.0014040061610282734	1.150795867039355	0.0003733546464824572	0.3048939970763599	0.8934432247755364	0.10621459969701486	2.5447133387185747	0.09784876589169478	0.6914226379897109	0.3245710227982105	0.09586214314037479	2.4489579179917285	0.00010530983385294157	0.3425048262485752	0.59419811756379	0.000606739064226491	0.0017336600745439723	1.0479333376683893	0.0013155558036733782	1.8642425697274536	0.016630101806662634	0.7043886453088096	1.7877896446714079	1.2520351807664953	2.4863061093879613	1.3123766283015315	0.5128566130767089	0.006330877801289797	0.2266380204509825	0.5675543590059773	0.06652096318381201	0.006406938275678148	0.0005196928133893649	0.011286455547333974	0.3255002475440039	0.9923495592862792	0.1363370319592906	2.295052076422966	8.426029808679386e-07	0.011273026034580826
334	0.6225017377922525	3.593571285117896	0.061868236363044206	0.0032954564864038994	1.3204642914795939	0.4891735081356988	0.61673060471136	1.2403144094388971	0.8144164777763665	0.0056738162984602885	0.0014040061610272009	1.1507958670424219	0.00037335464649273234	0.3048939970744171	0.8934432247751668	0.10621459969680366	2.544713338719774	0.09784876589562598	0.6914226379896161	0.32457102279818373	0.0958621431420613	2.4489579179913905	0.00010530983385890535	0.34250482625022644	0.5941981175633395	0.0006067390642465741	0.0017336600745405844	1.0479333376784195	0.0013155558037067255	1.8642425697263887	0.016630101806908236	0.704388645308725	1.7877896446715105	1.2520351807695744	2.48630610939394	1.3123766282981448	0.5128566130735759	0.0063308778012397034	0.22663802045481302	0.5675543590146046	0.06652096318374215	0.006406938275636761	0.0005196928134067029	0.01128645554727133	0.3255002475481175	0.9923495592819851	0.13633703196203872	2.2950520764223867	8.426029808947232e-07	0.011273026035118427
335	0.6225017377976406	3.593571285117894	0.06186823636270001	0.0032954564864523216	1.3204642914784754	0.4891735081344397	0.6167306047130279	1.2403144094367256	0.8144164777763883	0.005673816298415834	0.0014040061610232095	1.1507958670446492	0.00037335464650259506	0.30489399707245823	0.8934432247748202	0.10621459969631067	2.5447133387196126	0.09784876589919866	0.6914226379895412	0.32457102279816025	0.09586214314357913	2.4489579179905028	0.00010530983386448156	0.3425048262518044	0.5941981175629065	0.0006067390642645506	0.0017336600745313222	1.047933337686583	0.0013155558037346998	1.864242569725354	0.016630101807076185	0.7043886453086367	1.7877896446714485	1.252035180772141	2.4863061093996284	1.3123766282947085	0.5128566130705269	0.0063308778011841645	0.22663802045845066	0.567554359021787	0.06652096318352428	0.006406938275572695	0.0005196928134245224	0.011286455547192495	0.3255002475517698	0.9923495592774239	0.13633703196445124	2.295052076420609	8.426029809166853e-07	0.011273026035595619
336	0.6225017378014603	3.593571285117891	0.06186823636231288	0.0032954564864883743	1.3204642914771125	0.48917350813305976	0.6167306047139864	1.2403144094345557	0.8144164777757771	0.00567381629836566	0.0014040061610167821	1.1507958670461023	0.00037335464651188656	0.30489399707052833	0.893443224774501	0.10621459969558486	2.544713338718279	0.09784876590238367	0.6914226379894848	0.3245710227981401	0.09586214314491806	2.448957917989159	0.0001053098338696013	0.34250482625328466	0.5941981175624983	0.0006067390642803147	0.001733660074517185	1.047933337692955	0.0013155558037574206	1.8642425697243672	0.01663010180717335	0.7043886453085472	1.7877896446712456	1.252035180774209	2.486306109404941	1.3123766282913039	0.5128566130676173	0.006330877801125132	0.22663802046184245	0.5675543590275639	0.06652096318318325	0.0064069382754904265	0.0005196928134423697	0.01128645554710139	0.325500247554944	0.9923495592727314	0.13633703196652114	2.295052076417835	8.42602980934001e-07	0.011273026036010202
337	0.622501737803841	3.593571285117887	0.06186823636189705	0.003295456486512947	1.3204642914755682	0.4891735081316052	0.6167306047143107	1.2403144094324345	0.8144164777746321	0.005673816298311633	0.0014040061610083882	1.150795867046854	0.0003733546465204817	0.3048939970686654	0.8934432247742126	0.10621459969467355	2.5447133387159604	0.09784876590516411	0.6914226379894459	0.3245710227981232	0.09586214314607318	2.4489579179874505	0.0001053098338742149	0.3425048262546483	0.5941981175621202	0.0006067390642938225	0.00173366007449914	1.0479333376976392	0.001315555803775104	1.864242569723444	0.01663010180720719	0.7043886453084587	1.7877896446709252	1.2520351807758008	2.486306109409813	1.3123766282880005	0.5128566130648913	0.00633087780106436	0.22663802046494774	0.5675543590319998	0.06652096318274314	0.006406938275394207	0.000519692813459852	0.01128645554700165	0.3255002475576355	0.9923495592680269	0.13633703196824967	2.295052076414259	8.426029809469223e-07	0.01127302603636162
338	0.6225017378049258	3.593571285117883	0.061868236361465476	0.0032954564865270604	1.3204642914739004	0.48917350813011795	0.6167306047140798	1.2403144094304013	0.8144164777730506	0.005673816298255453	0.001404006160998478	1.1507958670469838	0.0003733546465282876	0.3048939970669009	0.893443224773957	0.10621459969362174	2.544713338712841	0.09784876590753427	0.6914226379894229	0.3245710227981097	0.09586214314704425	2.4489579179854637	0.00010530983387829044	0.3425048262558813	0.5941981175617763	0.0006067390643050857	0.001733660074478111	1.0479333377007627	0.0013155558037880482	1.8642425697225953	0.016630101807185563	0.7043886453083729	1.7877896446705104	1.2520351807769459	2.486306109414199	1.312376628284857	0.5128566130623834	0.006330877801003413	0.22663802046773773	0.56755435903518	0.06652096318222699	0.006406938275288028	0.0005196928134766378	0.011286455546896624	0.3255002475598512	0.9923495592634151	0.13633703196964553	2.2950520764100677	8.426029809557634e-07	0.011273026036650789
339	0.6225017378048666	3.5935712851178785	0.06186823636102969	0.0032954564865318257	1.3204642914721625	0.4891735081286348	0.6167306047133738	1.2403144094284886	0.8144164777711262	0.005673816298198636	0.0014040061609874724	1.1507958670465728	0.0003733546465352413	0.30489399706526	0.8934432247737354	0.1062145996924714	2.544713338709098	0.09784876590949812	0.6914226379894142	0.32457102279809924	0.09586214314783505	2.4489579179832797	0.00010530983388181206	0.34250482625697454	0.5941981175614696	0.0006067390643141631	0.0017336600744549601	1.0479333377024689	0.0013155558037966134	1.8642425697218301	0.016630101807116465	0.7043886453082913	1.7877896446700228	1.2520351807776802	2.4863061094180683	1.3123766282819203	0.5128566130601186	0.00633087780094364	0.22663802047019443	0.5675543590372054	0.06652096318165633	0.006406938275175551	0.0005196928134924557	0.011286455546789316	0.3255002475616073	0.9923495592589837	0.13633703197072333	2.2950520764054363	8.426029809608849e-07	0.011273026036879841
340	0.6225017378038199	3.593571285117874	0.06186823636059976	0.0032954564865284057	1.3204642914704017	0.4891735081271874	0.6167306047122727	1.2403144094267218	0.8144164777689473	0.005673816298142505	0.0014040061609757598	1.150795867045703	0.0003733546465413068	0.3048939970637617	0.8934432247735479	0.10621459969126094	2.544713338704897	0.09784876591106795	0.6914226379894179	0.3245710227980917	0.09586214314845279	2.4489579179809726	0.00010530983388477814	0.3425048262579232	0.5941981175612017	0.0006067390643211532	0.0017336600744304793	1.0479333377029125	0.0013155558038012065	1.8642425697211533	0.016630101807007823	0.7043886453082151	1.787789644669483	1.2520351807780434	2.486306109421407	1.3123766282792257	0.5128566130581137	0.006330877800886185	0.2266380204723094	0.5675543590381883	0.066520963181051	0.00640693827506008	0.0005196928135070921	0.011286455546682376	0.32550024756292784	0.9923495592548051	0.13633703197150276	2.295052076400525	8.426029809626791e-07	0.011273026037051935
341	0.6225017378019424	3.5935712851178696	0.06186823636018426	0.003295456486517985	1.3204642914686593	0.48917350812580257	0.6167306047108538	1.2403144094251195	0.8144164777665959	0.005673816298088193	0.0014040061609636913	1.1507958670444558	0.00037335464654647234	0.30489399706241926	0.8934432247733939	0.10621459969002489	2.544713338700391	0.09784876591226296	0.6914226379894325	0.3245710227980868	0.09586214314890748	2.44895791797861	0.00010530983388719938	0.3425048262587262	0.5941981175609731	0.000606739064326187	0.0017336600744053826	1.0479333377022553	0.0013155558038022662	1.864242569720568	0.01663010180686738	0.7043886453081453	1.7877896446689099	1.2520351807780778	2.486306109424214	1.3123766282767997	0.5128566130563768	0.006330877800831986	0.22663802047408296	0.5675543590382487	0.06652096318042888	0.0064069382749445385	0.0005196928135203882	0.011286455546578084	0.3255002475638431	0.9923495592509357	0.13633703197200725	2.2950520763954794	8.426029809615584e-07	0.011273026037171043
342	0.6225017377993876	3.593571285117865	0.06186823635979028	0.0032954564865017395	1.320464291466971	0.489173508124502	0.6167306047091914	1.2403144094236944	0.8144164777641465	0.005673816298036633	0.001404006160951578	1.1507958670429095	0.0003733546465507474	0.3048939970612409	0.8934432247732724	0.10621459968879365	2.54471333869572	0.09784876591310794	0.6914226379894559	0.32457102279808436	0.0958621431492113	2.44895791797625	0.00010530983388909686	0.3425048262593857	0.5941981175607836	0.0006067390643294197	0.0017336600743802998	1.0479333377006608	0.0013155558038002483	1.8642425697200744	0.01663010180670249	0.7043886453080825	1.7877896446683204	1.2520351807778276	2.4863061094265007	1.3123766282746585	0.5128566130549095	0.006330877800781783	0.22663802047552273	0.5675543590375103	0.0665209631798058	0.006406938274831452	0.0005196928135322359	0.01128645554647835	0.32550024756438817	0.9923495592474181	0.1363370319722631	2.295052076390427	8.426029809579421e-07	0.011273026037241753
343	0.6225017377963027	3.5935712851178603	0.061868236359423484	0.003295456486480811	1.3204642914653661	0.4891735081233025	0.6167306047073544	1.2403144094224534	0.8144164777616658	0.005673816297988575	0.0014040061609396897	1.1507958670411385	0.0003733546465541595	0.3048939970602299	0.8934432247731816	0.10621459968759336	2.5447133386910084	0.0978487659136319	0.6914226379894866	0.32457102279808403	0.09586214314937809	2.4489579179739445	0.00010530983389050023	0.3425048262599069	0.5941981175606319	0.000606739064331025	0.0017336600743557756	1.0479333376982904	0.0013155558037956131	1.8642425697196705	0.016630101806520067	0.704388645308027	1.7877896446677295	1.2520351807773362	2.4863061094282877	1.31237662827281	0.5128566130537071	0.0063308778007361245	0.22663802047664258	0.5675543590360974	0.06652096317919545	0.006406938274722948	0.0005196928135425734	0.011286455546384726	0.32550024756460116	0.9923495592442808	0.1363370319722984	2.295052076385479	8.42602980952247e-07	0.011273026037269087
344	0.622501737792827	3.5935712851178563	0.0618682363590882	0.003295456486456292	1.3204642914638685	0.4891735081222166	0.6167306047054067	1.2403144094213987	0.8144164777592122	0.005673816297944593	0.0014040061609282553	1.1507958670392113	0.00037335464655675134	0.3048939970593858	0.8934432247731192	0.10621459968644603	2.544713338686364	0.09784876591386697	0.6914226379895229	0.3245710227980856	0.09586214314942279	2.448957917971736	0.00010530983389144593	0.34250482626029716	0.5941981175605162	0.0006067390643311887	0.0017336600743322688	1.0479333376953013	0.0013155558037888173	1.8642425697193534	0.01663010180632646	0.7043886453079793	1.7877896446671506	1.2520351807766472	2.486306109429604	1.3123766282712552	0.5128566130527602	0.006330877800695393	0.2266380204774615	0.5675543590341323	0.06652096317860945	0.006406938274620777	0.0005196928135513799	0.011286455546298431	0.32550024756452256	0.9923495592415413	0.13633703197214234	2.295052076380729	8.426029809448797e-07	0.011273026037258327
345	0.6225017377890892	3.5935712851178523	0.06186823635878742	0.0032954564864292025	1.320464291462496	0.4891735081212526	0.6167306047034057	1.2403144094205278	0.8144164777568352	0.005673816297905094	0.0014040061609174616	1.1507958670371916	0.00037335464655857757	0.3048939970587041	0.893443224773083	0.10621459968536939	2.5447133386818788	0.09784876591384718	0.6914226379895632	0.3245710227980887	0.09586214314936098	2.448957917969659	0.00010530983389197537	0.3425048262605657	0.5941981175604342	0.0006067390643301025	0.001733660074310153	1.0479333376918425	0.0013155558037803014	1.864242569719118	0.0166301018061274	0.7043886453079391	1.7877896446665944	1.2520351807758026	2.486306109430484	1.3123766282699878	0.5128566130520544	0.006330877800659805	0.2266380204780024	0.5675543590317327	0.0665209631780572	0.0064069382745262984	0.0005196928135586712	0.011286455546220346	0.3255002475641936	0.9923495592392049	0.13633703197182417	2.2950520763762534	8.426029809362263e-07	0.01127302603721487
346	0.6225017377852063	3.5935712851178483	0.061868236358523045	0.003295456486400481	1.3204642914612617	0.4891735081204148	0.6167306047014021	1.2403144094198355	0.8144164777545766	0.005673816297870327	0.0014040061609074575	1.150795867035136	0.0003733546465597022	0.3048939970581779	0.8934432247730699	0.10621459968437741	2.544713338677629	0.0978487659136075	0.6914226379896061	0.32457102279809313	0.09586214314920842	2.448957917967742	0.00010530983389213342	0.3425048262607232	0.5941981175603831	0.0006067390643279594	0.001733660074289722	1.0479333376880526	0.0013155558037704837	1.8642425697189586	0.01663010180592797	0.7043886453079065	1.78778964466607	1.252035180774842	2.4863061094309686	1.3123766282689966	0.5128566130515728	0.006330877800629439	0.22663802047829124	0.5675543590290095	0.06652096317754619	0.006406938274440532	0.0005196928135644936	0.01128645554615106	0.32550024756365536	0.992349559237268	0.13633703197137284	2.2950520763721127	8.426029809266502e-07	0.011273026037144095
347	0.6225017377812825	3.5935712851178447	0.06186823635829591	0.0032954564863709756	1.3204642914601736	0.48917350811970456	0.61673060469944	1.240314409419312	0.8144164777524693	0.005673816297840414	0.0014040061608983538	1.1507958670330936	0.0003733546465601959	0.3048939970577974	0.8934432247730772	0.1062145996834802	2.5447133386736756	0.09784876591318296	0.6914226379896504	0.3245710227980986	0.09586214314898078	2.4489579179660037	0.00010530983389196702	0.34250482626078127	0.5941981175603599	0.0006067390643249497	0.0017336600742711929	1.0479333376840598	0.0013155558037597557	1.8642425697188685	0.016630101805732565	0.704388645307881	1.7877896446655845	1.2520351807738017	2.4863061094311	1.3123766282682658	0.5128566130512953	0.006330877800604253	0.22663802047835585	0.5675543590260663	0.06652096317708198	0.006406938274364167	0.0005196928135689196	0.011286455546090892	0.32550024756294804	0.9923495592357188	0.13633703197081626	2.295052076368352	8.426029809164856e-07	0.01127302603705125
348	0.6225017377774087	3.593571285117842	0.061868236358105906	0.0032954564863414337	1.3204642914592357	0.4891735081191199	0.6167306046975565	1.2403144094189456	0.8144164777505387	0.0056738162978153435	0.001404006160890227	1.1507958670311074	0.0003733546465601334	0.3048939970575513	0.8934432247731021	0.10621459968268439	2.544713338670064	0.09784876591260787	0.6914226379896948	0.3245710227981048	0.09586214314869315	2.4489579179644587	0.00010530983389152375	0.3425048262607521	0.5941981175603612	0.0006067390643212561	0.0017336600742547102	1.0479333376799778	0.0013155558037484737	1.8642425697188398	0.016630101805544886	0.7043886453078623	1.7877896446651433	1.2520351807727153	2.486306109430924	1.312376628267776	0.5128566130512003	0.006330877800584091	0.22663802047822523	0.5675543590229967	0.06652096317666831	0.0064069382742975856	0.0005196928135720416	0.011286455546039917	0.3255002475621098	0.9923495592345382	0.1363370319701808	2.295052076365002	8.42602980906033e-07	0.011273026036941344
349	0.6225017377736626	3.59357128511784	0.06186823635795213	0.0032954564863125046	1.320464291458448	0.4891735081186566	0.6167306046957819	1.2403144094187235	0.814416477748803	0.0056738162977950065	0.0014040061608831217	1.1507958670292129	0.0003733546465595914	0.30489399705742665	0.8934432247731414	0.10621459968199362	2.5447133386668277	0.09784876591191514	0.6914226379897386	0.32457102279811156	0.09586214314835996	2.4489579179631145	0.00010530983389085078	0.34250482626064815	0.5941981175603837	0.0006067390643170519	0.0017336600742403562	1.0479333376759077	0.0013155558037369587	1.864242569718865	0.016630101805367982	0.7043886453078498	1.7877896446647499	1.2520351807716126	2.4863061094304855	1.312376628267505	0.5128566130512651	0.006330877800568711	0.2266380204779287	0.5675543590198848	0.06652096317630733	0.006406938274240916	0.0005196928135739686	0.011286455545997998	0.32550024756117674	0.992349559233702	0.13633703196949098	2.295052076362079	8.42602980895559e-07	0.011273026036819084
350	0.6225017377701085	3.5935712851178376	0.061868236357833034	0.003295456486284735	1.3204642914578075	0.4891735081183083	0.6167306046941402	1.2403144094186307	0.8144164777472735	0.005673816297779204	0.0014040061608770536	1.1507958670274392	0.0003733546465586467	0.3048939970574096	0.8934432247731925	0.10621459968140871	2.5447133386639846	0.09784876591113584	0.6914226379897805	0.32457102279811867	0.09586214314799463	2.4489579179619723	0.00010530983388999394	0.34250482626048184	0.594198117560424	0.0006067390643124977	0.0017336600742281555	1.047933337671937	0.0013155558037254928	1.864242569718936	0.016630101805204238	0.7043886453078431	1.7877896446644064	1.2520351807705201	2.4863061094298295	1.3123766282674292	0.5128566130514665	0.0063308778005577975	0.22663802047749518	0.5675543590168042	0.06652096317599979	0.006406938274194051	0.0005196928135748205	0.01128645554596482	0.325500247560182	0.9923495592331817	0.13633703196876923	2.295052076359589	8.426029808852951e-07	0.01127302603668881
351	0.6225017377667978	3.593571285117836	0.061868236357746506	0.0032954564862585733	1.3204642914573081	0.4891735081180669	0.6167306046926492	1.240314409418652	0.8144164777459556	0.005673816297767667	0.0014040061608720149	1.1507958670258085	0.0003733546465573745	0.3048939970574861	0.8934432247732526	0.10621459968092806	2.544713338661545	0.09784876591029867	0.6914226379898202	0.32457102279812583	0.09586214314760946	2.4489579179610304	0.00010530983388899679	0.34250482626026524	0.5941981175604787	0.0006067390643077404	0.001733660074218082	1.0479333376681386	0.0013155558037143196	1.8642425697190452	0.016630101805055447	0.7043886453078413	1.7877896446641135	1.25203518076946	2.486306109429	1.3123766282675238	0.5128566130517815	0.006330877800550986	0.2266380204769527	0.5675543590138177	0.06652096317574514	0.006406938274156683	0.0005196928135747243	0.011286455545939923	0.32550024755915563	0.9923495592329461	0.1363370319680356	2.295052076357528	8.426029808754361e-07	0.011273026036554449
352	0.6225017377637697	3.593571285117835	0.06186823635769001	0.003295456486234371	1.3204642914569416	0.4891735081179234	0.6167306046913209	1.2403144094187712	0.8144164777448493	0.005673816297760068	0.0014040061608679756	1.150795867024337	0.0003733546465558469	0.30489399705764175	0.8934432247733191	0.10621459968054799	2.544713338659506	0.09784876590942972	0.6914226379898569	0.3245710227981329	0.09586214314721556	2.448957917960282	0.00010530983388790006	0.3425048262600099	0.5941981175605449	0.000606739064302911	0.0017336600742100666	1.0479333376645719	0.0013155558037036429	1.8642425697191853	0.01663010180492282	0.704388645307844	1.7877896446638708	1.252035180768451	2.486306109428039	1.3123766282677636	0.5128566130521883	0.006330877800547868	0.22663802047632783	0.5675543590109776	0.06652096317554175	0.0064069382741283355	0.0005196928135738106	0.011286455545922724	0.32550024755812434	0.9923495592329616	0.13633703196730765	2.2950520763558826	8.426029808661422e-07	0.011273026036419479
353	0.6225017377610518	3.5935712851178336	0.061868236357660714	0.003295456486212391	1.3204642914566977	0.4891735081178674	0.6167306046901622	1.2403144094189726	0.8144164777439501	0.005673816297756039	0.0014040061608648886	1.150795867023035	0.0003733546465541318	0.30489399705786246	0.8934432247733898	0.10621459968026316	2.5447133386578584	0.0978487659085522	0.6914226379898902	0.32457102279813976	0.09586214314682266	2.448957917959717	0.00010530983388674117	0.34250482625972656	0.5941981175606195	0.0006067390642981247	0.001733660074204005	1.047933337661283	0.0013155558036936276	1.864242569719349	0.016630101804807063	0.7043886453078503	1.7877896446636767	1.2520351807675083	2.4863061094269847	1.3123766282681237	0.5128566130526655	0.00633087780054801	0.22663802047564535	0.567554359008326	0.06652096317538712	0.006406938274108407	0.0005196928135722102	0.011286455545912556	0.3255002475571112	0.9923495592331938	0.13633703196660046	2.2950520763546325	8.426029808575395e-07	0.011273026036286922
354	0.6225017377586611	3.5935712851178327	0.061868236357655565	0.003295456486192809	1.3204642914565654	0.4891735081178885	0.6167306046891752	1.2403144094192404	0.8144164777432494	0.005673816297755185	0.0014040061608626916	1.150795867021908	0.00037335464655229196	0.3048939970581345	0.8934432247734625	0.10621459968006683	2.544713338656585	0.0978487659076864	0.6914226379899201	0.3245710227981463	0.09586214314643922	2.4489579179593237	0.00010530983388555378	0.3425048262594253	0.5941981175606997	0.0006067390642934796	0.001733660074199764	1.047933337658306	0.0013155558036844024	1.8642425697195293	0.0166301018047084	0.7043886453078598	1.7877896446635289	1.2520351807666434	2.4863061094258727	1.31237662826858	0.5128566130531929	0.006330877800550968	0.22663802047492795	0.567554359005895	0.066520963175278	0.006406938274096186	0.0005196928135700509	0.011286455545908687	0.3255002475561358	0.9923495592336082	0.13633703196592667	2.295052076353751	8.426029808497212e-07	0.011273026036159338
355	0.6225017377566057	3.5935712851178323	0.0618682363576714	0.0032954564861757277	1.3204642914565323	0.48917350811797555	0.6167306046883582	1.2403144094195602	0.8144164777427357	0.0056738162977570915	0.0014040061608613119	1.1507958670209568	0.0003733546465503844	0.3048939970584451	0.8934432247735354	0.10621459967995132	2.544713338655663	0.0978487659068496	0.6914226379899462	0.3245710227981524	0.09586214314607229	2.448957917959086	0.00010530983388436763	0.34250482625911505	0.5941981175607831	0.000606739064289058	0.0017336600741971898	1.0479333376556634	0.001315555803676061	1.8642425697197202	0.016630101804626662	0.7043886453078718	1.7877896446634243	1.2520351807658647	2.4863061094247354	1.3123766282691096	0.5128566130537523	0.0063308778005562935	0.22663802047419598	0.5675543590037078	0.06652096317521058	0.006406938274090898	0.0005196928135674556	0.011286455545910349	0.32550024755521434	0.9923495592341711	0.13633703196529637	2.2950520763532074	8.426029808427514e-07	0.011273026036038837
356	0.6225017377548846	3.5935712851178323	0.06186823635770504	0.0032954564861611803	1.3204642914565856	0.4891735081181178	0.6167306046877061	1.2403144094199177	0.8144164777423948	0.005673816297761343	0.001404006160860669	1.1507958670201783	0.0003733546465484599	0.3048939970587822	0.893443224773607	0.10621459967990818	2.544713338655064	0.0978487659060561	0.6914226379899686	0.3245710227981581	0.09586214314572764	2.4489579179589893	0.00010530983388320838	0.34250482625880374	0.5941981175608673	0.0006067390642849259	0.001733660074196112	1.0479333376533675	0.0013155558036686654	1.864242569719916	0.016630101804561342	0.7043886453078857	1.7877896446633592	1.252035180765177	2.486306109423601	1.312376628269691	0.5128566130543273	0.006330877800563553	0.22663802047346737	0.5675543590017789	0.0665209631751807	0.006406938274091715	0.0005196928135645397	0.011286455545916755	0.32550024755435947	0.9923495592348502	0.13633703196471744	2.295052076352968	8.42602980836667e-07	0.01127302603592708
357	0.6225017377534902	3.5935712851178323	0.06186823635775334	0.0032954564861491405	1.3204642914567128	0.48917350811830473	0.6167306046872107	1.2403144094203	0.8144164777422107	0.005673816297767533	0.001404006160860677	1.150795867019566	0.00037335464654656255	0.3048939970591349	0.8934432247736759	0.10621459967992855	2.5447133386547587	0.09784876590531731	0.691422637989987	0.3245710227981632	0.09586214314540974	2.4489579179590155	0.00010530983388209764	0.3425048262584984	0.5941981175609503	0.000606739064281134	0.0017336600741963517	1.0479333376514215	0.001315555803662249	1.8642425697201117	0.01663010180451164	0.7043886453079009	1.78778964466333	1.2520351807645835	2.486306109422494	1.3123766282703042	0.5128566130549032	0.006330877800572326	0.22663802047275755	0.5675543590001153	0.06652096317518393	0.006406938274097794	0.0005196928135614103	0.011286455545927124	0.32550024755358087	0.9923495592356151	0.13633703196419553	2.2950520763529965	8.426029808314806e-07	0.011273026035825319
358	0.6225017377524084	3.5935712851178323	0.061868236357813244	0.0032954564861395292	1.3204642914569007	0.4891735081185262	0.6167306046868615	1.2403144094206953	0.814416477742166	0.0056738162977752575	0.001404006160861247	1.1507958670191107	0.0003733546465447301	0.3048939970594934	0.8934432247737407	0.10621459968000332	2.544713338654713	0.09784876590464191	0.6914226379900019	0.32457102279816774	0.09586214314512188	2.448957917959148	0.00010530983388105304	0.34250482625820483	0.5941981175610307	0.0006067390642777188	0.0017336600741977245	1.0479333376498199	0.0013155558036568181	1.864242569720303	0.016630101804476508	0.7043886453079169	1.7877896446633321	1.252035180764084	2.4863061094214345	1.3123766282709317	0.5128566130554671	0.006330877800582212	0.22663802047207943	0.5675543589987173	0.06652096317521568	0.006406938274108286	0.0005196928135581645	0.011286455545940686	0.32550024755288515	0.9923495592364369	0.13633703196373426	2.2950520763532563	8.426029808271832e-07	0.011273026035734414
359	0.6225017377516204	3.5935712851178327	0.06186823635788188	0.0032954564861322278	1.3204642914571372	0.4891735081187727	0.6167306046866462	1.2403144094210936	0.8144164777422429	0.005673816297784145	0.001404006160862291	1.150795867018801	0.0003733546465429937	0.30489399705984904	0.8934432247738008	0.10621459968012356	2.5447133386548924	0.09784876590403603	0.6914226379900134	0.3245710227981716	0.0958621431448663	2.448957917959369	0.00010530983388008837	0.34250482625792783	0.5941981175611071	0.0006067390642747036	0.0017336600742000473	1.0479333376485513	0.0013155558036523577	1.8642425697204867	0.016630101804454754	0.7043886453079333	1.7877896446633617	1.252035180763677	2.486306109420439	1.312376628271558	0.5128566130560087	0.006330877800592848	0.22663802047144346	0.5675543589975793	0.0665209631752714	0.006406938274122369	0.0005196928135548887	0.011286455545956718	0.3255002475522762	0.9923495592372906	0.13633703196333546	2.29505207635371	8.426029808237482e-07	0.011273026035654875
360	0.6225017377511037	3.5935712851178336	0.061868236357956574	0.003295456486127082	1.3204642914574105	0.48917350811903537	0.6167306046865515	1.2403144094214855	0.8144164777424234	0.005673816297793844	0.0014040061608637218	1.1507958670186242	0.00037335464654137806	0.3048939970601945	0.8934432247738553	0.10621459968028046	2.544713338655263	0.09784876590350344	0.6914226379900215	0.3245710227981749	0.09586214314464415	2.448957917959662	0.00010530983387921381	0.34250482625767115	0.5941981175611781	0.0006067390642721001	0.0017336600742031412	1.0479333376475983	0.0013155558036488336	1.8642425697206597	0.016630101804445026	0.7043886453079495	1.7877896446634138	1.2520351807633585	2.4863061094195205	1.3123766282721698	0.5128566130565191	0.006330877800603901	0.22663802047085782	0.567554358996691	0.06652096317534664	0.006406938274139247	0.0005196928135516584	0.011286455545974537	0.3255002475517556	0.992349559238153	0.13633703196299937	2.2950520763543216	8.426029808211336e-07	0.011273026035586893
361	0.6225017377508328	3.593571285117834	0.061868236358034887	0.0032954564861239115	1.3204642914577098	0.48917350811930643	0.616730604686563	1.2403144094218632	0.8144164777426894	0.005673816297804032	0.0014040061608654561	1.1507958670185658	0.0003733546465399021	0.3048939970605237	0.8934432247739039	0.10621459968046562	2.5447133386557907	0.09784876590304581	0.6914226379900266	0.32457102279817757	0.09586214314445578	2.448957917960011	0.00010530983387843621	0.34250482625743767	0.5941981175612432	0.0006067390642699091	0.001733660074206834	1.0479333376469386	0.0013155558036461955	1.8642425697208196	0.016630101804445914	0.7043886453079654	1.7877896446634847	1.2520351807631238	2.486306109418689	1.3123766282727554	0.5128566130569914	0.006330877800615075	0.22663802047032844	0.5675543589960379	0.06652096317543713	0.0064069382741581745	0.0005196928135485378	0.011286455545993513	0.3255002475513227	0.9923495592390043	0.13633703196272481	2.2950520763550566	8.426029808192852e-07	0.011273026035530383
362	0.6225017377507801	3.5935712851178354	0.06186823635811461	0.0032954564861225177	1.3204642914580247	0.4891735081195788	0.6167306046866662	1.2403144094222207	0.8144164777430235	0.005673816297814421	0.0014040061608674144	1.1507958670186111	0.0003733546465385789	0.3048939970608317	0.8934432247739466	0.1062145996806712	2.544713338656443	0.09784876590266295	0.691422637990029	0.3245710227981797	0.09586214314430067	2.448957917960401	0.00010530983387775933	0.34250482625722933	0.5941981175613016	0.0006067390642681222	0.0017336600742109635	1.0479333376465467	0.0013155558036443808	1.8642425697209646	0.01663010180445595	0.7043886453079806	1.7877896446635702	1.2520351807629662	2.48630610941795	1.3123766282733058	0.5128566130574205	0.006330877800626107	0.2266380204698592	0.5675543589956021	0.06652096317553878	0.0064069382741784595	0.0005196928135455798	0.011286455546013074	0.32550024755097495	0.9923495592398273	0.1363370319625094	2.2950520763558817	8.42602980818139e-07	0.01127302603548502
363	0.6225017377509173	3.5935712851178363	0.06186823635819382	0.0032954564861226916	1.3204642914583464	0.48917350811984633	0.6167306046868464	1.2403144094225533	0.8144164777434091	0.005673816297824758	0.0014040061608695243	1.1507958670187453	0.0003733546465374168	0.30489399706111453	0.893443224773983	0.10621459968088996	2.5447133386571883	0.09784876590235306	0.691422637990029	0.3245710227981812	0.09586214314417772	2.4489579179608176	0.0001053098338771843	0.34250482625704726	0.5941981175613529	0.0006067390642667238	0.001733660074215381	1.0479333376463953	0.001315555803643318	1.8642425697210938	0.01663010180447369	0.7043886453079949	1.787789644663666	1.2520351807628787	2.486306109417308	1.3123766282738139	0.5128566130578028	0.006330877800636777	0.2266380204694522	0.567554358995364	0.06652096317564792	0.00640693827419948	0.0005196928135428271	0.011286455546032716	0.3255002475507085	0.992349559240608	0.13633703196234984	2.2950520763567672	8.426029808176252e-07	0.011273026035450284
364	0.6225017377512156	3.5935712851178367	0.06186823635827086	0.003295456486124215	1.320464291458667	0.4891735081201039	0.6167306046870891	1.2403144094228562	0.814416477743831	0.005673816297834824	0.001404006160871719	1.150795867018953	0.00037335464653641913	0.3048939970613695	0.8934432247740131	0.10621459968111532	2.5447133386579983	0.097848765902113	0.691422637990027	0.32457102279818223	0.09586214314408525	2.448957917961248	0.0001053098338767098	0.3425048262568918	0.5941981175613971	0.0006067390642656917	0.001733660074219951	1.0479333376464548	0.0013155558036429275	1.8642425697212062	0.0166301018044977	0.7043886453080082	1.7877896446637693	1.2520351807628542	2.4863061094167636	1.312376628274274	0.5128566130581363	0.006330877800646902	0.22663802046910783	0.5675543589953017	0.06652096317576113	0.006406938274220676	0.0005196928135403116	0.011286455546051998	0.32550024755051804	0.9923495592413352	0.13633703196224203	2.2950520763576856	8.42602980817669e-07	0.011273026035425487
365	0.6225017377516469	3.5935712851178376	0.06186823635834434	0.0032954564861268727	1.32046429145898	0.4891735081203472	0.6167306046873805	1.2403144094231275	0.814416477744275	0.005673816297844435	0.001404006160873939	1.1507958670192202	0.0003733546465355853	0.3048939970615948	0.8934432247740371	0.1062145996813415	2.544713338658846	0.09784876590193853	0.6914226379900231	0.32457102279818284	0.09586214314402114	2.448957917961681	0.0001053098338763326	0.3425048262567628	0.5941981175614339	0.0006067390642649986	0.001733660074224554	1.0479333376466953	0.0013155558036431268	1.864242569721302	0.016630101804526592	0.70438864530802	1.7877896446638766	1.2520351807628842	2.486306109416315	1.3123766282746825	0.5128566130584205	0.006330877800656333	0.22663802046882514	0.5675543589953929	0.0665209631758754	0.006406938274241563	0.000519692813538056	0.011286455546070547	0.32550024755039747	0.992349559242	0.13633703196218128	2.295052076358612	8.42602980818194e-07	0.011273026035409826
366	0.6225017377521834	3.5935712851178385	0.061868236358413146	0.0032954564861304523	1.320464291459279	0.4891735081205729	0.6167306046877079	1.2403144094233656	0.8144164777447283	0.0056738162978534476	0.0014040061608761327	1.1507958670195326	0.0003733546465349114	0.30489399706178955	0.8934432247740556	0.10621459968156344	2.544713338659708	0.09784876590182458	0.6914226379900178	0.32457102279818295	0.09586214314398292	2.448957917962107	0.00010530983387604768	0.3425048262566595	0.5941981175614638	0.0006067390642646137	0.0017336600742290844	1.0479333376470872	0.0013155558036438318	1.8642425697213811	0.016630101804559087	0.7043886453080306	1.787789644663985	1.2520351807629613	2.4863061094159593	1.3123766282750378	0.5128566130586557	0.0063308778006649635	0.2266380204686019	0.5675543589956146	0.06652096317598809	0.006406938274261724	0.0005196928135360743	0.011286455546088064	0.32550024755033996	0.9923495592425966	0.13633703196216254	2.2950520763595255	8.426029808191234e-07	0.011273026035402405
367	0.6225017377527994	3.5935712851178394	0.06186823635847641	0.003295456486134752	1.3204642914595597	0.48917350812077837	0.6167306046880592	1.2403144094235694	0.8144164777451799	0.005673816297861742	0.0014040061608782558	1.1507958670198775	0.0003733546465343903	0.3048939970619537	0.8934432247740687	0.10621459968177689	2.544713338660564	0.09784876590176542	0.6914226379900115	0.3245710227981828	0.09586214314396793	2.4489579179625176	0.00010530983387584879	0.3425048262565807	0.594198117561487	0.0006067390642645037	0.0017336600742334537	1.0479333376476012	0.0013155558036449585	1.8642425697214442	0.01663010180459399	0.7043886453080398	1.787789644664092	1.2520351807630765	2.4863061094156915	1.3123766282753393	0.5128566130588437	0.006330877800672709	0.22663802046843495	0.5675543589959444	0.06652096317609696	0.006406938274280821	0.0005196928135343724	0.011286455546104303	0.3255002475503382	0.9923495592431214	0.13633703196218055	2.2950520763604083	8.426029808203822e-07	0.011273026035402265
368	0.6225017377534706	3.5935712851178403	0.06186823635853351	0.0032954564861395795	1.3204642914598184	0.489173508120962	0.6167306046884233	1.2403144094237395	0.8144164777456203	0.005673816297869239	0.0014040061608802715	1.1507958670202427	0.00037335464653401275	0.3048939970620878	0.8934432247740767	0.10621459968197836	2.544713338661395	0.0978487659017549	0.6914226379900043	0.3245710227981823	0.09586214314397337	2.4489579179629057	0.00010530983387572855	0.3425048262565247	0.5941981175615039	0.0006067390642646337	0.0017336600742375893	1.0479333376482098	0.0013155558036464258	1.8642425697214917	0.01663010180463021	0.7043886453080476	1.7877896446641952	1.2520351807632228	2.486306109415506	1.312376628275588	0.5128566130589866	0.006330877800679525	0.2266380204683203	0.5675543589963606	0.06652096317620017	0.006406938274298583	0.0005196928135329496	0.011286455546119087	0.32550024755038465	0.9923495592435724	0.13633703196222996	2.295052076361245	8.426029808218985e-07	0.011273026035408425
369	0.6225017377541749	3.593571285117841	0.06186823635858403	0.003295456486144758	1.3204642914600526	0.4891735081211227	0.6167306046887907	1.2403144094238763	0.8144164777460413	0.00567381629787588	0.0014040061608821509	1.150795867020618	0.00037335464653376744	0.30489399706219295	0.8934432247740804	0.10621459968216507	2.544713338662188	0.09784876590178668	0.6914226379899965	0.3245710227981815	0.09586214314399633	2.4489579179632663	0.00010530983387567893	0.34250482625648965	0.594198117561515	0.0006067390642649681	0.0017336600742414313	1.0479333376488869	0.0013155558036481547	1.864242569721525	0.01663010180466678	0.7043886453080539	1.7877896446642934	1.252035180763393	2.4863061094153953	1.3123766282757852	0.5128566130590874	0.006330877800685386	0.22663802046825332	0.5675543589968424	0.0665209631762962	0.006406938274314802	0.000519692813531799	0.011286455546132288	0.3255002475504718	0.99234955924395	0.13633703196230534	2.295052076362023	8.426029808236044e-07	0.011273026035419895
370	0.6225017377548926	3.5935712851178416	0.061868236358627766	0.0032954564861501284	1.3204642914602605	0.48917350812126015	0.616730604689153	1.2403144094239817	0.8144164777464363	0.005673816297881638	0.001404006160883871	1.1507958670209937	0.00037335464653364184	0.3048939970622708	0.8934432247740802	0.10621459968233496	2.5447133386629295	0.09784876590185432	0.6914226379899885	0.3245710227981806	0.09586214314403392	2.4489579179635954	0.00010530983387569146	0.3425048262564735	0.5941981175615209	0.0006067390642654723	0.0017336600742449367	1.0479333376496083	0.0013155558036500724	1.8642425697215455	0.01663010180470286	0.704388645308059	1.7877896446643846	1.2520351807635792	2.4863061094153514	1.3123766282759337	0.5128566130591495	0.006330877800690294	0.226638020468229	0.5675543589973702	0.06652096317638398	0.006406938274329336	0.0005196928135309086	0.011286455546143832	0.3255002475505922	0.9923495592442557	0.1363370319624016	2.295052076362734	8.426029808254368e-07	0.011273026035435705
371	0.6225017377556061	3.593571285117842	0.06186823635866468	0.003295456486155547	1.3204642914604408	0.4891735081213744	0.6167306046895029	1.240314409424058	0.8144164777468004	0.005673816297886505	0.0014040061608854163	1.1507958670213612	0.0003733546465336225	0.30489399706232345	0.8934432247740767	0.10621459968248659	2.544713338663611	0.09784876590195146	0.6914226379899804	0.3245710227981796	0.09586214314408337	2.44895791796389	0.00010530983387575742	0.34250482625647405	0.5941981175615221	0.000606739064266112	0.0017336600742480744	1.0479333376503523	0.0013155558036521114	1.8642425697215543	0.01663010180473772	0.7043886453080628	1.787789644664468	1.2520351807637762	2.486306109415367	1.312376628276037	0.5128566130591772	0.006330877800694272	0.22663802046824214	0.5675543589979264	0.0665209631764627	0.006406938274342093	0.0005196928135302627	0.011286455546153694	0.3255002475507387	0.9923495592444928	0.1363370319625138	2.2950520763633717	8.426029808273385e-07	0.011273026035454922
372	0.6225017377563005	3.593571285117843	0.061868236358694914	0.003295456486160889	1.3204642914605937	0.48917350812146615	0.6167306046898345	1.2403144094241068	0.8144164777471297	0.0056738162978905	0.0014040061608867767	1.150795867021714	0.00037335464653369535	0.3048939970623531	0.8934432247740702	0.10621459968261915	2.5447133386642258	0.09784876590207203	0.6914226379899724	0.3245710227981784	0.09586214314414196	2.4489579179641474	0.00010530983387586814	0.342504826256489	0.5941981175615192	0.0006067390642668551	0.0017336600742508261	1.0479333376510995	0.0013155558036542113	1.8642425697215526	0.01663010180477078	0.7043886453080654	1.787789644664543	1.2520351807639778	2.4863061094154326	1.312376628276099	0.5128566130591743	0.006330877800697359	0.22663802046828735	0.5675543589984949	0.06652096317653185	0.006406938274353041	0.0005196928135298421	0.011286455546161887	0.3255002475509046	0.9923495592446654	0.13633703196263736	2.2950520763639317	8.42602980829259e-07	0.011273026035476669
373	0.6225017377569632	3.593571285117844	0.061868236358718694	0.003295456486166048	1.3204642914607194	0.4891735081215364	0.6167306046901431	1.2403144094241307	0.8144164777474218	0.005673816297893651	0.0014040061608879475	1.1507958670220462	0.0003733546465338463	0.3048939970623622	0.8934432247740615	0.10621459968273231	2.5447133386647693	0.09784876590221021	0.6914226379899646	0.32457102279817707	0.0958621431442072	2.448957917964368	0.00010530983387601514	0.342504826256516	0.5941981175615128	0.0006067390642676713	0.0017336600742531838	1.0479333376518334	0.0013155558036563176	1.8642425697215421	0.016630101804801546	0.704388645308067	1.7877896446646089	1.2520351807641785	2.4863061094155405	1.3123766282761236	0.5128566130591449	0.006330877800699609	0.2266380204683593	0.5675543589990618	0.06652096317659123	0.006406938274362182	0.0005196928135296256	0.01128645554616846	0.3255002475510837	0.9923495592447784	0.136337031962768	2.295052076364412	8.426029808311538e-07	0.011273026035500124
374	0.622501737757584	3.593571285117844	0.06186823635873638	0.003295456486170937	1.320464291460819	0.4891735081215866	0.616730604690425	1.2403144094241332	0.8144164777476752	0.005673816297896005	0.0014040061608889289	1.1507958670223533	0.0003733546465340616	0.3048939970623534	0.8934432247740509	0.10621459968282627	2.5447133386652396	0.09784876590236061	0.6914226379899573	0.32457102279817573	0.09586214314427677	2.448957917964552	0.00010530983387619032	0.342504826256553	0.5941981175615034	0.0006067390642685329	0.0017336600742551501	1.04793333765254	0.0013155558036583837	1.8642425697215241	0.01663010180482967	0.7043886453080677	1.7877896446646653	1.2520351807643748	2.486306109415683	1.3123766282761156	0.5128566130590934	0.006330877800701086	0.2266380204684528	0.567554358999615	0.06652096317664087	0.006406938274369566	0.0005196928135295901	0.01128645554617349	0.3255002475512702	0.9923495592448375	0.13633703196290195	2.295052076364814	8.426029808329852e-07	0.011273026035524547
375	0.6225017377581554	3.593571285117844	0.06186823635874842	0.003295456486175486	1.3204642914608935	0.4891735081216184	0.6167306046906776	1.240314409424117	0.8144164777478899	0.005673816297897618	0.0014040061608897255	1.1507958670226321	0.0003733546465343277	0.3048939970623292	0.8934432247740389	0.1062145996829016	2.5447133386656358	0.09784876590251829	0.6914226379899503	0.3245710227981744	0.09586214314434857	2.4489579179647	0.00010530983387638604	0.34250482625659767	0.5941981175614919	0.0006067390642694151	0.0017336600742567352	1.0479333376532072	0.0013155558036603704	1.8642425697215002	0.016630101804854903	0.7043886453080673	1.7877896446647126	1.2520351807645629	2.4863061094158523	1.3123766282760796	0.5128566130590237	0.006330877800701863	0.22663802046856288	0.5675543590001442	0.06652096317668103	0.006406938274375268	0.0005196928135297119	0.011286455546177073	0.3255002475514591	0.9923495592448486	0.13633703196303582	2.295052076365139	8.426029808347219e-07	0.011273026035549279
376	0.6225017377586713	3.593571285117844	0.06186823635875531	0.003295456486179642	1.320464291460945	0.48917350812163357	0.6167306046908997	1.2403144094240843	0.8144164777480665	0.005673816297898556	0.0014040061608903448	1.1507958670228804	0.00037335464653463193	0.30489399706229237	0.8934432247740263	0.10621459968295915	2.54471333866596	0.0978487659026788	0.691422637989944	0.3245710227981732	0.09586214314442071	2.4489579179648135	0.0001053098338765952	0.3425048262566481	0.5941981175614787	0.0006067390642702957	0.0017336600742579558	1.047933337653826	0.0013155558036622443	1.8642425697214713	0.01663010180487708	0.7043886453080663	1.787789644664751	1.2520351807647394	2.4863061094160406	1.3123766282760203	0.5128566130589401	0.006330877800702017	0.22663802046868492	0.5675543590006411	0.06652096317671212	0.006406938274379393	0.000519692813529967	0.011286455546179328	0.325500247551646	0.9923495592448182	0.1363370319631667	2.2950520763653905	8.426029808363387e-07	0.011273026035573733
377	0.6225017377591282	3.593571285117844	0.061868236358757586	0.0032954564861833683	1.3204642914609754	0.48917350812163396	0.6167306046910903	1.2403144094240388	0.814416477748206	0.005673816297898889	0.0014040061608907972	1.1507958670230969	0.00037335464653496256	0.30489399706224535	0.893443224774013	0.1062145996830001	2.544713338666214	0.09784876590283831	0.6914226379899382	0.32457102279817196	0.09586214314449157	2.4489579179648953	0.00010530983387681148	0.34250482625670237	0.5941981175614642	0.0006067390642711557	0.0017336600742588353	1.0479333376543896	0.0013155558036639808	1.8642425697214393	0.01663010180489613	0.7043886453080648	1.7877896446647807	1.2520351807649024	2.4863061094162413	1.312376628275942	0.5128566130588462	0.00633087780070163	0.2266380204688146	0.5675543590010994	0.06652096317673467	0.006406938274382065	0.0005196928135303318	0.011286455546180386	0.3255002475518271	0.9923495592447522	0.1363370319632922	2.2950520763655726	8.426029808378166e-07	0.011273026035597416
378	0.6225017377595239	3.593571285117844	0.06186823635875584	0.003295456486186641	1.320464291460987	0.48917350812162164	0.6167306046912496	1.2403144094239829	0.8144164777483106	0.005673816297898692	0.0014040061608910958	1.1507958670232812	0.00037335464653530875	0.30489399706219045	0.8934432247739996	0.10621459968302577	2.5447133386664027	0.09784876590299343	0.6914226379899333	0.3245710227981708	0.0958621431445598	2.448957917964947	0.00010530983387702916	0.34250482625675877	0.5941981175614491	0.0006067390642719791	0.0017336600742594	1.047933337654893	0.0013155558036655603	1.8642425697214051	0.01663010180491207	0.7043886453080628	1.7877896446648025	1.2520351807650503	2.4863061094164487	1.3123766282758487	0.5128566130587453	0.006330877800700785	0.22663802046894804	0.5675543590015142	0.06652096317674935	0.00640693827438342	0.0005196928135307835	0.011286455546180386	0.3255002475519992	0.9923495592446571	0.13633703196341024	2.295052076365691	8.426029808391422e-07	0.011273026035619919
379	0.6225017377598583	3.593571285117844	0.06186823635875065	0.003295456486189451	1.3204642914609819	0.48917350812159854	0.6167306046913784	1.2403144094239194	0.8144164777483828	0.005673816297898041	0.0014040061608912545	1.1507958670234335	0.00037335464653566095	0.30489399706213005	0.8934432247739865	0.1062145996830377	2.5447133386665306	0.09784876590314143	0.6914226379899289	0.32457102279816974	0.09586214314462428	2.448957917964973	0.00010530983387724334	0.3425048262568158	0.5941981175614337	0.0006067390642727534	0.0017336600742596808	1.0479333376553335	0.00131555580366697	1.8642425697213694	0.016630101804924968	0.7043886453080603	1.7877896446648167	1.2520351807651813	2.486306109416657	1.3123766282757447	0.5128566130586406	0.00633087780069956	0.2266380204690819	0.5675543590018824	0.06652096317675692	0.006406938274383609	0.0005196928135313005	0.011286455546179474	0.3255002475521597	0.9923495592445388	0.13633703196351932	2.295052076365752	8.426029808403078e-07	0.011273026035640909
380	0.6225017377601323	3.593571285117844	0.0618682363587426	0.0032954564861917986	1.3204642914609628	0.4891735081215667	0.616730604691478	1.2403144094238505	0.8144164777484252	0.0056738162978970125	0.001404006160891289	1.1507958670235552	0.00037335464653601055	0.30489399706206616	0.8934432247739738	0.10621459968303748	2.5447133386666025	0.09784876590328001	0.6914226379899253	0.32457102279816874	0.09586214314468408	2.448957917964975	0.00010530983387744982	0.3425048262568721	0.5941981175614184	0.0006067390642734679	0.0017336600742597096	1.04793333765571	0.0013155558036682014	1.8642425697213334	0.016630101804934946	0.7043886453080577	1.787789644664824	1.2520351807652954	2.4863061094168613	1.312376628275634	0.512856613058535	0.006330877800698034	0.22663802046921316	0.5675543590022023	0.06652096317675815	0.006406938274382783	0.0005196928135318625	0.011286455546177791	0.3255002475523068	0.9923495592444032	0.13633703196361824	2.2950520763657614	8.426029808413089e-07	0.011273026035660133
381	0.6225017377603482	3.593571285117844	0.06186823635873225	0.003295456486193697	1.3204642914609317	0.489173508121528	0.6167306046915502	1.240314409423779	0.8144164777484411	0.00567381629789568	0.0014040061608912155	1.1507958670236476	0.0003733546465363504	0.3048939970620007	0.8934432247739617	0.10621459968302677	2.544713338666625	0.09784876590340745	0.6914226379899223	0.32457102279816796	0.09586214314473857	2.4489579179649565	0.00010530983387764515	0.34250482625692663	0.5941981175614035	0.0006067390642741153	0.0017336600742595208	1.0479333376560231	0.0013155558036692526	1.864242569721298	0.016630101804942204	0.7043886453080548	1.7877896446648254	1.2520351807653922	2.4863061094170584	1.3123766282755198	0.5128566130584309	0.006330877800696282	0.22663802046933937	0.5675543590024735	0.0665209631767539	0.006406938274381104	0.0005196928135324513	0.01128645554617548	0.325500247552439	0.9923495592442555	0.13633703196370625	2.2950520763657267	8.426029808421469e-07	0.011273026035677418
382	0.622501737760509	3.593571285117844	0.061868236358720144	0.0032954564861951644	1.3204642914608908	0.48917350812148425	0.6167306046915971	1.240314409423706	0.8144164777484337	0.005673816297894114	0.00140400616089105	1.1507958670237124	0.0003733546465366743	0.3048939970619354	0.8934432247739503	0.10621459968300721	2.5447133386666048	0.09784876590352247	0.69142263798992	0.3245710227981672	0.09586214314478725	2.4489579179649206	0.00010530983387782659	0.34250482625697837	0.5941981175613893	0.0006067390642746907	0.0017336600742591472	1.0479333376562745	0.001315555803670125	1.864242569721264	0.016630101804946937	0.7043886453080518	1.7877896446648216	1.2520351807654722	2.486306109417245	1.3123766282754048	0.5128566130583303	0.006330877800694371	0.22663802046945838	0.5675543590026968	0.06652096317674501	0.006406938274378717	0.0005196928135330506	0.011286455546172676	0.3255002475525556	0.9923495592441007	0.13633703196378288	2.2950520763656543	8.42602980842825e-07	0.011273026035692642
383	0.6225017377606188	3.593571285117844	0.06186823635870677	0.0032954564861962287	1.3204642914608429	0.4891735081214369	0.6167306046916212	1.2403144094236338	0.8144164777484064	0.005673816297892379	0.001404006160890809	1.1507958670237524	0.0003733546465369774	0.30489399706187137	0.8934432247739399	0.10621459968298047	2.544713338666547	0.09784876590362425	0.6914226379899183	0.3245710227981665	0.09586214314482985	2.448957917964871	0.00010530983387799204	0.3425048262570266	0.594198117561376	0.0006067390642751913	0.0017336600742586224	1.0479333376564668	0.0013155558036708238	1.8642425697212315	0.016630101804949393	0.7043886453080488	1.7877896446648132	1.2520351807655357	2.486306109417418	1.3123766282752918	0.5128566130582348	0.006330877800692367	0.22663802046956863	0.5675543590028737	0.06652096317673228	0.006406938274375775	0.0005196928135336456	0.011286455546169506	0.32550024755265605	0.9923495592439429	0.13633703196384805	2.295052076365551	8.426029808433503e-07	0.011273026035705756
384	0.6225017377606821	3.593571285117844	0.0618682363586926	0.003295456486196919	1.3204642914607894	0.4891735081213876	0.616730604691625	1.2403144094235636	0.8144164777483623	0.005673816297890537	0.001404006160890508	1.1507958670237697	0.0003733546465372559	0.30489399706181003	0.8934432247739306	0.10621459968294807	2.5447133386664587	0.09784876590371236	0.6914226379899173	0.324571022798166	0.09586214314486628	2.44895791796481	0.00010530983387814009	0.3425048262570707	0.5941981175613636	0.0006067390642756162	0.001733660074257978	1.047933337656604	0.001315555803671357	1.8642425697212013	0.016630101804949816	0.7043886453080458	1.7877896446648012	1.2520351807655832	2.4863061094175753	1.312376628275183	0.512856613058146	0.006330877800690324	0.22663802046966888	0.5675543590030065	0.06652096317671653	0.006406938274372417	0.000519692813534224	0.011286455546166089	0.3255002475527404	0.992349559243786	0.13633703196390184	2.295052076365423	8.426029808437318e-07	0.01127302603571676
385	0.6225017377607038	3.593571285117844	0.06186823635867805	0.003295456486197273	1.3204642914607323	0.48917350812133764	0.6167306046916111	1.2403144094234968	0.8144164777483047	0.005673816297888642	0.0014040061608901607	1.150795867023767	0.00037335464653750713	0.30489399706175235	0.8934432247739224	0.10621459968291147	2.544713338666346	0.09784876590378677	0.6914226379899169	0.32457102279816563	0.09586214314489658	2.4489579179647407	0.00010530983387826987	0.3425048262571103	0.5941981175613525	0.0006067390642759664	0.0017336600742572442	1.0479333376566906	0.0013155558036717354	1.8642425697211737	0.01663010180494848	0.7043886453080429	1.7877896446647863	1.2520351807656163	2.486306109417716	1.31237662827508	0.5128566130580648	0.006330877800688292	0.2266380204697583	0.5675543590030986	0.06652096317669849	0.006406938274368769	0.0005196928135347757	0.011286455546162531	0.3255002475528089	0.9923495592436333	0.13633703196394464	2.2950520763652764	8.42602980843981e-07	0.011273026035725702
386	0.6225017377606892	3.593571285117844	0.06186823635866349	0.0032954564861973285	1.3204642914606737	0.48917350812128835	0.6167306046915824	1.2403144094234344	0.8144164777482369	0.005673816297886742	0.001404006160889782	1.1507958670237473	0.0003733546465377293	0.30489399706169906	0.8934432247739155	0.10621459968287207	2.544713338666214	0.09784876590384768	0.6914226379899167	0.3245710227981653	0.09586214314492092	2.448957917964666	0.00010530983387838101	0.3425048262571452	0.5941981175613428	0.0006067390642762445	0.0017336600742564497	1.047933337656732	0.001315555803671972	1.8642425697211493	0.016630101804945653	0.7043886453080404	1.7877896446647692	1.252035180765636	2.4863061094178396	1.3123766282749842	0.5128566130579921	0.0063308778006863145	0.22663802046983644	0.5675543590031533	0.06652096317667888	0.006406938274364952	0.000519692813535292	0.011286455546158931	0.3255002475528623	0.9923495592434878	0.136337031963977	2.2950520763651174	8.426029808441102e-07	0.011273026035732665
387	0.6225017377606434	3.593571285117844	0.06186823635864923	0.0032954564861971234	1.3204642914606148	0.4891735081212406	0.6167306046915414	1.2403144094233771	0.8144164777481615	0.00567381629788488	0.0014040061608893838	1.150795867023713	0.0003733546465379214	0.3048939970616507	0.8934432247739097	0.10621459968283109	2.544713338666069	0.09784876590389559	0.6914226379899169	0.3245710227981651	0.09586214314493957	2.448957917964588	0.00010530983387847364	0.34250482625717515	0.5941981175613342	0.0006067390642764542	0.0017336600742556196	1.0479333376567326	0.0013155558036720806	1.864242569721128	0.016630101804941594	0.7043886453080379	1.7877896446647505	1.252035180765644	2.486306109417945	1.3123766282748972	0.5128566130579282	0.006330877800684426	0.2266380204699031	0.5675543590031744	0.06652096317665834	0.006406938274361073	0.0005196928135357665	0.011286455546155373	0.3255002475529014	0.9923495592433513	0.13633703196399966	2.295052076364951	8.42602980844133e-07	0.011273026035737762
388	0.6225017377605717	3.5935712851178434	0.06186823635863555	0.0032954564861966983	1.320464291460557	0.4891735081211952	0.6167306046914907	1.2403144094233256	0.8144164777480812	0.005673816297883091	0.0014040061608889779	1.1507958670236673	0.0003733546465380835	0.30489399706160775	0.893443224773905	0.10621459968278962	2.5447133386659155	0.09784876590393124	0.6914226379899174	0.32457102279816497	0.09586214314495291	2.448957917964509	0.00010530983387854825	0.3425048262572003	0.594198117561327	0.0006067390642766001	0.0017336600742547765	1.0479333376566986	0.001315555803672077	1.8642425697211094	0.016630101804936563	0.7043886453080356	1.787789644664731	1.2520351807656416	2.4863061094180323	1.3123766282748195	0.5128566130578734	0.006330877800682657	0.2266380204699584	0.5675543590031662	0.06652096317663744	0.006406938274357224	0.0005196928135361947	0.01128645554615193	0.3255002475529274	0.9923495592432259	0.13633703196401342	2.2950520763647813	8.426029808440635e-07	0.011273026035741143
389	0.622501737760479	3.5935712851178434	0.061868236358622666	0.0032954564861960925	1.3204642914605014	0.4891735081211528	0.6167306046914326	1.24031440942328	0.8144164777479986	0.0056738162978814035	0.001404006160888574	1.1507958670236125	0.000373354646538216	0.3048939970615703	0.8934432247739013	0.10621459968274864	2.5447133386657583	0.0978487659039555	0.6914226379899184	0.3245710227981649	0.09586214314496136	2.4489579179644303	0.00010530983387860563	0.3425048262572207	0.5941981175613211	0.0006067390642766877	0.0017336600742539408	1.047933337656635	0.0013155558036719757	1.864242569721094	0.016630101804930797	0.7043886453080336	1.7877896446647112	1.2520351807656303	2.486306109418103	1.312376628274751	0.5128566130578276	0.006330877800681029	0.22663802047000264	0.5675543590031327	0.06652096317661667	0.006406938274353481	0.0005196928135365733	0.011286455546148658	0.32550024755294144	0.9923495592431126	0.1363370319640192	2.295052076364613	8.42602980843915e-07	0.01127302603574296
390	0.6225017377603704	3.5935712851178434	0.06186823635861076	0.0032954564861953435	1.320464291460449	0.48917350812111393	0.6167306046913694	1.240314409423241	0.8144164777479157	0.005673816297879842	0.0014040061608881806	1.1507958670235512	0.00037335464653832006	0.3048939970615385	0.8934432247738986	0.10621459968270901	2.544713338665601	0.09784876590396939	0.6914226379899195	0.32457102279816485	0.0958621431449654	2.4489579179643544	0.0001053098338786469	0.34250482625723655	0.5941981175613165	0.0006067390642767232	0.00173366007425313	1.0479333376565474	0.0013155558036717925	1.8642425697210814	0.01663010180492453	0.7043886453080318	1.7877896446646915	1.2520351807656112	2.486306109418157	1.312376628274693	0.5128566130577904	0.0063308778006795595	0.2266380204700364	0.567554359003078	0.06652096317659648	0.006406938274349919	0.0005196928135369009	0.011286455546145609	0.3255002475529448	0.9923495592430124	0.13633703196401792	2.295052076364449	8.426029808437024e-07	0.01127302603574339
391	0.6225017377602503	3.593571285117843	0.06186823635859994	0.003295456486194487	1.3204642914604001	0.48917350812107896	0.6167306046913033	1.240314409423208	0.8144164777478342	0.005673816297878423	0.001404006160887805	1.1507958670234852	0.0003733546465383973	0.3048939970615122	0.8934432247738968	0.10621459968267137	2.5447133386654475	0.09784876590397401	0.6914226379899208	0.32457102279816497	0.09586214314496554	2.448957917964282	0.00010530983387867332	0.3425048262572481	0.594198117561313	0.0006067390642767128	0.0017336600742523585	1.047933337656441	0.001315555803671542	1.8642425697210716	0.016630101804917953	0.7043886453080304	1.7877896446646724	1.252035180765586	2.4863061094181953	1.3123766282746445	0.5128566130577616	0.0063308778006782584	0.22663802047006032	0.5675543590030065	0.06652096317657724	0.006406938274346585	0.0005196928135371773	0.011286455546142818	0.32550024755293894	0.9923495592429256	0.1363370319640106	2.295052076364293	8.426029808434383e-07	0.011273026035742609
392	0.622501737760123	3.593571285117843	0.06186823635859031	0.003295456486193557	1.3204642914603557	0.4891735081210483	0.616730604691236	1.2403144094231808	0.8144164777477558	0.005673816297877158	0.0014040061608874528	1.1507958670234169	0.0003733546465384496	0.30489399706149134	0.8934432247738959	0.1062145996826363	2.5447133386653	0.09784876590397051	0.6914226379899222	0.3245710227981651	0.09586214314496229	2.448957917964214	0.00010530983387868633	0.3425048262572557	0.5941981175613107	0.0006067390642766628	0.0017336600742516375	1.0479333376563207	0.0013155558036712393	1.8642425697210647	0.016630101804911264	0.704388645308029	1.787789644664654	1.252035180765556	2.4863061094182197	1.3123766282746057	0.5128566130577409	0.006330877800677131	0.22663802047007525	0.5675543590029218	0.06652096317655923	0.0064069382743435245	0.0005196928135374034	0.011286455546140309	0.3255002475529252	0.9923495592428523	0.1363370319639982	2.295052076364147	8.426029808431361e-07	0.011273026035740798
393	0.6225017377599921	3.593571285117843	0.06186823635858191	0.0032954564861925827	1.3204642914603162	0.48917350812102184	0.6167306046911692	1.2403144094231597	0.814416477747682	0.005673816297876052	0.0014040061608871285	1.150795867023348	0.00037335464653847933	0.3048939970614755	0.8934432247738957	0.10621459968260422	2.544713338665161	0.0978487659039601	0.6914226379899235	0.32457102279816524	0.0958621431449562	2.448957917964152	0.00010530983387868747	0.3425048262572597	0.5941981175613094	0.0006067390642765797	0.0017336600742509757	1.0479333376561908	0.0013155558036708978	1.8642425697210605	0.016630101804904623	0.704388645308028	1.7877896446646369	1.2520351807655228	2.4863061094182313	1.3123766282745757	0.5128566130577273	0.006330877800676177	0.22663802047008208	0.5675543590028276	0.06652096317654267	0.006406938274340766	0.0005196928135375811	0.011286455546138099	0.32550024755290496	0.9923495592427922	0.1363370319639817	2.295052076364013	8.426029808428071e-07	0.011273026035738137
394	0.622501737759861	3.593571285117843	0.06186823635857476	0.0032954564861915918	1.3204642914602815	0.4891735081209996	0.6167306046911043	1.2403144094231442	0.8144164777476135	0.005673816297875111	0.0014040061608868355	1.1507958670232803	0.0003733546465384888	0.3048939970614645	0.8934432247738961	0.1062145996825754	2.5447133386650327	0.09784876590394392	0.6914226379899251	0.32457102279816546	0.0958621431449478	2.448957917964096	0.00010530983387867834	0.34250482625726053	0.5941981175613089	0.00060673906427647	0.0017336600742503799	1.0479333376560556	0.0013155558036705309	1.8642425697210583	0.016630101804898167	0.7043886453080273	1.7877896446646213	1.2520351807654873	2.4863061094182317	1.3123766282745544	0.5128566130577203	0.006330877800675396	0.22663802047008177	0.5675543590027272	0.06652096317652774	0.006406938274338329	0.0005196928135377132	0.0112864555461362	0.32550024755287954	0.992349559242745	0.13633703196396202	2.2950520763638917	8.426029808424621e-07	0.011273026035734802
395	0.6225017377597325	3.593571285117843	0.06186823635856885	0.0032954564861906073	1.3204642914602518	0.4891735081209815	0.6167306046910425	1.2403144094231338	0.8144164777475512	0.005673816297874331	0.001404006160886576	1.1507958670232148	0.0003733546465384806	0.3048939970614578	0.8934432247738973	0.10621459968255004	2.5447133386649163	0.09784876590392311	0.6914226379899266	0.3245710227981657	0.09586214314493757	2.448957917964046	0.00010530983387866052	0.3425048262572586	0.5941981175613092	0.0006067390642763395	0.0017336600742498538	1.0479333376559186	0.0013155558036701495	1.864242569721058	0.016630101804892	0.7043886453080268	1.787789644664607	1.2520351807654506	2.4863061094182224	1.3123766282745408	0.5128566130577192	0.006330877800674782	0.22663802047007525	0.5675543590026235	0.06652096317651453	0.00640693827433622	0.0005196928135378029	0.011286455546134605	0.32550024755285023	0.9923495592427098	0.13633703196393998	2.2950520763637847	8.426029808421109e-07	0.011273026035730955
396	0.6225017377596092	3.593571285117843	0.06186823635856412	0.0032954564861896506	1.3204642914602274	0.4891735081209674	0.6167306046909845	1.240314409423128	0.8144164777474956	0.0056738162978737065	0.0014040061608863506	1.1507958670231526	0.0003733546465384572	0.30489399706145504	0.8934432247738987	0.1062145996825282	2.5447133386648133	0.09784876590389874	0.691422637989928	0.32457102279816596	0.09586214314492597	2.4489579179640035	0.00010530983387863555	0.3425048262572543	0.5941981175613102	0.0006067390642761938	0.0017336600742493995	1.0479333376557831	0.0013155558036697635	1.8642425697210596	0.01663010180488623	0.7043886453080264	1.7877896446645942	1.2520351807654138	2.486306109418205	1.3123766282745342	0.5128566130577232	0.006330877800674322	0.22663802047006354	0.5675543590025194	0.06652096317650308	0.0064069382743344415	0.0005196928135378538	0.01128645554613331	0.32550024755281814	0.9923495592426859	0.1363370319639164	2.295052076363692	8.426029808417619e-07	0.011273026035726746
397	0.6225017377594929	3.593571285117843	0.061868236358560535	0.003295456486188738	1.3204642914602078	0.48917350812095706	0.6167306046909313	1.2403144094231262	0.814416477747447	0.00567381629787323	0.00140400616088616	1.1507958670230949	0.0003733546465384213	0.3048939970614556	0.8934432247739006	0.1062145996825099	2.544713338664723	0.09784876590387181	0.6914226379899293	0.3245710227981662	0.09586214314491345	2.448957917963968	0.00010530983387860499	0.3425048262572481	0.5941981175613118	0.0006067390642760383	0.001733660074249017	1.0479333376556519	0.001315555803669382	1.8642425697210623	0.01663010180488092	0.7043886453080263	1.7877896446645833	1.2520351807653773	2.486306109418181	1.3123766282745337	0.5128566130577313	0.006330877800674008	0.22663802047004758	0.5675543590024171	0.06652096317649343	0.0064069382743329895	0.0005196928135378703	0.011286455546132302	0.32550024755278434	0.9923495592426721	0.136337031963892	2.295052076363614	8.42602980841422e-07	0.01127302603572232
398	0.6225017377593853	3.593571285117843	0.06186823635855801	0.0032954564861878838	1.3204642914601927	0.4891735081209502	0.6167306046908834	1.240314409423128	0.8144164777474053	0.005673816297872892	0.0014040061608860035	1.1507958670230423	0.00037335464653837525	0.3048939970614591	0.8934432247739026	0.10621459968249503	2.5447133386646463	0.09784876590384328	0.6914226379899306	0.3245710227981664	0.0958621431449004	2.4489579179639387	0.00010530983387857023	0.3425048262572403	0.5941981175613138	0.0006067390642758774	0.001733660074248705	1.0479333376555273	0.0013155558036690128	1.8642425697210663	0.016630101804876125	0.7043886453080263	1.7877896446645742	1.2520351807653425	2.4863061094181518	1.3123766282745386	0.512856613057743	0.0063308778006738245	0.2266380204700283	0.5675543590023187	0.06652096317648554	0.00640693827433185	0.0005196928135378566	0.01128645554613156	0.32550024755274976	0.992349559242667	0.1363370319638674	2.2950520763635502	8.426029808410981e-07	0.011273026035717799
399	0.6225017377592875	3.593571285117843	0.061868236358556455	0.0032954564861870993	1.320464291460182	0.4891735081209465	0.616730604690841	1.2403144094231333	0.8144164777473708	0.005673816297872683	0.0014040061608858799	1.150795867022995	0.00037335464653832153	0.30489399706146514	0.8934432247739049	0.10621459968248348	2.544713338664583	0.09784876590381399	0.691422637989932	0.32457102279816663	0.09586214314488718	2.4489579179639156	0.00010530983387853258	0.3425048262572314	0.594198117561316	0.0006067390642757158	0.0017336600742484606	1.0479333376554112	0.0013155558036686626	1.8642425697210712	0.016630101804871882	0.7043886453080264	1.7877896446645667	1.2520351807653094	2.486306109418118	1.312376628274548	0.5128566130577575	0.006330877800673762	0.22663802047000656	0.5675543590022256	0.06652096317647932	0.006406938274331005	0.0005196928135378172	0.011286455546131072	0.32550024755271534	0.9923495592426703	0.13633703196384322	2.2950520763635	8.426029808407948e-07	0.011273026035713295
400	0.6225017377592004	3.593571285117843	0.06186823635855578	0.003295456486186392	1.3204642914601754	0.4891735081209456	0.6167306046908042	1.2403144094231409	0.8144164777473432	0.005673816297872589	0.0014040061608857875	1.1507958670229537	0.0003733546465382623	0.30489399706147324	0.8934432247739073	0.10621459968247504	2.544713338664532	0.09784876590378466	0.6914226379899331	0.32457102279816685	0.09586214314487412	2.4489579179638987	0.00010530983387849329	0.3425048262572216	0.5941981175613187	0.0006067390642755568	0.0017336600742482804	1.0479333376553048	0.0013155558036683367	1.864242569721077	0.016630101804868215	0.7043886453080267	1.7877896446645607	1.252035180765279	2.486306109418082	1.3123766282745613	0.5128566130577743	0.006330877800673803	0.2266380204699832	0.5675543590021395	0.06652096317647471	0.006406938274330434	0.0005196928135377562	0.011286455546130812	0.32550024755268187	0.9923495592426805	0.1363370319638199	2.2950520763634628	8.426029808405159e-07	0.011273026035708907
